Mw,ecp_raw,ecp_edge_corrected,is_edge_touching
7.2000000000000002,0.0033927527483836686,0.011580553794635936,1
7.2000000000000002,0.0034414873931120299,0.011746900775036475,1
7.2000000000000002,0.0034112780894531647,0.011643786728106103,1
7.2000000000000002,0.003371713600431574,0.011508740431646659,1
7.2000000000000002,0.0035564928757264159,0.0033083533035806818,0
7.2000000000000002,0.0035135596616953373,0.0032684155768829882,0
7.2000000000000002,0.003511741189220196,0.0032667239807991988,0
7.2000000000000002,0.0035420722104492568,0.00329493878054448,0
7.2000000000000002,0.0035750951838125185,0.0033256577126042236,0
7.2000000000000002,0.0035869554983890112,0.0033366905228140943,0
7.2000000000000002,0.0035946575163511643,0.0033438551643471168,0
7.2000000000000002,0.0036176828780585166,0.0033652740267299357,0
7.2000000000000002,0.0037375914623965171,0.0034768164858277285,0
7.2000000000000002,0.0037003157854378862,0.0034421415649665116,0
7.2000000000000002,0.0036901133074059133,0.0034326509226170897,0
7.2000000000000002,0.0036123900644383609,0.0033603504972762447,0
7.2000000000000002,0.0041327464359651534,0.0038444011564325066,0
7.2000000000000002,0.0039511217902343512,0.0036754486187186666,0
7.2000000000000002,0.0038258656175773325,0.0035589316771462527,0
7.2000000000000002,0.0036947969059634429,0.0034370077424679614,0
7.2000000000000002,0.0040095364469490682,0.003729787634505446,0
7.2000000000000002,0.0039296607162847387,0.0036554849023889696,0
7.2000000000000002,0.003867531788306908,0.0035976907632452493,0
7.2000000000000002,0.0038626171859590299,0.0035931190569375099,0
7.2000000000000002,0.0043455354613697976,0.004042343708199711,0
7.2000000000000002,0.0040400231049927213,0.003758147212150671,0
7.2000000000000002,0.0039133694756355699,0.0036403303156361147,0
7.2000000000000002,0.0039265244121054277,0.0036525674208544292,0
7.2000000000000002,0.0040593973131680334,0.0037761696651291438,0
7.2000000000000002,0.0039387121336254913,0.0036639047945433299,0
7.2000000000000002,0.0038258481467428897,0.003558915425266982,0
7.2000000000000002,0.0037333640437958756,0.0034728840178651168,0
7.2000000000000002,0.0037763845413979862,0.003512902938283889,0
7.2000000000000002,0.0038396017465488078,0.0035717094245646024,0
7.2000000000000002,0.0037433695741438855,0.0034821914537401725,0
7.2000000000000002,0.0035321586652281023,0.0032857169119147262,0
7.2000000000000002,0.004166398237259809,0.0038757050425570851,0
7.2000000000000002,0.0039886865573552721,0.0037103924596724753,0
7.2000000000000002,0.0037942522862766579,0.0035295240352078683,0
7.2000000000000002,0.0035717502605451634,0.003322546167515155,0
7.2000000000000002,0.0042020045958881059,0.0039088271148661272,0
7.2000000000000002,0.004048431817197491,0.0037659692412601283,0
7.2000000000000002,0.0039165041103529424,0.0036432462441885151,0
7.2000000000000002,0.0038630406912524714,0.0035935130139017443,0
7.2000000000000002,0.0042337466131449871,0.0039383544642306815,0
7.2000000000000002,0.0041833723929712375,0.0038914948967999192,0
7.2000000000000002,0.004090090874675381,0.0038047217104051376,0
7.2000000000000002,0.0041195050744169681,0.0038320836560880424,0
7.2000000000000002,0.0044804445270875395,0.0041678400521672531,0
7.2000000000000002,0.0041527326916225163,0.0038629929538128798,0
7.2000000000000002,0.0041442047358595437,0.0038550600008710129,0
7.2000000000000002,0.0041134711486299604,0.0038264707225019092,0
7.2000000000000002,0.004073333818246018,0.0037891338082404109,0
7.2000000000000002,0.0039829710459480493,0.0037050757244205101,0
7.2000000000000002,0.0040302481877818883,0.0037490542993355198,0
7.2000000000000002,0.0040719057853857927,0.0037878054104632099,0
7.2000000000000002,0.003763609168291767,0.0035010189139663087,0
7.2000000000000002,0.0038061473154405038,0.0035405891379384231,0
7.2000000000000002,0.0038321532465584998,0.0035647806128361026,0
7.2000000000000002,0.0038709957616565914,0.003600913052189833,0
7.2000000000000002,0.0035336731472537823,0.0032871257272246261,0
7.2000000000000002,0.003682461236335905,0.0034255327431385145,0
7.2000000000000002,0.0036896923556033567,0.003432259340984482,0
7.2000000000000002,0.0036417214969659477,0.0033876354504849804,0
7.2000000000000002,0.0038636012729506611,0.0035940344833318657,0
7.2000000000000002,0.0037878010986969698,0.0035235229525438349,0
7.2000000000000002,0.0037016681819963507,0.0034433996036518939,0
7.2000000000000002,0.0035780736704921195,0.0033284283877019817,0
7.2000000000000002,0.0038889104378197286,0.0036175778059621246,0
7.2000000000000002,0.0037202384292197395,0.003460674188726736,0
7.2000000000000002,0.0036633552967179251,0.0034077598413889939,0
7.2000000000000002,0.0036282656845282027,0.0033751184616742872,0
7.2000000000000002,0.0035641225509150626,0.0033154506497578345,0
7.2000000000000002,0.0036149961920458277,0.0033627747931151484,0
7.2000000000000002,0.0036359880200505642,0.0033823020031938369,0
7.2000000000000002,0.0036753753590653472,0.0034189412536301798,0
7.2000000000000002,0.0034521349540798836,0.0032112765240402191,0
7.2000000000000002,0.0035568474398628273,0.0033086831294718102,0
7.2000000000000002,0.0035937748128743682,0.0033430340478524173,0
7.2000000000000002,0.0036593121032182808,0.0034039987449833576,0
7.2000000000000002,0.0035471430714606161,0.0032996558432141195,0
7.2000000000000002,0.0035609039104360779,0.0033124565765981877,0
7.2000000000000002,0.0035525112472330083,0.0033046494767377541,0
7.2000000000000002,0.003554096334976243,0.0033061239715434622,0
7.2000000000000002,0.003776204076755353,0.0035127350648148578,0
7.2000000000000002,0.0036463414239655575,0.0033919330411973873,0
7.2000000000000002,0.0035313025592519777,0.0032849205371901606,0
7.2000000000000002,0.0034483761700027046,0.0032077799935666014,0
7.2000000000000002,0.0038063744567565705,0.0035408004314091673,0
7.2000000000000002,0.0036442873547098578,0.0033900222861234031,0
7.2000000000000002,0.00351576455263673,0.0032704666306837085,0
7.2000000000000002,0.0034139151406133599,0.0031757233398887162,0
7.2000000000000002,0.0037947512954011739,0.0035299882280358306,0
7.2000000000000002,0.0036423027773270522,0.0033881761744144704,0
7.2000000000000002,0.0035636754133961551,0.0033150347094088664,0
7.2000000000000002,0.0033866160187603915,0.0031503289012878312,0
7.2000000000000002,0.0037319592654985094,0.003471577252159888,0
7.2000000000000002,0.0036271421659779942,0.0033740733319813296,0
7.2000000000000002,0.0035471349405258503,0.0032996482795816782,0
7.2000000000000002,0.0034726656358987818,0.0032303747624997702,0
7.2000000000000002,0.0035153099327668159,0.0032700437300338097,0
7.2000000000000002,0.0034730601787301596,0.0032307417777378716,0
7.2000000000000002,0.003509157153019199,0.0032643202350303023,0
7.2000000000000002,0.0035862528707245336,0.0033360369180871377,0
7.2000000000000002,0.0036443343448773393,0.003390065997746414,0
7.2000000000000002,0.0036031851942136695,0.0033517878587778702,0
7.2000000000000002,0.0035364408417183778,0.0032897003172618336,0
7.2000000000000002,0.0034725202849891145,0.0032302395528483012,0
7.2000000000000002,0.003859333469768671,0.0035900644484549399,0
7.2000000000000002,0.0037037317588411557,0.0034453192029622981,0
7.2000000000000002,0.0035950811904363212,0.0033442492783263226,0
7.2000000000000002,0.0034535305234569998,0.0032125747233394978,0
7.2000000000000002,0.0039563640362101438,0.0036803251086761097,0
7.2000000000000002,0.0037301931236773489,0.0034699343355752634,0
7.2000000000000002,0.0035877815158120827,0.0033374589082898766,0
7.2000000000000002,0.0034581300196508762,0.0032168533087210899,0
7.2000000000000002,0.0039720440938122072,0.0036949111551496392,0
7.2000000000000002,0.0038732765697599659,0.0036030347263467338,0
7.2000000000000002,0.0037490863379228026,0.00348750935398478,0
7.2000000000000002,0.0036337182984149188,0.0033801906419922592,0
7.2000000000000002,0.0037565182524858364,0.0034944227374655557,0
7.2000000000000002,0.0038075719478018323,0.0035419143724724662,0
7.2000000000000002,0.0037624202682487373,0.003499912964503615,0
7.2000000000000002,0.0036697918318161749,0.0034137472938878433,0
7.2000000000000002,0.0039082012360014563,0.0036355226685341304,0
7.2000000000000002,0.003970331624342723,0.0036933181661504715,0
7.2000000000000002,0.0040092073501898735,0.003729481499110684,0
7.2000000000000002,0.004015796493970227,0.0037356109126524019,0
7.2000000000000002,0.0039075193356103623,0.0036348883449208351,0
7.2000000000000002,0.0040609206046927672,0.0037775866752917586,0
7.2000000000000002,0.0041978205683305524,0.0039049350105161431,0
7.2000000000000002,0.0042848497634373353,0.0039858921036976342,0
7.2000000000000002,0.0042962023144541622,0.0039964525774488762,0
7.2000000000000002,0.0043709948271049631,0.0040660267520522307,0
7.2000000000000002,0.0044467100677513761,0.0041364592751239387,0
7.2000000000000002,0.0045157279309071124,0.0042006617025028272,0
7.2000000000000002,0.0048709278520082796,0.0045310790190753016,0
7.2000000000000002,0.0046818984531035212,0.0043552383641962461,0
7.2000000000000002,0.0044641036394101018,0.0041526392823020659,0
7.2000000000000002,0.004269994806846809,0.0039720735902271757,0
7.2000000000000002,0.004932601156698628,0.0045884493241608636,0
7.2000000000000002,0.0047681381630189732,0.0044354610552484108,0
7.2000000000000002,0.0046273424278444365,0.0043044887598239169,0
7.2000000000000002,0.0043767719146855762,0.004071400767254916,0
7.2000000000000002,0.0043822229976179117,0.0040764715234345135,0
7.2000000000000002,0.0042948524221091315,0.0039951968682557992,0
7.2000000000000002,0.0043903956017768697,0.0040840739179599413,0
7.2000000000000002,0.0046856987213038511,0.0043587734844100006,0
7.2000000000000002,0.0045874426725610509,0.0042673728448435191,0
7.2000000000000002,0.0045983726866452024,0.004277540262427929,0
7.2000000000000002,0.00481924421360134,0.0044830013926496493,0
7.2000000000000002,0.0051999360736038362,0.0048371320535829385,0
7.2000000000000002,0.0041514073472717549,0.0038617600798793619,0
7.2000000000000002,0.004341626856243043,0.0040387078098202299,0
7.2000000000000002,0.0047747524337889025,0.0044416138426479936,0
7.2000000000000002,0.0050273644075559858,0.0046766008613596975,0
7.2000000000000002,0.0040841063912385126,0.0037991547695337764,0
7.2000000000000002,0.0042533072993916595,0.0039565503845448097,0
7.2000000000000002,0.0046300702247355913,0.0043070262359757574,0
7.2000000000000002,0.0048507809036855698,0.0045123377406952924,0
7.2000000000000002,0.0040426972905033927,0.0037606348174342367,0
7.2000000000000002,0.0042235612698067072,0.0039288797610726092,0
7.2000000000000002,0.004609575547105403,0.0042879614896616505,0
7.2000000000000002,0.0050587428971936316,0.0047057900467402181,0
7.2000000000000002,0.0036351618918478959,0.0033815335146676457,0
7.2000000000000002,0.0042314460182028861,0.003936214383779839,0
7.2000000000000002,0.0047785800580303862,0.004445174410248341,0
7.2000000000000002,0.0055430462916665367,0.0051563031761141971,0
7.2000000000000002,0.0035896890657620274,0.0033392333668363062,0
7.2000000000000002,0.0042288242168407805,0.003933775507757661,0
7.2000000000000002,0.004667412258853065,0.0043417628841996726,0
7.2000000000000002,0.0053655366423590919,0.0049911785279778556,0
7.2000000000000002,0.0036964035535769118,0.0034385022928931819,0
7.2000000000000002,0.0041291760953536512,0.003841079921561606,0
7.2000000000000002,0.0046035659728908846,0.0042823712086178124,0
7.2000000000000002,0.0050759334503426307,0.0047217812001849593,0
7.2000000000000002,0.0036967648303543915,0.003438838363078628,0
7.2000000000000002,0.0041082769636289216,0.0038216389402636031,0
7.2000000000000002,0.004538987601974063,0.0042222985262793484,0
7.2000000000000002,0.0048306108304723566,0.0044935749508683157,0
7.2000000000000002,0.0038898775968632241,0.00361847748548587,0
7.2000000000000002,0.0041441355371300229,0.0038549956301964713,0
7.2000000000000002,0.0044764254968486118,0.0041641014331308141,0
7.2000000000000002,0.0048130334618789348,0.0044772239704259807,0
7.2000000000000002,0.0042531492096248456,0.0039564033248372333,0
7.2000000000000002,0.004344026427767384,0.0040409399611718924,0
7.2000000000000002,0.0046725368091151973,0.0043465298901748011,0
7.2000000000000002,0.0048476648333300046,0.0045094390812531818,0
7.2000000000000002,0.0046812501520076787,0.0043546352956264243,0
7.2000000000000002,0.0046087877041664184,0.004287228615203309,0
7.2000000000000002,0.0048680291183490721,0.0045283825325609902,0
7.2000000000000002,0.0049790899337549916,0.0046316945391881624,0
7.2000000000000002,0.0050756451700924351,0.0047215130334961964,0
7.2000000000000002,0.0050726169545510409,0.0047186960991621781,0
7.2000000000000002,0.0050641463283049885,0.0047108164758074417,0
7.2000000000000002,0.0049677212504532177,0.0046211190587153936,0
7.2000000000000002,0.0052400388208507257,0.0048744367976026517,0
7.2000000000000002,0.0052287427174305097,0.0048639288330505721,0
7.2000000000000002,0.0052084383697552179,0.0048450411372064238,0
7.2000000000000002,0.0050781469553143289,0.0047238402670076677,0
7.2000000000000002,0.0058625737713284259,0.0054535369482213054,0
7.2000000000000002,0.0054933011308823153,0.0051100287780573711,0
7.2000000000000002,0.0053745723538322155,0.0049995838100765026,0
7.2000000000000002,0.0054058086282300849,0.0050286407026970551,0
7.2000000000000002,0.0059992632655183594,0.0055806894986325508,0
7.2000000000000002,0.0055879848134109877,0.0051981062984783662,0
7.2000000000000002,0.0054769526468445434,0.005094820941836456,0
7.2000000000000002,0.0055856186285047878,0.0051959052043317319,0
7.2000000000000002,0.0058730650718657402,0.0054632962616810278,0
7.2000000000000002,0.0055475626673020121,0.005160504440330364,0
7.2000000000000002,0.0054552884889822696,0.0050746683109336582,0
7.2000000000000002,0.0055354716943186773,0.005149257064949426,0
7.2000000000000002,0.0053659037369516325,0.0049915200100643922,0
7.2000000000000002,0.0050641009801845631,0.0047107742916644496,0
7.2000000000000002,0.005123062600778501,0.0047656221091893431,0
7.2000000000000002,0.0051719189198364971,0.0048110696807729912,0
7.2000000000000002,0.0045651942816281503,0.0042466767433147964,0
7.2000000000000002,0.0045634361554832024,0.0042450412831457488,0
7.2000000000000002,0.0046804112132778179,0.0043538548903745596,0
7.2000000000000002,0.004759839847179155,0.0044277417200544065,0
7.2000000000000002,0.0041066359417905483,0.0038201124139327657,0
7.2000000000000002,0.0045901167936608358,0.0042698603902102013,0
7.2000000000000002,0.0046126137328473295,0.00429078769856672,0
7.2000000000000002,0.0046531722439449481,0.0043285164074006195,0
7.2000000000000002,0.0041903312672238614,0.0038979682444003042,0
7.2000000000000002,0.0044805484861725059,0.0041679367579372916,0
7.2000000000000002,0.0047018829377747425,0.0043738285141537063,0
7.2000000000000002,0.0051590802537108769,0.0047991267794445054,0
7.2000000000000002,0.0039275933862896141,0.0036535618117887773,0
7.2000000000000002,0.0040578680422581415,0.003774747092768226,0
7.2000000000000002,0.0045781674831378563,0.0042587447933777074,0
7.2000000000000002,0.0053211522672298138,0.0049498908889420773,0
7.2000000000000002,0.0035012132417061594,0.0032569305772538956,0
7.2000000000000002,0.0039205714027496126,0.0036470297580903682,0
7.2000000000000002,0.0043422074215279374,0.0040392478685649926,0
7.2000000000000002,0.004560844624623926,0.0042426305656273382,0
7.2000000000000002,0.003247606256377314,0.011085122242901705,1
7.2000000000000002,0.0037507739010261614,0.012802594870210682,1
7.2000000000000002,0.0037709471853484703,0.012871452762793709,1
7.2000000000000002,0.0037118233503320771,0.012669644142263166,1
7.2999999999999998,0.0033927031427489029,0.011480587328810687,1
7.2999999999999998,0.0034414370749251961,0.011645498357181107,1
7.2999999999999998,0.0034112282129583125,0.011543274418533237,1
7.2999999999999998,0.0033716643024114114,0.01140939387815241,1
7.2999999999999998,0.003556440876037749,0.0032797947049743332,0
7.2999999999999998,0.0035135082897356836,0.0032402017315122673,0
7.2999999999999998,0.0035116898438485337,0.0032385247377424162,0
7.2999999999999998,0.0035420204216059735,0.0032664959797214185,0
7.2999999999999998,0.0035750429121384261,0.003296949737668906,0
7.2999999999999998,0.0035869030533045711,0.0033078873096834042,0
7.2999999999999998,0.0035946049586550724,0.003314990104097052,0
7.2999999999999998,0.0036176299837072756,0.0033362240730790554,0
7.2999999999999998,0.0037375368148549076,0.003446803667565777,0
7.2999999999999998,0.0037002616829061121,0.0034124280699798326,0
7.2999999999999998,0.0036900593540451629,0.0034030193534165961,0
7.2999999999999998,0.0036123372474736546,0.0033313430448604184,0
7.2999999999999998,0.004132686010839751,0.0038112152480866508,0
7.2999999999999998,0.0039510640206534301,0.0036437211542768729,0
7.2999999999999998,0.0038258096793741792,0.0035282100183908131,0
7.2999999999999998,0.0036947428841235261,0.0034073385640226552,0
7.2999999999999998,0.0040094778232840633,0.003697591101013851,0
7.2999999999999998,0.0039296032604874253,0.0036239297701345318,0
7.2999999999999998,0.003867475240900255,0.0035666345255979314,0
7.2999999999999998,0.0038625607104090633,0.0035621022834928968,0
7.2999999999999998,0.0043454719250437092,0.0040074491063243813,0
7.2999999999999998,0.0040399640355805204,0.0037257058711308907,0
7.2999999999999998,0.0039133122580334318,0.0036089060018645916,0
7.2999999999999998,0.0039264670021642006,0.0036210374730879956,0
7.2999999999999998,0.0040593379604844104,0.0037435727494311817,0
7.2999999999999998,0.0039386545454868803,0.0036322769795073752,0
7.2999999999999998,0.0038257922087951784,0.0035281939068021496,0
7.2999999999999998,0.0037333094580635994,0.0034429051457279519,0
7.2999999999999998,0.0037763293266605182,0.0034825786120249815,0
7.2999999999999998,0.0038395456075089158,0.0035408774648448666,0
7.2999999999999998,0.0037433148421201694,0.0034521322373045542,0
7.2999999999999998,0.0035321070213313386,0.0032573537167505618,0
7.2999999999999998,0.0041663373201094676,0.0038422489106176112,0
7.2999999999999998,0.0039886282385377123,0.0036783633505645921,0
7.2999999999999998,0.0037941968102938556,0.003499056231154454,0
7.2999999999999998,0.0035716980377773879,0.0032938650522768178,0
7.2999999999999998,0.0042019431581351288,0.0038750850642591825,0
7.2999999999999998,0.0040483726248410207,0.0037334603783739906,0
7.2999999999999998,0.0039164468469191274,0.0036117967593347492,0
7.2999999999999998,0.0038629842095104089,0.0035624928397142903,0
7.2999999999999998,0.0042336847112901341,0.0039043575255748985,0
7.2999999999999998,0.0041833112276407798,0.0038579024625771045,0
7.2999999999999998,0.0040900310732194141,0.0037718783257464561,0
7.2999999999999998,0.0041194448428942803,0.0037990040757295233,0
7.2999999999999998,0.0044803790182481743,0.0041318621319806495,0
7.2999999999999998,0.0041526719742769102,0.0038296465560543049,0
7.2999999999999998,0.0041441441432016734,0.0038217820825032531,0
7.2999999999999998,0.0041134110053296516,0.0037934395945009771,0
7.2999999999999998,0.004073274261795946,0.0037564249825602267,0
7.2999999999999998,0.003982912810697313,0.0036730925108062534,0
7.2999999999999998,0.0040301892612893183,0.0037166914507932407,0
7.2999999999999998,0.004071846249815071,0.0037551080518711576,0
7.2999999999999998,0.0037635541403437706,0.003470797173812685,0
7.2999999999999998,0.0038060916655397901,0.0035100258169318841,0
7.2999999999999998,0.0038320972164235583,0.0035340084644892218,0
7.2999999999999998,0.003870939163602983,0.0035698289988746828,0
7.2999999999999998,0.0035336214812136894,0.0032587503707864822,0
7.2999999999999998,0.0036824073948565294,0.0033959626199844013,0
7.2999999999999998,0.003689638408397367,0.0034026311520223246,0
7.2999999999999998,0.0036416682511446648,0.0033583924669891331,0
7.2999999999999998,0.0038635447830123013,0.0035630098076795515,0
7.2999999999999998,0.0037877457170373552,0.0034931069514556063,0
7.2999999999999998,0.0037016140596911086,0.003413675248935751,0
7.2999999999999998,0.0035780213552694001,0.0032996964955514436,0
7.2999999999999998,0.0038888535778346012,0.0035863498979947705,0
7.2999999999999998,0.0037201840353978353,0.0034308007151299985,0
7.2999999999999998,0.0036633017345876011,0.0033783431387195018,0
7.2999999999999998,0.0036282126354451345,0.0033459835282040589,0
7.2999999999999998,0.003564070439672472,0.0032868307849437846,0
7.2999999999999998,0.0036149433369767787,0.0033337464135233491,0
7.2999999999999998,0.0036359348580587802,0.0033531050594544499,0
7.2999999999999998,0.0036753216211889944,0.0033894280299924771,0
7.2999999999999998,0.0034520844802144431,0.0031835559183948678,0
7.2999999999999998,0.0035567954349900576,0.0032801216837193524,0
7.2999999999999998,0.0035937222680843353,0.0033141760757015451,0
7.2999999999999998,0.0036592586002037234,0.0033746145091131195,0
7.2999999999999998,0.0035470912084759796,0.0032711723234330071,0
7.2999999999999998,0.0035608518462534166,0.0032838625574317212,0
7.2999999999999998,0.0035524593057599625,0.0032761228505643379,0
7.2999999999999998,0.0035540443703275374,0.003277584617132932,0
7.2999999999999998,0.0037761488646564688,0.0034824121876850423,0
7.2999999999999998,0.0036462881105960541,0.003362652959738636,0
7.2999999999999998,0.0035312509278723893,0.003256564216547552,0
7.2999999999999998,0.0051466432324925203,0.0047462994073802752,0
7.2999999999999998,0.0038063188035348102,0.0035102352864603619,0
7.2999999999999998,0.0036442340713730204,0.0033607586988181446,0
7.2999999999999998,0.0035157131484392381,0.0032422350800630217,0
7.2999999999999998,0.0034002158642065673,0.0031357220254477959,0
7.2999999999999998,0.0037946958121223302,0.003499516416944644,0
7.2999999999999998,0.0036422495230068355,0.0033589285232437285,0
7.2999999999999998,0.0035636233086911882,0.0032864184351041673,0
7.2999999999999998,0.0034295906823520791,0.0031628118538384125,0
7.2999999999999998,0.0037319047003055781,0.0034416096603769727,0
7.2999999999999998,0.0036270891333219559,0.0033449474203526806,0
7.2999999999999998,0.0035470830776600966,0.0032711648250918829,0
7.2999999999999998,0.0035294076488831525,0.003254864321377237,0
7.2999999999999998,0.0035152585352163472,0.0032418158300056691,0
7.2999999999999998,0.0053071064330622751,0.0048942805981032466,0
7.2999999999999998,0.005284121235480407,0.0048730833585175319,0
7.2999999999999998,0.0017931002179566264,0.001653619673524426,0
7.2999999999999998,0.0036442810608534556,0.0033608020331106275,0
7.2999999999999998,0.0018015662559169524,0.0016614271606842643,0
7.2999999999999998,0.0017681945676058318,0.0016306513681338172,0
7.2999999999999998,0.0051944621566915698,0.0047903986233808343,0
7.2999999999999998,0.0038592770422301091,0.0035590740432151539,0
7.2999999999999998,0.0037036776063642369,0.0034155782777468289,0
7.2999999999999998,0.0035950286265456662,0.0033153808159780218,0
7.2999999999999998,0.0034557797436590466,0.0031869637370263411,0
7.2999999999999998,0.0039563061899820411,0.0036485555490568897,0
7.2999999999999998,0.0037301385843072792,0.0034399809258917127,0
7.2999999999999998,0.003587729058650394,0.0033086490622483808,0
7.2999999999999998,0.0035458723138700509,0.0032700482434289283,0
7.2999999999999998,0.0039719860183250726,0.0036630156848406394,0
7.2999999999999998,0.0038732199383585304,0.0035719323581676447,0
7.2999999999999998,0.0037490315223139515,0.0034574042319990045,0
7.2999999999999998,0.0018168325848044334,0.0016755059620462991,0
7.2999999999999998,0.0037564633282145313,0.0034642579372877241,0
7.2999999999999998,0.0038075162770714859,0.0035113396116837614,0
7.2999999999999998,0.003762365257683717,0.0034697007712042359,0
7.2999999999999998,0.0036697381755768977,0.0033842789059124303,0
7.2999999999999998,0.0039081440939644487,0.0036041398556699239,0
7.2999999999999998,0.0039702735738937041,0.0036614364469524439,0
7.2999999999999998,0.0040091487313366116,0.0036972876082624392,0
7.2999999999999998,0.0040157377787767108,0.0037033641110521998,0
7.2999999999999998,0.0039074622035434603,0.0036035110077092562,0
7.2999999999999998,0.0040608612297370105,0.0037449775275796367,0
7.2999999999999998,0.0041977591917524851,0.0038712265576043852,0
7.2999999999999998,0.0042847871144003572,0.0039514848073080632,0
7.2999999999999998,0.0042961394994308769,0.0039619541201997236,0
7.2999999999999998,0.0043709309185360114,0.0040309277117505623,0
7.2999999999999998,0.0044466450521454988,0.0041007522422741166,0
7.2999999999999998,0.004515661906187054,0.0041644004569723093,0
7.2999999999999998,0.0048708566338895674,0.0044919655220919631,0
7.2999999999999998,0.0046818299987946167,0.0043176427712033711,0
7.2999999999999998,0.0044640383694918035,0.0041167925792634681,0
7.2999999999999998,0.0042699323750050129,0.003937785578975353,0
7.2999999999999998,0.00493252903685095,0.0045488405912203836,0
7.2999999999999998,0.0047680684477942664,0.0043971729583351105,0
7.2999999999999998,0.0046272747712023431,0.0042673312511127695,0
7.2999999999999998,0.0043767079216494925,0.004036255337003628,0
7.2999999999999998,0.0043821589248812277,0.00404128232104734,0
7.2999999999999998,0.0042947896268227008,0.0039607092506273034,0
7.2999999999999998,0.0043903314095480655,0.004048819089651416,0
7.2999999999999998,0.0046856302114310052,0.0043211473753053484,0
7.2999999999999998,0.0045873755992955935,0.0042305357307276794,0
7.2999999999999998,0.0045983054535713754,0.0042406153804194205,0
7.2999999999999998,0.0048191737511521036,0.004444302914713265,0
7.2999999999999998,0.0051998600450368282,0.0047953766242052279,0
7.2999999999999998,0.0041513466493040855,0.0038284243246213216,0
7.2999999999999998,0.0043415633770648972,0.0040038445940010024,0
7.2999999999999998,0.004774682621856559,0.0044032726332132862,0
7.2999999999999998,0.0050272909021693186,0.0046362311805589413,0
7.2999999999999998,0.0040840466772820256,0.0037663594402111552,0
7.2999999999999998,0.0042532451115388781,0.003922396373793987,0
7.2999999999999998,0.0046300025282102206,0.0042698468230856299,0
7.2999999999999998,0.0048507099801365578,0.0044733860234850058,0
7.2999999999999998,0.0040426381819917701,0.0037281720027342682,0
7.2999999999999998,0.00422349951687235,0.0038949646106116102,0
7.2999999999999998,0.0046095081502339026,0.0042509466488070812,0
7.2999999999999998,0.0050586689330202475,0.004665168397013403,0
7.2999999999999998,0.00541855899198369,0.0049970635559387633,0
7.2999999999999998,0.0042313841499851653,0.0039022359188760937,0
7.2999999999999998,0.0047785101901341269,0.0044068024650331487,0
7.2999999999999998,0.0055429652464651247,0.0051117925754658594,0
7.2999999999999998,0.0036429930444780239,0.003359614208137485,0
7.2999999999999998,0.0042287623869565697,0.0038998180958899667,0
7.2999999999999998,0.0046673440163476475,0.0043042836151870193,0
7.2999999999999998,0.0053654581925365605,0.0049480933278576401,0
7.2999999999999998,0.0018481747541230535,0.0017044101065426204,0
7.2999999999999998,0.0041291157224304055,0.0038079226830115211,0
7.2999999999999998,0.0046034986638857174,0.0042454046245779722,0
7.2999999999999998,0.0050758592348251709,0.004681021510505764,0
7.2999999999999998,0.0036967107797413381,0.0034091533822221448,0
7.2999999999999998,0.0041082168962730935,0.0037886495215110005,0
7.2999999999999998,0.0045389212371730039,0.0041858505058464399,0
7.2999999999999998,0.0048305402018311546,0.0044547851991236934,0
7.2999999999999998,0.0038898207227372082,0.0035872418112420528,0
7.2999999999999998,0.004144074945483911,0.0038217182674937468,0
7.2999999999999998,0.0044763600467717215,0.0041281557857127489,0
7.2999999999999998,0.0048129630902374598,0.0044385753647574961,0
7.2999999999999998,0.0042530870240835034,0.0039222505835454962,0
7.2999999999999998,0.0043439629135049633,0.0040060574768197637,0
7.2999999999999998,0.0046724684916834326,0.0043090094710800048,0
7.2999999999999998,0.0048475939553412374,0.0044705123860535158,0
7.2999999999999998,0.0046811817071776224,0.0043170449084842062,0
7.2999999999999998,0.0046087203188140153,0.0042502201007188585,0
7.2999999999999998,0.0048679579426129122,0.0044892923123769964,0
7.2999999999999998,0.0049790171341922065,0.0045917125018801359,0
7.2999999999999998,0.0050755709587899378,0.0046807556587042335,0
7.2999999999999998,0.0050725427875242595,0.0046779630409076491,0
7.2999999999999998,0.0050640722851277246,0.0046701514365883384,0
7.2999999999999998,0.0049676486171126117,0.004581228311809021,0
7.2999999999999998,0.0052399622059391233,0.0048323593436064051,0
7.2999999999999998,0.0052286662676798911,0.0048219420866403269,0
7.2999999999999998,0.0052083622168756444,0.0048032174344842951,0
7.2999999999999998,0.0050780727074330846,0.004683062802907938,0
7.2999999999999998,0.0058624880542971968,0.0054064605454318638,0
7.2999999999999998,0.0054932208130077853,0.0050659176305020348,0
7.2999999999999998,0.0053744937718980231,0.0049564260532927147,0
7.2999999999999998,0.0054057295895885123,0.0049852321189740173,0
7.2999999999999998,0.0059991755499421056,0.005532515480710821,0
7.2999999999999998,0.0055879031111608418,0.0051532348419955571,0
7.2999999999999998,0.0054768725680021469,0.0050508410724278141,0
7.2999999999999998,0.0055855369608507699,0.0051510527482876494,0
7.2999999999999998,0.0058729792014405964,0.0054161356138638641,0
7.2999999999999998,0.0055474815560664099,0.0051159575732354348,0
7.2999999999999998,0.0054552087268927825,0.0050308624044739523,0
7.2999999999999998,0.0055353907598658927,0.0051048072882343351,0
7.2999999999999998,0.0053658252817617904,0.0049484318621786441,0
7.2999999999999998,0.0050640269376703365,0.0046701096165902532,0
7.2999999999999998,0.0051229876961829991,0.0047244839729514215,0
7.2999999999999998,0.0051718433009099191,0.0047695392288313364,0
7.2999999999999998,0.004565127533657707,0.0042100182835330116,0
7.2999999999999998,0.0045633694332184241,0.0042083969410975372,0
7.2999999999999998,0.0046803427807139333,0.0043162712399010981,0
7.2999999999999998,0.0047597702532846059,0.0043895202585258692,0
7.2999999999999998,0.004106575898428195,0.0037871361725674438,0
7.2999999999999998,0.0045900496812968988,0.0042330018029313925,0
7.2999999999999998,0.0046125462915543392,0.0042537484611141173,0
7.2999999999999998,0.004653104209643614,0.0042911514855507801,0
7.2999999999999998,0.0041902700001473,0.0038643199304939152,0
7.2999999999999998,0.0044804829758131491,0.0041319580029603809,0
7.2999999999999998,0.0047018141912715285,0.0043360724459691122,0
7.2999999999999998,0.0051590048224991816,0.0047576994218503817,0
7.2999999999999998,0.0039275359607188528,0.0036220232801714223,0
7.2999999999999998,0.0040578087119340772,0.0037421624570988209,0
7.2999999999999998,0.0045781005454854813,0.0042219821589307392,0
7.2999999999999998,0.0053210744663538066,0.0049071620948651197,0
7.2999999999999998,0.0067487208232020575,0.02283703451453686,1
7.2999999999999998,0.0039205140798476805,0.0036155476129234713,0
7.2999999999999998,0.0043421439338613126,0.0040043799908129254,0
7.2999999999999998,0.0045607779402500707,0.0042060070335433733,0
7.2999999999999998,0.0037507190607433522,0.012692079416005008,1
7.2999999999999998,0.0037708920501109008,0.01276034290867524,1
7.2999999999999998,0.0037117690795475293,0.012560276354623144,1
7.4000000000000004,0.0052103645706220976,0.017029171816689177,1
7.4000000000000004,0.005214714333258084,0.017043388260526461,1
7.4000000000000004,0.0051907007353697784,0.016964903985801704,1
7.4000000000000004,0.005183777720117121,0.016942277312633425,1
7.4000000000000004,0.0035647201406317354,0.0031751458329129329,0
7.4000000000000004,0.0035491883699252896,0.0031613114686176226,0
7.4000000000000004,0.0035521292567124644,0.0031639309574018702,0
7.4000000000000004,0.0035787994136672382,0.003187686437320997,0
7.4000000000000004,0.0036552421637706593,0.0032557750585512366,0
7.4000000000000004,0.003642538309676915,0.0032444595589337724,0
7.4000000000000004,0.0036412884561664049,0.0032433462970200494,0
7.4000000000000004,0.0036139477520553032,0.0032189935514180101,0
7.4000000000000004,0.0039339838175791826,0.0035040541283332888,0
7.4000000000000004,0.0038245666186934326,0.0034065947067278869,0
7.4000000000000004,0.0037568576909900197,0.0033462854226418729,0
7.4000000000000004,0.0036524931540194913,0.0032533264773129604,0
7.4000000000000004,0.0020657509005590899,0.0018399930723829402,0
7.4000000000000004,0.0039392045488874016,0.0035087043063568328,0
7.4000000000000004,0.0038455402154022539,0.0034252761811673946,0
7.4000000000000004,0.0037775690350673238,0.0033647333050132013,0
7.4000000000000004,0.0040083289185271313,0.0035702743442716255,0
7.4000000000000004,0.0039836418193245132,0.00354828520148691,0
7.4000000000000004,0.0038892789679211915,0.0034642348966677661,0
7.4000000000000004,0.0038933978941357913,0.0034679036815626284,0
7.4000000000000004,0.0043442267421082157,0.0038694632098073625,0
7.4000000000000004,0.0039881661650139257,0.003552315099149465,0
7.4000000000000004,0.00386844342394731,0.0034456763877202955,0
7.4000000000000004,0.0038287907862571114,0.0034103572315568246,0
7.4000000000000004,0.0058750664988018193,0.0052330034829749924,0
7.4000000000000004,0.0038879856656506492,0.003463082934338885,0
7.4000000000000004,0.0037834690721348474,0.0033699885501292065,0
7.4000000000000004,0.0036316672972203979,0.0032347765968668714,0
7.4000000000000004,0.0039701953488287802,0.003536308243106568,0
7.4000000000000004,0.0039129653522644511,0.0034853326888021428,0
7.4000000000000004,0.0037676758996711187,0.0033559213516512363,0
7.4000000000000004,0.0035508847417295587,0.0031628224505889707,0
7.4000000000000004,0.0020825717338492492,0.0018549756226590771,0
7.4000000000000004,0.0040173489415290054,0.0035783086042744604,0
7.4000000000000004,0.0038542170968225513,0.0034330048001886501,0
7.4000000000000004,0.0037162759298485144,0.0033101386832914219,0
7.4000000000000004,0.0042007391029699652,0.00374165677297342,0
7.4000000000000004,0.0041146625431450834,0.0036649871833682695,0
7.4000000000000004,0.004002091843041301,0.0035647188943464911,0
7.4000000000000004,0.0039900708547425711,0.0035540116327948323,0
7.4000000000000004,0.0042324715606708941,0.0037699213146098745,0
7.4000000000000004,0.0041667972745182847,0.0037114243140655249,0
7.4000000000000004,0.0041159078681680117,0.0036660964116950888,0
7.4000000000000004,0.0041152483731000831,0.0036655089902611054,0
7.4000000000000004,0.0044790951780590534,0.0039895924024246823,0
7.4000000000000004,0.0040666267778520088,0.0036222010587963526,0
7.4000000000000004,0.0040859955359556343,0.0036394530811586254,0
7.4000000000000004,0.0040914558961829359,0.0036443166999948714,0
7.4000000000000004,0.0058759370855121975,0.0052337789266722794,0
7.4000000000000004,0.0038933862792968638,0.0034678933360639732,0
7.4000000000000004,0.0039300167806575505,0.0035005206333452361,0
7.4000000000000004,0.0039702547151366872,0.0035363611215031127,0
7.4000000000000004,0.0036475423180545798,0.0032489166988273377,0
7.4000000000000004,0.003743176625873462,0.0033340995075683412,0
7.4000000000000004,0.0037597901461630594,0.003348897401270084,0
7.4000000000000004,0.003755227348958068,0.003344833254307544,0
7.4000000000000004,0.0036975233133680926,0.0032934354668466459,0
7.4000000000000004,0.0037340062801125905,0.0033259313529923015,0
7.4000000000000004,0.0036945672625902804,0.0032908024712849284,0
7.4000000000000004,0.0036088104121843154,0.0032144176513080134,0
7.4000000000000004,0.0038750884662922145,0.0034515952194037313,0
7.4000000000000004,0.0037528891879874244,0.003342750621795107,0
7.4000000000000004,0.0036814026990358377,0.0032790766113399736,0
7.4000000000000004,0.0036020845321692416,0.0032084268163868885,0
7.4000000000000004,0.0037253942013938061,0.0033182604546390239,0
7.4000000000000004,0.0036665127559786554,0.0032658139318629963,0
7.4000000000000004,0.0036485725083162637,0.0032498343036286817,0
7.4000000000000004,0.0036507207245682857,0.0032517477497371315,0
7.4000000000000004,0.0035070722300708772,0.0031237980367964597,0
7.4000000000000004,0.0035848418650500525,0.0031930685328493496,0
7.4000000000000004,0.0036137927439662655,0.0032188554835561418,0
7.4000000000000004,0.0036662392588800055,0.0032655703241914729,0
7.4000000000000004,0.0034985850471484494,0.003116238384866942,0
7.4000000000000004,0.0035578038695717401,0.0031689854140387751,0
7.4000000000000004,0.0035720669276609247,0.0031816897183515516,0
7.4000000000000004,0.0036056180092793183,0.0032115741336177337,0
7.4000000000000004,0.0036605708094938965,0.0032605213574458843,0
7.4000000000000004,0.0036025373854356672,0.0032088301790928193,0
7.4000000000000004,0.003540840208049643,0.0031538756446689731,0
7.4000000000000004,0.0035001818058364169,0.0031176606400494678,0
7.4000000000000004,0.0037901474665488887,0.0033759370889647222,0
7.4000000000000004,0.0036442165515227229,0.0032459543922988376,0
7.4000000000000004,0.0035224723941440447,0.0031375151772321821,0
7.4000000000000004,0.0034301123174263573,0.0030552487716944631,0
7.4000000000000004,0.0037994182829936256,0.0033841947341769463,0
7.4000000000000004,0.0036421978363511539,0.0032441562946047765,0
7.4000000000000004,0.0035386539464454469,0.0031519283110359349,0
7.4000000000000004,0.0033992415417752786,0.0030277517422502547,0
7.4000000000000004,0.0037622218929565204,0.003351063391977166,0
7.4000000000000004,0.0036336278237428599,0.0032365228651214692,0
7.4000000000000004,0.0035543344165727417,0.0031658951239745721,0
7.4000000000000004,0.0034286079426480709,0.0030539088041458273,0
7.4000000000000004,0.0036225432904921102,0.003226649717111969,0
7.4000000000000004,0.0035490320093415719,0.0031611721960699223,0
7.4000000000000004,0.0035270834958555813,0.0031416223496908667,0
7.4000000000000004,0.0035283963069040539,0.0031427916887597175,0
7.4000000000000004,0.0035787440249215553,0.003187637101794474,0
7.4000000000000004,0.0035370571309492893,0.003150506005253564,0
7.4000000000000004,0.003521738056791149,0.0031368610927335356,0
7.4000000000000004,0.0035283236533364577,0.0031427269752160735,0
7.4000000000000004,0.0037507039896536136,0.0033408042352317956,0
7.4000000000000004,0.0036523581860057669,0.0032532062594250342,0
7.4000000000000004,0.0035646871368821566,0.0031751164360139307,0
7.4000000000000004,0.0034619824653055993,0.003083635955888721,0
7.4000000000000004,0.0039066718492499607,0.0034797269780920325,0
7.4000000000000004,0.0037158430256234356,0.0033097530894742127,0
7.4000000000000004,0.0035903497429451417,0.0031979744763335092,0
7.4000000000000004,0.0034547894995521108,0.0030772290812008168,0
7.4000000000000004,0.0039630101890750936,0.0035299083213313092,0
7.4000000000000004,0.003800589900677932,0.0033852383103516056,0
7.4000000000000004,0.0036673291262778237,0.0032665410842483895,0
7.4000000000000004,0.0035448562539868366,0.0031574527926691545,0
7.4000000000000004,0.0038631173904003992,0.0034409324155274513,0
7.4000000000000004,0.0038392676608783403,0.003419689129569344,0
7.4000000000000004,0.0037546222050350939,0.0033442942441946752,0
7.4000000000000004,0.0036506552876002601,0.0032516894641191449,0
7.4000000000000004,0.0038312055750833228,0.003412508117566505,0
7.4000000000000004,0.0038877805734208008,0.0034629002558358682,0
7.4000000000000004,0.003884643541613793,0.0034601060579530661,0
7.4000000000000004,0.0038416368512606113,0.0034217994004104961,0
7.4000000000000004,0.0039066833785931917,0.0034797372474384821,0
7.4000000000000004,0.0040144167521065765,0.0035756968623540169,0
7.4000000000000004,0.0041022781281856782,0.0036539562126328071,0
7.4000000000000004,0.0041490732003880166,0.0036956372346043619,0
7.4000000000000004,0.0041006254918224032,0.0036524841864273381,0
7.4000000000000004,0.0042146880208019403,0.0037540812681877891,0
7.4000000000000004,0.0043209636069110767,0.0038487424115770147,0
7.4000000000000004,0.0043989636381566695,0.0039182181247904048,0
7.4000000000000004,0.0045821846779936001,0.0040814156545233016,0
7.4000000000000004,0.0045250834368909471,0.0040305547845002447,0
7.4000000000000004,0.0044540650450005763,0.0039672977146111817,0
7.4000000000000004,0.0043915383967511974,0.0039116043589471254,0
7.4000000000000004,0.0024347304517109984,0.0021686482930035533,0
7.4000000000000004,0.0023402442166926976,0.0020844880886816447,0
7.4000000000000004,0.0045443540250563325,0.0040477193655324767,0
7.4000000000000004,0.0043220813129219767,0.0038497379678739826,0
7.4000000000000004,0.004931115634327252,0.0043922133127598821,0
7.4000000000000004,0.0047667021709965167,0.0042457679531314957,0
7.4000000000000004,0.0023129744192211866,0.0020601985006101662,0
7.4000000000000004,0.0045298706726035684,0.004034818841964629,0
7.4000000000000004,0.0067252232466902713,0.0059902499283866779,0
7.4000000000000004,0.0066679100914862699,0.0059392003035247309,0
7.4000000000000004,0.0069051496518922157,0.0061505128812048239,0
7.4000000000000004,0.0023421437785406929,0.0020861800548523618,0
7.4000000000000004,0.0043681090959805146,0.0038907355547282028,0
7.4000000000000004,0.0044686535680010355,0.0039802919150493275,0
7.4000000000000004,0.0024088964151356643,0.0021456375571411428,0
7.4000000000000004,0.0051983700395537135,0.0046302605303829864,0
7.4000000000000004,0.0041165167487274765,0.003666638750082074,0
7.4000000000000004,0.0042961728350270779,0.003826660926092372,0
7.4000000000000004,0.0047733144497855646,0.0042516576018598205,0
7.4000000000000004,0.0050258503458957722,0.0044765948386026625,0
7.4000000000000004,0.0040621780901263158,0.0036182385507348741,0
7.4000000000000004,0.0042371578203667512,0.0037740954313310294,0
7.4000000000000004,0.0046286758138190413,0.0041228259561346299,0
7.4000000000000004,0.0048493200226367786,0.0043193568232281279,0
7.4000000000000004,0.0038377734434133057,0.0034183582092809617,0
7.4000000000000004,0.0042262304716888643,0.0037643622898078269,0
7.4000000000000004,0.0046081873084499268,0.004104576559301523,0
7.4000000000000004,0.005057219385458933,0.0045045356786467842,0
7.4000000000000004,0.0036113375459490065,0.0032166686045176948,0
7.4000000000000004,0.0042288611527005566,0.0037667054739912889,0
7.4000000000000004,0.0047771409212840517,0.0042550658932694867,0
7.4000000000000004,0.0055413769251375479,0.0049357815363683111,0
7.4000000000000004,0.0036419491549186498,0.0032439347905924031,0
7.4000000000000004,0.0041777415912904025,0.003721172569306372,0
7.4000000000000004,0.0046660066018565441,0.0041560770085035349,0
7.4000000000000004,0.0053639207353632793,0.0047777188388050396,0
7.4000000000000004,0.0036954709135268746,0.0032916073657486005,0
7.4000000000000004,0.0041174861169367806,0.0036675021798350162,0
7.4000000000000004,0.0046021795441033983,0.0040992253599990668,0
7.4000000000000004,0.0050744047614305213,0.0045198429321619401,0
7.4000000000000004,0.0037921788014522971,0.0033777464272295383,0
7.4000000000000004,0.0041249635852015822,0.0036741624648686439,0
7.4000000000000004,0.0067595234850607892,0.006020801627996614,0
7.4000000000000004,0.0048291560239254426,0.0043013964689906673,0
7.4000000000000004,0.0040702872095880437,0.0036254614562791329,0
7.4000000000000004,0.0042428028176336148,0.0037791235089476671,0
7.4000000000000004,0.004573103483497932,0.0040733269082197333,0
7.4000000000000004,0.0048115839490043555,0.0042857447773402141,0
7.4000000000000004,0.0044658543206599387,0.0039777985864906376,0
7.4000000000000004,0.004475058932876746,0.0039859972626758028,0
7.4000000000000004,0.0023355648043940631,0.0020803200710324786,0
7.4000000000000004,0.0048462048907297267,0.0043165821318909567,0
7.4000000000000004,0.0023399201637672833,0.0020841994502317301,0
7.4000000000000004,0.0023036998513904748,0.0020519375139862531,0
7.4000000000000004,0.0048665630427572925,0.0043347154211888584,0
7.4000000000000004,0.0049775904106330697,0.0044336090427194389,0
7.4000000000000004,0.0050741165679999874,0.0045195862342631062,0
7.4000000000000004,0.0050710892644483911,0.0045168897728642843,0
7.4000000000000004,0.0050626211892508405,0.0045093471404512031,0
7.4000000000000004,0.004966225151170533,0.0044234858479667493,0
7.4000000000000004,0.0052384607092929563,0.0046659698477878268,0
7.4000000000000004,0.0052271680078535216,0.0046559112814759714,0
7.4000000000000004,0.0052068697751187559,0.0046378313631259523,0
7.4000000000000004,0.0050766175997739946,0.0045218139380664721,0
7.4000000000000004,0.0058608081745946776,0.005220303395196824,0
7.4000000000000004,0.0054916467458097354,0.0048914861736376108,0
7.4000000000000004,0.0053729537256045198,0.0047857646489084197,0
7.4000000000000004,0.0054041805927580282,0.004813578854008912,0
7.4000000000000004,0.0059974565028165748,0.0053420179626274605,0
7.4000000000000004,0.0055863019130126933,0.0049757968482071107,0
7.4000000000000004,0.0054753031853483902,0.004876928736911426,0
7.4000000000000004,0.0055839364407164341,0.0049736898891169076,0
7.4000000000000004,0.0058712963155289431,0.0052296453282711357,0
7.4000000000000004,0.0055458919406028342,0.0049398031234704053,0
7.4000000000000004,0.0054536455519526485,0.0048576379814763981,0
7.4000000000000004,0.0055338046089864557,0.0049290367690025391,0
7.4000000000000004,0.0053642877194001086,0.0047780457165932854,0
7.4000000000000004,0.0050625758547876406,0.0045093067604139942,0
7.4000000000000004,0.0051215197182583761,0.0045618088798206882,0
7.4000000000000004,0.0051703613235471787,0.0046053127772901926,0
7.4000000000000004,0.0065019139346275236,0.0057913452167475104,0
7.4000000000000004,0.0068630971707293901,0.0061130561510660776,0
7.4000000000000004,0.0046790016414629309,0.0041676518711090023,0
7.4000000000000004,0.0047584063543114922,0.0042383787537725254,0
7.4000000000000004,0.0041472342301900828,0.0036939992382594971,0
7.4000000000000004,0.0045339667605592696,0.0040384672845044925,0
7.4000000000000004,0.0069837686089850503,0.0062205398802828039,0
7.4000000000000004,0.0046517708755296526,0.0041433970489717581,0
7.4000000000000004,0.0040577399130343585,0.0036142854046411223,0
7.4000000000000004,0.0042679225319651216,0.0038014979880475921,0
7.4000000000000004,0.0023502334497236721,0.0020933856375441127,0
7.4000000000000004,0.0051575265239668438,0.0045938806427056932,0
7.4000000000000004,0.0037132846690793204,0.0033074743257004279,0
7.4000000000000004,0.0039880183127499044,0.0035521834050805138,0
7.4000000000000004,0.0066882663060120456,0.0059573318670628284,0
7.4000000000000004,0.0053195497272142409,0.0047381969644170003,0
7.4000000000000004,0.0050600902469670282,0.016538026285033338,1
7.4000000000000004,0.0057517762274980899,0.018798681800785901,1
7.4000000000000004,0.006083033411998829,0.019881338385352356,1
7.4000000000000004,0.0082701765443786348,0.027029635915047198,1
7.5,0.0052095337186444683,0.017110854957570393,1
7.5,0.0052138827876612578,0.017125139592849826,1
7.5,0.0051898730190146547,0.017046278855773395,1
7.5,0.0051829511077156323,0.017023543650155494,1
7.5,0.0035641517054026081,0.003190375926729595,0
7.5,0.0035486224114139107,0.0031764752036976475,0
7.5,0.00355156282924319,0.0031791072572779815,0
7.5,0.0035782287333376603,0.0032029766841484824,0
7.5,0.0036546592937738826,0.0032713919033190235,0
7.5,0.0036419574654543729,0.0032600221271014201,0
7.5,0.0036407078112472408,0.0032589035252492244,0
7.5,0.0036133714669228244,0.0032344339678156251,0
7.5,0.003933356499050797,0.0035208618832905537,0
7.5,0.0038239567479836875,0.0034229349820125705,0
7.5,0.0037562586172400119,0.0033623364148186361,0
7.5,0.0036519107223836312,0.0032689315770699852,0
7.5,0.0040692663654615779,0.0036425187603939405,0
7.5,0.0039385763978539434,0.0035255343666352659,0
7.5,0.0038449270002136209,0.0034417060651262361,0
7.5,0.0037769666586575973,0.0033808727854024801,0
7.5,0.00417561187524919,0.0037377117214084481,0
7.5,0.0039830065822621368,0.003565305117846891,0
7.5,0.0038886587780902785,0.0034808516523242468,0
7.5,0.003892777047495178,0.0034845380351314829,0
7.5,0.0042005308259630472,0.0037600173994625954,0
7.5,0.0039875302064930956,0.0035693543455568525,0
7.5,0.0038678265565812039,0.0034622041245262283,0
7.5,0.0038281802419557341,0.0034267155543924385,0
7.5,0.0039160864350204572,0.0035054029463289322,0
7.5,0.0038873656820515145,0.003479694164424175,0
7.5,0.0037828657548970085,0.0033861532381405475,0
7.5,0.003631088186504614,0.003250292719161333,0
7.5,0.0039695622559592818,0.0035532707100738698,0
7.5,0.0039123413853697627,0.0035020506433863069,0
7.5,0.0037670751008345156,0.003372018564099616,0
7.5,0.0035503185127123736,0.0031779934333352102,0
7.5,0.0041822742677019489,0.0037436754228029447,0
7.5,0.0040167083294820639,0.0035954725326783638,0
7.5,0.0038536024980063447,0.0034494717557022993,0
7.5,0.0037156833273225532,0.0033260162918630079,0
7.5,0.0042159329460724959,0.0037738042854538116,0
7.5,0.0041140064133359478,0.0036825668794127665,0
7.5,0.0040014536639124947,0.003581817637537483,0
7.5,0.0039894345924972692,0.0035710590168966574,0
7.5,0.0043550887900936945,0.0038983667315909973,0
7.5,0.0041661328312324088,0.0037292267532198866,0
7.5,0.0041152515397776162,0.0036836814283303151,0
7.5,0.0041145921498736884,0.0036830911892356578,0
7.5,0.004274919333903243,0.0038266047180096682,0
7.5,0.0040659783078927838,0.0036395755243646545,0
7.5,0.0040853439774273161,0.0036569102988060231,0
7.5,0.0040908034669379862,0.0036617972467663669,0
7.5,0.0039166667336107321,0.003505922388486773,0
7.5,0.0038927654345083692,0.0034845276400089923,0
7.5,0.0039293900947183864,0.00351731143932976,0
7.5,0.0039696216128005547,0.0035533238421100832,0
7.5,0.0036469606758859048,0.0032645006463779495,0
7.5,0.0037425797337251165,0.0033500920480582902,0
7.5,0.0037591906047996729,0.0033649609222192707,0
7.5,0.0037546285351846669,0.0033608772809270893,0
7.5,0.0036969337011604239,0.0033092329557743217,0
7.5,0.0037334108502803279,0.003341884713624994,0
7.5,0.0036939781217585782,0.0033065873306291028,0
7.5,0.0036082349462591939,0.0032298361186703273,0
7.5,0.0038744705392984181,0.0034681513468306198,0
7.5,0.0037522907470604219,0.0033587846587353688,0
7.5,0.003680815657443741,0.003294805225725196,0
7.5,0.0036015101387622973,0.0032238165477532226,0
7.5,0.0037248001448555879,0.0033341770205833066,0
7.5,0.0036659280887575774,0.0032814789296890666,0
7.5,0.0036479907018720182,0.0032654226526171964,0
7.5,0.0036501385755664901,0.0032673452768753365,0
7.5,0.0035065129874577074,0.0031387818327127145,0
7.5,0.003584270221182777,0.0032083845957571471,0
7.5,0.0036132164835515918,0.0032342952376892189,0
7.5,0.0036656546352711551,0.0032812341535144608,0
7.5,0.003498027157913267,0.0031311859197060161,0
7.5,0.0035572365372208109,0.0031841859584229577,0
7.5,0.0035714973209029243,0.0031969512009592809,0
7.5,0.0036050430524192023,0.0032269789615935541,0
7.5,0.0036599870897838656,0.0032761609685939413,0
7.5,0.0036019629198161115,0.0032242218452527595,0
7.5,0.0035402755807477618,0.003169003712632493,0
7.5,0.003499623661979874,0.0031326149969625509,0
7.5,0.0037895430843649927,0.0033921303100921162,0
7.5,0.0036436354396854028,0.003261524130673332,0
7.5,0.0035219106957993028,0.0031525647696021199,0
7.5,0.0034295653469478436,0.0030699037601185568,0
7.5,0.0037988124224724515,0.0034004275644177184,0
7.5,0.0036416170464209615,0.0032597174081166612,0
7.5,0.0035380896677678804,0.0031670470383028436,0
7.5,0.0033986994939935651,0.003042274836783437,0
7.5,0.0037616219638234097,0.0033671373024465232,0
7.5,0.0036330484003987912,0.0032520473636703604,0
7.5,0.0035537676374656105,0.0031810808452891778,0
7.5,0.0034280612120592504,0.0030685573652016827,0
7.5,0.003621965634703123,0.0032421268575304426,0
7.5,0.0035484660757636689,0.0031763352631069409,0
7.5,0.0035265210622181507,0.0031566916427691058,0
7.5,0.0035278336639239481,0.0031578665907594549,0
7.5,0.0035781733534243441,0.0032029271119762316,0
7.5,0.0035364931069021416,0.003165617910203753,0
7.5,0.0035211764755448626,0.0031519075476827687,0
7.5,0.0035277610219417912,0.0031578015668069694,0
7.5,0.0037501058971813753,0.0033568289360182179,0
7.5,0.0036517757758920935,0.003268810782537769,0
7.5,0.0035641187069158529,0.0031903463888236744,0
7.5,0.0034614304127690001,0.0030984271079730744,0
7.5,0.0039060488859260119,0.0034964180439899708,0
7.5,0.0037152504921289836,0.0033256288484835037,0
7.5,0.0035897772207840006,0.0032133140713823355,0
7.5,0.0034542385940158301,0.0030919895016880399,0
7.5,0.0039623782419611585,0.003546840090052236,0
7.5,0.0037999838533289729,0.0034014761462720791,0
7.5,0.0036667443288772032,0.0032822095699769466,0
7.5,0.0035442909862806876,0.0031725980189940559,0
7.5,0.0038625013723310063,0.0034574373971135094,0
7.5,0.0038386554459199718,0.0034360922143433677,0
7.5,0.0037540234877587839,0.003360335685366176,0
7.5,0.0036500731490331341,0.0032672867116810794,0
7.5,0.0038305946457163624,0.0034288767574701968,0
7.5,0.003887160622525958,0.0034795106096745586,0
7.5,0.0038840240909544027,0.0034767030089755896,0
7.5,0.0038410242585078507,0.00343821260743546,0
7.5,0.0039060604134307582,0.0034964283625949794,0
7.5,0.0040137766076306369,0.0035928482631209036,0
7.5,0.0041016239732125682,0.0036714829968653665,0
7.5,0.0041484115834076411,0.0037133639485120934,0
7.5,0.0040999716003809854,0.0036700039098512324,0
7.5,0.0042140159407910872,0.0037720883182316678,0
7.5,0.0043202745800475228,0.0038672035189053384,0
7.5,0.0043982621732997019,0.0039370124834671389,0
7.5,0.0045814539964549152,0.0041009928162016231,0
7.5,0.004524361860795547,0.0040498879838968905,0
7.5,0.0044533547935966733,0.003986327491374766,0
7.5,0.0043908381159335468,0.0039303669936402788,0
7.5,0.0048995068620951241,0.0043856911932173299,0
7.5,0.0047228420711175542,0.0042275533969554037,0
7.5,0.0045436293760461547,0.0040671348975819211,0
7.5,0.0043213921078274695,0.0038682038505469998,0
7.5,0.0046552669781208707,0.0041670649644298353,0
7.5,0.0045294081879598174,0.0040544050982158136,0
7.5,0.0045067923313600166,0.0040341609867350922,0
7.5,0.0045291483331289066,0.0040541724945935475,0
7.5,0.0044827672221615152,0.0040126554122367443,0
7.5,0.0044445645448491153,0.0039784590838791859,0
7.5,0.0046026990314196794,0.0041200098653388336,0
7.5,0.0049405408471581728,0.0044224219075481739,0
7.5,0.0043674125512317349,0.0039093980888707594,0
7.5,0.0044679409902909743,0.0039993840205694974,0
7.5,0.0047947889343784604,0.0042919551282855723,0
7.5,0.0051112950085268017,0.004575268927217286,0
7.5,0.0041158603232441405,0.0036842263681299441,0
7.5,0.0042954877613344718,0.0038450161160508366,0
7.5,0.0047002455045834883,0.0042073265525739622,0
7.5,0.0049367978300687999,0.004419071424010346,0
7.5,0.0040615303295610198,0.0036355940095007485,0
7.5,0.0042364821572904226,0.0037921984825031621,0
7.5,0.0046176950996174252,0.0041334332824456759,0
7.5,0.0049524798487750512,0.0044331088553820541,0
7.5,0.0038371614667249312,0.0034347549100833758,0
7.5,0.0042255565511027469,0.0037824186544130026,0
7.5,0.0046919158161237168,0.004199870405996663,0
7.5,0.0052984531218475675,0.0047427996017184856,0
7.5,0.0036107616770436218,0.0032320978689363848,0
7.5,0.0042281868126223879,0.0037847730780534287,0
7.5,0.0047208208528545731,0.004225744145660318,0
7.5,0.0054517793432879314,0.0048800463651147413,0
7.5,0.0036413684046435438,0.0032594948416249346,0
7.5,0.0041770754028085605,0.0037390217675230524,0
7.5,0.0046333541140564614,0.0041474501220282569,0
7.5,0.005218330493449613,0.0046710795050571522,0
7.5,0.0036948816285977378,0.0033073960858975506,0
7.5,0.0041168295368766428,0.0036850939394615198,0
7.5,0.0045691713603682686,0.0040899982711523151,0
7.5,0.0049509907748928389,0.0044317759420103445,0
7.5,0.003791574095348913,0.003393948327136733,0
7.5,0.0041243058127739601,0.0036917861716154526,0
7.5,0.0045056304013660654,0.0040331209093793421,0
7.5,0.0048196013235658102,0.004314165420015852,0
7.5,0.0040696381559312857,0.0036428515608643982,0
7.5,0.0042421262543981741,0.0037972506780966889,0
7.5,0.004572374250059145,0.0040928652709352519,0
7.5,0.0048281243976499516,0.0043217946716940445,0
7.5,0.0044651421893217511,0.0039968787323623814,0
7.5,0.0044743453337582981,0.0040051167348065728,0
7.5,0.0047680858789081815,0.0042680524461372882,0
7.5,0.0049111143926537371,0.004396081431659437,0
7.5,0.0048762007580042555,0.0043648292211175858,0
7.5,0.0048384728109620292,0.0043310578376419637,0
7.5,0.0049638004552437116,0.0044432422597202722,0
7.5,0.0049711149535753519,0.0044497896800666037,0
7.5,0.0051554664096921292,0.004614808034016293,0
7.5,0.0051483075489405644,0.0046083999293977437,0
7.5,0.0051339266885321337,0.0045955272026888417,0
7.5,0.0050206206526391926,0.0044941036721701912,0
7.5,0.0055487494895208695,0.0049668471653399569,0
7.5,0.0053585527582809293,0.004796596535499827,0
7.5,0.005289068213680144,0.0047343988972685241,0
7.5,0.0052395634549411707,0.0046900857468770932,0
7.5,0.0029299368009878717,0.0026226717068584824,0
7.5,0.0055380910768646312,0.0049573065099564979,0
7.5,0.0054232635164125831,0.0048545210185207662,0
7.5,0.0054931824265285764,0.0049171074699670136,0
7.5,0.0059965001400652607,0.0053676418044988341,0
7.5,0.005565209349254095,0.0049815808648541009,0
7.5,0.0054636029959712453,0.0048906300607609371,0
7.5,0.0055579840996298783,0.0049751133336233822,0
7.5,0.008425344294809756,0.0075417708993206862,0
7.5,0.00530338807718422,0.0047472170238730136,0
7.5,0.0052867394698279764,0.004732314370867974,0
7.5,0.0053512295156768093,0.0047900412879006938,0
7.5,0.0049632619893261168,0.0044427602632052922,0
7.5,0.0048115514545207273,0.0043069597479408316,0
7.5,0.0048994792774805368,0.0043856665014259579,0
7.5,0.0049635922113811315,0.0044430558545779045,0
7.5,0.0043339180869285728,0.0038794162190110863,0
7.5,0.0045746685144758652,0.0040949189337896024,0
7.5,0.0046443723941371751,0.0041573129052173644,0
7.5,0.0047043383349492495,0.0042109901641568586,0
7.5,0.0041465729064544517,0.0037117180952562973,0
7.5,0.0045332437679167286,0.0040578384374704325,0
7.5,0.0046551033116894415,0.0041669184618435256,0
7.5,0.0049038665976483802,0.0043895937194018721,0
7.5,0.0040570928601869512,0.0036316219015107413,0
7.5,0.0042672419631051136,0.003819732479957118,0
7.5,0.0046378881194178512,0.0041515086421902115,0
7.5,0.0052377027810186719,0.0046884202034938437,0
7.5,0.0037126925435439595,0.0033233391542555331,0
7.5,0.0039873823778058025,0.0035692220197962783,0
7.5,0.0044581331905127891,0.0039906047735304125,0
7.5,0.0049387227333992775,0.0044207944610060853,0
7.5,0.0050592833579419533,0.016617353567973416,1
7.5,0.0057508590412650102,0.018888852678761881,1
7.5,0.0060820634030346113,0.019976702398454064,1
7.5,0.00620164332789755,0.0203694659087168,1
7.5999999999999996,0.0064267715191237322,0.020597311462046634,1
7.5999999999999996,0.0064375568028365191,0.020631877471928545,1
7.5999999999999996,0.0064227020872155401,0.020584269243844662,1
7.5999999999999996,0.0064311242157482689,0.020611261522011981,1
7.5999999999999996,0.0029692911541265806,0.0025934822628573447,0
7.5999999999999996,0.0041972078890341758,0.0036659874861402738,0
7.5999999999999996,0.0041955295498544085,0.0036645215662732588,0
7.5999999999999996,0.0029810187117556746,0.0026037255199577555,0
7.5999999999999996,0.0030446929337772026,0.0026593408021386798,0
7.5999999999999996,0.0024272888428372606,0.0021200785756497098,0
7.5999999999999996,0.002426455974319946,0.0021193511192923414,0
7.5999999999999996,0.0030102960872972605,0.0026292973989783062,0
7.5999999999999996,0.0039322503498223681,0.0034345643475231099,0
7.5999999999999996,0.0031857344703760324,0.0027825313902313476,0
7.5999999999999996,0.0031293352266335739,0.0027332703273405109,0
7.5999999999999996,0.0036508837221031249,0.0031888089397599764,0
7.5999999999999996,0.0040681219952903224,0.0035532393727245484,0
7.5999999999999996,0.0039374687806713552,0.0034391223066939339,0
7.5999999999999996,0.0038438457193697212,0.0033573486656878139,0
7.5999999999999996,0.0037759044898060617,0.0032980064305738236,0
7.5999999999999996,0.0041744375983040066,0.0036460991215227687,0
7.5999999999999996,0.0039818864703020686,0.0034779182631141255,0
7.5999999999999996,0.0038875651988766868,0.0033955347810793917,0
7.5999999999999996,0.0038916823101306469,0.0033991308093760833,0
7.5999999999999996,0.0041993495412426685,0.0036678580797357232,0
7.5999999999999996,0.0039864088223871006,0.0034818682428601759,0
7.5999999999999996,0.0038667388358616878,0.0033773443106015597,0
7.5999999999999996,0.003827103670680807,0.0033427255775281195,0
7.5999999999999996,0.0039149851425264752,0.0034194843144235523,0
7.5999999999999996,0.0038862724664859129,0.0033944056636058717,0
7.5999999999999996,0.0037818019270855602,0.0033031574575990569,0
7.5999999999999996,0.0048129934587354227,0.0042038360398343813,0
7.5999999999999996,0.0039684459248492772,0.0034661788228148816,0
7.5999999999999996,0.0039112411460688447,0.0034162141775790828,0
7.5999999999999996,0.0037660157137138139,0.003289369229280522,0
7.5999999999999996,0.0042617616814291433,0.0037223710157055206,0
7.5999999999999996,0.0041810981171406117,0.0036519166505448578,0
7.5999999999999996,0.004015578739824846,0.0035073462642319334,0
7.5999999999999996,0.0038525187774153253,0.0033649240165168313,0
7.5999999999999996,0.0024764255951575868,0.0021629963257060077,0
7.5999999999999996,0.0042147473299259473,0.0036813070444092649,0
7.5999999999999996,0.0041128494612465653,0.0035923058985715879,0
7.5999999999999996,0.0040003283642138787,0.0034940260552675847,0
7.5999999999999996,0.003323593894028878,0.0029029426100992631,0
7.5999999999999996,0.0043538640401616542,0.0038028164221481078,0
7.5999999999999996,0.0041649612200098021,0.0036378221228229313,0
7.5999999999999996,0.0041140942375303847,0.003593393129511816,0
7.5999999999999996,0.0041134350330618817,0.0035928173573803817,0
7.5999999999999996,0.0042737171294440403,0.0037328133202023553,0
7.5999999999999996,0.0040648348623980347,0.0035503682764226742,0
7.5999999999999996,0.0040841950858662313,0.0035672781695801508,0
7.5999999999999996,0.0040896530400443901,0.0035720453367651104,0
7.5999999999999996,0.0039155652779236001,0.0034199910248754418,0
7.5999999999999996,0.0038916707004096737,0.0033991206690416205,0
7.5999999999999996,0.0039282850609329879,0.0034311009261649783,0
7.5999999999999996,0.0039685052649980571,0.0034662306525666121,0
7.5999999999999996,0.0049567137282577308,0.0043293663265161616,0
7.5999999999999996,0.0050080205636738812,0.0043741795026946582,0
7.5999999999999996,0.0049845287258947699,0.0043536609137656557,0
7.5999999999999996,0.0049255845399410704,0.0043021770097513819,0
7.5999999999999996,0.004385816643379256,0.0038307249381526105,0
7.5999999999999996,0.0043486337603900948,0.0037982481137158182,0
7.5999999999999996,0.0042958676739649265,0.0037521603769056747,0
7.5999999999999996,0.0042155614524784198,0.0036820181273883442,0
7.5999999999999996,0.0037694136820214303,0.003292337133092617,0
7.5999999999999996,0.0037049286968999741,0.0032360137021954171,0
7.5999999999999996,0.0036642841237623678,0.0032005133170724242,0
7.5999999999999996,0.0036245480218443887,0.0031658064223389288,0
7.5999999999999996,0.003632359966563501,0.0031726296468109656,0
7.5999999999999996,0.0036280012411395841,0.0031688225842870081,0
7.5999999999999996,0.0036283463411705308,0.0031691240066678778,0
7.5999999999999996,0.0036516074153657239,0.0031894410386491987,0
7.5999999999999996,0.0035185220040533814,0.0030731996073554181,0
7.5999999999999996,0.0035749291261243559,0.003122467551452646,0
7.5999999999999996,0.0035914257279354013,0.0031368762577645573,0
7.5999999999999996,0.0036269026352585909,0.0031678630236651852,0
7.5999999999999996,0.00358916341445161,0.0031349002744107245,0
7.5999999999999996,0.0035853697874846328,0.0031315867885516237,0
7.5999999999999996,0.0035565564550475329,0.0031064202209330938,0
7.5999999999999996,0.0035512923584506296,0.0031018223757082954,0
7.5999999999999996,0.003707155672328388,0.0032379588200614723,0
7.5999999999999996,0.0036144948085604749,0.0031570255958779337,0
7.5999999999999996,0.0035305723209420976,0.0030837247736292817,0
7.5999999999999996,0.0034695540388248684,0.0030304292818210329,0
7.5999999999999996,0.0037896305323901424,0.0033099952340064427,0
7.5999999999999996,0.0036416076404736431,0.0031807068871399623,0
7.5999999999999996,0.00353429094961831,0.0030869727533703413,0
7.5999999999999996,0.0034137686718319006,0.0029817044002538678,0
7.5999999999999996,0.0037748932003306753,0.0032971231351403719,0
7.5999999999999996,0.0036352126343199139,0.0031751212661382928,0
7.5999999999999996,0.00353956449590537,0.0030915788522834914,0
7.5999999999999996,0.0034218591555358452,0.0029887709103719328,0
7.5999999999999996,0.0036779436503401263,0.0032124440231095235,0
7.5999999999999996,0.0035781792403843183,0.0031253063143923325,0
7.5999999999999996,0.0035373636628710076,0.003089656568094486,0
7.5999999999999996,0.0034792624596267935,0.0030389089545251246,0
7.5999999999999996,0.0036278418534452569,0.0031686833695260771,0
7.5999999999999996,0.0035651497168011077,0.0031139258749027336,0
7.5999999999999996,0.0035282922053393477,0.0030817332412850121,0
7.5999999999999996,0.0035078759774783762,0.0030639009971285928,0
7.5999999999999996,0.0036702684316318557,0.0032057402198951484,0
7.5999999999999996,0.003590660646337489,0.0031362080088624361,0
7.5999999999999996,0.0035442624352005395,0.0030956821960115288,0
7.5999999999999996,0.0035015023373149504,0.0030583340379266607,0
7.5999999999999996,0.0038171774271500494,0.0033340556508696826,0
7.5999999999999996,0.0036763080586660769,0.0032110154404021568,0
7.5999999999999996,0.0035704511183371076,0.0031185563035600215,0
7.5999999999999996,0.0034588263952769769,0.0030210593844887863,0
7.5999999999999996,0.0039263329925595574,0.0034293959216909848,0
7.5999999999999996,0.0034524157655457868,0.0030154601173106657,0
7.5999999999999996,0.0036412803794299564,0.0031804210459515877,0
7.5999999999999996,0.0035125192144731506,0.0030679565619631342,0
7.5999999999999996,0.0045407677837768059,0.003966064658433013,0
7.5999999999999996,0.0034841211797438207,0.0030431527298201769,0
7.5999999999999996,0.0036970187018725712,0.0032291048371707294,0
7.5999999999999996,0.003584552852370318,0.003130873248983119,0
7.5999999999999996,0.0022865214223262592,0.0019971274100908541,0
7.5999999999999996,0.0035574424121558078,0.003107194046713961,0
7.5999999999999996,0.0038373897936060208,0.0033517098353780233,0
7.5999999999999996,0.0037703038088557615,0.003293114600857381,0
7.5999999999999996,0.0051394026818095788,0.0044889332184318374,0
7.5999999999999996,0.0039433478894254186,0.0034442573249469878,0
7.5999999999999996,0.0039868569327374051,0.0034822596380400333,0
7.5999999999999996,0.0039871866554950595,0.0034825476293750862,0
7.5999999999999996,0.0047066988220795377,0.0041109946037829566,0
7.5999999999999996,0.0026750985616268148,0.0023365242109492984,0
7.5999999999999996,0.0027336470022311494,0.0023876624571984987,0
7.5999999999999996,0.0027648299705350775,0.0024148987472763809,0
7.5999999999999996,0.0027325457301332866,0.0023867005678100445,0
7.5999999999999996,0.0035106923864583212,0.0030663609467782888,0
7.5999999999999996,0.0035992163505520493,0.0031436808587700237,0
7.5999999999999996,0.0036641877350260328,0.0032004291277945634,0
7.5999999999999996,0.0038168046562358023,0.0033337300597760426,0
7.5999999999999996,0.0045230895074294944,0.003950623836443924,0
7.5999999999999996,0.0044521024090314687,0.0038886212334552843,0
7.5999999999999996,0.0043896033124787188,0.0038340323467680026,0
7.5999999999999996,0.004898129009429977,0.0042781963936036858,0
7.5999999999999996,0.0047215139006061297,0.0041239346091199733,0
7.5999999999999996,0.004542351604216982,0.0039674480223424215,0
7.5999999999999996,0.0043201768341682,0.0037733928436930863,0
7.5999999999999996,0.0046539578112611618,0.004064928768880734,0
7.5999999999999996,0.0045281344154518947,0.0039550302347372201,0
7.5999999999999996,0.0045055249189448875,0.0039352823133918949,0
7.5999999999999996,0.0045278746336980666,0.0039548033323097394,0
7.5999999999999996,0.0044815065661530356,0.0039143038479213911,0
7.5999999999999996,0.0044433146323016072,0.0038809456833337769,0
7.5999999999999996,0.0046014046478611275,0.0040190270064531537,0
7.5999999999999996,0.0049391514548039776,0.0043140268254926728,0
7.5999999999999996,0.0043661843355780197,0.0038135773970666845,0
7.5999999999999996,0.0044666845037558056,0.0039013577426286325,0
7.5999999999999996,0.0047934405307741793,0.0041867578318641263,0
7.5999999999999996,0.0051098575962222415,0.0044631275121376351,0
7.5999999999999996,0.0041147028497931643,0.0035939247126495228,0
7.5999999999999996,0.0042942797725660821,0.003750773448544895,0
7.5999999999999996,0.0046989236887400544,0.0041042035316513886,0
7.5999999999999996,0.0049354094903360651,0.0043107584634587623,0
7.5999999999999996,0.0052236631416888273,0.0045625292374188373,0
7.5999999999999996,0.0042352907622387227,0.0036992503933622124,0
7.5999999999999996,0.004616396498823728,0.0040321214109896942,0
7.5999999999999996,0.0049510870989023011,0.004324451832559347,0
7.5999999999999996,0.0043785744481687917,0.0038243993527359069,0
7.5999999999999996,0.0042243682285797784,0.0036897102722223351,0
7.5999999999999996,0.0046905963427779597,0.0040969301377912562,0
7.5999999999999996,0.0052969630764285944,0.0046265519521842763,0
7.5999999999999996,0.0036377181790422839,0.003177309696123419,0
7.5999999999999996,0.0042269977504101105,0.0036920069881295255,0
7.5999999999999996,0.0047194932507556549,0.0041221697031964266,0
7.5999999999999996,0.0054502461790513308,0.0047604347502033691,0
7.5999999999999996,0.0036582372621803945,0.0031952317776595554,0
7.5999999999999996,0.0041759007142861699,0.0036473770579565109,0
7.5999999999999996,0.0046320511095920714,0.0040457946930129848,0
7.5999999999999996,0.0052168629803344378,0.0045565897397603925,0
7.5999999999999996,0.003758225892205294,0.0032825653279907833,0
7.5999999999999996,0.0041156717908607679,0.0035947710195093577,0
7.5999999999999996,0.0045678864055526932,0.0039897510067626995,0
7.5999999999999996,0.0049495984437815024,0.0043231515893528355,0
7.5999999999999996,0.0039436701369148968,0.0034445387871225807,0
7.5999999999999996,0.0041231459642594136,0.0036012992227513908,0
7.5999999999999996,0.0045043633157120545,0.0039342677286898723,0
7.5999999999999996,0.0048182459421538572,0.0042084237417048193,0
7.5999999999999996,0.0027123291208027344,0.0023690426774273395,0
7.5999999999999996,0.0042409332720981128,0.0037041787579040288,0
7.5999999999999996,0.0045710883945182064,0.0039925477353948448,0
7.5999999999999996,0.0048267666193558901,0.0042158659978002826,0
7.5999999999999996,0.0037199054082275112,0.0032490948832476431,0
7.5999999999999996,0.0044730870461762154,0.0039069499460679773,0
7.5999999999999996,0.0047667449848098941,0.0041634410126766752,0
7.5999999999999996,0.0049097332756872294,0.0042883319637278322,0
7.5999999999999996,0.004874829459545183,0.0042578457556156279,0
7.5999999999999996,0.0048371121224589876,0.0042249021203647303,0
7.5999999999999996,0.004962404521759175,0.0043343368636718279,0
7.5999999999999996,0.004969716963087672,0.004340723804493473,0
7.5999999999999996,0.0051540165753858188,0.0045016975018294381,0
7.5999999999999996,0.0051468597278685746,0.0044954464620591715,0
7.5999999999999996,0.0051324829116848785,0.0044828892503095052,0
7.5999999999999996,0.0050192087400239768,0.0043839516454087088,0
7.5999999999999996,0.0055471890550756161,0.0048451080329597442,0
7.5999999999999996,0.0053570458114784976,0.0046790303046150665,0
7.5999999999999996,0.0052875808075106088,0.0046183571518898228,0
7.5999999999999996,0.0052380899706347302,0.0045751301320560911,0
7.5999999999999996,0.0059265197301613028,0.0051764286500791566,0
7.5999999999999996,0.0055365336398072174,0.0048358012223212636,0
7.5999999999999996,0.0054217383714744889,0.0047355350386339128,0
7.5999999999999996,0.0054916376188041335,0.0047965874746284691,0
7.5999999999999996,0.0059317614898850551,0.0051810069855013395,0
7.5999999999999996,0.0055636442859222542,0.0048594806044311096,0
7.5999999999999996,0.0054620665066548316,0.0047707590358289928,0
7.5999999999999996,0.0055564210682024166,0.0048531715946153759,0
7.5999999999999996,0.0056153165976920161,0.0049046130003800453,0
7.5999999999999996,0.0053018966439436653,0.0046308611018024146,0
7.5999999999999996,0.0052852527185541301,0.0046163237179483287,0
7.5999999999999996,0.0053497246283366095,0.0046726357283892791,0
7.5999999999999996,0.0049618662072704331,0.0043338666810572163,0
7.5999999999999996,0.0048101983369148735,0.0042013946831307627,0
7.5999999999999996,0.0048981014325728102,0.0042781723070166129,0
7.5999999999999996,0.0049621963364595021,0.0043341550273836155,0
7.5999999999999996,0.0043326992906793423,0.0037843303931496012,0
7.5999999999999996,0.0045733820137356385,0.0039945510622662753,0
7.5999999999999996,0.0046430662910820486,0.0040554157359938012,0
7.5999999999999996,0.004703015368108911,0.0041077773468542805,0
7.5999999999999996,0.0054291084432703226,0.0047419723159119994,0
7.5999999999999996,0.0045319689167565621,0.0039583794216658036,0
7.5999999999999996,0.0046537941908564523,0.0040647858571232036,0
7.5999999999999996,0.0049024875189265255,0.0042820032675291624,0
7.5999999999999996,0.0051602312540126316,0.0045071256184914229,0
7.5999999999999996,0.004266041917697039,0.0037261095230681951,0
7.5999999999999996,0.0046365838398881231,0.0040497537374498318,0
7.5999999999999996,0.0052362298199760196,0.0045735054117140303,0
7.5999999999999996,0.0065196355291005136,0.020894933515579223,1
7.5999999999999996,0.0097670951105085502,0.031302793241046636,1
7.5999999999999996,0.0044568794621537887,0.0038927936779541163,0
7.5999999999999996,0.0049373338523399863,0.0043124392682250953,0
7.5999999999999996,0.0060803529885979472,0.01948706655163834,1
7.5999999999999996,0.0061998992848687016,0.019870203293172687,1
7.7000000000000002,0.0081070812929016443,0.02608466986072084,1
7.7000000000000002,0.0057798497686979613,0.018596763448401148,1
7.7000000000000002,0.0080677317635250417,0.02595806209081207,1
7.7000000000000002,0.0048285093507961967,0.0042339596537561619,0
7.7000000000000002,0.0031187950776342221,0.0027347679309887218,0
7.7000000000000002,0.0041966991820548373,0.0036799462784185564,0
7.7000000000000002,0.0047854029362717175,0.0041961610690056444,0
7.7000000000000002,0.0049860088847030271,0.0043720657696606404,0
7.7000000000000002,0.0029331103592228217,0.0025719471618949833,0
7.7000000000000002,0.0043188021102936311,0.0037870142851696032,0
7.7000000000000002,0.0042465930017008997,0.0037236965135337445,0
7.7000000000000002,0.0049775967872805428,0.0043646894805198953,0
7.7000000000000002,0.0030225530596289592,0.0026503764984313503,0
7.7000000000000002,0.0037927463484996311,0.0033257334406591771,0
7.7000000000000002,0.0037215438184666229,0.0032632983043669778,0
7.7000000000000002,0.0055475712333880583,0.0048644811622100843,0
7.7000000000000002,0.0036407815657135099,0.0031924805643854339,0
7.7000000000000002,0.0038671306081678246,0.0033909585301078941,0
7.7000000000000002,0.0038262067761481748,0.0033550737795440965,0
7.7000000000000002,0.0048256133800282652,0.0042314202730696854,0
7.7000000000000002,0.0036369914821830192,0.0031891571658815422,0
7.7000000000000002,0.0035448643883154705,0.0031083739737792658,0
7.7000000000000002,0.0038390565353191544,0.0033663413070433314,0
7.7000000000000002,0.0040585587288104377,0.0035588154980687303,0
7.7000000000000002,0.0030844700315730087,0.0027046694369032677,0
7.7000000000000002,0.0029968426299782466,0.0026278318756682391,0
7.7000000000000002,0.0037289547065072789,0.0032697966662180254,0
7.7000000000000002,0.0043569164502483973,0.0038204354853525152,0
7.7000000000000002,0.0034515954467414464,0.0030265895333063809,0
7.7000000000000002,0.0041394471836391673,0.0036297439004633622,0
7.7000000000000002,0.005385953912727677,0.004722764295717656,0
7.7000000000000002,0.0037757035889040857,0.003310789210199251,0
7.7000000000000002,0.0040855344698094431,0.0035824696303737931,0
7.7000000000000002,0.0055983615247824177,0.0049090174836590172,0
7.7000000000000002,0.0055747894513228681,0.0048883479144954719,0
7.7000000000000002,0.0047307917166794352,0.0041482743023872849,0
7.7000000000000002,0.0038496484227617768,0.0033756289817336149,0
7.7000000000000002,0.0050206388892897486,0.0044024316717594719,0
7.7000000000000002,0.0055016896275286963,0.0048242491042508207,0
7.7000000000000002,0.0047231227259941916,0.0041415496188902971,0
7.7000000000000002,0.0040301384290469949,0.0035338946801094086,0
7.7000000000000002,0.0042605343653776533,0.0037359212328078161,0
7.7000000000000002,0.0047885332465312826,0.0041989059342176279,0
7.7000000000000002,0.0047673360493467589,0.0041803188152681348,0
7.7000000000000002,0.0040997278855033695,0.0035949153656993677,0
7.7000000000000002,0.0041038944568142759,0.0035985688938471312,0
7.7000000000000002,0.0036472091393146442,0.0031981166904279904,0
7.7000000000000002,0.0036669862621560032,0.0032154585932999166,0
7.7000000000000002,0.0040169298092087103,0.0035223124795969716,0
7.7000000000000002,0.00378845014581309,0.0033219662430589124,0
7.7000000000000002,0.0029939697546613317,0.0026253127466165193,0
7.7000000000000002,0.0030149831690975924,0.0026437387125714403,0
7.7000000000000002,0.003859752747244359,0.0033844891286401667,0
7.7000000000000002,0.004125816329413199,0.0036177914566248802,0
7.7000000000000002,0.0033757881435261283,0.0029601166241836532,0
7.7000000000000002,0.0041952051123077452,0.0036786361782262388,0
7.7000000000000002,0.0047677924030949696,0.0041807189767294455,0
7.7000000000000002,0.0033423166129738229,0.0029307665495307876,0
7.7000000000000002,0.0046855749084643988,0.0041086251834262701,0
7.7000000000000002,0.005720056547136144,0.005015727811272584,0
7.7000000000000002,0.0037165438345536064,0.0032589139843586406,0
7.7000000000000002,0.0054617305806425468,0.0047892103417618119,0
7.7000000000000002,0.0055430322037738769,0.0048605010377332667,0
7.7000000000000002,0.0036569501778245367,0.0032066582839178678,0
7.7000000000000002,0.005473583161691992,0.0047996034768497554,0
7.7000000000000002,0.0053180740020605756,0.004663242654112533,0
7.7000000000000002,0.0035987342816124349,0.0031556106959643197,0
7.7000000000000002,0.0054591395791358027,0.0047869383785024743,0
7.7000000000000002,0.0052914344340768754,0.0046398833007713445,0
7.7000000000000002,0.0035643579449540596,0.0031254672268558881,0
7.7000000000000002,0.0053823917134564261,0.0047196407213601519,0
7.7000000000000002,0.0054464487792063986,0.0047758102370883699,0
7.7000000000000002,0.0035711102491546741,0.0031313880983875075,0
7.7000000000000002,0.005279911123817013,0.004629778892314535,0
7.7000000000000002,0.0055748698413537502,0.0048884184058464444,0
7.7000000000000002,0.0035827640372412478,0.0031416069185216844,0
7.7000000000000002,0.0052135938909869022,0.0045716275110595419,0
7.7000000000000002,0.0055803080362788228,0.0048931869785526806,0
7.7000000000000002,0.0035898443087472062,0.0031478153737023555,0
7.7000000000000002,0.0052025787580117135,0.0045619687064038118,0
7.7000000000000002,0.0055459887942784477,0.0048630935738556138,0
7.7000000000000002,0.0035933989616253412,0.0031509323308781039,0
7.7000000000000002,0.0052363584386912292,0.0045915889876796991,0
7.7000000000000002,0.0053778102278627437,0.0047156233686434755,0
7.7000000000000002,0.0035374846526183184,0.0031019029283846917,0
7.7000000000000002,0.0052907527090512068,0.0046392855187139979,0
7.7000000000000002,0.0053359863956761681,0.0046789494377926996,0
7.7000000000000002,0.0035288258966756536,0.0030943103525710156,0
7.7000000000000002,0.0052866897978003534,0.0046357228866337526,0
7.7000000000000002,0.005551397262284638,0.0048678360800129359,0
7.7000000000000002,0.003607938147450509,0.0031636812605601132,0
7.7000000000000002,0.0052691485586624049,0.0046203415560012017,0
7.7000000000000002,0.0057159601262334542,0.0050121357956903973,0
7.7000000000000002,0.0036525046501713625,0.0032027601482085325,0
7.7000000000000002,0.0052829985450891896,0.0046324861495964089,0
7.7000000000000002,0.0058217568974947799,0.0051049054743789683,0
7.7000000000000002,0.003733354681032198,0.0032736548579005141,0
7.7000000000000002,0.0054082628546239953,0.0047423262667204511,0
7.7000000000000002,0.0057758530554178986,0.0050646539182182945,0
7.7000000000000002,0.0037963298980369163,0.0033288757363566265,0
7.7000000000000002,0.0055530584808863035,0.0048692927474903152,0
7.7000000000000002,0.005788301861533689,0.0050755698632858953,0
7.7000000000000002,0.0038855825629727811,0.0034071384370939367,0
7.7000000000000002,0.0057937716586617949,0.0050803661469155043,0
7.7000000000000002,0.0059398627941325572,0.0052084686167290159,0
7.7000000000000002,0.0040576900628503153,0.0035580537937081195,0
7.7000000000000002,0.0055000098414170724,0.0048227761555399758,0
7.7000000000000002,0.0065818902135084244,0.0057714411601692333,0
7.7000000000000002,0.0049783235890906736,0.0043653267889140193,0
7.7000000000000002,0.0054490717362371613,0.0047781102210865262,0
7.7000000000000002,0.00508064649572055,0.0044550503509600409,0
7.7000000000000002,0.0062636452365333892,0.0054923826983065329,0
7.7000000000000002,0.0053723564872829605,0.0047108411644683828,0
7.7000000000000002,0.005262400366897976,0.0046144242905284336,0
7.7000000000000002,0.0058472885079178362,0.0051272932964940513,0
7.7000000000000002,0.0055141265781224356,0.0048351546536044669,0
7.7000000000000002,0.0053427592647372337,0.0046848883419681664,0
7.7000000000000002,0.0052405104386499448,0.0045952297386921623,0
7.7000000000000002,0.0046319429103666848,0.0040615970636487643,0
7.7000000000000002,0.0045516789125566214,0.0039912162268961248,0
7.7000000000000002,0.0046101914601764087,0.0040425239386270373,0
7.7000000000000002,0.0063359119263002705,0.0055557509609636263,0
7.7000000000000002,0.0043716655633514829,0.0038333684932997519,0
7.7000000000000002,0.0044095743156435073,0.0038666094204820095,0
7.7000000000000002,0.0046593053737887923,0.0040855903000163148,0
7.7000000000000002,0.0057968139598915756,0.0050830338399291538,0
7.7000000000000002,0.0042723393801773844,0.003746272658629497,0
7.7000000000000002,0.0043957323545426403,0.0038544718640288419,0
7.7000000000000002,0.0047391599172551977,0.0041556120998395112,0
7.7000000000000002,0.003407521416889514,0.0029879424787778944,0
7.7000000000000002,0.0040908416761124078,0.0035871233435031263,0
7.7000000000000002,0.0042708530735901919,0.0037449693656945349,0
7.7000000000000002,0.0046693027273885558,0.0040943566477047071,0
7.7000000000000002,0.0058060998266326342,0.0050911763083962211,0
7.7000000000000002,0.0039188395481834174,0.0034363003840546863,0
7.7000000000000002,0.004234143135709292,0.0037127796390962024,0
7.7000000000000002,0.0046705780112821591,0.0040954749018407817,0
7.7000000000000002,0.0060065499107566506,0.0052669443368112785,0
7.7000000000000002,0.0037541100940575822,0.0032918545909779769,0
7.7000000000000002,0.0042259858875383517,0.003705626818808976,0
7.7000000000000002,0.0046830195916620371,0.0041063845109002902,0
7.7000000000000002,0.0035322931779444406,0.0030973506964812633,0
7.7000000000000002,0.0036387323042600269,0.0031906836350054351,0
7.7000000000000002,0.0041945387325458775,0.0036780518519216082,0
7.7000000000000002,0.0046810173279287987,0.0041046287922619261,0
7.7000000000000002,0.0045431380015775666,0.0039837269854212844,0
7.7000000000000002,0.0036592571077202272,0.0032086811542061458,0
7.7000000000000002,0.0041535013940877021,0.003642067571327681,0
7.7000000000000002,0.0046011901607461159,0.0040346309977936602,0
7.7000000000000002,0.0052183173404705104,0.0045757693472013436,0
7.7000000000000002,0.0037592736126343309,0.0032963823091073353,0
7.7000000000000002,0.004125284907203982,0.003617325470120667,0
7.7000000000000002,0.0045375573885330167,0.0039788335309910976,0
7.7000000000000002,0.0065390049568077469,0.0057338365013770327,0
7.7000000000000002,0.0039447695555997605,0.0034590375472755238,0
7.7000000000000002,0.0041968685191721916,0.0036800947645186494,0
7.7000000000000002,0.0045605370205491162,0.0039989836079083732,0
7.7000000000000002,0.0056328993179974082,0.0049393025286652847,0
7.7000000000000002,0.0042727793588050829,0.0037466584612909086,0
7.7000000000000002,0.0043636281710379542,0.00382632077063742,0
7.7000000000000002,0.004670166733312428,0.0040951142658341363,0
7.7000000000000002,0.0048776695297862585,0.0042770665837201741,0
7.7000000000000002,0.0046678521748111136,0.0040930847062746814,0
7.7000000000000002,0.0046729786512428005,0.0040975799433759863,0
7.7000000000000002,0.0048659829532454336,0.0042668190124782908,0
7.7000000000000002,0.0049292082475025463,0.0043222591753801871,0
7.7000000000000002,0.0049966630367343362,0.004381408042102985,0
7.7000000000000002,0.0049677475113590781,0.0043560529772348148,0
7.7000000000000002,0.0050445340820197684,0.0044233845734911311,0
7.7000000000000002,0.005006000042983523,0.0043895953531080693,0
7.7000000000000002,0.0034369689434427223,0.0030137640378287514,0
7.7000000000000002,0.0034321963816377802,0.0030095791367217768,0
7.7000000000000002,0.003422609165530457,0.0030011724249933316,0
7.7000000000000002,0.0051481737371161631,0.0045142627485815412,0
7.7000000000000002,0.004623946253091228,0.0040545850601898465,0
7.7000000000000002,0.0044654493765557083,0.00391560440762321,0
7.7000000000000002,0.0044075457353368475,0.0038648306257135197,0
7.7000000000000002,0.0034930334989624451,0.0030629251865044059,0
7.7000000000000002,0.0059281719288243094,0.0051982172848092688,0
7.7000000000000002,0.0055380771179181273,0.0048561560873417592,0
7.7000000000000002,0.0054232498468928412,0.0047554678630160009,0
7.7000000000000002,0.0045776404839798744,0.0040139810675474188,0
7.7000000000000002,0.0059334151498489267,0.0052028148913708661,0
7.7000000000000002,0.0055651953219550644,0.0048799351407582724,0
7.7000000000000002,0.0054635892247744764,0.0047908401251366703,0
7.7000000000000002,0.0055579700905423347,0.0048735995750447039,0
7.7000000000000002,0.0056168820389623543,0.0049252575080863783,0
7.7000000000000002,0.0053033747098145921,0.0046503533324219774,0
7.7000000000000002,0.0052867261444217275,0.0046357547577801613,0
7.7000000000000002,0.0053512160277212114,0.0046923037968579114,0
7.7000000000000002,0.0062361036134186316,0.005468232362748497,0
7.7000000000000002,0.0063160310127919461,0.0055383180474993122,0
7.7000000000000002,0.006404182889945118,0.0056156155039509313,0
7.7000000000000002,0.0064791896780264542,0.0056813864679114432,0
7.7000000000000002,0.0049996353028047601,0.0043840143236089603,0
7.7000000000000002,0.005299695149032395,0.0046471268476492395,0
7.7000000000000002,0.0054399437891329934,0.0047701062271097326,0
7.7000000000000002,0.0056643004658253832,0.0049668371533964873,0
7.7000000000000002,0.0047517942266564299,0.0041666907065836542,0
7.7000000000000002,0.0043741511799505802,0.0038355480480299388,0
7.7000000000000002,0.0046287435016499762,0.0040587916082921987,0
7.7000000000000002,0.0050421321776748717,0.0044212784232593215,0
7.7000000000000002,0.0051616698263226663,0.0045260970214455682,0
7.7000000000000002,0.0038051500096171384,0.0033366097995755645,0
7.7000000000000002,0.0041604289888142907,0.0036481421493058958,0
7.7000000000000002,0.0050113705567773181,0.0043943045784757533,0
7.7000000000000002,0.0035822665952477896,0.011526002776355869,1
7.7000000000000002,0.0038761081268899791,0.012471442826521163,1
7.7000000000000002,0.0052840374949621989,0.017001479152360523,1
7.7000000000000002,0.0075070244110251299,0.0241539767917976,1
7.7000000000000002,0.0046016804629510659,0.014805983971778567,1
7.7000000000000002,0.0058006246688986681,0.018663607037794946,1
7.7999999999999998,0.007820819335902016,0.025291007394512729,1
7.7999999999999998,0.0052040451119285715,0.016828868914408112,1
7.7999999999999998,0.00778285924285637,0.025168251842609537,1
7.7999999999999998,0.0053368030828519217,0.0047033562522114797,0
7.7999999999999998,0.0035515716614300951,0.0031300211980161306,0
7.7999999999999998,0.0053495714845368057,0.0047146091204479552,0
7.7999999999999998,0.0054747425091107903,0.0048249230877962053,0
7.7999999999999998,0.003642849691907573,0.0032104650683765067,0
7.7999999999999998,0.0054428261068295231,0.0047967949729140888,0
7.7999999999999998,0.0058204088266408842,0.0051295608663490689,0
7.7999999999999998,0.0037916867188910056,0.0033416360242006825,0
7.7999999999999998,0.0055584418007200466,0.0048986877705818584,0
7.7999999999999998,0.006008384245637103,0.0052952247194971748,0
7.7999999999999998,0.0038933730822864106,0.0034312528201767578,0
7.7999999999999998,0.005718801821593505,0.0050400140093564199,0
7.7999999999999998,0.0061215131284594734,0.005394925875801402,0
7.7999999999999998,0.0039374724284659988,0.0034701178358710152,0
7.7999999999999998,0.005838508298023337,0.0051455120379712551,0
7.7999999999999998,0.0061436042594516819,0.0054143949207441462,0
7.7999999999999998,0.0039293147325795644,0.0034629284100377131,0
7.7999999999999998,0.0057744098341286857,0.0050890216810598752,0
7.7999999999999998,0.005855027395965785,0.0051600704170949203,0
7.7999999999999998,0.0038367135060205135,0.0033813183991121807,0
7.7999999999999998,0.0055627820595409759,0.0049025128664575571,0
7.7999999999999998,0.0059138905525392112,0.0052119468665715952,0
7.7999999999999998,0.0038413079439879611,0.003385367504579277,0
7.7999999999999998,0.005490331641896197,0.0048386618831039035,0
7.7999999999999998,0.0061517988456077999,0.0054216168581912123,0
7.7999999999999998,0.0039367948798709656,0.0034695207082702491,0
7.7999999999999998,0.0056793295083132286,0.0050052268252362905,0
7.7999999999999998,0.0062500573367227199,0.0055082126499683484,0
7.7999999999999998,0.0040594205718434764,0.0035775914588800804,0
7.7999999999999998,0.0059956630677623609,0.0052840134698850395,0
7.7999999999999998,0.006393578802234119,0.0056346989698980807,0
7.7999999999999998,0.0041424172824492825,0.0036507369528547616,0
7.7999999999999998,0.0061749543079793988,0.005442023904699683,0
7.7999999999999998,0.0062582794725966184,0.005515458867145313,0
7.7999999999999998,0.0040773591463435163,0.0035934008311242285,0
7.7999999999999998,0.006134665345800437,0.005406517003055061,0
7.7999999999999998,0.0058595143028096963,0.0051640247547442165,0
7.7999999999999998,0.0039127071994996907,0.0034482920925022181,0
7.7999999999999998,0.0059267269478590068,0.0052232596580023324,0
7.7999999999999998,0.0055444642823160037,0.0048863693005998391,0
7.7999999999999998,0.0037524478646413111,0.0033070545889107203,0
7.7999999999999998,0.0056377121628892321,0.0049685492115485478,0
7.7999999999999998,0.0055750801385675312,0.0049133512365419994,0
7.7999999999999998,0.0037152416870000556,0.0032742645635878494,0
7.7999999999999998,0.0054789414893553455,0.0048286236740234913,0
7.7999999999999998,0.0057224540631740017,0.0050432327515519872,0
7.7999999999999998,0.0037181015942322595,0.003276785016816591,0
7.7999999999999998,0.0054640198214137951,0.0048154731194467596,0
7.7999999999999998,0.0055453555214714208,0.0048871547549605814,0
7.7999999999999998,0.0036584829592977148,0.0032242427597734742,0
7.7999999999999998,0.0054758773703779667,0.0048259232477709134,0
7.7999999999999998,0.0053203030303237385,0.0046888146579245173,0
7.7999999999999998,0.0036002426623574601,0.0031729152401906795,0
7.7999999999999998,0.0054614277339094545,0.0048131886973347675,0
7.7999999999999998,0.0052936522965777852,0.0046653272079953973,0
7.7999999999999998,0.003565851917132005,0.0031426064721767179,0
7.7999999999999998,0.0053846476999748647,0.0047455219974312955,0
7.7999999999999998,0.0054487316147325713,0.0048019995321018794,0
7.7999999999999998,0.0035726070515070206,0.0031485598122201878,0
7.7999999999999998,0.0052821241564144188,0.0046551673896037538,0
7.7999999999999998,0.0055772065035429221,0.0049152252146232997,0
7.7999999999999998,0.0035842657241858373,0.003158834669692931,0
7.7999999999999998,0.005215779127245585,0.0045966971213738765,0
7.7999999999999998,0.0055826469778439839,0.0049200199369358244,0
7.7999999999999998,0.0035913489633310745,0.0031650771704190128,0
7.7999999999999998,0.0052047593773653453,0.0045869853503580846,0
7.7999999999999998,0.0055483133512072985,0.0048897615078733721,0
7.7999999999999998,0.003594905106113586,0.0031682112201731867,0
7.7999999999999998,0.0052385532165283508,0.004616768061514182,0
7.7999999999999998,0.0053800642940880702,0.0047414826146023985,0
7.7999999999999998,0.0035389673610703139,0.0031189129532520673,0
7.7999999999999998,0.0052929702858125136,0.0046647261478574989,0
7.7999999999999998,0.0053382229317761182,0.0047046075735008635,0
7.7999999999999998,0.0035303049758792192,0.0031112787417372162,0
7.7999999999999998,0.0052889056716248451,0.0046611439792341473,0
7.7999999999999998,0.0055537240861296766,0.0048945300206948402,0
7.7999999999999998,0.0036094503859224248,0.0031810300616531887,0
7.7999999999999998,0.0052713570802165452,0.0046456783014048606,0
7.7999999999999998,0.005718355925289193,0.0050396210382952483,0
7.7999999999999998,0.0036540355683371143,0.0032203232477068249,0
7.7999999999999998,0.005285212871754574,0.0046578894927769253,0
7.7999999999999998,0.0058241970404226051,0.0051328994416531167,0
7.7999999999999998,0.0037349194868429498,0.0032916067254559213,0
7.7999999999999998,0.005410529684824722,0.0047683319443926828,0
7.7999999999999998,0.005778273958116773,0.0050924271564796227,0
7.7999999999999998,0.0037979210994071371,0.0033471304207755596,0
7.7999999999999998,0.0055553860010178584,0.0048959946761559141,0
7.7999999999999998,0.0057907279820502673,0.0051034029617367093,0
7.7999999999999998,0.0038872111738849956,0.0034258222937069926,0
7.7999999999999998,0.0057962000718001722,0.0051082255469320614,0
7.7999999999999998,0.0059423524402041055,0.0052370304972059276,0
7.7999999999999998,0.0040593908112471497,0.0035775652306897893,0
7.7999999999999998,0.0061901045174642478,0.0054553758742958321,0
7.7999999999999998,0.0062380884886554556,0.0054976644330836334,0
7.7999999999999998,0.0042689230402975778,0.0037622272285646476,0
7.7999999999999998,0.0065416268053858015,0.0057651745543333211,0
7.7999999999999998,0.0068322071446023083,0.0060212647330425825,0
7.7999999999999998,0.0044907284772668218,0.0039577056774689869,0
7.7999999999999998,0.0066359081857140824,0.0058482652947541161,0
7.7999999999999998,0.0072197683502467705,0.0063628247253045426,0
7.7999999999999998,0.0046351660242250226,0.0040849993454183985,0
7.7999999999999998,0.0066515361246787816,0.0058620382901780942,0
7.7999999999999998,0.006891376267024134,0.0060734108320385843,0
7.7999999999999998,0.0045199825925170013,0.0039834875029792736,0
7.7999999999999998,0.0067797789164566963,0.0059750594242064057,0
7.7999999999999998,0.0070704154349915359,0.0062311991140825635,0
7.7999999999999998,0.0049026427943341709,0.0043207282114611596,0
7.7999999999999998,0.0034959437133303311,0.0030809959569812109,0
7.7999999999999998,0.0066277070264985447,0.0058410375644307464,0
7.7999999999999998,0.0066756931858683701,0.0058833280516733593,0
7.7999999999999998,0.0061777259781073809,0.0054444665940444328,0
7.7999999999999998,0.0039509552485843761,0.0034820003253158622,0
7.7999999999999998,0.0058634394403678384,0.005167484001785615,0
7.7999999999999998,0.0053042234541993711,0.0046746436319894478,0
7.7999999999999998,0.00674863719656261,0.005947614041512954,0
7.7999999999999998,0.0042819881759885593,0.0037737416102430008,0
7.7999999999999998,0.0049787429203064573,0.0043877957044394763,0
7.7999999999999998,0.0041575562384268015,0.0036640790046680669,0
7.7999999999999998,0.0056454636826060766,0.0049753806719113076,0
7.7999999999999998,0.0046725356467698228,0.0041179334157054629,0
7.7999999999999998,0.0051506292927435086,0.0045392801853020789,0
7.7999999999999998,0.0037408227898364853,0.0032968093414438631,0
7.7999999999999998,0.0045533218585939225,0.0040128695961748938,0
7.7999999999999998,0.0046849824419387944,0.0041289028502094422,0
7.7999999999999998,0.0053222069636643266,0.0046904926056850439,0
7.7999999999999998,0.0036543434929355544,0.0032205946234841955,0
7.7999999999999998,0.0041742465268847949,0.0036787882550097838,0
7.7999999999999998,0.0046829793389726966,0.0041271375036689836,0
7.7999999999999998,0.005327936895065861,0.0046955424282593009,0
7.7999999999999998,0.0037180196078334237,0.0032767127617163794,0
7.7999999999999998,0.0041524198702824894,0.0036595522929175743,0
7.7999999999999998,0.0046031187128701585,0.0040567558595922511,0
7.7999999999999998,0.0050904688924203901,0.0044862604672044641,0
7.7999999999999998,0.0038838773210365558,0.0034228841493918979,0
7.7999999999999998,0.0041812191515007762,0.0036849332704942928,0
7.7999999999999998,0.0045394592694885738,0.0040006524140663805,0
7.7999999999999998,0.0049063092964003194,0.0043239595215074254,0
7.7999999999999998,0.004130078100665277,0.0036398623586660693,0
7.7999999999999998,0.0043011167601200639,0.0037905997450428312,0
7.7999999999999998,0.0045624485332339841,0.0040209129887385361,0
7.7999999999999998,0.0048302231166672503,0.0042569043194325565,0
7.7999999999999998,0.0044747829665795682,0.0039436528041998618,0
7.7999999999999998,0.0045421911142077796,0.0040030600050418525,0
7.7999999999999998,0.0046721241964162146,0.0041175708020652225,0
7.7999999999999998,0.0048797139660306677,0.0043005208989028822,0
7.7999999999999998,0.0035023565008396361,0.0030866475846987305,0
7.7999999999999998,0.0035062029697046542,0.0030900375005536648,0
7.7999999999999998,0.004868022491154581,0.0042902171326588733,0
7.7999999999999998,0.0049312742857890472,0.0043459613149228792,0
7.7999999999999998,0.0041656311234643693,0.0036711954488084482,0
7.7999999999999998,0.0041415247525586332,0.0036499503609613939,0
7.7999999999999998,0.0050466484582091468,0.0044476412582843683,0
7.7999999999999998,0.0050080982679380614,0.0044136667466487317,0
7.7999999999999998,0.0049431382946085204,0.0043564171363558758,0
7.7999999999999998,0.0048259332872704827,0.0042531236673078732,0
7.7999999999999998,0.0052154887489242263,0.0045964412092347048,0
7.7999999999999998,0.0051503315530396082,0.0045390177855327537,0
7.7999999999999998,0.0057003736094367822,0.0050237731165374772,0
7.7999999999999998,0.0054364361971789722,0.0047911635075893596,0
7.7999999999999998,0.0053530847801193937,0.0047177054087103659,0
7.7999999999999998,0.0053562882525557019,0.0047205286479939197,0
7.7999999999999998,0.0059113730439662119,0.0052097281713147179,0
7.7999999999999998,0.0055427048219504173,0.004884818677730207,0
7.7999999999999998,0.0054353645204728383,0.0047902190325435513,0
7.7999999999999998,0.0055087231020923737,0.0048548703862017475,0
7.7999999999999998,0.0057458236749895232,0.005063828529237222,0
7.7999999999999998,0.0053996444212925238,0.0047587386969941336,0
7.7999999999999998,0.0053515316374164431,0.0047163366148221348,0
7.7999999999999998,0.0054307633079540259,0.0047861639566241041,0
7.7999999999999998,0.0052678217845594641,0.004642562624346141,0
7.7999999999999998,0.0046366313395932446,0.0040862907365549258,0
7.7999999999999998,0.0046621937526781232,0.0041088190430218991,0
7.7999999999999998,0.0051555158665932133,0.0045435867518572037,0
7.7999999999999998,0.0046790380698484941,0.0041236640397826121,0
7.7999999999999998,0.0039491739542308439,0.0034804304600229803,0
7.7999999999999998,0.0037640344518458865,0.0033172659170268987,0
7.7999999999999998,0.0048614290339919078,0.0042844062797028409,0
7.7999999999999998,0.0051988405586563249,0.0045817690602779374,0
7.7999999999999998,0.0043808688309498823,0.0038608857187130059,0
7.7999999999999998,0.0032653343388867042,0.0028777585456940783,0
7.7999999999999998,0.0044523871952582526,0.0039239152779258143,0
7.7999999999999998,0.0055692990112031215,0.0049082562946616073,0
7.7999999999999998,0.005515305079611104,0.0048606711220793948,0
7.7999999999999998,0.0032414785217758277,0.0028567342723944734,0
7.7999999999999998,0.0042035379559376826,0.003704602965396004,0
7.7999999999999998,0.0058844930878426509,0.019029305217983634,1
7.7999999999999998,0.0055380907811364297,0.017909107585982856,1
7.7999999999999998,0.0049398526366646305,0.0043535214664963901,0
7.7999999999999998,0.0041778925272831988,0.0036820014968145074,0
7.7999999999999998,0.0043009996358315018,0.0037904965227117194,0
7.7999999999999998,0.004365334307018554,0.0038471950505127289,0
7.7999999999999998,0.0050920842082688008,0.0044876840546550362,0
7.7999999999999998,0.0046262652869525798,0.014960441426409796,1
7.7999999999999998,0.0050639701426395001,0.016375893729594249,1
7.7999999999999998,0.0085339058153258499,0.027596990265290194,1
7.9000000000000004,0.0078242167659977567,0.02511452858172419,1
7.9000000000000004,0.0052063057931594613,0.016711438289353883,1
7.9000000000000004,0.0077862401827664901,0.024992629609146805,1
7.9000000000000004,0.0053391214352687191,0.0046705365738742731,0
7.9000000000000004,0.0035531144942116083,0.0031081801374204703,0
7.9000000000000004,0.0053518953836553347,0.004681710920413455,0
7.9000000000000004,0.005477120783581535,0.0047912551249093245,0
7.9000000000000004,0.0036444321766378788,0.0031880626762958698,0
7.9000000000000004,0.0054451905165450549,0.0047633232859699941,0
7.9000000000000004,0.0058229372614848358,0.005093767163168378,0
7.9000000000000004,0.0037933338596852248,0.0033183183307168599,0
7.9000000000000004,0.0055608564348712921,0.0048645050830958079,0
7.9000000000000004,0.0060109943385936292,0.0052582750259808873,0
7.9000000000000004,0.0038950643964973126,0.0034073097871992141,0
7.9000000000000004,0.0057212861174947109,0.0050048451576403027,0
7.9000000000000004,0.0061241723655599423,0.0053572804748574197,0
7.9000000000000004,0.0039391828998060303,0.0034459036056366074,0
7.9000000000000004,0.0058410445954308063,0.0051096070286734711,0
7.9000000000000004,0.0061462730931263797,0.005376613666218534,0
7.9000000000000004,0.0039310216601474756,0.0034387643470946238,0
7.9000000000000004,0.005776918286621067,0.0050535108573698919,0
7.9000000000000004,0.0058575708694091778,0.0051240638204849429,0
7.9000000000000004,0.0038383802068320577,0.003357723804898237,0
7.9000000000000004,0.0055651985791373782,0.0048683034877302902,0
7.9000000000000004,0.0059164595966358924,0.0051755782798647999,0
7.9000000000000004,0.0038429766406622348,0.0033617446560014592,0
7.9000000000000004,0.0054927166884181323,0.0048048980519011728,0
7.9000000000000004,0.0061544712390800629,0.0053837852095106019,0
7.9000000000000004,0.0039385050568781534,0.0034453106447488707,0
7.9000000000000004,0.00568179665710755,0.0049703007159644756,0
7.9000000000000004,0.0062527724145149417,0.0054697767421419113,0
7.9000000000000004,0.0040611840184888604,0.0035526272855098033,0
7.9000000000000004,0.0059982676345315782,0.0052471420076543075,0
7.9000000000000004,0.0063963562269653733,0.0055953804497174998,0
7.9000000000000004,0.0041442167835680343,0.0036252623755398685,0
7.9000000000000004,0.0061776367603804472,0.0054040498571306401,0
7.9000000000000004,0.0062609981221542358,0.0054769723957416852,0
7.9000000000000004,0.0040791303856574515,0.0035683263411026198,0
7.9000000000000004,0.0061373302963354083,0.0053687907200669341,0
7.9000000000000004,0.0058620597254033886,0.0051279905650533138,0
7.9000000000000004,0.0039144069126147065,0.0034242301607198982,0
7.9000000000000004,0.0059293015681944313,0.0051868121314585488,0
7.9000000000000004,0.0055468728445149836,0.0048522725705026698,0
7.9000000000000004,0.0037540779597452227,0.0032839782021708043,0
7.9000000000000004,0.0056401612327565539,0.0049338790360012597,0
7.9000000000000004,0.0055775020005535232,0.0048790662284554417,0
7.9000000000000004,0.0037168556194255779,0.0032514169832631949,0
7.9000000000000004,0.0074255042558911983,0.0064956546928311995,0
7.9000000000000004,0.0057249399456398547,0.0050080414396865974,0
7.9000000000000004,0.0035337309305743985,0.0030912238565047405,0
7.9000000000000004,0.0066281887922343651,0.0057981820694655286,0
7.9000000000000004,0.0072685853902152977,0.0063583857975352707,0
7.9000000000000004,0.0044798164513365204,0.0039188369910447282,0
7.9000000000000004,0.0057090901038157173,0.0049941763746516,0
7.9000000000000004,0.00621380046446913,0.0054356850062166348,0
7.9000000000000004,0.0040057471741780813,0.0035041324512879559,0
7.9000000000000004,0.0055403204485974687,0.0048465406902391686,0
7.9000000000000004,0.0053869951220071235,0.0047124153375526761,0
7.9000000000000004,0.0035750081338506512,0.0031273321731831154,0
7.9000000000000004,0.0053369251780652632,0.0046686153402558323,0
7.9000000000000004,0.0054974580666718497,0.0048090456969422241,0
7.9000000000000004,0.0035765803562575194,0.0031287075159885883,0
7.9000000000000004,0.0052560418207168039,0.0045978605010385991,0
7.9000000000000004,0.0055797419373411787,0.0048810256719363119,0
7.9000000000000004,0.0035920135487384403,0.0031422081060777434,0
7.9000000000000004,0.0052169475329859336,0.0045636617470131806,0
7.9000000000000004,0.0055638747304209615,0.0048671454163278583,0
7.9000000000000004,0.0035914521836376283,0.0031417170372256059,0
7.9000000000000004,0.0052269819090694485,0.0045724395807939383,0
7.9000000000000004,0.0054482567042086674,0.0047660055140854021,0
7.9000000000000004,0.0035618015213332698,0.0031157793423424529,0
7.9000000000000004,0.0052684306603588459,0.0046086979635982248,0
7.9000000000000004,0.0054008545797931727,0.0047245392619227446,0
7.9000000000000004,0.0035507385133199411,0.0031061016857898229,0
7.9000000000000004,0.0052831038078172705,0.0046215336843603936,0
7.9000000000000004,0.0054518654278029417,0.0047691623397422851,0
7.9000000000000004,0.0035715025869342458,0.0031242656040325529,0
7.9000000000000004,0.005290309403001613,0.0046278369678224816,0
7.9000000000000004,0.0056264803050919635,0.0049219112855395626,0
7.9000000000000004,0.0036274839758997351,0.0031732367929799415,0
7.9000000000000004,0.0052779299518544405,0.0046170077180950966,0
7.9000000000000004,0.0038138933516595141,0.0033363032858017704,0
7.9000000000000004,0.0038315705690409015,0.0033517668955557489,0
7.9000000000000004,0.0053714273014685045,0.0046987969780374148,0
7.9000000000000004,0.0046613816967189421,0.0040776659537091397,0
7.9000000000000004,0.0040033980804316501,0.0035020775198931218,0
7.9000000000000004,0.0054673648220996641,0.0047827208416069454,0
7.9000000000000004,0.0053953984832694913,0.0047197663983208592,0
7.9000000000000004,0.0042498383962055811,0.0037176576527022452,0
7.9000000000000004,0.0057122334196078638,0.0049969260726212845,0
7.9000000000000004,0.0054070272883985698,0.0047299390007469891,0
7.9000000000000004,0.0028518598616278823,0.0024947392466690851,0
7.9000000000000004,0.0038658119934374515,0.0033817204800404952,0
7.9000000000000004,0.0057467693867727663,0.0050271373161214382,0
7.9000000000000004,0.003519667012302375,0.00307892107495953,0
7.9000000000000004,0.0051606612927037419,0.0045144238813772178,0
7.9000000000000004,0.0062407983670788019,0.005459302129948532,0
7.9000000000000004,0.0042707774965879729,0.0037359746802030562,0
7.9000000000000004,0.0065444685434223396,0.0057249455850006004,0
7.9000000000000004,0.0068351751131969602,0.0059792487850418947,0
7.9000000000000004,0.0044926792877158532,0.0039300890946879575,0
7.9000000000000004,0.006638790880380001,0.0058074565242693726,0
7.9000000000000004,0.0072229046787085213,0.0063184253964843323,0
7.9000000000000004,0.0046371795795666177,0.0040564945166673763,0
7.9000000000000004,0.0066544256082536222,0.0058211334127315738,0
7.9000000000000004,0.0068943699391862288,0.0060310310123463176,0
7.9000000000000004,0.0045219461112012329,0.0039556910164922909,0
7.9000000000000004,0.0067827241097854181,0.0059333658934950222,0
7.9000000000000004,0.0067011980999524519,0.005862048877153787,0
7.9000000000000004,0.0045274823481673563,0.0039605339850490853,0
7.9000000000000004,0.0071635223839262314,0.0062664791759340392,0
7.9000000000000004,0.0070006088063261883,0.0061239662490814176,0
7.9000000000000004,0.0050215828280681255,0.0043927613450228196,0
7.9000000000000004,0.0074358870745088092,0.0065047373358617776,0
7.9000000000000004,0.0069588066564556031,0.0060873987215950701,0
7.9000000000000004,0.0060022603485833494,0.0052506347390397813,0
7.9000000000000004,0.0072339348608028986,0.0063280743377030083,0
7.9000000000000004,0.0056531291491615562,0.0049452230611542409,0
7.9000000000000004,0.0070155235991608686,0.0061370133554772346,0
7.9000000000000004,0.0099774178914377541,0.0087280081076564191,0
7.9000000000000004,0.0044180930485838536,0.0038648428248667503,0
7.9000000000000004,0.0071160126237786083,0.0062249187665903427,0
7.9000000000000004,0.0066110221151658675,0.0057831650682468125,0
7.9000000000000004,0.0038881750880239378,0.0034012831838368986,0
7.9000000000000004,0.0056989978586146212,0.0049853479183417553,0
7.9000000000000004,0.0061985999642004139,0.0054223879697459431,0
7.9000000000000004,0.010845442769579171,0.0094873356467552201,0
7.9000000000000004,0.0040180030691117892,0.0035148536169755016,0
7.9000000000000004,0.0044720248551781069,0.0039120210878539254,0
7.9000000000000004,0.0049544970091810209,0.0043340762646216172,0
7.9000000000000004,0.0066976508024448097,0.0058589457855780054,0
7.9000000000000004,0.004471730900349624,0.0039117639431543449,0
7.9000000000000004,0.0039839759443047835,0.0034850874966799246,0
7.9000000000000004,0.0045746634921457526,0.0040018069287758723,0
7.9000000000000004,0.0053015295947856167,0.0046376521250030061,0
7.9000000000000004,0.0047531252687270844,0.0041579210506716095,0
7.9000000000000004,0.0031555224811988234,0.0027603760912360349,0
7.9000000000000004,0.0046408050795586162,0.0040596660179183786,0
7.9000000000000004,0.0048694992987468339,0.0042597222870821528,0
7.9000000000000004,0.0040290541651474502,0.0035245208532130967,0
7.9000000000000004,0.0037110674957104308,0.0032463536701631919,0
7.9000000000000004,0.0047721459956740382,0.0041745599306717146,0
7.9000000000000004,0.0049037902802469844,0.0042897192229436488,0
7.9000000000000004,0.0045736789341108844,0.0040009456608001009,0
7.9000000000000004,0.0043338797009200578,0.0037911749892423382,0
7.9000000000000004,0.004955220629142572,0.0043347092701707486,0
7.9000000000000004,0.0049700945181021571,0.0043477205948285079,0
7.9000000000000004,0.0049560664323405682,0.0043354491587120434,0
7.9000000000000004,0.0048477100545818884,0.0042406615739998075,0
7.9000000000000004,0.0051307980059728678,0.0044883001876977122,0
7.9000000000000004,0.0051096849193861312,0.0044698309611992575,0
7.9000000000000004,0.0052692167030036381,0.0046093855750274906,0
7.9000000000000004,0.0053477474969029744,0.0046780824476364141,0
7.9000000000000004,0.0052830882947310781,0.0046215201138811845,0
7.9000000000000004,0.0052613762660677276,0.004602526947084992,0
7.9000000000000004,0.0042771374249750225,0.0037415381944439418,0
7.9000000000000004,0.005466530260837277,0.0047819907872438117,0
7.9000000000000004,0.0053809119947648603,0.0047070939623764458,0
7.9000000000000004,0.0054033692668185862,0.0047267390503835313,0
7.9000000000000004,0.0049282841620298884,0.0043111458887519069,0
7.9000000000000004,0.0051540860758599065,0.0045086720379095956,0
7.9000000000000004,0.0050915817370903145,0.0044539947274590775,0
7.9000000000000004,0.0054268214063504421,0.0047472544248224014,0
7.9000000000000004,0.0063618143554374914,0.0055651640412208974,0
7.9000000000000004,0.0045004238955021151,0.0039368638935672476,0
7.9000000000000004,0.0044944914869321159,0.0039316743635044327,0
7.9000000000000004,0.0052652661903151874,0.0046059297603919438,0
7.9000000000000004,0.0062245528217597925,0.0054450909128981482,0
7.9000000000000004,0.0040369731638012557,0.0035314482050797799,0
7.9000000000000004,0.0040586558408041941,0.0035504156957408411,0
7.9000000000000004,0.0054514022600070326,0.0047687571715593043,0
7.9000000000000004,0.004646988584232464,0.0040650752008867894,0
7.9000000000000004,0.0035637421809815817,0.0031174769852926601,0
7.9000000000000004,0.0042776357141596031,0.003741974085983246,0
7.9000000000000004,0.0042351805971736914,0.0037048353583789295,0
7.9000000000000004,0.0033831923573213116,0.002959536289424333,0
7.9000000000000004,0.0044444175108736585,0.0038878708390077919,0
7.9000000000000004,0.0081080580186731616,0.0070927365070132774,0
7.9000000000000004,0.0045214494099102241,0.0039552565140045549,0
7.9000000000000004,0.0061388934009516819,0.0053701580868458342,0
7.9000000000000004,0.0049762632045787306,0.0043531168151900237,0
7.9000000000000004,0.006342231473075945,0.0055480334010209386,0
7.9000000000000004,0.018056020124776879,0.05795703864782549,1
7.9000000000000004,0.005776014724269001,0.0050527204424929764,0
7.9000000000000004,0.0064266506572974464,0.0056218812975753476,0
7.9000000000000004,0.014754641030099944,0.047360121140032296,1
8,0.0096506396655498955,0.0308430030697837,1
8,0.0064317245563306332,0.020555497574222766,1
8,0.0096427611973890336,0.030817823845805607,1
8,0.0063172987827362116,0.0055023067253059752,0
8,0.004197409705514619,0.0036559036458165329,0
8,0.0062877520001275791,0.0054765717606874084,0
8,0.0056681562981687143,0.0049369098394916678,0
8,0.0037229989783073287,0.0032426964468783583,0
8,0.0055061563644325075,0.0047958094490317803,0
8,0.0058623469823470926,0.0051060480652261259,0
8,0.0038255448991583976,0.0033320129616351826,0
8,0.00563554458769533,0.0049085053520623563,0
8,0.0060991428276593925,0.0053122949781862971,0
8,0.0039193258165088445,0.0034136952423043944,0
8,0.0057698258776451234,0.0050254630693057833,0
8,0.0060777137194364108,0.0052936304301970756,0
8,0.0039172556513259295,0.0034118921482605329,0
8,0.0057794585355698484,0.0050338530220853843,0
8,0.0059969508998936804,0.005223286788015858,0
8,0.0038815697505919316,0.0033808100705624081,0
8,0.0056658594732238833,0.0049349093269663883,0
8,0.0059393609081570429,0.0051731264568773703,0
8,0.0038531748223804415,0.0033560783600899463,0
8,0.005547445138262129,0.0048317715755253387,0
8,0.0060024115008275869,0.0052280429191212847,0
8,0.0038865542731177797,0.0033851515419348502,0
8,0.0056025010917202314,0.0048797247835971978,0
8,0.0062025957832711736,0.0054024015115310652,0
8,0.0040015794383612188,0.0034853373590166686,0
8,0.0058359027116807217,0.0050830153587897902,0
8,0.0063220598704175034,0.0055064535870691291,0
8,0.0040872035680894125,0.0035599151558021245,0
8,0.0060587109720685265,0.0052770792192701303,0
8,0.0062735509480715121,0.0054642027803808177,0
8,0.0040952468121797994,0.0035669207443572771,0
8,0.0061393234399583401,0.0053472919066019009,0
8,0.0060618149214857813,0.0052797827294793123,0
8,0.0039894386336834578,0.0034747628344411292,0
8,0.0060127742238847287,0.0052370687516378059,0
8,0.0057077291418055108,0.0049713774072244572,0
8,0.0038353841020310115,0.0033405828130858668,0
8,0.0057813230597900033,0.005035477004820552,0
8,0.005606553502499158,0.0048832543945669243,0
8,0.0037481355466205592,0.0032645901570918074,0
8,0.0055758215535885568,0.0048564871614522487,0
8,0.0056163967354707339,0.004891827756195199,0
8,0.0037057053690698512,0.0032276338788908786,0
8,0.0054729903485761762,0.0047669221669237056,0
8,0.005607147394767989,0.0048837716690440826,0
8,0.0036855204443935296,0.0032100530028525576,0
8,0.0054679802053753173,0.0047625583801887538,0
8,0.0054466217048946084,0.0047439553308666902,0
8,0.0036290738260732983,0.0031608885390071949,0
8,0.0054613197617372523,0.0047567571975814984,0
8,0.0053214080929257345,0.0046348954742838457,0
8,0.003584066299776395,0.0031216874147371836,0
8,0.0054150892512504576,0.0047164908657972597,0
8,0.0053822347321636202,0.0046878748943915347,0
8,0.0035718489640304855,0.0031110462323343901,0
8,0.0053322090341227134,0.004644302990602399,0
8,0.0054926000627284711,0.0047840020401056357,0
8,0.0035734197970929403,0.0031124144128845169,0
8,0.005251397151929532,0.0045739166153226183,0
8,0.0055748112206343119,0.0048556071711272492,0
8,0.0035888393515416976,0.0031258446971029041,0
8,0.0052123374111113733,0.0045398959552297655,0
8,0.0055589580352769438,0.004841799198541284,0
8,0.0035882784825090395,0.0031253561855481165,0
8,0.0052223629199988145,0.004548628077434707,0
8,0.0054434421786165501,0.0047411859939357126,0
8,0.0035586540219569546,0.0030995535641848929,0
8,0.0052637750437787749,0.0045846976405534215,0
8,0.0053960819425983011,0.0046999356820354079,0
8,0.0035476007901230713,0.0030899263051383293,0
8,0.0052784352248430319,0.0045974665178280727,0
8,0.0054470477132472633,0.004744326380061047,0
8,0.0035683465149022827,0.0031079956326942691,0
8,0.0052856344525736539,0.0046037369762188425,0
8,0.0056215082865375731,0.0048962798682100168,0
8,0.0036242784341301132,0.0031567117985605389,0
8,0.005273265940922838,0.0045929641210510153,0
8,0.0057708847711501043,0.0050263853554053054,0
8,0.0037046948512761534,0.0032267537275724859,0
8,0.0053666806686255364,0.0046743274540448302,0
8,0.0057711408875403105,0.0050266084303277926,0
8,0.0037498690783019338,0.0032661000465804956,0
8,0.0054625334110104786,0.0047578142744727292,0
8,0.0058191111139097185,0.005068390037980759,0
8,0.0038600753555701958,0.0033620886583968657,0
8,0.0057071856225821465,0.0049709040071873678,0
8,0.0058498757344381085,0.0050951857277615632,0
8,0.0039660860273108981,0.003454422937989136,0
8,0.0059820162717748315,0.0052102788699856318,0
8,0.0061255162949703842,0.0053352660155783337,0
8,0.0041739354565317509,0.0036354577998161963,0
8,0.0063643838452606587,0.0055433173637291127,0
8,0.0065438829703530332,0.0056996593822325539,0
8,0.0043682499789357305,0.0038047038874588868,0
8,0.0065415699604772773,0.0056976447727874772,0
8,0.0069767439687628101,0.0060766771653998674,0
8,0.0045576129975090848,0.0039696372626963827,0
8,0.0066718665926850324,0.005811131891307289,0
8,0.0069792123188650778,0.0060788270746942059,0
8,0.0045355477532463473,0.0039504186463101883,0
8,0.0067002666433053949,0.0058358680633488098,0
8,0.0068875048886368855,0.0059989507814461988,0
8,0.0045807945345880683,0.0039898281594323718,0
8,0.0078015316273075787,0.0067950593152140007,0
8,0.0065857276966593417,0.0057361057380077461,0
8,0.0045343006205179294,0.0039493324056502285,0
8,0.0088253984849514747,0.0076868375404306665,0
8,0.0065008541944658821,0.0056621817306146561,0
8,0.0045673058982845811,0.0039780796864219287,0
8,0.0037086599132435164,0.0032302072585640709,0
8,0.0062710785108890475,0.005462049311278778,0
8,0.004363513494051157,0.0038005784544960014,0
8,0.0095308342267088775,0.0083012653140148943,0
8,0.0061145492677101791,0.0053257138398896753,0
8,0.0042402132089875751,0.0036931850873195894,0
8,0.012039655140973271,0.010486424297925769,0
8,0.0059848882221870394,0.0052127803112837733,0
8,0.0042422533045418489,0.0036949619910049453,0
8,0.0033399841063334284,0.0029090941623523456,0
8,0.0058747728946491658,0.0051168709158113486,0
8,0.0042263254989685492,0.0036810890249257045,0
8,0.0033208136294141065,0.0028923968605928077,0
8,0.0058593889657591238,0.0051034716611133395,0
8,0.0040906082507435977,0.0035628806017798981,0
8,0.006707483993849012,0.0058421543065360956,0
8,0.0067285262931789241,0.0058604819476847604,0
8,0.0059132373258858556,0.0051503730669613121,0
8,0.0039445660002167147,0.0034356792005340257,0
8,0.0050073782117597112,0.0043613784559327767,0
8,0.0053975266105238283,0.0047011939739598271,0
8,0.0061060410721109366,0.0053183032830241587,0
8,0.0040918763535549444,0.0035639851071812131,0
8,0.0048562865815096976,0.0042297790933169066,0
8,0.0064771067699649423,0.0056414979513548713,0
8,0.0044092168911986935,0.003840385675611051,0
8,0.0053761760601592472,0.0046825978491127551,0
8,0.0071610837546039708,0.0062372353530460055,0
8,0.00508728998550694,0.0044309808453784219,0
8,0.0064483028808222905,0.0056164100398288742,0
8,0.0080543178878800369,0.0070152337266909176,0
8,0.0061740507437344945,0.0053775390555323051,0
8,0.0055422515741686404,0.0048272480309499259,0
8,0.0071076339551916388,0.0061906810897623945,0
8,0.0069270531471209802,0.0060333969357464906,0
8,0.0061908894183384704,0.0053922053798118996,0
8,0.0058445802016561833,0.0050905733694352967,0
8,0.0069940400836572721,0.0060917419157905774,0
8,0.0066977155634384868,0.0058336460972219515,0
8,0.0060095423864325653,0.0052342538521752803,0
8,0.0056800343091870991,0.0049472554733072356,0
8,0.0063340857786449928,0.0055169280379370935,0
8,0.0067344080367747377,0.0058656048900145126,0
8,0.0052986716085183438,0.0046150922141615794,0
8,0.005008214258750276,0.0043621066448529247,0
8,0.0055535744867896983,0.0048371101793788012,0
8,0.0049825782160351313,0.0043397778972199576,0
8,0.0040605426710663929,0.003536693769884248,0
8,0.0042286676735648551,0.0036831290365630059,0
8,0.0051386656103038497,0.0044757285224408631,0
8,0.0068252816889664142,0.0059447549705796124,0
8,0.0036062191748708573,0.0031409823567383794,0
8,0.003818670154092452,0.0033260251245370727,0
8,0.0053060700620654018,0.0046215361963300476,0
8,0.0063599265066124882,0.0055394350644641446,0
8,0.0041452995721813586,0.0036105162188549097,0
8,0.0049979049166851549,0.0043531273066691094,0
8,0.0054910560531115007,0.0047826572225195809,0
8,0.0037806751744653435,0.0032929318612420996,0
8,0.0050477438021112094,0.0043965364984602188,0
8,0.0053547048164187339,0.0046638966014913878,0
8,0.0039118519816717197,0.0034071856037543678,0
8,0.0058886917015469765,0.0051289940632887722,0
8,0.0065895647221928394,0.0057394477504919151,0
8,0.0048619573765898696,0.0042347183015102458,0
8,0.007844418723415035,0.0068324135651009581,0
8,0.010264174542494762,0.032803832480976056,1
8,0.0074581457222444476,0.023835892684629868,1
8,0.012041408081952041,0.038483789604323901,1
8.0999999999999996,0.011120945744741571,0.034590346620719435,1
8.0999999999999996,0.0073998814362962349,0.023016429511378941,1
8.0999999999999996,0.011061408104529147,0.034405162045666432,1
8.0999999999999996,0.007429432757936217,0.0062976956738053404,0
8.0999999999999996,0.004889773968918665,0.0041449070707383637,0
8.0999999999999996,0.0072634948482550327,0.0061570353448181531,0
8.0999999999999996,0.0062127446353484233,0.0052663475513249954,0
8.0999999999999996,0.0040773413558119519,0.0034562335852215786,0
8.0999999999999996,0.0060388033255309743,0.0051189029926319747,0
8.0999999999999996,0.0043935881546475208,0.0037243060157518995,0
8.0999999999999996,0.0028670886941061374,0.0024303405998258366,0
8.0999999999999996,0.0057595628846694247,0.0048821996838246161,0
8.0999999999999996,0.0050789521219630112,0.0043052674205555424,0
8.0999999999999996,0.0031704985296952871,0.0026875315417505285,0
8.0999999999999996,0.0058765415046085094,0.0049813587680671029,0
8.0999999999999996,0.0055672181568254004,0.0047191551284877873,0
8.0999999999999996,0.0034018256474181207,0.0028836202386918587,0
8.0999999999999996,0.0058973270138882239,0.0049989779882866911,0
8.0999999999999996,0.0059926243458728731,0.0050797585289980695,0
8.0999999999999996,0.0046430550711139412,0.0039357712475907502,0
8.0999999999999996,0.0058266969902186294,0.0049391071463264317,0
8.0999999999999996,0.0058408683489372514,0.0049511197598599314,0
8.0999999999999996,0.0044830208386802475,0.0038001152794844592,0
8.0999999999999996,0.005748152666712845,0.0048725276021726795,0
8.0999999999999996,0.0058076657371371786,0.004922974953721267,0
8.0999999999999996,0.0043919835184076427,0.0037229458162541494,0
8.0999999999999996,0.0058045624706694913,0.0049203444126766161,0
8.0999999999999996,0.0059029722522900658,0.0050037632787145372,0
8.0999999999999996,0.003213235014894877,0.0027237579114780964,0
8.0999999999999996,0.0059906810595041944,0.0050781112664740344,0
8.0999999999999996,0.006116943247308413,0.0051851397382036458,0
8.0999999999999996,0.0034521677631815912,0.0029262936614124764,0
8.0999999999999996,0.0046128303700492534,0.0039101507223987279,0
8.0999999999999996,0.0061695165076954966,0.0052297044318061151,0
8.0999999999999996,0.0037269090221646851,0.0031591831557369792,0
8.0999999999999996,0.0051854462627308161,0.0043955391426978027,0
8.0999999999999996,0.0073680782493195304,0.0062456873932174297,0
8.0999999999999996,0.004794797104157548,0.004064398179978332,0
8.0999999999999996,0.0069291717620172449,0.0058736402159499518,0
8.0999999999999996,0.0066623706984249654,0.0056474813746633249,0
8.0999999999999996,0.0044444272519715408,0.0037674007140565103,0
8.0999999999999996,0.0066455169513554681,0.0056331949851817584,0
8.0999999999999996,0.0060957688618136783,0.0051671908798896328,0
8.0999999999999996,0.0040418099586449095,0.0034261147412244898,0
8.0999999999999996,0.0060063976738771868,0.005091433744457018,0
8.0999999999999996,0.0055537079723914987,0.0047077029715285887,0
8.0999999999999996,0.0036825457748496321,0.0031215778311052271,0
8.0999999999999996,0.0054709965236373259,0.0046375910868174846,0
8.0999999999999996,0.0055149141618365668,0.0046748186826653191,0
8.0999999999999996,0.0036548879994496102,0.0030981332077862078,0
8.0999999999999996,0.0054563280652739658,0.0046251570976037527,0
8.0999999999999996,0.00541315879810619,0.0045885638722604804,0
8.0999999999999996,0.0036079383420768922,0.0030583354649764399,0
8.0999999999999996,0.0054239048281463642,0.0045976729427776464,0
8.0999999999999996,0.0053782131736194944,0.0045589415692773626,0
8.0999999999999996,0.0035822258999982128,0.0030365398393186272,0
8.0999999999999996,0.0053654867137538443,0.0045481537509000922,0
8.0999999999999996,0.0054290656437070914,0.0046020476032516081,0
8.0999999999999996,0.0035708731709873419,0.0030269164892316007,0
8.0999999999999996,0.0052940079670296602,0.0044875634731924071,0
8.0999999999999996,0.0055092315723039532,0.0046700017308627297,0
8.0999999999999996,0.0035777842568201143,0.0030327747985761265,0
8.0999999999999996,0.0052373027880896717,0.0044394962826372134,0
8.0999999999999996,0.0055562470934803106,0.0047098553043401613,0
8.0999999999999996,0.0035853827578599335,0.0030392158080966387,0
8.0999999999999996,0.0052210462484204726,0.004425716127020838,0
8.0999999999999996,0.0054749381095508228,0.004640932244798739,0
8.0999999999999996,0.0035609841041391839,0.0030185338393662938,0
8.0999999999999996,0.0052427195035088577,0.0044440878613449149,0
8.0999999999999996,0.0054368952076039928,0.0046086844774636581,0
8.0999999999999996,0.0035584339721083488,0.0030163721729266767,0
8.0999999999999996,0.0052575667126296168,0.0044566733719342668,0
8.0999999999999996,0.005460493595036379,0.0046286880857179984,0
8.0999999999999996,0.0035700242189359863,0.0030261968593708441,0
8.0999999999999996,0.005275979368911143,0.0044722811995552333,0
8.0999999999999996,0.0055218169524163972,0.004680669960385726,0
8.0999999999999996,0.003587964588488971,0.0030414043444375351,0
8.0999999999999996,0.0052808692258710811,0.0044764261769748397,0
8.0999999999999996,0.0056822999747074424,0.0048167063534901543,0
8.0999999999999996,0.0036678855722479969,0.0031091508400401553,0
8.0999999999999996,0.0053346902496250867,0.0045220485602036689,0
8.0999999999999996,0.005741584861512738,0.004866960280986426,0
8.0999999999999996,0.0037216159888669577,0.0031546964184601934,0
8.0999999999999996,0.0054139533940708645,0.0045892374261820509,0
8.0999999999999996,0.0058006631815548096,0.0049170391083568198,0
8.0999999999999996,0.0038066033661981733,0.0032267375359970774,0
8.0999999999999996,0.0055968045044726879,0.0047442345416345028,0
8.0999999999999996,0.0058534519923249956,0.0049617865172162118,0
8.0999999999999996,0.0039240563170179384,0.0033262986955570947,0
8.0999999999999996,0.0058658694970511937,0.0049723124440724841,0
8.0999999999999996,0.0060073666153074561,0.0050922550855273781,0
8.0999999999999996,0.0040732925394257602,0.0034528015313528473,0
8.0999999999999996,0.0061616909251173933,0.0052230709324323594,0
8.0999999999999996,0.0063798016173838568,0.0054079564826286248,0
8.0999999999999996,0.0043463054114687106,0.003684225926616594,0
8.0999999999999996,0.0047698441525840917,0.0040432463504520523,0
8.0999999999999996,0.0049043713704629106,0.0041572808273291056,0
8.0999999999999996,0.0033517720362424975,0.0028411913722050696,0
8.0999999999999996,0.0053436158735986851,0.0045296145299507529,0
8.0999999999999996,0.0058097587785362415,0.0049247491588582468,0
8.0999999999999996,0.0038765979520373169,0.0032860697373630699,0
8.0999999999999996,0.0060056391152109355,0.0050907907382159723,0
8.0999999999999996,0.0063929956782380641,0.00541914067160627,0
8.0999999999999996,0.0042355194049801615,0.0035903161253554119,0
8.0999999999999996,0.0065891559666923939,0.0055854195572522317,0
8.0999999999999996,0.0068825358364524173,0.0058341084136922638,0
8.0999999999999996,0.0045774896792802706,0.0038801935341965235,0
8.0999999999999996,0.0070163128281001122,0.0059475069474705568,0
8.0999999999999996,0.0065809763643370394,0.0055784859664862697,0
8.0999999999999996,0.0045310293086614989,0.0038408105443260409,0
8.0999999999999996,0.0072155710816761099,0.0061164118803774606,0
8.0999999999999996,0.006496164094893073,0.0055065932823789498,0
8.0999999999999996,0.0045640107744744415,0.0038687678919908479,0
8.0999999999999996,0.0073166373493568655,0.0062020825658091099,0
8.0999999999999996,0.0077898802790054593,0.0066032356615852673,0
8.0999999999999996,0.0044667157736625112,0.0037862939904616034,0
8.0999999999999996,0.0072290284531845335,0.0061278192694865221,0
8.0999999999999996,0.0071985638708632173,0.0061019954045239792,0
8.0999999999999996,0.0043430829208605335,0.0036814943230307996,0
8.0999999999999996,0.0073587480436671264,0.0062377784723499398,0
8.0999999999999996,0.0066593867602829952,0.005644951984474348,0
8.0999999999999996,0.0042391926928412628,0.0035934298555452154,0
8.0999999999999996,0.0074966048024779179,0.0063546352959937295,0
8.0999999999999996,0.0061438334340092058,0.0052079337008076546,0
8.0999999999999996,0.0041176944690630175,0.0034904396457683061,0
8.0999999999999996,0.0074993966512992725,0.0063570018581280158,0
8.0999999999999996,0.006176676653595425,0.0052357738615091591,0
8.0999999999999996,0.0040616210125953463,0.0034429079464155473,0
8.0999999999999996,0.0072616788240635758,0.0061554959584253152,0
8.0999999999999996,0.0063294423684255802,0.0053652685366394979,0
8.0999999999999996,0.004019008788235144,0.0034067869086798191,0
8.0999999999999996,0.0070760321528929773,0.0059981291343378989,0
8.0999999999999996,0.0066167543252607678,0.0056088138147982764,0
8.0999999999999996,0.0040628801292618621,0.003443975259875658,0
8.0999999999999996,0.0070362560899789491,0.0059644122211499973,0
8.0999999999999996,0.0050854837025021537,0.0043108040352399591,0
8.0999999999999996,0.0041911072454319919,0.003552669339367332,0
8.0999999999999996,0.0071554912112483937,0.0060654840703543806,0
8.0999999999999996,0.0060003033483012353,0.0050862677770050022,0
8.0999999999999996,0.0045389461736720458,0.0038475214209368782,0
8.0999999999999996,0.0073408678802272106,0.0062226220221051733,0
8.0999999999999996,0.0069342807236738501,0.0058779709215059147,0
8.0999999999999996,0.0048832712972423069,0.0041393949611845584,0
8.0999999999999996,0.0075322310330940973,0.0063848345273126803,0
8.0999999999999996,0.0079835187539862591,0.0067673768855388986,0
8.0999999999999996,0.005233936589002024,0.0044366428619088535,0
8.0999999999999996,0.0077652630631549237,0.0065823684246353884,0
8.0999999999999996,0.008342828190482033,0.0070719521549441828,0
8.0999999999999996,0.0053884443471252782,0.0045676142121593502,0
8.0999999999999996,0.0080226259396397447,0.0068005268125830012,0
8.0999999999999996,0.0085805006438180384,0.0072734195926241292,0
8.0999999999999996,0.0054826081542446673,0.0046474338996168284,0
8.0999999999999996,0.0081984557806135411,0.0069495722195346554,0
8.0999999999999996,0.0083493143049406249,0.007077450229467039,0
8.0999999999999996,0.0053692943347893483,0.0045513813510822407,0
8.0999999999999996,0.0080772533418763722,0.0068468327374020047,0
8.0999999999999996,0.0077354066314090945,0.0065570600697222739,0
8.0999999999999996,0.0050661480566138242,0.0042944138184591299,0
8.0999999999999996,0.0076721660229261629,0.0065034530018036173,0
8.0999999999999996,0.0070552651819701653,0.0059805256284983814,0
8.0999999999999996,0.0047664924427964018,0.0040404052118459812,0
8.0999999999999996,0.0072414463843748838,0.0061383455578429974,0
8.0999999999999996,0.0087534575248340157,0.0074200296820910077,0
8.0999999999999996,0.0044897347962415618,0.0038058064894146973,0
8.0999999999999996,0.0066235683643287094,0.0056145898606630787,0
8.0999999999999996,0.0096841221297344262,0.0082089246956146486,0
8.0999999999999996,0.0046908356891631571,0.0039762733695406192,0
8.0999999999999996,0.0068910684418484061,0.0058413412339948911,0
8.0999999999999996,0.013062141246342376,0.040628198688355197,1
8.0999999999999996,0.0099687555645796826,0.031006599462917339,1
8.0999999999999996,0.0083954248124663393,0.0071165366514353186,0
8.0999999999999996,0.014709494306228412,0.045752089646559406,1
8.1999999999999993,0.012502564641184412,0.038858732999422288,1
8.1999999999999993,0.0082527993974152395,0.02565020357707757,1
8.1999999999999993,0.012257965321193342,0.038098503403322985,1
8.1999999999999993,0.0071430351419330476,0.0060504146110922771,0
8.1999999999999993,0.0047012778006214669,0.0039821559505846416,0
8.1999999999999993,0.0082142770844159003,0.0069577961053766679,0
8.1999999999999993,0.0059195436601166248,0.0050140721332746861,0
8.1999999999999993,0.0038327008377220585,0.0032464391799455206,0
8.1999999999999993,0.0055166469814658496,0.0046728037644605978,0
8.1999999999999993,0.0056595964316591071,0.0047938872289698918,0
8.1999999999999993,0.0036095019441301297,0.0030573814726635737,0
8.1999999999999993,0.00515915525290493,0.0043699950655180534,0
8.1999999999999993,0.0057591525919820008,0.0048782149741192571,0
8.1999999999999993,0.003653179645775201,0.0030943780993021417,0
8.1999999999999993,0.0052027307983830828,0.0044069051621098473,0
8.1999999999999993,0.0059747401033724461,0.0050608255595311,0
8.1999999999999993,0.0038244448791341177,0.0032394460780670472,0
8.1999999999999993,0.0054455082397595134,0.0046125466225479155,0
8.1999999999999993,0.00601512579133233,0.0050950337289795535,0
8.1999999999999993,0.0038765326964976254,0.0032835663833677979,0
8.1999999999999993,0.0056196447140697695,0.0047600466484550739,0
8.1999999999999993,0.0059898487475119186,0.0050736231391928076,0
8.1999999999999993,0.0038779722911108892,0.0032847857731802608,0
8.1999999999999993,0.006900679908800009,0.0058451307766316804,0
8.1999999999999993,0.0060682320676064792,0.0051400167065969449,0
8.1999999999999993,0.0038866964294951866,0.0032921754406396398,0
8.1999999999999993,0.0054859649102596804,0.0046468149168299045,0
8.1999999999999993,0.0062585160373855491,0.0053011942576143356,0
8.1999999999999993,0.0039744999466191193,0.003366548262886202,0
8.1999999999999993,0.0056618679266633373,0.0047958112691418257,0
8.1999999999999993,0.0062400374639667838,0.0052855422233762982,0
8.1999999999999993,0.0040028198178048841,0.0033905362398458441,0
8.1999999999999993,0.0057937129268197021,0.0049074888542992266,0
8.1999999999999993,0.006112703966204374,0.0051776860473902063,0
8.1999999999999993,0.003962650216419397,0.0033565111037076041,0
8.1999999999999993,0.0057800304111972154,0.0048958992581690326,0
8.1999999999999993,0.0058880380606142722,0.0049873857267580483,0
8.1999999999999993,0.0039060580018738561,0.0033085754076124913,0
8.1999999999999993,0.0058728892429129372,0.0049745541186055333,0
8.1999999999999993,0.0068426959623359655,0.0057960162321944956,0
8.1999999999999993,0.0045371329843798417,0.0038431192281285029,0
8.1999999999999993,0.0067718194882721086,0.0057359812406625049,0
8.1999999999999993,0.0064066175767580015,0.0054266417319637121,0
8.1999999999999993,0.0042606306665374152,0.003608911551611044,0
8.1999999999999993,0.0063535631880734982,0.0053817027050513475,0
8.1999999999999993,0.0060357543985928392,0.0051125069212984275,0
8.1999999999999993,0.0040218648109098809,0.0034066680524802474,0
8.1999999999999993,0.0060032321230679272,0.0050849593526372085,0
8.1999999999999993,0.005744417374284023,0.0048657337004469363,0
8.1999999999999993,0.0038119478186734498,0.0032288606062466653,0
8.1999999999999993,0.0056950325078134849,0.0048239028943927852,0
8.1999999999999993,0.0054366242346769872,0.0046050215420900603,0
8.1999999999999993,0.0035993157929585557,0.0030487534263702707,0
8.1999999999999993,0.0053789346941314755,0.0045561563703404914,0
8.1999999999999993,0.0054129059374087209,0.0045849312682091853,0
8.1999999999999993,0.0035770131037954509,0.0030298622248434953,0
8.1999999999999993,0.0053247685603023771,0.0045102756542255672,0
8.1999999999999993,0.0054515071140492349,0.0046176278906547409,0
8.1999999999999993,0.0035725228687625578,0.0030260588299125695,0
8.1999999999999993,0.0052707325272506635,0.0044645051382746857,0
8.1999999999999993,0.0055039039951792438,0.0046620099843817618,0
8.1999999999999993,0.003574882905260791,0.0030280578680004252,0
8.1999999999999993,0.0052358201823095221,0.0044349330925347276,0
8.1999999999999993,0.0054859938158399084,0.0046468394009240585,0
8.1999999999999993,0.0035617933439929927,0.0030169705261109043,0
8.1999999999999993,0.0052341444175639171,0.0044335136578966356,0
8.1999999999999993,0.0054598003972506611,0.0046246526078595135,0
8.1999999999999993,0.0035580003066710648,0.0030137576833939076,0
8.1999999999999993,0.0052385266594132717,0.0044372255786121065,0
8.1999999999999993,0.0054766220717535809,0.0046389011875141231,0
8.1999999999999993,0.0035718444473586495,0.003025484181924267,0
8.1999999999999993,0.0052563253686525365,0.0044523017427776229,0
8.1999999999999993,0.0055139613255443514,0.0046705289146936673,0
8.1999999999999993,0.0035830182939344166,0.0030349488427079217,0
8.1999999999999993,0.0052706353451161892,0.004464422821417121,0
8.1999999999999993,0.0055867262099867808,0.0047321634595694712,0
8.1999999999999993,0.0036277236578125529,0.0030728159372171715,0
8.1999999999999993,0.0053249605275197337,0.0045104382575494577,0
8.1999999999999993,0.0056728852982471916,0.0048051433898275361,0
8.1999999999999993,0.0036863657527237978,0.0031224879576994963,0
8.1999999999999993,0.0053753644657964054,0.0045531322550653713,0
8.1999999999999993,0.0057673192662428992,0.0048851324488747841,0
8.1999999999999993,0.0037701635732467899,0.0031934678069646355,0
8.1999999999999993,0.0055274198063582185,0.0046819287450656751,0
8.1999999999999993,0.0058279854063400536,0.0049365189103927464,0
8.1999999999999993,0.0038659352768503044,0.0032745899774843067,0
8.1999999999999993,0.0057420330974934835,0.0048637141299361199,0
8.1999999999999993,0.0059747425690265385,0.0050608276480311925,0
8.1999999999999993,0.004015562840608917,0.0034013300508562907,0
8.1999999999999993,0.0060288498612488103,0.0051066585231316726,0
8.1999999999999993,0.0062764286418274659,0.0053163668952235016,0
8.1999999999999993,0.0032550823556155941,0.0027571749898174952,0
8.1999999999999993,0.0049239801013491414,0.0041707930253676645,0
8.1999999999999993,0.0051454847574092253,0.004358415650879236,0
8.1999999999999993,0.003566348657878588,0.00302082904523392,0
8.1999999999999993,0.0054387390466883829,0.0046068128659795858,0
8.1999999999999993,0.0057563973622002254,0.0048758811927227877,0
8.1999999999999993,0.0039360926084040897,0.0033340158287469388,0
8.1999999999999993,0.0059235091752114881,0.0050174310710362569,0
8.1999999999999993,0.0062123723306095795,0.0052621088335418264,0
8.1999999999999993,0.0042079841421691095,0.003564318000839989,0
8.1999999999999993,0.0063580531791427863,0.0053855058933360896,0
8.1999999999999993,0.006647571444164585,0.0056307385578910525,0
8.1999999999999993,0.0045065200883555563,0.0038171889744320238,0
8.1999999999999993,0.0068903703239309574,0.0058363981774372815,0
8.1999999999999993,0.0067450515069566036,0.0057133077717459093,0
8.1999999999999993,0.0045662978814547178,0.0038678229732293672,0
8.1999999999999993,0.0070901624906404229,0.0060056295224637599,0
8.1999999999999993,0.0064900167785112341,0.0054972839364068838,0
8.1999999999999993,0.0045024324513258359,0.0038137265948807496,0
8.1999999999999993,0.007179344733045016,0.0060811701759497109,0
8.1999999999999993,0.0064131660511818327,0.0054321885316849844,0
8.1999999999999993,0.0045208759678586506,0.0038293489346414738,0
8.1999999999999993,0.0072901309712783647,0.006175010211900255,0
8.1999999999999993,0.0073690284237868074,0.0062418392684497155,0
8.1999999999999993,0.0044700444751708613,0.0037862927827465517,0
8.1999999999999993,0.007346708980061626,0.0062229338751899907,0
8.1999999999999993,0.0069927275229461003,0.0059230985058223544,0
8.1999999999999993,0.0043808873715154642,0.0037107734227097341,0
8.1999999999999993,0.0073898902937908637,0.0062595100429285178,0
8.1999999999999993,0.0066476220977068371,0.005630781463312356,0
8.1999999999999993,0.0043009205089139246,0.0036430385363100813,0
8.1999999999999993,0.0074270510518978728,0.0062909865776707334,0
8.1999999999999993,0.0063577953886459586,0.0053852875352631393,0
8.1999999999999993,0.0042172641300337235,0.0035721784933408873,0
8.1999999999999993,0.0073711700683099486,0.0062436533204678173,0
8.1999999999999993,0.0062203553629818836,0.0052688707568344434,0
8.1999999999999993,0.0041102717592696129,0.0034815520032727741,0
8.1999999999999993,0.0071780844806486601,0.006080102695619421,0
8.1999999999999993,0.0064487319072400982,0.0054623141254802159,0
8.1999999999999993,0.0041244442802364153,0.0034935566520291777,0
8.1999999999999993,0.0070821658276792529,0.0059988560535588955,0
8.1999999999999993,0.0052342235876795167,0.0044335807179088959,0
8.1999999999999993,0.0042120840949508888,0.0035677908122881694,0
8.1999999999999993,0.0071135221123547841,0.0060254159849018989,0
8.1999999999999993,0.0058852763151453135,0.0049850464263338614,0
8.1999999999999993,0.0044520450308106951,0.0037710465885189793,0
8.1999999999999993,0.0072374115400041664,0.0061303549062869094,0
8.1999999999999993,0.0065893361327199439,0.005581411098030507,0
8.1999999999999993,0.0047368286790634047,0.0040122688577856067,0
8.1999999999999993,0.0074239420699377754,0.0062883531551125018,0
8.1999999999999993,0.0073902111727534954,0.0062597818392623348,0
8.1999999999999993,0.0050321717045228032,0.0042624353095833158,0
8.1999999999999993,0.0076596814184944689,0.0064880330909626851,0
8.1999999999999993,0.0081487173966944704,0.0069022646282655203,0
8.1999999999999993,0.0053011051640021924,0.004490231883492562,0
8.1999999999999993,0.0078870537505918072,0.0066806258548151075,0
8.1999999999999993,0.0062503013323802316,0.0052942360990441487,0
8.1999999999999993,0.0055057081406768632,0.0046635381622588731,0
8.1999999999999993,0.0080664319635368169,0.0068325658269626343,0
8.1999999999999993,0.0070065737879961738,0.0059348268037662088,0
8.1999999999999993,0.0055700057339385638,0.0047180005987440144,0
8.1999999999999993,0.0080680026238436585,0.0068338962342587963,0
8.1999999999999993,0.0090371870284755816,0.0076548312242329403,0
8.1999999999999993,0.0053602366699957707,0.0045403184532392445,0
8.1999999999999993,0.0078173070722116489,0.0066215478419590391,0
8.1999999999999993,0.0084235133580890294,0.0071350269578430905,0
8.1999999999999993,0.0051197027269005166,0.0043365773187145559,0
8.1999999999999993,0.0074811858690924287,0.0063368407674394408,0
8.1999999999999993,0.0079493678522171898,0.0067334082006190619,0
8.1999999999999993,0.0050810718118932717,0.0043038555067739185,0
8.1999999999999993,0.0073563825753315696,0.0062311277677020768,0
8.1999999999999993,0.011845312294688293,0.010033417049847799,0
8.1999999999999993,0.0056964339395705567,0.004825089958856413,0
8.1999999999999993,0.0080410446473531214,0.0068110618324110014,0
8.1999999999999993,0.01769139841553382,0.054985944655792263,1
8.1999999999999993,0.0073758037919827522,0.0062475782555768593,0
8.1999999999999993,0.010096764948855119,0.0085523328609559829,0
8.1999999999999993,0.016947389720954099,0.052673520281941291,1
8.3000000000000007,0.013588489273019215,0.041395768576449325,1
8.3000000000000007,0.0089566528864376185,0.027285412135014925,1
8.3000000000000007,0.013306249242909862,0.040535956809690583,1
8.3000000000000007,0.008169385696128512,0.0067824561860628232,0
8.3000000000000007,0.0060863169631312341,0.0050530333212803619,0
8.3000000000000007,0.0089931446230547048,0.0074663642591512045,0
8.3000000000000007,0.0066699564496193083,0.0055375874105110271,0
8.3000000000000007,0.0042682427678389897,0.0035436164530787831,0
8.3000000000000007,0.0072480897415662521,0.006017570100542745,0
8.3000000000000007,0.0060188238418548813,0.0049969986137827797,0
8.3000000000000007,0.0037845553384199034,0.0031420454023522904,0
8.3000000000000007,0.0063477505157268615,0.0052700828868170822,0
8.3000000000000007,0.0057466102007036595,0.0047709991123475936,0
8.3000000000000007,0.0035744850322481075,0.0029676390637853375,0
8.3000000000000007,0.0059150298665339258,0.0049108259055551245,0
8.3000000000000007,0.0057568357391398397,0.0047794886449761195,0
8.3000000000000007,0.0035398102617494407,0.002938851083829826,0
8.3000000000000007,0.0057883700373663688,0.0048056693155963141,0
8.3000000000000007,0.0060028393569326053,0.0049837278401071673,0
8.3000000000000007,0.0036494124966900544,0.0030298459742695762,0
8.3000000000000007,0.0058782533248051957,0.0048802929753902248,0
8.3000000000000007,0.0060441594377097499,0.0050180329455214411,0
8.3000000000000007,0.0037447093945384095,0.0031089641672850531,0
8.3000000000000007,0.0059608260972114383,0.0049488472378328074,0
8.3000000000000007,0.0061390842820912986,0.0050968422491746886,0
8.3000000000000007,0.00379534833140578,0.0031510060518755317,0
8.3000000000000007,0.0049907180942032709,0.0041434360024115279,0
8.3000000000000007,0.0062048995764219196,0.0051514839770566033,0
8.3000000000000007,0.0038728088168896008,0.0032153159484194236,0
8.3000000000000007,0.0052646974037515934,0.0043709014119318384,0
8.3000000000000007,0.0061174093883196506,0.0050788471363458947,0
8.3000000000000007,0.0038589200082418218,0.0032037850647478627,0
8.3000000000000007,0.0053093902225795431,0.004408006660332078,0
8.3000000000000007,0.0059628102045236825,0.0049504945001135102,0
8.3000000000000007,0.0037721084972490173,0.003131711681062032,0
8.3000000000000007,0.0051261243792210661,0.0042558541485991858,0
8.3000000000000007,0.0067916641008654837,0.0056386325616142475,0
8.3000000000000007,0.0042137026879492069,0.0034983357286771767,0
8.3000000000000007,0.0055167435912808196,0.0045801573201932491,0
8.3000000000000007,0.0065803603356850461,0.0054632021703223286,0
8.3000000000000007,0.0040452589800954262,0.0033584889750984284,0
8.3000000000000007,0.0051226525930606519,0.0042529717730575888,0
8.3000000000000007,0.0055007846478470042,0.0045669077517872664,0
8.3000000000000007,0.0047077778266907434,0.0039085309509110161,0
8.3000000000000007,0.0046153590484583947,0.0038318022545994418,0
8.3000000000000007,0.0053572099207941587,0.0044477079328677938,0
8.3000000000000007,0.0043719630125054164,0.0036297279480215585,0
8.3000000000000007,0.0043516544364637644,0.0036128671910041609,0
8.3000000000000007,0.0055714559444330737,0.0046255810707535178,0
8.3000000000000007,0.0043038393657636627,0.0035731697603625123,0
8.3000000000000007,0.0057307672725635762,0.0047578458631357245,0
8.3000000000000007,0.0042671870858062757,0.0035427399958518108,0
8.3000000000000007,0.0042163637969137007,0.0035005450569705605,0
8.3000000000000007,0.0061719677811705983,0.0051241430646883305,0
8.3000000000000007,0.004528230343639761,0.0037594655275844805,0
8.3000000000000007,0.004415226234956055,0.0036656463048789665,0
8.3000000000000007,0.0064626184032011138,0.0053654494716447428,0
8.3000000000000007,0.0046922506074488588,0.0038956398121991567,0
8.3000000000000007,0.0045798215662972066,0.0038022980269026797,0
8.3000000000000007,0.0065221767443337545,0.0054148964991535741,0
8.3000000000000007,0.0040935178396035122,0.0033985548518213346,0
8.3000000000000007,0.0047210206586364052,0.0039195255263652527,0
8.3000000000000007,0.0064883993897900264,0.0053868535794292039,0
8.3000000000000007,0.0039875422778967952,0.0033105709285736131,0
8.3000000000000007,0.0048361742529779862,0.0040151293131542093,0
8.3000000000000007,0.0062938667235774553,0.0052253470311498119,0
8.3000000000000007,0.0038576006218703964,0.0032026896726841821,0
8.3000000000000007,0.0049080718910608665,0.0040748207756848166,0
8.3000000000000007,0.0074202275997210685,0.0061604838426924189,0
8.3000000000000007,0.0037693889459687112,0.0031294538322970788,0
8.3000000000000007,0.0050242518551659237,0.0041712766838217447,0
8.3000000000000007,0.0058777882512189,0.0048799068580810808,0
8.3000000000000007,0.003738583620096235,0.0031038783752432549,0
8.3000000000000007,0.0050984610323567582,0.0042328872518157534,0
8.3000000000000007,0.0056928148714723787,0.004726336701109145,0
8.3000000000000007,0.0038767949806912975,0.0032186253748978776,0
8.3000000000000007,0.0053689336762169238,0.0044574413278192296,0
8.3000000000000007,0.0058976783356677713,0.0048964201714842533,0
8.3000000000000007,0.0048707007353940004,0.0040437941801290244,0
8.3000000000000007,0.0061185350813624858,0.0050797817187032438,0
8.3000000000000007,0.0052080746163425179,0.0043238915645553338,0
8.3000000000000007,0.0067437599363268106,0.0055988611627356922,0
8.3000000000000007,0.0059978927055164954,0.0049796209895133208,0
8.3000000000000007,0.0073898431589305242,0.0061352578163955396,0
8.3000000000000007,0.0068784929509024912,0.0057107203406673657,0
8.3000000000000007,0.0078973478978095375,0.0065566026743445758,0
8.3000000000000007,0.0077940311938179529,0.0064708262103390368,0
8.3000000000000007,0.0078504606998317222,0.0065176755900079293,0
8.3000000000000007,0.0052132802479469666,0.004328213427861982,0
8.3000000000000007,0.0077501212396740285,0.0064343709184491778,0
8.3000000000000007,0.0076606218789934824,0.0063600660055615288,0
8.3000000000000007,0.0050769311024783589,0.0042150124921311359,0
8.3000000000000007,0.0076078743961279886,0.0063162735461566727,0
8.3000000000000007,0.0075277112431358381,0.0062497198182351766,0
8.3000000000000007,0.004983222573377178,0.0041372130079924017,0
8.3000000000000007,0.0075297289711720146,0.0062513949933964185,0
8.3000000000000007,0.007158208445075886,0.005942948093690832,0
8.3000000000000007,0.0047879628759915213,0.0039751028577702484,0
8.3000000000000007,0.0073192524553586883,0.0060766514080402307,0
8.3000000000000007,0.0066356712327111959,0.0055091228490178491,0
8.3000000000000007,0.0045337946323609213,0.0037640851582227733,0
8.3000000000000007,0.0070823352344484627,0.0058799559978444703,0
8.3000000000000007,0.0064212565373407285,0.0053311096750667921,0
8.3000000000000007,0.0044777582032932365,0.0037175621222061122,0
8.3000000000000007,0.0071816151440677765,0.0059623810004329003,0
8.3000000000000007,0.0072927316396962589,0.0060546330731323424,0
8.3000000000000007,0.0045101216847366621,0.0037444312042990914,0
8.3000000000000007,0.0073677872961232559,0.0061169464122458979,0
8.3000000000000007,0.0069229670192117038,0.0057476439761698682,0
8.3000000000000007,0.0044176383788020052,0.0036676489352551267,0
8.3000000000000007,0.0073698453182742107,0.0061186550407264229,0
8.3000000000000007,0.0066561631606702008,0.0055261358300080568,0
8.3000000000000007,0.0043395759736255717,0.0036028393078753411,0
8.3000000000000007,0.007351517448639819,0.0061034387224617528,0
8.3000000000000007,0.0064462729530822029,0.0053518790144039333,0
8.3000000000000007,0.0042765082096229892,0.0035504786577589954,0
8.3000000000000007,0.007334888286652021,0.0060896327195640535,0
8.3000000000000007,0.0063221599541274749,0.0052488368752709709,0
8.3000000000000007,0.0042161283746461912,0.0035003496027131657,0
8.3000000000000007,0.0072782594049787836,0.006042617812556236,0
8.3000000000000007,0.0063359225078997005,0.0052602629385565727,0
8.3000000000000007,0.0041769753838344983,0.0034678436769788146,0
8.3000000000000007,0.0071584688582315972,0.0059431642960938742,0
8.3000000000000007,0.0066349097488573542,0.0055084906434803476,0
8.3000000000000007,0.0042321993386727772,0.0035136921737989901,0
8.3000000000000007,0.0071306925006708955,0.0059201035746184322,0
8.3000000000000007,0.0056306176011773068,0.0046746987596089726,0
8.3000000000000007,0.0043657477864839289,0.0036245678907363219,0
8.3000000000000007,0.0071833616704939087,0.0059638310163096951,0
8.3000000000000007,0.006169207513148374,0.005121851411727032,0
8.3000000000000007,0.0045792020517742126,0.003801783688338542,0
8.3000000000000007,0.0073204255271898406,0.0060776253256141881,0
8.3000000000000007,0.0068203434900995221,0.0056624430056498483,0
8.3000000000000007,0.0048402347895623397,0.004018500486030566,0
8.3000000000000007,0.0075432766106623564,0.0062626426287371471,0
8.3000000000000007,0.0074527778074981342,0.0061875079502945124,0
8.3000000000000007,0.0050858758042831411,0.0042224386377857697,0
8.3000000000000007,0.0077738176707769537,0.0064540443690242685,0
8.3000000000000007,0.0062808370960025037,0.0052145294640235955,0
8.3000000000000007,0.0041875798015831986,0.0034766477659806776,0
8.3000000000000007,0.0063019491789990008,0.0052320573153512816,0
8.3000000000000007,0.007120033356399014,0.0059112540501016489,0
8.3000000000000007,0.0045921428734286085,0.0038125275262655711,0
8.3000000000000007,0.00684810656376448,0.0056854926984575022,0
8.3000000000000007,0.0075323382932016405,0.0062535613267046429,0
8.3000000000000007,0.0048342409639492608,0.0040135242416567849,0
8.3000000000000007,0.007252348232207495,0.0060211056205031598,0
8.3000000000000007,0.0091949065189076157,0.0076338727193390795,0
8.3000000000000007,0.0059925960122341479,0.0049752235242136291,0
8.3000000000000007,0.0088324020297175926,0.0073329111897166514,0
8.3000000000000007,0.0096353422914062653,0.0079995350152400405,0
8.3000000000000007,0.0063028982879787619,0.0052328452926007933,0
8.3000000000000007,0.0090858126616666385,0.0075432998985141093,0
8.3000000000000007,0.010628988819460837,0.0088244886031404596,0
8.3000000000000007,0.0069230987042762544,0.0057477533048530625,0
8.3000000000000007,0.0096562306140155658,0.0080168770943348077,0
8.3000000000000007,0.022334469492634384,0.068039390679773132,1
8.3000000000000007,0.009224607316219555,0.0076585311653902697,0
8.3000000000000007,0.011544039792583817,0.0095841899275817734,0
8.3000000000000007,0.018420453002920785,0.056115789935259251,1
8.4000000000000004,0.016974480602131446,0.050458995426368863,1
8.4000000000000004,0.016981020535423316,0.050478436284195266,1
8.4000000000000004,0.01174477510609395,0.0095147993170204975,0
8.4000000000000004,0.0119704121309971,0.0096975947295379408,0
8.4000000000000004,0.0087694576285644622,0.0071044041883451172,0
8.4000000000000004,0.010557482925787629,0.0085529378318720227,0
8.4000000000000004,0.0078211787634699225,0.0063361746550895217,0
8.4000000000000004,0.010080331405518646,0.0081663828814230368,0
8.4000000000000004,0.0064062488050011185,0.005189896886391725,0
8.4000000000000004,0.0070344998126436265,0.0056988621245028202,0
8.4000000000000004,0.006227954402247278,0.0050454551711416294,0
8.4000000000000004,0.0097689163112096283,0.0079140960475011287,0
8.4000000000000004,0.0061177683244701651,0.0049561900802302791,0
8.4000000000000004,0.009382987757174761,0.0076014435948846141,0
8.4000000000000004,0.0059761712641764773,0.0048414779975889145,0
8.4000000000000004,0.0089488431779840769,0.0072497298746765221,0
8.4000000000000004,0.0068044123243797654,0.0055124612563370234,0
8.4000000000000004,0.0085446353941413204,0.0069222688623625543,0
8.4000000000000004,0.0067087886181459453,0.0054349935852623828,0
8.4000000000000004,0.0052711931901006197,0.0042703538307029094,0
8.4000000000000004,0.008048459646138071,0.0065203018067504044,0
8.4000000000000004,0.006626977487155382,0.0053687159012503829,0
8.4000000000000004,0.0049422658814812382,0.0040038798196529073,0
8.4000000000000004,0.00753624082813527,0.006105337772473636,0
8.4000000000000004,0.0065508084915962697,0.0053070090826542625,0
8.4000000000000004,0.0047287663740388638,0.0038309173789721229,0
8.4000000000000004,0.007180176229548506,0.0058168790179342952,0
8.4000000000000004,0.0062150283038817132,0.0050349833459436659,0
8.4000000000000004,0.0065170989888227015,0.0052796999897963982,0
8.4000000000000004,0.0059214893881193902,0.0047971785476410471,0
8.4000000000000004,0.0061018840500928918,0.0049433217467261476,0
8.4000000000000004,0.0059463462188500595,0.0048173158217840609,0
8.4000000000000004,0.0060106423314788141,0.0048694040570206581,0
8.4000000000000004,0.006214280624109338,0.0050343776278329927,0
8.4000000000000004,0.006200744275585088,0.005023411420431825,0
8.4000000000000004,0.0066012832103128369,0.0053479001865564561,0
8.4000000000000004,0.0065746399723102221,0.0053263156895813754,0
8.4000000000000004,0.006964821510250776,0.0056424136137369855,0
8.4000000000000004,0.0069310791550892346,0.0056150779061610173,0
8.4000000000000004,0.0071643783232529347,0.0058040806538384631,0
8.4000000000000004,0.0071119836943213987,0.005761634172311997,0
8.4000000000000004,0.0071890061660887959,0.0058240324179273948,0
8.4000000000000004,0.0070677007491430598,0.0057257592123632194,0
8.4000000000000004,0.007229270833360133,0.005856652048800922,0
8.4000000000000004,0.0070460755312019303,0.0057082399659716971,0
8.4000000000000004,0.0072076403944432432,0.0058391285727382352,0
8.4000000000000004,0.0070329350423237492,0.0056975944565026779,0
8.4000000000000004,0.0071851002280669402,0.005820868098807875,0
8.4000000000000004,0.0070310943056097171,0.0056961032197381349,0
8.4000000000000004,0.0072105370458359925,0.0058414752380804326,0
8.4000000000000004,0.0070547607322265556,0.0057152761113240603,0
8.4000000000000004,0.007246838658086373,0.0058708842776172936,0
8.4000000000000004,0.0070791083252210521,0.0057350008364978038,0
8.4000000000000004,0.0073381429866899838,0.0059448526895784469,0
8.4000000000000004,0.0071599269130403547,0.0058004744311166284,0
8.4000000000000004,0.007448129887645847,0.006033956421292566,0
8.4000000000000004,0.0072489947362066711,0.0058726309820404214,0
8.4000000000000004,0.0075945759461670051,0.0061525968247920304,0
8.4000000000000004,0.0074325119498733728,0.0060213038551677608,0
8.4000000000000004,0.0077283293732400187,0.0062609545417399801,0
8.4000000000000004,0.0076701690657532276,0.0062138371087577275,0
8.4000000000000004,0.0079723975776699457,0.006458681613040934,0
8.4000000000000004,0.0080094673753087868,0.0064887129829113641,0
8.4000000000000004,0.0082938103514219978,0.0067190678709771025,0
8.4000000000000004,0.0082960382398037744,0.0067208727510758579,0
8.4000000000000004,0.006791044337542608,0.005501631443856226,0
8.4000000000000004,0.0068047788164007552,0.0055127581626634118,0
8.4000000000000004,0.0081345494475246194,0.0065900457717080769,0
8.4000000000000004,0.0054198751363310543,0.0043908055947994903,0
8.4000000000000004,0.0082142274332420162,0.0066545953298934955,0
8.4000000000000004,0.0079888992736672233,0.0064720501385670719,0
8.4000000000000004,0.0053555416660876244,0.0043386870950236928,0
8.4000000000000004,0.0081833873377911825,0.0066296108311285759,0
8.4000000000000004,0.0077166868887334804,0.006251522611146967,0
8.4000000000000004,0.0052109439781592689,0.004221544112726008,0
8.4000000000000004,0.0080270243681751282,0.0065029364365087796,0
8.4000000000000004,0.0081514722468960781,0.006603755445877834,0
8.4000000000000004,0.0050309316119106122,0.0040757106230281705,0
8.4000000000000004,0.0079241165127613509,0.0064195676547686318,0
8.4000000000000004,0.0072509830444471091,0.0058742417709842076,0
8.4000000000000004,0.0045937851430855976,0.0037215649807794725,0
8.4000000000000004,0.0075021053046157296,0.0060776835472597934,0
8.4000000000000004,0.0068161780872607195,0.0055219930584884183,0
8.4000000000000004,0.0044332697025532396,0.0035915265432485497,0
8.4000000000000004,0.0073791198532655944,0.0059780492947569463,0
8.4000000000000004,0.0065101277876846971,0.0052740524078522975,0
8.4000000000000004,0.0049853366871782968,0.004038772788562738,0
8.4000000000000004,0.0073368687949498133,0.0059438204281183843,0
8.4000000000000004,0.0063151201154759279,0.005116070764986865,0
8.4000000000000004,0.0048653253767383551,0.0039415479780156026,0
8.4000000000000004,0.0072519459469654116,0.0058750218475834394,0
8.4000000000000004,0.0062017428836202339,0.0050242204231555863,0
8.4000000000000004,0.0047954476523733788,0.0038849379094483606,0
8.4000000000000004,0.0071972189547158992,0.0058306858476366999,0
8.4000000000000004,0.006169397955438762,0.0049980168136534789,0
8.4000000000000004,0.0047641989444730769,0.0038596223813176173,0
8.4000000000000004,0.0071480092124733214,0.0057908195396273203,0
8.4000000000000004,0.0064153304886903897,0.0051972542344025209,0
8.4000000000000004,0.0040461741708707781,0.0032779286865673336,0
8.4000000000000004,0.0070590529759042087,0.0057187533883977975,0
8.4000000000000004,0.0067009948026546858,0.005428679578425865,0
8.4000000000000004,0.0041401874731350182,0.0033540917204350909,0
8.4000000000000004,0.0070589207752177561,0.0057186462886032246,0
8.4000000000000004,0.0058433509439542305,0.004733876218864232,0
8.4000000000000004,0.0042693583542103329,0.0034587369775755743,0
8.4000000000000004,0.0071331420888194885,0.0057787752308423737,0
8.4000000000000004,0.0063966155891992159,0.0051820927254516737,0
8.4000000000000004,0.0045265779669439784,0.0036671184045040895,0
8.4000000000000004,0.0073373855931224436,0.0059442391020270427,0
8.4000000000000004,0.0069711845720330512,0.0056475685235035204,0
8.4000000000000004,0.00480818052671283,0.0038952531979893779,0
8.4000000000000004,0.0075878119567271366,0.0061471171113431635,0
8.4000000000000004,0.0074818447343154701,0.0060612698434030611,0
8.4000000000000004,0.005060404439421933,0.0040995874564747192,0
8.4000000000000004,0.0078026511478563902,0.0063211648705007823,0
8.4000000000000004,0.0065080970470953823,0.0052724072431728792,0
8.4000000000000004,0.0052542278183608385,0.0042566096673635114,0
8.4000000000000004,0.0078918461017375915,0.0063934244138810726,0
8.4000000000000004,0.0069325879234956016,0.005616300205308746,0
8.4000000000000004,0.0053980739549325607,0.0043731437950624312,0
8.4000000000000004,0.0078577442875047403,0.0063657974975850299,0
8.4000000000000004,0.0092273013765810201,0.0074753173255979318,0
8.4000000000000004,0.0056792491888457411,0.0046009323988827023,0
8.4000000000000004,0.0080434800351178205,0.0065162676724986627,0
8.4000000000000004,0.010074131867755205,0.0081613604474347692,0
8.4000000000000004,0.006233175984645953,0.0050496853337621888,0
8.4000000000000004,0.0086454938083948864,0.0070039773295223606,0
8.4000000000000004,0.011804344799680355,0.009563058536522874,0
8.4000000000000004,0.0073302562564958396,0.005938463409716814,0
8.4000000000000004,0.0098842641758591348,0.0080075428588596044,0
8.4000000000000004,0.022253864001244784,0.066152694045722021,1
8.4000000000000004,0.014178634092778331,0.042147954309118781,1
8.4000000000000004,0.012328240036781929,0.0099874819928373274,0
8.4000000000000004,0.017412642261703942,0.051761491667320261,1
8.5,0.017979637782469464,0.051901555930340092,1
8.5,0.017789378369545361,0.051352336881512424,1
8.5,0.012230853224904054,0.0096220811585562213,0
8.5,0.01203423021228443,0.0094673967264665964,0
8.5,0.0098851356825952717,0.0077766919488168338,0
8.5,0.0096848745996382761,0.0076191454262905852,0
8.5,0.0074263769100936152,0.0058423725662450085,0
8.5,0.0085234967926942871,0.006705482960665767,0
8.5,0.0069917714399950533,0.0055004659937153031,0
8.5,0.0079898944060989106,0.0062856949560345307,0
8.5,0.0069250565176458513,0.0054479809883336916,0
8.5,0.0078338552079831938,0.0061629380395237252,0
8.5,0.0071587030540035184,0.0056317920351927429,0
8.5,0.0079753331857310081,0.0062742395619118782,0
8.5,0.0073759275010222202,0.005802683731822752,0
8.5,0.0080948008178735511,0.0063682254213738706,0
8.5,0.0076887832927616051,0.0060488091462714503,0
8.5,0.0082217060675621942,0.0064680624964738006,0
8.5,0.0077808050319234092,0.0061212031670551731,0
8.5,0.0082672305558097771,0.0065038768679297554,0
8.5,0.0088991737564634143,0.0070010301451766737,0
8.5,0.008168245795404051,0.006426004999093589,0
8.5,0.0086081289601288632,0.00677206356372802,0
8.5,0.0080220696518642186,0.0063110074032005142,0
8.5,0.0082715708741072837,0.0065072914207941097,0
8.5,0.0078070394569222214,0.0061418419370448769,0
8.5,0.0078573516047860548,0.0061814227873016169,0
8.5,0.0075827765148191433,0.0059654130166668113,0
8.5,0.0075077839157510562,0.0059064159163619099,0
8.5,0.00738424587908272,0.0058092278467208602,0
8.5,0.0072481847647230691,0.0057021878012867089,0
8.5,0.0072357298304409224,0.0056923894342976195,0
8.5,0.0072534898758522433,0.0057063613621087892,0
8.5,0.0071928819140905705,0.0056586807370369386,0
8.5,0.0072107757155656484,0.0056727578914972437,0
8.5,0.0071383545713442284,0.0056157837692115539,0
8.5,0.0071807516586774789,0.0056491377967438508,0
8.5,0.0070920366349008631,0.0055793451875885275,0
8.5,0.0071908191181934604,0.0056570579238798711,0
8.5,0.0070611683184144246,0.0055550609090513833,0
8.5,0.0071791939373580084,0.0056479123286033413,0
8.5,0.0080780237626295291,0.0063550268174669203,0
8.5,0.0071467188129572552,0.0056223639652248983,0
8.5,0.0079582651467432989,0.0062608120394539411,0
8.5,0.0071228912676882441,0.0056036187010825109,0
8.5,0.0078450814976751722,0.0061717698248897473,0
8.5,0.0071100008954972597,0.0055934777726366442,0
8.5,0.0077864619863146972,0.0061256535249543578,0
8.5,0.0071274345857528284,0.0056071929550076212,0
8.5,0.0066150333661369153,0.0052040840279175262,0
8.5,0.0071726734817391035,0.0056427826494221608,0
8.5,0.0066757288969766428,0.0052518335440765737,0
8.5,0.0073223179622872378,0.0057605088055853538,0
8.5,0.0068218124170690798,0.0053667582725816076,0
8.5,0.0075202627399867548,0.0059162330777120884,0
8.5,0.0071582815299834988,0.0056314604198707107,0
8.5,0.0077827056426424375,0.0061226983882186545,0
8.5,0.0075717065666810633,0.0059567042260822971,0
8.5,0.008134285720463718,0.0063992884167572732,0
8.5,0.0080019536357958058,0.0062951820199964245,0
8.5,0.0084887651798264269,0.0066781594050938937,0
8.5,0.0084292155195291405,0.0066313113517480942,0
8.5,0.0072374793808198034,0.0056937658154402118,0
8.5,0.0071875107418692121,0.0056544552055813515,0
8.5,0.007662521416415327,0.006028148780151993,0
8.5,0.007633059334273668,0.006004970794098668,0
8.5,0.0081766245799823212,0.0064325966361396475,0
8.5,0.0081740871064486277,0.0064306003914108515,0
8.5,0.0084985021778416197,0.0066858195563049404,0
8.5,0.0085770916212300711,0.0067476463143065568,0
8.5,0.0089264957837098605,0.0070225245379837344,0
8.5,0.0063085904594958036,0.0049630036663152171,0
8.5,0.0091593151441478476,0.0072056848408852542,0
8.5,0.0090638784542239198,0.007130604259092138,0
8.5,0.0060839211128106445,0.0047862550251621481,0
8.5,0.0091025613979118722,0.0071610363488877589,0
8.5,0.0084563994553836438,0.0066526971072789036,0
8.5,0.0057494654933448177,0.0045231369045160208,0
8.5,0.0087394692744731071,0.0068753897291861559,0
8.5,0.007864019761297511,0.0061866686636073307,0
8.5,0.0053578690147220148,0.0042150657479558869,0
8.5,0.008217982262522034,0.0064651329580633406,0
8.5,0.0074193241460392212,0.0058368241170178251,0
8.5,0.0050232345604449323,0.0039518069369559291,0
8.5,0.0077204249595531028,0.0060737018238517723,0
8.5,0.0070577612161727039,0.0055523805225172205,0
8.5,0.004735612239309326,0.0037255328360335182,0
8.5,0.0072887272285915451,0.0057340827860876045,0
8.5,0.0060255407869677161,0.0047403268938213334,0
8.5,0.0046366719151427682,0.0036476959254371239,0
8.5,0.0071122805152998864,0.0055952711623820832,0
8.5,0.0061417306886430443,0.0048317341442532394,0
8.5,0.0046649728883016855,0.0036699604605103394,0
8.5,0.007059081783699751,0.0055534194204327585,0
8.5,0.0064521511480243729,0.0050759436690116294,0
8.5,0.0047893255085530145,0.0037677893676466841,0
8.5,0.0070855008765841635,0.0055742034696887547,0
8.5,0.0067822556065586063,0.0053356387068320653,0
8.5,0.0049364188155906477,0.0038835085012321208,0
8.5,0.0072001701015917893,0.0056644143952164598,0
8.5,0.0061298293461559423,0.0048223712910490588,0
8.5,0.0043978460963620021,0.0034598103079081636,0
8.5,0.0073765123087054857,0.0058031438033228381,0
8.5,0.0066581228478581117,0.0052379827660167834,0
8.5,0.0046371395069973384,0.0036480637825842105,0
8.5,0.0075782470821223495,0.0059618496864387921,0
8.5,0.0072503541336246249,0.005703894456026962,0
8.5,0.0049265110935783609,0.003875714040490451,0
8.5,0.0078699014351338165,0.0061912958095603089,0
8.5,0.0076986356534774082,0.0060565600539691893,0
8.5,0.0052026148398076968,0.004092926413621592,0
8.5,0.008247496637867089,0.006488352083474474,0
8.5,0.0082815152846009987,0.0065151147445708744,0
8.5,0.0056306653798695681,0.0044296761857513661,0
8.5,0.0089372397267186657,0.0070309768584958573,0
8.5,0.0091175097454886302,0.0071727962981672604,0
8.5,0.006319157526524336,0.0049713168374968808,0
8.5,0.010242299522741827,0.0080576747546438326,0
8.5,0.012547313435693529,0.0098710421897841988,0
8.5,0.0094399727044194876,0.0074264797251863282,0
8.5,0.01258312987825762,0.0098992191869916139,0
8.5,0.014622608251507298,0.042210868160705538,1
8.5,0.011450641211341216,0.033054397561231443,1
8.5,0.023069184739884684,0.06659347627191313,1
8.5,0.016658278637368948,0.048087207921596091,1
8.5999999999999996,0.019282798019011255,0.058437194836923931,1
8.5999999999999996,0.01900799672614539,0.057604399893119183,1
8.5999999999999996,0.01316712365448133,0.010874844209854581,0
8.5999999999999996,0.012933158270802674,0.01068161012435723,0
8.5999999999999996,0.010559097047932205,0.0087208519040464175,0
8.5999999999999996,0.010343346286332374,0.008542661436475538,0
8.5999999999999996,0.0092340055546624982,0.0076264470870758393,0
8.5999999999999996,0.0089765466927983935,0.0074138095295736197,0
8.5999999999999996,0.0085073646163068145,0.007026307891266648,0
8.5999999999999996,0.0082512960136634523,0.0068148185611855115,0
8.5999999999999996,0.0081154197490395878,0.0067025971491006791,0
8.5999999999999996,0.0079041945612194024,0.0065281443930532319,0
8.5999999999999996,0.0080183806215633775,0.0066224516730456363,0
8.5999999999999996,0.0077912805008101462,0.0064348876690887048,0
8.5999999999999996,0.0079983188744655875,0.0066058824981832364,0
8.5999999999999996,0.0078106652293381314,0.0064508976883096017,0
8.5999999999999996,0.0079584506324719556,0.006572954963515937,0
8.5999999999999996,0.0078117394715441837,0.0064517849144753925,0
8.5999999999999996,0.0079156085512828902,0.0065375713086811586,0
8.5999999999999996,0.0078021745499113294,0.006443885160864333,0
8.5999999999999996,0.0078592829534746174,0.0064910514978807612,0
8.5999999999999996,0.0077750496351517255,0.0064214824531844458,0
8.5999999999999996,0.0077747911023337548,0.00642126892863707,0
8.5999999999999996,0.0076979561081120928,0.0063578102254341663,0
8.5999999999999996,0.0076149486236654733,0.0062892536078085932,0
8.5999999999999996,0.0075594146807520819,0.0062433876318073317,0
8.5999999999999996,0.0082850533049226831,0.0068426990074412046,0
8.5999999999999996,0.0082844226407915063,0.0068421781363416949,0
8.5999999999999996,0.0080498886502092838,0.0066484744333595242,0
8.5999999999999996,0.0080193985568106797,0.0066232923947947917,0
8.5999999999999996,0.0078808426420538327,0.0065088578358984163,0
8.5999999999999996,0.0078058402966603721,0.0064469127336171002,0
8.5999999999999996,0.0077600530692328168,0.0064090966563824653,0
8.5999999999999996,0.0076405671487027446,0.0063104121748561335,0
8.5999999999999996,0.0075918068288029087,0.006270140594179293,0
8.5999999999999996,0.0074765968945681533,0.0061749876876594128,0
8.5999999999999996,0.0073967880597733899,0.0061090728631511999,0
8.5999999999999996,0.0073119173331598402,0.0060389773772942419,0
8.5999999999999996,0.0072666368294710543,0.0060015798076897596,0
8.5999999999999996,0.0071594144616892764,0.00591302390314779,0
8.5999999999999996,0.0071850581229492951,0.0059342032304246367,0
8.5999999999999996,0.0070290504775906686,0.005805355132439024,0
8.5999999999999996,0.007235790648374955,0.005976103673137406,0
8.5999999999999996,0.0070380263346924189,0.0058127683724292353,0
8.5999999999999996,0.0072887365722293478,0.0060198321812438369,0
8.5999999999999996,0.0070901045469643443,0.0058557802298436793,0
8.5999999999999996,0.0073184996187480623,0.0060444137453420444,0
8.5999999999999996,0.0071451381963179225,0.0059012330089566216,0
8.5999999999999996,0.0073918162165322251,0.0061049665737213828,0
8.5999999999999996,0.007261082923763252,0.005996992787706241,0
8.5999999999999996,0.0074959645433579428,0.0061909836005730468,0
8.5999999999999996,0.0074178519333762474,0.0061264697031823316,0
8.5999999999999996,0.0077122235702042075,0.0063695938489189323,0
8.5999999999999996,0.0076463921831853793,0.0063152231224995184,0
8.5999999999999996,0.0068208664941256259,0.0056334141340419475,0
8.5999999999999996,0.0067692365389224853,0.0055907724961163519,0
8.5999999999999996,0.0072011852932992917,0.0059475228034539607,0
8.5999999999999996,0.0071320438715520408,0.0058904182899945385,0
8.5999999999999996,0.0076079210674801934,0.006283449486825428,0
8.5999999999999996,0.0075324419273652288,0.0062211105955547706,0
8.5999999999999996,0.0078863078325706309,0.00651337158521884,0
8.5999999999999996,0.0078656452147498751,0.0064963061458970179,0
8.5999999999999996,0.0082774385473673457,0.0068364099116384209,0
8.5999999999999996,0.0083188910839192328,0.0068706459292330194,0
8.5999999999999996,0.0085593251810253314,0.0070692225825232779,0
8.5999999999999996,0.0087786061562872397,0.0072503286848683117,0
8.5999999999999996,0.0088413532025821105,0.0073021520269277631,0
8.5999999999999996,0.0077535824673331723,0.0064037525288836196,0
8.5999999999999996,0.0090276612917676163,0.0074560255302147547,0
8.5999999999999996,0.0084952711097848067,0.0070163197569687715,0
8.5999999999999996,0.008920833085566033,0.0073677951672178167,0
8.5999999999999996,0.0094712623377515622,0.0078223995685387654,0
8.5999999999999996,0.0087475853628314407,0.0072247083364193878,0
8.5999999999999996,0.01047025388512423,0.0086474755479036217,0
8.5999999999999996,0.0086895739556516506,0.0071767962007070491,0
8.5999999999999996,0.011478601333405492,0.0094802786488094939,0
8.5999999999999996,0.0084928574949766824,0.007014326331091586,0
8.5999999999999996,0.006084943433288725,0.0050256087509492732,0
8.5999999999999996,0.0083482040174313026,0.0068948557410068402,0
8.5999999999999996,0.0060139699434069438,0.0049669911161683185,0
8.5999999999999996,0.0082270839794345071,0.0067948216273712057,0
8.5999999999999996,0.0059244981175432688,0.0048930955416319945,0
8.5999999999999996,0.0081663174995539097,0.00674463405267961,0
8.5999999999999996,0.0058310613083826946,0.0048159252522240016,0
8.5999999999999996,0.012346333140564892,0.010196946044545723,0
8.5999999999999996,0.0082386255372596823,0.0068043539023449505,0
8.5999999999999996,0.0057413088857505195,0.0047417979303278684,0
8.5999999999999996,0.01121767646605764,0.0092647784866370861,0
8.5999999999999996,0.0084339706520753528,0.0069656911652522958,0
8.5999999999999996,0.0050990587121751947,0.0042113578156406616,0
8.5999999999999996,0.010164702212663603,0.008395117711578531,0
8.5999999999999996,0.0085305887739011172,0.0070454889290065929,0
8.5999999999999996,0.0050579570525215046,0.0041774115903883274,0
8.5999999999999996,0.0091259906195601554,0.0075372365941542693,0
8.5999999999999996,0.0085433658151386101,0.0070560416006884858,0
8.5999999999999996,0.0050163948086241151,0.0041430849645240483,0
8.5999999999999996,0.0084636259621806535,0.0069901837488911154,0
8.5999999999999996,0.008533589604502052,0.0070479673416152756,0
8.5999999999999996,0.0050298320222935452,0.0041541828784727678,0
8.5999999999999996,0.0080962131038826868,0.0066867342105154425,0
8.5999999999999996,0.0085883061836127331,0.0070931582496024052,0
8.5999999999999996,0.0051412460545214615,0.0042462007158580754,0
8.5999999999999996,0.0080095102157008036,0.0066151255261691459,0
8.5999999999999996,0.0089827273626407848,0.0074189141996148754,0
8.5999999999999996,0.005440697865278169,0.0044935206223001879,0
8.5999999999999996,0.0082871060018729001,0.0068443943480584434,0
8.5999999999999996,0.010128863063009608,0.008365517840009903,0
8.5999999999999996,0.006125437117733318,0.0050590528440840775,0
8.5999999999999996,0.0092744510356009002,0.0076598513685073484,0
8.5999999999999996,0.0072532246851654226,0.0059905025987509498,0
8.5999999999999996,0.0076122930248258228,0.0062870603251735328,0
8.5999999999999996,0.011809003359146492,0.0097531606123149317,0
8.5999999999999996,0.0077047823503613305,0.0063634480794520359,0
8.5999999999999996,0.0076035718726996009,0.0062798574482816737,0
8.5999999999999996,0.01328033443416122,0.010968345996896426,0
8.5999999999999996,0.008853530516116051,0.0073122093781801045,0
8.5999999999999996,0.020111920888295894,0.060949880734912719,1
8.5999999999999996,0.020563566233218145,0.062318607772990406,1
8.6999999999999993,0.0211538345046067,0.06150513378703551,1
8.6999999999999993,0.020802578283017317,0.060483850345601817,1
8.6999999999999993,0.014749637665533373,0.01168736046077835,0
8.6999999999999993,0.014427095713790982,0.011431783738202637,0
8.6999999999999993,0.011973489203553752,0.0094875879305276571,0
8.6999999999999993,0.011678662325889206,0.0092539721583352816,0
8.6999999999999993,0.0094942291043430809,0.007523064657985805,0
8.6999999999999993,0.010185974650477903,0.0080711919902054802,0
8.6999999999999993,0.0086150856785479381,0.0068264464530517644,0
8.6999999999999993,0.0092726346968748288,0.0073474770418760233,0
8.6999999999999993,0.0080651516734158799,0.0063906881589590875,0
8.6999999999999993,0.0086591519834937382,0.0068613638389398001,0
8.6999999999999993,0.0077255473536154686,0.006121591507939673,0
8.6999999999999993,0.0082399275889284071,0.0065291776032951141,0
8.6999999999999993,0.0082790836112380459,0.0065602041652568647,0
8.6999999999999993,0.0079275898420755244,0.006281686518039023,0
8.6999999999999993,0.0081341017574421224,0.0064453230255293184,0
8.6999999999999993,0.0077883835097660873,0.0061713818026950581,0
8.6999999999999993,0.0081274687974557513,0.0064400671815526356,0
8.6999999999999993,0.0077807071041167183,0.0061652991502325512,0
8.6999999999999993,0.0080408463771899329,0.0063714290581906377,0
8.6999999999999993,0.0077488681099739361,0.0061400704761665542,0
8.6999999999999993,0.0079213879722352994,0.0062767722625164677,0
8.6999999999999993,0.0076731940339518617,0.0060801076334132684,0
8.6999999999999993,0.0077284473878143,0.0061238894454076253,0
8.6999999999999993,0.0075966550684596302,0.0060194594670455528,0
8.6999999999999993,0.0075661203880031634,0.005995264308822558,0
8.6999999999999993,0.0076061438457987454,0.006026978211818074,0
8.6999999999999993,0.0083052034241271749,0.0065809010579755715,0
8.6999999999999993,0.0087726562469542402,0.0069513026747932338,0
8.6999999999999993,0.0082039901008604133,0.0065007013527844295,0
8.6999999999999993,0.0088424669324313962,0.0070066194672248295,0
8.6999999999999993,0.0081833815986334119,0.0064843715283137886,0
8.6999999999999993,0.0089679440991400333,0.0071060454267077465,0
8.6999999999999993,0.0081506134683061639,0.0064584066226364622,0
8.6999999999999993,0.0090912303461279514,0.0072037353388993784,0
8.6999999999999993,0.0081519567539613952,0.0064594710192006684,0
8.6999999999999993,0.0091671202958713387,0.007263869236294968,0
8.6999999999999993,0.0081964888562197184,0.0064947574949074903,0
8.6999999999999993,0.0092031176207321482,0.0072923929004562339,0
8.6999999999999993,0.0082812622610630559,0.0065619304900927768,0
8.6999999999999993,0.0082909658792170316,0.0065696194710502046,0
8.6999999999999993,0.0083340162694259499,0.0066037318634871063,0
8.6999999999999993,0.0083411651633681898,0.006609396524700723,0
8.6999999999999993,0.0088418300051088354,0.007006114776914811,0
8.6999999999999993,0.0088305818649856097,0.0069972019431819065,0
8.6999999999999993,0.0076544950406199058,0.0060652908711117132,0
8.6999999999999993,0.0078802489943551931,0.0062441744404969938,0
8.6999999999999993,0.007983500498733186,0.0063259891655192291,0
8.6999999999999993,0.0079028230685347471,0.0062620617505440282,0
8.6999999999999993,0.008842082470228883,0.0070063148259552474,0
8.6999999999999993,0.0080115445675845928,0.0063482108057307182,0
8.6999999999999993,0.0091092609453797772,0.0072180224771707371,0
8.6999999999999993,0.0081168129246160115,0.0064316236502791006,0
8.6999999999999993,0.0088369253885614025,0.0070022284427002628,0
8.6999999999999993,0.008337072687572937,0.0066061537169192202,0
8.6999999999999993,0.0079786545204068842,0.0063221492952275716,0
8.6999999999999993,0.0074492186721713365,0.0059026333898541073,0
8.6999999999999993,0.0082690565387665369,0.0065522588846338211,0
8.6999999999999993,0.0077997788178626286,0.0061804112498113836,0
8.6999999999999993,0.0084471532099603553,0.0066933796389402698,0
8.6999999999999993,0.0080717584639017903,0.00639592326667147,0
8.6999999999999993,0.0086266143592820688,0.0068355815823635752,0
8.6999999999999993,0.0083900485786046735,0.0066481309063430418,0
8.6999999999999993,0.0087377893245425969,0.0069236747221869746,0
8.6999999999999993,0.0087654108176165955,0.0069455615205844074,0
8.6999999999999993,0.0086450279575155213,0.0068501722024733288,0
8.6999999999999993,0.0089819147916068848,0.0071171155643239619,0
8.6999999999999993,0.0093424540932994012,0.0074028007367132713,0
8.6999999999999993,0.0090492477223759905,0.0071704690263292075,0
8.6999999999999993,0.0092387579277011644,0.007320633669750048,0
8.6999999999999993,0.0091223401072317595,0.007228386181185392,0
8.6999999999999993,0.0092074798913887573,0.0072958494890686043,0
8.6999999999999993,0.0091201550507360295,0.0072266547798132443,0
8.6999999999999993,0.0091887335654130559,0.0072809952211901974,0
8.6999999999999993,0.0090635584113841015,0.0071818085713860136,0
8.6999999999999993,0.0092751411304178143,0.0073494630969203655,0
8.6999999999999993,0.0090885658520944886,0.0072016240394274294,0
8.6999999999999993,0.008211300927308254,0.0065064943265441691,0
8.6999999999999993,0.0091529084200178482,0.0072526079890907948,0
8.6999999999999993,0.0084482905690833887,0.0066942808628445913,0
8.6999999999999993,0.0092308782186589517,0.0073143899231583875,0
8.6999999999999993,0.0087800508211411544,0.0069571620088281589,0
8.6999999999999993,0.0093938994856222237,0.0074435651851531134,0
8.6999999999999993,0.0090397903244906173,0.0071629751460988026,0
8.6999999999999993,0.009588126227855237,0.0075974671317008829,0
8.6999999999999993,0.0095383453489695687,0.0075580216152221491,0
8.6999999999999993,0.008509259218731597,0.0067425913774079834,0
8.6999999999999993,0.0086025071290372311,0.0068164794256888525,0
8.6999999999999993,0.0089316716325166974,0.0070773037449226323,0
8.6999999999999993,0.0093316014247590198,0.0073942012678945091,0
8.6999999999999993,0.009524931673610142,0.0075473928484290622,0
8.6999999999999993,0.010198281944042115,0.0080809440789986631,0
8.6999999999999993,0.010298056794437191,0.0081600039629043143,0
8.6999999999999993,0.011418125976042236,0.009047527613537245,0
8.6999999999999993,0.011493976946557837,0.0091076306244598296,0
8.6999999999999993,0.016592435720139742,0.013147562101591126,0
8.6999999999999993,0.013472672395555023,0.01067551503483904,0
8.6999999999999993,0.019440046854284219,0.015403960430252632,0
8.6999999999999993,0.028085685172046109,0.081659607558670938,1
8.6999999999999993,0.020949743874168727,0.016600218511844976,0
8.6999999999999993,0.028115797092313898,0.081747158479249959,1
8.8000000000000007,0.022832443029285488,0.064781822167902986,1
8.8000000000000007,0.020837939148310964,0.059122874697202683,1
8.8000000000000007,0.016330789080202055,0.012627598605097488,0
8.8000000000000007,0.014284441899673761,0.011045283710484657,0
8.8000000000000007,0.014819790377360982,0.011459235887374849,0
8.8000000000000007,0.011306384823218787,0.0087425346393982389,0
8.8000000000000007,0.011004549111654617,0.0085091435771784095,0
8.8000000000000007,0.0098674389814869413,0.0076298859844785537,0
8.8000000000000007,0.010014915379982597,0.0077439204475276292,0
8.8000000000000007,0.0089394971273986431,0.0069123654038899278,0
8.8000000000000007,0.0098728280007702764,0.0076340529829040972,0
8.8000000000000007,0.0083206317704333562,0.006433834741349443,0
8.8000000000000007,0.0092511645172822076,0.0071533587005653014,0
8.8000000000000007,0.0080487728201140193,0.0062236228719182527,0
8.8000000000000007,0.0089443693031110751,0.0069161327588491972,0
8.8000000000000007,0.0080214664371364864,0.0062025085190291216,0
8.8000000000000007,0.0088963619393964688,0.0068790116059092039,0
8.8000000000000007,0.008229666015740834,0.0063634964967351944,0
8.8000000000000007,0.0091407002911099416,0.0070679434826309067,0
8.8000000000000007,0.0086542490108179777,0.0066918005125456738,0
8.8000000000000007,0.0095309782469011443,0.0073697215134379962,0
8.8000000000000007,0.0091245989088070655,0.0070554932702309179,0
8.8000000000000007,0.009962977036879303,0.0077037597090782329,0
8.8000000000000007,0.011852303085718868,0.0091646597832714428,0
8.8000000000000007,0.012293900942675488,0.0095061203492694257,0
8.8000000000000007,0.012682016976252247,0.0098062266980894781,0
8.8000000000000007,0.013024258100822139,0.010070860790539119,0
8.8000000000000007,0.013383496923110978,0.010348638161182578,0
8.8000000000000007,0.013611551923149357,0.010524979119738053,0
8.8000000000000007,0.013789336776041283,0.01066244925356687,0
8.8000000000000007,0.013967619367751007,0.010800304258326935,0
8.8000000000000007,0.014087618234909352,0.010893092029946556,0
8.8000000000000007,0.014317222927920066,0.011070631271127552,0
8.8000000000000007,0.01438241885374063,0.011121043285997539,0
8.8000000000000007,0.014468747912019577,0.01118779625736646,0
8.8000000000000007,0.014544720303076158,0.011246541052527341,0
8.8000000000000007,0.014685702302627758,0.011355553794786062,0
8.8000000000000007,0.014866774444088989,0.011495565787452712,0
8.8000000000000007,0.01329340365276052,0.010278974555252762,0
8.8000000000000007,0.013553710178798552,0.010480253642806501,0
8.8000000000000007,0.013649151768880648,0.010554052776692203,0
8.8000000000000007,0.013789318719989393,0.010662435291928238,0
8.8000000000000007,0.011377376029059435,0.0087974277892298239,0
8.8000000000000007,0.011647117200719988,0.009006002110180886,0
8.8000000000000007,0.010958282470248271,0.0084733684181449997,0
8.8000000000000007,0.011365544676503164,0.0087882793292073311,0
8.8000000000000007,0.010578507855861697,0.0081797119777043386,0
8.8000000000000007,0.011082133667768185,0.008569134960800192,0
8.8000000000000007,0.010929774998339217,0.0084513253367760749,0
8.8000000000000007,0.01076260485787232,0.0083220629097000409,0
8.8000000000000007,0.010478641316545153,0.0081024913016931408,0
8.8000000000000007,0.010446871223872735,0.008077925435589316,0
8.8000000000000007,0.01000743799933314,0.007738138647211971,0
8.8000000000000007,0.010038112268902978,0.007761857180451864,0
8.8000000000000007,0.0097347533813721861,0.0075272883395823354,0
8.8000000000000007,0.009739454465078878,0.0075309233995764086,0
8.8000000000000007,0.0095054933159066865,0.0073500155777666597,0
8.8000000000000007,0.0094381521152288057,0.0072979447532909155,0
8.8000000000000007,0.0093842360170301245,0.0072562547380036974,0
8.8000000000000007,0.0092496299724513561,0.0071521721310694626,0
8.8000000000000007,0.0084319143254067332,0.006519882722806571,0
8.8000000000000007,0.0092403413560075073,0.0071449898130887726,0
8.8000000000000007,0.0086751765204576611,0.0067079824735174556,0
8.8000000000000007,0.0093949326260451566,0.0072645257703717065,0
8.8000000000000007,0.0090578610556592155,0.0070038889774329252,0
8.8000000000000007,0.0096385057195976075,0.0074528659198450087,0
8.8000000000000007,0.0096190374093746353,0.007437812268376736,0
8.8000000000000007,0.0086993294183468507,0.0067266584296024152,0
8.8000000000000007,0.0088004242250397813,0.0068048288495195933,0
8.8000000000000007,0.0092555681904268224,0.0071567637911941206,0
8.8000000000000007,0.0097493402774859982,0.0075385674926051844,0
8.8000000000000007,0.010077307899887951,0.0077921647603686108,0
8.8000000000000007,0.010924024144887546,0.0084468785541578061,0
8.8000000000000007,0.011151099185340982,0.0086224617700085618,0
8.8000000000000007,0.012516015028567752,0.0096778675629166765,0
8.8000000000000007,0.012686208426140407,0.0098094676894770454,0
8.8000000000000007,0.014863787038330134,0.011493255809618321,0
8.8000000000000007,0.015049365363954485,0.011636752158403532,0
8.8000000000000007,0.023830331792072269,0.018426535485746347,0
8.8000000000000007,0.018942208206924219,0.014646849013634005,0
8.8000000000000007,0.03150180383981066,0.089379145792732984,1
8.8000000000000007,0.034691067466733332,0.098427950113009477,1
8.9000000000000004,0.043530625027957827,0.12539486431521951,1
8.9000000000000004,0.030638722826493534,0.024052948784315183,0
8.9000000000000004,0.025001550383978874,0.019627482983537357,0
8.9000000000000004,0.021767554371643138,0.01708863236323252,0
8.9000000000000004,0.019602656569006359,0.015389077970414567,0
8.9000000000000004,0.017991387098231268,0.014124149850604969,0
8.9000000000000004,0.016824767891195396,0.013208294702316348,0
8.9000000000000004,0.016023895480930583,0.01257956930876915,0
8.9000000000000004,0.015571627809342924,0.012224516286386218,0
8.9000000000000004,0.015360862402338899,0.012059054769961993,0
8.9000000000000004,0.01523638786065192,0.01196133595207579,0
8.9000000000000004,0.016344603694678907,0.01283134149534761,0
8.9000000000000004,0.015989978798780804,0.012552942995939387,0
8.9000000000000004,0.015614233200887034,0.012257963676035896,0
8.9000000000000004,0.015311787010863727,0.012020528102763521,0
8.9000000000000004,0.015068210567181658,0.011829308261188259,0
8.9000000000000004,0.014910962354770074,0.011705860452316462,0
8.9000000000000004,0.014751544448843258,0.011580709324174635,0
8.9000000000000004,0.015868942058749065,0.012457923026422693,0
8.9000000000000004,0.014436626842630779,0.011333483057714271,0
8.9000000000000004,0.01437285389365954,0.011283418063683137,0
8.9000000000000004,0.014393033526123674,0.011299260096945906,0
8.9000000000000004,0.014492340108851429,0.01137722079269105,0
8.9000000000000004,0.014647391611142389,0.011498944072889622,0
8.9000000000000004,0.014811771170870165,0.0116279903504943,0
8.9000000000000004,0.014967152095443753,0.011749972243864749,0
8.9000000000000004,0.013692747289571365,0.010749499942857878,0
8.9000000000000004,0.013830527808927608,0.010857664626951251,0
8.9000000000000004,0.014017958315392152,0.011004807064909257,0
8.9000000000000004,0.014078883068056569,0.011052636080623554,0
8.9000000000000004,0.014154862427177733,0.011112283724683513,0
8.9000000000000004,0.014095682573102874,0.011065824542713468,0
8.9000000000000004,0.013952581619458223,0.010953483048308057,0
8.9000000000000004,0.011469466097681173,0.0090041116332830254,0
8.9000000000000004,0.01160443333542863,0.0091100677488653928,0
8.9000000000000004,0.011153458557861885,0.0087560297137534628,0
8.9000000000000004,0.011236072809034244,0.0088208860840256927,0
8.9000000000000004,0.010822543743426302,0.0084962448288330092,0
8.9000000000000004,0.010913539319930938,0.0085676809638723147,0
8.9000000000000004,0.010563521605555981,0.0082928993352404581,0
8.9000000000000004,0.010677962234134666,0.0083827410232780453,0
8.9000000000000004,0.010361282922819334,0.0081341317291095117,0
8.9000000000000004,0.010562859068940625,0.0082923792104504304,0
8.9000000000000004,0.010185170999205384,0.0079958749517959806,0
8.9000000000000004,0.010554537901995462,0.0082858466730633077,0
8.9000000000000004,0.010061297741808977,0.0078986281725233927,0
8.9000000000000004,0.010724840527425394,0.0084195428571535447,0
8.9000000000000004,0.010124128635313734,0.0079479536053131631,0
8.9000000000000004,0.0098127207231492597,0.0077034826263908405,0
8.9000000000000004,0.010364518667914026,0.0081366719528480312,0
8.9000000000000004,0.010257781276785017,0.0080528776962552773,0
8.9000000000000004,0.010784034979063762,0.0084660134989500771,0
8.9000000000000004,0.010842126818761663,0.008511618534543533,0
8.9000000000000004,0.011298264666547063,0.0088697098412047516,0
8.9000000000000004,0.011590514265780515,0.0090991405744114389,0
8.9000000000000004,0.012003417065138201,0.0094232901788872132,0
8.9000000000000004,0.012725416612675918,0.009990096381533713,0
8.9000000000000004,0.013132866795771712,0.010309965406155343,0
8.9000000000000004,0.014424858583471482,0.011324244378398487,0
8.9000000000000004,0.014838642162108158,0.011649085439205774,0
8.9000000000000004,0.016915349135033845,0.013279405565233314,0
8.9000000000000004,0.017368980296160449,0.013635528995943445,0
8.9000000000000004,0.02084900580401915,0.016367525227726824,0
8.9000000000000004,0.021378681724441611,0.016783347644945532,0
8.9000000000000004,0.029189267990118499,0.084082971396131148,1
8.9000000000000004,0.029853724725563534,0.085997013800322486,1
9,0.048323679145198965,0.1378860782422443,1
9,0.033443783530575852,0.026006903911624444,0
9,0.027347522471510004,0.021266265776637285,0
9,0.023582569399608195,0.018338523684203051,0
9,0.020964206544407896,0.016302405039950237,0
9,0.020194293408230382,0.015703697153488762,0
9,0.018698636116944979,0.014540628524497726,0
9,0.017513986838271597,0.01361940919142595,0
9,0.016670051615344399,0.012963139477497294,0
9,0.016113726960374948,0.012530524494439813,0
9,0.015675191990844252,0.01218950635562651,0
9,0.015336721869943446,0.011926301688511755,0
9,0.016055100185733712,0.012484934530213754,0
9,0.015771685437273829,0.012264542596280957,0
9,0.015481783448063001,0.012039105986505575,0
9,0.015270338989339733,0.01187468034023759,0
9,0.015150815977078852,0.011781735608303935,0
9,0.014984793564984316,0.01165263152788279,0
9,0.014979439684146733,0.011648468187201855,0
9,0.015043157740738207,0.011698017287222039,0
9,0.015207406793251433,0.01182574234926179,0
9,0.015419885649097397,0.011990972374213536,0
9,0.015645735709229721,0.012166600254561644,0
9,0.014546975090581945,0.011312170557487306,0
9,0.014722541779612068,0.011448696558126978,0
9,0.014941872999444002,0.011619255189861137,0
9,0.015168591844432772,0.01179555866375448,0
9,0.015316482892902055,0.011910563244005204,0
9,0.014282856079243459,0.011106783575992419,0
9,0.014448909445103823,0.011235911727003927,0
9,0.014568062332177853,0.011328568638327787,0
9,0.014651828537856309,0.011393707789229456,0
9,0.014624048228316948,0.011372104975057286,0
9,0.014514024764230582,0.011286547380896262,0
9,0.014294176028107869,0.011115586312744142,0
9,0.014157886227632747,0.011009603216009575,0
9,0.014147084826729828,0.011001203717934355,0
9,0.012760820687402311,0.0099232025332101244,0
9,0.014241478281536555,0.011074606941191089,0
9,0.012833043730888985,0.0099793653698833674,0
9,0.013496895590305246,0.01049559677963423,0
9,0.012955973214832798,0.010074959077871265,0
9,0.013803199164010323,0.010733787760683136,0
9,0.01318937839220341,0.010256462047318593,0
9,0.014201663510415892,0.011043645763432846,0
9,0.013543854563846446,0.010532113506623508,0
9,0.01474082251699768,0.01146291221587953,0
9,0.014039962616968457,0.010917902227434099,0
9,0.015865508080302456,0.012337501938926784,0
9,0.015027864007593573,0.01168612441487466,0
9,0.017509435296152825,0.013615869773751383,0
9,0.016504645858800567,0.01283451492719986,0
9,0.020042870855441326,0.015585946368000111,0
9,0.018739725730058884,0.014572581058188844,0
9,0.016534365401625964,0.012857625748194467,0
9,0.024914909705878181,0.071091838408675598,1
9,0.02390523627754975,0.018589439268632008,0
9,0.033888492370624142,0.096696927741931379,1
9.0999999999999996,0.051517266217104014,0.1452166141280892,1
9.0999999999999996,0.037430140520934109,0.028753967462588587,0
9.0999999999999996,0.030824248215766417,0.023679297430347527,0
9.0999999999999996,0.026674537508231341,0.020491474862679507,0
9.0999999999999996,0.023745790720734142,0.018241601133598625,0
9.0999999999999996,0.021514304202388625,0.016527365230427863,0
9.0999999999999996,0.019822221629792337,0.015227501362451322,0
9.0999999999999996,0.018462183689869807,0.01418271536570769,0
9.0999999999999996,0.018265432153500124,0.014031570133650006,0
9.0999999999999996,0.01742858334738594,0.013388699895728903,0
9.0999999999999996,0.016731666036360303,0.012853325531474554,0
9.0999999999999996,0.016165143369531874,0.012418120798014021,0
9.0999999999999996,0.015685271233929311,0.012049481311726175,0
9.0999999999999996,0.015318161972458008,0.011767466667574436,0
9.0999999999999996,0.015947499386944865,0.012250925914248223,0
9.0999999999999996,0.015856353394024896,0.012180907237366674,0
9.0999999999999996,0.014954235188259108,0.011487896813815348,0
9.0999999999999996,0.015060928855807475,0.011569859269805437,0
9.0999999999999996,0.015207203651214944,0.011682228089403932,0
9.0999999999999996,0.015400913603504851,0.011831036765722112,0
9.0999999999999996,0.015550277994905035,0.011945779023982889,0
9.0999999999999996,0.015785998364954514,0.012126860253076358,0
9.0999999999999996,0.014888118860839657,0.01143710601525285,0
9.0999999999999996,0.015116693432337741,0.011612697816409868,0
9.0999999999999996,0.015317015032670672,0.011766585584338638,0
9.0999999999999996,0.015585211215712923,0.01197261484881533,0
9.0999999999999996,0.015887319669298197,0.012204695640489234,0
9.0999999999999996,0.016161203799512708,0.012415094406272736,0
9.0999999999999996,0.015310757995901141,0.01176177890637325,0
9.0999999999999996,0.015610404330951915,0.011991968289806506,0
9.0999999999999996,0.015863230842188082,0.012186190517577694,0
9.0999999999999996,0.01614117244723539,0.012399706250000879,0
9.0999999999999996,0.016472548501522917,0.012654270516932643,0
9.0999999999999996,0.016921818064008547,0.012999400997391788,0
9.0999999999999996,0.017408373926658158,0.013373174946638222,0
9.0999999999999996,0.018012660965175963,0.01383739040513716,0
9.0999999999999996,0.018829297599320217,0.014464733580453552,0
9.0999999999999996,0.017802104074932074,0.01367563985098921,0
9.0999999999999996,0.019018290472381176,0.014609918579682094,0
9.0999999999999996,0.020505387811311081,0.015752312059967789,0
9.0999999999999996,0.022275621760946815,0.017112212094554283,0
9.0999999999999996,0.024339949281814526,0.018698035859601558,0
9.0999999999999996,0.026973973456369951,0.020721502626136378,0
9.0999999999999996,0.030669678045668669,0.023560556074322114,0
9.0999999999999996,0.035879807171661282,0.027562995853592762,0
9.0999999999999996,0.044139449443140633,0.033908082508928981,0
9.0999999999999996,0.061521550540837459,0.17341664108885516,1
9.1999999999999993,0.054641200954956601,0.1517500266406315,1
9.1999999999999993,0.040291849547457681,0.030495697100223037,0
9.1999999999999993,0.033474515733976917,0.025335860822115624,0
9.1999999999999993,0.029159538242870334,0.022069983280106148,0
9.1999999999999993,0.026083014314726417,0.01974145423792955,0
9.1999999999999993,0.023705257176773419,0.017941800901800108,0
9.1999999999999993,0.022480227950263863,0.01701461288114214,0
9.1999999999999993,0.020941128917266183,0.015849714807593542,0
9.1999999999999993,0.019731929341886851,0.014934507776924648,0
9.1999999999999993,0.018804927673584299,0.014232887910736607,0
9.1999999999999993,0.017992607008807827,0.013618066669728618,0
9.1999999999999993,0.017340225750315259,0.013124298786737328,0
9.1999999999999993,0.016798582659305967,0.012714345314127627,0
9.1999999999999993,0.016400683879450716,0.012413187615900798,0
9.1999999999999993,0.016153912122517277,0.012226413446016438,0
9.1999999999999993,0.016039760620803468,0.012140015584937864,0
9.1999999999999993,0.015972190633248683,0.012088873880184167,0
9.1999999999999993,0.016009323019474598,0.012116978273893374,0
9.1999999999999993,0.016050690378948643,0.012148287992323419,0
9.1999999999999993,0.016132688398305971,0.012210349843274041,0
9.1999999999999993,0.01541845483529659,0.011669767798990063,0
9.1999999999999993,0.015597847636032574,0.011805544850047539,0
9.1999999999999993,0.015780427502607289,0.011943734096016592,0
9.1999999999999993,0.01594782186909624,0.012070429890676453,0
9.1999999999999993,0.016141998616350604,0.012217396469145405,0
9.1999999999999993,0.016370482875616738,0.012390329378431236,0
9.1999999999999993,0.015664246907165964,0.011855800474520038,0
9.1999999999999993,0.016067637728028234,0.012161114934496283,0
9.1999999999999993,0.016569823484385009,0.012541204329396469,0
9.1999999999999993,0.017208582217755976,0.013024661730131063,0
9.1999999999999993,0.017984937583518774,0.013612261910871065,0
9.1999999999999993,0.017289160255578296,0.013085648839483426,0
9.1999999999999993,0.01833631251289081,0.013878207096686393,0
9.1999999999999993,0.019623597011301508,0.014852514272610563,0
9.1999999999999993,0.021111695756955689,0.015978811752433136,0
9.1999999999999993,0.022840374356462436,0.017287196935697129,0
9.1999999999999993,0.024796993057796025,0.018768103171739246,0
9.1999999999999993,0.023990144800316724,0.018157423832312294,0
9.1999999999999993,0.030590016982084273,0.023152669898599435,0
9.1999999999999993,0.034480963913870705,0.026097611379258968,0
9.1999999999999993,0.039952116358858113,0.030238563200171546,0
9.1999999999999993,0.048332164230795852,0.036581171059038305,0
9.1999999999999993,0.065699945182294689,0.18246246893292073,1
9.3000000000000007,0.057460423551425853,0.15909532536051973,1
9.3000000000000007,0.043058145581786667,0.032490525812360511,0
9.3000000000000007,0.036672575575915134,0.027672145357300625,0
9.3000000000000007,0.032260054876744271,0.024342575174077764,0
9.3000000000000007,0.029106672767979902,0.021963117317342237,0
9.3000000000000007,0.026626616258232965,0.020091732961204759,0
9.3000000000000007,0.02470890304823925,0.018644677828938187,0
9.3000000000000007,0.023147693246380479,0.017466630639946874,0
9.3000000000000007,0.021957173014257501,0.016568295892611849,0
9.3000000000000007,0.021034663418508171,0.015872194808186087,0
9.3000000000000007,0.020253938379397891,0.015283080560630141,0
9.3000000000000007,0.019528596712283543,0.014735757125314155,0
9.3000000000000007,0.01895416441807846,0.014302305869340455,0
9.3000000000000007,0.018442266265422995,0.013916041205188566,0
9.3000000000000007,0.018050090847599565,0.013620116116831877,0
9.3000000000000007,0.017801201329382,0.013432310738620366,0
9.3000000000000007,0.016866371035356188,0.012726912784578662,0
9.3000000000000007,0.016791237373258282,0.012670218931306871,0
9.3000000000000007,0.016787412730501723,0.012667332958106538,0
9.3000000000000007,0.016870453388132096,0.012729993218871607,0
9.3000000000000007,0.017034654902838842,0.012853895293146372,0
9.3000000000000007,0.017295049958895511,0.013050382442695121,0
9.3000000000000007,0.01767337944214261,0.013335859758890001,0
9.3000000000000007,0.018195600759263512,0.013729914007033439,0
9.3000000000000007,0.017599833558872409,0.013280364001083979,0
9.3000000000000007,0.018390634267610593,0.013877081079642027,0
9.3000000000000007,0.019332457897425739,0.014587756017954834,0
9.3000000000000007,0.018782340350266567,0.014172652020225589,0
9.3000000000000007,0.020070890382099065,0.015144957434313851,0
9.3000000000000007,0.021579654063262482,0.016283430182390753,0
9.3000000000000007,0.023297191014579749,0.017579437660103898,0
9.3000000000000007,0.02277984859398707,0.017189064896879148,0
9.3000000000000007,0.025023253556213647,0.018881878320400853,0
9.3000000000000007,0.027590129272688668,0.020818774129460739,0
9.3000000000000007,0.030688374557116201,0.023156627212230215,0
9.3000000000000007,0.034737158454125824,0.026211731326377306,0
9.3000000000000007,0.040276895746642477,0.03039186902307232,0
9.3000000000000007,0.04888664530423234,0.036888555920734707,0
9.3000000000000007,0.064387354098853711,0.17827447861208695,1
9.4000000000000004,0.061066300110624562,0.16650511794851114,1
9.4000000000000004,0.04676443284191522,0.034749973112024664,0
9.4000000000000004,0.03997312454696151,0.029703450224793468,0
9.4000000000000004,0.035684323552300216,0.02651650428767258,0
9.4000000000000004,0.032634048522412092,0.024249889066844173,0
9.4000000000000004,0.030219715928764268,0.022455833464879331,0
9.4000000000000004,0.028403625903632195,0.021106323255791738,0
9.4000000000000004,0.026878531226660441,0.01997304747765466,0
9.4000000000000004,0.024918267935424662,0.018516404201487809,0
9.4000000000000004,0.023968605298729032,0.017810723642884118,0
9.4000000000000004,0.023187432246986779,0.01723024525590899,0
9.4000000000000004,0.022562739731561074,0.01676604529035591,0
9.4000000000000004,0.022046483814917531,0.016382422991697194,0
9.4000000000000004,0.021641944010402158,0.016081815318828064,0
9.4000000000000004,0.021384153041468786,0.015890254581435174,0
9.4000000000000004,0.021293078792461288,0.015822578625331808,0
9.4000000000000004,0.021385695020299265,0.015891400403583378,0
9.4000000000000004,0.021624999090693039,0.016069223794276319,0
9.4000000000000004,0.022034390174146989,0.016373436382300616,0
9.4000000000000004,0.022619215273416517,0.016808011448003923,0
9.4000000000000004,0.021887444901336608,0.016264243477163466,0
9.4000000000000004,0.022842708496686053,0.016974086027066824,0
9.4000000000000004,0.024001199114330712,0.017834943635449955,0
9.4000000000000004,0.02338180398096008,0.017374680077820392,0
9.4000000000000004,0.024986736257306956,0.018567282020373759,0
9.4000000000000004,0.026824379228805827,0.019932807911919495,0
9.4000000000000004,0.028949769267617793,0.021512154483938263,0
9.4000000000000004,0.02849170500998632,0.021171773564745203,0
9.4000000000000004,0.031701699719847529,0.023557074167758998,0
9.4000000000000004,0.035931104606600428,0.026699883716874227,0
9.4000000000000004,0.041705044126787619,0.030990414594373138,0
9.4000000000000004,0.050548582820065434,0.037561920183789968,0
9.4000000000000004,0.06845671540589103,0.18665603536446129,1
9.5,0.068339050256250394,0.18302412847020838,1
9.5,0.053742617311356079,0.039225730806256215,0
9.5,0.046854380813007017,0.034198135870775179,0
9.5,0.042561783201503285,0.031065049192228831,0
9.5,0.03953755726297975,0.028857723265496286,0
9.5,0.037250917794529943,0.027188747902411031,0
9.5,0.035506146022628339,0.025915271632238647,0
9.5,0.034161460120617049,0.024933810552558094,0
9.5,0.033230242010232038,0.02425413187765748,0
9.5,0.032662758966494676,0.023839936622115785,0
9.5,0.031068660270217183,0.022676433810622232,0
9.5,0.03095772527629161,0.022595464434242443,0
9.5,0.031057510645829931,0.022668295908400773,0
9.5,0.031424874870962606,0.022936428182633316,0
9.5,0.032076429135887159,0.023411985449476706,0
9.5,0.033003486526753195,0.024088627293050953,0
9.5,0.032061646643357762,0.023401195984772291,0
9.5,0.033498322143073189,0.024449798550614816,0
9.5,0.03520648940406966,0.025696557873178542,0
9.5,0.037387163062261308,0.027288190774065281,0
9.5,0.040269816288433923,0.0293921854269967,0
9.5,0.039638328604566404,0.028931274382204334,0
9.5,0.044966352213150915,0.032820099122333843,0
9.5,0.053231800051187106,0.038852894845876895,0
9.5,0.07030448110435937,0.18828790176958499,1
9.5999999999999996,0.08955285963284923,0.23079349286765877,1
9.5999999999999996,0.075428870585914465,0.052977874265541514,0
9.5999999999999996,0.067589166034636328,0.047471615471390012,0
9.5999999999999996,0.064103629735426187,0.045023530243901294,0
9.5999999999999996,0.062118220948956054,0.043629067669580877,0
9.5999999999999996,0.061032122933471253,0.042866240867887352,0
9.5999999999999996,0.060633623731026091,0.042586352802772919,0
9.5999999999999996,0.058293386682632647,0.04094267468405928,0
9.5999999999999996,0.058983730061256956,0.041427541081086282,0
9.5999999999999996,0.060199984204867087,0.042281783741683052,0
9.5999999999999996,0.062080033611768767,0.043602246587250877,0
9.5999999999999996,0.064978354232806665,0.045637897714595803,0
9.5999999999999996,0.069331873897463314,0.048695615742390487,0
9.5999999999999996,0.076468036413350302,0.053707737991715652,0
9.5999999999999996,0.069206107293574889,0.17835632826848596,1
9.6999999999999993,0.33544739873515561,0.33333333333333331,1
9.6999999999999993,0.32804441466322165,0.33333333333333331,0
9.6999999999999993,0.33650818660162274,0.33333333333333331,1
9.8000000000000007,1,1,1
