event_id,Mw,area_km2,slip_m,mean_depth_km,is_edge_touching,conditional_probability,rate_mean,rate_p0.025,rate_p0.16,rate_p0.5,rate_p0.84,rate_p0.975
1,7.2000000000000002,2235.8666759576199,1.0554382811174368,3.2811146638540887,1,0.011580553794635936,0.0011271343439777275,0.00067662966088856847,0.0008440047857117528,0.0010668403792785509,0.001378892736783514,0.0017846614340195346
2,7.2000000000000002,2267.9834189665789,1.0404922988174816,12.26110233120864,1,0.011746900775036475,0.0011433248818355358,0.00068634899753984243,0.00085612835510545367,0.0010821648342924861,0.0013986996171044205,0.0018102969127583802
3,7.2000000000000002,2248.0751084105209,1.0497066011949014,25.963698392926947,1,0.011643786728106103,0.001133288800167698,0.00068032424053386371,0.00084861327848419123,0.0010726656142303938,0.0013864218614034365,0.0017944061646883221
4,7.2000000000000002,2222.0016131943403,1.0620241080239368,44.483710725572394,1,0.011508740431646659,0.0011201447552916281,0.00067243374311914289,0.00083877094084424059,0.0010602246856971061,0.0013703419432389275,0.0017735943864804463
5,7.2000000000000002,2343.7734765392775,1.0068461414474588,2.9483536543475739,0,0.0033083533035806818,0.00032200175368169332,0.00019330077072292085,0.00024111679549735772,0.00030477686609549744,0.00039392454125416549,0.00050984526782703668
6,7.2000000000000002,2315.4799492288726,1.0191490891840205,11.44054259009061,0,0.0032684155768829882,0.00031811461804209914,0.00019096728555879702,0.00023820608560722148,0.00030109766557941971,0.00038916916925351016,0.00050369052584632069
7,7.2000000000000002,2314.2815530267762,1.0196768315394182,24.923819474086653,0,0.0032667239807991988,0.00031794997513503369,0.00019086844882742541,0.0002380828000359502,0.0003009418299398105,0.00038896775146340506,0.000503429836560971
8,7.2000000000000002,2334.2700769904304,1.0109452648782515,43.931630538343612,0,0.00329493878054448,0.00032069611926296743,0.0001925169857387199,0.0002401391288122084,0.00030354107417245388,0.00039232727840214182,0.00050777797619806775
9,7.2000000000000002,2339.1579099018822,1.0088328245353269,2.8178249416306831,0,0.0033256577126042236,0.00032368599038216152,0.00019431183432291031,0.00024237796178428847,0.0003063710076722515,0.0003959849715530986,0.00051251202383633212
10,7.2000000000000002,2346.9180245922948,1.0054971058013047,11.299731096617672,0,0.0033366905228140943,0.00032475981288829187,0.00019495646037131316,0.00024318204635417263,0.00030738738803173473,0.00039729864464114632,0.00051421227334422128
11,7.2000000000000002,2351.9573970599013,1.0033426983968308,25.067245590834425,0,0.0033438551643471168,0.00032545714685671567,0.00019537507670493984,0.00024370421410616574,0.00030804741941071985,0.00039815173615531191,0.00051531640529328942
12,7.2000000000000002,2367.022718176378,0.99695675210863177,44.08533943584743,0,0.0033652740267299357,0.00032754184296268174,0.00019662653996375381,0.00024526524673691729,0.00031002059855857596,0.00040070207306437363,0.00051861723341714778
13,7.2000000000000002,2427.40784117574,0.97215607581520569,2.7132535776845756,0,0.0034768164858277285,0.00033839826129036891,0.00020314375301007422,0.00025339459624455492,0.0003202962728898563,0.00041398339703388541,0.00053580687119593332
14,7.2000000000000002,2403.1988628952467,0.9819492334635519,11.24203663721533,0,0.0034421415649665116,0.00033502335410799477,0.00020111776354879901,0.00025086744601754256,0.00031710190011813538,0.00040985466559565126,0.00053046317217375378
15,7.2000000000000002,2396.5727841963312,0.98466414074372099,25.306256873114794,0,0.0034326509226170897,0.00033409963067229881,0.00020056324342580811,0.00025017575650904068,0.00031622758955724111,0.00040872461792823404,0.00052900058379625056
16,7.2000000000000002,2346.0948196249778,1.0058499177188769,44.277473813584038,0,0.0033603504972762447,0.00032706263624776523,0.00019633886753256413,0.00024490641394746705,0.00030956702611956204,0.00040011583002941801,0.00051785847582307381
17,7.2000000000000002,2667.951662383638,0.88450601056696998,2.7301774075970222,0,0.0038444011564325066,0.00037417524690830161,0.00022462102391005074,0.00028018461221843816,0.00035415943490777521,0.00045775158303243966,0.00059245478259970267
18,7.2000000000000002,2550.7013584960323,0.92516486629069172,11.173756770183799,0,0.0036754486187186666,0.00035773111037247648,0.00021474944951673197,0.00026787114665216479,0.0003385949470075337,0.00043763445985801371,0.0005664177654082376
19,7.2000000000000002,2469.8405025877355,0.95545411892306609,25.058352499175328,0,0.0035589316771462527,0.00034639052607655571,0.00020794158695143451,0.00025937925083720253,0.0003278610062699959,0.00042376082589407933,0.00054846151774325005
20,7.2000000000000002,2385.22728170546,0.98934776546458691,44.114773136588553,0,0.0034370077424679614,0.0003345236795883978,0.00020081780409626703,0.00025049328681629794,0.0003166289547617536,0.00040924338303691338,0.00052967200664015828
21,7.2000000000000002,2588.4117486456284,0.91168620391065258,2.9306026187321716,0,0.003729787634505446,0.00036301992228919127,0.00021792437452263779,0.0002718314399324526,0.00034360084372366857,0.00044410458862051395,0.00057479186802517491
22,7.2000000000000002,2536.8468651687554,0.93021747338442062,11.491914907663123,0,0.0036554849023889696,0.00035578804351162795,0.00021358300766517776,0.0002664161668280858,0.00033675582091057205,0.00043525738671156569,0.00056334118761712894
23,7.2000000000000002,2496.7386757966542,0.94516070270249686,25.337329209818655,0,0.0035976907632452493,0.00035016294472406498,0.00021020620639438916,0.00026220405997305916,0.0003314316263670673,0.00042837585754576323,0.0005544346212239111
24,7.2000000000000002,2493.5659862287994,0.94636327825813571,44.276016920887706,0,0.0035931190569375099,0.00034971798092687422,0.00020993909031828919,0.00026187086848057737,0.00033101046508430052,0.00042783150597724246,0.00055373008255678226
25,7.2000000000000002,2785.8944244098411,0.84705983852218925,3.0758440190243905,0,0.004042343708199711,0.00039344097911661347,0.00023618642950746691,0.0002946109051186016,0.00037239458244454524,0.0004813205376586526,0.00062295940651967217
26,7.2000000000000002,2590.0324465741069,0.91111572150451359,11.906310913403372,0,0.003758147212150671,0.00036578015763816414,0.0002195813705303693,0.00027389832029739859,0.00034621342539357329,0.00044748135421624581,0.00057916231916300899
27,7.2000000000000002,2508.8356313613426,0.94060338261378418,25.865108910670543,0,0.0036403303156361147,0.00035431304883513465,0.00021269755407830003,0.00026531168219188318,0.00033535972834315838,0.00043345293504431067,0.00056100573743003593
28,7.2000000000000002,2517.2691752802984,0.9374521026412288,44.534642016291563,0,0.0036525674208544292,0.00035550408527493081,0.00021341254478608133,0.00026620353724049922,0.00033648705249396242,0.00043491000314347235,0.00056289157899983033
29,7.2000000000000002,2586.8843100606709,0.91222451352110212,3.0335207098069508,0,0.0037761696651291438,0.00036753428149743667,0.00022063438806851611,0.00027521181849738465,0.00034787371564497645,0.00044962728177305657,0.00058193973182802414
30,7.2000000000000002,2509.9766872461373,0.94017577664021357,11.922347922641585,0,0.0036639047945433299,0.00035660755091931033,0.00021407496589741375,0.00026702981876559065,0.00033753149028690213,0.00043625994050493661,0.00056463876431967408
31,7.2000000000000002,2438.0531837520584,0.96791132244654632,25.950583907979489,0,0.003558915425266982,0.00034638894428248911,0.00020794063738513959,0.00025937806638055871,0.00032785950909107399,0.00042375889078815232,0.00054845901319099122
32,7.2000000000000002,2379.1169288386527,0.99188873513349962,44.561756695144851,0,0.0034728840178651168,0.0003380155145084918,0.00020291398641072303,0.00025310799321684484,0.00031993400043837158,0.00041351515936516607,0.00053520084457252249
33,7.2000000000000002,2390.1712744581705,0.98730133128866115,2.8977195381563789,0,0.003512902938283889,0.00034191055272624982,0.00020525221556904038,0.0002560246206037066,0.00032362068079882692,0.00041828019907552276,0.00054136809919341647
34,7.2000000000000002,2430.1830757317471,0.97104588738439279,11.544134343923423,0,0.0035717094245646024,0.00034763418317701022,0.00020868816635134216,0.00026031050854412655,0.00032903813623665019,0.00042528226808242938,0.00055043067685563499
35,7.2000000000000002,2369.2752493068983,0.99600891959294435,25.599024392095941,0,0.0034821914537401725,0.00033892140647317533,0.00020345780212900052,0.00025378633041561429,0.00032079143338977796,0.00041462339269785322,0.00053663519928045676
36,7.2000000000000002,2235.5944120381855,1.0555668186381924,44.45260958632889,0,0.0032857169119147262,0.00031979855555119911,0.00019197816955131099,0.00023946702785790667,0.00030269152396949378,0.00039122923353324883,0.00050635680812744063
37,7.2000000000000002,2637.021011892246,0.89488072739592361,2.8636175275644566,0,0.0038757050425570851,0.00037722205155829369,0.0002264500502440745,0.00028246607735119873,0.00035704325638456048,0.0004614789264717727,0.00059727897661427146
38,7.2000000000000002,2524.5427015435107,0.93475118477404595,11.411808616284558,0,0.0037103924596724753,0.00036113219152524283,0.00021679115146587983,0.00027041789610121321,0.00034181409362156511,0.00044179521152334803,0.00057180290729460072
39,7.2000000000000002,2401.4802314990065,0.98265197036723706,25.474935971343683,0,0.0035295240352078683,0.0003435282827165269,0.00020622335454690839,0.00025723598627726491,0.00032515187331870596,0.00042025926762718959,0.00054392955102010429
40,7.2000000000000002,2260.6529548850381,1.0438662317367826,44.426744882623581,0,0.003322546167515155,0.00032338314395573682,0.00019413003268062344,0.00024215118860981832,0.00030608436145464993,0.00039561448090130627,0.00051203250838144549
41,7.2000000000000002,2638.5403782730323,0.89436542291045307,2.95667313935982,0,0.0039088271148661272,0.00038044582011939029,0.00022838530972750049,0.00028488005409508046,0.00036009457541569674,0.00046542276074292054,0.00060238336852099818
42,7.2000000000000002,2542.1083139256266,0.92829218501564914,11.593891781145789,0,0.0037659692412601283,0.00036654147508508505,0.00022003839676569873,0.00027446839925212153,0.00034693401757334683,0.00044841272065322359,0.00058036776010607447
43,7.2000000000000002,2459.2677140217279,0.95956177028867307,25.638900618343481,0,0.0036432462441885151,0.0003545968559202084,0.00021286792621961334,0.00026552419859625061,0.00033562835369372088,0.00043380013369933071,0.00056145510671963203
44,7.2000000000000002,2425.6967393028599,0.97284184088018955,44.501681976557521,0,0.0035935130139017443,0.00034975632472565213,0.0002099621084719839,0.00026189958054125033,0.00033104675775256115,0.00042787841430358176,0.00055379079466202354
45,7.2000000000000002,2643.4099119352531,0.89271787573529704,2.7719205249821091,0,0.0039383544642306815,0.00038331971459331721,0.00023011053640851903,0.00028703204307721448,0.00036281473622612036,0.00046893857253372731,0.00060693378317251082
46,7.2000000000000002,2611.9579321450919,0.90346756823240493,11.290387805586688,0,0.0038914948967999192,0.00037875887676709711,0.00022737262129821163,0.00028361686105144075,0.00035849787197444533,0.00046335901923041082,0.00059971232690266853
47,7.2000000000000002,2553.7160691819076,0.92407269146269833,25.335985182855389,0,0.0038047217104051376,0.00037031324970500948,0.000222302629592658,0.0002772927261363578,0.00035050402809389653,0.00045302696442636953,0.00058633984385807647
48,7.2000000000000002,2572.0813126065245,0.91747460304396355,44.317517902250813,0,0.0038320836560880424,0.00037297638561752003,0.0002239013358684538,0.00027928689787566218,0.00035302470448190056,0.00045628494231201249,0.00059055655145997339
49,7.2000000000000002,2797.4398458346441,0.843563905330873,2.3944583840106048,0,0.0041678400521672531,0.00040565552790572043,0.0002435189414207439,0.00030375723065503623,0.00038395573656296221,0.00049626334611655928,0.00064229945615469598
50,7.2000000000000002,2592.82752646789,0.91013353460311297,10.355382693004151,0,0.0038629929538128798,0.00037598478501116853,0.00022570730715521108,0.00028153960492796528,0.00035587217512041814,0.00045996530224018791,0.00059531993605974065
51,7.2000000000000002,2587.5029558565084,0.9120064098629509,24.249073897035458,0,0.0038550600008710129,0.00037521267135680434,0.00022524379985201229,0.00028096144170999696,0.00035514136425632796,0.00045902072813891714,0.00059409740081450921
52,7.2000000000000002,2568.3139309725516,0.91882041864985997,43.788149588041911,0,0.0038264707225019092,0.00037243007925535563,0.00022357338286928597,0.00027887782047810513,0.00035250762176702475,0.0004556166121534365,0.00058969155084942189
53,7.2000000000000002,2523.6200205861651,0.93509294665222564,2.2639149901434092,0,0.0037891338082404109,0.00036879608047528172,0.00022139185821309161,0.00027615666094815152,0.00034906801702288219,0.00045117091803534206,0.00058393761609557145
54,7.2000000000000002,2467.6360743980722,0.9563076605030163,9.9984540943948215,0,0.0037050757244205101,0.00036061471412246932,0.00021648050477018918,0.00027003040599697491,0.00034132429771427804,0.00044116214960313732,0.00057098355335632274
55,7.2000000000000002,2496.9264657511048,0.94508961863664898,23.883388826545023,0,0.0037490542993355198,0.00036489514518517596,0.00021905008898514172,0.00027323561779904292,0.00034537575504304516,0.00044639866407384298,0.00057776102427574557
56,7.2000000000000002,2522.735287716991,0.93542088730841122,43.648849722293605,0,0.0037878054104632099,0.00036866678762938692,0.00022131424246574032,0.00027605984570933231,0.00034894564045837641,0.00045101274614831277,0.0005837328987457755
57,7.2000000000000002,2331.7311741595886,1.0120460314774504,2.3265678190473693,0,0.0035010189139663087,0.00034075388162134847,0.00020455785470456078,0.00025515849851875087,0.00032252588367295929,0.00041686517220324482,0.00053953667038123302
58,7.2000000000000002,2358.0855375811011,1.0007352335917148,10.318366857867991,0,0.0035405891379384231,0.00034460524825102726,0.0002068698673856761,0.00025804242436516589,0.00032617122857607624,0.00042157678577506888,0.00054563477707896782
59,7.2000000000000002,2374.1974231646941,0.99394399903565667,24.329686648436752,0,0.0035647806128361026,0.00034695980250397498,0.00020828332910319717,0.00025980552835389953,0.00032839983030901772,0.0004244572567456318,0.00054936288827706428
60,7.2000000000000002,2398.262170402541,0.98397052265740348,43.837887609616132,0,0.003600913052189833,0.00035047656984079663,0.00021039447858883884,0.00026243890429384069,0.00033172847468889604,0.00042875953443205879,0.00055493120324499976
61,7.2000000000000002,2178.7228514706558,1.0831204527402694,2.3740833188122412,0,0.0032871257272246261,0.00031993567542890696,0.00019206048394164988,0.00023956970402390232,0.00030282130887323845,0.00039139698070948407,0.00050657391850021042
62,7.2000000000000002,2270.4596919200339,1.0393574876834153,10.525862508134825,0,0.0034255327431385145,0.00033340681885179536,0.00020014734178136663,0.00024965697496784572,0.00031557183842224673,0.00040787705863563136,0.00052790361204333434
63,7.2000000000000002,2274.918113549083,1.0373205379242993,24.703482157682316,0,0.003432259340984482,0.00033406151806435191,0.0002005403640582079,0.00025014721756541343,0.000316191515712686,0.00040867799243185141,0.00052894023774973341
64,7.2000000000000002,2245.3411828136482,1.0509847230982359,44.051702968359734,0,0.0033876354504849804,0.00032971827848912651,0.00019793307528500673,0.00024689497438200872,0.0003120806096964794,0.00040336464044644921,0.00052206331823252867
65,7.2000000000000002,2368.1959512856679,0.99646284759474701,2.4323656253162076,0,0.0035940344833318657,0.00034980707930219892,0.00020999257693574857,0.00026193758586486699,0.00033109479730701412,0.00042794050549735364,0.00055387115751836548
66,7.2000000000000002,2321.7342040471267,1.0164037197569613,10.624968145203347,0,0.0035235229525438349,0.00034294419783668169,0.00020587272273776209,0.00025679862010482489,0.00032459903297800099,0.00041954472068539254,0.00054300473334879177
67,7.2000000000000002,2268.9389981776944,1.0400540883539682,24.869843638492664,0,0.0034433996036518939,0.00033514579890929637,0.00020119126834867041,0.00025095913340053843,0.0003172177949615134,0.00041000445984872659,0.00053065704659151659
68,7.2000000000000002,2193.1816927345485,1.0759798374653349,44.177241118605522,0,0.0033284283877019817,0.00032395565996049664,0.00019447371958203295,0.00024257989194096573,0.000306626251775821,0.00039631487492698176,0.00051293900833818368
69,7.2000000000000002,2372.9955954217307,0.99444739207831478,2.5201779639608368,0,0.0036175778059621246,0.00035209854894851275,0.0002113681683530503,0.00026365345173137662,0.00033326368902754453,0.0004307438011903154,0.00055749938296181226
70,7.2000000000000002,2270.0726971245126,1.0395346740523492,10.799543005849422,0,0.003460674188726736,0.00033682713284730189,0.00020220058939224566,0.00025221812608196829,0.00031880918905370789,0.00041206133901988348,0.00053331920647769061
71,7.2000000000000002,2235.3628664305784,1.0556761574234348,25.009885776763245,0,0.0034077598413889939,0.00033167698379301731,0.00019910890504534851,0.00024836166436365611,0.00031393453768692941,0.00040576084506168878,0.00052516465733654994
72,7.2000000000000002,2213.9513434596479,1.0658857920485634,44.230520734874659,0,0.0033751184616742872,0.00032850000100240971,0.00019720173151298019,0.00024598272107821429,0.00031092750170811962,0.00040187424669986863,0.000520134344230366
73,7.2000000000000002,2174.8114928577234,1.0850684250245717,2.4204225212749684,0,0.0033154506497578345,0.00032269253779869069,0.0001937154551173131,0.0002416340586823139,0.00030543069799523023,0.00039476961993241031,0.00051093902899173314
74,7.2000000000000002,2205.854359042642,1.0697983171947252,10.5110194664482,0,0.0033627747931151484,0.00032729859276145603,0.00019648051451253248,0.00024508309956426059,0.00030979036057645628,0.00040040449013871497,0.00051823208034709495
75,7.2000000000000002,2218.6634777383706,1.0636219980895825,24.653097782392798,0,0.0033823020031938369,0.00032919917450496063,0.00019762145213675583,0.00024650626628411516,0.00031158927421875976,0.00040272958862922251,0.00052124138882745231
76,7.2000000000000002,2242.6974542189046,1.0522236411519692,44.062500837219559,0,0.0034189412536301798,0.00033276526972257723,0.00019976221362688742,0.00024917657922955379,0.00031496460777578666,0.00040709221214479794,0.00052688780767621343
77,7.2000000000000002,2096.7980877865866,1.1254394474250642,2.3462798793470956,0,0.0032112765240402191,0.00031255327875008061,0.00018762875973057585,0.00023404172223518034,0.00029583381983530404,0.00038236564099840389,0.00049488491380105491
78,7.2000000000000002,2160.399581609292,1.0923068590499478,10.225565389380879,0,0.0033086831294718102,0.00032203385560842466,0.0001933200418203851,0.00024114083360775386,0.00030480725078909911,0.00039396381351469338,0.00050989609679068357
79,7.2000000000000002,2182.8289611519635,1.0810829997578459,24.27491375056556,0,0.0033430340478524173,0.00032537722765613213,0.00019532710043496077,0.00024364437014158139,0.00030797177533979094,0.00039805396608397746,0.00051518986428610491
80,7.2000000000000002,2222.6357667663915,1.0617210955412897,43.895628240531778,0,0.0034039987449833576,0.00033131091659062086,0.00019888915135907024,0.00024808755110256573,0.00031358805257170541,0.00040531301254797283,0.00052458504052168935
81,7.2000000000000002,2145.7124046351641,1.0997835852478599,2.6583511147856376,0,0.0032996558432141195,0.00032115523058285169,0.0001927925947096852,0.00024048291405238595,0.00030397562618238367,0.00039288893750493288,0.0005085049155118212
82,7.2000000000000002,2154.0365128803037,1.0955335562650226,10.814687366425247,0,0.0033124565765981877,0.00032240112490545034,0.00019354051713570933,0.00024141584700432977,0.00030515487369512598,0.00039441311662467149,0.00051047761695622836
83,7.2000000000000002,2148.9596831105546,1.0981217096938272,24.772263952879804,0,0.0033046494767377541,0.00032164126052110334,0.00019308436318791323,0.00024084685611135644,0.00030443565684903451,0.00039348352780847154,0.00050927447673689713
84,7.2000000000000002,2149.9185230458415,1.0976319595299149,44.115927701240203,0,0.0033061239715434622,0.0003217847729787114,0.00019317051510586646,0.00024095431907855076,0.0003045714923734543,0.00039365909542070073,0.00050950170887631592
85,7.2000000000000002,2274.1111385838381,1.0376886341403713,2.8138878889253989,0,0.0035127350648148578,0.00034189421361537976,0.00020524240704257116,0.00025601238578197279,0.00032360521571843886,0.00041826021043670197,0.00054134222846984937
86,7.2000000000000002,2195.9050620073122,1.0746454034416764,11.123063074339685,0,0.0033919330411973873,0.00033013656263807255,0.00019818417530992271,0.00024720818799792247,0.00031247651850938366,0.00040387635316106491,0.00052272561336449248
87,7.2000000000000002,2126.6261887532009,1.1096540114856683,25.016396054465581,0,0.0032849205371901606,0.00031972104446505834,0.00019193163889575006,0.00023940898710349436,0.00030261815919538452,0.00039113440945635794,0.00050623408003661139
88,7.2000000000000002,2076.6861374103328,1.1363389193820146,44.207220869051298,0,0.0032077799935666014,0.00031221296172798753,0.00018742446412687628,0.00023378689085963014,0.00029551170744216776,0.00038194931026331875,0.00049434606883735118
89,7.2000000000000002,2292.2803889266397,1.0294636261253594,2.5978814911274117,0,0.0035408004314091673,0.00034462581342707644,0.0002068822128599939,0.00025805782368921033,0.00032619069365611174,0.00042160194441923272,0.00054566733919259253
90,7.2000000000000002,2194.668057417819,1.0752511175001838,10.88475807044372,0,0.0033900222861234031,0.00032995058900459962,0.00019807253353694033,0.00024706892985402329,0.00031230049319107961,0.0004036488401819784,0.00052243114982234514
91,7.2000000000000002,2117.2688676982743,1.1145581542725249,24.951918533421455,0,0.0032704666306837085,0.00031831424693905302,0.0001910871247186728,0.00023835556889224038,0.00030128661569816915,0.0003894133875559091,0.0005040066106106728
92,7.2000000000000002,2055.932965921595,1.1478094472903457,44.165041954105149,0,0.0031757233398887162,0.00030909289027423027,0.0001855514550210996,0.00023145056311591104,0.00029255853843362202,0.0003781323350386542,0.00048940586696642318
93,7.2000000000000002,2274.4122627278139,1.0375512478332407,2.3266781665251046,0,0.0035299882280358306,0.00034357346256611813,0.00020625047644810075,0.00025726981721274877,0.00032519463635589951,0.00042031453891475448,0.00054400108706688605
94,7.2000000000000002,2183.0411155955458,1.0809779368890611,10.383082927518617,0,0.0033881761744144704,0.00032977090710450594,0.00019796466875242924,0.00024693438299685833,0.00031213042304152768,0.00040342902426713698,0.00052214664837032046
95,7.2000000000000002,2135.9152233329569,1.1048281577384531,24.553018507057885,0,0.0033150347094088664,0.00032265205435889308,0.00019369115251639582,0.00024160374444593755,0.0003053923801420844,0.00039472009405167112,0.0005108749290606918
96,7.2000000000000002,2029.7933652605241,1.1625908930772295,43.996613746064369,0,0.0031503289012878312,0.00030662125166344559,0.00018406770642982487,0.00022959978567558363,0.0002902191155537695,0.00037510862757505478,0.00048549236887183566
97,7.2000000000000002,2227.0966588164965,1.0595944598715807,2.115100101538729,0,0.003471577252159888,0.00033788832711037465,0.00020283763458406001,0.00025301275454962943,0.00031981361669461308,0.00041335956320184158,0.00053499946090825403
98,7.2000000000000002,2164.5456512835153,1.0902146045666259,9.6754920190246114,0,0.0033740733319813296,0.000328398278615749,0.00019714066657927572,0.00024590655076043948,0.00031083122077218143,0.00040174980345059297,0.00051997328089180327
99,7.2000000000000002,2116.8002682797578,1.1148048857713921,23.636978727255226,0,0.0032996482795816782,0.0003211544944151311,0.00019279215278107415,0.00024048236280569337,0.0003039749293945922,0.00039288803690570227,0.00050850374989199355
100,7.2000000000000002,2072.3597136754788,1.1387112313118453,43.576586809769346,0,0.0032303747624997702,0.00031441210872133876,0.00018874463336163145,0.00023543362498390654,0.0002975932151391087,0.00038463966197911317,0.00049782811412125516
101,7.2000000000000002,2091.0800411818186,1.1285169552604812,2.110568990170421,0,0.0032700437300338097,0.00031827308605374095,0.0001910624154406534,0.00023832474738070262,0.00030124765663820229,0.00038936303291442411,0.00050394143803830012
102,7.2000000000000002,2065.9477998999364,1.142245356535516,9.4932115015681191,0,0.0032307417777378716,0.00031444783028413819,0.00018876607736167681,0.00023546037349894995,0.00029762702584304918,0.00038468336236297055,0.00049788467427828672
103,7.2000000000000002,2087.4200637760987,1.1304956401595587,23.473411689367222,0,0.0032643202350303023,0.00031771601875795873,0.00019072800254883517,0.00023790761213314692,0.00030072038862592732,0.00038868153824419437,0.00050305939897680942
104,7.2000000000000002,2133.2804060041099,1.1061927323940934,43.59076917796952,0,0.0033360369180871377,0.00032469619759422188,0.00019491827149428718,0.00024313441085009417,0.00030732717572002927,0.00039722082014097905,0.0005141115473193715
105,7.2000000000000002,2167.8301366640626,1.0885628174317408,2.2581814697225622,0,0.003390065997746414,0.00032995484345325557,0.00019807508752366489,0.00024707211561004729,0.00031230452005588237,0.00040365404491057356,0.00052243788615371491
106,7.2000000000000002,2143.35258864978,1.1009944391683368,9.9200998338071624,0,0.0033517878587778702,0.00032622923535021456,0.00019583856890382755,0.00024428235848353102,0.00030877820645987855,0.00039909627947574928,0.00051653890069976855
107,7.2000000000000002,2103.6497499146881,1.1217738510777129,24.161131274654533,0,0.0032897003172618336,0.0003201862600645004,0.00019221091232484255,0.00023975734326388889,0.00030305848894774003,0.00039170353629961005,0.00050697068463327253
108,7.2000000000000002,2065.6266444263506,1.1424229483328618,43.999212910569938,0,0.0032302395528483012,0.00031439894877713311,0.00018873673331969523,0.00023542377074075565,0.00029758075916175102,0.00038462356261032129,0.00049780727716865669
109,7.2000000000000002,2285.6601856229786,1.032445372292853,2.3355929858015365,0,0.0035900644484549399,0.00034942067613565563,0.00020976061537327696,0.00026164824491494451,0.00033072906406239068,0.00042746779474848551,0.00055325934151524443
110,7.2000000000000002,2193.5062843683263,1.0758206156496311,10.292532884472026,0,0.0034453192029622981,0.0003353326333515693,0.00020130342687351078,0.0002510990361230991,0.00031739463504124456,0.00041023302590813878,0.0005309528731054123
111,7.2000000000000002,2129.1588315520444,1.1083340736774832,24.564332343681873,0,0.0033442492783263226,0.00032549550593774772,0.0001953981040327197,0.00024373293761028,0.00030808372654373876,0.00039819866317737223,0.00051537714159586776
112,7.2000000000000002,2045.3265516266704,1.1537616227607654,44.107392445011385,0,0.0032125747233394978,0.00031267963238061446,0.0001877046110384851,0.00023413633657235535,0.0002959534144123322,0.0003825202171625854,0.00049508497730960381
113,7.2000000000000002,2336.0379792481458,1.0101801863854867,2.4090902401258152,0,0.0036803251086761097,0.00035820573873710985,0.00021503437351991391,0.00026822655114615914,0.00033904418600663548,0.00043821510191560084,0.00056716927381748688
114,7.2000000000000002,2202.4952019298262,1.0714299305682,10.585538155071838,0,0.0034699343355752634,0.00033772842217494065,0.00020274164210293724,0.00025289301679921281,0.00031966226557761591,0.00041316394166371367,0.00053474627354607035
115,7.2000000000000002,2118.4081660518705,1.1139587351943232,24.897507167223349,0,0.0033374589082898766,0.00032483459978316121,0.0001950013556684751,0.000243238047218236,0.00030745817434014045,0.00039739013604737743,0.00051433068805472714
116,7.2000000000000002,2041.855347270046,1.155723045922689,44.221059252277328,0,0.0032168533087210899,0.00031309606674228267,0.00018795460061818642,0.00023444816505674207,0.00029634757238890393,0.00038302966691870316,0.0004957443435591025
117,7.2000000000000002,2338.2266997513279,1.0092345971121774,2.5440133957036113,0,0.0036949111551496392,0.00035962539743519258,0.00021588660838312576,0.00026928959987824785,0.00034038790269134213,0.00043995185767852928,0.00056941710713165729
118,7.2000000000000002,2280.0851342618989,1.0349698113550394,11.003056188807319,0,0.0036030347263467338,0.00035068307221118247,0.00021051844396137264,0.00026259353447594602,0.00033192393059734335,0.00042901216147707346,0.00055525817120443625
119,7.2000000000000002,2206.9779609597863,1.0692536686022058,25.453285618410515,0,0.00348750935398478,0.00033943899726458646,0.0002037685168929883,0.00025417390542592727,0.00032128133662018743,0.00041525659333335524,0.00053745473275396897
120,7.2000000000000002,2139.0641553966666,1.1032017320877712,44.494242825306806,0,0.0033801906419922592,0.00032899367589366425,0.00019749808933052299,0.00024635238772268374,0.00031139476837516801,0.00040247818954441099,0.00052091601018178799
121,7.2000000000000002,2203.5037531063258,1.0709395334379535,2.5855937575989651,0,0.0034944227374655557,0.0003401118763075455,0.00020417245269805805,0.0002546777611867751,0.00032191822124466411,0.0004160797676337636,0.0005385201437088789
122,7.2000000000000002,2233.4509014169457,1.0565798781532878,11.0771062852127,0,0.0035419143724724662,0.00034473423321872691,0.0002069472983107656,0.00025813900906299276,0.0003262933137317608,0.00042173458101577434,0.00054583900694619872
123,7.2000000000000002,2206.9657658027472,1.069259577038397,25.522847567440518,0,0.003499912964503615,0.0003406462396515246,0.00020449323618776334,0.0002550778955824991,0.00032242399981099844,0.00041673348716396246,0.00053936623420097383
124,7.2000000000000002,2152.631647450346,1.0962485309902055,44.531335039826786,0,0.0034137472938878433,0.00033225974205001139,0.00019945874046995137,0.00024879803715315013,0.0003144861223700163,0.00040647376906419408,0.00052608737448395183
125,7.2000000000000002,2292.4781706372023,1.0293748099789093,2.6237746496069669,0,0.0036355226685341304,0.00035384512093993486,0.00021241665243180069,0.00026496129504856991,0.00033491683138428459,0.00043288049008291209,0.00056026483828795336
126,7.2000000000000002,2328.9227011013741,1.0132664687258544,11.039829929600018,0,0.0036933181661504715,0.00035947035194752584,0.00021579353307555235,0.00026917350091072641,0.00034024115107495173,0.00043976218100160336,0.00056917161403330916
127,7.2000000000000002,2351.7264789752712,1.0034412174959746,25.380217187724806,0,0.003729481499110684,0.00036299012615651378,0.00021790648761567142,0.00027180912841412306,0.00034357264147993736,0.0004440681371796074,0.00057474468996769092
128,7.2000000000000002,2355.5915481893389,1.0017947649261936,44.46416190773175,0,0.0037356109126524019,0.00036358670147008059,0.00021826461755312737,0.00027225584749634974,0.00034413730410173967,0.00044479796443686108,0.00057568928451429439
129,7.2000000000000002,2282.9476906355239,1.0336720770958814,2.6111224600208702,0,0.0036348883449208351,0.00035378338227506445,0.00021237959011345488,0.0002649150647754064,0.00033485839531497449,0.00043280496137861578,0.00056016708364604146
130,7.2000000000000002,2372.5715780468272,0.9946251161042492,11.125121405619266,0,0.0037775866752917586,0.00036767219897948218,0.00022071718126846218,0.00027531509191417092,0.0003480042554866916,0.00044979600470771298,0.00058215810509701274
131,7.2000000000000002,2452.5546642434183,0.96218825035177824,25.60429936552411,0,0.0039049350105161431,0.00038006700192459513,0.00022815790149701565,0.00028459639281634285,0.00035973602139880231,0.00046495932915629963,0.00060178356227219738
132,7.2000000000000002,2503.401015322539,0.94264533202501233,44.590300419925711,0,0.0039858921036976342,0.00038794654911479342,0.00023288806997404386,0.00029049664381419581,0.00036719406680203997,0.0004745988636516855,0.00061425973608680861
133,7.2000000000000002,2510.0336837499208,0.94015442763101209,2.6811199522782423,0,0.0039964525774488762,0.00038897439915243267,0.0002335050983044537,0.00029126630393093048,0.00036816693390511016,0.00047585629579273951,0.00061588719454544873
134,7.2000000000000002,2553.7308172424937,0.92406735484697211,11.430359108549807,0,0.0040660267520522307,0.00039574604781794534,0.00023757018456917753,0.00029633695403700534,0.00037457634576382588,0.00048414046991165861,0.00062660916418699221
135,7.2000000000000002,2597.9670497300399,0.90833302967629292,26.118633414771452,0,0.0041364592751239387,0.00040260123946896098,0.00024168542249705714,0.00030147016161899594,0.00038106483163072552,0.00049252684730078668,0.00063746341259823759
136,7.2000000000000002,2638.2903745228459,0.89445017275903849,44.869394258499888,0,0.0042006617025028272,0.00040885005642096202,0.00024543664782150767,0.00030614931228165184,0.00038697937969035486,0.0005001714092419976,0.00064735755049055623
137,7.2000000000000002,2831.6920289785421,0.83336014549990078,3.2019936300572911,0,0.0045310790190753016,0.0004410095465419183,0.00026474230114593685,0.00033023052648043882,0.00041741855743465732,0.00053951409060325694,0.00069827765780807133
138,7.2000000000000002,2721.80063695135,0.86700666068021315,12.364719428275633,0,0.0043552383641962461,0.00042389499013153993,0.00025446826721015482,0.00031741504659299561,0.00040121951252968457,0.00051857680158031783,0.00067117912341494519
139,7.2000000000000002,2595.1866002367133,0.90930620598350131,26.590403873121979,0,0.0041526392823020659,0.00040417603823071971,0.00024263078944273652,0.00030264938013767464,0.00038255538944866323,0.00049445339544128741,0.00063995688875879378
140,7.2000000000000002,2482.3423022664233,0.9506421733722662,44.927678074903639,0,0.0039720735902271757,0.00038660159434048143,0.00023208068059964008,0.00028948953381692684,0.00036592105789302578,0.0004729534977913424,0.00061213018610987839
141,7.2000000000000002,2858.6989951286414,0.82548714828028802,3.4001995239664975,0,0.0045884493241608636,0.00044659339359562046,0.00026809433860144248,0.00033441174379600331,0.00042270370692942127,0.00054634515398695952,0.00070711890778279735
142,7.2000000000000002,2763.3841338957604,0.85395991542936311,12.539083642125433,0,0.0044354610552484108,0.00043170305802317152,0.00025915552597210946,0.00032326177347423202,0.00040860990228707941,0.00052812889105537358,0.00068354211964059884
143,7.2000000000000002,2681.7856802856918,0.87994327758103141,26.264303602521451,0,0.0043044887598239169,0.00041895553533121506,0.00025150306466409144,0.00031371635396371355,0.00039654428471787729,0.00051253406285602175,0.00066335817950145142
144,7.2000000000000002,2536.5670316618643,0.93032009476777022,44.62541948436251,0,0.004071400767254916,0.0003962691002735896,0.00023788417802309052,0.00029672861877342368,0.00037507141849685332,0.0004847803521367884,0.0006274373454508718
145,7.2000000000000002,2539.7262178206456,0.92916286201330878,2.9901624796406492,0,0.0040764715234345135,0.00039676263655357384,0.00023818045263094553,0.00029709818162496364,0.00037553855396738468,0.00048538412540964225,0.00062821879193050701
146,7.2000000000000002,2489.090423748471,0.9480649070702194,11.588117006927693,0,0.0039951968682557992,0.00038885218108042466,0.00023343172961237267,0.00029117478632415504,0.00036805125366256197,0.00047570677891154784,0.00061569367912218227
147,7.2000000000000002,2544.4626671208425,0.92743325016070832,25.453610447174157,0,0.0040840739179599413,0.0003975025769845787,0.00023862464603662393,0.000297652253345204,0.00037623891265512626,0.00048628934002883695,0.00062939038532373631
148,7.2000000000000002,2715.6061884054916,0.86898435102847893,44.355655919887113,0,0.0043587734844100006,0.000424239063089852,0.00025467481753873591,0.00031767269043554285,0.00040154517994218637,0.00051899772718308663,0.00067172391538448234
149,7.2000000000000002,2651.7028727799484,0.88992598133987744,2.6838824948802587,0,0.0042673728448435191,0.00041534304639291049,0.00024933445257419398,0.00031101130112901786,0.00039312503918634674,0.00050811468304974247,0.00065763830260881571
150,7.2000000000000002,2658.0208045374015,0.88781068878472047,11.008876581948446,0,0.004277540262427929,0.00041633264030630862,0.00024992851538278252,0.00031175231483628518,0.00039406169660570603,0.00050932531412210802,0.00065920518778272454
151,7.2000000000000002,2785.6922991694883,0.84712129978749329,25.120027225333967,0,0.0044830013926496493,0.0004363301551343688,0.00026193321717278659,0.00032672657083993159,0.00041298948140596918,0.00053378950341548097,0.0006908684883294232
152,7.2000000000000002,3005.7455556059317,0.78510280981011016,44.295033138265779,0,0.0048371320535829385,0.00047079766310262572,0.00028262439595980844,0.00035253604229486371,0.00044561321385641812,0.00057595572490131699,0.00074544302287925018
153,7.2000000000000002,2394.8570771160066,0.98536956707339984,2.5532258223780033,0,0.0038617600798793619,0.00037586478949308663,0.0002256352726837732,0.00028144975158256221,0.00035575859854038909,0.00045981850434585189,0.00059512993974340073
154,7.2000000000000002,2504.5905961754652,0.942197613008663,10.767425767352247,0,0.0040387078098202299,0.00039308709742775805,0.00023597399090296138,0.00029434591644128419,0.00037205963100137848,0.00048088761243279067,0.00062239908378114472
155,7.2000000000000002,2754.4513705818458,0.85672933146827834,24.957481092637423,0,0.0044416138426479936,0.00043230190831239308,0.00025951502159947989,0.00032371019607152783,0.00040917671818892611,0.00052886150143020621,0.00068449031629668996
156,7.2000000000000002,2900.1777526334458,0.81368091288117883,44.243281147663183,0,0.0046766008613596975,0.000455173175427579,0.00027324486471438892,0.00034083633458700032,0.00043082452921883131,0.00055684132856853054,0.00072070380636175542
157,7.2000000000000002,2349.1620072027663,1.0045366279741563,2.6464163410590702,0,0.0037991547695337764,0.00036977141980997364,0.00022197736386005371,0.00027688700074355498,0.000349991182385829,0.0004523641106052355,0.00058548193111445735
158,7.2000000000000002,2446.4857071607985,0.96457513500828529,10.919122655275293,0,0.0039565503845448097,0.00038509072201403627,0.00023117368931208803,0.00028835818378670862,0.00036449100688411241,0.00047110515478922054,0.00060973792862332326
159,7.2000000000000002,2663.1982668138139,0.88608471651781995,25.116804055750482,0,0.0043070262359757574,0.00041920250767541237,0.00025165132455378069,0.0003139012882987861,0.0003967780457338223,0.00051283619930800686,0.00066374922607040159
160,7.2000000000000002,2790.1501852764436,0.84576783491196217,44.344097741534256,0,0.0045123377406952924,0.00043918545946570781,0.00026364728401119867,0.00032886463941462249,0.00041569204651906058,0.00053728257274197791,0.00069538946805979538
161,7.2000000000000002,2318.9384043468021,1.0176291344595592,3.0142814396144373,0,0.0037606348174342367,0.00036602227605487284,0.00021972671656038587,0.00027407961998319287,0.00034644259213389305,0.00044777755256032514,0.0005795456802087217
162,7.2000000000000002,2422.6840962527167,0.97405158391492919,11.646211726447035,0,0.0039288797610726092,0.00038239754251779835,0.00022955694758206447,0.00028634151523628209,0.00036194189403826303,0.00046781042274058899,0.00060547365115940909
163,7.2000000000000002,2644.1063962495236,0.89248272483577162,25.795502460961959,0,0.0042879614896616505,0.00041734693749190298,0.00025053740780487565,0.00031251182649818209,0.00039502173584145668,0.00051056616622605533,0.00066081118717351277
164,7.2000000000000002,2901.7540367357551,0.81323890702158852,44.663572174129357,0,0.0047057900467402181,0.00045801415642888105,0.00027495033311908504,0.000342963677768429,0.00043351353720190466,0.00056031687528482579,0.00072520210707887581
165,7.2000000000000002,2085.1713376675802,1.1317148085874331,3.3155283748940452,0,0.0033815335146676457,0.00032912437758020351,0.00019757655081855511,0.00024645025790961321,0.00031151847841699655,0.00040263808495281304,0.00052112295823600547
166,7.2000000000000002,2427.2068800652623,0.972236565684511,12.431426766561128,0,0.003936214383779839,0.00038311142073986292,0.00022998549559135202,0.00028687607142211489,0.00036261758466667415,0.00046868375385733844,0.00060660397864726549
167,7.2000000000000002,2741.0493585169243,0.86091820052349388,26.715271708147881,0,0.004445174410248341,0.00043264845806273964,0.00025972305877030238,0.00032396969455042923,0.00040950472990205859,0.00052928545704493857,0.00068503902992405566
168,7.2000000000000002,3179.5561228422057,0.74218513217216775,45.099373316480794,0,0.0051563031761141971,0.00050186256208677789,0.00030127295562573571,0.00037579762025170989,0.00047501635359000578,0.00061395932563181467,0.00079462999643297632
169,7.2000000000000002,2059.0875932792951,1.1460509445944591,3.2048164789762614,0,0.0033392333668363062,0.00032500730768686886,0.0001951050338954255,0.00024336737190613886,0.00030762164355432984,0.0003976014202436935,0.00051460414714746467
170,7.2000000000000002,2425.7029841684716,0.97283933634167119,12.50266277707669,0,0.003933775507757661,0.00038287404513813879,0.00022984299671909602,0.00028669832318390634,0.00036239290703323325,0.00046839335769040778,0.00060622812719349889
171,7.2000000000000002,2677.282209924183,0.88142343475523799,26.981080238665101,0,0.0043417628841996726,0.00042258342277689767,0.00025368092062707381,0.00031643293729074969,0.00039997810504214593,0.0005169722806030436,0.0006691024378020408
172,7.2000000000000002,3077.7345138169326,0.76673906429761418,45.183233940564669,0,0.0049911785279778556,0.00048579099372724767,0.00029162503751627633,0.00036376313591378513,0.00045980450402132545,0.00059429798801214056,0.00076918288944993426
173,7.2000000000000002,2115.1038694388481,1.1156990043739763,2.8154175059370381,0,0.0034385022928931819,0.00033466914405779586,0.0002009051278257994,0.00025060221146133157,0.00031676663787870711,0.00040942133866517076,0.00052990232952042707
174,7.2000000000000002,2362.7388650315502,0.99876432228957146,11.821955584301021,0,0.003841079921561606,0.00037385199139273702,0.00022442697049392918,0.00027994255659871372,0.00035385347134746724,0.00045735612468719554,0.00059194295217323699
175,7.2000000000000002,2634.1875450953585,0.89584330685727276,26.689245747183371,0,0.0042823712086178124,0.00041680283589980849,0.00025021077835052987,0.00031210440004534191,0.0003945067399565583,0.00050990053329825038,0.00065994967751160959
176,7.2000000000000002,2904.4789959269233,0.81247593271968721,45.18270766881939,0,0.0047217812001849593,0.00045957057407237359,0.00027588466570148228,0.00034412913239829863,0.00043498669716546284,0.00056222093667331985,0.00072766647927941224
177,7.2000000000000002,2113.9852393226879,1.1162893843272736,2.5997151872751161,0,0.003438838363078628,0.00033470185374117722,0.00020092476376546564,0.00025062670466346007,0.00031679759781814211,0.0004094613544317722,0.0005299541207827213
178,7.2000000000000002,2349.3073697437217,1.0044744726348398,11.180221987926,0,0.0038216389402636031,0.00037195980228933186,0.00022329107105282457,0.00027852567433682678,0.00035206250139652108,0.00045504129342928309,0.00058894693227839296
179,7.2000000000000002,2595.6081147639547,0.90915853894033238,25.959477682751771,0,0.0042222985262793484,0.00041095596669136786,0.00024670084614865459,0.00030772623020274855,0.00038897263819020475,0.00050274769874261976,0.00065069196831144839
180,7.2000000000000002,2762.3720905048513,0.8542727785992027,44.878970882100887,0,0.0044935749508683157,0.00043735927868214139,0.00026255101000366101,0.00032749718456849867,0.00041396355389510621,0.00053504849351977376,0.00069249796321532676
181,7.2000000000000002,2220.5873051228332,1.0627005188386109,2.673167255823464,0,0.00361847748548587,0.00035218611468222204,0.00021142073491090715,0.00026371902146466516,0.00033334657059446804,0.00043085092573571496,0.00055763803119724883
182,7.2000000000000002,2365.7337629030021,0.99749993777183232,11.277807737744435,0,0.0038549956301964713,0.00037520640616436993,0.00022524003879632716,0.00028095675029727734,0.00035513543420876201,0.00045901306354384155,0.00059408748074830388
183,7.2000000000000002,2555.4258156210358,0.92345442659894605,25.68773944134773,0,0.0041641014331308141,0.00040529164842381075,0.00024330050104425785,0.00030348475557183521,0.00038361132214016834,0.00049581818997581121,0.0006417233032928255
184,7.2000000000000002,2747.5828579280533,0.8588710161993085,44.583098959426763,0,0.0044772239704259807,0.00043576783910670414,0.00026159565341639509,0.00032630550531125951,0.00041245724543300511,0.00053310158764885863,0.00068997813862650963
185,7.2000000000000002,2423.8570733506226,0.97358021115426896,2.5665287549487941,0,0.0039564033248372333,0.00038507640870484881,0.00023116509689398502,0.00028834746589711711,0.00036447745923889706,0.00047108764443814003,0.00060971526547670143
186,7.2000000000000002,2475.6477294373503,0.95321287161352009,11.03118461356298,0,0.0040409399611718924,0.00039330435253438176,0.00023610441124717903,0.00029450859833514219,0.00037226526444834868,0.00048115339396110019,0.00062274307721210242
187,7.2000000000000002,2662.8648178237804,0.88619567372895169,25.644484745860009,0,0.0043465298901748011,0.00042304739507457854,0.00025395944769007999,0.00031678036245951738,0.00040041725800086581,0.00051753988643881571,0.00066983707380222004
188,7.2000000000000002,2762.6697574845784,0.85418073401183203,44.679828887245819,0,0.0045094390812531818,0.00043890333318171164,0.00026347792087104768,0.00032865338160392753,0.00041542501205823427,0.00053693743031424824,0.00069494276008637463
189,7.2000000000000002,2664.8983539507249,0.88551943370824027,2.361382633951719,0,0.0043546352956264243,0.00042383629351746828,0.0002544330310643601,0.00031737109422525325,0.00040116395578229847,0.00051850499440378244,0.00067108618543998161
190,7.2000000000000002,2623.6476085931845,0.89944216347934647,10.509902945577629,0,0.004287228615203309,0.00041727560688142705,0.00025049458734870269,0.00031245841372007707,0.00039495422092991047,0.00051047890310500763,0.00066069824501159427
191,7.2000000000000002,2771.2261390066728,0.8515433829324115,25.265960509317271,0,0.0045283825325609902,0.00044074709773228013,0.0002645847505841827,0.00033003400327757265,0.00041717014783813352,0.00053919302083963816,0.00069786210639535102
192,7.2000000000000002,2834.4498024626255,0.83254932905504642,44.617440197691351,0,0.0046316945391881624,0.00045080244680105073,0.00027062107399751035,0.00033756350744128602,0.00042668760462722185,0.00055149434753670192,0.00071378336173152392
193,7.2000000000000002,2883.0956123014694,0.81850191551459184,2.4823864833914193,0,0.0047215130334961964,0.00045954447343071378,0.00027586899723355774,0.00034410958808524608,0.00043496199272930001,0.00056218900615376613,0.00072762515252114055
194,7.2000000000000002,2881.3755088174953,0.81899053908767616,10.930300168687314,0,0.0047186960991621781,0.00045927030144473567,0.00027570440913552959,0.00034390428649940582,0.00043470248706604762,0.00056185359470781497,0.00072719103907913768
195,7.2000000000000002,2876.5639775648101,0.82036043685640558,25.69123204276708,0,0.0047108164758074417,0.00045850337835468046,0.0002752440177783464,0.00034333001000633483,0.00043397658910663975,0.00056091537054296821,0.00072597672237501671
196,7.2000000000000002,2821.7920796968579,0.83628389854080976,44.743318357471182,0,0.0046211190587153936,0.00044977313616044521,0.00027000316885299663,0.0003367927536165119,0.00042571335505343661,0.0005502351285502445,0.0007121535906099805
197,7.2000000000000002,2972.303816651684,0.79393609363218354,2.7649094372724656,0,0.0048744367976026517,0.00047442853075572474,0.00028480404097016058,0.00035525485721863478,0.00044904985496742566,0.00058039758851928817,0.0007511919999263402
198,7.2000000000000002,2965.8963352460883,0.79565130218371816,11.585326084603132,0,0.0048639288330505721,0.00047340579143410134,0.00028419008065206286,0.00035448902403592872,0.00044808182519208119,0.00057914640863133211,0.00074957263358007556
199,7.2000000000000002,2954.3791133030463,0.79875303431933264,26.112985094069558,0,0.0048450411372064238,0.00047156745355820406,0.00028308650862428022,0.00035311246588800031,0.00044634182579693978,0.00057689745689068776,0.00074666187966033158
200,7.2000000000000002,2880.4739989213308,0.81924686081671405,44.792568446738883,0,0.0047238402670076677,0.00045977098287609542,0.00027600497304694282,0.00034427919968206457,0.00043517638547131189,0.00056246610908361504,0.00072798379891832784
201,7.2000000000000002,3318.8018892055566,0.71104553994494468,2.8756621619809972,0,0.0054535369482213054,0.00053079230056674173,0.00031863975776594245,0.00039746037754141364,0.00050239854927705671,0.00064935085325246264,0.00084043623846376898
202,7.2000000000000002,3109.7567181685399,0.75884369587285894,11.978353833060041,0,0.0051100287780573711,0.0004973586787473728,0.00029856923084536159,0.00037242508607860476,0.00047075339715033207,0.00060844944825365842,0.00078749871972039469
203,7.2000000000000002,3042.5443802182663,0.77560718477052371,26.547921111402175,0,0.0049995838100765026,0.00048660907913941463,0.00029211614211083507,0.00036437572305273537,0.00046057882746915722,0.00059529880219097626,0.000770478214619138
204,7.2000000000000002,3060.2272291728309,0.77112550949960623,44.945229440323125,0,0.0050286407026970551,0.00048943718409731986,0.00029381388090199948,0.00036649342457759836,0.00046325564818893361,0.00059875859685179261,0.00077495612790134797
205,7.2000000000000002,3393.2187054817027,0.69545157153242398,3.044605158552141,0,0.0055806894986325508,0.00054316804779216878,0.00032606903866144927,0.00040672740940928985,0.00051411227881992207,0.00066449086566765291,0.00086003152354083366
206,7.2000000000000002,3160.5971859572192,0.7466371519171533,12.389032005886996,0,0.0051981062984783662,0.00050593125653246003,0.00030371543229921333,0.00037884428243719145,0.00047886740076001893,0.00061893680968180234,0.00080107221168692114
207,7.2000000000000002,3097.7967373306556,0.76177344137624192,27.035846588253001,0,0.005094820941836456,0.00049587850130455293,0.00029768066599367263,0.00037131672055667971,0.00046935239905907997,0.00060663865618973075,0.00078515506333921858
208,7.2000000000000002,3159.2588578110799,0.74695344303489231,45.191419740918143,0,0.0051959052043317319,0.00050571702422103559,0.00030358682656822397,0.00037868386403004916,0.00047866462840941588,0.00061867472612469503,0.00080073300443433157
209,7.2000000000000002,3314.5991564862593,0.7119471072882505,3.4328390050534243,0,0.0054632962616810278,0.00053174217373940403,0.00031920997582924579,0.00039817164812582054,0.00050329761074315786,0.00065051289150074043,0.00084194023133517563
210,7.2000000000000002,3130.8943988513438,0.75372049665623775,12.804549171863412,0,0.005160504440330364,0.00050227147078580399,0.00030151842747728092,0.00037610381347591708,0.00047540338847532369,0.00061445956878216073,0.00079527744683592617
211,7.2000000000000002,3078.8173471106388,0.76646939887326371,26.939233699673657,0,0.0050746683109336582,0.00049391704740391377,0.00029650318622408784,0.00036984797240971956,0.00046749586950297533,0.00060423908904711117,0.00078204937221217487
212,7.2000000000000002,3124.0705805620419,0.75536682684548051,45.067523532863667,0,0.005149257064949426,0.00050117676466930226,0.00030086126479535327,0.00037528409113650658,0.00047436724163553732,0.00061312034748966637,0.00079354413101767932
213,7.2000000000000002,3022.547230663497,0.78073859602268303,3.5174789716349872,0,0.0049915200100643922,0.00048582423015051501,0.0002916449896629966,0.00036378802354181935,0.00045983596252367152,0.00059433864817202736,0.00076923551473202854
214,7.2000000000000002,2852.5454692843145,0.82726789342731522,12.65559596529479,0,0.0047107742916644496,0.00045849927257552857,0.0002752415530393647,0.00034332693557490452,0.00043397270295854123,0.00056091034769091715,0.00072597022144125654
215,7.2000000000000002,2885.7578211598034,0.81774681990883136,26.409516230764385,0,0.0047656221091893431,0.00046383760612337375,0.00027844620635996293,0.00034732431094207367,0.00043902547223784475,0.0005674410593092626,0.00073442273471589444
216,7.2000000000000002,2913.2779816226612,0.81002200825548287,44.771399237104582,0,0.0048110696807729912,0.00046826101451046172,0.00028110162124721097,0.00035063658500044759,0.00044321225858376596,0.00057285248673082242,0.00074142659046524105
217,7.2000000000000002,2569.6073335496717,0.91835793370833763,3.5109001947465335,0,0.0042466767433147964,0.0004133286965411548,0.0002481252188529551,0.00030950294418464536,0.00039121844325008701,0.00050565040503819272,0.00065444885805479331
218,7.2000000000000002,2568.6177384620009,0.91871174365300667,12.687944779115611,0,0.0042450412831457488,0.00041316951733803283,0.00024802966203596661,0.00030938374986682639,0.00039106777904369564,0.0005054556713330185,0.00065419681978941041
219,7.2000000000000002,2634.4593977230479,0.89575086384707603,26.469294762857356,0,0.0043538548903745596,0.00042376033673878597,0.00025438743347461711,0.00031731421734535191,0.0004010920621708482,0.00051841207180676095,0.00067096591838016677
220,7.2000000000000002,2679.1673307431329,0.88080324591966164,44.792250178488274,0,0.0044277417200544065,0.00043095173576655646,0.00025870449994630545,0.00032269917897643948,0.00040789877062341368,0.00052720975234917965,0.00068235250469978392
221,7.2000000000000002,2308.9830269666973,1.0220167293219793,3.5227296387889773,0,0.0038201124139327657,0.00037181122560768211,0.00022320187903214156,0.00027841441924906591,0.00035192187254934766,0.00045485953044044607,0.00058871168164021336
222,7.2000000000000002,2580.8233109985831,0.9143668499984976,12.981314892206699,0,0.0042698603902102013,0.00041558515897791384,0.0002494797951033814,0.00031119259644799707,0.00039335420040691746,0.00050841087425953818,0.000658021654420829
223,7.2000000000000002,2593.472362795872,0.90990724062950235,27.094260922493991,0,0.00429078769856672,0.00041762201217111522,0.00025070253779839317,0.00031271780402599293,0.00039528209591004006,0.00051090268199213544,0.00066124672990547579
224,7.2000000000000002,2616.276652012366,0.9019762032678621,45.135675669076271,0,0.0043285164074006195,0.00042129414428454846,0.00025290695426385349,0.00031546751801888386,0.00039875779411548259,0.00051539502696128366,0.00066706104352166928
225,7.2000000000000002,2353.0458539063902,1.0028785785720378,3.3047508345000147,0,0.0038979682444003042,0.00037938892715417617,0.00022775084664644073,0.00028408864646440013,0.00035909421898268562,0.00046412979860306744,0.00060070992460104129
226,7.2000000000000002,2516.0149320603891,0.93791942615697788,12.603719407059769,0,0.0041679367579372916,0.00040566494027032788,0.00024352459175435898,0.00030376427868867656,0.00038396464543055317,0.00049627486084083557,0.00064231435933301501
227,7.2000000000000002,2640.3034621207657,0.89376820321441175,26.8933024799151,0,0.0043738285141537063,0.00042570436789087082,0.00025555445419953786,0.00031876991923634562,0.00040293210097607201,0.00052079032462996097,0.00067404402299315767
228,7.2000000000000002,2897.0388322084345,0.81456253021004876,45.094333907355349,0,0.0047991267794445054,0.0004670986129109537,0.0002804038203113298,0.00034976617188763135,0.00044211203750548991,0.00057143044939219365,0.00073958608820695344
229,7.2000000000000002,2202.6839045011084,1.071338141827004,2.8383930912954303,0,0.0036535618117887773,0.00035560086926240844,0.00021347064515093696,0.00026627600965609707,0.00033657865920123773,0.00043502840494542513,0.00056304482306590358
230,7.2000000000000002,2275.7449013110095,1.0369436749791352,11.294989987095414,0,0.003774747092768226,0.00036739582264708995,0.00022055126987993663,0.00027510813970084972,0.00034774266339445488,0.00044945789654927504,0.00058172050137716199
231,7.2000000000000002,2567.5406885091716,0.91909713129052051,25.279601360454844,0,0.0042587447933777074,0.00041450327885664392,0.00024883033199058722,0.0003103824782887936,0.00039233019345949688,0.00050708734379552528,0.00065630864679314105
232,7.2000000000000002,2984.2234925187386,0.790764930038379,44.323004464654858,0,0.0049498908889420773,0.00048177247123132549,0.00028921267955006158,0.00036075404277757626,0.00045600094494551959,0.00058938188239275786,0.00076282011454334876
233,7.2000000000000002,1963.0302549672542,1.2021308766429748,2.4814285984695363,0,0.0032569305772538956,0.00031699678397715853,0.00019029623894547033,0.00023736904492481977,0.00030003962797797181,0.00038780165411983383,0.00050192059011861271
234,7.2000000000000002,2198.1523971977499,1.0735467132710241,10.442100389710562,0,0.0036470297580903682,0.00035496510501565936,0.00021308898971741981,0.00026579994567161501,0.00033597690398567054,0.00043425063545695833,0.00056203817826054939
235,7.2000000000000002,2434.5516691948069,0.96930342910361955,24.357409824768077,0,0.0040392478685649926,0.00039313966130076299,0.00023600554550490951,0.00029438527657666531,0.00037210938306732566,0.00048095191705015144,0.00062248231140833558
236,7.2000000000000002,2557.1353037550653,0.92283708171998324,43.896738033527051,0,0.0042426305656273382,0.00041293488240115377,0.00024788880841135531,0.00030920805385447508,0.00039084569546830861,0.00050516862798988304,0.00065382530779959389
237,7.2000000000000002,1818.5244697649803,1.297656050559189,2.9511995030589704,1,0.011085122242901705,0.0010789140319829346,0.00064768254067410131,0.0008078971342063494,0.0010211995235879078,0.0013199018646392004,0.0017083112352936254
238,7.2000000000000002,2100.2774293151447,1.1235750326803033,11.645795013085886,1,0.012802594870210682,0.0012460755008911202,0.00074803118910745595,0.00093306861930830907,0.0011794189992374695,0.0015244007662822108,0.0019729883151896042
239,7.2000000000000002,2111.5736297407984,1.117564288568115,25.755797070803162,1,0.012871452762793709,0.0012527774338867779,0.00075205442438049921,0.0009380870659132564,0.0011857624247370016,0.0015325996529362269,0.0019835998997044754
240,7.2000000000000002,2078.4667404704242,1.1353654284342141,44.561201560776247,1,0.012669644142263166,0.0012331354175251679,0.00074026313176224631,0.00092337900923944167,0.0011671711216709763,0.0015085703667721438,0.0019524994818401441
241,7.2999999999999998,2235.8666759576199,1.4908461981104795,3.2811146638540887,1,0.011480587328810687,0.00090438172744021061,0.00054732939243762628,0.00067790159513316005,0.00091051204057501669,0.0011209578992396002,0.0012994247909076872
242,7.2999999999999998,2267.9834189665789,1.4697344369705259,12.26110233120864,1,0.011645498357181107,0.00091737257158781838,0.0005551914164246514,0.00068763920227690007,0.00092359094260802187,0.0011370597165621028,0.0013180901668524213
243,7.2999999999999998,2248.0751084105209,1.4827499850261379,25.963698392926947,1,0.011543274418533237,0.00090931989452763882,0.00055031795789589545,0.00068160311988098624,0.00091548368081834737,0.0011270786303827266,0.0013065199992034263
244,7.2999999999999998,2222.0016131943403,1.5001489258782974,44.483710725572394,1,0.01140939387815241,0.00089877347291065493,0.00054393529185911788,0.00067369778984149485,0.00090486577073028746,0.0011140066119401039,0.0012913667942141319
245,7.2999999999999998,2343.7734765392775,1.4222079764530831,2.9483536543475739,0,0.0032797947049743332,0.00025836538810956639,0.00015636203896022356,0.00019366413917098089,0.00026011670692135881,0.00032023725591102275,0.00037122199645973263
246,7.2999999999999998,2315.4799492288726,1.4395863520405079,11.44054259009061,0,0.0032402017315122673,0.00025524645693395838,0.0001544744701896425,0.00019132626750141538,0.00025697663420322267,0.00031637142090750256,0.00036674068467760379
247,7.2999999999999998,2314.2815530267762,1.4403318079313949,24.923819474086653,0,0.0032385247377424162,0.00025511435197459988,0.00015439452062304926,0.00019122724497590767,0.00025684363377600697,0.0003162076802068354,0.00036655087493910076
248,7.2999999999999998,2334.2700769904304,1.4279981421991208,43.931630538343612,0,0.0032664959797214185,0.00025731778281094184,0.00015572803104717833,0.00019287888082103875,0.00025906200047470421,0.00031893877607762068,0.00036971678659666738
249,7.2999999999999998,2339.1579099018822,1.4250142409039639,2.8178249416306831,0,0.003296949737668906,0.00025971677350983041,0.00015717989377488144,0.00019467710337700442,0.0002614772526301718,0.00032191226337013044,0.00037316368063787725
250,7.2999999999999998,2346.9180245922948,1.420302412953856,11.299731096617672,0,0.0033078873096834042,0.00026057837927869642,0.00015770133527207863,0.00019532294119898631,0.00026234469875715394,0.0003229802015684999,0.00037440164449990988
251,7.2999999999999998,2351.9573970599013,1.4172592316086232,25.067245590834425,0,0.003314990104097052,0.00026113790095624574,0.00015803995628855532,0.00019574234445119028,0.00026290801312863442,0.00032367371430235394,0.00037520557089160703
252,7.2999999999999998,2367.022718176378,1.4082388427185981,44.08533943584743,0,0.0033362240730790554,0.00026281060401562358,0.00015905227168750653,0.00019699616022138044,0.00026459205453466874,0.00032574698673876082,0.00037760892752435851
253,7.2999999999999998,2427.40784117574,1.3732069563220983,2.7132535776845756,0,0.003446803667565777,0.00027152149674413171,0.00016432408057088412,0.00020352562438072776,0.00027336199367962823,0.00033654391431611009,0.00039012482608679299
254,7.2999999999999998,2403.1988628952467,1.3870401591807968,11.24203663721533,0,0.0034124280699798326,0.00026881356365358774,0.00016268524673751573,0.00020149582644707264,0.00027063570497962267,0.00033318750087214403,0.00038623404050012301
255,7.2999999999999998,2396.5727841963312,1.3908750676442052,25.306256873114794,0,0.0034030193534165961,0.00026807239326789666,0.00016223669241074792,0.00020094026393239469,0.00026988951060194602,0.00033226883923479042,0.00038516911941179055
256,7.2999999999999998,2346.0948196249778,1.4208007730336172,44.277473813584038,0,0.0033313430448604184,0.00026242610167217834,0.00015881957190195869,0.00019670794702108532,0.00026420494585841642,0.00032527040596972979,0.00037705647067779108
257,7.2999999999999998,2667.951662383638,1.2493979483703317,2.7301774075970222,0,0.0038112152480866508,0.00030022797013714637,0.00018169716116783185,0.00022504326843889876,0.0003022630526835146,0.00037212485003480366,0.00043137057669698675
258,7.2999999999999998,2550.7013584960323,1.3068301086014882,11.173756770183799,0,0.0036437211542768729,0.0002870336453559061,0.00017371199124784542,0.00021515313737529977,0.00028897929073204285,0.00035577082369846121,0.00041241283772479521
259,7.2999999999999998,2469.8405025877355,1.3496148151432803,25.058352499175328,0,0.0035282100183908131,0.00027793427111491613,0.00016820507439650636,0.00020833247733151479,0.00027981823676916605,0.00034449238327436565,0.00039933876500557289
260,7.2999999999999998,2385.22728170546,1.3974908634073515,44.114773136588553,0,0.0034073385640226552,0.00026841263850424296,0.00016244260791394623,0.00020119530312818701,0.00027023206217617835,0.00033269056445743572,0.00038565798720033826
261,7.2999999999999998,2588.4117486456284,1.2877909919383888,2.9306026187321716,0,0.003697591101013851,0.00029127724318690204,0.00017628020525761176,0.0002183340306324846,0.00029325165361073147,0.00036103065410582135,0.00041851008190491132
262,7.2999999999999998,2536.8468651687554,1.3139671058196074,11.491914907663123,0,0.0036239297701345318,0.00028547458172384214,0.00017276845012508918,0.00021398450283634051,0.00028740965905335472,0.00035383840441050648,0.00041017275936779362
263,7.2999999999999998,2496.7386757966542,1.3350749782692977,25.337329209818655,0,0.0035666345255979314,0.00028096115651796567,0.00017003693731275371,0.00021060135382553727,0.0002828656397863832,0.0003482441299093238,0.00040368782449297749
264,7.2999999999999998,2493.5659862287994,1.336773661391883,44.276016920887706,0,0.0035621022834928968,0.00028060412975385214,0.00016982086567402283,0.00021033373562234463,0.00028250619293151025,0.00034780160441446906,0.00040317484483601355
265,7.2999999999999998,2785.8944244098411,1.196503824454676,3.0758440190243905,0,0.0040074491063243813,0.00031568626600759646,0.00019105248031038263,0.00023663041478503197,0.00031782613195608473,0.00039128501032885328,0.0004535812121728973
266,7.2999999999999998,2590.0324465741069,1.2869851641211705,11.906310913403372,0,0.0037257058711308907,0.00029349198043307278,0.00017762055829060219,0.00021999414147553481,0.00029548140335927632,0.00036377576398089828,0.00042169223872619798
267,7.2999999999999998,2508.8356313613426,1.3286375925411273,25.865108910670543,0,0.0036089060018645916,0.00028429108639285564,0.00017205220192943507,0.00021309738476620963,0.00028621814144952438,0.00035237149237576487,0.00040847230133514391
268,7.2999999999999998,2517.2691752802984,1.3241862912662752,44.534642016291563,0,0.0036210374730879956,0.00028524674141181797,0.00017263056178019089,0.00021381371951966074,0.00028718027433545078,0.00035355600220159458,0.00040984539610864165
269,7.2999999999999998,2586.8843100606709,1.2885513744737798,3.0335207098069508,0,0.0037435727494311817,0.0002948994413754787,0.00017847234987275536,0.00022104913848508868,0.0002968984047159124,0.00036552027563277202,0.00042371449280907632
270,7.2999999999999998,2509.9766872461373,1.3280335830491541,11.922347922641585,0,0.0036322769795073752,0.00028613213202294334,0.00017316639780004157,0.00021447738585588435,0.00028807166652923544,0.00035465342110042918,0.00041111753427201391
271,7.2999999999999998,2438.0531837520584,1.367211082821203,25.950583907979489,0,0.0035281939068021496,0.00027793300192667953,0.00016820430628719437,0.00020833152598021695,0.00027981695897779085,0.00034449081014817758,0.00039933694142310882
272,7.2999999999999998,2379.1169288386527,1.4010800784644384,44.561756695144851,0,0.0034429051457279519,0.00027121439120909451,0.00016413822112591069,0.00020329542586415092,0.00027305280644276307,0.0003361632649012059,0.00038968357375545519
273,7.2999999999999998,2390.1712744581705,1.3946001983012573,2.8977195381563789,0,0.0034825786120249815,0.00027433966319698378,0.0001660296273390541,0.00020563805044571091,0.0002761992629541073,0.00034003695917852458,0.00039417399608064656
274,7.2999999999999998,2430.1830757317471,1.3716387734819693,11.544134343923423,0,0.0035408774648448666,0.00027893214751080611,0.00016880898651117966,0.00020908046015778682,0.00028082287722783059,0.00034572922541137302,0.0004007725238794404
275,7.2999999999999998,2369.2752493068983,1.4068999937041753,25.599024392095941,0,0.0034521322373045542,0.00027194125411081691,0.00016457811660180804,0.00020384026385188359,0.00027378459635379849,0.00033706419278002993,0.00039072793770646348
276,7.2999999999999998,2235.5944120381855,1.4910277621844394,44.45260958632889,0,0.0032573537167505618,0.00025659760227126271,0.00015529217971884196,0.00019233905176233566,0.00025833693822181937,0.0003180461308147438,0.00036868202393086576
277,7.2999999999999998,2637.021011892246,1.264052625406058,2.8636175275644566,0,0.0038422489106176112,0.00030267264274184085,0.00018317667046223522,0.00022687573299232517,0.0003047242963976468,0.00037515495887506452,0.00043488310696137444
278,7.2999999999999998,2524.5427015435107,1.3203711433739371,11.411808616284558,0,0.0036783633505645921,0.00028976257972343521,0.0001753635349976395,0.00021719867733329716,0.00029172672306529781,0.00035915326768530125,0.00041633379815813357
279,7.2999999999999998,2401.4802314990065,1.388032801441244,25.474935971343683,0,0.003499056231154454,0.00027563768543448875,0.00016681518691093422,0.00020661101497896562,0.00027750608378022859,0.00034164582436937518,0.00039603900752812184
280,7.2999999999999998,2260.6529548850381,1.4745002438920773,44.426744882623581,0,0.0032938650522768178,0.00025947377783168201,0.0001570328334431094,0.00019449495998242973,0.00026123260981613793,0.00032161107647455647,0.00037281454199576518
281,7.2999999999999998,2638.5403782730323,1.2633247384734185,2.95667313935982,0,0.0038750850642591825,0.00030525930634208484,0.00018474211232578241,0.00022881463039314001,0.0003073284935872621,0.00037836106190367827,0.00043859965132081111
282,7.2999999999999998,2542.1083139256266,1.3112475637144922,11.593891781145789,0,0.0037334603783739906,0.00029410284070137654,0.00017799024928431711,0.0002204520268327044,0.00029609640431796857,0.00036453290957806211,0.00042256992892308106
283,7.2999999999999998,2459.2677140217279,1.3554170269174213,25.638900618343481,0,0.0036117967593347492,0.00028451880542495702,0.00017219001687604981,0.00021326807717453661,0.0002864474040654147,0.0003526537442613306,0.00040879949033807911
284,7.2999999999999998,2425.6967393028599,1.3741756252231787,44.501681976557521,0,0.0035624928397142903,0.00028063489576782427,0.0001698394851830467,0.00021035679704576218,0.00028253716749160161,0.00034783973809778413,0.00040321904975530791
285,7.2999999999999998,2643.4099119352531,1.2609975162319733,2.7719205249821091,0,0.0039043575255748985,0.00030756524055720099,0.00018613765751943973,0.00023054310017008245,0.00030965005847953379,0.00038121920807706195,0.00044191284086722674
286,7.2999999999999998,2611.9579321450919,1.2761818604772879,11.290387805586688,0,0.0038579024625771045,0.00030390574919852666,0.00018392294317791586,0.00022780003830344899,0.00030596576141408527,0.00037668336262459371,0.00043665484675998924
287,7.2999999999999998,2553.7160691819076,1.3052873706516555,25.335985182855389,0,0.0037718783257464561,0.00029712920935433089,0.00017982179946479472,0.00022272051598396753,0.00029914328708232198,0.00036828401571456303,0.00042691824593873496
288,7.2999999999999998,2572.0813126065245,1.2959673230374522,44.317517902250813,0,0.0037990040757295233,0.00029926603667206178,0.00018111500161834562,0.00022432222752154351,0.00030129459879328554,0.00037093255823642608,0.00042998846098875305
289,7.2999999999999998,2797.4398458346441,1.1915656875684491,2.3944583840106048,0,0.0041318621319806495,0.00032548688542161514,0.0001969837888570183,0.00024397671041714435,0.00032769318445261718,0.00040343262611569652,0.00046766284103206618
290,7.2999999999999998,2592.82752646789,1.2855977882471055,10.355382693004151,0,0.0038296465560543049,0.00030167989395091661,0.00018257586156031534,0.00022613159368862774,0.00030372481830120046,0.00037392447227257991,0.00043345671548205753
291,7.2999999999999998,2587.5029558565084,1.2882432948680216,24.249073897035458,0,0.0038217820825032531,0.00030106037110144891,0.00018220092799574615,0.00022566721508042171,0.0003031010960424057,0.00037315658962878089,0.00043256657880115539
292,7.2999999999999998,2568.3139309725516,1.2978683381089202,43.788149588041911,0,0.0037934395945009771,0.00029882769540940247,0.00018084971866349126,0.00022399365803351271,0.00030085328625299149,0.00037038924551124382,0.00042935864783984142
293,7.2999999999999998,2523.6200205861651,1.3208538948581867,2.2639149901434092,0,0.0037564249825602267,0.00029591187431691373,0.00017908507156969624,0.00022180803252854397,0.00029791770039104792,0.00036677516023372945,0.0004251691666744539
294,7.2999999999999998,2467.6360743980722,1.3508204746708568,9.9984540943948215,0,0.0036730925108062534,0.00028934737002821826,0.00017511225120527392,0.00021688744668128145,0.00029130869888879373,0.00035863862594324433,0.00041573722067871321
295,7.2999999999999998,2496.9264657511048,1.3349745693574628,23.883388826545023,0,0.0037166914507932407,0.00029278187067968258,0.00017719080177507952,0.00021946186122269806,0.00029476648015707769,0.00036289560119870363,0.00042067194586774731
296,7.2999999999999998,2522.735287716991,1.321317123347457,43.648849722293605,0,0.0037551080518711576,0.00029580813327846438,0.00017902228777185675,0.00022173027087844446,0.00029781325614837483,0.00036664657588378433,0.00042502011050369606
297,7.2999999999999998,2331.7311741595886,1.4295530163483556,2.3265678190473693,0,0.003470797173812685,0.0002734115819815369,0.00016546795508012746,0.00020494238431571809,0.00027526489077955255,0.00033888662637322157,0.00039284051962625065
298,7.2999999999999998,2358.0855375811011,1.4135760896751146,10.318366857867991,0,0.0035100258169318841,0.00027650181308323715,0.00016733815464306287,0.00020725874313811722,0.00027837606888154879,0.00034271688837302056,0.0003972805948526144
299,7.2999999999999998,2374.1974231646941,1.4039832158903431,24.329686648436752,0,0.0035340084644892218,0.00027839104292882744,0.00016848151147147726,0.00020867486189310778,0.00028027810479142105,0.00034505854019396988,0.00039999505935648175
300,7.2999999999999998,2398.262170402541,1.3898953060556525,43.837887609616132,0,0.0035698289988746828,0.00028121280072200739,0.00017018923170916797,0.00021078997993567413,0.00028311898974997594,0.00034855603643038635,0.0004040493894243539
301,7.2999999999999998,2178.7228514706558,1.5299483048444209,2.3740833188122412,0,0.0032587503707864822,0.0002567076235056705,0.00015535876427440797,0.00019242152088797207,0.00025844770523049252,0.00031818249930611362,0.00036884010355054184
302,7.2999999999999998,2270.4596919200339,1.4681314736376012,10.525862508134825,0,0.0033959626199844013,0.00026751650003798517,0.00016190026732103627,0.00020052358047247191,0.00026932984927338161,0.000331579823868495,0.0003843704064102693
303,7.2999999999999998,2274.918113549083,1.4652542056263398,24.703482157682316,0,0.0034026311520223246,0.00026804181275511527,0.00016221818516654648,0.00020091734155596285,0.00026985872280045739,0.00033223093547543202,0.00038512518102247874
304,7.2999999999999998,2245.3411828136482,1.4845553802012026,44.051702968359734,0,0.0033583924669891331,0.0002645569162734171,0.00016010913517563766,0.0001983051515789453,0.00026635020409594441,0.00032791149588408961,0.00038011804659608689
305,7.2999999999999998,2368.1959512856679,1.4075411840492771,2.4323656253162076,0,0.0035630098076795515,0.00028067561984996951,0.00016986413128818333,0.00021038732278440655,0.00028257816762020837,0.00034789021455057496,0.00040327756252742715
306,7.2999999999999998,2321.7342040471267,1.4357084146509274,10.624968145203347,0,0.0034931069514556063,0.0002751690317239276,0.00016653155894402348,0.00020625972404913475,0.00027703425332039179,0.0003410649401443605,0.00039536564114822187
307,7.2999999999999998,2268.9389981776944,1.4691154482383664,24.869843638492664,0,0.003413675248935751,0.0002689118100086109,0.00016274470516770343,0.00020156946942189778,0.00027073461729339128,0.00033330927470325234,0.00038637520185429451
308,7.2999999999999998,2193.1816927345485,1.5198619176768693,44.177241118605522,0,0.0032996964955514436,0.00025993314899372535,0.0001573108436365884,0.00019483929294942672,0.00026169509480609591,0.00032218045521934029,0.00037347457111629677
309,7.2999999999999998,2372.9955954217307,1.4046942774627995,2.5201779639608368,0,0.0035863498979947705,0.00028251423233496988,0.00017097685462591798,0.00021176550005026236,0.00028442924306186143,0.0003501691274544604,0.00040591929949688598
310,7.2999999999999998,2270.0726971245126,1.4683817560361159,10.799543005849422,0,0.0034308007151299985,0.00027026086631177625,0.00016356115041905276,0.00020258068779583458,0.00027209281811741988,0.00033498139530638798,0.00038831353956222795
311,7.2999999999999998,2235.3628664305784,1.491182207323678,25.009885776763245,0,0.0033783431387195018,0.00026612852776386974,0.00016106027022858938,0.00019948319167416368,0.00026793246868814648,0.0003298594679199079,0.00038237615384262513
312,7.2999999999999998,2213.9513434596479,1.5056036995485524,44.230520734874659,0,0.0033459835282040589,0.00026357940378448876,0.00015951754724276366,0.00019757243302061847,0.00026536606558012001,0.00032669989428619903,0.0003787135467892071
313,7.2999999999999998,2174.8114928577234,1.5326998888318828,2.4204225212749684,0,0.0032868307849437846,0.00025891965436571957,0.00015669747940978644,0.00019407960309265724,0.00026067473024779238,0.00032092425468517474,0.00037201837180894231
314,7.2999999999999998,2205.854359042642,1.5111302882117865,10.5110194664482,0,0.0033337464135233491,0.00026261542671634244,0.00015893415091019326,0.0001968498602702625,0.00026439555423435265,0.00032550506949436813,0.00037732849481147507
315,7.2999999999999998,2218.6634777383706,1.5024060055882018,24.653097782392798,0,0.0033531050594544499,0.00026414040145384017,0.00015985706152551473,0.0001979929426388255,0.00026593086594835029,0.00032739523647394358,0.00037951959390081778
316,7.2999999999999998,2242.6974542189046,1.486305398466812,44.062500837219559,0,0.0033894280299924771,0.00026700173858756882,0.00016158873507380242,0.00020013772835078211,0.00026881159853433303,0.00033094179028537362,0.00038363079196453316
317,7.2999999999999998,2096.7980877865866,1.5897254736873845,2.3462798793470956,0,0.0031835559183948678,0.0002507841906010498,0.00015177391858982349,0.00018798146588368508,0.00025248412058746691,0.0003108405565140537,0.00036032925538764441
318,7.2999999999999998,2160.399581609292,1.5429244486570013,10.225565389380879,0,0.0032801216837193524,0.00025839114581636198,0.0001563776274551956,0.00019368344649441956,0.00026014263922567613,0.00032026918192635758,0.00037125900539274352
319,7.2999999999999998,2182.8289611519635,1.5270703260113443,24.27491375056556,0,0.0033141760757015451,0.00026107377597853958,0.00015800114802427587,0.00019569427799500706,0.00026284345348248991,0.00032359423304115936,0.00037511343547663831
320,7.2999999999999998,2222.6357667663915,1.4997209093700692,43.895628240531778,0,0.0033746145091131195,0.00026583480546658422,0.00016088251028315828,0.00019926302489301962,0.00026763675540674179,0.00032949540668410996,0.00038195413068232157
321,7.2999999999999998,2145.7124046351641,1.5534856051224164,2.6583511147856376,0,0.0032711723234330071,0.0002576861611597897,0.00015595097263450201,0.00019315500788411342,0.00025943287586054645,0.00031939537156990092,0.00037024607632511134
322,7.2999999999999998,2154.0365128803037,1.547482279618424,10.814687366425247,0,0.0032838625574317212,0.00025868583264145479,0.00015655597113026513,0.00019390433626113407,0.00026043932357289889,0.00032063443866957444,0.00037168241439633243
323,7.2999999999999998,2148.9596831105546,1.5511381435078544,24.772263952879804,0,0.0032761228505643379,0.00025807613827076353,0.00015618698573465392,0.0001934473248312314,0.00025982549641480665,0.00031987873817252582,0.00037080639937290259
324,7.2999999999999998,2149.9185230458415,1.5504463530138433,44.115927701240203,0,0.003277584617132932,0.000258191288736202,0.00015625667448706352,0.00019353363869829945,0.00025994142742278523,0.00032002146421388416,0.00037097184872347583
325,7.2999999999999998,2274.1111385838381,1.4657741553515748,2.8138878889253989,0,0.0034824121876850423,0.00027432655314192026,0.00016602169316894095,0.00020562822348108945,0.00027618606403309224,0.00034002070960233676,0.00039415515942125504
326,7.2999999999999998,2195.9050620073122,1.5179769795176297,11.123063074339685,0,0.003362652959738636,0.00026489253601848646,0.00016031225134393841,0.0001985567236238435,0.00026668809882520361,0.00032832748792921987,0.00038060026843209815
327,7.2999999999999998,2126.6261887532009,1.5674279527647503,25.016396054465581,0,0.003256564216547552,0.00025653540949863163,0.00015525454081988436,0.00019229243363804899,0.00025827432387812003,0.00031796904447206213,0.00036859266472764424
328,7.2999999999999998,4132.6191033319283,0.80659098987512057,44.186131411578224,0,0.0047462994073802752,0.00037388909940374036,0.00022627667875922385,0.00028025778186175558,0.00037642349078681605,0.00046342592591125837,0.00053720763044439997
329,7.2999999999999998,2292.2803889266397,1.4541560227255474,2.5978814911274117,0,0.0035102352864603619,0.00027651831401725606,0.00016734814096401254,0.00020727111181956357,0.0002783926816664482,0.00034273734085649306,0.00039730430356110189
330,7.2999999999999998,2194.668057417819,1.5188325733665773,10.88475807044372,0,0.0033607586988181446,0.00026474331586846876,0.00016022194370992661,0.00019844487198569804,0.00026653786719273566,0.00032814253338976727,0.00038038586741496924
331,7.2999999999999998,2117.2688676982743,1.5743552385753763,24.951918533421455,0,0.0032422350800630217,0.00025540663369340034,0.00015457140873425035,0.00019144633193597256,0.00025713789671402655,0.00031656995588263888,0.00036697082826170211
332,7.2999999999999998,4085.7263311821189,0.81584841057352553,44.080827850084759,0,0.0031357220254477959,0.00024701608209800301,0.00014949346944425181,0.0001851569873616783,0.0002486904701209453,0.00030617008290371479,0.00035491519907146041
333,7.2999999999999998,2274.4122627278139,1.4655800920346356,2.3266781665251046,0,0.003499516416944644,0.00027567393650840646,0.00016683712596350525,0.00020663818786414062,0.00027754258058051144,0.00034169075664347028,0.00039609109343688854
334,7.2999999999999998,2183.0411155955458,1.5269219207646401,10.383082927518617,0,0.0033589285232437285,0.00026459914403299519,0.00016013469130231802,0.00019833680443603907,0.00026639271809459757,0.00032796383610639844,0.00038017871986711324
335,7.2999999999999998,2135.9152233329569,1.5606112531619505,24.553018507057885,0,0.0032864184351041673,0.00025888717156239408,0.00015667782090445694,0.00019405525480750219,0.00026064202726116392,0.00032088399308559531,0.00037197170018938322
336,7.2999999999999998,4102.1530789360031,0.81258141010133089,43.786600277916861,0,0.0031628118538384125,0.00024915007969710516,0.00015078495905968873,0.00018675657781397139,0.00025083893293215256,0.00030881511806209048,0.00035798134835320181
337,7.2999999999999998,2227.0966588164965,1.4967169566428711,2.115100101538729,0,0.0034416096603769727,0.00027111233952427767,0.00016407645972035231,0.00020321893051066875,0.00027295006300493433,0.00033603677446165448,0.00038953694486504157
338,7.2999999999999998,2164.5456512835153,1.5399690606464036,9.6754920190246114,0,0.0033449474203526806,0.00026349778452742405,0.00015946815148760299,0.00019751125329652746,0.00026528389307038728,0.00032659872931552268,0.00037859627541714442
339,7.2999999999999998,2116.8002682797578,1.5747037560809671,23.636978727255226,0,0.0032711648250918829,0.00025768557047897304,0.00015595061515605825,0.00019315456512476118,0.00025943228117582501,0.00031939463943621527,0.00037024522762895426
340,7.2999999999999998,4205.6401196795887,0.79258644070270257,43.583677993869429,0,0.003254864321377237,0.00025640150048452233,0.00015517349944420131,0.00019219205883887615,0.00025813950716744503,0.00031780306769191416,0.00036840026290507299
341,7.2999999999999998,2091.0800411818186,1.5940725690487814,2.110568990170421,0,0.0032418158300056691,0.00025537360732634799,0.00015455142126561325,0.0001914215762092402,0.00025710464647914758,0.00031652902054979517,0.00036692337564429584
342,7.2999999999999998,4209.3003885497164,0.79189723365925158,9.7066556676876417,0,0.0048942805981032466,0.00038554629786072595,0.00023333158395622049,0.00028899572203569258,0.00038815970706851838,0.00047787472368866096,0.0005539568108047908
343,7.2999999999999998,4191.0698136907868,0.79534187725636951,23.817271482010877,0,0.0048730833585175319,0.00038387648815461581,0.00023232101960689587,0.00028774407504969605,0.00038647857862822405,0.00047580503748924049,0.00055155761137120739
344,7.2999999999999998,2133.2804060041099,1.5625387660954833,43.59076917796952,0,0.001653619673524426,0.00013026366805452119,7.8835222041448446e-05,9.764234026709076e-05,0.00013114665479677096,0.00016145846743602436,0.00018716415257937085
345,7.2999999999999998,2167.8301366640626,1.5376358493026534,2.2581814697225622,0,0.0033608020331106275,0.00026474672952154859,0.00016022400964360204,0.00019844743077342873,0.00026654130398511792,0.00032814676452499363,0.00038039077218615701
346,7.2999999999999998,2143.35258864978,1.5551959817461438,9.9200998338071624,0,0.0016614271606842643,0.00013087870180866217,7.9207438817582805e-05,9.8103353963346012e-05,0.00013176585753109694,0.00016222078596158182,0.00018804783928281395
347,7.2999999999999998,2103.6497499146881,1.5845476812233186,24.161131274654533,0,0.0016306513681338172,0.00012845434287710582,7.7740223303603728e-05,9.628611602386538e-05,0.00012932506518547362,0.00015921585539690512,0.00018456449590894964
348,7.2999999999999998,4110.9531960530212,0.81084195668627634,44.053302677790661,0,0.0047903986233808343,0.00037736300923109378,0.00022837907965643145,0.00028286173652145139,0.0003799209483644143,0.00046773174782701059,0.00054219897913497744
349,7.2999999999999998,2285.6601856229786,1.4583678511356672,2.3355929858015365,0,0.0035590740432151539,0.00028036558053201778,0.00016967649632566967,0.00021015492517859871,0.0002822660267139057,0.00034750592878717663,0.00040283209490719679
350,7.2999999999999998,2193.5062843683263,1.5196370108842649,10.292532884472026,0,0.0034155782777468289,0.0002690617208480339,0.00016283543080508825,0.00020168183878329594,0.00027088554429707335,0.00033349508533446498,0.00038659059526092976
351,7.2999999999999998,2129.1588315520444,1.5655634910541216,24.564332343681873,0,0.0033153808159780218,0.00026116867923228011,0.0001580585832185463,0.00019576541506593855,0.00026293900003390589,0.00032371186318417997,0.00037524979342915617
352,7.2999999999999998,4087.1818988967161,0.81555786255393359,44.164225848644357,0,0.0031869637370263411,0.00025105264105680311,0.000151936384084635,0.00018818268953366357,0.0002527543907232348,0.00031117329395201907,0.00036071496771104979
353,7.2999999999999998,2336.0379792481458,1.4269174401035072,2.4090902401258152,0,0.0036485555490568897,0.00028741447415647694,0.00017394246781511215,0.00021543859698106859,0.00028936270096446642,0.00035624285120554729,0.00041296001638789579
354,7.2999999999999998,2202.4952019298262,1.5134350033601285,10.585538155071838,0,0.0034399809258917127,0.00027098403618359192,0.00016399881088316934,0.000203122757582056,0.00027282088996550212,0.00033587774576959148,0.00038935259733060472
355,7.2999999999999998,2118.4081660518705,1.573508536622453,24.897507167223349,0,0.0033086490622483808,0.00026063838623486207,0.000157737651320782,0.00019536792089071327,0.00026240511246792376,0.00032305457864787059,0.00037448786309997962
356,7.2999999999999998,4180.919502666713,0.7972727844215215,44.357651038792071,0,0.0032700482434289283,0.00025759761190819185,0.00015589738286526261,0.00019308863361196187,0.00025934372638160692,0.00031928561704917292,0.00037011884786698204
357,7.2999999999999998,2338.2266997513279,1.425581759753165,2.5440133957036113,0,0.0036630156848406394,0.000288553569413939,0.00017463184520552004,0.00021629243388269175,0.00029050951753075945,0.00035765473049069452,0.00041459667994692319
358,7.2999999999999998,2280.0851342618989,1.4619337160901178,11.003056188807319,0,0.0035719323581676447,0.00028137849256827928,0.00017028950796951276,0.00021091417833937938,0.00028328580473139164,0.00034876140721385384,0.00040428745714085498
359,7.2999999999999998,2206.9779609597863,1.5103609516262271,25.453285618410515,0,0.0034574042319990045,0.00027235655478597114,0.00016482945545498733,0.00020415156270015182,0.00027420271212694349,0.00033757894728938007,0.00039132464590677579
360,7.2999999999999998,2139.0641553966666,1.5583138658668245,44.494242825306806,0,0.0016755059620462991,0.00013198775749818529,7.9878636342154991e-05,9.8934673967065274e-05,0.00013288243090751534,0.0001635954319745949,0.00018964134168753701
361,7.2999999999999998,2203.5037531063258,1.5127422990018797,2.5855937575989651,0,0.0034642579372877241,0.00027289645450110365,0.00016515620131251046,0.00020455625782721522,0.00027474627152936808,0.00033824813910530489,0.00039210037926489308
362,7.2999999999999998,2233.4509014169457,1.4924587467844492,11.0771062852127,0,0.0035113396116837614,0.00027660530708865472,0.00016740078893717501,0.0002073363196185243,0.00027848026441668717,0.00034284516653187405,0.00039742929608381966
363,7.2999999999999998,2206.9657658027472,1.5103692975141771,25.522847567440518,0,0.0034697007712042359,0.0002733252130130686,0.00016541568481238223,0.00020487764432847801,0.00027517793636269922,0.00033877957425737694,0.00039271642382092029
364,7.2999999999999998,2152.631647450346,1.5484922082612009,44.531335039826786,0,0.0033842789059124303,0.00026659611702858893,0.00016134325399573549,0.00019983368472240061,0.00026840322748684036,0.00033043903279166866,0.00038304799081599942
365,7.2999999999999998,2292.4781706372023,1.454030566584118,2.6237746496069669,0,0.0036041398556699239,0.00028391563386544454,0.00017182497906824485,0.00021281595507838391,0.0002858401439330998,0.00035190612862103464,0.00040793284735556398
366,7.2999999999999998,2328.9227011013741,1.4312769297825823,11.039829929600018,0,0.0036614364469524439,0.00028842916516105024,0.00017455655608579953,0.00021619918361135624,0.00029038427000892524,0.00035750053461770911,0.00041441793466117353
367,7.2999999999999998,2351.7264789752712,1.4173983935350263,25.380217187724806,0,0.0036972876082624392,0.00029125333558610372,0.0001762657364418202,0.00021831611010155697,0.00029322758395327638,0.00036100102124930338,0.00041847573122286429
368,7.2999999999999998,2355.5915481893389,1.4150727174647701,44.46416190773175,0,0.0037033641110521998,0.0002917320112785927,0.00017655542968527641,0.00021867491325474342,0.0002937095043286199,0.00036159432746324941,0.00041916349728751668
369,7.2999999999999998,2282.9476906355239,1.460100617726114,2.6111224600208702,0,0.0036035110077092562,0.00028386609645166271,0.0001717949991584728,0.00021277882308997395,0.00028579027073206227,0.00035184472827027365,0.00040786167149962563
370,7.2999999999999998,2372.5715780468272,1.4049453193220134,11.125121405619266,0,0.0037449775275796367,0.00029501010258576205,0.00017853932174000244,0.0002211320873204027,0.00029700981603851041,0.00036565743735778565,0.00042387349195254756
371,7.2999999999999998,2452.5546642434183,1.3591270286167603,25.60429936552411,0,0.0038712265576043852,0.00030495535299772516,0.00018455816057814082,0.00022858679467871145,0.00030702247990806511,0.00037798431954807511,0.00043816292808884338
372,7.2999999999999998,2503.401015322539,1.3315219227487074,44.590300419925711,0,0.0039514848073080632,0.000311277685856619,0.00018838441944367675,0.00023332585496704559,0.00031338766843176457,0.00038582068857762042,0.00044724691973081299
373,7.2999999999999998,2510.0336837499208,1.3280034267721164,2.6811199522782423,0,0.0039619541201997236,0.0003121024045758705,0.00018888353699751933,0.0002339440431926074,0.00031421797747183279,0.0003868429062263697,0.00044843188390778096
374,7.2999999999999998,2553.7308172424937,1.3052798324815811,11.430359108549807,0,0.0040309277117505623,0.00031753579000188989,0.00019217180726423505,0.00023801677104138552,0.00031968819287023329,0.00039357744776796939,0.00045623862690900206
375,7.2999999999999998,2597.9670497300399,1.2830545074386941,26.118633414771452,0,0.0041007522422741166,0.00032303620803138592,0.00019550064548253711,0.00024213974482884635,0.00032522589524976652,0.00040039507449815017,0.00046414168303123585
376,7.2999999999999998,2638.2903745228459,1.2634444508164464,44.869394258499888,0,0.0041644004569723093,0.00032805008760989702,0.00019853503193705923,0.00024589802173886162,0.0003302737611980857,0.00040660964932738309,0.00047134567579807757
377,7.2999999999999998,2831.6920289785421,1.1771524937108873,3.2019936300572911,0,0.0044919655220919631,0.00035385398169278506,0.00021415147933133243,0.00026523996599612588,0.00035625256588125005,0.00043859291261734998,0.00050842097116938708
378,7.2999999999999998,2721.80063695135,1.2246794596487978,12.364719428275633,0,0.0043176427712033711,0.00034012173036578904,0.00020584075771063005,0.0002549466188431611,0.00034242723107177518,0.00042157214015779438,0.00048869033390874718
379,7.2999999999999998,2595.1866002367133,1.2844291555101632,26.590403873121979,0,0.0041167925792634681,0.00032429978342693634,0.00019626535791818442,0.00024308688888342509,0.0003264980357374778,0.00040196124371403658,0.00046595720090863318
380,7.2999999999999998,2482.3423022664233,1.3428177613900951,44.927678074903639,0,0.003937785578975353,0.00031019853098158544,0.00018773131781172538,0.00023251694785516531,0.00031230119855123699,0.00038448310385540835,0.00044569637911803822
381,7.2999999999999998,2858.6989951286414,1.1660315895494737,3.4001995239664975,0,0.0045488405912203836,0.00035833430763722177,0.00021686296055954335,0.00026859830464041358,0.00036076326152484372,0.00044414616143497002,0.0005148583486914057
382,7.2999999999999998,2763.3841338957604,1.2062504421468434,12.539083642125433,0,0.0043971729583351105,0.00034638671019320146,0.00020963230667555351,0.0002596426887543709,0.0003487346777989048,0.00042933742157938188,0.00049769192013641062
383,7.2999999999999998,2681.7856802856918,1.2429529167216047,26.264303602521451,0,0.0042673312511127695,0.00033615844711672594,0.00020344218933297415,0.00025197584228389892,0.00033843708287550949,0.00041665975246776892,0.00048299584854823646
384,7.2999999999999998,2536.5670316618643,1.3141120623764699,44.62541948436251,0,0.004036255337003628,0.00031795547296683982,0.00019242579826742859,0.00023833135474288846,0.00032011072063833923,0.00039409763401285122,0.00045684163162750864
385,7.2999999999999998,2539.7262178206456,1.3124774276629259,2.9901624796406492,0,0.00404128232104734,0.0003183514729608347,0.00019266545640020841,0.0002386281862902945,0.00032050940490147722,0.00039458846582413054,0.00045741060841439341
386,7.2999999999999998,2489.090423748471,1.339177275975963,11.588117006927693,0,0.0039607092506273034,0.00031200434014222277,0.00018882418866565941,0.00023387053658142917,0.0003141192483125859,0.00038672135788212901,0.00044829098394007721
387,7.2999999999999998,2544.4626671208425,1.3100342859835032,25.453610447174157,0,0.004048819089651416,0.00031894518089704507,0.00019302476684860857,0.00023907321469454967,0.00032110713726172136,0.00039532435154665616,0.00045826365396746318
388,7.2999999999999998,2715.6061884054916,1.227473021517361,44.355655919887113,0,0.0043211473753053484,0.00034039780508400368,0.00020600783738860577,0.00025515355744682279,0.00034270517715074373,0.00042191432767305851,0.00048908700084938342
389,7.2999999999999998,2651.7028727799484,1.2570538605778214,2.6838824948802587,0,0.0042305357307276794,0.00033325988493215726,0.00020168798728389798,0.00024980315361838,0.00033551887291026039,0.00041306705916288979,0.00047883116515588526
390,7.2999999999999998,2658.0208045374015,1.2540659304258011,11.008876581948446,0,0.0042406153804194205,0.0003340539079850835,0.00020216852790292362,0.00025039833315133533,0.00033631827821473267,0.00041405123032242359,0.00047997202548976769
391,7.2999999999999998,2785.6922991694883,1.196590640799458,25.120027225333967,0,0.004444302914713265,0.00035009936618741989,0.00021187919611171787,0.00026242560148281033,0.0003524724998741218,0.00043393916323072846,0.00050302630172841206
392,7.2999999999999998,3005.7455556059317,1.1089871952455945,44.295033138265779,0,0.0047953766242052279,0.0003777551505785548,0.00022861640254669263,0.00028315567572532487,0.00038031574782534678,0.00046821779694511813,0.00054276241177958994
393,7.2999999999999998,2394.8570771160066,1.3918715088198421,2.5532258223780033,0,0.0038284243246213216,0.00030158361283366756,0.00018251759248675024,0.00022605942380617215,0.00030362788454648673,0.00037380513430316576,0.0004333183778013485
394,7.2999999999999998,2504.5905961754652,1.3308895028286725,10.767425767352247,0,0.0040038445940010024,0.00031540232103263716,0.00019088063757416319,0.00023641757683661414,0.0003175402622721704,0.00039093306783270082,0.00045317323716796205
395,7.2999999999999998,2754.4513705818458,1.2101623462784916,24.957481092637423,0,0.0044032726332132862,0.00034686721126384832,0.00020992310463296821,0.00026000286016470743,0.00034921843592565456,0.0004299329903026236,0.00049838230892281779
396,7.2999999999999998,2900.1777526334458,1.1493548387875778,44.243281147663183,0,0.0046362311805589413,0.00036521848959450589,0.00022102924899039788,0.00027375851275655816,0.0003676941076171879,0.00045267892797666299,0.00052474961078681959
397,7.2999999999999998,2349.1620072027663,1.4189457019622311,2.6464163410590702,0,0.0037663594402111552,0.00029669445988629323,0.00017955869025439844,0.00022239463881404704,0.00029870559068347692,0.00036774515492646814,0.00042629359351657579
398,7.2999999999999998,2446.4857071607985,1.3624985928087605,10.919122655275293,0,0.003922396373793987,0.00030898624840690141,0.00018699764765350293,0.00023160825159760544,0.00031108069857060017,0.00038298051077223218,0.00044395455928318979
399,7.2999999999999998,2663.1982668138139,1.2516279297978266,25.116804055750482,0,0.0042698468230856299,0.00033635661096158487,0.00020356211755964977,0.00025212438087380147,0.00033863658996557576,0.00041690537145862029,0.00048328057235993939
400,7.2999999999999998,2790.1501852764436,1.1946788208474421,44.344097741534256,0,0.0044733860234850058,0.00035239038418127393,0.00021326571404832969,0.00026414289043877846,0.00035477904743615895,0.00043677882113135825,0.00050631805949761838
401,7.2999999999999998,2318.9384043468021,1.4374393589260797,3.0142814396144373,0,0.0037281720027342682,0.00029368624961945491,0.00017773812948042805,0.00022013976072826611,0.00029567698939108873,0.00036401655564270057,0.00042197136665330563
402,7.2999999999999998,2422.6840962527167,1.3758844326790942,11.646211726447035,0,0.0038949646106116102,0.00030682531494042703,0.00018568985652347731,0.00022998847070260006,0.0003089051173083875,0.00038030208929877774,0.00044084970827543374
403,7.2999999999999998,2644.1063962495236,1.2606653567577419,25.795502460961959,0,0.0042509466488070812,0.00033486775226704231,0.00020266106427652345,0.0002510083701746302,0.00033713763910559673,0.00041505996938573359,0.00048114136516551391
404,7.2999999999999998,2901.7540367357551,1.1487304889159631,44.663572174129357,0,0.004665168397013403,0.00036749801494062844,0.00022240881160746976,0.00027546718711540081,0.00036998908462906887,0.0004555043410359089,0.00052802485580380823
405,7.2999999999999998,4144.2589309468749,0.80432554743188733,3.2601724269351533,0,0.0049970635559387633,0.00039364301158245575,0.00023823169335427194,0.00029506481319571941,0.0003963113040203833,0.000487910392177833,0.00056559025077341704
406,7.2999999999999998,2427.2068800652623,1.3733206512844538,12.431426766561128,0,0.0039022359188760937,0.00030739811127398055,0.00018603651132611439,0.00023041782430011405,0.0003094817963175642,0.00038101205562745367,0.00044167270782681473
407,7.2999999999999998,2741.0493585169243,1.2160792810884919,26.715271708147881,0,0.0044068024650331487,0.00034714527329215668,0.00021009138702567505,0.00026021128840558944,0.00034949838278561387,0.00043027764103765456,0.00049878183125064797
408,7.2999999999999998,3179.5561228422057,1.0483643642539848,45.099373316480794,0,0.0051117925754658594,0.00040268077471213926,0.00024370132332652487,0.00030183929111378763,0.00040541032924365196,0.00049911246721350423,0.00057857580002627787
409,7.2999999999999998,4174.1914627181432,0.79855784362194515,3.0101169924566498,0,0.003359614208137485,0.0002646531587685601,0.00016016738087520788,0.00019837729251125015,0.00026644709896675374,0.00032803078598239623,0.00038025632878416421
410,7.2999999999999998,2425.7029841684716,1.3741720874684895,12.50266277707669,0,0.0038998180958899667,0.00030720764759244477,0.00018592124321760065,0.00023027505755725483,0.00030929004158605121,0.00038077598079106785,0.00044139904768746669
411,7.2999999999999998,2677.282209924183,1.2450436943021144,26.981080238665101,0,0.0043042836151870193,0.00033906936464187762,0.0002052038688009869,0.00025415779219921484,0.00034136773193149309,0.0004202677598996412,0.00048717828421859869
412,7.2999999999999998,3077.7345138169326,1.0830477152492965,45.183233940564669,0,0.0049480933278576401,0.00038978538843159073,0.0002358970701842612,0.00029217323676505023,0.00039242753213480447,0.00048312896746297165,0.00056004757890807375
413,7.2999999999999998,2115.1038694388481,1.575966732176463,2.8154175059370381,0,0.0017044101065426204,0.00013426467760523981,8.1256622275540134e-05,0.00010064139550480783,0.00013517478502082594,0.00016641761590699747,0.00019291284347074662
414,7.2999999999999998,2362.7388650315502,1.4107921034637159,11.821955584301021,0,0.0038079226830115211,0.00029996859876484013,0.0001815401903099377,0.00022484885023949978,0.0003020019231733754,0.00037180336588734503,0.0004309979092922832
415,7.2999999999999998,2634.1875450953585,1.2654123050348967,26.689245747183371,0,0.0042454046245779722,0.00033443118005150251,0.00020239685194423443,0.00025068112671943241,0.00033669810760383298,0.00041451884934897316,0.00048051409380135267
416,7.2999999999999998,2904.4789959269233,1.1476527590689454,45.18270766881939,0,0.004681021510505764,0.00036874684183030749,0.00022316459828697561,0.00027640327606420653,0.00037124637663878807,0.00045705222985795618,0.00052981918287916185
417,7.2999999999999998,2113.9852393226879,1.576800666026088,2.5997151872751161,0,0.0034091533822221448,0.00026855560056456593,0.00016252912816888291,0.00020130246386108988,0.00027037599329875629,0.00033286776225560904,0.00038586339653105161
418,7.2999999999999998,2349.3073697437217,1.418857905211848,11.180221987926,0,0.0037886495215110005,0.00029845035805189913,0.00018062135510819155,0.00022371081552487551,0.00030047339113023399,0.00036992154555807381,0.00042881648571736769
419,7.2999999999999998,2595.6081147639547,1.2842205702675835,25.959477682751771,0,0.0041858505058464399,0.00032973981233380386,0.00019955764880166623,0.00024716459651687547,0.00033197493964927925,0.00040870401967934162,0.00047377348933016751
420,7.2999999999999998,2762.3720905048513,1.2066923731205716,44.878970882100887,0,0.0044547851991236934,0.00035092510673632305,0.00021237893207412116,0.00026304455564595111,0.00035330383767027057,0.00043496264741105944,0.00050421273408053342
421,7.2999999999999998,2220.5873051228332,1.5011043815496135,2.673167255823464,0,0.0035872418112420528,0.00028258449268143135,0.00017101937599888964,0.0002118181654231859,0.00028449997966509787,0.00035025621334748509,0.00040602025027158627
422,7.2999999999999998,2365.7337629030021,1.4090061128615696,11.277807737744435,0,0.0038217182674937468,0.00030105534408263174,0.00018219788565745969,0.00022566344695467181,0.00030309603494815492,0.00037315035876820318,0.0004325593559297979
423,7.2999999999999998,2555.4258156210358,1.3044140483190845,25.68773944134773,0,0.0041281557857127489,0.00032519491849133069,0.00019680709125498161,0.00024375785941456365,0.00032739923843689417,0.00040307074061216535,0.00046724334000078078
424,7.2999999999999998,2747.5828579280533,1.2131875563698169,44.583098959426763,0,0.0044385753647574961,0.00034964817920763884,0.00021160613896336274,0.00026208740317117194,0.00035201825454255804,0.00043337992856944102,0.00050237803172353075
425,7.2999999999999998,2423.8570733506226,1.3752186009571492,2.5665287549487941,0,0.0039222505835454962,0.000308974763799625,0.00018699069720002487,0.00023159964302740113,0.00031106913611540099,0.00038296627589678572,0.00044393805808357902
426,7.2999999999999998,2475.6477294373503,1.346448969171762,11.03118461356298,0,0.0040060574768197637,0.00031557664057996833,0.00019098613529601658,0.00023654824234611437,0.00031771576343715067,0.00039114913242981053,0.00045342370125239583
427,7.2999999999999998,2662.8648178237804,1.2517846610243968,25.644484745860009,0,0.0043090094710800048,0.00033944164330617613,0.00020542917084874577,0.00025443684283978481,0.00034174253407090867,0.00042072918973264426,0.00048771317795963512
428,7.2999999999999998,2762.6697574845784,1.2065623566851313,44.679828887245819,0,0.0044705123860535158,0.00035216401377792311,0.00021312871528821257,0.00026397320892834275,0.00035455114259064181,0.00043649824083645512,0.00050599280821807908
429,7.2999999999999998,2664.8983539507249,1.2508294466059653,2.361382633951719,0,0.0043170449084842062,0.00034007463381025184,0.00020581225500171198,0.0002549113164601571,0.00034237981527423627,0.00042151376518807245,0.0004886226651025623
430,7.2999999999999998,2623.6476085931845,1.2704958251312899,10.509902945577629,0,0.0042502201007188585,0.00033481051853881253,0.00020262642657791844,0.00025096546922419614,0.00033708001742097061,0.00041498902965108892,0.00048105913116732341
431,7.2999999999999998,2771.2261390066728,1.2028369992670984,25.265960509317271,0,0.0044892923123769964,0.00035364339995592873,0.00021402403582977225,0.00026508211926947329,0.00035604055672503279,0.0004383319019686355,0.00050811840520516966
432,7.2999999999999998,2834.4498024626255,1.176007185040733,44.617440197691351,0,0.0045917125018801359,0.00036171153665091773,0.00021890685048799299,0.00027112978981536789,0.00036416338294199466,0.00044833214996788611,0.00051971078541344169
433,7.2999999999999998,2883.0956123014694,1.1561646860099988,2.4823864833914193,0,0.0046807556587042335,0.00036872589939028895,0.00022315192397852408,0.0002763875781425615,0.00037122529224132921,0.00045702627224198956,0.00052978909257004074
434,7.2999999999999998,2881.3755088174953,1.1568548851521681,10.930300168687314,0,0.0046779630409076491,0.0003685059112978141,0.00022301878777580741,0.00027622268065041397,0.00037100381296891139,0.00045675360265732618,0.00052947301145916362
435,7.2999999999999998,2876.5639775648101,1.1587899171827933,25.69123204276708,0,0.0046701514365883384,0.00036789055321498777,0.00022264637471682374,0.00027576142384560566,0.00037038428370745181,0.0004559908821347018,0.00052858885875699301
436,7.2999999999999998,2821.7920796968579,1.181282404652376,44.743318357471182,0,0.004581228311809021,0.0003608856459838495,0.00021840702367447939,0.00027051072312745967,0.00036333189401011122,0.00044730847971994914,0.00051852413737002608
437,7.2999999999999998,2972.303816651684,1.1214645402865819,2.7649094372724656,0,0.0048323593436064051,0.00038066845934051497,0.00023037952918479943,0.00028533941805107722,0.00038324880432703601,0.0004718287682535351,0.00054694828320312546
438,7.2999999999999998,2965.8963352460883,1.1238873367624826,11.585326084603132,0,0.0048219420866403269,0.00037984784131982121,0.00022988289336271027,0.00028472430360510328,0.00038242262378193663,0.00047081163331521799,0.00054576921095122002
439,7.2999999999999998,2954.3791133030463,1.1282686498574011,26.112985094069558,0,0.0048032174344842951,0.00037837280935694488,0.00022899020798045218,0.00028361865707314993,0.00038093759337753724,0.00046898336912074218,0.00054364987014435978
440,7.2999999999999998,2880.4739989213308,1.1572169492179369,44.792568446738883,0,0.004683062802907938,0.00036890764436557985,0.00022326191554943533,0.0002765238095644478,0.00037140826916721732,0.00045725154046614541,0.00053005022558428726
441,7.2999999999999998,3318.8018892055566,1.0043785211087894,2.8756621619809972,0,0.0054064605454318638,0.00042589320453534081,0.00025774942351104995,0.00031923873951773075,0.00042878010353669232,0.00052788367718090471,0.00061192765340222649
442,7.2999999999999998,3109.7567181685399,1.0718952109207007,11.978353833060041,0,0.0050659176305020348,0.00039906698207380509,0.0002415142657278122,0.00029913048384836317,0.00040177204066537889,0.00049463326414996998,0.00057338346630151054
443,7.2999999999999998,3042.5443802182663,1.0955742683675189,26.547921111402175,0,0.0049564260532927147,0.00039044179776043632,0.00023629432734707933,0.00029266526454224142,0.00039308839090641118,0.00048394256994959713,0.00056099071445471873
444,7.2999999999999998,3060.2272291728309,1.0892437337845406,44.945229440323125,0,0.0049852321189740173,0.00039271099172198876,0.00023766763743795764,0.00029436619475735858,0.00039537296650287048,0.00048675517752329138,0.00056425111523411662
445,7.2999999999999998,3393.2187054817027,0.98235145525644263,3.044605158552141,0,0.005532515480710821,0.00043582316515972959,0.00026375900901081403,0.00032668198603923643,0.00043877737397749692,0.00054019160807260071,0.00062619512101746652
446,7.2999999999999998,3160.5971859572192,1.0546530092931787,12.389032005886996,0,0.0051532348419955571,0.00040594538370118547,0.00024567705591853394,0.00030428635917588182,0.00040869706724609858,0.00050315886612136123,0.0005832664231605972
447,7.2999999999999998,3097.7967373306556,1.0760335864404189,27.035846588253001,0,0.0050508410724278141,0.00039787932823306482,0.00024079550081322412,0.00029824024866483874,0.00040057633636351298,0.00049316119774930499,0.00057167703328008857
448,7.2999999999999998,3159.2588578110799,1.0550997823720156,45.191419740918143,0,0.0051510527482876494,0.00040577348956193342,0.00024557302604713582,0.00030415751169073546,0.00040852400792972307,0.00050294580775520764,0.00058301944392696317
449,7.2999999999999998,3314.5991564862593,1.0056520188302147,3.4328390050534243,0,0.0054161356138638641,0.00042665535675377969,0.00025821067598664327,0.00031981002948184401,0.00042954742197157906,0.00052882834526050005,0.00061302272139955095
450,7.2999999999999998,3130.8943988513438,1.0646584996786415,12.804549171863412,0,0.0051159575732354348,0.00040300887185296938,0.00024389988683494443,0.00030208522440542643,0.00040574065037701855,0.00049951913518408823,0.00057904721330861747
451,7.2999999999999998,3078.8173471106388,1.0826668027129149,26.939233699673657,0,0.0050308624044739523,0.00039630551134386044,0.00023984303105887113,0.00029706055545867578,0.0003989918514233574,0.00049121049217843533,0.00056941575729437205
452,7.2999999999999998,3124.0705805620419,1.0669840028817927,45.067523532863667,0,0.0051048072882343351,0.00040213050964710566,0.00024336830438708107,0.00030142682638344842,0.0004048563342302421,0.00049843042781287314,0.00057778517362883954
453,7.2999999999999998,3022.547230663497,1.1028225794180937,3.5174789716349872,0,0.0049484318621786441,0.0003898120564273351,0.00023591320958366016,0.00029219322641798728,0.00039245438089842552,0.0004831620217580547,0.00056008589575343084
454,7.2999999999999998,2852.5454692843145,1.1685469589270543,12.65559596529479,0,0.0046701096165902532,0.0003678872588502461,0.00022264438097613015,0.00027575895447338642,0.00037038096701199859,0.00045598679885430358,0.00052858412538049312
455,7.2999999999999998,2885.7578211598034,1.1550980851170825,26.409516230764385,0,0.0047244839729514215,0.00037217059148175329,0.00022523664238044527,0.00027896963192880486,0.00037469333403185643,0.00046129587952530395,0.00053473846092289522
456,7.2999999999999998,2913.2779816226612,1.1441864986315884,44.771399237104582,0,0.0047695392288313364,0.00037571981322241134,0.00022738462184531037,0.00028163003848775145,0.00037826661402136548,0.00046569504862130562,0.00053983801853038182
457,7.2999999999999998,2569.6073335496717,1.2972150607651971,3.5109001947465335,0,0.0042100182835330116,0.00033164362578050116,0.00020070983158630162,0.00024859164676921196,0.00033389165801457941,0.00041106374749891441,0.00047650890769924931
458,7.2999999999999998,2568.6177384620009,1.2977148305957029,12.687944779115611,0,0.0042083969410975372,0.00033151590474754614,0.0002006325351601933,0.00024849591032369869,0.00033376307123002616,0.00041090544056231226,0.00047632539683043526
459,7.2999999999999998,2634.4593977230479,1.2652817258122557,26.469294762857356,0,0.0043162712399010981,0.00034001368817135569,0.00020577537086474121,0.00025486563315567341,0.00034231845651791493,0.00042143822463559116,0.00048853509779367432
460,7.2999999999999998,2679.1673307431329,1.2441676542871067,44.792250178488274,0,0.0043895202585258692,0.0003457838697918489,0.00020926746928377754,0.00025919081488597214,0.00034812775106949137,0.00042859021640111102,0.00049682575296528106
461,7.2999999999999998,2308.9830269666973,1.4436370013998419,3.5227296387889773,0,0.0037871361725674438,0.00029833114419178946,0.00018054920720024051,0.00022362145584026638,0.00030035336918403599,0.00036977378304349165,0.00042864519804033252
462,7.2999999999999998,2580.8233109985831,1.2915775051813159,12.981314892206699,0,0.0042330018029313925,0.00033345414943933879,0.0002018055556418842,0.00024994876936370127,0.00033571445423115446,0.00041330784502494321,0.00047911028635987032
463,7.2999999999999998,2593.472362795872,1.2852781395132586,27.094260922493991,0,0.0042537484611141173,0.00033508846465584504,0.00020279463882143248,0.00025117381058092691,0.00033735984758395443,0.00041533353671707361,0.00048145848695266291
464,7.2999999999999998,2616.276652012366,1.2740752514721361,45.135675669076271,0,0.0042911514855507801,0.0003380348828906186,0.00020457780322355972,0.00025338237092738133,0.00034032623798961245,0.00041898554636578836,0.00048569193040080057
465,7.2999999999999998,2353.0458539063902,1.4166036449308996,3.3047508345000147,0,0.0038643199304939152,0.00030441128437318037,0.0001842288917078383,0.00022817897464293436,0.00030647472333745281,0.00037730996047611763,0.00043738120479961946
466,7.2999999999999998,2516.0149320603891,1.3248464032777558,12.603719407059769,0,0.0041319580029603809,0.00032549443764518855,0.00019698835944244097,0.00024398237137230507,0.00032770078786861735,0.0004034419869026458,0.00046767369214309592
467,7.2999999999999998,2640.3034621207657,1.262481143230372,26.8933024799151,0,0.0043360724459691122,0.0003415735255242976,0.00020671938024129471,0.00025603484765617039,0.0003438888671621151,0.00042337160293068148,0.00049077628784063984
468,7.2999999999999998,2897.0388322084345,1.1506001563645967,45.094333907355349,0,0.0047576994218503817,0.0003747871340150398,0.00022682016689402033,0.00028093092581968121,0.0003773276126875931,0.00046453901672322776,0.00053849793563479629
469,7.2999999999999998,2202.6839045011084,1.5133053483170156,2.8383930912954303,0,0.0036220232801714223,0.00028532439823263192,0.00017267755947957504,0.00021387192910208094,0.00028725845754972687,0.00035365225583441353,0.00040995697421231954
470,7.2999999999999998,2275.7449013110095,1.4647218725671183,11.294989987095414,0,0.0037421624570988209,0.00029478834578609749,0.00017840511512044497,0.00022096586405022487,0.00029678655606979628,0.00036538257550603463,0.00042355486954533458
471,7.2999999999999998,2567.5406885091716,1.2982592051029247,25.279601360454844,0,0.0042219821589307392,0.00033258607846076811,0.00020128020141713815,0.0002492980853845728,0.00033484049907031821,0.00041223189336536724,0.00047786303321930218
472,7.2999999999999998,2984.2234925187386,1.1169851526501922,44.323004464654858,0,0.0049071620948651197,0.0003865610360409132,0.00023394570077746275,0.00028975634402762346,0.00038918132360836911,0.00047913246557378342,0.00055541479686046667
473,7.2999999999999998,3781.5547247322347,0.8814716633697165,2.7163140507642534,1,0.02283703451453686,0.0017989843317544026,0.0010887404858243794,0.0013484730077062464,0.0018111786706531765,0.0022297948267886577,0.0025847988390396946
474,7.2999999999999998,2198.1523971977499,1.5164250384016755,10.442100389710562,0,0.0036155476129234713,0.00028481427841347136,0.00017236883633511057,0.00021348955622940385,0.00028674487990503443,0.00035301997543389592,0.00040922402890920426
475,7.2999999999999998,2434.5516691948069,1.3691774857404384,24.357409824768077,0,0.0040043799908129254,0.00031544449684470715,0.00019090616226235117,0.00023644919075517393,0.00031758272397119149,0.00039098534366740893,0.00045323383580028466
476,7.2999999999999998,2557.1353037550653,1.3035420254995689,43.896738033527051,0,0.0042060070335433733,0.00033132764010042017,0.00020051859790139818,0.00024835479192123486,0.00033357353043898433,0.00041067209137253958,0.00047605489628591474
477,7.2999999999999998,2100.2774293151447,1.5870919178616614,11.645795013085886,1,0.012692079416005008,0.00099981685416472869,0.00060508647480945219,0.00074943734455768971,0.0010065940702533762,0.0012392472851492171,0.0014365469438952973
478,7.2999999999999998,2111.5736297407984,1.578601516132075,25.755797070803162,1,0.01276034290867524,0.0010051943016466428,0.00060834089158263473,0.0007534681427429342,0.0010120079685346926,0.0012459124930472793,0.0014442733146940317
479,7.2999999999999998,2078.4667404704242,1.6037462945300209,44.561201560776247,1,0.012560276354623144,0.00098943408567732719,0.00059880285120715441,0.00074165468475160341,0.00099614092261068789,0.0012263781105531411,0.0014216288773737944
480,7.4000000000000004,4579.6401524968969,1.0281284828697164,3.1147341591008315,1,0.017029171816689177,0.001086623170389316,0.00069366645998355711,0.0008798250059984424,0.0010466305331642959,0.0013335407651036014,0.0015436989860946825
481,7.4000000000000004,4583.463368195451,1.027270887501307,11.850822460649624,1,0.017043388260526461,0.0010875303147554907,0.0006942455527530892,0.00088055950929191186,0.0010475042905233316,0.0013346540434001563,0.0015449877105361131
482,7.4000000000000004,4562.3566614372976,1.0320233229184992,25.4437589335068,1,0.016964903985801704,0.0010825222713611818,0.00069104857349897508,0.00087650456004224723,0.0010426805657301106,0.0013285080028943885,0.0015378730900119225
483,7.4000000000000004,4556.2716901847707,1.0334016060146161,44.207670631958003,1,0.016942277312633425,0.0010810784743522526,0.00069012689836134668,0.00087533553590705732,0.0010412899069677953,0.0013267361262950222,0.0015358219760291311
484,7.4000000000000004,4682.9313864411597,1.0054510932422844,2.8830892979891285,0,0.0031751458329129329,0.00020260451116166283,0.00012933642302497288,0.00016404630428067869,0.00019514775068034721,0.00024864311951968066,0.00028782782015076278
485,7.4000000000000004,4662.3979738211674,1.0098791455627187,11.370136843354141,0,0.0031613114686176226,0.00020172174710521247,0.00012877289388743454,0.00016333154141492517,0.0001942974763255956,0.00024755976156512591,0.00028657373132214426
486,7.4000000000000004,4666.2389500866775,1.0090478718387126,24.995532532460537,0,0.0031639309574018702,0.00020188889541037836,0.00012887959617052238,0.00016346687927868754,0.00019445847281869506,0.00024776489162753459,0.00028681118868201228
487,7.4000000000000004,4701.292795166808,1.0015241949866278,44.008484987095521,0,0.003187686437320997,0.00020340472102901142,0.00012984725213395341,0.00016469422406605169,0.00019591850921277048,0.00024962516417676735,0.00028896462929909553
488,7.4000000000000004,4766.5657510776218,0.98780940575746512,2.7655392596576291,0,0.0032557750585512366,0.00020774942283043025,0.0001326207747316674,0.00016821207403710026,0.00020010330637776157,0.00025495712940840813,0.00029513688104974709
489,7.4000000000000004,4750.116887487542,0.99123002519761039,11.270883866916501,0,0.0032444595589337724,0.0002070273863038613,0.00013215984905383149,0.00016762745021475713,0.00019940784405433608,0.00025407102172332304,0.00029411112797880123
490,7.4000000000000004,4748.530181256232,0.99156124155248382,25.186751231974611,0,0.0032433462970200494,0.0002069563496026532,0.00013211450143158423,0.00016756993269831751,0.00019933942182436188,0.00025398384307716407,0.00029401021048815803
491,7.4000000000000004,4713.1175378013559,0.99901147049949046,44.181406624715734,0,0.0032189935514180101,0.00020540241275131212,0.00013112251644168055,0.00016631172972896382,0.00019784267686295996,0.00025207679913209741,0.00029180262757695343
492,7.4000000000000004,5095.359503559378,0.9240679639555881,2.7217154926407989,0,0.0035040541283332888,0.00022359198950671946,0.00014273417691455819,0.00018103959943949245,0.00021536279509375752,0.00027439966391568744,0.00031764344522190898
493,7.4000000000000004,4953.900221391279,0.9504548480295234,11.207896703699564,0,0.0034065947067278869,0.00021737315121974046,0.00013876426383218449,0.00017600428491441718,0.00020937283812492958,0.00026676769490079674,0.00030880872255088695
494,7.4000000000000004,4866.4132867840672,0.96754184336600402,25.182304686145059,0,0.0033462854226418729,0.0002135248451375134,0.00013630762483374015,0.00017288836026441531,0.0002056661670761449,0.00026204492331162915,0.00030334166979589414
495,7.4000000000000004,4731.3221013304374,0.99516760457967179,44.196123475086296,0,0.0032533264773129604,0.0002075931800526409,0.00013252103419831554,0.00016808556624060584,0.00019995281403940832,0.00025476538297863113,0.00029491491650469545
496,7.4000000000000004,2667.951662383638,1.7648215102477438,2.7301774075970222,0,0.0018399930723829402,0.00011740906294971245,7.4950296740989154e-05,9.5064629881757507e-05,0.00011308787949860391,0.00014408837939647515,0.00016679586481563939
497,7.4000000000000004,5087.5482236647877,0.9254867521794532,11.332835838923462,0,0.0035087043063568328,0.00022388871510448848,0.00014292359731401201,0.00018127985439443095,0.00021564859985023552,0.0002747638156211337,0.00031806498510519729
498,7.4000000000000004,4966.5791783843897,0.94802847452187711,25.197840854496992,0,0.0034252761811673946,0.00021856520701678809,0.00013952523520420544,0.00017696947738165693,0.00021052102088821317,0.00026823062615696677,0.00031050220321227523
499,7.4000000000000004,4878.7932679342593,0.9650866973647132,44.195395028738133,0,0.0033647333050132013,0.00021470199553831306,0.00013705908106405258,0.00017384148402126799,0.00020679999302903904,0.00026348956216058902,0.00030501397527373918
500,7.4000000000000004,2588.4117486456284,1.8190531257399618,2.9306026187321716,0,0.0035702743442716255,0.00022781746927528113,0.00014543159187188897,0.00018446091684190815,0.00021943275813481814,0.00027958531582984519,0.00032364632553243572
501,7.4000000000000004,5126.8793117428622,0.91838683842067059,11.699112910533248,0,0.00354828520148691,0.00022641435277002313,0.00014453588590346376,0.00018332483119483617,0.0002180812826500246,0.00027786336372267556,0.00032165300384966373
502,7.4000000000000004,5005.5743071579964,0.94064300980264171,25.601219060244599,0,0.0034642348966677661,0.00022105114370278835,0.00014111217992221953,0.0001789823088022204,0.00021291546388370805,0.0002712814518715152,0.00031403382120667088
503,7.4000000000000004,5010.8351615090978,0.93965543273984664,44.405329468589635,0,0.0034679036815626284,0.00022128524708237986,0.00014126162424387269,0.0001791718593409592,0.00021314095120228754,0.00027156875146942643,0.00031436639753999838
504,7.4000000000000004,2785.8944244098411,1.6901065743269514,3.0758440190243905,0,0.0038694632098073625,0.00024690856525535755,0.00015761875419878952,0.00019991873524013868,0.00023782121561374269,0.00030301455554577729,0.000350767876324806
505,7.4000000000000004,5100.0091338202437,0.92322549990198244,11.914329418022479,0,0.003552315099149465,0.0002266714985796707,0.00014470003979631139,0.00018353303889708365,0.00021832896433323035,0.0002781789417713359,0.00032201831515209917
506,7.4000000000000004,4946.8888151134015,0.9518019624154288,25.907846409325018,0,0.0034456763877202955,0.00021986693427397539,0.00014035621742781632,0.00017802346943987231,0.00021177483870689294,0.00026982814994424604,0.00031235148740006951
507,7.4000000000000004,4896.3861041189512,0.96161911702898772,44.548199355718211,0,0.0034103572315568246,0.00021761323609892886,0.00013891752655727672,0.00017619867859755244,0.00020960408679692287,0.00026706233519764231,0.00030914979643434468
508,7.4000000000000004,4977.055584518841,0.94603293094044538,2.9656201239816649,0,0.0052330034829749924,0.00033391540684062191,0.00021316121771461618,0.00027036707189049197,0.00032162581271680301,0.0004097922989794011,0.00047437316728353988
509,7.4000000000000004,4940.1597629778844,0.95309842352905083,11.733241133282505,0,0.003463082934338885,0.00022097763754691345,0.00014106525587686305,0.00017892279179964224,0.00021284466308614487,0.00027119124262693406,0.00031392939551302848
510,7.4000000000000004,4807.3284330589568,0.97943349360048315,25.774804150037717,0,0.0033699885501292065,0.00021503733017293869,0.00013727314827267589,0.00017411300022390452,0.00020712298583555258,0.00026390109618398393,0.00030549036465101387
511,7.4000000000000004,4614.7113408768382,1.0203148440442256,44.507183140736871,0,0.0032347765968668714,0.00020640952120430409,0.00013176542317737638,0.0001671271726762896,0.00019881271917922275,0.00025331275674237374,0.00029323336487405529
512,7.4000000000000004,5027.1922863504169,0.93659804795214285,2.880668532860418,0,0.003536308243106568,0.00022565010888153799,0.00014404801635757545,0.00018270603260661005,0.00021734516638610747,0.00027692545773323204,0.0003205672893647049
513,7.4000000000000004,4954.7257772752582,0.9502964833434604,11.47797148010399,0,0.0034853326888021428,0.00022239738355661398,0.00014197157760408326,0.00018007234214564995,0.00021421215603455892,0.00027293360302529598,0.00031594634171425981
514,7.4000000000000004,4770.7554808059049,0.98694190071558419,25.536980181719812,0,0.0033559213516512363,0.00021413970908054668,0.00013670013486514562,0.00017338620780449094,0.00020625840125084032,0.00026279950517162521,0.00030421516934137744
515,7.4000000000000004,4496.247366923224,1.0471973843596292,44.439677234476235,0,0.0031628224505889707,0.00020181816212984087,0.000128834442242601,0.00016340960743811849,0.00019439034284214127,0.00024767808534950127,0.00028671070224253227
516,7.4000000000000004,2637.021011892246,1.7855217917650283,2.8636175275644566,0,0.0018549756226590771,0.00011836509219510522,7.5560596098083439e-05,9.5838714642218693e-05,0.00011400872255265694,0.00014526165087282858,0.00016815403701093772
517,7.4000000000000004,5066.6510154691368,0.92930388686734922,11.502850198715173,0,0.0035783086042744604,0.00022833013149808264,0.00014575885950150391,0.00018487601294471799,0.00021992655207388138,0.00028021447227659157,0.00032437463335350326
518,7.4000000000000004,4860.747945520734,0.96866954115874282,25.556918294843584,0,0.0034330048001886501,0.00021905836643722318,0.0001398400528509322,0.00017736878231262672,0.00021099602981606444,0.00026883584810397294,0.00031120280459650293
519,7.4000000000000004,4686.3496941878984,1.0047176991327369,44.464213429590551,0,0.0033101386832914219,0.00021121833928185402,0.00013483522318114759,0.00017102081171254348,0.00020344455104655994,0.00025921430119046641,0.00030006495819261852
520,7.4000000000000004,2638.5403782730323,1.7844936241444347,2.95667313935982,0,0.00374165677297342,0.00023875329868786917,0.00015241268548587489,0.00019331551928433624,0.00022996609966534156,0.00029300613614668069,0.00033918218859549577
521,7.4000000000000004,5154.066246070719,0.91354248418235529,11.442139793366238,0,0.0036649871833682695,0.00023386104946835349,0.00014928962563409305,0.00018935432711008495,0.00022525390729863566,0.00028700220217485765,0.00033223206976342351
522,7.4000000000000004,5012.9837832036355,0.93925268576609033,25.487442900599433,0,0.0035647188943464911,0.00022746297871780889,0.00014520529611748196,0.00018417389033138133,0.00021909131442988044,0.00027915027300900774,0.00032314272250880984
523,7.4000000000000004,4997.7780519093849,0.94211036047849694,44.409599939404167,0,0.0035540116327948323,0.00022677975356636326,0.00014476914641527636,0.00018362069158746577,0.00021843323504779568,0.00027831179595824652,0.00032217210638143319
524,7.4000000000000004,2643.4099119352531,1.7812063353537122,2.7719205249821091,0,0.0037699213146098745,0.00024055684534141254,0.00015356401361569049,0.00019477582814624259,0.00023170326766159226,0.00029521950969678141,0.00034174437686491384
525,7.4000000000000004,5204.7854586129815,0.90464026221949656,10.822885249295419,0,0.0037114243140655249,0.00023682418019045837,0.00015118119619367777,0.00019175353649231825,0.00022810798143585567,0.0002906386565759193,0.00033644160809835567
526,7.4000000000000004,5141.2190250384156,0.91582530507746418,24.792529539945424,0,0.0036660964116950888,0.00023393182878834323,0.00014933480895216986,0.00018941163622821489,0.00022532208162018204,0.00028708906495406641,0.00033233262160833356
527,7.4000000000000004,5140.3952435790761,0.91597207198361985,44.052833745146359,0,0.0036655089902611054,0.00023389434571237096,0.00014931088092143437,0.00018938128665677115,0.00022528597809058821,0.0002870430644534581,0.00033227937169801427
528,7.4000000000000004,2797.4398458346441,1.6831312705746693,2.3944583840106048,0,0.0039895924024246823,0.00025457395060370504,0.00016251209796679783,0.00020612530058300161,0.00024520448018298268,0.00031242177611754811,0.00036165761980968815
529,7.4000000000000004,5060.4636008659618,0.93044014411449283,10.176918393699486,0,0.0036222010587963526,0.00023113088767120463,0.0001475467751955808,0.00018714374971305359,0.0002226242277784107,0.00028365165513054785,0.0003283534961115998
530,7.4000000000000004,5084.4294216076132,0.92605444812864246,24.066231361790241,0,0.0036394530811586254,0.00023223173082650994,0.00014824951925198094,0.0001880350884605725,0.0002236845549368631,0.00028500264714285598,0.00032991739655933755
531,7.4000000000000004,5091.0492186895426,0.92485031666770012,43.718499655167761,0,0.0036443166999948714,0.00023254207597871678,0.00014844763395169532,0.00018828637099608489,0.00022398347798670276,0.00028538351322688379,0.0003303582849094631
532,7.4000000000000004,4855.3511947457537,0.96974622292433899,2.2952414045953891,0,0.0052337789266722794,0.00033396488752575885,0.00021319280464615953,0.00027040713577398327,0.00032167347228939213,0.00040985302335240682,0.00047444346146238551
533,7.4000000000000004,4825.7216119791738,0.97570039481510629,10.158410476131406,0,0.0034678933360639732,0.00022128458694114288,0.00014126120283022403,0.00017917132483296819,0.00021314031535722767,0.00027156794132173747,0.00031436545971777447
534,7.4000000000000004,4871.1238889157994,0.96660618564638201,24.106537737490889,0,0.0035005206333452361,0.00022336651891027452,0.00014259024349336092,0.00018085703875583007,0.00021514562283294009,0.00027412295876169755,0.00031732313295486836
535,7.4000000000000004,4920.997458119532,0.9568097773159836,43.743368665954868,0,0.0035363611215031127,0.00022565348302630071,0.00014405017030672432,0.00018270876460885056,0.00021734841634711346,0.00027692959859798724,0.00032057208280551405
536,7.4000000000000004,4510.4540256302444,1.0438990077984354,2.3503255689298053,0,0.0032489166988273377,0.00020731179423245287,0.00013234140623611271,0.0001678577317091131,0.00019968178448745907,0.00025442005676788189,0.00029451516890390575
537,7.4000000000000004,4628.5452295011346,1.0172653066162971,10.422114683001407,0,0.0033340995075683412,0.00021274726782407536,0.00013581124364376161,0.00017225876577103196,0.00020491720811749455,0.00026109065409140084,0.00030223701333073296
538,7.4000000000000004,4649.1155367137771,1.0127643516048301,24.516584403059532,0,0.003348897401270084,0.00021369151422327565,0.00013641402119805472,0.00017302331011030163,0.00020582670198727776,0.00026224946525975167,0.00030357844635810601
539,7.4000000000000004,4643.6033532161891,1.0139665522497228,43.944795288987933,0,0.003344833254307544,0.00021343218298245539,0.00013624847219386913,0.00017281333289213819,0.00020557691530663058,0.00026193120517592261,0.00030321003034745393
540,7.4000000000000004,4546.9188027563232,1.035527284811337,2.4032244720642244,0,0.0032934354668466459,0.00021015251516519711,0.00013415483419063708,0.00017015782743668361,0.0002024179540680726,0.00025790628572869111,0.00029855080714828817
541,7.4000000000000004,4592.1938959671606,1.0253178739274955,10.575415326669086,0,0.0033259313529923015,0.00021222606185368589,0.00013547852195122415,0.00017183675190410877,0.00020441518487931745,0.00026045101246818689,0.0003014965679307435
542,7.4000000000000004,4543.8571117267775,1.036225032236223,24.786662898087492,0,0.0032908024712849284,0.00020998450499913076,0.00013404758172233684,0.0001700217917350759,0.00020225612743444391,0.00025770009796138903,0.00029831212539542501
543,7.4000000000000004,4438.5228755481967,1.0608165405691041,44.114472043482628,0,0.0032144176513080134,0.00020511042679107673,0.00013093612167952134,0.00016607531239845214,0.00019756143730396164,0.0002517184640703922,0.00029138782100642191
544,7.4000000000000004,4741.1915467073986,0.99309602569120847,2.4762717946385222,0,0.0034515952194037313,0.00022024461204469075,0.00014059731517850456,0.00017832927034301893,0.0002121386162309692,0.00027029164889866454,0.00031288803107740973
545,7.4000000000000004,4591.8069011716398,1.0254042871172275,10.712255575526385,0,0.003342750621795107,0.00021329929121485913,0.0001361636382196806,0.00017270573211257759,0.00020544891455589876,0.0002617681158968924,0.00030302123915241147
546,7.4000000000000004,4504.3018646082728,1.0453248080622042,24.939864707627954,0,0.0032790766113399736,0.00020923628357966977,0.00013356994042269896,0.00016941596633690263,0.00020153544394037226,0.00025678185528870849,0.00029724917305088555
547,7.4000000000000004,4407.1330361941964,1.0683722146363626,44.203880926740091,0,0.0032084268163868885,0.00020472815452878785,0.00013069209094820829,0.00016576579139372256,0.00019719323438633935,0.00025124932660027183,0.0002908447502163006
548,7.4000000000000004,4547.8070882794545,1.0353250238363112,2.4703002426179026,0,0.0033182604546390239,0.00021173658556099834,0.00013516605549878063,0.00017144042915498531,0.00020394372352348851,0.00025985031058032199,0.00030080119894052726
549,7.4000000000000004,4475.9270561671547,1.0519515673492317,10.655281236148811,0,0.0032658139318629963,0.00020838999845340154,0.00013302969830043235,0.00016873073999847604,0.00020072030592652171,0.00025574326551303198,0.00029604690760416289
550,7.4000000000000004,4454.0263441689494,1.0571240756669558,24.831491779578023,0,0.0032498343036286817,0.00020737034614849047,0.00013237878395953132,0.00016790514045326915,0.00019973818142870808,0.00025449191366274553,0.00029459835002490904
551,7.4000000000000004,4456.648797678552,1.0565020255866888,44.146510786047109,0,0.0032517477497371315,0.00020749244221394299,0.00013245672629299917,0.00016800400008966054,0.00019985578380786226,0.00025464175409039018,0.00029477180442711703
552,7.4000000000000004,4271.60958064431,1.1022679842771745,2.383351200311032,0,0.0031237980367964597,0.0001993280332677758,0.00012724482136967897,0.00016139338166573931,0.00019199186196158249,0.00024462211485447207,0.00028317312868035826
553,7.4000000000000004,4366.2539406519336,1.0783748600231076,10.36829242791454,0,0.0031930685328493496,0.00020374814992674706,0.00013006648646857836,0.00016497229409091784,0.00019624929837697751,0.00025004663175405177,0.00028945251770022377
554,7.4000000000000004,4401.4924388903346,1.0697413541991512,24.464005766479179,0,0.0032188554835561418,0.00020539360270820447,0.00013111689238397471,0.00016630459634874403,0.00019783419106920349,0.00025206598714874707,0.00029179011168829647
555,7.4000000000000004,4465.3332209852961,1.0544472828921214,43.979064538875669,0,0.0032655703241914729,0.00020837445396637591,0.00013301977518303417,0.00016871815382438803,0.00020070533354677982,0.00025572418879196967,0.00029602482450349405
556,7.4000000000000004,4242.5104924217503,1.1098283647115137,2.5023154970663666,0,0.003116238384866942,0.0001988456555552765,0.00012693688643020543,0.00016100280654700596,0.00019152723792615091,0.00024403012458468538,0.00028248784420825093
557,7.4000000000000004,4314.4360944895961,1.0913265091791533,10.520126377903063,0,0.0031689854140387751,0.00020221141782981899,0.00012908548445917222,0.0001637280215931086,0.00019476912495737129,0.00024816070206642836,0.00028726937652987948
558,7.4000000000000004,4331.7886442625186,1.086954805219376,24.523588851722682,0,0.0031816897183515516,0.00020302207330846127,0.00012960298172175552,0.00016438439905752761,0.0001955499446554456,0.00024915556593154981,0.00028842102511841806
559,7.4000000000000004,4372.554289812233,1.0768210455491136,44.005777970885987,0,0.0032115741336177337,0.00020492898331038779,0.00013082029380067031,0.00016592839991228796,0.00019738667176232076,0.00025149579048431886,0.00029113005536622063
560,7.4000000000000004,4419.8235432190022,1.0653046294799935,2.7361195018555184,0,0.0032605213574458843,0.00020805228185422978,0.00013281411051967369,0.00016845729514934255,0.00020039501882250852,0.00025532880826205476,0.00029556713431574499
561,7.4000000000000004,4349.9415748876163,1.0824187867850885,10.968875220382465,0,0.0032088301790928193,0.00020475389290685187,0.00013070852152882162,0.00016578663143215693,0.00019721802547591856,0.00025128091360974427,0.00029088131515362558
562,7.4000000000000004,4275.5858718637555,1.1012428759905653,24.894330003672692,0,0.0031538756446689731,0.00020124727079594065,0.0001284700029582077,0.00016294736396221942,0.00019384046288608919,0.00024697746816504759,0.00028589967188966738
563,7.4000000000000004,4226.6046604561743,1.1140049425790606,44.161574285145747,0,0.0031176606400494678,0.00019893640896666813,0.00012699482058744314,0.00016107628843373345,0.00019161465120238105,0.00024414150024550406,0.00028261677202146853
564,7.4000000000000004,4566.3915275104773,1.0311114265409578,2.7058846900264051,0,0.0033759370889647222,0.00021541690354257825,0.00013751545611480261,0.00017442033596946969,0.00020748858919195673,0.00026436692148161745,0.00030602960128964658
565,7.4000000000000004,4390.5731194251312,1.0724017922043767,11.003910572391703,0,0.0032459543922988376,0.0002071227708937777,0.00013222073961150348,0.00016770468190802692,0.00019949971806081809,0.00025418808092331289,0.00029424663502370459
566,7.4000000000000004,4243.8950564514753,1.1094662849681394,24.984157293943518,0,0.0031375151772321821,0.00020020331732676521,0.0001278035755093148,0.00016210208807237227,0.00019283493161654123,0.00024569629310275073,0.00028441659113470912
567,7.4000000000000004,4132.6191033319283,1.1393400563530454,44.186131411578224,0,0.0030552487716944631,0.00019495393800496395,0.00012445253489975355,0.00015785173218162021,0.00018777875314724717,0.00023925407697127814,0.000276959119439358
568,7.4000000000000004,4566.6926516544536,1.0310434358594416,2.462279828826258,0,0.0033841947341769463,0.00021594381986693312,0.0001378518231198351,0.0001748469734376088,0.0002079961126172992,0.00026501357104466146,0.00030677815903977436
569,7.4000000000000004,4377.7091730133652,1.0755530566309495,10.633920498981169,0,0.0032441562946047765,0.00020700803515454018,0.00013214749588153407,0.00016761178183446535,0.00019938920511465284,0.00025404727333733744,0.00029408363698615463
570,7.4000000000000004,4253.1840910312312,1.1070431895963979,24.75246852023967,0,0.0031519283110359349,0.00020112301238402752,0.0001283906802499646,0.00016284675350131082,0.00019372077774458408,0.0002468249740325749,0.0002857231455742794
571,7.4000000000000004,4085.7263311821189,1.1524165106559101,44.080827850084759,0,0.0030277517422502547,0.00019319936593107883,0.00012333247061947335,0.00015643107741601496,0.00018608875724507291,0.00023710080668439492,0.00027446650635572933
572,7.4000000000000004,4501.5089215443104,1.0459733756254699,2.2208891340319168,0,0.003351063391977166,0.00021382972503672558,0.00013650225068580151,0.00017313521765386069,0.00020595982601896793,0.00026241908225204123,0.00030377479399581884
573,7.4000000000000004,4347.5867668790615,1.0830050633942523,10.029287473271614,0,0.0032365228651214692,0.00020652094973222003,0.00013183655568642543,0.00016721739494276943,0.00019892004663437041,0.00025344950560658036,0.00029339166455903649
574,7.4000000000000004,4252.7154916127147,1.1071651727847727,24.094998617156556,0,0.0031658951239745721,0.00020201422792398365,0.00012895960455190289,0.00016356835942611995,0.00019457919253010203,0.00024791870393399006,0.0002869892409078891
575,7.4000000000000004,4102.1530789360031,1.1478017498306348,43.786600277916861,0,0.0030539088041458273,0.00019486843532746494,0.00012439795264784133,0.00015778250174756228,0.00018769639735420285,0.00023914914518896618,0.00027683765102219155
576,7.4000000000000004,4318.1766999983156,1.0903811513960759,2.1128345458545752,0,0.003226649717111969,0.00020589094896017473,0.00013143438277382779,0.0001667072913041316,0.00019831323273429186,0.00025267634731724616,0.00029249666104765661
577,7.4000000000000004,4230.4934511834517,1.1129809173345278,9.5843517602963644,0,0.0031611721960699223,0.00020171286019168787,0.00012876722075804364,0.00016332434579370325,0.00019428891649060046,0.00024754885524379581,0.00028656110622839398
578,7.4000000000000004,4204.2203320558565,1.1199361855931662,23.555195208311225,0,0.0031416223496908667,0.00020046539400356625,0.000127970877114503,0.00016231428823524556,0.00019308736268873337,0.00024601792247861965,0.00028478890741811017
579,7.4000000000000004,4205.6401196795887,1.1195581048514893,43.583677993869429,0,0.0031427916887597175,0.00020054000896076632,0.00012801850898416415,0.0001623747030202005,0.00019315923147872829,0.00024610949248174879,0.00028489490831788477
580,7.4000000000000004,4258.9101778458808,1.1055547746858956,2.1843752299464914,0,0.003187637101794474,0.00020340157295306149,0.00012984524250010844,0.00016469167510886303,0.00019591547700022457,0.00024962130075131751,0.00028896015702040275
581,7.4000000000000004,4209.3003885497164,1.1185845740265963,9.7066556676876417,0,0.003150506005253564,0.00020103225574388437,0.0001283327440315923,0.00016277326900030416,0.00019363336135843506,0.00024671359440932305,0.00028559421317417229
582,7.4000000000000004,4191.0698136907868,1.1234502624353697,23.817271482010877,0,0.0031368610927335356,0.00020016158051306269,0.00012777693202461747,0.00016206829430341274,0.00019279473090596516,0.00024564507227110036,0.00028435729819972381
583,7.4000000000000004,4198.90705043046,1.1213533487465919,43.794991044269729,0,0.0031427269752160735,0.00020053587962102397,0.00012801587294201158,0.00016237135954615857,0.00019315525411732655,0.00024610442481613163,0.00028488904201782127
584,7.4000000000000004,4453.4903222870416,1.0572513110700763,2.2968872277620491,0,0.0033408042352317956,0.00021317509323500459,0.00013608435408938552,0.00017260517058274074,0.00020532928762227972,0.00026161569592868928,0.00030284479868914783
585,7.4000000000000004,4336.8588730181064,1.0856840445903559,10.106316359139594,0,0.0032532062594250342,0.00020758550900768803,0.00013251613724163191,0.00016807935509275296,0.00019994542532353354,0.00025475596881240097,0.0002949040187209571
586,7.4000000000000004,4232.808581466732,1.1123721735709389,24.362731809168203,0,0.0031751164360139307,0.00020260263535983657,0.00012933522557138647,0.00016404478546771942,0.00019514594391649475,0.00024864081747213486,0.00028782515531399486
587,7.4000000000000004,4110.9531960530212,1.1453447065747482,44.053302677790661,0,0.003083635955888721,0.00019676531042046565,0.00012560885875278051,0.00015931837746377742,0.00018952345888209398,0.0002414770545615593,0.00027953242528948823
588,7.4000000000000004,4621.6981648711244,1.018772389305775,2.3723416129636758,0,0.0034797269780920325,0.0002220396858829,0.00014174323452634398,0.00017978271887375866,0.00021386762324973274,0.00027249462432276246,0.00031543818253701455
589,7.4000000000000004,4396.0014862981525,1.0710775455266819,10.439035519771931,0,0.0033097530894742127,0.00021119373472793627,0.00013481951639863024,0.00017100088971714692,0.00020342085205128085,0.00025918410564839572,0.00030003000400981517
590,7.4000000000000004,4247.5669976039153,1.1085071723958557,24.730919755452611,0,0.0031979744763335092,0.00020406119579414995,0.00013026632522093631,0.00016522576336128769,0.00019655082274350411,0.00025043081224725757,0.00028989724279101847
591,7.4000000000000004,4087.1818988967161,1.1520061006697209,44.164225848644357,0,0.0030772290812008168,0.00019635649086302629,0.00012534788105332707,0.00015898736145070319,0.00018912968572960595,0.00024097533735151523,0.0002789516403830807
592,7.4000000000000004,4674.2646789994742,1.0073153330897204,2.4765518179147135,0,0.0035299083213313092,0.00022524173298607255,0.00014378732187813725,0.00018237537582101179,0.00021695182056683023,0.00027642428500019184,0.00031998713474169088
593,7.4000000000000004,4482.5803361917251,1.0503902058509553,10.794297171939579,0,0.0033852383103516056,0.0002160104099550277,0.00013789433216247039,0.00017490089058777987,0.00020806025188959255,0.00026509529265657424,0.00030687275949950753
594,7.4000000000000004,4325.3861270116568,1.0885637360031191,25.175396392816932,0,0.0032665410842483895,0.00020843639769341612,0.00013305931813318016,0.00016876830887491509,0.00020076499746507731,0.00025580020823219661,0.00029611282416265155
595,7.4000000000000004,4180.919502666713,1.1261777413013281,44.357651038792071,0,0.0031574527926691545,0.0002014755268698561,0.00012861571454165013,0.0001631321800116783,0.00019406031810623373,0.00024725759175134998,0.00028622394131394899
596,7.4000000000000004,4541.7304528576533,1.0367102431438466,2.564803576651288,0,0.0034409324155274513,0.00021956422371588618,0.00014016297641570522,0.00017777836853843357,0.0002114832692636481,0.00026945665329274857,0.00031192144505021326
597,7.4000000000000004,4513.5360356788442,1.0431861947830245,11.040081237010011,0,0.003419689129569344,0.0002182086999719386,0.00013929765218692876,0.00017668081814686367,0.00021017763491173525,0.00026779310863450949,0.00030999573548853561
598,7.4000000000000004,4413.9437267625335,1.0667237222639794,25.488066592925517,0,0.0033442942441946752,0.00021339778900933548,0.00013622651615038597,0.00017278548452811363,0.00020554378718696124,0.00026188899572698101,0.00030316116893635967
599,7.4000000000000004,4291.6958028470126,1.0971090912250554,44.512788932566792,0,0.0032516894641191449,0.00020748872303701023,0.00013245435208603644,0.0001680009887192459,0.0001998522015134274,0.00025463718979046762,0.00029476652082023591
600,7.4000000000000004,4495.9819237435277,1.0472592109879808,2.6046842036029663,0,0.003412508117566505,0.00021775048308898476,0.00013900514077012414,0.00017630980574552768,0.00020973628247827018,0.00026723076935321224,0.00030934477482719256
601,7.4000000000000004,4562.3736025183198,1.0320194907924496,11.058468107406359,0,0.0034629002558358682,0.0002209659809204934,0.0001410578146488417,0.00017891335357700036,0.0002128334354761901,0.00027117693722011194,0.00031391283565780338
602,7.4000000000000004,4558.692244778018,1.0328528949216544,25.451532377582662,0,0.0034601060579530661,0.00022078768451272974,0.0001409439957635359,0.00017876898923588851,0.0002126617011809863,0.00027095812582854264,0.00031365954087135919
603,7.4000000000000004,4508.2231956396845,1.0444155663432662,44.497748473779268,0,0.0034217994004104961,0.00021834335532784649,0.00013938361198108352,0.0001767898468815233,0.00021030733434276874,0.00026795836224885895,0.0003101870321054785
604,7.4000000000000004,4575.4258612727263,1.0290754620087188,2.6174485548139188,0,0.0034797372474384821,0.00022204034116490178,0.00014174365283800791,0.00017978324944728855,0.00021386825441439922,0.00027249542850703339,0.00031543911345602061
605,7.4000000000000004,4701.4942791482008,1.0014812743596344,11.082475667609643,0,0.0035756968623540169,0.0002281634775165279,0.000145652472779246,0.00018474107532851704,0.00021976603171105304,0.00028000994886486419,0.00032413787824891397
606,7.4000000000000004,4804.28114321869,0.98005473487369199,25.492258276624458,0,0.0036539562126328071,0.00023315716859134613,0.00014884028995866392,0.00018878440368703362,0.00022457593241492099,0.0002861383757179546,0.00033123210931183621
607,7.4000000000000004,4858.992563511878,0.96901948717385822,44.527231163828731,0,0.0036956372346043619,0.00023581681432910363,0.00015053812513648332,0.00019093788512470429,0.00022713769118501968,0.00028940238306538027,0.00033501050511695819
608,7.4000000000000004,4792.9813743854447,0.98236527837114507,2.646121206149556,0,0.0036524841864273381,0.00023306323931518983,0.00014878032842806561,0.00018870835034286645,0.00022448546016008404,0.0002860231025283113,0.00033109866974205868
609,7.4000000000000004,4926.3023952893209,0.95577942729992382,11.277740257084536,0,0.0037540812681877891,0.00023954609968404524,0.00015291878500176489,0.00019395744020064276,0.00023072972200649197,0.00029397908838608191,0.00034030847241432266
610,7.4000000000000004,5050.5217139734577,0.93227170354476674,25.861466390147783,0,0.0038487424115770147,0.00024558638119917276,0.00015677471299049115,0.00019884817957110482,0.00023654769389860181,0.00030139192648177457,0.00034888953041558728
611,7.4000000000000004,5141.6913898453849,0.91574116863078747,44.729847339212796,0,0.0039182181247904048,0.00025001959266533497,0.0001596047374073177,0.00020243769469566365,0.00024081774317317878,0.00030683251377233814,0.00035518752242601534
612,7.4000000000000004,5341.7257127284629,0.88144894277450092,2.9415567911677667,0,0.0040814156545233016,0.00026043314765596999,0.00016625242726249525,0.00021086941815948228,0.00025084803233780162,0.0003196123812260061,0.00036998142220538878
613,7.4000000000000004,5275.5314541938442,0.89250884445638701,11.89753926841272,0,0.0040305547845002447,0.000257187740279256,0.00016418066005970025,0.0002082416529484186,0.00024772207060093886,0.00031562950735201586,0.0003653708707157655
614,7.4000000000000004,5193.1536499667527,0.90666650737476528,26.354518643946715,0,0.0039672977146111817,0.00025315133741878173,0.00016160394592402657,0.00020497342872156308,0.00024383422558433527,0.0003106758970246245,0.00035963660038822285
615,7.4000000000000004,5120.6326767892697,0.91950717406821703,44.89853616670176,0,0.0039116043589471254,0.00024959757148390594,0.00015933533220141265,0.0002020959894950013,0.00024041125427605044,0.00030631459508211631,0.00035458798278096155
616,7.4000000000000004,2831.6920289785421,1.6627720931129371,3.2019936300572911,0,0.0021686482930035533,0.00013838039271489672,8.8337741879078032e-05,0.00011204484974016334,0.00013328736967276896,0.00016982510570821396,0.00019658854858840805
617,7.4000000000000004,2721.80063695135,1.7299057168822427,12.364719428275633,0,0.0020844880886816447,0.00013301017101384721,8.4909559250357486e-05,0.00010769664930684658,0.00012811479636921412,0.00016323458771527651,0.00018895940352605525
618,7.4000000000000004,5276.9722805224046,0.8922651535341678,26.427353737821715,0,0.0040477193655324767,0.0002582830038458241,0.00016487984228006285,0.00020912847397366914,0.0002487770235247035,0.0003169736519040118,0.0003669268445835157
619,7.4000000000000004,5018.9093339282881,0.93814376168269431,44.776548779633075,0,0.0038497379678739826,0.00024564990716222942,0.0001568152659909345,0.00019889961573807643,0.00023660888181948882,0.00030146988769564064,0.00034897977786054661
620,7.4000000000000004,2858.6989951286414,1.6470633984547889,3.4001995239664975,0,0.0043922133127598821,0.00028026499505160384,0.00017891246227070759,0.00022692701358842225,0.00026994997823675431,0.00034395069617277469,0.00039815531316526572
621,7.4000000000000004,2763.3841338957604,1.7038740377502224,12.539083642125433,0,0.0042457679531314957,0.00027092038788684158,0.00017294715548491984,0.00021936080362821645,0.00026094929479323649,0.0003324826777026505,0.00038488000209258884
622,7.4000000000000004,2681.7856802856918,1.755717661067635,26.264303602521451,0,0.0020601985006101662,0.00013146026421381046,8.392014691995344e-05,0.00010644170941894527,0.00012662193313503861,0.00016133248958569241,0.00018675754586191143
623,7.4000000000000004,5252.1732200673559,0.89647814053160402,44.490537702124811,0,0.004034818841964629,0.0002574598277119596,0.0001643543522203247,0.00020846195869344037,0.00024798414398803203,0.00031596342226665241,0.00036575740866695165
624,7.4000000000000004,5191.4290906005936,0.90696769615919981,2.8370224872604539,0,0.0059902499283866779,0.00038223493418680047,0.00024400690221285272,0.00030949078063854122,0.00036816696336285304,0.00046909165980895269,0.00054301776037292307
625,7.4000000000000004,5147.1112282858721,0.91477690557775548,11.298496794438069,0,0.0059392003035247309,0.00037897748245562999,0.00024192744626850838,0.00030685326326635972,0.00036502940055814086,0.00046509400469515934,0.00053839009820660043
626,7.4000000000000004,5330.1549662903308,0.88336239975267616,25.286818836254064,0,0.0061505128812048239,0.00039246123525192561,0.00025053505498179275,0.00031777088697268279,0.00037801689039160925,0.00048164172290182856,0.00055754563996900856
627,7.4000000000000004,2715.6061884054916,1.7338517279048151,44.355655919887113,0,0.0020861800548523618,0.00013311813455220404,8.4978479817763062e-05,0.0001077840660152059,0.00012821878636205792,0.00016336708422691639,0.00018911278071258894
628,7.4000000000000004,5046.5599498959546,0.9330035764606236,2.6185541586291308,0,0.0038907355547282028,0.00024826594323758245,0.00015848526211565292,0.00020101778698493561,0.00023912863595959498,0.00030468037578804439,0.00035269622008923823
629,7.4000000000000004,5162.6114007128672,0.91203038861799945,10.888151174650346,0,0.0039802919150493275,0.00025398049102817418,0.00016213325181836321,0.0002056447838879507,0.00024463286259845544,0.00031169346242244451,0.00036081452813816882
630,7.4000000000000004,2785.6922991694883,1.6902292056734427,25.120027225333967,0,0.0021456375571411428,0.00013691208885226853,8.740042232771548e-05,0.0001108559827162055,0.00013187310601958446,0.00016802315346779541,0.00019450261921953038
631,7.4000000000000004,3005.7455556059317,1.5664860497902948,44.295033138265779,0,0.0046302605303829864,0.00029545467221855036,0.00018860908008248666,0.00023922590263174623,0.00028458060672421686,0.00036259198255693051,0.00041973435719882879
632,7.4000000000000004,4744.0190843187729,0.99250411905794234,2.5998210817185368,0,0.003666638750082074,0.00023396643513701559,0.00014935690056960509,0.00018943965655003199,0.00022535541429902491,0.0002871315350374804,0.00033238178472836787
633,7.4000000000000004,4951.0763033362637,0.95099695371349735,10.843274211313769,0,0.003826660926092372,0.0002441773723511492,0.00015587524553357707,0.00019770732296879251,0.00023519054293585204,0.00029966274309195431,0.00034688783784233483
634,7.4000000000000004,2754.4513705818458,1.7093997492071402,24.957481092637423,0,0.0042516576018598205,0.00027129620350738632,0.00017318706449681435,0.00021966509677197633,0.00026131127870267332,0.00033294389136329745,0.00038541390032723218
635,7.4000000000000004,2900.1777526334458,1.6235068618812947,44.243281147663183,0,0.0044765948386026625,0.00028564933917124623,0.00018234966021253639,0.00023128664876504446,0.00027513615419015526,0.00035055854567621981,0.00040580452108276196
636,7.4000000000000004,4668.1004115495689,1.0086455018033567,2.8303488903367535,0,0.0036182385507348741,0.00023087804195922248,0.00014738536635143678,0.00018693902374537368,0.00022238068792986747,0.0002833413543074124,0.0003279942936945509
637,7.4000000000000004,4869.1698034135152,0.96699410211059433,11.282667190861165,0,0.0037740954313310294,0.00024082319369903916,0.00015373404212915489,0.00019499148703492846,0.00023195981319747505,0.00029554638142406675,0.00034212276166363748
638,7.4000000000000004,2663.1982668138139,1.7679714427378919,25.116804055750482,0,0.0041228259561346299,0.00026307551885922369,0.00016793923491437588,0.0002130089126255536,0.00025339315235423619,0.00032285518867949725,0.0003737352771373493
639,7.4000000000000004,2790.1501852764436,1.6875286882126614,44.344097741534256,0,0.0043193568232281279,0.00027561605789302491,0.0001759447252765461,0.00022316282810545707,0.00026547214294893562,0.0003382453630045627,0.00039155085287610687
640,7.4000000000000004,4404.1097420143824,1.0691056213150318,3.1649049072542415,0,0.0034183582092809617,0.00021812377459571564,0.00013924343846620878,0.00017661205514633055,0.00021009583517267433,0.0002676888853358801,0.00030987508720793427
641,7.4000000000000004,4849.890976317979,0.97083800544533405,12.038819246504081,0,0.0037643622898078269,0.00024020212667278336,0.00015333757224221054,0.00019448861693700375,0.00023136160424101779,0.00029478418693020463,0.00034124044977773831
642,7.4000000000000004,2644.1063962495236,1.7807371476255582,25.795502460961959,0,0.004104576559301523,0.00026191103372407175,0.00016719586379601944,0.00021206604377373896,0.00025227152552804825,0.00032142609307358821,0.0003720809644267043
643,7.4000000000000004,2901.7540367357551,1.6226249442466587,44.663572174129357,0,0.0045045356786467842,0.00028743223058363591,0.00018348780267835952,0.00023273023334003412,0.00027685342715135571,0.00035274657041466063,0.00040833736571613824
644,7.4000000000000004,4144.2589309468749,1.1361400338467964,3.2601724269351533,0,0.0032166686045176948,0.00020525405902049055,0.00013102781203072316,0.00016619160959379018,0.00019769978321903826,0.00025189473440800832,0.00029159187051775088
645,7.4000000000000004,4852.909864233734,0.97023406858996508,12.467044771818909,0,0.0037667054739912889,0.00024035164411577165,0.00015343301953084726,0.00019460967931516648,0.00023150561876724598,0.00029496767980128659,0.00034145286005154258
646,7.4000000000000004,2741.0493585169243,1.7177576417753513,26.715271708147881,0,0.0042550658932694867,0.00027151368492439522,0.00017332589787416147,0.00021984118871832777,0.00026152075582191775,0.00033321079192564238,0.00038572286285635886
647,7.4000000000000004,3179.5561228422057,1.4808540249533257,45.099373316480794,0,0.0049357815363683111,0.00031494981900067096,0.00020105417588360818,0.00025501087584226082,0.00030335824411195693,0.00038651708710473956,0.0004474299182188871
648,7.4000000000000004,4174.1914627181432,1.1279929356689893,3.0101169924566498,0,0.0032439347905924031,0.00020699390109125336,0.00013213847313481514,0.00016760033766259879,0.00019937559124869012,0.0002540299275360669,0.00029406355758810775
649,7.4000000000000004,4788.4418492000223,0.98329657754170818,12.162309180688855,0,0.003721172569306372,0.00023744621161568555,0.00015157828172295215,0.00019225718745186445,0.00022870711929704927,0.00029140203461286906,0.00033732529004680718
650,7.4000000000000004,2677.282209924183,1.7586709628975603,26.981080238665101,0,0.0041560770085035349,0.00026519725233709436,0.00016929368362367023,0.00021472685332547979,0.00025543679646351894,0.00032545905187929616,0.00037674949394019789
651,7.4000000000000004,3077.7345138169326,1.5298455604075327,45.183233940564669,0,0.0047777188388050396,0.00030486391515312364,0.00019461564833485724,0.00024684444735538372,0.00029364354704947832,0.00037413932423336553,0.00043310149235094894
652,7.4000000000000004,4229.0891087615364,1.1133505019606253,2.7075663466060771,0,0.0032916073657486005,0.00021003586492334545,0.00013408036830170111,0.00017006337721462542,0.00020230559708163065,0.00025776312860025197,0.00029838508929413125
653,7.4000000000000004,4712.0462347752718,0.99923859985224195,11.50108878611351,0,0.0036675021798350162,0.00023402153016956621,0.00014939207152604475,0.00018948426629945134,0.00022540848158570214,0.00028719914952782353,0.00033246005486672393
654,7.4000000000000004,2634.1875450953585,1.7874423902894214,26.689245747183371,0,0.0040992253599990668,0.00026156957629948216,0.00016697788798857802,0.0002117895700256869,0.00025194263527787713,0.0003210070449549342,0.00037159587677672849
655,7.4000000000000004,2904.4789959269233,1.6211026103747854,45.18270766881939,0,0.0045198429321619401,0.00028840897898477018,0.00018411132850053267,0.00023352109413824349,0.0002777942268027015,0.00035394526914082127,0.00040972497234701875
656,7.4000000000000004,4334.5725444455211,1.0862567032381221,2.6364412215492901,0,0.0033777464272295383,0.00021553235653716808,0.00013758915771829678,0.00017451381679559741,0.00020759979299523991,0.00026450860930765896,0.00030619361828794603
657,7.4000000000000004,4715.0411326467238,0.99860390389274123,11.229014862835218,0,0.0036741624648686439,0.00023444651971790375,0.00014966337164512805,0.00018982837494916971,0.00022581782960043884,0.00028772071109847182,0.00033306381148884198
658,7.4000000000000004,5151.0339303849905,0.91408026926430253,25.823608562049749,0,0.006020801627996614,0.00038418442327812526,0.00024525139545909124,0.00031106925724221437,0.00037004470245645269,0.00047148413886263871,0.00054578728012520531
659,7.4000000000000004,2762.3720905048513,1.7044982818427452,44.878970882100887,0,0.0043013964689906673,0.00027447001642530666,0.00017521312802225449,0.00022223489285735408,0.00026436828097997297,0.00033683890209212523,0.00038992274195417129
660,7.4000000000000004,4644.4443784734558,1.0137829411628039,2.6198480053861291,0,0.0036254614562791329,0.0002313389320486767,0.00014767958426018858,0.00018731220060812489,0.00022282461518376799,0.00028390697423828434,0.00032864905201664395
661,7.4000000000000004,4841.3814923403525,0.97254440484089477,11.154496175653708,0,0.0037791235089476671,0.00024114403288602769,0.00015393885589452179,0.0001952512664573713,0.0002322688440542508,0.00029594012614307419,0.00034257855824625235
662,7.4000000000000004,5218.2906334448162,0.90229901184473049,25.666112093603871,0,0.0040733269082197333,0.00025991700868882161,0.00016592294018734561,0.00021045150698084926,0.000250350889614276,0.00031897895800081917,0.00036924817518656672
663,7.4000000000000004,2747.5828579280533,1.7136729720415091,44.583098959426763,0,0.0042857447773402141,0.00027347128959429875,0.00017457557185353442,0.00022142623640309539,0.00026340631180417416,0.00033561323069228327,0.00038850391191407551
664,7.4000000000000004,5088.7554273013475,0.92526719928704559,2.4639556944502568,0,0.0039777985864906376,0.00025382139294563501,0.00016203168854720125,0.00020551596418739686,0.00024447962004345476,0.0003114982118659523,0.00036058850723653707
665,7.4000000000000004,5099.2953380305353,0.92335473236080201,10.770543779570303,0,0.0039859972626758028,0.00025434454648505658,0.00016236565350727884,0.00020593955497627615,0.00024498351917133314,0.00031214024361185826,0.00036133171942856831
666,7.4000000000000004,2662.8648178237804,1.768192831479837,25.644484745860009,0,0.0020803200710324786,0.00013274421183503754,8.4739779176554227e-05,0.00010748130553131516,0.0001278586256886112,0.0001629081936014191,0.00018858157160984092
667,7.4000000000000004,2762.6697574845784,1.7043146287462676,44.679828887245819,0,0.0043165821318909567,0.00027543900618844975,0.0001758317009710707,0.00022301947158473784,0.00026530160754622482,0.00033802807915491172,0.00039129932636324856
668,7.4000000000000004,2664.8983539507249,1.7668435552506376,2.361382633951719,0,0.0020841994502317301,0.00013299175313475603,8.4897801848769048e-05,0.00010768173658362896,0.00012809705635120395,0.00016321198467013253,0.00018893323837326464
669,7.4000000000000004,2623.6476085931845,1.7946230532844212,10.509902945577629,0,0.0020519375139862531,0.00013093313467560104,8.3583643805822824e-05,0.00010601489931425102,0.00012611420434307377,0.00016068557835938326,0.00018600868521191914
670,7.4000000000000004,2771.2261390066728,1.6990524215261573,25.265960509317271,0,0.0043347154211888584,0.00027659608255825661,0.00017657034256389354,0.00022395634165317313,0.00026641609828307239,0.00033944808247301031,0.00039294311389473022
671,7.4000000000000004,2834.4498024626255,1.6611543016161621,44.617440197691351,0,0.0044336090427194389,0.00028290643644484584,0.00018059867636077508,0.00022906575519911427,0.00027249420266438237,0.00034719236253192133,0.00040190784717309048
672,7.4000000000000004,2883.0956123014694,1.6331260267561094,2.4823864833914193,0,0.0045195862342631062,0.00028839259921670712,0.00018410087216568058,0.00023350783164768834,0.00027777844988403449,0.00035392516733457393,0.00040970170261373819
673,7.4000000000000004,2881.3755088174953,1.63410095895769,10.930300168687314,0,0.0045168897728642843,0.00028822053932644586,0.00018399103447931875,0.0002333685169357381,0.00027761272257433993,0.00035371400960855151,0.00040945726766574353
674,7.4000000000000004,2876.5639775648101,1.6368342643509959,25.69123204276708,0,0.0045093471404512031,0.00028773924762101182,0.00018368379281300285,0.00023297882114315825,0.00027714914457601189,0.00035312335212342482,0.00040877352601735947
675,7.4000000000000004,2821.7920796968579,1.6686057473737383,44.743318357471182,0,0.0044234858479667493,0.00028226048031174399,0.00018018631804156776,0.00022854273270689419,0.00027187202063254986,0.00034639962328299531,0.00040099017685747067
676,7.4000000000000004,2972.303816651684,1.5841107681179021,2.7649094372724656,0,0.0046659698477878268,0.00029773326639262866,0.00019006366378504635,0.00024107085144887681,0.00028677533834808438,0.00036538835051692193,0.00042297141638558038
677,7.4000000000000004,2965.8963352460883,1.5875330591030916,11.585326084603132,0,0.0046559112814759714,0.00029709143416890019,0.00018965393804141291,0.00024055116803379782,0.00028615712844714674,0.00036460067226928036,0.00042205960465543154
678,7.4000000000000004,2954.3791133030463,1.5937218283444112,26.112985094069558,0,0.0046378313631259523,0.00029593776337331727,0.00018891747046133022,0.00023961705541563941,0.00028504591794402043,0.00036318484838723661,0.00042042065521466975
679,7.4000000000000004,2880.4739989213308,1.6346123880441472,44.792568446738883,0,0.0045218139380664721,0.0002885347479128128,0.00018419161547532633,0.00023362292764491342,0.00027791536686652473,0.00035409961702985822,0.00040990364456015778
680,7.4000000000000004,3318.8018892055566,1.4187223700788496,2.8756621619809972,0,0.005220303395196824,0.00033310502041700201,0.00021264389220839697,0.00026971091227651376,0.00032084525217131182,0.00040879776530771756,0.00047322190092499283
681,7.4000000000000004,3109.7567181685399,1.5140922293268233,11.978353833060041,0,0.0048914861736376108,0.00031212335345072526,0.00019924984812240843,0.00025272232251742752,0.0003006358052517122,0.00038304835283261548,0.0004434145317237515
682,7.4000000000000004,3042.5443802182663,1.5475397869917331,26.547921111402175,0,0.0047857646489084197,0.0003053773143822228,0.00019494338644638666,0.00024726014020284978,0.00029413805086968097,0.00037476938515920721,0.00043383084719172434
683,7.4000000000000004,3060.2272291728309,1.5385976692157435,44.945229440323125,0,0.004813578854008912,0.00030715212528045657,0.00019607637056311315,0.00024869718208796361,0.00029584754071611843,0.00037694749321694069,0.00043635221233354412
684,7.4000000000000004,3393.2187054817027,1.3876083125645318,3.044605158552141,0,0.0053420179626274605,0.00034087156776103813,0.00021760181465036189,0.00027599938720486043,0.00032832595551819698,0.00041832913530755715,0.00048425535906131199
685,7.4000000000000004,3160.5971859572192,1.4897369721759928,12.389032005886996,0,0.0049757968482071107,0.00031750317658508267,0.00020268416000774245,0.00025707829710957679,0.00030581762661249247,0.00038965065402976617,0.00045105731695434877
686,7.4000000000000004,3097.7967373306556,1.519937840122173,27.035846588253001,0,0.004876928736911426,0.00031119445049417358,0.00019865686534503162,0.00025197020156916242,0.00029974109011663439,0.0003819083716568569,0.00044209489618561419
687,7.4000000000000004,3159.2588578110799,1.4903680559237769,45.191419740918143,0,0.0049736898891169076,0.00031736873255039193,0.00020259833511448492,0.00025696943947902783,0.00030568813072510157,0.00038948565975597312,0.0004508663205485164
688,7.4000000000000004,3314.5991564862593,1.4205212334233543,3.4328390050534243,0,0.0052296453282711357,0.00033370112462242349,0.00021302442660635931,0.00027019357029486131,0.00032141941705141302,0.0004095293245822124,0.00047406874966022291
689,7.4000000000000004,3130.8943988513438,1.503870102997821,12.804549171863412,0,0.0049398031234704053,0.00031520643451749789,0.00020121799125400049,0.00025521865417313394,0.00030360541501951136,0.00038683201436008629,0.00044779447616679095
690,7.4000000000000004,3078.8173471106388,1.5293075071486761,26.939233699673657,0,0.0048576379814763981,0.0003099635167731648,0.00019787107551467065,0.0002509735301397448,0.00029855546031246988,0.00038039772809537483,0.00044034618403879867
691,7.4000000000000004,3124.0705805620419,1.5071549635824126,45.067523532863667,0,0.0049290367690025391,0.00031451943867581272,0.00020077943446033812,0.00025466240234913221,0.00030294370372560716,0.00038598890979052734,0.00044681850325073333
692,7.4000000000000004,3022.547230663497,1.557778298485774,3.5174789716349872,0,0.0047780457165932854,0.00030488477306579357,0.00019462896337804668,0.00024686133574285785,0.00029366363729681823,0.00037416492177037587,0.00043313112391000092
693,7.4000000000000004,2852.5454692843145,1.6506164521392159,12.65559596529479,0,0.0045093067604139942,0.00028773667099047892,0.00018368214797215174,0.00023297673487807959,0.00027714666277711241,0.00035312018999514907,0.00040876986555617151
694,7.4000000000000004,2885.7578211598034,1.631619412949737,26.409516230764385,0,0.0045618088798206882,0.00029108680569203552,0.00018582076984422562,0.00023568929647644547,0.00028037349740056902,0.0003572315887899247,0.00041352919674199622
695,7.4000000000000004,2913.2779816226612,1.6162063873675783,44.771399237104582,0,0.0046053127772901926,0.00029386276822864442,0.00018759285805133291,0.00023793695815160402,0.00028304729198631677,0.00036063834405324383,0.00041747283669922683
696,7.4000000000000004,4878.5903605163694,0.96512683667449961,3.5168149167677552,0,0.0057913452167475104,0.00036954292128721215,0.00023590471564253619,0.00029921421868973625,0.00035594207382431606,0.00045351559162447086,0.00052498699499031536
697,7.4000000000000004,5149.4410494605836,0.91436302248165224,12.834629835661154,0,0.0061130561510660776,0.00039007113952126338,0.0002490092921509521,0.00031583565675868567,0.0003757147609717107,0.00047870851645437525,0.0005541501773499199
698,7.4000000000000004,2634.4593977230479,1.7872579422348935,26.469294762857356,0,0.0041676518711090023,0.00026593583868976989,0.0001697651741961279,0.00021532487733222017,0.00025614819950475147,0.00032636547007162053,0.00037779875833547129
699,7.4000000000000004,2679.1673307431329,1.7574335234857703,44.792250178488274,0,0.0042383787537725254,0.00027044888666995833,0.00017264616376220867,0.00021897903507010264,0.00026049514694929043,0.00033190403543673552,0.00038421016919165381
700,7.4000000000000004,4662.0288808730875,1.0099590977210093,3.4137402366444958,0,0.0036939992382594971,0.00023571229457908276,0.00015047140297651926,0.00019085325680810383,0.00022703701823355724,0.00028927411288744788,0.00033486202030959272
701,7.4000000000000004,5096.8382430589718,0.9237998652376288,12.792517149633234,0,0.0040384672845044925,0.00025769263305577345,0.00016450296791628005,0.00020865045822906513,0.00024820838104440927,0.00031624912887108503,0.0003660881409603502
702,7.4000000000000004,5233.7758249166382,0.89962937649337804,26.993781701204547,0,0.0062205398802828039,0.0003969296240009539,0.00025338753548269935,0.0003213888846972377,0.00038232082226626757,0.0004871254809455896,0.0005638936061907122
703,7.4000000000000004,2616.276652012366,1.7996791273790782,45.135675669076271,0,0.0041433970489717581,0.000264388150287086,0.00016877717802164663,0.00021407173365253291,0.00025465747302089333,0.00032446609443441816,0.00037560005221257717
704,7.4000000000000004,4555.7297584074986,1.0335245354241032,3.0715719628977225,0,0.0036142854046411223,0.00023062579362984721,0.00014722433885778241,0.00018673478147081753,0.00022213772347755482,0.000283031786612449,0.0003276359399423838
705,7.4000000000000004,4791.7598333713986,0.9826157081756498,11.949354697077592,0,0.0038014979880475921,0.00024257173751412607,0.00015485025815637521,0.00019640726079580477,0.0002336440027079839,0.00029769225362753982,0.00034460681076920249
706,7.4000000000000004,2640.3034621207657,1.783302014191166,26.8933024799151,0,0.0020933856375441127,0.0001335779192788658,8.5271992097262595e-05,0.00010815634787971672,0.00012866164893550588,0.00016393134761912421,0.00018976596871346258
707,7.4000000000000004,2897.0388322084345,1.6252659197138126,45.094333907355349,0,0.0045938806427056932,0.00029313328928156187,0.00018712718136354979,0.00023734630829571821,0.0002823446611570445,0.00035974310277758537,0.00041643651063728089
708,7.4000000000000004,4165.7141594683626,1.1302884215840614,2.6599108448824831,0,0.0033074743257004279,0.00021104832791995446,0.00013472669321162411,0.00017088315566803866,0.00020328079687013725,0.0002590056574878454,0.00029982343346340179
709,7.4000000000000004,4473.8972985087594,1.0524288261255561,10.868545188402988,0,0.0035521834050805138,0.00022666309524518882,0.00014469467536875182,0.0001835262348236823,0.00021832087027938646,0.00027816862891458873,0.0003220063770494772
710,7.4000000000000004,5002.0923577039785,0.94129779007861247,24.818505592611459,0,0.0059573318670628284,0.00038013444870554317,0.00024266601756421359,0.00030779004417211308,0.00036614378522800386,0.00046651387287039396,0.00054003372929749358
711,7.4000000000000004,2984.2234925187386,1.5777834649045828,44.323004464654858,0,0.0047381969644170003,0.00030234204357242988,0.00019300576389691892,0.00024480251990613167,0.00029121449172560948,0.0003710443979987202,0.00042951882385255577
712,7.4000000000000004,3781.5547247322347,1.2451118190308004,2.7163140507642534,1,0.016538026285033338,0.0010552834129145938,0.00067366013284399782,0.00085444960166364606,0.0010164442202189752,0.001295079553066287,0.0014991765121068982
713,7.4000000000000004,4298.4298265128946,1.0953903337060205,11.043947701398224,1,0.018798681800785901,0.0011995347417594708,0.00076574569788113891,0.00097124807396270052,0.0011553864490732335,0.0014721096704768037,0.0017041055400797375
714,7.4000000000000004,4546.1252989356053,1.0357080310079165,25.056603447785619,1,0.019881338385352356,0.0012686185318009525,0.00080984664233564802,0.0010271843429876513,0.0012219276438263514,0.0015568916378953404,0.0018022486494378826
715,7.4000000000000004,4635.6020442254894,1.0157167153597961,44.228969797151649,1,0.027029635915047198,0.0017247479201362502,0.0011010254674546178,0.0013965065263940534,0.0016612694118969091,0.0021166690750808186,0.0024502437350285128
716,7.5,4579.6401524968969,1.4522700827495019,3.1147341591008315,1,0.017110854957570393,0.00088514027695344474,0.00060714653965606401,0.00074976000617166759,0.00089067128540352969,0.0010305061615331745,0.0012342791013829819
717,7.5,4583.463368195451,1.4510586970935291,11.850822460649624,1,0.017125139592849826,0.0008858792175884258,0.00060765340310044841,0.00075038592745157008,0.0008914148434839063,0.0010313664578016667,0.0012353095131794702
718,7.5,4562.3566614372976,1.4577716905487081,25.4437589335068,1,0.017046278855773395,0.00088179977124692663,0.00060485517801178929,0.00074693042351189301,0.00088730990575672047,0.0010266170472279796,0.0012296209511564469
719,7.5,4556.2716901847707,1.4597185671690918,44.207670631958003,1,0.017023543650155494,0.0008806236847072929,0.00060404846195619144,0.00074593421683802081,0.00088612647016207474,0.0010252478129301572,0.0012279809636029668
720,7.5,4682.9313864411597,1.4202374184867159,2.8830892979891285,0,0.003190375926729595,0.00016503735426274765,0.00011320449556255981,0.00013979525163682229,0.00016606862921969429,0.00019214130785717251,0.00023013545154127363
721,7.5,4662.3979738211674,1.4264922086388829,11.370136843354141,0,0.0031764752036976475,0.0001643182733129727,0.00011271125452296873,0.00013918615254667935,0.00016534505492246578,0.0001913041328142124,0.00022913273297607095
722,7.5,4666.2389500866775,1.4253180032938662,24.995532532460537,0,0.0031791072572779815,0.00016445442879093274,0.00011280464799906631,0.00013930148334186923,0.00016548206120014508,0.00019146264899816379,0.0002293225942504481
723,7.5,4701.292795166808,1.4146905272666872,44.008484987095521,0,0.0032029766841484824,0.00016568918831424504,0.00011365160976479541,0.00014034738909480317,0.00016672453641049034,0.00019290019209716795,0.00023104439803063934
724,7.5,4766.5657510776218,1.3953178725639073,2.7655392596576291,0,0.0032713919033190235,0.00016922829060893492,0.00011607919527599322,0.00014334519342864484,0.00017028575362324161,0.00019702051835045623,0.0002359794802020521
725,7.5,4750.116887487542,1.4001496259489787,11.270883866916501,0,0.0032600221271014201,0.0001686401349092283,0.00011567576012887173,0.00014284699485772484,0.00016969392269348418,0.00019633577030738375,0.00023515932964805652
726,7.5,4748.530181256232,1.4006174814856307,25.186751231974611,0,0.0032589035252492244,0.00016858226991325304,0.00011563606864381751,0.00014279798018641325,0.00016963569611439034,0.00019626840218908408,0.0002350786401154553
727,7.5,4713.1175378013559,1.4111412095893128,44.181406624715734,0,0.0032344339678156251,0.00016731646578497237,0.00011476781237260459,0.00014172577803298921,0.00016836198230951721,0.00019479471605429759,0.00023331354635273716
728,7.5,5095.359503559378,1.30528069287037,2.7217154926407989,0,0.0035208618832905537,0.00018213331070939895,0.00012493116880176781,0.00015427641891018319,0.00018327141379520916,0.00021204491965101655,0.0002539748161139528
729,7.5,4953.900221391279,1.3425531573104117,11.207896703699564,0,0.0034229349820125705,0.00017706757642941564,0.00012145641669863791,0.00014998547761656486,0.00017817402507599403,0.00020614724385415844,0.00024691093017661497
730,7.5,4866.4132867840672,1.3666891797479843,25.182304686145059,0,0.0033623364148186361,0.00017393282759997216,0.00011930619039661232,0.00014733018176922225,0.00017501968802678924,0.00020249767771451894,0.00024253969652133031
731,7.5,4731.3221013304374,1.4057116046610729,44.196123475086296,0,0.0032689315770699852,0.0001691010185431691,0.00011599189522159894,0.00014323738734716983,0.00017015768626785948,0.00019687234449442727,0.00023580200635405898
732,7.5,5256.363411029266,1.2652995737079904,2.8303900131645969,0,0.0036425187603939405,0.00018842659074476856,0.00012924793451229736,0.00015960715551884724,0.0001896040188799079,0.00021937174006757658,0.000262750446631573
733,7.5,5087.5482236647877,1.307284784504448,11.332835838923462,0,0.0035255343666352659,0.00018237501711226744,0.00012509696309441872,0.00015448115684701074,0.00018351463055772519,0.00021232632130443053,0.00025431186230821015
734,7.5,4966.5791783843897,1.3391258136335833,25.197840854496992,0,0.0034417060651262361,0.0001780385998965157,0.00012212247331511435,0.00015080798516665803,0.00017915111621297827,0.00020727773773393534,0.0002482649686308577
735,7.5,4878.7932679342593,1.3632211938436307,44.195395028738133,0,0.0033808727854024801,0.00017489170944620254,0.00011996391867995472,0.0001481424047328208,0.00017598456167311304,0.00020361403596467535,0.00024387680415761511
736,7.5,5374.3061730554691,1.2375317239226751,3.0032233188782813,0,0.0037377117214084481,0.00019335089897397958,0.00013262567788180691,0.00016377830156705562,0.00019455909781421023,0.00022510476352568474,0.00026961712177260615
737,7.5,5126.8793117428622,1.297255889756584,11.699112910533248,0,0.003565305117846891,0.00018443234819416816,0.00012650815347839056,0.00015622382363647395,0.00018558481735966812,0.00021472152623568675,0.00025718069657678023
738,7.5,5005.5743071579964,1.3286935674331766,25.601219060244599,0,0.0034808516523242468,0.00018006359139927065,0.0001235114809286446,0.00015252325864492387,0.00018118876135426342,0.00020963529198265139,0.00025108870714712
739,7.5,5010.8351615090978,1.3272985777537702,44.405329468589635,0,0.0034845380351314829,0.00018025428706626358,0.00012364228529644568,0.00015268478782643806,0.00018138064862825132,0.00020985730544755696,0.00025135462169492912
740,7.5,5372.7787344705121,1.2378835444235083,3.0546823644156706,0,0.0037600173994625954,0.0001945047661594265,0.00013341715295881737,0.00016475568728840099,0.00019572017521177738,0.00022644812940243215,0.0002712261256670743
741,7.5,5100.0091338202437,1.3040906807646568,11.914329418022479,0,0.0035693543455568525,0.00018464181373785551,0.00012665183271583832,0.00015640125188306591,0.00018579559179836603,0.00021496539213922654,0.00025747278467825381
742,7.5,4946.8888151134015,1.3444560069574045,25.907846409325018,0,0.0034622041245262283,0.00017909895941796029,0.00012284980844040356,0.00015170616501683821,0.00018021810164178009,0.00020851223925729841,0.00024974358126588116
743,7.5,4896.3861041189512,1.3583231064304229,44.548199355718211,0,0.0034267155543924385,0.00017726314449960598,0.00012159056320645696,0.00015015113397785662,0.00017837081519954354,0.00020637492991316817,0.00024718363902087245
744,7.5,4977.055584518841,1.3363070334028802,2.9656201239816649,0,0.0035054029463289322,0.00018133362374007182,0.00012438263746851277,0.00015359904231500467,0.00018246672979264344,0.00021111390072594199,0.00025285969691805985
745,7.5,4940.1597629778844,1.346287306955539,11.733241133282505,0,0.003479694164424175,0.00018000371483769729,0.00012347040964524203,0.00015247254007257587,0.00018112851063982791,0.00020956558194093334,0.00025100521259768311
746,7.5,4807.3284330589568,1.3834865821717082,25.774804150037717,0,0.0033861532381405475,0.0001751648659547816,0.00012015128562425322,0.00014837378255042839,0.00017625942506476643,0.00020393205274967858,0.00024425770578272963
747,7.5,4614.7113408768382,1.4412330245483742,44.507183140736871,0,0.003250292719161333,0.00016813683505308223,0.00011533053036809274,0.00014242067361455523,0.00016918747784910317,0.00019574981391565514,0.00023445750586899595
748,7.5,5027.1922863504169,1.3229799069527801,2.880668532860418,0,0.0035532707100738698,0.00018380981126918126,0.00012608113512925967,0.00015569650237353609,0.00018495839036540944,0.00021399675056601666,0.0002563126033079989
749,7.5,4954.7257772752582,1.3423294612456051,11.47797148010399,0,0.0035020506433863069,0.0001811602099414963,0.00012426368729702569,0.00015345215177790499,0.00018229223237691675,0.00021091200731697632,0.00025261788097877177
750,7.5,4770.7554808059049,1.3940924891221009,25.536980181719812,0,0.003372018564099616,0.00017443368277742077,0.00011964974327266423,0.00014775443224195801,0.0001755236729163195,0.00020308078793990949,0.00024323811133132182
751,7.5,4496.247366923224,1.4792056220387164,44.439677234476235,0,0.0031779934333352102,0.00016439681095502528,0.00011276512604915109,0.00013925267802803324,0.00016542408332555721,0.00019139556863083349,0.00022924224936887486
752,7.5,5275.5613901652778,1.2606950978957796,2.9101453334621383,0,0.0037436754228029447,0.00019365939976585011,0.00013283728862096571,0.00016403961783707435,0.00019486952634627193,0.00022546392915754896,0.00027004730904357349
753,7.5,5066.6510154691368,1.312676630563983,11.502850198715173,0,0.0035954725326783638,0.00018599290107040449,0.00012757858751401977,0.00015754569336106194,0.00018715512171978786,0.00021653836747117426,0.0002593568011467488
754,7.5,4860.747945520734,1.3682820952192161,25.556918294843584,0,0.0034494717557022993,0.0001784403171411698,0.00012239802425473647,0.00015114826063674261,0.00017955534368288434,0.00020774542868257803,0.0002488251410833511
755,7.5,4686.3496941878984,1.4192014717719748,44.464213429590551,0,0.0033260162918630079,0.00017205399666068562,0.00011801743907313529,0.00014573871391569343,0.0001731291167678358,0.0002003102878625082,0.00023991977081715279
756,7.5,5281.9502902082859,1.2591701961979922,2.8642968321709645,0,0.0037738042854538116,0.00019521795834735931,0.00013390635470489937,0.00016535979828995493,0.00019643782394984207,0.00022727844857687047,0.00027222063267997953
757,7.5,5154.066246070719,1.2904130575155113,11.442139793366238,0,0.0036825668794127665,0.00019049826999444305,0.00013066896677177875,0.00016136197595518283,0.00019168864350754581,0.00022178364955480271,0.00026563928862557084
758,7.5,5012.9837832036355,1.3267296825323562,25.487442900599433,0,0.003581817637537483,0.00018528653673637559,0.00012709406921527255,0.00015694736590808037,0.0001864443435010877,0.00021571599748366284,0.0002583718151980187
759,7.5,4997.7780519093849,1.3307662553539497,44.409599939404167,0,0.0035710590168966574,0.00018472999596285661,0.0001267123197755311,0.00015647594682948574,0.00018588432505086446,0.00021506805646099268,0.00025759574990790861
760,7.5,5440.8497577698972,1.2223962578146395,2.583189454496357,0,0.0038983667315909973,0.00020166154274716083,0.00013832621907350167,0.00017081785053901888,0.00020292167261135678,0.00023478025772423995,0.00028120585431066434
761,7.5,5204.7854586129815,1.277838334762408,10.822885249295419,0,0.0037292267532198866,0.00019291197367708542,0.00013232460472751092,0.00016340650893499853,0.00019411742978874604,0.00022459375387593857,0.00026900506475166763
762,7.5,5141.2190250384156,1.2936376277375019,24.792529539945424,0,0.0036836814283303151,0.00019055592533311568,0.00013070851444606181,0.00016141081303581802,0.00019174665911924374,0.00022185077358394747,0.00026571968580267337
763,7.5,5140.3952435790761,1.2938449415027549,44.052833745146359,0,0.0036830911892356578,0.00019052539241135291,0.00013068757092075115,0.00016138495005770556,0.00019171593540529507,0.00022181522626469721,0.00026567710933404212
764,7.5,5321.0598664208092,1.2499153458506933,2.3291866870770068,0,0.0038266047180096682,0.00019794931160887913,0.00013577987885071935,0.00016767339703981931,0.0001991862447184712,0.00023045836981490034,0.00027602935355390887
765,7.5,5060.4636008659618,1.3142816365859231,10.176918393699486,0,0.0036395755243646545,0.00018827433787601587,0.00012914349931165991,0.0001594781893936037,0.00018945081462308085,0.00021919448283112952,0.00026253813843713192
766,7.5,5084.4294216076132,1.3080866763466081,24.066231361790241,0,0.0036569102988060231,0.00018917106145224897,0.00012975859121349027,0.00016023776105874687,0.00019035314158875026,0.00022023847460798194,0.00026378856980793276
767,7.5,5091.0492186895426,1.3063857954493656,43.718499655167761,0,0.0036617972467663669,0.00018942386205641527,0.00012993199538008273,0.00016045189636303139,0.00019060752187730586,0.00022053279245456029,0.00026414108625155615
768,7.5,4855.3511947457537,1.3698029486367314,2.2952414045953891,0,0.003505922388486773,0.00018136049435387767,0.00012440106889753644,0.00015362180312715777,0.00018249376831383737,0.0002111451842793087,0.00025289716650104621
769,7.5,4825.7216119791738,1.3782134399795776,10.158410476131406,0,0.0034845276400089923,0.00018025374932915909,0.00012364191644505484,0.00015268433233504841,0.00018138010753096929,0.00020985667939831494,0.00025135387185031417
770,7.5,4871.1238889157994,1.3653675280901021,24.106537737490889,0,0.00351731143932976,0.00018194964712516792,0.00012480518796852575,0.00015412084626974191,0.00018308660254561616,0.00021183109314223901,0.00025371870741615213
771,7.5,4920.997458119532,1.3515297335209593,43.743368665954868,0,0.0035533238421100832,0.00018381255977621762,0.00012608302041973825,0.00015569883050242842,0.00018496115604714234,0.00021399995045818035,0.00025631643594886195
772,7.5,4510.4540256302444,1.4745465413097265,2.3503255689298053,0,0.0032645006463779495,0.0001688718075990266,0.00011583467197099011,0.00014304323371596643,0.00016992704304489981,0.00019660549041900017,0.00023548238438505641
773,7.5,4628.5452295011346,1.4369254384376928,10.422114683001407,0,0.0033500920480582902,0.00017329942954872067,0.00011887172204729501,0.00014679366056554366,0.00017438233203794868,0.00020176025720444526,0.00024165645801341011
774,7.5,4649.1155367137771,1.4305676704973378,24.516584403059532,0,0.0033649609222192707,0.00017406859271593069,0.00011939931611070132,0.00014744518190742555,0.00017515630150319767,0.00020265573942762738,0.00024272901345751271
775,7.5,4643.6033532161891,1.4322658240444184,43.944795288987933,0,0.0033608772809270893,0.00017385734696618275,0.00011925441577194604,0.00014726624573339911,0.00017494373573440043,0.00020240980095619977,0.00024243444295726693
776,7.5,4546.9188027563232,1.4627211682772689,2.4032244720642244,0,0.0033092329557743217,0.00017118579885347027,0.0001174219139251869,0.00014500330506554316,0.00017225549382120123,0.00019929950661906008,0.00023870911705162675
777,7.5,4592.1938959671606,1.4482999920953623,10.575415326669086,0,0.003341884713624994,0.00017287486617702759,0.00011858050020517594,0.00014643403323361782,0.00017395511568157331,0.00020126596812746766,0.00024106442790186992
778,7.5,4543.8571117267775,1.4637067627115841,24.786662898087492,0,0.0033065873306291028,0.00017104894132182963,0.00011732803888760814,0.00014488737959424873,0.00017211778110289279,0.00019914017308370982,0.00023851827680226843
779,7.5,4438.5228755481967,1.4984431915106819,44.114472043482628,0,0.0032298361186703273,0.00016707862019070191,0.00011460466633429438,0.00014152431040252288,0.00016812265048077524,0.00019451780926701089,0.00023298188384227671
780,7.5,4741.1915467073986,1.4027854217044706,2.4762717946385222,0,0.0034681513468306198,0.00017940660775059278,0.00012306083445001151,0.00015196675920939618,0.00018052767238781048,0.00020887041243122104,0.00025017257982964616
781,7.5,4591.8069011716398,1.4484220539702095,10.712255575526385,0,0.0033587846587353688,0.00017374909613997148,0.00011918016300516956,0.00014717455163446193,0.00017483480847728876,0.00020228377218278802,0.00024228349317452751
782,7.5,4504.3018646082728,1.476560537713433,24.939864707627954,0,0.003294805225725196,0.00017043945596159491,0.0001169099730317517,0.00014437111368775991,0.00017150448722917674,0.00019843059242690374,0.00023766838321780085
783,7.5,4407.1330361941964,1.5091158648056169,44.203880926740091,0,0.0032238165477532226,0.00016676722928230377,0.00011439107317009558,0.00014126054605298274,0.00016780931377260899,0.00019415527887707746,0.00023254766646385239
784,7.5,4547.8070882794545,1.4624354670562327,2.4703002426179026,0,0.0033341770205833066,0.00017247614913042128,0.0001183070071990932,0.00014609629908784693,0.00017355390715716244,0.00020080177009701498,0.00024050843905941758
785,7.5,4475.9270561671547,1.4859210840055368,10.655281236148811,0,0.0032814789296890666,0.00016975008997763722,0.00011643711445485234,0.00014378718472435805,0.00017081081357876011,0.0001976280124149932,0.00023670710052695789
786,7.5,4454.0263441689494,1.4932274462041955,24.831491779578023,0,0.0032654226526171964,0.00016891950275277451,0.00011586738763009003,0.00014308363400019198,0.00016997503623310091,0.00019666101850996187,0.00023554889263582875
787,7.5,4456.648797678552,1.4923487771111827,44.146510786047109,0,0.0032673452768753365,0.00016901895962810585,0.00011593560833959187,0.00014316787916381608,0.00017007511458824983,0.00019677680910892606,0.00023568757974103293
788,7.5,4271.60958064431,1.556994912027148,2.383351200311032,0,0.0031387818327127145,0.00016236840459421816,0.00011137377607328149,0.00013753451198679075,0.00016338300198767138,0.00018903403870463995,0.00022641374902215728
789,7.5,4366.2539406519336,1.5232449769599417,10.36829242791454,0,0.0032083845957571471,0.0001659689382385418,0.00011384349934764257,0.00014058435187960512,0.00016700603441837958,0.00019322588512931478,0.0002314344938088604
790,7.5,4401.4924388903346,1.5110498258418841,24.464005766479179,0,0.0032342952376892189,0.00016730928930999123,0.0001147628897947204,0.00014171969918417139,0.00016835476099063415,0.00019478636099253086,0.00023330353915577477
791,7.5,4465.3332209852961,1.4894463759105672,43.979064538875669,0,0.0032812341535144608,0.00016973742776692246,0.00011642842903219107,0.00014377645917109739,0.00017079807224522575,0.00019761327069947092,0.00023668944377528873
792,7.5,4242.5104924217503,1.5676742332422833,2.5023154970663666,0,0.0031311859197060161,0.00016197546990105786,0.00011110424937172383,0.00013720167579614429,0.00016298761194911014,0.00018857657265894655,0.00022586582335138632
793,7.5,4314.4360944895961,1.5415396676576381,10.520126377903063,0,0.0031841859584229577,0.00016471714873971235,0.00011298485616714242,0.00013952402084868836,0.00016574642281668575,0.00019176851523544189,0.00022968894267084893
794,7.5,4331.7886442625186,1.5353644716804764,24.523588851722682,0,0.0031969512009592809,0.00016537749156547978,0.00011343780681472942,0.00014008336568251164,0.0001664108919508411,0.00019253730563894691,0.00023060975417475908
795,7.5,4372.554289812233,1.5210501556780471,44.005777970885987,0,0.0032269789615935541,0.00016693082016478236,0.0001145032854835585,0.00014139911606753336,0.00016797392689142337,0.00019434573616023838,0.00023277578489058935
796,7.5,4419.8235432190022,1.5047827856009182,2.7361195018555184,0,0.0032761609685939413,0.00016947499317106389,0.00011624841659697574,0.00014355416337309367,0.00017053399776470135,0.00019730773667839737,0.00023632349326373477
797,7.5,4349.9415748876163,1.5289571753389446,10.968875220382465,0,0.0032242218452527595,0.00016678819522128683,0.00011440545439037855,0.00014127830529742186,0.00016783041072222248,0.00019417968803556561,0.00023257690230477101
798,7.5,4275.5858718637555,1.5555469080850084,24.894330003672692,0,0.003169003712632493,0.00016393177493594449,0.00011244614270023817,0.00013885876825167991,0.00016495614141888085,0.00019085416011573684,0.00022859378239173386
799,7.5,4226.6046604561743,1.5735738062882336,44.161574285145747,0,0.0031326149969625509,0.00016204939571258357,0.00011115495749316825,0.0001372642948163707,0.00016306199970356046,0.00018866263924777673,0.0002259689088019016
800,7.5,4566.3915275104773,1.4564836026786252,2.7058846900264051,0,0.0033921303100921162,0.00017547405840224849,0.00012036337079250864,0.00014863568468883172,0.00017657054957439811,0.00020429202362718833,0.00024468885752912552
801,7.5,4390.5731194251312,1.5148077944094065,11.003910572391703,0,0.003261524130673332,0.000168717833180935,0.00011572905590360063,0.00014291280934859273,0.00016977210648122553,0.00019642622890453382,0.0002352676755853934
802,7.5,4243.8950564514753,1.5671627820106195,24.984157293943518,0,0.0031525647696021199,0.00016308139249609517,0.00011186283769290547,0.00013813844994739466,0.00016410044516315051,0.00018986412004328581,0.00022740797116947009
803,7.5,4132.6191033319283,1.6093606056912759,44.186131411578224,0,0.0030699037601185568,0.0001588053590068883,0.00010892976707797293,0.00013451642643458751,0.00015979769186695095,0.00018488583697078064,0.00022144527925502296
804,7.5,4566.6926516544536,1.456387563288299,2.462279828826258,0,0.0034004275644177184,0.00017590327330763622,0.00012065778327306133,0.00014899925211254007,0.00017700244653067701,0.00020479172815554436,0.00024528737394682323
805,7.5,4377.7091730133652,1.5192590737249747,10.633920498981169,0,0.0032597174081166612,0.00016862437187183297,0.00011566494774821497,0.00014283364274244716,0.00016967806115702005,0.00019631741851887822,0.00023513734896529021
806,7.5,4253.1840910312312,1.563740068823833,24.75246852023967,0,0.0031670470383028436,0.00016383055665887135,0.00011237671378792336,0.00013877303108886065,0.00016485429065545457,0.00019073631884142196,0.00022845263910933872
807,7.5,4085.7263311821189,1.6278315883446162,44.080827850084759,0,0.003042274836783437,0.00015737612166524668,0.00010794940664367921,0.00013330578782058355,0.00015835952359761389,0.00018322187711582484,0.00021945228692642145
808,7.5,4501.5089215443104,1.4774766637467702,2.2208891340319168,0,0.0033671373024465232,0.00017418117632451619,0.00011947654087400092,0.00014754054609914262,0.00017526958861709938,0.00020278681255282095,0.00024288600506534421
809,7.5,4347.5867668790615,1.5297853130609225,10.029287473271614,0,0.0032520473636703604,0.00016822760237771483,0.00011539279063180395,0.00014249755827526798,0.00016927881235483986,0.00019585548788591183,0.00023458407587693649
810,7.5,4252.7154916127147,1.5639123746572252,24.094998617156556,0,0.0031810808452891778,0.00016455652200855127,0.00011287467706159275,0.00013938796162498975,0.00016558479237138975,0.00019158150890381483,0.00022946495758898377
811,7.5,4102.1530789360031,1.6213130654194605,43.786600277916861,0,0.0030685573652016827,0.00015873571033225657,0.00010888199278400471,0.00013445743037251531,0.00015972760797609649,0.00018480474994963901,0.00022134815803505898
812,7.5,4318.1766999983156,1.5402043142959398,2.1128345458545752,0,0.0032421268575304426,0.00016771441705915657,0.0001150407801104464,0.00014206286352955627,0.00016876242027639583,0.00019525802255013151,0.00023386846736795169
813,7.5,4230.4934511834517,1.5721273321836895,9.5843517602963644,0,0.0031763352631069409,0.00016431103422097395,0.00011270628899403311,0.00013918002065797992,0.00016533777059528788,0.00019129570485188502,0.00022912263846314496
814,7.5,4204.2203320558565,1.581951909731939,23.555195208311225,0,0.0031566916427691058,0.00016329487461998879,0.00011200927203351254,0.00013831928044702905,0.00016431526128060645,0.00019011266216680859,0.00022770566016962231
815,7.5,4205.6401196795887,1.5814178564894215,43.583677993869429,0,0.0031578665907594549,0.00016335565438769544,0.00011205096285541392,0.00013837076408210631,0.00016437642084507248,0.00019018342374748577,0.00022779041418999685
816,7.5,4258.9101778458808,1.5616376268807723,2.1843752299464914,0,0.0032029271119762316,0.00016568662395808725,0.00011364985078940112,0.00014034521695131501,0.00016672195603034638,0.00019289720659883538,0.00023104082217797906
817,7.5,4209.3003885497164,1.5800427076484127,9.7066556676876417,0,0.003165617910203753,0.00016375662821727286,0.00011232600386242638,0.00013871040984082534,0.00016477990025449683,0.00019065024919058424,0.00022834954999133259
818,7.5,4191.0698136907868,1.586915675206241,23.817271482010877,0,0.0031519075476827687,0.0001630473945694482,0.00011183951740791038,0.00013810965192932186,0.0001640662347924148,0.00018982453866415159,0.0002273605629434032
819,7.5,4198.90705043046,1.5839537058930087,43.794991044269729,0,0.0031578015668069694,0.00016335229071478405,0.00011204865560262939,0.00013836791487561499,0.00016437303615345503,0.00019017950766124405,0.00022778572373438599
820,7.5,4453.4903222870416,1.4934071709881083,2.2968872277620491,0,0.0033568289360182179,0.00017364792708957652,0.00011911076785903634,0.00014708885616920801,0.00017473300724814522,0.00020216598821960955,0.00024214241853600917
821,7.5,4336.8588730181064,1.5335694745817574,10.106316359139594,0,0.003268810782537769,0.00016909476987202055,0.00011598760905457652,0.00014323209439661623,0.0001701513985504108,0.00019686506960897958,0.00023579329292816381
822,7.5,4232.808581466732,1.571267458762565,24.362731809168203,0,0.0031903463888236744,0.00016503582627421101,0.00011320344746546513,0.00013979395735079272,0.00016606709168315976,0.00019213952892829225,0.00023013332084587197
823,7.5,4110.9531960530212,1.6178423995717586,44.053302677790661,0,0.0030984271079730744,0.00016028086470676084,0.0001099418644858593,0.00013576625676255591,0.00016128241761330272,0.00018660366379968669,0.0002235027902470574
824,7.5,4621.6981648711244,1.4390542493194314,2.3723416129636758,0,0.0034964180439899708,0.00018086883697375134,0.00012406382509018481,0.00015320534366874671,0.00018199903869624225,0.00021057278239818846,0.00025221157751009071
825,7.5,4396.0014862981525,1.5129372462588204,10.439035519771931,0,0.0033256288484835037,0.00017203395431089722,0.00011800369137275667,0.00014572173699950024,0.00017310894917868262,0.00020028695397353454,0.00023989182287022218
826,7.5,4247.5669976039153,1.5658079994927492,24.730919755452611,0,0.0032133140713823355,0.00016622393878824745,0.00011401841252851947,0.00014080035065256702,0.00016726262839935477,0.00019352276421674092,0.00023179007795471601
827,7.5,4087.1818988967161,1.6272518688304356,44.164225848644357,0,0.0030919895016880399,0.00015994784893261148,0.00010971343812204996,0.00013548417502321752,0.00016094732091129503,0.00018621595710947728,0.0002230384181908245
828,7.5,4674.2646789994742,1.4228707272634009,2.4765518179147135,0,0.003546840090052236,0.00018347715689270237,0.00012585295665988106,0.00015541472675688434,0.0001846236573193511,0.00021360946462553007,0.000255848735200805
829,7.5,4482.5803361917251,1.4837156022684932,10.794297171939579,0,0.0034014761462720791,0.00017595751618651508,0.00012069499023004857,0.00014904519866164862,0.00017705702835901872,0.00020485487929933408,0.00024536301263770904
830,7.5,4325.3861270116568,1.5376371468192129,25.175396392816932,0,0.0032822095699769466,0.00016978788581825248,0.00011646303985271351,0.00014381919977375849,0.00017084884559562821,0.0001976720154364899,0.00023675980473374328
831,7.5,4180.919502666713,1.5907683415065721,44.357651038792071,0,0.0031725980189940559,0.00016411770751127274,0.0001125736799083612,0.00013901626284598925,0.00016514323583789883,0.00019107062825021715,0.00022885305507197373
832,7.5,4541.7304528576533,1.4643921413356631,2.564803576651288,0,0.0034574373971135094,0.00017885237779286219,0.0001226806700740687,0.00015149729751236569,0.00017996997919305486,0.00020822516172778064,0.00024939973684419111
833,7.5,4513.5360356788442,1.4735396661631628,11.040081237010011,0,0.0034360922143433677,0.00017774819678988864,0.00012192327636759677,0.00015056199858047941,0.00017885889845382832,0.00020693964195578639,0.00024786001757979924
834,7.5,4413.9437267625335,1.5067873074376015,25.488066592925517,0,0.003360335685366176,0.00017382933036233847,0.00011923519827103699,0.00014724251420787922,0.00017491554406217811,0.0002023771832077609,0.00024239537535463137
835,7.5,4291.6958028470126,1.5497077819023362,44.512788932566792,0,0.0032672867116810794,0.00016901593006515337,0.00011593353026370814,0.00014316531296589571,0.00017007206609435645,0.00019677328200325641,0.00023568335518325839
836,7.5,4495.9819237435277,1.4792929544725206,2.6046842036029663,0,0.0034288767574701968,0.00017737494299801786,0.00012166724943712215,0.00015024583314028516,0.00017848331229732494,0.00020650508899016794,0.00024733953583604249
837,7.5,4562.3736025183198,1.4577662775267872,11.058468107406359,0,0.0034795106096745586,0.00017999421959609104,0.00012346389654982142,0.00015246449710742033,0.00018111895606495786,0.00020955452730334057,0.00025099197200906422
838,7.5,4558.692244778018,1.4589434921491327,25.451532377582662,0,0.0034767030089755896,0.00017984898310928647,0.00012336427411404355,0.00015234147422384109,0.00018097281203360166,0.00020938543874367556,0.00025078944777071619
839,7.5,4508.2231956396845,1.4752761996482959,44.497748473779268,0,0.00343821260743546,0.0001778578841978784,0.00012199851453259594,0.00015065490953915188,0.00017896927126953961,0.00020706734323966097,0.0002480129705962777
840,7.5,4575.4258612727263,1.4536077263373173,2.6174485548139188,0,0.0034964283625949794,0.00018086937075262549,0.00012406419122649653,0.0001532057958073087,0.00018199957581055998,0.00021057340383914312,0.00025221232183517258
841,7.5,4701.4942791482008,1.4146299002696201,11.082475667609643,0,0.0035928482631209036,0.00018585714825801431,0.00012748547023934894,0.00015743070364462308,0.00018701852062382953,0.00021638032008223945,0.00025916750136721113
842,7.5,4804.28114321869,1.3843641087943848,25.492258276624458,0,0.0036714829968653665,0.00018992490350328565,0.00013027567602439674,0.00016087630461568802,0.00019111169420020645,0.00022111611954025179,0.00026483976080394166
843,7.5,4858.992563511878,1.3687764071041577,44.527231163828731,0,0.0037133639485120934,0.00019209139472956167,0.00013176174290608478,0.00016271143574402667,0.00019329172325951475,0.00022363841189968354,0.00026786081284907725
844,7.5,4792.9813743854447,1.3876278382330212,2.646121206149556,0,0.0036700039098512324,0.00018984839069942079,0.00013022319340066408,0.00016081149427794652,0.00019103470328798322,0.00022102704109938553,0.00026473306793586463
845,7.5,4926.3023952893209,1.3500743254391723,11.277740257084536,0,0.0037720883182316678,0.0001951291917891705,0.00013384546683204489,0.00016528460838283133,0.00019634850271281172,0.00022717510395734133,0.00027209685263005206
846,7.5,5050.5217139734577,1.3168687830463928,25.861466390147783,0,0.0038672035189053384,0.00020004947749526416,0.00013722045102195889,0.00016945234714404146,0.00020129953398830924,0.00023290344427655585,0.00027895791858534606
847,7.5,5141.6913898453849,1.2935187818476999,44.729847339212796,0,0.0039370124834671389,0.00020366067789286482,0.00013969749096974464,0.00017251122233353258,0.00020493329982602615,0.00023710770924692534,0.00028399353756882031
848,7.5,5341.7257127284629,1.2450797253370121,2.9415567911677667,0,0.0041009928162016231,0.00021214333977571259,0.00014551602498445463,0.00017969647962125474,0.000213468967628698,0.00024698347195265636,0.00029582213983526956
849,7.5,5275.5314541938442,1.2607022517025126,11.89753926841272,0,0.0040498879838968905,0.00020949969949402947,0.00014370266602778869,0.00017745717834266806,0.00021080880793521349,0.00024390566872746762,0.00029213572985459783
850,7.5,5193.1536499667527,1.2807004821188352,26.354518643946715,0,0.003986327491374766,0.00020621173100304302,0.00014144734137046819,0.00017467209744613589,0.00020750029379515791,0.00024007771978297882,0.00028755083986586248
851,7.5,5120.6326767892697,1.2988384059213225,44.89853616670176,0,0.0039303669936402788,0.00020331690835473102,0.000139461688249033,0.00017222003159490757,0.00020458738216259538,0.00023670748271061452,0.00028351416998420305
852,7.5,5690.3910241071835,1.1687903968379967,3.3010965770118945,0,0.0043856911932173299,0.00022687071610522715,0.0001556180119909138,0.00019217133592958435,0.0002282883714537938,0.00026412951359818958,0.00031635865059522259
853,7.5,5485.1847708471105,1.2125160156095296,12.451901535200534,0,0.0042275533969554037,0.00021869028718293301,0.00015000678940575683,0.00018524208573166489,0.00022005682518583977,0.00025460561933204754,0.00030495149545605176
854,7.5,5276.9722805224046,1.260358029125594,26.427353737821715,0,0.0040671348975819211,0.00021039187805516011,0.00014431464035575647,0.00017821290014283502,0.00021170656148517821,0.00024494436906499762,0.00029337982345351943
855,7.5,5018.9093339282881,1.3251632856304232,44.776548779633075,0,0.0038682038505469998,0.00020010122440262449,0.00013725594591080278,0.00016949617947501999,0.00020135160424846385,0.00023296368953740722,0.00027903007678216417
856,7.5,5398.425212949287,1.2320026898355567,3.1951810018035731,0,0.0041670649644298353,0.00021556123559252879,0.00014786047102551309,0.00018259161574310249,0.0002169082209762204,0.00025096268608448916,0.0003005882062851216
857,7.5,5252.474557644231,1.2662363825352008,12.063600324526563,0,0.0040544050982158136,0.00020973336869578452,0.00014386294734247259,0.00017765510835072621,0.00021104393727426328,0.00024417771323661359,0.00029246156861696416
858,7.5,5226.2483474065339,1.2725905737965992,25.858957024847804,0,0.0040341609867350922,0.0002086861458371281,0.00014314462308197189,0.00017676805593947251,0.00020999017059579529,0.00024295850579973341,0.00029100127433075336
859,7.5,5252.1732200673559,1.2663090314344803,44.490537702124811,0,0.0040541724945935475,0.00020972133616817889,0.00014385469383996086,0.00017764491617191936,0.00021103182955856193,0.0002441637046165572,0.00029244478992352188
860,7.5,5191.4290906005936,1.2811259225848681,2.8370224872604539,0,0.0040126554122367443,0.0002075736678098926,0.00014238153817637455,0.00017582572899505102,0.00020887074098638756,0.00024166332638977334,0.00028944998532547773
861,7.5,5147.1112282858721,1.2921567240823997,11.298496794438069,0,0.0039784590838791859,0.00020580470023765518,0.00014116814571394541,0.00017432732114670046,0.00020709071960172659,0.00023960384267831308,0.00028698325800294316
862,7.5,5330.1549662903308,1.247782555158705,25.286818836254064,0,0.0041200098653388336,0.00021312708700411747,0.00014619080924314641,0.00018052976486117043,0.00021445886203442011,0.00024812877920695012,0.00029719392087007091
863,7.5,5721.3517440114229,1.1624655642245951,44.325344529076446,0,0.0044224219075481739,0.00022877078683437074,0.00015692133237790596,0.00019378079499353363,0.00023020031522445668,0.0002663416314338739,0.00031900819401019795
864,7.5,5046.5599498959546,1.3179025810179332,2.6185541586291308,0,0.0039093980888707594,0.00020223219211926955,0.00013871764606044799,0.00017130122033688495,0.00020349588782108622,0.00023544462438943918,0.00028200159326024121
865,7.5,5162.6114007128672,1.2882771657598011,10.888151174650346,0,0.0039993840205694974,0.00020688714201530002,0.00014191062777784859,0.00017524420582025842,0.00020817992527293131,0.00024086405300927127,0.00028849266312142832
866,7.5,5540.1436697513345,1.2004877092886168,25.038754158985697,0,0.0042919551282855723,0.00022202177274851232,0.00015229196384162989,0.00018806402786134265,0.00022340912832722522,0.00025848423212572214,0.00030959706759553973
867,7.5,5905.9233082393775,1.126136259499162,44.269157142964481,0,0.004575268927217286,0.00023667752519764403,0.0001623448216961756,0.00020047821500525153,0.00023815646071317497,0.00027554688715789109,0.0003300337028204863
868,7.5,4744.0190843187729,1.4019493313620712,2.5998210817185368,0,0.0036842263681299441,0.00019058411493359811,0.00013072785061099841,0.00016143469109851835,0.00019177502486911459,0.00022188359274012494,0.00026575899463954108
869,7.5,4951.0763033362637,1.3433189019421783,10.843274211313769,0,0.0038450161160508366,0.00019890172865651764,0.00013643317271818799,0.00016848014398164108,0.0002001446131693795,0.00023156720155772742,0.00027735744638654686
870,7.5,5417.6496373956597,1.2276309522346258,25.03714257419395,0,0.0042073265525739622,0.00021764395754703353,0.000149289077835832,0.00018435578992669966,0.00021900395731164245,0.00025338745181118812,0.00030349244671951315
871,7.5,5690.3279379098894,1.1688033547100869,44.293689444598719,0,0.004419071424010346,0.00022859746715315349,0.00015680244676457975,0.00019363398417874799,0.00023002591251420284,0.00026613984759908552,0.00031876650931235418
872,7.5,4668.1004115495689,1.4247496405120945,2.8303488903367535,0,0.0036355940095007485,0.00018806837510103642,0.00012900222273733302,0.00015930372817490147,0.00018924356484096991,0.00021895469495322012,0.000262250934752655
873,7.5,4869.1698034135152,1.3659154746599793,11.282667190861165,0,0.0037921984825031621,0.00019616948559196347,0.00013455903822749121,0.00016616579152217166,0.00019739529703757122,0.00022838624438501764,0.00027354748473155916
874,7.5,5307.304663063338,1.2531548131233099,25.45615325835622,0,0.0041334332824456759,0.00021382147703694019,0.00014666711397876532,0.00018111794945614406,0.00021515759112765979,0.00024893720836327999,0.00029816220931884842
875,7.5,5691.9042220121992,1.1684796728498703,44.503834957831806,0,0.0044331088553820541,0.00022932361999138858,0.00015730053864275451,0.00019424907352746752,0.00023075660289025978,0.00026698525594113002,0.00031977908923440721
876,7.5,4404.1097420143824,1.5101518292747143,3.1649049072542415,0,0.0034347549100833758,0.00017767901837267947,0.00012187582463850815,0.0001505034008509848,0.00017878928775891121,0.0002068591024220703,0.00024776355210777044
877,7.5,4849.890976317979,1.3713451324382,12.038819246504081,0,0.0037824186544130026,0.0001956635775139775,0.00013421201940241816,0.00016573726097899203,0.00019688622767325908,0.00022779725142524823,0.00027284202393157376
878,7.5,5385.1557547664479,1.2350384438449831,26.255387084554918,0,0.004199870405996663,0.00021725825293655081,0.00014902451048342318,0.00018402907799338746,0.00021861584253464109,0.0002529384032389073,0.00030295460299866871
879,7.5,6081.3101595779608,1.0936581441672721,44.881472745305075,0,0.0047427996017184856,0.00024534384537824855,0.00016828933291796274,0.00020781904045549533,0.00024687693444593175,0.00028563647021773186,0.00034211840641304052
880,7.5,4144.2589309468749,1.6048404537575616,3.2601724269351533,0,0.0032320978689363848,0.00016719561997019056,0.00011468492029302457,0.00014162341532145551,0.00016824038136106887,0.00019465402382734707,0.00023314503355588626
881,7.5,4852.909864233734,1.3704920489554098,12.467044771818909,0,0.0037847730780534287,0.00019578537126410398,0.0001342955617017196,0.00016584042664123121,0.00019700878248045034,0.00022793904726621205,0.00027301185857177062
882,7.5,5418.3315684411073,1.2274764471719315,26.848175973406491,0,0.004225744145660318,0.00021859669506282085,0.00014994259152283963,0.0001851628083217673,0.00021996264823322063,0.00025449665665239354,0.00030482098642723864
883,7.5,6257.2906366591378,1.0629000264530803,45.141303628522735,0,0.0048800463651147413,0.00025244358635932544,0.00017315927645273415,0.00021383289157083608,0.00025402103983837056,0.0002939021960205067,0.00035201860206150547
884,7.5,4174.1914627181432,1.5933323717016814,3.0101169924566498,0,0.0032594948416249346,0.00016861285856249712,0.0001156570503944223,0.00014282389036861053,0.00016966647590404668,0.00019630401438789564,0.00023512129429297329
885,7.5,4788.4418492000223,1.3889433332767176,12.162309180688855,0,0.0037390217675230524,0.00019341866733409822,0.00013267216240682008,0.00016383570490460984,0.00019462728964096148,0.00022518366142975442,0.0002697116209981044
886,7.5,5311.4697550195415,1.2521721274877409,26.835162992924236,0,0.0041474501220282569,0.00021454656466703834,0.00014716447519599153,0.00018173213651798305,0.00021588720963937471,0.00024978137655890138,0.00029917330386714056
887,7.5,5982.2135097438559,1.1117748258895535,45.182970804692033,0,0.0046710795050571522,0.00024163378259182687,0.00016574448003833141,0.00020467642366347799,0.00024314368845436584,0.00028131710676695585,0.00033694492930288095
888,7.5,4229.0891087615364,1.5726493843439677,2.7075663466060771,0,0.0033073960858975506,0.00017109077803098745,0.0001173567360487894,0.00014492281747017989,0.00017215987923862661,0.00019918888060237996,0.00023857661577647246
889,7.5,4712.0462347752718,1.4114620383275602,11.50108878611351,0,0.0036850939394615198,0.00019062899418309276,0.00013075863474967396,0.00016147270616489169,0.00019182018455721843,0.00022193584247311464,0.0002658215762677635
890,7.5,5229.7956598593137,1.2717273897100072,26.324361714967573,0,0.0040899982711523151,0.00021157459469114181,0.00014512590421034176,0.00017921472285430974,0.00021289666860589774,0.00024632132231462478,0.000295029056309214
891,7.5,5666.8510864317741,1.1736455187880086,45.030839275460139,0,0.0044317759420103445,0.00022925466871373963,0.00015725324271608681,0.00019419066819703385,0.00023068722075423819,0.00026690498084992373,0.00031968294049591721
892,7.5,4334.5725444455211,1.5343783764219801,2.6364412215492901,0,0.003393948327136733,0.00017556810397240664,0.00012042787971157854,0.00014871534619458185,0.00017666518281055316,0.00020440151422662921,0.00024481999886891788
893,7.5,4715.0411326467238,1.4105655064553451,11.229014862835218,0,0.0036917861716154526,0.00019097518169019614,0.00013099609603404056,0.00016176594504941713,0.00019216853529887,0.00022233888407951824,0.0002663043155762133
894,7.5,5151.0339303849905,1.2911726991346997,25.823608562049749,0,0.0040331209093793421,0.00020863234289385002,0.00014310771789113929,0.00017672248203877612,0.00020993603145209603,0.0002428958668418187,0.00029092624910570134
895,7.5,5509.9549484329045,1.2070651113256736,44.731034920763825,0,0.004314165420015852,0.00022317070562311765,0.00015308005431415326,0.00018903723396390513,0.00022456524058074202,0.00025982185333367795,0.00031119919086677785
896,7.5,4644.4443784734558,1.4320064664905365,2.6198480053861291,0,0.0036428515608643982,0.00018844380643044423,0.00012925974331171359,0.0001596217381030257,0.00018962134214186882,0.0002193917830716356,0.00026277445295192549
897,7.5,4841.3814923403525,1.3737554856505509,11.154496175653708,0,0.0037972506780966889,0.00019643083441515005,0.00013473830589587373,0.00016638716761406048,0.0001976582789607162,0.00022869051431783575,0.00027391192119324695
898,7.5,5218.2906334448162,1.2745312307066889,25.666112093603871,0,0.0040928652709352519,0.00021172290387780647,0.00014522763431101303,0.00017934034847502122,0.00021304590453760614,0.00024649398820120709,0.00029523586525736551
899,7.5,5510.2526154126317,1.206999904981954,44.631463923336291,0,0.0043217946716940445,0.00022356536491747369,0.00015335076397583096,0.00018937153098176371,0.00022496236599707758,0.00026028132721045151,0.00031174952139841603
900,7.5,5088.7554273013475,1.3069746578008918,2.4639556944502568,0,0.0039968787323623814,0.00020675754407861049,0.00014182173233284813,0.00017513442960473402,0.00020804951751287075,0.00024071317130638434,0.0002883119459752277
901,7.5,5099.2953380305353,1.3042732264647234,10.770543779570303,0,0.0040051167348065728,0.00020718369389888984,0.0001421140423717136,0.00017549540074140223,0.00020847833023113172,0.00024120930737313935,0.00028890618830147154
902,7.5,5434.0909568304533,1.2239166469728862,25.45522262758864,0,0.0042680524461372882,0.00022078529293794027,0.00015144382207484992,0.00018701666493532544,0.00022216492207999822,0.00025704468621804799,0.00030787286497002605
903,7.5,5597.1195599472039,1.188267342156319,44.648634542468585,0,0.004396081431659437,0.00022740820055910536,0.00015598669008046396,0.00019262661331097741,0.00022882921450645413,0.00026475526869698158,0.00031710814290284128
904,7.5,5547.9939662521938,1.1987890440555831,2.4218845586715689,0,0.0043648292211175858,0.00022579153147021317,0.00015487776410720669,0.00019125721022581073,0.00022720244327824633,0.00026287309532780923,0.00031485378738177125
905,7.5,5505.0231174106793,1.2081464948248735,10.720101557132471,0,0.0043310578376419637,0.00022404454619117032,0.00015367945001551074,0.00018977742252695553,0.0002254445415483401,0.00026083920404409338,0.0003124177131498224
906,7.5,5647.7901165714829,1.1776065055454035,25.478596276042175,0,0.0044432422597202722,0.00022984781848086518,0.00015766010345667764,0.00019469309700367616,0.00023128407695802643,0.00026759554313214037,0.00032051005500038096
907,7.5,5656.2418821594838,1.1758468823985984,44.680379277581267,0,0.0044497896800666037,0.00023018651490912975,0.00015789242636612936,0.00019497999055349859,0.00023162488981106065,0.00026798986340577797,0.00032098234841421012
908,7.5,5855.3994289531529,1.1358532349378383,2.6236479603319425,0,0.004614808034016293,0.00023872287337161594,0.00016374779261338785,0.00020221073164636362,0.00024021458972915368,0.00027792814123776789,0.00033288582758750574
909,7.5,5847.2718440635836,1.1374320470463297,11.257813126645223,0,0.0046083999293977437,0.00023839138371134621,0.00016352041306078491,0.00020192994260512248,0.00023988102867730931,0.00027754221129390835,0.00033242358361256912
910,7.5,5830.9430908678569,1.1406172688678593,25.902108568418321,0,0.0045955272026888417,0.00023772548075602824,0.00016306364853927921,0.00020136588805141109,0.00023921096466981837,0.00027676694762519333,0.00033149501881589411
911,7.5,5702.2660786181887,1.1663563733317219,44.767943402105033,0,0.0044941036721701912,0.00023247886671391951,0.00015946482511714182,0.00019692173215995042,0.00023393156591848692,0.00027065868632655642,0.00032417890606652714
912,7.5,6291.1057058572405,1.0571868752797162,2.8202857996267312,0,0.0049668471653399569,0.00025693377019535496,0.00017623923976414077,0.0002176363116029701,0.00025853928165050415,0.00029912979918118453,0.00035827991477597635
913,7.5,6075.6530534146277,1.0946764610746984,11.781839958831586,0,0.004796596535499827,0.00024812674740065129,0.00017019821603750533,0.00021017630369593148,0.00024967722609007289,0.00028887640602869713,0.00034599900917949765
914,7.5,5996.9234935213126,1.1090477292923251,26.330453102735866,0,0.0047343988972685241,0.0002449092790236227,0.00016799124970411311,0.0002074509400750136,0.00024643965260061801,0.00028513053537588027,0.0003415124276957179
915,7.5,5940.7012280941617,1.1195436578727387,44.868898943531008,0,0.0046900857468770932,0.00024261697076039372,0.00016641888081967508,0.000205509235350536,0.00024413302030683225,0.00028246176314745855,0.00033831593075969626
916,7.5,3318.8018892055566,2.0039986131325462,2.8756621619809972,0,0.0026226717068584824,0.00013567015597543852,9.3060577944323319e-05,0.00011491970214208884,0.00013651792304543025,0.00015795115792274547,0.00018918451974438938
917,7.5,6270.3539041257591,1.060685646284411,12.183692919473518,0,0.0049573065099564979,0.0002564402344620808,0.00017590070753319839,0.00021721826108141981,0.00025804266194242708,0.00029855521046647106,0.00035759170652557035
918,7.5,6140.3411175489218,1.0831441211338566,26.791883849827588,0,0.0048545210185207662,0.00025112316652001594,0.00017225355748682141,0.00021271442706001596,0.00025269236904327581,0.00029236492467985263,0.00035017734971411402
919,7.5,6219.4860869839104,1.0693607623222288,45.068324590620634,0,0.0049171074699670136,0.00025436074810808001,0.00017447432012662915,0.00021545682762030125,0.00025595018142592427,0.00029613421172037662,0.00035469197795690949
920,7.5,3393.2187054817027,1.9600488387280208,3.044605158552141,0,0.0053676418044988341,0.00027766677732949513,0.00019046068450675728,0.0002351982506103708,0.00027940184388527685,0.00032326777160786063,0.00038719094512991361
921,7.5,6291.4915848085629,1.0571220343501391,12.596790588875205,0,0.0049815808648541009,0.00025769594081165889,0.00017676203740917527,0.00021828190988932393,0.00025930621487023819,0.00030001714047237968,0.00035934271949505432
922,7.5,6176.6140844412948,1.0767832168732967,26.987540143963329,0,0.0048906300607609371,0.00025299107830632019,0.00017353481900769677,0.00021429664582114604,0.00025457195291833602,0.00029453960213506037,0.00035278204926410814
923,7.5,6283.3294383731218,1.0584952529485152,45.129471636890905,0,0.0049751133336233822,0.00025736137702750205,0.00017653254921489245,0.00021799851690472536,0.00025896956048511628,0.00029962763154370894,0.00035887618882458742
924,7.5,6337.1463871497563,1.0495061936262069,3.475158988344206,0,0.0075417708993206862,0.0003901339353934898,0.00026760557060157171,0.00033046380265868829,0.00039257177959684398,0.00045420532170328782,0.00054402016915767342
925,7.5,5983.4398681356579,1.1115469579043189,12.7300725685791,0,0.0047472170238730136,0.000245572357529101,0.00016844607684349846,0.00020801260217231512,0.0002471068745090262,0.00028590251073760199,0.00034243705395349598
926,7.5,5964.5751682704422,1.1150625477251173,26.674374965219023,0,0.004732314370867974,0.00024480144699067782,0.00016791728420127564,0.00020735960071582805,0.00024633114675370155,0.00028500499417382036,0.00034136206189699773
927,7.5,6037.348562184703,1.1016217325744222,44.919461384984125,0,0.0047900412879006938,0.00024778764607054338,0.00016996561539269411,0.00020988906717311773,0.00024933600580507041,0.00028848161435650815,0.00034552615115246953
928,7.5,5592.1545642131687,1.1893223455931792,3.5141895831907606,0,0.0044427602632052922,0.00022982288492086377,0.00015764300071593665,0.00019467197697718174,0.00023125898759477592,0.0002675665147533857,0.00032047528653166008
929,7.5,5421.1632077463155,1.2268352986912765,12.6717703722052,0,0.0043069597479408316,0.00022279795799642487,0.00015282437457885697,0.00018872149727203118,0.00022419016375230946,0.0002593878896603426,0.00031067941494233278
930,7.5,5520.2172188828517,1.2048211364725199,26.43940549681087,0,0.0043856665014259579,0.00022686943880499244,0.00015561713584908883,0.00019217025398962883,0.00022828708617204636,0.0002641280265279519,0.00031635686947077604
931,7.5,5592.4453123657941,1.1892605133792651,44.781824707796432,0,0.0044430558545779045,0.00022983817578914987,0.00015765348922042568,0.00019468492914058349,0.00023127437401167044,0.00026758431682882426,0.00032049660880075008
932,7.5,4878.5903605163694,1.3632778921257194,3.5168149167677552,0,0.0038794162190110863,0.00020068123743833868,0.00013765379573953427,0.00016998748078460847,0.00020193524163286629,0.00023363895765324787,0.00027983887284212407
933,7.5,5149.4410494605836,1.2915720986700689,12.834629835661154,0,0.0040949189337896024,0.00021182913934717233,0.00014530050467890119,0.00017943033546153768,0.00021315280384443829,0.00024661767063731963,0.00029538400473658481
934,7.5,5227.9317605189199,1.2721807949860175,26.781777842675673,0,0.0041573129052173644,0.00021505676399168844,0.0001475144375268916,0.0001821643019710286,0.00021640059706522116,0.00025037536551336589,0.00029988474857297047
935,7.5,5295.4439827554988,1.2559616162285996,44.963962923782276,0,0.0042109901641568586,0.00021783347526424732,0.00014941907420952083,0.00018451632132327888,0.0002191946592751533,0.000253608093872558,0.00030375671868158437
936,7.5,4662.0288808730875,1.4266051440642422,3.4137402366444958,0,0.0037117180952562973,0.00019200625514943711,0.00013170334289559343,0.00016263931807659958,0.00019320605166457924,0.00022353928991394509,0.00026774209041921564
937,7.5,5096.8382430589718,1.3049019933655872,12.792517149633234,0,0.0040578384374704325,0.00020991097448265164,0.00014398477293523673,0.00017780554972067036,0.00021122265287291223,0.00024438448708077811,0.00029270923005179266
938,7.5,5233.7758249166382,1.2707602705424514,26.993781701204547,0,0.0041669184618435256,0.00021555365705012739,0.00014785527265649242,0.00018258519632219754,0.00021690059507750364,0.00025095386292408911,0.00030057763842740616
939,7.5,5513.3154842208005,1.2063293679210851,45.115004788215813,0,0.0043895937194018721,0.00022707259281544233,0.00015575648580036034,0.00019234233603819743,0.00022849150963839802,0.00026436454436016421,0.00031664015648865247
940,7.5,4555.7297584074986,1.4598922095753306,3.0715719628977225,0,0.0036316219015107413,0.00018786289894130728,0.00012886127994825246,0.00015912967914471056,0.00018903680471483978,0.00021871547360699707,0.00026196440962619814
941,7.5,4791.7598333713986,1.3879815797341766,11.949354697077592,0,0.003819732479957118,0.00019759381244135023,0.00013553603039524213,0.00016737227069297869,0.00019882852413028072,0.00023004448730147618,0.00027553362965063079
942,7.5,5207.8441506299368,1.2770878296012611,26.08645192018497,0,0.0041515086421902115,0.00021475651090695921,0.00014730848415863923,0.00018190997193937025,0.00021609846777805031,0.00025002580210303532,0.00029946606227289314
943,7.5,5881.2623247271731,1.1308583117040503,44.708669186005103,0,0.0046884202034938437,0.00024253081261486664,0.00016635978214200558,0.00020543625490505852,0.0002440463237817473,0.0002823614553181306,0.0003381957879967841
944,7.5,4165.7141594683626,1.5965748317398734,2.6599108448824831,0,0.0033233391542555331,0.00017191550899719956,0.00011792244587504016,0.00014562140763765645,0.00017298976373141743,0.00020014905648005441,0.00023972665743920491
945,7.5,4473.8972985087594,1.4865952299455958,10.868545188402988,0,0.0035692220197962783,0.00018463496855912815,0.00012664713738484292,0.00015639545365946395,0.00018578870384591974,0.00021495742278223418,0.00025746323945557167
946,7.5,5002.0923577039785,1.3296184691564636,24.818505592611459,0,0.0039906047735304125,0.0002064329937465614,0.00014159911269144386,0.00017485951853662889,0.00020772293915128127,0.00024033532033110688,0.00028785937850922799
947,7.5,5541.3587962738038,1.2002244625816112,44.109871249090958,0,0.0044207944610060853,0.00022868659942897439,0.00015686358549506728,0.00019370948386779116,0.00023011560175413846,0.00026624361799776293,0.00031889079933526796
948,7.5,3781.5547247322347,1.7587671916345322,2.7163140507642534,1,0.016617353567973416,0.00085961157264568514,0.00058963557005505657,0.00072813586139179197,0.00086498305894665718,0.0010007848983954804,0.0011986807368831699
949,7.5,4298.4298265128946,1.5472799723765964,11.043947701398224,1,0.018888852678761881,0.00097711565745082531,0.0006702354482240238,0.00082766795324499295,0.00098322139582787921,0.0011375865857097076,0.0013625336763305816
950,7.5,4546.1252989356053,1.4629764790659849,25.056603447785619,1,0.019976702398454064,0.0010333898532499106,0.00070883575163462032,0.00087533513379048637,0.0010398472342542302,0.0012031026479839043,0.0014410049261770036
951,7.5,4635.6020442254894,1.4347379951466108,44.228969797151649,1,0.0203694659087168,0.0010537074120810287,0.00072277222685754219,0.00089254516640480098,0.0010602917521589617,0.0012267569433627612,0.0014693366368779136
952,7.5999999999999996,6918.7980623987787,1.3578384115498152,3.0157644199441154,1,0.020597311462046634,0.00086449744465481057,0.00058562447636909627,0.00070232783801908456,0.00083822823232937232,0.00099191557337875236,0.0011801796471635523
953,7.5999999999999996,6930.3813927877454,1.3555689417985286,11.66712533930564,1,0.020631877471928545,0.00086594822755285466,0.00058660726004329381,0.00070350647101854384,0.00083963493074316214,0.00099358018691700985,0.0011821602018306724
954,7.5999999999999996,6914.3140584971989,1.3587189837488205,25.318254485949343,1,0.020584269243844662,0.00086395004484833527,0.00058525365893404913,0.00070188312401213069,0.00083769746618888663,0.00099128749240955517,0.0011794323573774948
955,7.5999999999999996,6923.2944083611492,1.3569565609597336,44.166893566587817,1,0.020611261522011981,0.00086508294782667097,0.00058602110563683234,0.00070280350764585851,0.00083879594400024693,0.00099258737376176315,0.0011809789542419616
956,7.5999999999999996,4682.9313864411597,2.0061386758905781,2.8830892979891285,0,0.0025934822628573447,0.00010885201173604868,7.3738103876177263e-05,8.8432647822496584e-05,0.00010554435984416008,0.00012489569090363948,0.00014860070390952765
957,7.5999999999999996,7065.5968367164141,1.3296272046067437,11.327436774641205,0,0.0036659874861402738,0.00015386652863625099,0.00010423166178277682,0.00012500296798881742,0.00014919103475768007,0.00017654488965779022,0.00021005284237562939
958,7.5999999999999996,7062.8117342830083,1.3301515209983441,25.099107312678623,0,0.0036645215662732588,0.00015380500196654761,0.00010418998262692673,0.00012495298300253379,0.00014913137767956437,0.00017647429458288945,0.00020996884846241349
959,7.5999999999999996,4701.292795166808,1.9983034837863494,44.008484987095521,0,0.0026037255199577555,0.00010928193530178028,7.4029341015878505e-05,8.8781922757085073e-05,0.00010596121945753213,0.00012538898082930489,0.000149187619516103
960,7.5999999999999996,4766.5657510776218,1.9709388816796602,2.7655392596576291,0,0.0026593408021386798,0.00011161618506140341,7.5610599354634868e-05,9.0678294570800832e-05,0.00010822453910286138,0.00012806727525694234,0.00015237425017040603
961,7.5999999999999996,4750.116887487542,1.977763914742432,11.270883866916501,0,0.0021200785756497098,8.8982608943588299e-05,6.0278250781125644e-05,7.2290512536566208e-05,8.6278722353681824e-05,0.00010209774027297414,0.00012147573677174782
962,7.5999999999999996,4748.530181256232,1.9784247782534121,25.186751231974611,0,0.0021193511192923414,8.8952076601384237e-05,6.0257567681336125e-05,7.2265707704553773e-05,8.6249117788170582e-05,0.00010206270777413775,0.00012143405515768143
963,7.5999999999999996,4713.1175378013559,1.9932899393092647,44.181406624715734,0,0.0026292973989783062,0.0001103552221775467,7.4756402811723959e-05,8.9653873571621348e-05,0.00010700189270210747,0.00012662045927190553,0.00015065283070230041
964,7.5999999999999996,5095.359503559378,1.8437579849505938,2.7217154926407989,0,0.0034345643475231099,0.00014415338173660923,9.765181981543577e-05,0.0001171118938109046,0.00013977303820212836,0.00016540012371794725,0.00019679281673675177
965,7.5999999999999996,4953.900221391279,1.8964067403527689,11.207896703699564,0,0.0027825313902313476,0.00011678666319918717,7.9113164423784985e-05,9.4878851500711245e-05,0.00011323790354543957,0.0001339998292724489,0.00015943279395448049
966,7.5999999999999996,4866.4132867840672,1.9304997782236977,25.182304686145059,0,0.0027332703273405109,0.00011471910874827842,7.7712569777537642e-05,9.3199146075933156e-05,0.00011123317522224368,0.00013162753832891255,0.0001566102457821846
967,7.5999999999999996,4731.3221013304374,1.9856204184956574,44.196123475086296,0,0.0031888089397599764,0.00013383868982097709,9.0664481577076283e-05,0.00010873211742436888,0.00012977177559005121,0.00015356515114633396,0.00018271158429256312
968,7.5999999999999996,5256.363411029266,1.7872831530576965,2.8303900131645969,0,0.0035532393727245484,0.00014913433549943565,0.00010102599802406961,0.00012115847892130449,0.00014460263728740438,0.00017111521939367803,0.00020359262891745482
969,7.5999999999999996,5087.5482236647877,1.8465888396265935,11.332835838923462,0,0.0034391223066939339,0.00014434468554163637,9.7781412090507407e-05,0.00011726731126022185,0.00013995852891851768,0.00016561962375768278,0.00019705397755164359
970,7.5999999999999996,4966.5791783843897,1.8915654887309234,25.197840854496992,0,0.0033573486656878139,0.00014091253354353835,9.5456417113214129e-05,0.0001144789908233239,0.00013663066864519997,0.00016168160747068755,0.00019236853173665411
971,7.5999999999999996,4878.7932679342593,1.9256011179295756,44.195395028738133,0,0.0032980064305738236,0.00013842185845175855,9.3769193738006245e-05,0.00011245553723970324,0.00013421567691515156,0.00015882383220826396,0.00018896835505690762
972,7.5999999999999996,5374.3061730554691,1.7480600227024938,3.0032233188782813,0,0.0036460991215227687,0.00015303178666413111,0.00010366619414218571,0.00012432481384480276,0.00014838165782768742,0.00017558711521089266,0.0002089132837890538
973,7.5999999999999996,5126.8793117428622,1.8324226492641653,11.699112910533248,0,0.0034779182631141255,0.00014597300510411882,9.888446195726683e-05,0.00011859017712291868,0.00014153736924588502,0.00016748794105861891,0.00019927689864713326
974,7.5999999999999996,5005.5743071579964,1.8768295492981011,25.601219060244599,0,0.0033955347810793917,0.0001425152572406646,9.6542127929014968e-05,0.00011578106230555264,0.00013818469088073242,0.00016352055633610322,0.0001945565103120337
975,7.5999999999999996,5010.8351615090978,1.8748590740015783,44.405329468589635,0,0.0033991308093760833,0.00014266618748605728,9.6644370505291925e-05,0.00011590367980268205,0.00013833103485616323,0.00016369373216423844,0.0001947625546501115
976,7.5999999999999996,5372.7787344705121,1.7485569823688889,3.0546823644156706,0,0.0036678580797357232,0.00015394504001800261,0.00010428484665580519,0.0001250667515538776,0.00014926716043873361,0.00017663497281850796,0.00021016002318383981
977,7.5999999999999996,5100.0091338202437,1.8420770481727184,11.914329418022479,0,0.0034818682428601759,0.00014613879117785912,9.8996768110655428e-05,0.00011872486366879991,0.00014169811763027344,0.00016767816231307036,0.00019950322360763048
978,7.5999999999999996,4946.8888151134015,1.8990945869209186,25.907846409325018,0,0.0033773443106015597,0.00014175177821700022,9.6024934956130272e-05,0.00011516080301458709,0.00013744441145436317,0.00016264454827129846,0.00019351423724305457
979,7.5999999999999996,4896.3861041189512,1.9186823855615753,44.548199355718211,0,0.0033427255775281195,0.00014029878245421233,9.5040652251756374e-05,0.00011398037225792108,0.00013603556741745561,0.00016097739571454555,0.00019153066165557338
980,7.5999999999999996,4977.055584518841,1.8875838558250149,2.9656201239816649,0,0.0034194843144235523,0.00014352045204071666,9.722306305735937e-05,0.00011659769432115158,0.00013915934114211147,0.00016467390662373664,0.00019592876473775936
981,7.5999999999999996,4940.1597629778844,1.9016813669237511,11.733241133282505,0,0.0033944056636058717,0.00014246786662988652,9.6510024766890737e-05,0.00011574256161892138,0.00013813874031355937,0.00016346618083140581,0.00019449181441888471
982,7.5999999999999996,4807.3284330589568,1.9542267397993445,25.774804150037717,0,0.0033031574575990569,0.00013863805412898893,9.3915648167749356e-05,0.00011263117713721492,0.00013442530312224166,0.00015907189292893803,0.0001892634973267311
983,7.5999999999999996,6875.3642957618758,1.3664162896317418,44.480370388032441,0,0.0042038360398343813,0.00017644077096572251,0.00011952381669354644,0.00014334254655924019,0.00017107932067570656,0.00020244634565662147,0.0002408703555008626
984,7.5999999999999996,5027.1922863504169,1.8687587893523139,2.880668532860418,0,0.0034661788228148816,0.00014548028467509222,9.8550685212142651e-05,0.00011818988528191242,0.00014105962095777938,0.00016692259865084755,0.00019860425510645621
985,7.5999999999999996,4954.7257772752582,1.8960907612626456,11.47797148010399,0,0.0034162141775790828,0.00014338319990706201,9.7130086254016543e-05,0.00011648618908202195,0.00013902625964593338,0.00016451642492186085,0.00019574139324733965
986,7.5999999999999996,4770.7554808059049,1.9692079815615497,25.536980181719812,0,0.003289369229280522,0.00013805934325355966,9.3523620110884834e-05,0.00011216102565152642,0.00013386417735241989,0.00015840788595775356,0.00018847346283791137
987,7.5999999999999996,6921.9441062260839,1.3572212700231607,44.460345481836669,0,0.0037223710157055206,0.00015623302279349046,0.00010583476299520119,0.00012692553552839231,0.00015148561900024272,0.0001792601809792272,0.00021328349187815126
988,7.5999999999999996,5275.5613901652778,1.7807791580996415,2.9101453334621383,0,0.0036519166505448578,0.00015327595634535715,0.00010383159861225941,0.00012452318015043569,0.00014861840800149998,0.00017586727301916906,0.00020924661512510239
989,7.5999999999999996,5066.6510154691368,1.8542050246205128,11.502850198715173,0,0.0035073462642319334,0.00014720813871922783,9.9721161338006936e-05,0.00011959361412198417,0.0001427349712437681,0.00016890512080345831,0.0002009630569615297
990,7.5999999999999996,4860.747945520734,1.9327498311322229,25.556918294843584,0,0.0033649240165168313,0.0001412304814197025,9.5671800119424925e-05,0.00011473729539767494,0.00013693895513911366,0.00016204641762928304,0.00019280258231092461
991,7.5999999999999996,4686.3496941878984,2.0046753622617777,44.464213429590551,0,0.0021629963257060077,9.078392584469792e-05,6.1498491828117214e-05,7.3753923461104796e-05,8.8025303203883223e-05,0.00010416455296033196,0.00012393482737742351
992,7.5999999999999996,5281.9502902082859,1.7786251771996577,2.8642968321709645,0,0.0036813070444092649,0.00015450951153240164,0.00010466722874043609,0.00012552533481607512,0.00014981447953451636,0.00017728264169170472,0.00021093061862841432
993,7.5999999999999996,5154.066246070719,1.8227568918120953,11.442139793366238,0,0.0035923058985715879,0.00015077401123228737,0.00010213674074332638,0.00012249057066966812,0.00014619248870875875,0.00017299656664896838,0.00020583105303290409
994,7.5999999999999996,5012.9837832036355,1.8740554881423748,25.487442900599433,0,0.0034940260552675847,0.00014664907125874077,9.934244004643218e-05,0.00011913942117640816,0.00014219289199060841,0.00016826365248674414,0.00020019983892966876
995,7.5999999999999996,4997.7780519093849,1.8797572988044791,44.409599939404167,0,0.0029029426100992631,0.00012184048743617028,8.2536706263895861e-05,9.8984637436846755e-05,0.00011813815881266158,0.00013979853578890855,0.00016633208618687211
996,7.5999999999999996,5440.8497577698972,1.7266806085695283,2.583189454496357,0,0.0038028164221481078,0.00015960942696313077,0.00010812199349666966,0.00012966856577724281,0.00015475942543685653,0.00018313423277497825,0.00021789283283831884
997,7.5999999999999996,5204.7854586129815,1.8049946238101151,10.822885249295419,0,0.0036378221228229313,0.00015268438966338152,0.00010343086182522619,0.00012404258445710548,0.00014804481707048756,0.00017518851542633668,0.0002084390303689826
998,7.5999999999999996,5141.2190250384156,1.8273117183159295,24.792529539945424,0,0.003593393129511816,0.00015081964380774795,0.00010216765298404462,0.0001225276431078397,0.00014623673466148131,0.00017304892500182714,0.00020589334892185001
999,7.5999999999999996,5140.3952435790761,1.8276045567928665,44.052833745146359,0,0.0035928173573803817,0.00015079547786078708,0.00010215128258281044,0.00012250801040980498,0.00014621330303756056,0.0001730211972401268,0.00020586035847296665
1000,7.5999999999999996,5321.0598664208092,1.7655523536142332,2.3291866870770068,0,0.0037328133202023553,0.00015667130065176606,0.00010613165946706906,0.0001272815975879826,0.0001519105790468952,0.00017976305653516852,0.00021388181245311351
1001,7.5999999999999996,5060.4636008659618,1.8564721558858488,10.176918393699486,0,0.0035503682764226742,0.00014901383164528452,0.0001009443667746957,0.00012106058018038602,0.00014448579514602094,0.00017097695449732264,0.0002034281215531436
1002,7.5999999999999996,5084.4294216076132,1.8477215419603712,24.066231361790241,0,0.0035672781695801508,0.00014972356308042646,0.00010142515026646607,0.00012163717430162888,0.0001451739601949589,0.00017179129312583632,0.00020439702042020872
1003,7.5999999999999996,5091.0492186895426,1.8453189838340844,43.718499655167761,0,0.0035720453367651104,0.00014992364763307471,0.00010156069076123404,0.00012179972533304176,0.00014536796484114928,0.00017202086810606492,0.00020467016838404285
1004,7.5999999999999996,4855.3511947457537,1.934898093684331,2.2952414045953891,0,0.0034199910248754418,0.00014354171937415705,9.7237469891164123e-05,0.00011661497215165062,0.0001391799622317703,0.00016469830854577141,0.00019595779810764488
1005,7.5999999999999996,4825.7216119791738,1.9467782284748258,10.158410476131406,0,0.0033991206690416205,0.00014266576188229598,9.6644082194457232e-05,0.00011590333403720711,0.00013833062218508973,0.00016369324383081244,0.00019476197363174072
1006,7.5999999999999996,4871.1238889157994,1.9286328956360259,24.106537737490889,0,0.0034311009261649783,0.00014400801718651322,9.7553347530689359e-05,0.00011699379794974875,0.00013963209079895938,0.00016523333391197506,0.00019659437047817331
1007,7.5999999999999996,4920.997458119532,1.9090864912723351,43.743368665954868,0,0.0034662306525666121,0.00014548246004094086,9.8552158839964091e-05,0.00011819165257457803,0.00014106173022146923,0.00016692509464349205,0.00019860722483472498
1008,7.5999999999999996,6878.6499769159127,1.365763602219753,2.3776722543919395,0,0.0043293663265161616,0.00018170944946597963,0.00012309290426800677,0.00014762288261249568,0.00017618790149718686,0.00020849157376902797,0.00024806295875480798
1009,7.5999999999999996,6950.2794335482613,1.3516880667465989,10.489732503735388,0,0.0043741795026946582,0.00018359032000408659,0.00012436703622849713,0.00014915092384244972,0.00017801161861300473,0.00021064966549016952,0.00025063065301665708
1010,7.5999999999999996,6918.0545348914711,1.3579843471165811,24.634337481537244,0,0.0043536609137656557,0.00018272912665223917,0.00012378364999774942,0.0001484512802880828,0.00017717659407305239,0.00020966154099926509,0.00024945498399368073
1011,7.5999999999999996,6836.7850459507372,1.3741268312137001,44.022277232193801,0,0.0043021770097513819,0.00018056827650715082,0.00012231985534739655,0.00014669578034986249,0.00017508140500263321,0.0002071822035253334,0.00024650507202161941
1012,7.5999999999999996,6919.9143981780544,1.3576193620769363,2.4422089693630951,0,0.0038307249381526105,0.00016078078570159804,0.00010891549075001223,0.00013062019132040561,0.0001558951904652437,0.00018447823787514706,0.00021949192807129347
1013,7.5999999999999996,6862.2665930916737,1.369024307557384,10.650124553062531,0,0.0037982481137158182,0.00015941768878538915,0.00010799210697053339,0.00012951279543845046,0.00015457351354689996,0.00018291423434040901,0.00021763107903400859
1014,7.5999999999999996,6779.2199781573563,1.3857950916404729,24.861070524312741,0,0.0037521603769056747,0.00015748332318744651,0.00010668173659592357,0.00012794129419603324,0.00015269792690882766,0.00018069476293182255,0.00021499035531298384
1015,7.5999999999999996,6652.474219007845,1.4121978472368459,44.153154940613298,0,0.0036820181273883442,0.00015453935666143628,0.00010468744631096928,0.00012554958134806883,0.00014984341776898893,0.00017731688568914161,0.00021097136208470958
1016,7.5999999999999996,6916.003039565122,1.358387166277508,2.4576553701840043,0,0.003292337133092617,0.00013818391025184317,9.3608003799458688e-05,0.00011226222533827379,0.00013398495917245112,0.00015855081286435163,0.00018864351705494975
1017,7.5999999999999996,6797.6612602142814,1.3820355871315295,10.645176872500324,0,0.0032360137021954171,0.00013581993851822434,9.2006611317373743e-05,0.0001103417070451588,0.0001316928207054148,0.00015583841574611613,0.00018541631107101434
1018,7.5999999999999996,6722.9653423466434,1.3973907781000576,24.844275732549573,0,0.0032005133170724242,0.00013432993860830215,9.0997261408437211e-05,0.00010913121368643969,0.00013024809695476945,0.00015412880500738813,0.00018338221880291302
1019,7.5999999999999996,6649.830490413101,1.4127592852818547,44.156754230233247,0,0.0031658064223389288,0.00013287324257958515,9.0010472084395935e-05,0.0001079477767904425,0.00012883566509075138,0.00015245740680315133,0.00018139359175048462
1020,7.5999999999999996,6644.6051760660412,1.4138702785112063,2.4289601215276337,0,0.0031726296468109656,0.00013315962267978663,9.020447057133188e-05,0.0001081804353342818,0.0001291133430487956,0.00015278599641674936,0.00018178454717516539
1021,7.5999999999999996,6636.3266377764467,1.4156340222019625,10.5120426205595,0,0.0031688225842870081,0.00013299983503810015,9.0096227852314638e-05,0.00010805062198477834,0.0001289584108239902,0.00015260265770221379,0.00018156641105023796
1022,7.5999999999999996,6636.8553053209125,1.4155212579894023,24.645965769907203,0,0.0031691240066678778,0.00013301248614931452,9.0104797918572459e-05,0.00010806089989553756,0.00012897067750986164,0.00015261717345852016,0.0001815836818751103
1023,7.5999999999999996,6679.2845644449435,1.4065293490998612,44.062883270875339,0,0.0031894410386491987,0.00013386521987930576,9.0682453465382984e-05,0.00010875367075413718,0.0001297974994878301,0.00015359559146536737,0.00018274780213805376
1024,7.5999999999999996,6417.3219852794737,1.4639455200208975,2.4750178384692338,0,0.0030731996073554181,0.00012898640739440168,8.7377467401582865e-05,0.00010479006641289889,0.00012506693794554522,0.00014799769165283133,0.00017608742941791191
1025,7.5999999999999996,6520.2904535322377,1.4408268830711604,10.517090740751442,0,0.003122467551452646,0.00013105425065899139,8.8778257694863898e-05,0.0001064700064732903,0.00012707194630633145,0.00015037031397824711,0.00017891037186786612
1026,7.5999999999999996,6550.4521220008892,1.4341925711246686,24.566758495279387,0,0.0031368762577645573,0.00013165900384779378,8.9187927233755771e-05,0.00010696131503903896,0.00012765832304992934,0.00015106420163486485,0.00017973595835096652
1027,7.5999999999999996,6615.2517440311376,1.4201439543639653,44.02468559299718,0,0.0031678630236651852,0.00013295956096120979,9.0068945544731195e-05,0.00010801790285353566,0.00012891936054282486,0.00015255644763610197,0.00018151143038355329
1028,7.5999999999999996,6516.6216310055879,1.4416380607679695,2.6061729610193773,0,0.0031349002744107245,0.00013157606911316997,8.9131745910332345e-05,0.00010689393789035545,0.00012757790842703802,0.00015096904316406077,0.00017962273894650083
1029,7.5999999999999996,6510.3411564969083,1.4430287975778768,10.721105276715271,0,0.0031315867885516237,0.00013143699756184782,8.9037536604192173e-05,0.0001067809545350269,0.00012744306279926566,0.00015080947388086241,0.00017943288365498473
1030,7.5999999999999996,6458.4148330157195,1.4546308984142382,24.687857919303649,0,0.0031064202209330938,0.00013038072216216563,8.8321998655913536e-05,0.00010592282404268318,0.00012641888410839386,0.00014959751423286138,0.00017799089590104497
1031,7.5999999999999996,6449.2404272225658,1.4567001923554252,44.072925603607757,0,0.0031018223757082954,0.00013018774428468483,8.8191272337230617e-05,0.00010576604655731916,0.00012623177018906468,0.00014937609337942298,0.00017772744970491816
1032,7.5999999999999996,6712.1039321456419,1.3996520116276485,2.6900401649461494,0,0.0032379588200614723,0.00013590157778594407,9.2061915070675902e-05,0.00011040803174137345,0.00013177197922634799,0.00015593208781137342,0.0001855277619524113
1033,7.5999999999999996,6544.6096323054353,1.4354729004015641,10.940836170402884,0,0.0031570255958779337,0.00013250469923588347,8.9760814894534848e-05,0.00010764836786633437,0.00012847832055788101,0.00015203454391981598,0.00018089047013222697
1034,7.5999999999999996,6392.8547395620299,1.4695484495749884,24.913526180255616,0,0.0030837247736292817,0.00012942816307523838,8.7676719806402138e-05,0.00010514895389622578,0.00012549527013525695,0.00014850455762699903,0.0001766904977864373
1035,7.5999999999999996,6282.5376263777689,1.4953527268085796,44.162730174798888,0,0.0030304292818210329,0.00012719127810290837,8.6161417940886832e-05,0.00010333168237480307,0.00012332635668401015,0.0001459379785658001,0.00017363678590595399
1036,7.5999999999999996,6840.8037902382912,1.3733195774869968,2.5794825155259713,0,0.0033099952340064427,0.00013892504499389858,9.4110060396524118e-05,0.00011286433187344864,0.00013470357328587869,0.00015940118332774886,0.00018965528654459683
1037,7.5999999999999996,6573.6142350206774,1.4291391972519583,10.796968024100673,0,0.0031807068871399623,0.00013349863554741972,9.0434123341640865e-05,0.00010845585335414706,0.00012944205443889863,0.00015317497633226008,0.00018224735488961373
1038,7.5999999999999996,6379.8102797844322,1.472553157364255,24.840444364981639,0,0.0030869727533703413,0.00012956448524483854,8.7769066637133927e-05,0.00010525970362167765,0.00012562744992590617,0.00014866097229757934,0.00017687659972463743
1039,7.5999999999999996,6162.4124685924526,1.5245019412060394,44.122958856406939,0,0.0029817044002538678,0.00012514622791839574,8.4776068046727286e-05,0.00010167025967932848,0.00012134344879713565,0.0001435915087885885,0.00017084495971825072
1040,7.5999999999999996,6793.7893104709501,1.382823243635481,2.3465532530637483,0,0.0032971231351403719,0.00013838478532954545,9.3744079808615638e-05,0.00011242541860148916,0.00013417973032225903,0.00015878129488498517,0.00018891774421408414
1041,7.5999999999999996,6542.2548242968805,1.435989582061437,10.314444338995649,0,0.0031751212661382928,0.00013326419936424838,9.0275312499734327e-05,0.00010826539465620849,0.00012921474199439252,0.0001529059866406318,0.00018192731136184136
1042,7.5999999999999996,6369.984359310989,1.4748246213743712,24.380638589244853,0,0.0030915788522834914,0.00012975780954095276,8.7900027625372037e-05,0.0001054167625415923,0.00012581489973735455,0.00014888279062823357,0.00017714051883855375
1043,7.5999999999999996,6158.0860448575977,1.5255729949935675,43.91274750331295,0,0.0029887709103719328,0.00012544281905122156,8.4976983651430078e-05,0.00010191121378553334,0.00012163102750836298,0.00014393181443714186,0.00017124985486357988
1044,7.5999999999999996,6592.5889627261295,1.4250258622216139,2.1841157527447517,0,0.0032124440231095235,0.00013483068672297746,9.1336476236962972e-05,0.00010953802731318496,0.00013073362899376138,0.0001547033583000064,0.000184065821440433
1045,7.5999999999999996,6413.5345667789979,1.4648100315142845,9.8505954827037829,0,0.0031253063143923325,0.00013117339743753389,8.8858969639388945e-05,0.00010656680271010754,0.00012718747260913655,0.0001505070217798548,0.00017907302660320445
1046,7.5999999999999996,6340.1355553888134,1.4817679667584593,23.887802974560113,0,0.003089656568094486,0.00012967712863401219,8.7845373081079048e-05,0.00010535121642888676,0.00012573667045579255,0.0001487902181763848,0.00017703037627552512
1047,7.5999999999999996,6235.433484940113,1.5066490234514507,43.721323244601081,0,0.0030389089545251246,0.0001275471816099124,8.6402512702029097e-05,0.00010362082254770126,0.00012367144546293062,0.00014634633862909487,0.00017412265209088874
1048,7.5999999999999996,6486.0068366623782,1.4484427795817514,2.1612835204772374,0,0.0031686833695260771,0.00013299399200342521,9.0092269686627662e-05,0.00010804587503504923,0.00012895274533977476,0.00015259595346366956,0.00018155843435737015
1049,7.5999999999999996,6373.8460398332318,1.473931079001604,9.6962677847999643,0,0.0031139258749027336,0.00013069574476543951,8.8535400035208943e-05,0.00010617875209111463,0.00012672433421876577,0.00014995896796310168,0.00017842095300194105
1050,7.5999999999999996,6307.8700819705446,1.4893473785602558,23.757173897092329,0,0.0030817332412850121,0.00012934457572813529,8.7620096392786525e-05,0.00010508104655752902,0.00012541422273061679,0.00014840865035527532,0.00017657638745977134
1051,7.5999999999999996,6271.2667641059397,1.4980402085033668,43.722189632769606,0,0.0030639009971285928,0.00012859613195506854,8.7113088540532047e-05,0.00010447300208005031,0.0001246885216834076,0.00014754989358405123,0.00017555463995377107
1052,7.5999999999999996,6544.5703634688598,1.435481513549197,2.2347811485648399,0,0.0032057402198951484,0.00013454931889693981,9.1145873145179188e-05,0.00010930944079951627,0.00013046081100348027,0.0001543805197187936,0.00018368170858537551
1053,7.5999999999999996,6402.8066729180428,1.4672643187272678,9.9019480732824352,0,0.0031362080088624361,0.00013163095652378543,8.9168927525269057e-05,0.0001069385290648816,0.00012763112799114639,0.00015103202042062588,0.00017969766919099649
1054,7.5999999999999996,6320.2286452428307,1.4864351114817218,24.066291769234542,0,0.0030956821960115288,0.0001299300325116043,8.8016694236280068e-05,0.00010555667849783115,0.00012598188942268947,0.00014908039751271779,0.00017737563121048
1055,7.5999999999999996,6244.2336020571302,1.5045256743416024,43.89912484451694,0,0.0030583340379266607,0.00012836247903325707,8.6954808292471185e-05,0.00010428317971280409,0.00012446196869954446,0.00014728180259853906,0.00017523566570517478
1056,7.5999999999999996,6789.528301535187,1.3836910833345037,2.3342882318833045,0,0.0033340556508696826,0.00013993489372750284,9.479414817432562e-05,0.00011368474479911297,0.0001356827360631928,0.00016055987349139513,0.00019103389434671652
1057,7.5999999999999996,6539.3540749479325,1.4366265632980424,10.266056957783675,0,0.0032110154404021568,0.00013477072714513291,9.1295858654348225e-05,0.0001094893154506613,0.00013067549138877642,0.00015463456129036232,0.00018398396686253673
1058,7.5999999999999996,6351.2167475186025,1.4791826738635456,24.540990261853253,0,0.0031185563035600215,0.00013089009021432287,8.8667052768760373e-05,0.00010633664060748566,0.00012691277415353481,0.00015018195795405494,0.0001786862661555069
1059,7.5999999999999996,6152.8085433230672,1.5268815378753144,44.109221535952884,0,0.0030210593844887863,0.00012679801064587493,8.5895012238912564e-05,0.00010301218729177033,0.00012294503932167434,0.00014548674748634873,0.00017309991185091502
1060,7.5999999999999996,6959.9248646224523,1.3498148261103557,2.4295655405436545,0,0.0034293959216909848,0.00014393645580756294,9.7504870701364843e-05,0.00011693566064827428,0.00013956270393315493,0.00016515122511376852,0.00019649667755440326
1061,7.5999999999999996,6676.0866205600514,1.4072030973878213,10.627042409450395,0,0.0030154601173106657,0.00012656300171394008,8.5735813407779695e-05,0.00010282126328603556,0.00012271717153234152,0.00014521710062861585,0.00017277908642790655
1062,7.5999999999999996,6454.5449585637016,1.4555030340933643,24.971708376438581,0,0.0031804210459515877,0.00013348663840024921,9.0425996281146831e-05,0.00010844610673142799,0.00012943042184527108,0.00015316121092764481,0.00018223097683204721
1063,7.5999999999999996,6226.2460542933823,1.5088722303872542,44.274231507531844,0,0.0030679565619631342,0.00012876634957995387,8.7228396697957617e-05,0.00010461128886992763,0.00012485356695878826,0.00014774519955520387,0.00017578701470249966
1064,7.5999999999999996,6877.7684321058005,1.3659386563564633,2.5128991311427975,0,0.003966064658433013,0.00016646117959952472,0.00011276348095820979,0.00013523500977949385,0.00016140297601791801,0.00019099586404641808,0.00022724658982033072
1065,7.5999999999999996,6716.0312376086713,1.3988335429819363,10.888566876363953,0,0.0030431527298201769,0.00012772529868626103,8.6523172074956116e-05,0.0001037655269443651,0.00012384415015162409,0.00014655070835049462,0.00017436581087593625
1066,7.5999999999999996,6532.351892814404,1.4381665172103757,25.291213451024792,0,0.0032291048371707294,0.0001355299639664333,9.1810177891106295e-05,0.0001101061283267957,0.00013141165751925251,0.00015550570189533093,0.00018502044863517359
1067,7.5999999999999996,6333.5511501170586,1.4833084233807543,44.415545705803645,0,0.003130873248983119,0.00013140704932638179,8.9017249187703666e-05,0.00010675662423816208,0.00012741402459142447,0.00015077511158015505,0.00017939199944163743
1068,7.5999999999999996,4618.3118340132269,2.0342086261242689,6.7735347922554654,0,0.0019971274100908541,8.3822179698304669e-05,5.6782492993413846e-05,6.8098119444487501e-05,8.1275101451063543e-05,9.6176716254493808e-05,0.00011443091136067546
1069,7.5999999999999996,6842.4587367802178,1.3729874204988215,11.039997467873347,0,0.003107194046713961,0.00013041320069274474,8.8344000135017072e-05,0.00010594920998090046,0.00012645037572406526,0.00014963477976844054,0.00017803523437884644
1070,7.5999999999999996,6765.6702057378043,1.3885704572052819,25.452116791191944,0,0.0033517098353780233,0.00014067586409264235,9.5296093419823855e-05,0.00011428671779255824,0.00013640119079457415,0.00016141005535039128,0.00019204543943513279
1071,7.5999999999999996,6647.2873510363515,1.4132997830185305,44.496579924288447,0,0.003293114600857381,0.00013821654164148731,9.3630108827751955e-05,0.00011228873546098385,0.00013401659900230719,0.00015858825378886696,0.00018868806421024187
1072,7.5999999999999996,6778.9296143790516,1.385854449787209,2.6068302890756008,0,0.0044889332184318374,0.00018840669102426722,0.00012762972343958404,0.00015306380000722764,0.00018268163607974285,0.00021617592060130508,0.00025720578297956312
1073,7.5999999999999996,6934.945180565147,1.3546768613556515,11.080685873477329,0,0.0034442573249469878,0.00014456020930871639,9.7927411357505499e-05,0.00011744240529006653,0.00014016750363258015,0.00016586691353548578,0.00019734820255480647
1074,7.5999999999999996,7011.2469090214363,1.3399342360619713,25.502454706896476,0,0.0034822596380400333,0.00014615521857099054,9.9007896291033711e-05,0.00011873820947516822,0.00014171404584936934,0.00016769701093683183,0.00019952564967163971
1075,7.5999999999999996,7011.6242109622235,1.3398621329696518,44.528599122494747,0,0.0034825476293750862,0.00014616730596276955,9.9016084484677326e-05,0.00011874802941366304,0.00014172576594537081,0.00016771087988719284,0.00019954215092777769
1076,7.5999999999999996,7085.459545022647,1.3258998532397195,2.6386723539686936,0,0.0041109946037829566,0.00017254408841215564,0.00011688414124497369,0.00014017683606441501,0.00016730104539100719,0.00019797533173599664,0.00023555074990849075
1077,7.5999999999999996,4701.4942791482008,1.9982178458767745,11.082475667609643,0,0.0023365242109492984,9.8067129463073069e-05,6.6432251125697945e-05,7.9670883288775158e-05,9.5087194401448518e-05,0.00011252122669930343,0.00013387758513766932
1078,7.5999999999999996,4804.28114321869,1.9554662791002813,25.492258276624458,0,0.0023876624571984987,0.00010021347187713147,6.78862180056621e-05,8.1414596976577008e-05,9.7168316582703915e-05,0.00011498391815023997,0.00013680769169677784
1079,7.5999999999999996,4858.992563511878,1.933448065228456,44.527231163828731,0,0.0024148987472763809,0.00010135661637041122,6.8660602475425882e-05,8.2343300936863625e-05,9.8276724703310388e-05,0.00011629555051250693,0.00013836826989521838
1080,7.5999999999999996,4792.9813743854447,1.9600764194678457,2.646121206149556,0,0.0023867005678100445,0.00010017310005870792,6.7858869486391686e-05,8.138179843896925e-05,9.7129171530046621e-05,0.00011493759593648728,0.00013675257759699993
1081,7.5999999999999996,4926.3023952893209,1.9070306727140636,11.277740257084536,0,0.0030663609467782888,0.00012869937941967382,8.7183030034020269e-05,0.00010455688152821472,0.00012478863179973435,0.00014766835867459263,0.00017569558953910736
1082,7.5999999999999996,5050.5217139734577,1.8601265973947001,25.861466390147783,0,0.0031436808587700237,0.00013194460229553102,8.9381396216737835e-05,0.00010719333855927158,0.00012793524310733727,0.00015139189438837726,0.00018012584669287551
1083,7.5999999999999996,5141.6913898453849,1.8271438440345602,44.729847339212796,0,0.0032004291277945634,0.0001343264050687083,9.0994867731871522e-05,0.00010912834299753385,0.00013024467078773342,0.00015412475066000521,0.00018337739494653623
1084,7.5999999999999996,5341.7257127284629,1.7587218580871107,2.9415567911677667,0,0.0033337300597760426,0.00013992122822222694,9.4784890941211749e-05,0.00011367364278275051,0.00013566948580733359,0.00016054419382966211,0.00019101523870893001
1085,7.5999999999999996,5275.5314541938442,1.7807892631202387,11.89753926841272,0,0.003950623836443924,0.00016581310709853187,0.00011232446622035281,0.00013470850809771772,0.00016077459629246327,0.00019025227225168465,0.00022636186542896651
1086,7.5999999999999996,5193.1536499667527,1.8090375144093112,26.354518643946715,0,0.0038886212334552843,0.00016321077271404713,0.00011056160304397907,0.0001325943411983723,0.00015825133822556684,0.00018726638025273244,0.00022280925565010346
1087,7.5999999999999996,5120.6326767892697,1.8346580127618313,44.89853616670176,0,0.0038340323467680026,0.00016091960218265697,0.00010900952726745271,0.00013073296745366814,0.00015602978877349278,0.00018463751449332026,0.00021968143515040578
1088,7.5999999999999996,5690.3910241071835,1.650960317328193,3.3010965770118945,0,0.0042781963936036858,0.00017956177711915395,0.00012163803647019114,0.00014587808847175447,0.00017410548979541348,0.0002060273563667638,0.00024513103662112057
1089,7.5999999999999996,5485.1847708471105,1.7127243955048443,12.451901535200534,0,0.0041239346091199733,0.00017308719820433816,0.00011725205255532441,0.00014061806481356745,0.00016782765187651702,0.0001985984903864371,0.00023629218312714529
1090,7.5999999999999996,5276.9722805224046,1.7803030358066345,26.427353737821715,0,0.0039674480223424215,0.00016651924128232808,0.0001128028128761918,0.00013528217976988208,0.00016145927339860229,0.00019106248343059941,0.00022732585346274894
1091,7.5999999999999996,5018.9093339282881,1.8718428937086133,44.776548779633075,0,0.0037733928436930863,0.00015837447897325177,0.00010728541986144655,0.00012866527958228585,0.00015356200342366792,0.00018171726601463935,0.0002162069279325586
1092,7.5999999999999996,5398.425212949287,1.7402500544689401,3.1951810018035731,0,0.004064928768880734,0.00017061064206736243,0.0001155743935872355,0.00013860608163401096,0.00016542635007302757,0.00019575691506912215,0.00023291128111755773
1093,7.5999999999999996,5252.474557644231,1.7886064306982652,12.063600324526563,0,0.0039550302347372201,0.0001659980496854178,0.00011244974930392129,0.00013485875761899547,0.00016095391908704909,0.00019046447349443829,0.00022661434214626169
1094,7.5999999999999996,5226.2483474065339,1.7975819644207045,25.858957024847804,0,0.0039352823133918949,0.00016516920231027685,0.00011188827475815137,0.00013418539231452894,0.00016015025763676841,0.00018951346244814807,0.00022548283064348698
1095,7.5999999999999996,5252.1732200673559,1.7887090499960729,44.490537702124811,0,0.0039548033323097394,0.00016598852627897203,0.0001124432979951898,0.00013485102069218211,0.00016094468506536383,0.00019045354643476499,0.00022660134114720908
1096,7.5999999999999996,5191.4290906005936,1.8096384650405846,2.8370224872604539,0,0.0039143038479213911,0.00016428870730851667,0.00011129181327924288,0.00013347006787395785,0.00015929651796007683,0.00018850319144049136,0.00022428081172841486
1097,7.5999999999999996,5147.1112282858721,1.8252198863031286,11.298496794438069,0,0.0038809456833337769,0.00016288861933599146,0.00011034337116313213,0.00013233262002508331,0.00015793897402102675,0.00018689674474404961,0.00022236946388160599
1098,7.5999999999999996,5330.1549662903308,1.7625397066869777,25.286818836254064,0,0.0040190270064531537,0.00016868408206962123,0.00011426931085177254,0.00013704092175251712,0.00016355833184883499,0.00019354639972679968,0.00023028121331061181
1099,7.5999999999999996,5721.3517440114229,1.6420262537983088,44.325344529076446,0,0.0043140268254926728,0.00018106562954503893,0.0001226567702962893,0.00014709983577650595,0.0001755636451299699,0.00020775286134138446,0.00024718403982701859
1100,7.5999999999999996,5046.5599498959546,1.8615868758430556,2.6185541586291308,0,0.0038135773970666845,0.00016006107985657979,0.00010842795043253115,0.00013003549387188601,0.00015519735409568952,0.00018365245471021202,0.00021850941251212448
1101,7.5999999999999996,5162.6114007128672,1.8197398645159046,10.888151174650346,0,0.0039013577426286325,0.00016374534149281569,0.00011092372853444204,0.00013302863112830371,0.00015876966323075475,0.00018787973903127035,0.00022353902899600807
1102,7.5999999999999996,5540.1436697513345,1.695733961228332,25.038754158985697,0,0.0041867578318641263,0.0001757239751267717,0.00011903824766098934,0.00014276021323369472,0.00017038430588677946,0.00020162390140304441,0.0002398918125733713
1103,7.5999999999999996,5905.9233082393775,1.590709746903594,44.269157142964481,0,0.0044631275121376351,0.00018732359009675261,0.00012689601344720357,0.00015218387614223398,0.00018163144699992736,0.00021493318161556788,0.00025572717401619352
1104,7.5999999999999996,4744.0190843187729,1.9803060662076855,2.5998210817185368,0,0.0035939247126495228,0.00015084195508196528,0.00010218276700012578,0.00012254576904803928,0.00014625836797001659,0.00017307452473088928,0.00020592380744072284
1105,7.5999999999999996,4951.0763033362637,1.8974883833947327,10.843274211313769,0,0.003750773448544895,0.00015742511189972469,0.00010664230333316306,0.00012789400266485898,0.00015264148446922257,0.00018062797189247973,0.00021491088743551438
1106,7.5999999999999996,5417.6496373956597,1.7340748109723865,25.03714257419395,0,0.0041042035316513886,0.0001722590577898327,0.00011669105691606199,0.00013994527385219211,0.00016702467590468101,0.00019764829049958804,0.00023516163674064532
1107,7.5999999999999996,5690.3279379098894,1.6509786208090187,44.293689444598719,0,0.0043107584634587623,0.00018092845190262045,0.00012256384395450823,0.0001469883910549281,0.00017543063586148623,0.00020759546510999526,0.00024699677002925442
1108,7.5999999999999996,6753.2717492171487,1.3911197593922586,2.9920753851891839,0,0.0045625292374188373,0.00019149561699736151,0.00012972221158598748,0.00015557327960592158,0.00018567669982947664,0.0002197201228388834,0.00026142266943490294
1109,7.5999999999999996,4869.1698034135152,1.9294068907384248,11.282667190861165,0,0.0036992503933622124,0.00015526261852633896,0.00010517739553352656,0.0001261371677487453,0.00015054470210276816,0.00017814674899511632,0.00021195873218950905
1110,7.5999999999999996,5307.304663063338,1.7701282227613808,25.45615325835622,0,0.0040321214109896942,0.00016923367220821647,0.00011464161205303402,0.00013748741521091057,0.00016409122176450652,0.00019417699386078892,0.00023103149325633322
1111,7.5999999999999996,5691.9042220121992,1.6505214080289494,44.503834957831806,0,0.004324451832559347,0.00018150318140641922,0.00012295317496618106,0.00014745530802772489,0.00017598790124036671,0.00020825490389587376,0.00024778136929811464
1112,7.5999999999999996,6463.1973352936775,1.4535545309099895,3.1782087644949151,0,0.0038243993527359069,0.00016051529219586735,0.00010873564117817801,0.00013040450129027208,0.00015563776442728422,0.00018417361332756342,0.00021912948624586669
1113,7.5999999999999996,4849.890976317979,1.9370764862046144,12.038819246504081,0,0.0036897102722223351,0.00015486220654236142,0.0001049061500140648,0.00012581186836843752,0.00015015645731198454,0.00017768732035813129,0.00021141210469292999
1114,7.5999999999999996,5385.1557547664479,1.744538170983494,26.255387084554918,0,0.0040969301377912562,0.00017195378346227598,0.00011648425917556005,0.00013969726541700089,0.00016672867785223384,0.00019729802184173545,0.00023474488762193876
1115,7.5999999999999996,6081.3101595779608,1.5448331896187115,44.881472745305075,0,0.0046265519521842763,0.00019418273824697561,0.00013154251074878475,0.0001577563283464418,0.00018828216836966197,0.00022280329842433989,0.00026509102707767372
1116,7.5999999999999996,6259.3628003857229,1.5008891592451821,3.1119207866024481,0,0.003177309696123419,0.00013335605077570241,9.0337534123487083e-05,0.00010834001581746744,0.00012930380234585584,0.00015301137601572066,0.00018205270348073258
1117,7.5999999999999996,4852.909864233734,1.9358714737564757,12.467044771818909,0,0.0036920069881295255,0.00015495860286265413,0.00010497145043217982,0.00012589018186680908,0.00015024992446756912,0.00017779792451538584,0.00021154370135174525
1118,7.5999999999999996,5418.3315684411073,1.7338565667704964,26.848175973406491,0,0.0041221697031964266,0.00017301312267929822,0.00011720187260299315,0.0001405578849903961,0.00016775582726119049,0.00019851349688258395,0.00023619105798496515
1119,7.5999999999999996,6257.2906366591378,1.5013861935454897,45.141303628522735,0,0.0047604347502033691,0.00019980198311706515,0.0001353490776218076,0.00016232146861991671,0.00019373066301080208,0.00022925076282314568,0.00027276221045607673
1120,7.5999999999999996,6288.1767020408315,1.4940117328179519,2.8733163907294723,0,0.0031952317776595554,0.00013410826514695346,9.0847096239610051e-05,0.00010895112357302427,0.00013003315941526657,0.00015387445913294276,0.00018307959846664993
1121,7.5999999999999996,4788.4418492000223,1.9619346056068321,12.162309180688855,0,0.0036473770579565109,0.00015308542341101612,0.00010370252853739171,0.00012436838896548243,0.00014843366473159131,0.00017564865746861659,0.00020898650667410123
1122,7.5999999999999996,5311.4697550195415,1.7687401424065783,26.835162992924236,0,0.0040457946930129848,0.00016980755862979922,0.00011503037194725086,0.0001379536472538516,0.00016464766967964548,0.00019483546530270953,0.00023181494158081719
1123,7.5999999999999996,5982.2135097438559,1.5704236827354148,45.182970804692033,0,0.0045565897397603925,0.00019124632812498997,0.00012955333929347827,0.00015537075440951131,0.00018543498601977207,0.00021943409132276471,0.00026108234957015802
1124,7.5999999999999996,6449.67641388437,1.4566017220115879,2.696099983011873,0,0.0032825653279907833,0.0001377737741738523,9.3330171022278671e-05,0.00011192902599022486,0.00013358728577064476,0.00015808022690081989,0.00018808361458814074
1125,7.5999999999999996,4712.0462347752718,1.9937431219474331,11.50108878611351,0,0.0035947710195093577,0.00015087747574295393,0.00010220682926730816,0.00012257462644859197,0.00014629280927583627,0.00017311528077595245,0.00020597229892142278
1126,7.5999999999999996,5229.7956598593137,1.7963626844904721,26.324361714967573,0,0.0039897510067626995,0.00016745532816313453,0.00011343693318828498,0.00013604266770337429,0.00016236691570137212,0.00019213653999473212,0.00022860376433632673
1127,7.5999999999999996,5666.8510864317741,1.6578183593663067,45.030839275460139,0,0.0043231515893528355,0.00018144860841365121,0.00012291620634295229,0.00014741097228993644,0.00017593498653998942,0.00020819228739914821,0.00024770686828512977
1128,7.5999999999999996,6758.4296177961442,1.390058090735135,2.6131370660157915,0,0.0034445387871225807,0.00014457202266270752,9.7935413913543119e-05,0.00011745200259705645,0.00014017895801789396,0.0001658804680576768,0.00019736432970478396
1129,7.5999999999999996,4715.0411326467238,1.9924767370179783,11.229014862835218,0,0.0036012992227513908,0.00015115147339703243,0.00010239243968604127,0.00012279722534833549,0.00014655848104925872,0.00017342966289683682,0.00020634635029278698
1130,7.5999999999999996,5151.0339303849905,1.823829914119657,25.823608562049749,0,0.0039342677286898723,0.00016512661879718581,0.00011185942800133317,0.00013415079697029814,0.00016010896809551484,0.00018946460255843371,0.00022542469722069259
1131,7.5999999999999996,5509.9549484329045,1.7050247885517529,44.731034920763825,0,0.0042084237417048193,0.00017663332311269273,0.00011965425461553267,0.00014349897817615671,0.00017126602180106448,0.00020266727803120303,0.00024113322050558526
1132,7.5999999999999996,4644.4443784734558,2.0227628980604422,2.6198480053861291,0,0.0023690426774273395,9.9431974152932722e-05,6.7356818875164627e-05,8.0779699082491826e-05,9.6410565984394016e-05,0.0001140872356117481,0.00013574082017031279
1133,7.5999999999999996,4841.3814923403525,1.9404812006128622,11.154496175653708,0,0.0037041787579040288,0.00015546946875339787,0.00010531751920498122,0.00012630521529320284,0.00015074526683694591,0.00017838408684133587,0.00021224111639954403
1134,7.5999999999999996,5218.2906334448162,1.8003232151674375,25.666112093603871,0,0.0039925477353948448,0.00016757271070407139,0.00011351645000987427,0.00013613803065292042,0.00016248073137590556,0.00019227122352805884,0.00022876401060032965
1135,7.5999999999999996,5510.2526154126317,1.7049326821431012,44.631463923336291,0,0.0042158659978002826,0.00017694568482013451,0.00011986585346118499,0.00014375274448168363,0.00017156889187141017,0.00020302567867663512,0.00024155964505079977
1136,7.5999999999999996,5088.7554273013475,1.84615077401423,2.4639556944502568,0,0.0032490948832476431,0.00013636897364902546,9.2378536547426947e-05,0.00011078774960872711,0.00013222517247813971,0.00015646837306980855,0.00018616583334080889
1137,7.5999999999999996,5099.2953380305353,1.8423349008276719,10.770543779570303,0,0.0039069499460679773,0.00016398005394993476,0.00011108272652876524,0.0001332193142744296,0.00015899724355415891,0.00018814904571681565,0.00022385944968266293
1138,7.5999999999999996,5434.0909568304533,1.7288282153379892,25.45522262758864,0,0.0041634410126766752,0.00017474533620866957,0.00011837530191428813,0.00014196515552727612,0.00016943540456210634,0.00020050102106420473,0.00023855581124658027
1139,7.5999999999999996,5597.1195599472039,1.6784722338448876,44.648634542468585,0,0.0042883319637278322,0.0001799871809146245,0.00012192621184480703,0.00014622369149210494,0.00017451796697936386,0.00020651546035401177,0.00024571178200601985
1140,7.5999999999999996,5547.9939662521938,1.6933345328109264,2.4218845586715689,0,0.0042578457556156279,0.00017870763289891487,0.00012105942543459586,0.00014518417171437582,0.00017327730018732132,0.00020504731997775529,0.00024396499080953224
1141,7.5999999999999996,5505.0231174106793,1.7065522833445084,10.720101557132471,0,0.0042249021203647303,0.00017732494329185044,0.00012012276925113955,0.00014406085850114962,0.00017193662593506531,0.00020346083598884795,0.00024207739456191859
1142,7.5999999999999996,5647.7901165714829,1.6634134018748805,25.478596276042175,0,0.0043343368636718279,0.00018191806973554992,0.0001232342269947337,0.00014779236816019764,0.00017639018248815014,0.00020873094254401825,0.00024834775936081896
1143,7.5999999999999996,5656.2418821594838,1.6609278681156312,44.680379277581267,0,0.004340723804493473,0.00018218613841187439,0.00012341582102855546,0.00014801015028904912,0.00017665010544580336,0.00020903852181614372,0.00024871371671303128
1144,7.5999999999999996,5855.3994289531529,1.6044353395309012,2.6236479603319425,0,0.0045016975018294381,0.00018894242552536502,0.00012799263860910608,0.00015349903698361742,0.00018320109138482172,0.00021679061691778453,0.00025793714772608524
1145,7.5999999999999996,5847.2718440635836,1.6066654709100505,11.257813126645223,0,0.0044954464620591715,0.00018868006080277546,0.00012781490852530508,0.0001532858888135122,0.00018294669905665278,0.00021648958230414758,0.00025757897719863202
1146,7.5999999999999996,5830.9430908678569,1.6111647163209128,25.902108568418321,0,0.0044828892503095052,0.00018815301738307581,0.00012745788083413749,0.0001528577125733295,0.00018243567073981135,0.00021588485804604912,0.00025685947719207114
1147,7.5999999999999996,5702.2660786181887,1.6475221677410854,44.767943402105033,0,0.0043839516454087088,0.00018400047025212579,0.00012464487860469584,0.00014948413470241168,0.00017840930575427862,0.00021112026771227056,0.00025119057482788721
1148,7.5999999999999996,6291.1057058572405,1.4933161530150074,2.8202857996267312,0,0.0048451080329597442,0.00020335583706097921,0.00013775651545504255,0.00016520866114141846,0.00019717652711113301,0.00023332841868468429,0.00027761379922540386
1149,7.5999999999999996,6075.6530534146277,1.5462716004827752,11.781839958831586,0,0.0046790303046150665,0.00019638532675760276,0.00013303457963940784,0.00015954573702113385,0.0001904178275150157,0.00022533052607428227,0.00026809791870863322
1150,7.5999999999999996,5996.9234935213126,1.5665715564040168,26.330453102735866,0,0.0046183571518898228,0.00019383879122616829,0.00013130951550373874,0.00015747690176281186,0.00018794867275894749,0.00022240865711167267,0.00026462148344146155
1151,7.5999999999999996,5940.7012280941617,1.58139744958953,44.868898943531008,0,0.0045751301320560911,0.00019202449384783508,0.00013008048127265611,0.00015600294534671481,0.00018618950586520692,0.00022032695075680018,0.0002621446723727301
1152,7.5999999999999996,6712.0205946872593,1.3996693899177808,2.9601336602665693,0,0.0051764286500791566,0.00021726181830464616,0.0001471766508580716,0.000176506042993482,0.00021065995167040248,0.00024928400009674245,0.0002965977258281793
1153,7.5999999999999996,6270.3539041257591,1.4982582984191761,12.183692919473518,0,0.0048358012223212636,0.00020296521743910876,0.00013749190343920401,0.00016489131719064988,0.00019679777712502475,0.00023288022570436224,0.00027708053989610842
1154,7.5999999999999996,6140.3411175489218,1.5299817373389839,26.791883849827588,0,0.0047355350386339128,0.00019875690803218814,0.0001346411269469599,0.0001614724373943561,0.00019271734429428727,0.00022805165430241019,0.00027133551295389723
1155,7.5999999999999996,6219.4860869839104,1.5105122255265526,45.068324590620634,0,0.0047965874746284691,0.00020131936260323733,0.00013637697489615711,0.00016355420546670211,0.00019520193436311337,0.00023099178860912773,0.00027483368029982964
1156,7.5999999999999996,6707.817861967962,1.4005463422236206,3.2387220818027824,0,0.0051810069855013395,0.00021745397732892186,0.00014730682247242032,0.00017666215523292223,0.00021084627161876168,0.00024950448140634361,0.00029686005415647127
1157,7.5999999999999996,6291.4915848085629,1.4932245627675516,12.596790588875205,0,0.0048594806044311096,0.00020395907362090639,0.00013816515760513602,0.00016569873758012546,0.00019776143331118098,0.00023402056617675943,0.00027843731526336655
1158,7.5999999999999996,6176.6140844412948,1.5209967212531921,26.987540143963329,0,0.0047707590358289928,0.00020023530756126188,0.00013564261857129182,0.00016267350646795802,0.0001941508201612135,0.00022974795488216448,0.00027335376881500699
1159,7.5999999999999996,6283.3294383731218,1.4951642855947318,45.129471636890905,0,0.0048531715946153759,0.00020369427581590869,0.00013798577931217024,0.00016548361274540662,0.00019750468183391486,0.00023371673986911939,0.00027807582318261595
1160,7.5999999999999996,6337.1463871497563,1.4824669018111303,3.475158988344206,0,0.0049046130003800453,0.00020585334225110591,0.00013944836564874793,0.00016723766357684328,0.00019959814139547513,0.00023619403073246788,0.00028102330010050454
1161,7.5999999999999996,5983.4398681356579,1.5701018106510536,12.7300725685791,0,0.0046308611018024146,0.000194363599173431,0.00013166502884991499,0.00015790326187903339,0.00018845753353195077,0.00022301081641143866,0.00026533793166448252
1162,7.5999999999999996,5964.5751682704422,1.5750677132644249,26.674374965219023,0,0.0046163237179483287,0.00019375344521149374,0.00013125170074041815,0.00015740756566200493,0.000187865920126815,0.00022231073196266857,0.00026450497224746297
1163,7.5999999999999996,6037.348562184703,1.5560820572337337,44.919461384984125,0,0.0046726357283892791,0.00019611693761288211,0.00013285276851513907,0.00015932769454000807,0.00019015759382693881,0.00022502257909997914,0.00026773152386492675
1164,7.5999999999999996,5592.1545642131687,1.6799624658091585,3.5141895831907606,0,0.0043338666810572163,0.00018189833552559724,0.00012322085872344319,0.00014777633585715639,0.00017637104793543707,0.00020870829971227661,0.00024832081895390047
1165,7.5999999999999996,5421.1632077463155,1.7329509204698932,12.6717703722052,0,0.0042013946831307627,0.00017633830387259444,0.0001194544038362509,0.00014325930109399367,0.00017097996721795406,0.00020232877595637421,0.00024073047124954243
1166,7.5999999999999996,5520.2172188828517,1.701855089822484,26.43940549681087,0,0.0042781723070166129,0.00017956076617202071,0.00012163735163833976,0.0001458772671664761,0.00017410450956761327,0.00020602619641630758,0.00024512965651382422
1167,7.5999999999999996,5592.4453123657941,1.6798751254855377,44.781824707796432,0,0.0043341550273836155,0.00018191043781685048,0.00012322905701023034,0.00014778616790015841,0.00017638278247816716,0.00020872218575814278,0.00024833734055024458
1168,7.5999999999999996,4878.5903605163694,1.9256812063817412,3.5168149167677552,0,0.0037843303931496012,0.00015883354294251618,0.00010759639717928899,0.00012903822852162561,0.0001540071179602832,0.00018224399134287011,0.00021683362493047547
1169,7.5999999999999996,5149.4410494605836,1.8243940809586709,12.834629835661154,0,0.0039945510622662753,0.00016765679308367471,0.00011357340876646925,0.0001362063401618119,0.00016256225877064886,0.00019236769879503733,0.00022887879672688964
1170,7.5999999999999996,5227.9317605189199,1.7970031364657668,26.781777842675673,0,0.0040554157359938012,0.00017021136701455641,0.0001153039182432394,0.00013828170590988816,0.00016503920766584504,0.0001952987909353972,0.00023236620571698212
1171,7.5999999999999996,5295.4439827554988,1.7740929375279664,44.963962923782276,0,0.0041077773468542805,0.00017240905572117734,0.00011679266792780447,0.00014006713392648149,0.00016717011589599794,0.00019782039660006908,0.00023536640831838004
1172,7.5999999999999996,6864.7127853741958,1.3685364653416299,3.2219578548614738,0,0.0047419723159119994,0.00019902708939870746,0.00013482415215110698,0.00016169193589743881,0.00019297931574448199,0.00022836165765377267,0.00027170435447191498
1173,7.5999999999999996,5096.8382430589718,1.8432230576819582,12.792517149633234,0,0.0039583794216658036,0.000166138619659648,0.00011254497366584482,0.00013497295831062497,0.00016109021760562324,0.00019062576205283776,0.00022680624302880861
1174,7.5999999999999996,5233.7758249166382,1.7949965923561755,26.993781701204547,0,0.0040647858571232036,0.0001706046438646638,0.00011557033030823306,0.00013860120862396405,0.0001654205341358304,0.00019575003279236606,0.00023290309259509505
1175,7.5999999999999996,5513.3154842208005,1.7039855233695633,45.115004788215813,0,0.0042820032675291624,0.00017972155684510321,0.00012174627382696065,0.00014600789539042042,0.00017426041434501468,0.00020621068599886299,0.00024534916193977893
1176,7.5999999999999996,6518.7600133747528,1.4411651528214369,2.874857508088327,0,0.0045071256184914229,0.00018917025103512734,0.00012814697127449799,0.0001536841250931385,0.00018342199403237536,0.00021705202158999433,0.00025824816660923936
1177,7.5999999999999996,4791.7598333713986,1.9605760926193192,11.949354697077592,0,0.0037261095230681951,0.0001563899330809234,0.00010594105654815844,0.00012705301128163729,0.00015163776130405453,0.00017944021824676382,0.00021349769994643869
1178,7.5999999999999996,5207.8441506299368,1.8039345070925619,26.08645192018497,0,0.0040497537374498318,0.00016997372516105915,0.00011514293582868377,0.00013808864288787284,0.00016480878696071037,0.00019502612309024861,0.00023204178592772101
1179,7.5999999999999996,5881.2623247271731,1.5973798229306673,44.708669186005103,0,0.0045735054117140303,0.00019195630210414182,0.00013003428708846277,0.00015594754557634536,0.00018612338624261128,0.0002202487082438079,0.00026205157954925333
1180,7.5999999999999996,5984.2386292333431,1.5698922374165192,2.7570070642746458,1,0.020894933515579223,0.00087698905091254664,0.00059408649140329519,0.00071247616508543531,0.00085034026007117509,0.0010062483153205303,0.0011972327218220291
1181,7.5999999999999996,6574.1747278239036,1.4290173534817465,11.127628463297286,1,0.031302793241046636,0.0013138212148370253,0.00089000362666053065,0.001067363725671321,0.0012738985422327126,0.0015074650962705828,0.0017935796888115438
1182,7.5999999999999996,5002.0923577039785,1.8781360077073304,24.818505592611459,0,0.0038927936779541163,0.0001633858959389326,0.0001106802343337622,0.00013273661335508162,0.00015842114003602122,0.00018746731485942014,0.00022304832734086827
1183,7.5999999999999996,5541.3587962738038,1.6953621153711882,44.109871249090958,0,0.0043124392682250953,0.00018099899758661111,0.00012261163273572737,0.0001470457031939345,0.00017549903789593476,0.00020767640851013792,0.00024709307636417278
1184,7.5999999999999996,4546.1252989356053,2.066509203580702,25.056603447785619,1,0.01948706655163834,0.00081789894126481474,0.00055405790053237257,0.00066447066869698365,0.00079304570302601862,0.00093844892464026413,0.0011165651094582224
1185,7.5999999999999996,4635.6020442254894,2.0266212848413603,44.228969797151649,1,0.019870203293172687,0.00083397971639996452,0.00056495127630387827,0.0006775348785499699,0.00080863783669785951,0.00095689984243901589,0.0011385179835152362
1186,7.7000000000000002,9163.1035206923498,1.4482253734755659,7.4827783098752274,1,0.02608466986072084,0.00088901610997296689,0.00061609949790120361,0.00075062873443987788,0.00090891279985863755,0.0010251799731093685,0.0011734229064406184
1187,7.7000000000000002,9145.8200296327486,1.4509621855070354,18.647290697078212,1,0.018596763448401148,0.0006338137452864879,0.00043924100570659019,0.00053515206772739173,0.0006479988600372478,0.00073089019541941491,0.00083657827883310215
1188,7.7000000000000002,9118.6283516220683,1.4552889433298786,34.825714782732405,1,0.02595806209081207,0.0008847010717647917,0.00061310912141234331,0.00074698539026092842,0.00090450118862314623,0.0010202040331858979,0.0011677274363373902
1189,7.7000000000000002,7110.3392276168997,1.866329944836908,2.8264773912209442,0,0.0042339596537561619,0.00014430155187943692,0.00010000281509183108,0.00012183906461297512,0.00014753110328526406,0.00016640312747527114,0.00019046532960511752
1190,7.7000000000000002,7065.5968367164141,1.8781483468588358,11.327436774641205,0,0.0027347679309887218,9.3206192015007005e-05,6.4593079312674263e-05,7.8697388235531975e-05,9.529219999297633e-05,0.00010748187839529374,0.00012302395817758308
1191,7.7000000000000002,7062.8117342830083,1.8788889634472323,25.099107312678623,0,0.0036799462784185564,0.00012541970217823389,8.6917452532190954e-05,0.00010589643006889584,0.00012822666696975986,0.00014462928788813132,0.00016554295226368297
1192,7.7000000000000002,7047.3876147917854,1.8830011550091277,44.098147929258367,0,0.0041961610690056444,0.00014301330284439775,9.9110042087207503e-05,0.00012075134895521924,0.00014621402249874352,0.00016491756709421148,0.00018876495442635846
1193,7.7000000000000002,9516.6826385651639,1.3944185723577638,7.0182115632870641,0,0.0043720657696606404,0.00014900847600692065,0.0001032647735187599,0.00012581329237024838,0.00015234337107146144,0.00017183097551571707,0.00019667805458063614
1194,7.7000000000000002,7300.8182459835743,1.8176372252179209,11.2385081680056,0,0.0025719471618949833,8.7656944601280213e-05,6.0747380109956117e-05,7.4011956198326078e-05,8.9618757242797053e-05,0.00010108269479157407,0.00011569944070739757
1195,7.7000000000000002,7218.3706838439675,1.8383981094447215,25.143951654374849,0,0.0037870142851696032,0.00012906878738316906,8.9446315099853122e-05,0.000108977485832134,0.00013195742079225384,0.00014883727583154776,0.0001703594231003641
1196,7.7000000000000002,7098.3448195068158,1.8694835705899044,44.159195462006672,0,0.0037236965135337445,0.00012691079499405964,8.7950798862869109e-05,0.00010715541413084913,0.00012975113129709638,0.00014634876009530907,0.00016751106335423697
1197,7.7000000000000002,10049.259724950658,1.3205190612699691,6.9648060981701825,0,0.0043646894805198953,0.00014875707777520236,0.00010309055133920952,0.00012560102767178203,0.00015208634640328356,0.00017154107252122515,0.00019634623107324674
1198,7.7000000000000002,7490.7470865600344,1.7715508032916414,11.302569438354084,0,0.0026503764984313503,9.0329968413642743e-05,6.2599819689172049e-05,7.6268887719468419e-05,9.235160485953721e-05,0.00010416512541272653,0.0001192275965368603
1199,7.7000000000000002,7363.1519625807214,1.8022497818717906,25.233979527369588,0,0.0033257334406591771,0.00011334744208030116,7.8551222380191492e-05,9.5703380452038121e-05,0.00011588422277426894,0.00013070801116014903,0.00014960863299487456
1200,7.7000000000000002,7224.8880875592367,1.8367397332147466,44.222754623686768,0,0.0032632983043669778,0.00011121953161455646,7.7076553299600952e-05,9.390670801608881e-05,0.000113708688453156,0.00012825418476760186,0.00014679997873613961
1201,7.7000000000000002,8042.2578354391071,1.6500638614162757,2.9122080151178618,0,0.0048644811622100843,0.00016579094705648987,0.00011489523990872834,0.00013998334492992031,0.00016950144343831015,0.00019118389052625529,0.00021882943714314097
1202,7.7000000000000002,7677.5806702388945,1.7284401933919422,11.523994197083432,0,0.0031924805643854339,0.00010880592576669125,7.5403893676991428e-05,9.1868812546371355e-05,0.00011124106472358707,0.00012547090519543944,0.00014361423175446772
1203,7.7000000000000002,7475.4148097457328,1.7751843016322628,25.420263539888179,0,0.0033909585301078941,0.00011557043955751495,8.0091787971954182e-05,9.7580338320703495e-05,0.00011815697220864592,0.0001332714883214139,0.00015254279372768926
1204,7.7000000000000002,7396.0624432145578,1.7942302570233974,44.308477357922612,0,0.0033550737795440965,0.00011434741770123235,7.9244218233762579e-05,9.6547696349567969e-05,0.00011690657842251314,0.00013186114547197544,0.00015092851267570342
1205,7.7000000000000002,7961.1904831161401,1.6668661611090811,3.0133224491878376,0,0.0042314202730696854,0.00014421500486344301,9.9942836906396045e-05,0.00012176598980999205,0.00014744261929746676,0.00016630332470844386,0.00019035109517234169
1206,7.7000000000000002,7636.855998989,1.7376573579764663,11.773524581236027,0,0.0031891571658815422,0.00010869265790378189,7.5325397603991223e-05,9.1773176357516525e-05,0.0001111252618610112,0.00012534028895198901,0.0001434647281589643
1207,7.7000000000000002,7443.6274909100548,1.7827650610747501,25.71767400948956,0,0.0031083739737792658,0.00010593941013114629,7.3417361797564745e-05,8.9448508820011815e-05,0.00010831039482580429,0.0001221653470742768,0.00013983068377295711
1208,7.7000000000000002,7389.9520903477505,1.7957138092657772,44.457471877441378,0,0.0033663413070433314,0.00011473143687877491,7.9510348419497453e-05,9.6871937750826916e-05,0.00011729919216926542,0.00013230398195794029,0.00015143538414224482
1209,7.7000000000000002,7762.950008928683,1.709432497077396,3.0023614223292401,0,0.0035588154980687303,0.00012129133039052915,8.4056438252447769e-05,0.00010241069515865182,0.00012400589985617601,0.00013986860466672901,0.0001600938653825203
1210,7.7000000000000002,7530.1922095519913,1.7622709552641638,11.790931059989461,0,0.0027046694369032677,9.2180376995274369e-05,6.3882176426318226e-05,7.7831255190929729e-05,9.4243426645381322e-05,0.00010629894705968873,0.00012166997276784545
1211,7.7000000000000002,7316.1640644202998,1.8138246903162398,25.804905736915327,0,0.0026278318756682391,8.9561603970592999e-05,6.2067333334585656e-05,7.5620129588985753e-05,9.1566043980032558e-05,0.00010327907640840884,0.0001182134231964059
1212,7.7000000000000002,7131.9805161571367,1.860666751456612,44.516336099255106,0,0.0032697966662180254,0.00011144100838251489,7.7230039523309665e-05,9.4093708931117812e-05,0.00011393512199807214,0.00012850958345438931,0.00014709230854867219
1213,7.7000000000000002,9917.2153474967272,1.3381013271835007,7.349430628632085,0,0.0038204354853525152,0.00013020784666725767,9.0235697705111004e-05,0.00010993923514047153,0.00013312197287572216,0.00015015079619763814,0.00017186288095759466
1214,7.7000000000000002,9747.4881960368421,1.3614008810849751,18.754022641660107,0,0.0030265895333063809,0.00010315203787327443,7.1485677287830919e-05,8.7095028734704021e-05,0.00010546063957983057,0.00011895105412242266,0.00013615159807420254
1215,7.7000000000000002,9422.0397739357941,1.4084252812389348,35.140993645387297,0,0.0036297439004633622,0.00012370870782793446,8.5731711634690977e-05,0.00010445177511901187,0.0001264773795856198,0.00014265623349423107,0.00016328459052995364
1216,7.7000000000000002,9981.9180636256751,1.3294277646704984,7.1793200064822038,0,0.004722764295717656,0.00016096096155008427,0.00011154799837734927,0.00013590521196093908,0.00016456336008902501,0.00018561413272768614,0.00021245428199419223
1217,7.7000000000000002,9725.4812580811631,1.3644814756517425,18.507475830911901,0,0.003310789210199251,0.00011283811373913517,7.8198251346552132e-05,9.5273335952444745e-05,0.00011536349537301791,0.00013012067285520399,0.00014893636447721887
1218,7.7000000000000002,9267.0028477291289,1.4319882314163539,34.988328708098024,0,0.0035824696303737931,0.00012209750906938216,8.461513035452351e-05,0.00010309138122794954,0.00012483012127574613,0.00014079825962689954,0.00016115795018125238
1219,7.7000000000000002,7918.9713021005309,1.6757528866066205,2.8640703973021289,0,0.0049090174836590172,0.00016730883121827706,0.00011594715298370931,0.00014126494990266181,0.00017105329871728033,0.00019293425750690701,0.00022083291044894943
1220,7.7000000000000002,9927.3989609898708,1.3367286910293332,18.529884246779378,0,0.0048883479144954719,0.00016660437223640348,0.00011545895392842165,0.00014067014948442792,0.00017033307353978635,0.00019212190187916053,0.00021990308668455954
1221,7.7000000000000002,9547.0976397086306,1.389976254485541,35.010565862217064,0,0.0041482743023872849,0.00014138122901691399,9.7978994118143114e-05,0.00011937332948190076,0.00014454542192393572,0.000163035520881772,0.00018661076082661604
1222,7.7000000000000002,7258.4310067944225,1.828251726306696,44.415314920477307,0,0.0033756289817336149,0.00011504797883494831,7.9729716030584985e-05,9.7139205672402374e-05,0.00011762281851577455,0.00013266900624768878,0.00015185319162408528
1223,7.7000000000000002,8079.39013604293,1.6424802856406389,2.7076840161175113,0,0.0044024316717594719,0.00015004340481007851,0.00010398199237321737,0.00012668712051468255,0.00015340146217417627,0.00017302441652391627,0.00019804406938119754
1224,7.7000000000000002,7746.8937725386095,1.7129754722454877,11.079887426578876,0,0.0048242491042508207,0.0001644197605375832,0.00011394499017044972,0.0001388256021288374,0.00016809956897951572,0.00018960268975518781,0.00021701959179586534
1225,7.7000000000000002,7600.4867390601439,1.745972261256904,25.074653232744776,0,0.0041415496188902971,0.00014115203876857222,9.7820162354192843e-05,0.00011917981579398348,0.00014431110226652597,0.00016277122729924166,0.00018630824989985094
1226,7.7000000000000002,7566.0919828819369,1.7539092900897164,44.20244982228342,0,0.0035338946801094086,0.00012044198060930371,8.3467828026057841e-05,0.00010169355815266729,0.00012313754114022835,0.00013888916641346317,0.00015897279853379858
1227,7.7000000000000002,7964.4697783560623,1.6661798447038678,2.4767646330453741,0,0.0037359212328078161,0.00012732743712265765,8.8239537169581596e-05,0.00010750720027982383,0.00013017709811523941,0.00014682921614261884,0.00016806099424075368
1228,7.7000000000000002,7672.4215330110537,1.729602441856714,10.548074864328553,0,0.0041989059342176279,0.0001431068531713211,9.9174873656398876e-05,0.00012083033690911249,0.00014630966653558124,0.00016502544581605214,0.00018888843261228268
1229,7.7000000000000002,7638.1454907895204,1.737364002093428,24.489482635478623,0,0.0041803188152681348,0.00014247336812925178,9.8735860446212283e-05,0.00012029546237750298,0.00014566200373532747,0.00016429493466883169,0.00018805228819272402
1230,7.7000000000000002,7663.1305312960667,1.731699462022025,43.918172404195445,0,0.0035949153656993677,0.00012252168385342097,8.4909088887487129e-05,0.00010344952747271676,0.00012526378933447443,0.00014128740204942306,0.00016171782350901559
1231,7.7000000000000002,7652.7910405803977,1.7340391169812366,2.3283137310671278,0,0.0035985688938471312,0.000122646203174499,8.4995382364438297e-05,0.00010355466367817534,0.00012539109546929911,0.00014143099305165838,0.00016188217803758743
1232,7.7000000000000002,7418.5491384470624,1.7887916856513313,10.224067881755653,0,0.0031981166904279904,0.00010899801586698483,7.5537014565370237e-05,9.2031001225816297e-05,0.00011143745391037951,0.00012569241628128413,0.00014386777375585149
1233,7.7000000000000002,7458.6268447723069,1.7791799073244909,24.154049790672413,0,0.0032154585932999166,0.00010958906153147087,7.5946616745849969e-05,9.2530042642672999e-05,0.00011204172751546487,0.00012637398793294142,0.00014464790193764723
1234,7.7000000000000002,7489.3113890920831,1.7718904087467355,43.758295639983885,0,0.0035223124795969716,0.00012004723676552601,8.3194265509897776e-05,0.0001013602615244523,0.00012273396270306609,0.00013843396264537686,0.00015845177145310904
1235,7.7000000000000002,7034.0740462164094,1.8865651585780423,2.3215220426676733,0,0.0033219662430589124,0.00011321904868395113,7.8462244119687893e-05,9.5594973223494679e-05,0.00011575295586014811,0.00013055995271987902,0.00014943916502840835
1236,7.7000000000000002,7096.1813038992077,1.8700535471322055,10.280894486799212,0,0.0026253127466165193,8.9475747169566268e-05,6.2007833476922128e-05,7.5547637559679665e-05,9.1478265654608873e-05,0.00010318006957154678,0.00011810009978655056
1237,7.7000000000000002,7146.0420024648829,1.8570054603475115,24.305519210888033,0,0.0026437387125714403,9.0103739805210285e-05,6.2443040379435633e-05,7.6077874652172124e-05,9.2120313125234758e-05,0.00010390424708205555,0.00011892899471373373
1238,7.7000000000000002,7166.3386409331797,1.851746014715534,43.846146766756497,0,0.0033844891286401667,0.00011534994981555532,7.9938985769845803e-05,9.7394170787733629e-05,0.00011793154777993593,0.00013301722783592063,0.00015225176670247769
1239,7.7000000000000002,9138.9992551313808,1.4520450924644683,6.3862201259656066,0,0.0036177914566248802,0.0001233013453739454,8.5449404260785127e-05,0.0001041078241378475,0.00012606090012652008,0.00014218647841899519,0.0001627469079960014
1240,7.7000000000000002,9277.6607662149127,1.4303432031891294,17.469349543030471,0,0.0029601166241836532,0.00010088651228286387,6.9915639171449977e-05,8.5182162828570165e-05,0.00010314441022871784,0.00011633853513901942,0.00013316130398043636
1241,7.7000000000000002,9292.7188899299672,1.4280254439666968,34.230689846023736,0,0.0036786361782262388,0.00012537505142425203,8.6886508990447969e-05,0.00010585872980837502,0.0001281810169063221,0.0001445777983163981,0.00016548401720398675
1242,7.7000000000000002,9139.1126987234838,1.4520270682627088,6.489319899366655,0,0.0041807189767294455,0.00014248700640750466,9.8745311946910175e-05,0.00012030697767337903,0.00014567594724606146,0.00016431066181885263,0.00018807028951792705
1243,7.7000000000000002,9136.051007693939,1.4525136743735778,17.681039112378286,0,0.0029307665495307876,9.9886204848089784e-05,6.9222413366655625e-05,8.4337566768507644e-05,0.00010212171534044682,0.00011518501819193734,0.00013184098633458124
1244,7.7000000000000002,8982.3799872749732,1.4773633532815846,34.45056747078506,0,0.0041086251834262701,0.0001400299101890052,9.704251294301079e-05,0.00011823236169713385,0.00014316385980644652,0.00016147723078543185,0.00018482713908030048
1245,7.7000000000000002,9332.9984478790393,1.421862340657055,6.5942636850824536,0,0.005015727811272584,0.00017094572602490096,0.00011846756744993153,0.00014433571286787968,0.00017477158931336454,0.00019712818794104689,0.0002256332910343329
1246,7.7000000000000002,9096.1087657799126,1.458891858062797,17.82606014157717,0,0.0032589139843586406,0.00011107010549034249,7.6972999090550275e-05,9.3780542088100848e-05,0.00011355591808667132,0.00012808187217586695,0.00014660274942273756
1247,7.7000000000000002,8911.4349008024692,1.4891248341223899,34.571872817184023,0,0.0047892103417618119,0.00016322557159470714,0.00011311740200882744,0.00013781730483836377,0.00016687865340391078,0.00018822559593808879,0.00021544336764821575
1248,7.7000000000000002,9023.7341444466092,1.4705928616720971,6.5627907393833569,0,0.0048605010377332667,0.00016565529669946094,0.00011480123248195834,0.00013986881038472964,0.00016936275714857268,0.0001910274636316117,0.000218650390628214
1249,7.7000000000000002,8929.9534003361041,1.4860367600519047,17.74338650786342,0,0.0032066582839178678,0.00010928912992968477,7.5738760322111205e-05,9.2276799449280168e-05,0.00011173508327259082,0.00012602811807973586,0.00014425201865954563
1250,7.7000000000000002,8910.6751418475014,1.4892518027201422,34.489001282812566,0,0.0047996034768497554,0.00016357978978399774,0.00011336287972978352,0.00013811638417805184,0.0001672407991992201,0.00018863406704417799,0.00021591090443695194
1251,7.7000000000000002,8637.8635212962436,1.5362871832522944,6.3758218141127863,0,0.004663242654112533,0.00015893234863063638,0.00011014214376224476,0.00013419238006586817,0.00016248934565018557,0.00018327481253440847,0.00020977669174438907
1252,7.7000000000000002,8767.7463795422682,1.5135290693870118,17.416149097196858,0,0.0031556106959643197,0.00010754932918433189,7.4533056225598666e-05,9.0807822209147243e-05,0.00010995634478977196,0.00012402184523346453,0.00014195563502336875
1253,7.7000000000000002,8866.8256598756307,1.4966166616425933,34.221535152677426,0,0.0047869383785024743,0.00016314813868297768,0.00011306374001383951,0.00013775192540610887,0.00016679948749925312,0.00018813630321383543,0.00021534116302974319
1254,7.7000000000000002,8556.9465869113465,1.5508147542662039,6.5112209374847145,0,0.0046398833007713445,0.00015813621659025587,0.00010959041410871081,0.00013352017673995092,0.000161675395718613,0.00018235674298022053,0.00020872586762292047
1255,7.7000000000000002,8646.2247387521129,1.5348015370191743,17.521857614812873,0,0.0031254672268558881,0.000106521981328639,7.382109106438071e-05,8.9940394935223355e-05,0.00010890600430046972,0.0001228371462890267,0.00014059962640526922
1256,7.7000000000000002,8704.3429340747516,1.5245537910163398,34.264683411304333,0,0.0047196407213601519,0.00016085450408141218,0.00011147422199437831,0.00013581532603639332,0.00016445452004121129,0.00018549136997496855,0.00021231376751880741
1257,7.7000000000000002,8769.7651181066176,1.5131806655860565,6.8524973611189921,0,0.0047758102370883699,0.00016276887005339485,0.00011280090201840346,0.00013743169506580022,0.00016641173062044564,0.00018769894488127522,0.00021484056186779082
1258,7.7000000000000002,8625.52744675137,1.5384843536087662,17.931602612027579,0,0.0031313880983875075,0.00010672377610713518,7.3960937418474744e-05,9.0110777628517598e-05,0.00010911231536172303,0.00012306984844511994,0.00014086597772650086
1259,7.7000000000000002,8502.1905323199298,1.5608023565227018,34.52795214440922,0,0.004629778892314535,0.00015779183876420648,0.00010935175588493151,0.00013322940597794027,0.00016132331051951207,0.000181959619411268,0.00020827131924632371
1260,7.7000000000000002,8956.9646469356085,1.4815553640696817,6.8548976312090533,0,0.0048884184058464444,0.00016660677471828125,0.00011546061887899118,0.00014067217798752389,0.00017033552979058499,0.00019212467233098839,0.00021990625774888118
1261,7.7000000000000002,8634.4681758766055,1.5368912998631445,17.994033933167607,0,0.0031416069185216844,0.00010707205330491867,7.4202297956577222e-05,9.0404840772338954e-05,0.00010946838720273155,0.00012347146862303678,0.00014132567293009233
1262,7.7000000000000002,8376.5141597834026,1.5842197321365346,34.585144352760878,0,0.0045716275110595419,0.00015580992697352989,0.00010797826574743845,0.00013155600554962601,0.00015929704240746234,0.00017967415320488761,0.0002056553703702169
1263,7.7000000000000002,8944.4018246678188,1.4836362764754019,6.5481001639037135,0,0.0048931869785526806,0.00016676929691925436,0.00011557324883619227,0.00014080940141088631,0.00017050168933152983,0.0001923120868263549,0.00022012077272930464
1264,7.7000000000000002,8630.8932640445964,1.5375278794991463,17.693194509610418,0,0.0031478153737023555,0.00010728364949161119,7.4348936811505323e-05,9.0583499152145069e-05,0.00010968471903331217,0.00012371547339477267,0.00014160496124623773
1265,7.7000000000000002,8338.9104222133501,1.5913636610246384,34.416648185162217,0,0.0045619687064038118,0.00015548073618875573,0.00010775013233687603,0.00013127805776061256,0.00015896048414432149,0.00017929454276127831,0.00020522086754950317
1266,7.7000000000000002,8849.095688423371,1.4996152698190892,6.1250883036517649,0,0.0048630935738556138,0.00016574365535574297,0.00011486246615720888,0.00013994341482169963,0.00016945309332220567,0.00019112935551394658,0.00021876701626649043
1267,7.7000000000000002,8600.3022584917762,1.5429968179719695,17.062143045214086,0,0.0031509323308781039,0.00010738988143390266,7.4422556901819351e-05,9.0673194656540118e-05,0.00010979332850733564,0.0001238379760789423,0.00014174517804667824
1268,7.7000000000000002,8354.8685705487187,1.5883240898879165,33.940799447536705,0,0.0045915889876796991,0.00015649025278899637,0.00010844974021074245,0.0001321304294550442,0.0001599925943044584,0.00018045867937194066,0.00020655334048206954
1269,7.7000000000000002,8548.6701511817664,1.5523161829580565,5.8485931530754698,0,0.0047156233686434755,0.00016071758491380763,0.00011137933526570388,0.00013569972018814534,0.0001643145365441906,0.00018533347993564495,0.00021213304628575478
1270,7.7000000000000002,8434.7137832393091,1.5732885975122661,16.569773484303795,0,0.0031019029283846917,0.00010571886436097324,7.3264520767190176e-05,8.9262293980377355e-05,0.00010808491311493736,0.00012191102197915305,0.00013953958279544216
1271,7.7000000000000002,8409.8604517354452,1.5779380757395953,33.569436601090331,0,0.0046392855187139979,0.00015811584301903293,0.00010957629496411929,0.00013350297459050557,0.00016165456617519346,0.00018233324894342619,0.00020869897630465211
1272,7.7000000000000002,8468.210566395599,1.5670653102451471,5.9455154488170656,0,0.0046789494377926996,0.00015946766626364023,0.00011051312570645427,0.000134644368272693,0.00016303664399851589,0.00018389212071414954,0.00021048326383654996
1273,7.7000000000000002,8400.3702022405032,1.5797207383682428,16.761963574849258,0,0.0030943103525710156,0.000105460094660203,7.3085190065611073e-05,8.9043805281666986e-05,0.00010782035200000681,0.00012161261848353449,0.00013919802959863248
1274,7.7000000000000002,8389.9768641212468,1.581677665310208,33.806131263140301,0,0.0046357228866337526,0.00015799442161212399,0.00010949214838118127,0.00013340045406699699,0.00016153042728763185,0.00018219323033940606,0.00020853871074973031
1275,7.7000000000000002,8790.3491953051471,1.5096372992255505,6.2016017934508216,0,0.0048678360800129359,0.0001659052891582031,0.00011497448044291465,0.00014007988813778726,0.00016961834458176979,0.00019131574554152964,0.00021898035863918104
1276,7.7000000000000002,8569.6674544848393,1.548512715216869,17.234524084153897,0,0.0031636812605601132,0.00010782438966930441,7.4723676648314266e-05,9.1040065811274557e-05,0.00011023756128598871,0.00012433903464929654,0.00014231869061944027
1277,7.7000000000000002,8343.7617775197541,1.5904383864605769,34.208017243479432,0,0.0046203415560012017,0.00015747019604982351,0.00010912885338337734,0.00013295783130012431,0.00016099446925690227,0.00018158871311881397,0.0002078467792132323
1278,7.7000000000000002,9017.6996511692778,1.4715769577365854,6.4056885663678038,0,0.0050121357956903973,0.00017082330317129041,0.00011838272685166231,0.00014423234678638655,0.00017464642656615041,0.00019698701450632003,0.00022547170365803352
1279,7.7000000000000002,8643.5684839020669,1.5352731968474223,17.584977637612273,0,0.0032027601482085325,0.00010915627390877425,7.564668940589507e-05,9.2164624264016301e-05,0.00011159925385781505,0.00012587491350850644,0.00014407666042199951
1280,7.7000000000000002,8334.7488965006305,1.5921582261490208,34.447572802048484,0,0.0046324861495964089,0.00015788410733997451,0.00010941569918423175,0.00013330731170257265,0.00016141764411886926,0.00018206602006583833,0.00020839310563369767
1281,7.7000000000000002,9156.8450151912002,1.4492152041925612,6.6354244949271459,0,0.0051049054743789683,0.00017398507364074715,0.00012057387409506872,0.00014690194494040634,0.00017787895927018845,0.00020063304940770579,0.0002296449619962664
1282,7.7000000000000002,8807.9664632033819,1.506617795820226,17.984846782378256,0,0.0032736548579005141,0.00011157250303356513,7.7321166992857111e-05,9.4204734662143601e-05,0.00011406955957475018,0.00012866121814504952,0.00014726586989799516
1283,7.7000000000000002,8506.3056296783689,1.5600472868210018,34.766523715804503,0,0.0047423262667204511,0.00016162767143973084,0.00011201003683047642,0.00013646813944345591,0.00016524499132798034,0.00018638295752070413,0.00021333428028408327
1284,7.7000000000000002,9055.2664885364975,1.4654719477609404,6.8024424068306493,0,0.0050646539182182945,0.00017261322258534218,0.00011962316382452486,0.00014574364104691449,0.00017647640540218812,0.00019905108231811852,0.00022783423951938585
1285,7.7000000000000002,8927.4797624413768,1.4864485130819238,18.264073914967764,0,0.0033288757363566265,0.00011345453760852702,7.8625440946567562e-05,9.579380511354263e-05,0.0001159937151617748,0.00013083150969916884,0.00014974998965263119
1286,7.7000000000000002,8705.639529609547,1.5243267279003831,35.000427762746156,0,0.0048692927474903152,0.00016595493520935798,0.00011500888578928146,0.00014012180610994805,0.00016966910173999325,0.00019137299550226375,0.00021904588705085545
1287,7.7000000000000002,9058.3555262618484,1.4649721994215259,6.8315761555046626,0,0.0050755698632858953,0.0001729852591521262,0.00011988098990824283,0.0001460577650927644,0.00017685676836048787,0.00019948010090760498,0.00022832529499588466
1288,7.7000000000000002,9121.0658472963387,1.4549000347786667,18.255000242494511,0,0.0034071384370939367,0.00011612188214985981,8.0473944718557276e-05,9.8045941418965299e-05,0.00011872075640214577,0.00013390739119836928,0.00015327064934491104
1289,7.7000000000000002,9066.9154404177043,1.4635891451347434,34.974640425680967,0,0.0050803661469155043,0.00017314872579508121,0.00011999427437577768,0.00014619578594294696,0.00017702389348056726,0.00019966860449797749,0.00022854105655648025
1290,7.7000000000000002,9276.9201404209271,1.4304573950819668,6.8499621112117808,0,0.0052084686167290159,0.00017751470627325584,0.00012301995450718906,0.00014988214253891584,0.00018148758710324699,0.00020470328913304805,0.00023430376596600766
1291,7.7000000000000002,9505.7754223668908,1.3960185706918089,18.287366972117052,0,0.0035580537937081195,0.0001212653700294728,8.4038447391278075e-05,0.00010238877587873471,0.00012397935848736574,0.00013983866815382324,0.0001600595999940968
1292,7.7000000000000002,9663.2737067305679,1.3732653571850186,35.009744720226593,0,0.0048227761555399758,0.00016436955959043314,0.0001139102002740841,0.00013878321563774438,0.00016804824450640678,0.00018954479990924235,0.00021695333097038636
1293,7.7000000000000002,9719.2837696747665,1.3653515354551697,6.9619307316170467,0,0.0057714411601692333,0.00019670190178936494,0.0001363169256092836,0.00016608259169404466,0.0002011042030479368,0.00022682924204052356,0.00025962917286964833
1294,7.7000000000000002,9976.8241092627795,1.3301065422341634,18.569603323616157,0,0.0043653267889140193,0.00014877879848059839,0.00010310560406495703,0.00012561936725575545,0.0001521085532305108,0.00017156612002252914,0.00019637490048988589
1295,7.7000000000000002,10192.213103818842,1.3019977980521058,35.295656864680289,0,0.0047781102210865262,0.00016284725796621716,0.00011285522584132362,0.00013749788084031786,0.00016649187289966775,0.00018778933887690451,0.00021494402700353123
1296,7.7000000000000002,7624.0336921118087,1.740579797303359,44.795790917776408,0,0.0044550503509600409,0.00015183675139044856,0.00010522480441602997,0.00012820130845676178,0.00015523494487847803,0.00017509243641513673,0.00020041112880001634
1297,7.7000000000000002,8200.4247078571043,1.6182380170791992,3.0944377021006773,0,0.0054923826983065329,0.00018719104849718678,0.00012972578302796283,0.00015805223128767572,0.00019138049141002143,0.00021586168339569894,0.00024707568481960909
1298,7.7000000000000002,8038.9155880896051,1.6507498894640757,12.111387392983625,0,0.0047108411644683828,0.0001605545981259534,0.00011126638334387135,0.00013556210449713026,0.00016414790201864406,0.00018514552969614402,0.00021191791809159735
1299,7.7000000000000002,7874.9393302524441,1.6851226989738031,26.324446963471626,0,0.0046144242905284336,0.00015726852417280278,0.00010898909220157261,0.00013278755237702944,0.00016078828384772983,0.00018135615268808418,0.00020758059011111559
1300,7.7000000000000002,7657.199708451134,1.7330407360021958,44.807497272588677,0,0.0051272932964940513,0.00017474809401377817,0.00012110265694100284,0.0001475461908776116,0.00017865905647632555,0.00020151293583128211,0.00023065208163532749
1301,7.7000000000000002,8230.11724192783,1.6123997542641957,3.1974518778881458,0,0.0048351546536044669,0.00016479144279828517,0.00011420257071553592,0.00013913942702113653,0.00016847956970216031,0.00019003129977221352,0.00021751017961956469
1302,7.7000000000000002,7974.2751945955815,1.6641310582613971,12.163973359109585,0,0.0046848883419681664,0.00015967007562959224,0.0001106533979774903,0.00013481526988459735,0.0001632435834020444,0.00018412553158940359,0.00021075042635905296
1303,7.7000000000000002,7821.4349476432471,1.6966501808531358,26.102772640939197,0,0.0045952297386921623,0.00015661433664053686,0.00010853573190175248,0.00013223519797768559,0.00016011945522368778,0.00018060176820706812,0.00020671712022923456
1304,7.7000000000000002,8050.128085729235,1.6484506677570265,3.024748166162468,0,0.0040615970636487643,0.00013842710071021254,9.5931745540668128e-05,0.00011687905118102749,0.00014152517853321998,0.00015962893112029072,0.00018271157184144283
1305,7.7000000000000002,7910.495362181633,1.6775484228070081,11.712025743667191,0,0.0039912162268961248,0.00013602838537125808,9.4269405230566552e-05,0.00011485372831121397,0.00013907277857068247,0.0001568628227234911,0.00017954547901906956
1306,7.7000000000000002,8011.9406465760221,1.6563077041916321,25.612647091676525,0,0.0040425239386270373,0.00013777705163915346,9.5481253247223853e-05,0.00011633019103545856,0.00014086058099151765,0.00015887931895723514,0.00018185356436358697
1307,7.7000000000000002,8257.9187756732881,1.6069713663861991,44.425369514171798,0,0.0055557509609636263,0.00018935076171816898,0.00013122249182337281,0.00015987575595008958,0.00019358854025025484,0.00021835218353059277,0.00024992631591213248
1308,7.7000000000000002,7586.2861677166002,1.7492405012246153,2.7424235989663033,0,0.0038333684932997519,0.00013064862864674577,9.0541165236239065e-05,0.00011031140344621473,0.00013357261980844867,0.0001506590894139359,0.00017244467431957693
1309,7.7000000000000002,7651.7018244613373,1.7342859566256226,11.121473118742793,0,0.0038666094204820095,0.00013178154387754058,9.1326289934236436e-05,0.00011126796510621102,0.0001347308903311904,0.0001519655246886316,0.0001739400225680024
1310,7.7000000000000002,8084.6063368721771,1.6414205547556722,25.177039588381849,0,0.0040855903000163148,0.00013924483671281618,9.6498447015442481e-05,0.0001175694955203983,0.00014236121593606783,0.00016057191355194232,0.00018379091128885227
1311,7.7000000000000002,8621.5294966448691,1.5391977750136054,44.297990068605351,0,0.0050830338399291538,0.0001732396459438989,0.0001200572831980108,0.0001462725531415123,0.00017711684847440641,0.00019977345019725603,0.00022866106313913136
1312,7.7000000000000002,7395.7219570987208,1.7943128602492455,2.6278415527724439,0,0.003746272658629497,0.000127680233779307,8.8484029750294772e-05,0.00010780507936764302,0.00013053779056319256,0.00014723604799068046,0.00016852665473169866
1313,7.7000000000000002,7609.0971078736657,1.7439965386587466,10.898475001525329,0,0.0038544718640288419,0.00013136787242683072,9.1039610345172332e-05,0.00011091868720895256,0.00013430796067640864,0.00015148849431543876,0.00017339401271445967
1314,7.7000000000000002,8203.341936565148,1.6176625479062237,25.064770791240623,0,0.0041556120998395112,0.00014163131537727735,9.8152307154120041e-05,0.00011958448651952287,0.00014480110536032613,0.00016332391107551114,0.00018694085277944653
1315,7.7000000000000002,5905.9233082393775,2.2469372400986969,44.269157142964481,0,0.0029879424787778944,0.00010183487134357396,7.0572864090750153e-05,8.5982896981247163e-05,0.00010411399410855048,0.0001174321471730987,0.00013441305435130596
1316,7.7000000000000002,7062.9574886655755,1.8788501898454912,2.7379745343505033,0,0.0035871233435031263,0.00012225611663333678,8.4725047418364753e-05,0.00010322529938046477,0.0001249922785678532,0.00014098115990994944,0.00016136729818585127
1317,7.7000000000000002,7373.7603995889804,1.799656932057305,11.110920049691524,0,0.0037449693656945349,0.00012763581502985062,8.8453246990645697e-05,0.00010776757499700698,0.00013049237769667448,0.00014718482595784847,0.000168468025897527
1318,7.7000000000000002,8061.7560336451834,1.6460730097844096,25.289929203116618,0,0.0040943566477047071,0.00013954361083425295,9.670550129054292e-05,0.00011782176141090538,0.00014266667679351916,0.00016091644864230152,0.00018418526679491416
1319,7.7000000000000002,8592.0819746456436,1.5444730459519673,44.416983687775598,0,0.0050911763083962211,0.000173517157052179,0.00012024960193392053,0.00014650686589430105,0.00017740057044028442,0.00020009346557980383,0.00022902735334196867
1320,7.7000000000000002,6753.2717492171487,1.9650088892081474,2.9920753851891839,0,0.0034363003840546863,0.00011711577782823,8.1162727094422966e-05,9.8885123799184445e-05,0.00011973689603523106,0.00013505351434888905,0.00015458250403745129
1321,7.7000000000000002,7296.3766834787775,1.8187436852729686,11.665587049427819,0,0.0037127796390962024,0.00012653872675254658,8.7692950828160103e-05,0.00010684126334086996,0.000129370735955169,0.00014591970497971528,0.00016701996606988768
1322,7.7000000000000002,8048.3540215802623,1.6488140286657511,25.875859408286772,0,0.0040954749018407817,0.00013958172310277398,9.673191357850517e-05,0.00011785394098961678,0.00014270564203644538,0.00016096039827828587,0.00018423557163011042
1323,7.7000000000000002,8871.460344854404,1.4958347896067543,44.702347744048133,0,0.0052669443368112785,0.00017950767215984669,0.0001244011052740747,0.00015156487634368236,0.00018352515670821075,0.00020700150250747747,0.00023693430527440282
1324,7.7000000000000002,6463.1973352936775,2.0532003480668863,3.1782087644949151,0,0.0032918545909779769,0.00011219278521422774,7.7751030451771172e-05,9.4728461536205025e-05,0.00011470372402599464,0.00012937650424859522,0.00014808458770420972
1325,7.7000000000000002,7275.5939604864507,1.8239389238212378,12.193433756694951,0,0.003705626818808976,0.00012629494477251618,8.7524006808125797e-05,0.00010663542932155728,0.0001291214979947554,0.00014563858476048807,0.00016669819534342263
1326,7.7000000000000002,8062.4379646906309,1.64593378287893,26.497284802591647,0,0.0041063845109002902,0.00013995354372612083,9.6989590010668227e-05,0.00011816788270654469,0.00014308578421837011,0.0001613891678499147,0.00018472634208030562
1327,7.7000000000000002,6081.3101595779608,2.1821348805157634,44.881472745305075,0,0.0030973506964812633,0.00010556371547390318,7.3157000610523165e-05,8.9131296114934057e-05,0.00010792629190688513,0.00012173211011232618,0.00013933479993947985
1328,7.7000000000000002,6259.3628003857229,2.1200622877511099,3.1119207866024481,0,0.0031906836350054351,0.00010874468293034972,7.5361451610647776e-05,9.1817102985407439e-05,0.00011117845123748035,0.00012540028225777898,0.00014353339660849862
1329,7.7000000000000002,7215.6487292652837,1.8390916071937391,12.252015042646279,0,0.0036780518519216082,0.00012535513645116358,8.6872707660210112e-05,0.00010584191487006502,0.00012816065622472603,0.00014455483311774054,0.00016545773119483462
1330,7.7000000000000002,8052.5191135364657,1.6479611946704209,26.795199231332116,0,0.0041046287922619261,0.0001398937054317349,9.6948121309805701e-05,0.00011811735905159392,0.00014302460670867265,0.0001613201645772616,0.00018464736080592027
1331,7.7000000000000002,6257.2906366591378,2.1207643673612599,45.141303628522735,0,0.0039837269854212844,0.00013577313750505308,9.4092515205239534e-05,0.00011463821322590942,0.00013881181811099249,0.00015656848047515971,0.00017920857433346814
1332,7.7000000000000002,6288.1767020408315,2.1103476647122665,2.8733163907294723,0,0.0032086811542061458,0.00010935807327013214,7.5786538935970689e-05,9.233501082678786e-05,0.00011180556960449715,0.00012610762094938358,0.0001443430177922047
1333,7.7000000000000002,7137.7492189437435,1.8591629674002059,11.834946783101236,0,0.003642067571327681,0.0001241287224185305,8.6022787100562201e-05,0.00010480640876068455,0.00012690679434339258,0.00014314057853799625,0.00016383897276905579
1334,7.7000000000000002,7907.0778697834958,1.6782734705524414,26.543267889533414,0,0.0040346309977936602,0.00013750804491630044,9.5294828158833908e-05,0.00011610305884554006,0.00014058555374408502,0.00015856911051240831,0.00018149849919992883
1335,7.7000000000000002,5982.2135097438559,2.218282412828517,45.182970804692033,0,0.0045757693472013436,0.00015595108877755468,0.00010807609267723968,0.00013167519361058204,0.0001594413634935371,0.00017983693569311335,0.00020584169150939422
1336,7.7000000000000002,6449.67641388437,2.0575046199035345,2.696099983011873,0,0.0032963823091073353,0.00011234709862436131,7.7857971612270061e-05,9.4858753977991253e-05,0.00011486149105865786,0.00012955445267481212,0.00014828826780425561
1337,7.7000000000000002,7077.7799976782735,1.8749154428087611,11.426661769990483,0,0.003617325470120667,0.00012328546365063866,8.5438398024064192e-05,0.00010409441461946788,0.00012604466296114663,0.00014216816421243594,0.0001627259455210667
1338,7.7000000000000002,7785.2214754803499,1.7045422612888705,26.112154290427625,0,0.0039788335309910976,0.00013560635909286371,9.3976935639404952e-05,0.00011449739612814344,0.0001386413071023859,0.00015637615787694639,0.00017898844152938574
1339,7.7000000000000002,8414.4339443598274,1.5770804199306785,44.881592503449014,0,0.0057338365013770327,0.00019542026212688088,0.00013542873298410079,0.00016500045657065796,0.00019979387955551583,0.00022535130333954626,0.00025793752148010559
1340,7.7000000000000002,6758.4296177961442,1.9635092423700111,2.6131370660157915,0,0.0034590375472755238,0.00011789070442328912,8.1699761104009954e-05,9.9539422594006863e-05,0.00012052916593146671,0.00013594713058033011,0.00015560533884016376
1341,7.7000000000000002,7190.6888620840746,1.8454753463778495,11.163071446411138,0,0.0036800947645186494,0.00012542476287234251,8.6920959657724883e-05,0.00010590070299755432,0.00012823184092510207,0.00014463512369042105,0.00016554963193385198
1342,7.7000000000000002,7813.8987482087705,1.6982865335300092,25.763900623319838,0,0.0039989836079083732,0.00013629311277202864,9.445286469419809e-05,0.00011507724731338144,0.00013934343072235269,0.00015716809641488859,0.00017989489585476236
1343,7.7000000000000002,8272.6247059174821,1.6041147145183112,44.713966242924492,0,0.0049393025286652847,0.00016834100425499129,0.00011666246205688924,0.00014213645125295266,0.00017210857237791966,0.00019412452066879177,0.00022219528788070111
1344,7.7000000000000002,7309.3427324241802,1.8155174143884767,2.5336928815746589,0,0.0037466584612909086,0.00012769338268182699,8.8493142107370936e-05,0.00010781618146573455,0.00013055123374568437,0.0001472512108109946,0.00016854401012406832
1345,7.7000000000000002,7465.0291009335369,1.7776540237184673,10.939631765628349,0,0.00382632077063742,0.00013040842859748735,9.0374703539894269e-05,0.00011010859378172763,0.0001333270439444699,0.00015038209974268339,0.00017212763142601613
1346,7.7000000000000002,7989.5167724514886,1.6609564002927975,25.532728232175003,0,0.0040951142658341363,0.00013956943192863007,9.6723395638128489e-05,0.00011784356310288457,0.00014269307577878215,0.00016094622455810583,0.00018421934836359622
1347,7.7000000000000002,8344.7024178752581,1.5902591073857422,44.626789348121314,0,0.0042770665837201741,0.00014577071960876251,0.00010102096705805099,0.00012307953652453265,0.00014903315183010301,0.00016809731649653531,0.00019240450151398927
1348,7.7000000000000002,7971.8510396028169,1.6646371027915141,2.4700992907639776,0,0.0040930847062746814,0.00013950026060485489,9.667545902891635e-05,0.00011778515923073596,0.00014262235636115051,0.00016086645878665096,0.0001841280483130391
1349,7.7000000000000002,7980.6708468480301,1.6627974355929038,10.823795909275972,0,0.0040975799433759863,0.00013965346699859293,9.678163301294025e-05,0.00011791451697819364,0.00014277899160175701,0.00016104313064315681,0.00018433026724901637
1350,7.7000000000000002,8310.6549343952629,1.5967741559727726,25.53389243264812,0,0.0042668190124782908,0.00014542146251749879,0.00010077892744127447,0.00012278464602089777,0.00014867607816503676,0.0001676945663422767,0.00019194351293737267
1351,7.7000000000000002,8418.9116396440622,1.5762416315146166,44.68019581413612,0,0.0043222591753801871,0.00014731097073142216,0.00010208838072206348,0.00012438002673832276,0.00015060787465534468,0.00016987347621602331,0.0001944374972367042
1352,7.7000000000000002,8520.2977829038773,1.5574853551570595,2.5362261848718677,0,0.004381408042102985,0.00014932687876031367,0.00010348543068604313,0.00012608213143080132,0.00015266889986089804,0.00017219814560689946,0.00019709831815079403
1353,7.7000000000000002,8470.919452656768,1.566564183807456,11.008509732956023,0,0.0043560529772348148,0.00014846272900271386,0.00010288656388734713,0.00012535249826483609,0.00015178540993662537,0.00017120164057698995,0.00019595771663774209
1354,7.7000000000000002,8602.1692298745293,1.5426619337322094,25.690059215384636,0,0.0044233845734911311,0.00015075752031507001,0.00010447688352213266,0.00012729007428767094,0.00015413155999330808,0.00017384790769127704,0.00019898663890496795
1355,7.7000000000000002,8536.7158810808141,1.5544899471071347,44.717775667300465,0,0.0043895953531080693,0.00014960591818920975,0.00010367880856762366,0.00012631773460044184,0.00015295418435208306,0.00017251992339135475,0.00019746662560213678
1356,7.7000000000000002,5855.3994289531529,2.2663251550069656,2.6236479603319425,0,0.0030137640378287514,0.00010271492012714693,7.1182749117135522e-05,8.6725954274864513e-05,0.00010501373888810663,0.00011844698636235221,0.00013557464117728725
1357,7.7000000000000002,5847.2718440635836,2.2694752993094554,11.257813126645223,0,0.0030095791367217768,0.00010257229058563426,7.1083905026543599e-05,8.6605526949601916e-05,0.00010486791721573809,0.00011828251133440585,0.00013538638275399368
1358,7.7000000000000002,5830.9430908678569,2.2758306523747698,25.902108568418321,0,0.0030011724249933316,0.00010228577355481146,7.0885345071499108e-05,8.6363610167859326e-05,0.00010457498776961113,0.00011795211066038071,0.00013500820552719064
1359,7.7000000000000002,8762.4933077910191,1.5144364226390847,44.827038748177728,0,0.0045142627485815412,0.0001538548246755127,0.0001066233549301412,0.00012990524135401903,0.00015729818379987771,0.00017741960269807139,0.00020307480766140632
1360,7.7000000000000002,6291.1057058572405,2.1093651321253262,2.8202857996267312,0,0.0040545850601898465,0.00013818811804064263,9.5766127503967336e-05,0.00011667726939462345,0.00014128084729458465,0.0001593533452855518,0.00018239613578176992
1361,7.7000000000000002,6075.6530534146277,2.1841666898658469,11.781839958831586,0,0.00391560440762321,0.00013345138800855777,9.2483513205167086e-05,0.00011267787542472639,0.00013643810653056444,0.0001538911261958811,0.00017614406963929852
1362,7.7000000000000002,5996.9234935213126,2.2128411397587877,26.330453102735866,0,0.0038648306257135197,0.00013172091910391046,9.1284276193231184e-05,0.00011121677739814228,0.00013466890874039265,0.00015189561447766613,0.00017386000321033572
1363,7.7000000000000002,5940.7012280941617,2.2337832705158918,44.868898943531008,0,0.0030629251865044059,0.00010439042736533688,7.2343896993533454e-05,8.8140646161365442e-05,0.00010672674493823654,0.00012037911835200126,0.00013778616305089978
1364,7.7000000000000002,6712.0205946872593,1.9770855633181006,2.9601336602665693,0,0.0051982172848092688,0.00017716532101080102,0.00012277782606614311,0.00014958714381566843,0.00018113038239844494,0.00020430039117658793,0.00023384260821471592
1365,7.7000000000000002,6270.3539041257591,2.1163460980596995,12.183692919473518,0,0.0048561560873417592,0.00016550721236810047,0.00011469860815246109,0.00013974377738139871,0.00016921135860503432,0.0001908566983449774,0.00021845493236311169
1366,7.7000000000000002,6140.3411175489218,2.1611566465784748,26.791883849827588,0,0.0047554678630160009,0.00016207556251444588,0.00011232043105522759,0.00013684631021765084,0.00016570290646155793,0.00018689944867849231,0.00021392545702516268
1367,7.7000000000000002,6219.4860869839104,2.1336552301679395,45.068324590620634,0,0.0040139810675474188,0.00013680425526679558,9.4807092959410815e-05,0.00011550882356904347,0.00013986601287900165,0.00015775752673359919,0.0001805695588952701
1368,7.7000000000000002,6707.817861967962,1.9783242913749426,3.2387220818027824,0,0.0052028148913708661,0.00017732201635417327,0.00012288641793674264,0.00014971944741058493,0.00018129058467337742,0.00020448108635871416,0.00023404943225669101
1369,7.7000000000000002,6291.4915848085629,2.1092357574620735,12.596790588875205,0,0.0048799351407582724,0.00016631764860057207,0.00011526025079347226,0.00014042805825853927,0.00017003993286471229,0.00019179126295600267,0.00021952463675735547
1370,7.7000000000000002,6176.6140844412948,2.1484649740182546,26.987540143963329,0,0.0047908401251366703,0.00016328111777120667,0.00011315589621727629,0.00013786420450159943,0.00016693544273566445,0.00018828964970167228,0.0002155166837053024
1371,7.7000000000000002,6283.3294383731218,2.1119756887816274,45.129471636890905,0,0.0048735995750447039,0.00016610172024053419,0.00011511060968718679,0.00014024574206673277,0.00016981917190426481,0.00019154226248474697,0.00021923963035423607
1372,7.7000000000000002,6337.1463871497563,2.0940401574688061,3.475158988344206,0,0.0049252575080863783,0.00016786232272955048,0.0001163307296572507,0.00014173228297792299,0.00017161917768568824,0.00019357252312018235,0.0002215634704585632
1373,7.7000000000000002,5983.4398681356579,2.217827756424791,12.7300725685791,0,0.0046503533324219774,0.00015849305556345507,0.00010983770806632682,0.00013382146890310361,0.00016204022095247633,0.00018276823627583677,0.00020919686361541763
1374,7.7000000000000002,5964.5751682704422,2.2248422803091183,26.674374965219023,0,0.0046357547577801613,0.00015799550784257089,0.00010949290115272888,0.00013340137121099083,0.00016153153782853851,0.00018219448293954217,0.00020854014447817888
1375,7.7000000000000002,6037.348562184703,2.1980243283564733,44.919461384984125,0,0.0046923037968579114,0.00015992280870595326,0.00011082854522139545,0.00013502866164109289,0.00016350197278945286,0.00018441697387658047,0.00021108401174371627
1376,7.7000000000000002,7901.1375911798659,1.679535239743664,3.5170362683901661,0,0.005468232362748497,0.00018636795824965879,0.00012915537099319688,0.00015735726616398349,0.0001905389799311802,0.00021491252664998709,0.00024598927824082774
1377,7.7000000000000002,8001.9865187448986,1.658368079896662,12.774951878872367,0,0.0055383180474993122,0.00018875661423628431,0.00013081074004389208,0.00015937409555564377,0.00019298109540732036,0.00021766703497966264,0.0002491420936047677
1378,7.7000000000000002,8113.6895816787237,1.6355369385113128,26.657690638705244,0,0.0056156155039509313,0.00019139106138138322,0.00013263644550089675,0.0001615984553892743,0.00019567450298888178,0.00022070498043765064,0.00025261933163362653
1379,7.7000000000000002,8208.7219643781609,1.6166023256770423,44.899775028223047,0,0.0056813864679114432,0.00019363266332005273,0.00013418990422162864,0.00016349112168346851,0.00019796627326322094,0.00022328991156480088,0.00025557804861574789
1380,7.7000000000000002,7231.6362144227596,1.835025798447081,3.4461268893451749,0,0.0043840143236089603,0.00014941570588591305,0.00010354698901650291,0.00012615713141350649,0.00015275971498846013,0.00017230057771044831,0.00019721556212727806
1381,7.7000000000000002,7665.4559815209723,1.7311741206838009,12.757659692794027,0,0.0046471268476492395,0.00015838309070835579,0.00010976150101984765,0.00013372862156424206,0.00016192779502091772,0.00018264142893688196,0.00020905171969909329
1382,7.7000000000000002,7868.2352226396852,1.686558503013077,26.818952721755483,0,0.0047701062271097326,0.00016257446633697706,0.00011266617776455527,0.00013726755291585703,0.00016621297603747461,0.00018747476582025053,0.0002145839660970474
1383,7.7000000000000002,8192.4828149639325,1.6198067567760135,45.007419918306631,0,0.0049668371533964873,0.00016927943763746472,0.00011731280835463315,0.00014292880479338917,0.00017306800843715,0.00019520668678368739,0.00022343393723115704
1384,7.7000000000000002,6864.7127853741958,1.9331091384803785,3.2219578548614738,0,0.0041666907065836542,0.00014200889576929256,9.8413975179399113e-05,0.00011990329141926344,0.00014518713621784198,0.00016375932259594418,0.00018743922561661249
1385,7.7000000000000002,7372.5831443699808,1.7999443015551033,12.293341428787294,0,0.0038355480480299388,0.00013072291209668206,9.0592644614053178e-05,0.00011037412367298004,0.0001336485657645538,0.00015074475029719088,0.00017254272192607906
1386,7.7000000000000002,7801.3165134258097,1.7010255891569463,26.422388254287981,0,0.0040587916082921987,0.00013833148535371715,9.5865482879657149e-05,0.00011679831964733085,0.00014142742325026528,0.00015951867108394139,0.00018258536799849724
1387,7.7000000000000002,8497.5389767395391,1.5616567402367683,44.851004680362166,0,0.0044212784232593215,0.00015068573863272173,0.00010442713790115104,0.00012722946639454885,0.00015405817179578292,0.00017376513175240032,0.00019889189341117382
1388,7.7000000000000002,6518.7600133747528,2.0356998863622788,2.874857508088327,0,0.0045260970214455682,0.00015425815963363606,0.00010690287119806729,0.00013024579177349426,0.00015771054562544679,0.00017788471341640872,0.00020360717425580316
1389,7.7000000000000002,6989.912230569149,1.8984843558428244,11.446936594621915,0,0.0033366097995755645,0.00011371812947432015,7.8808113469983282e-05,9.6016365342102447e-05,0.00011626320636454421,0.00013113547393429824,0.00015009790768224092
1390,7.7000000000000002,7642.3958198247437,1.7363977646939344,25.510104555046002,0,0.0036481421493058958,0.00012433575581066297,8.6166263880691035e-05,0.00010498121460658525,0.00012711846126145669,0.00014337932166649315,0.00016411223859855094
1391,7.7000000000000002,8438.3976284822384,1.5726017666741294,44.438025468512421,0,0.0043943045784757533,0.00014976641771784934,0.0001037900367871114,0.00012645325020776258,0.00015311827595212865,0.00017270500541698844,0.00019767847083336022
1392,7.7000000000000002,6574.1747278239036,2.0185406637104228,11.127628463297286,1,0.011526002776355869,0.00039282851600140373,0.00027223516959338248,0.000331679447099103,0.00040162024325296708,0.00045299508406339013,0.00051849901684361923
1393,7.7000000000000002,7113.6659874447769,1.8654571414895194,25.130936085342029,1,0.012471442826521163,0.00042505094550112559,0.00029456572402679901,0.00035888601985366184,0.00043456382918610645,0.00049015277899992836,0.00056102978366773368
1394,7.7000000000000002,7619.825536744228,1.7415410568730703,44.26031468631939,1,0.017001479152360523,0.0005794433642642376,0.00040156163851320594,0.00048924517150816956,0.00059241163873726809,0.00066819231499964211,0.00076481416814071798
1395,7.7000000000000002,8079.9845512451284,1.64235945431418,6.880130876081239,1,0.0241539767917976,0.00082321434783257097,0.00057049803785910703,0.00069506990610676566,0.00084163835658170071,0.00094929985351998171,0.0010865703802450633
1396,7.7000000000000002,8844.5551254484999,1.5003851330257869,18.050275574591922,1,0.014805983971778567,0.00050461663288035689,0.00034970575972986313,0.00042606623239686028,0.00051591024223449685,0.00058190493999321917,0.00066604947801311763
1397,7.7000000000000002,9181.7273431610956,1.4452878551587722,34.642786622468634,1,0.018663607037794946,0.0006360919043790432,0.00044081979900101662,0.00053707560056027765,0.00065032800563552139,0.00073351728288278571,0.00083958524803617049
1398,7.7999999999999998,9163.1035206923498,2.0456727131095405,7.4827783098752274,1,0.025291007394512729,0.00070051947872413459,0.0004896202919401709,0.00057947958527965063,0.00069510071112819662,0.00081104854883492594,0.00093358202171707765
1399,7.7999999999999998,9145.8200296327486,2.0495385628565663,18.647290697078212,1,0.016828868914408112,0.00046613210361860698,0.00032579784515357458,0.00038559104535166363,0.00046252640582542746,0.00053967916337430122,0.00062121406313508801
1400,7.7999999999999998,9118.6283516220683,2.0556502707278224,34.825714782732405,1,0.025168251842609537,0.00069711935100726173,0.00048724381052040914,0.00057666695171397194,0.00069172688460986836,0.00080711194359498937,0.00092905067290462813
1401,7.7999999999999998,9345.3293602623271,2.0057838645455863,7.1266130706716346,0,0.0047033562522114797,0.00013027526419402103,9.105444577134769e-05,0.00010776553452138482,0.00012926753863947606,0.00015083030120174032,0.00017361779111052487
1402,7.7999999999999998,9328.6369239078449,2.0093729654799324,18.182834687907338,0,0.0031300211980161306,8.6696460280402983e-05,6.0595525866007435e-05,7.1716533764346242e-05,8.6025832290863565e-05,0.00010037556475604555,0.00011554033702489881
1403,7.7999999999999998,9367.5317452534855,2.0010298709877574,34.502008759778029,0,0.0047146091204479552,0.00013058695021222515,9.1272295244291298e-05,0.00010802336558826016,0.00012957681365535003,0.00015119116553233256,0.00017403317493903158
1404,7.7999999999999998,9516.6826385651639,1.9696685863745955,7.0182115632870641,0,0.0048249230877962053,0.00013364246641596301,9.3407914282932181e-05,0.0001105509316536351,0.00013260869435330032,0.00015472878591013664,0.00017810526012939675
1405,7.7999999999999998,9498.6470687437741,1.973408497443768,18.228817549445555,0,0.0032104650683765067,8.8924623724126822e-05,6.2152875902573803e-05,7.3559701966686606e-05,8.823676009698702e-05,0.00010295529134821773,0.00011850980953163972
1406,7.7999999999999998,9461.6477190575879,1.9811254229982405,34.684078928345173,0,0.0047967949729140888,0.00013286336370695078,9.2863369116918097e-05,0.00010990644691278117,0.00013183561828115077,0.00015382675514478435,0.00017706695026893489
1407,7.7999999999999998,10049.259724950658,1.8652827524338205,6.9648060981701825,0,0.0051295608663490689,0.00014208043389201663,9.9305537724512458e-05,0.00011753093726680133,0.00014098139114649143,0.0001644981092257908,0.00018935053592076311
1408,7.7999999999999998,9820.3135081753462,1.9087690860453135,18.195100694922314,0,0.0033416360242006825,9.2557844345367659e-05,6.4692275013209413e-05,7.6565153267856221e-05,9.1841876463072614e-05,0.00010716176725923938,0.0001233518011620508
1409,7.7999999999999998,9597.7353881145045,1.9530347609802923,34.689214080615677,0,0.0048986877705818584,0.00013568562730422671,9.4835958842684337e-05,0.0001122410631348425,0.00013463605066460241,0.00015709431995136083,0.00018082817980642356
1410,7.7999999999999998,10343.911634694054,1.8121491657766584,7.0816129260440288,0,0.0052952247194971748,0.00014666905127053679,0.00010251270076381107,0.00012132670623007805,0.00014553451393575881,0.00016981072590389616,0.00019546578441738906
1411,7.7999999999999998,10054.127402049176,1.8643796811106508,18.265338346710227,0,0.0034312528201767578,9.5040082803599574e-05,6.6427207952973166e-05,7.86184959028979e-05,9.4304913923000603e-05,0.00011003565722312438,0.00012665987933632326
1412,7.7999999999999998,9845.3724463186481,1.9039107907682324,34.696617941617561,0,0.0050400140093564199,0.00013960013262906713,9.7571958765827789e-05,0.00011547919710699832,0.0001385202758969506,0.00016162646211092049,0.00018604503944584828
1413,7.7999999999999998,10501.18548479833,1.7850090227254265,7.3511681147057644,0,0.005394925875801402,0.00014943060999190208,0.00010444286149228563,0.00012361110652326724,0.00014827471101712964,0.00017300800772333257,0.00019914611259167229
1414,7.7999999999999998,10132.45361890086,1.8499675937042857,18.650165985388924,0,0.0034701178358710152,9.6116580078304956e-05,6.7179613740281187e-05,7.9508989619699459e-05,9.5373084107986915e-05,0.00011128200593860154,0.00012809452681239743
1415,7.7999999999999998,10016.409468667094,1.8714002156476042,35.003274264417115,0,0.0051455120379712551,0.0001425222552182892,9.961434382245133e-05,0.00011789641809451856,0.00014141979482748974,0.00016500964181896059,0.00018993935102090925
1416,7.7999999999999998,10472.787868290756,1.7898491858536607,7.4845058912190749,0,0.0054143949207441462,0.00014996987064695637,0.00010481977172444708,0.00012405719053697325,0.00014880980029900712,0.0001736323537765246,0.00019986478504528486
1417,7.7999999999999998,10046.897948933645,1.8657212340519316,18.911087913673747,0,0.0034629284100377131,9.591744475884104e-05,6.7040430325383002e-05,7.9344262077008347e-05,9.5175489171123458e-05,0.00011105145073381672,0.00012782913925389727
1418,7.7999999999999998,9843.2749192323517,1.9043164996899373,35.228022882521614,0,0.0050890216810598752,0.00014095756486178382,9.8520720914857879e-05,0.00011660208418030649,0.0001398672079080179,0.00016319807214593593,0.00018785408882513417
1419,7.7999999999999998,9917.2153474967272,1.8901183631562244,7.349430628632085,0,0.0051600704170949203,0.00014292549847371569,9.9896186207197577e-05,0.00011822998659834794,0.00014181991885275609,0.00016547650943231628,0.00019047675314187593
1420,7.7999999999999998,9747.4881960368421,1.9230298578150187,18.754022641660107,0,0.0033813183991121807,9.3656981131574503e-05,6.5460504435073505e-05,7.7474374707632311e-05,9.2932511034877878e-05,0.00010843432758411109,0.00012481662030580898
1421,7.7999999999999998,9422.0397739357941,1.9894535885458506,35.140993645387297,0,0.0049025128664575571,0.00013579157619456218,9.4910010640232155e-05,0.00011232870555007447,0.00013474118000254679,0.00015721698562500312,0.00018096937784907926
1422,7.7999999999999998,9981.9180636256751,1.8778666304609766,7.1793200064822038,0,0.0052119468665715952,0.0001443623911517568,0.00010090048634998666,0.00011941860447187109,0.00014324569665431043,0.00016714011730725977,0.00019239169942402543
1423,7.7999999999999998,9725.4812580811631,1.9273813133003386,18.507475830911901,0,0.003385367504579277,9.3769134720668977e-05,6.553889293775238e-05,7.7567149737121083e-05,9.3043797076027126e-05,0.00010856417694368547,0.00012496608734795367
1424,7.7999999999999998,9267.0028477291289,2.0227371403335304,34.988328708098024,0,0.0048386618831039035,0.00013402300854214712,9.3673889966088288e-05,0.00011086572146342632,0.00013298629285064201,0.00015516937057421238,0.00017861240846474147
1425,7.7999999999999998,10342.212405634415,1.8124469025086183,7.2064977660886553,0,0.0054216168581912123,0.00015016990648486825,0.00010495958454669051,0.00012422266300121559,0.00014900828878848771,0.00017386395158498083,0.00020013137272435093
1426,7.7999999999999998,9927.3989609898708,1.8881794630533564,18.529884246779378,0,0.0034695207082702491,9.610004062184537e-05,6.7168053671294925e-05,7.9495307948224169e-05,9.5356672590112104e-05,0.00011126285686057091,0.00012807248468556357
1427,7.7999999999999998,9547.0976397086306,1.9633936455949321,35.010565862217064,0,0.0050052268252362905,0.00013863658460956828,9.6898497603170833e-05,0.00011468213660590681,0.0001375641812644649,0.00016051088396258601,0.00018476091939581969
1428,7.7999999999999998,10436.016536279003,1.796155724218677,7.1532183127686011,0,0.0055082126499683484,0.00015256846807512682,0.00010663603247101917,0.00012620678695180466,0.00015138829665081019,0.00017664096201246171,0.00020332793477102648
1429,7.7999999999999998,10167.050029274355,1.8436725289740856,18.464791346982835,0,0.0035775914588800804,9.9093423396267815e-05,6.9260245241143566e-05,8.1971476365217826e-05,9.8326900482946069e-05,0.00011472854029841696,0.00013206176468018722
1430,7.7999999999999998,10010.76183511302,1.8724559777189704,34.948521420001804,0,0.0052840134698850395,0.00014635851802005648,0.00010229565700503621,0.00012106982874890991,0.00014522638277053991,0.00016945119622654048,0.00019505193688195468
1431,7.7999999999999998,10645.63521638288,1.7607883849741084,6.7030373518958886,0,0.0056346989698980807,0.00015607193195542026,0.00010908473955193482,0.00012910490164819011,0.00015486465999054103,0.00018069720795894532,0.00020799699964604498
1432,7.7999999999999998,10346.004483651399,1.8117825938794452,17.807707394620422,0,0.0036507369528547616,0.00010111943376868501,7.067630263875287e-05,8.3647420698013353e-05,0.00010033723894374837,0.00011707421778830811,0.00013476182787178602
1433,7.7999999999999998,10281.614268617492,1.8231291653191728,34.422681642545889,0,0.005442023904699683,0.00015073514824686762,0.00010535465398434691,0.00012469023895274043,0.00014956915820419717,0.00017451837808521954,0.00020088467018852338
1434,7.7999999999999998,10381.523467286772,1.8055838238717832,6.2530525403882464,0,0.005515458867145313,0.00015276917642178723,0.00010677631533576646,0.0001263728157247615,0.00015158745244694469,0.00017687333843915932,0.00020359541870222566
1435,7.7999999999999998,10144.893022473574,1.8476992116283433,17.121574877744862,0,0.0035934008311242285,9.9531317112032942e-05,6.9566306179437792e-05,8.2333708218171146e-05,9.8761406934902671e-05,0.00011523552557648815,0.00013264534545542243
1436,7.7999999999999998,10175.478640297155,1.8421453675353496,33.892365508479003,0,0.005406517003055061,0.00014975166523082152,0.00010466725947775629,0.00012387668794155949,0.00014859328277946061,0.00017337971956508708,0.00019957398277678002
1437,7.7999999999999998,9681.0728067249274,1.936222484212426,6.2268259403633976,0,0.0051640247547442165,0.00014303502714948466,9.9972740055926369e-05,0.00011832059026254073,0.00014192860028521903,0.00016560331971559352,0.00019062272196310932
1438,7.7999999999999998,9696.8455008949732,1.9330730636007609,17.132474106811149,0,0.0034482920925022181,9.5512042737068255e-05,6.6757079094928942e-05,7.9008907811233629e-05,9.4773223078337143e-05,0.00011058208374054994,0.00012728886014590709
1439,7.7999999999999998,9792.1213470353305,1.9142645577358441,33.924953201722872,0,0.0052232596580023324,0.00014467573694428915,0.00010111949590372147,0.00011967780852746206,0.00014355661860556714,0.00016750290329399601,0.00019280929523309798
1440,7.7999999999999998,9138.9992551313808,2.0510682095912736,6.3862201259656066,0,0.0048863693005998391,0.00013534442586310281,9.4597479893436908e-05,0.00011195881649416464,0.00013429748853811428,0.00015669928320778884,0.00018037346078590837
1441,7.7999999999999998,9277.6607662149127,2.0204134762006114,17.469349543030471,0,0.0033070545889107203,9.1599995231452454e-05,6.4022797037173747e-05,7.5772806981778661e-05,9.0891436653106733e-05,0.0001060527871988153,0.00012207527604115405
1442,7.7999999999999998,9292.7188899299672,2.0171395542795296,34.230689846023736,0,0.0049685492115485478,0.00013762067478752786,9.6188438741483988e-05,0.00011384176168381369,0.00013655612986662432,0.00015933468228377799,0.00018340701679303963
1443,7.7999999999999998,9139.1126987234838,2.051042749729576,6.489319899366655,0,0.0049133512365419994,0.00013609178129289368,9.5119835652028703e-05,0.00011257703943822962,0.00013503906290755123,0.0001575645575580464,0.0001813694610603849
1444,7.7999999999999998,9136.051007693939,2.0517300991306215,17.681039112378286,0,0.0032742645635878494,9.069176523933627e-05,6.3387999793992639e-05,7.5021506332539629e-05,8.9990232143365292e-05,0.00010500125524362141,0.00012086487830350909
1445,7.7999999999999998,8982.3799872749732,2.0868312035600014,34.45056747078506,0,0.0048286236740234913,0.00013374496659298145,9.3479555640695839e-05,0.00011063572124460824,0.00013271040165495313,0.00015484745872702609,0.00017824186207323066
1446,7.7999999999999998,9332.9984478790393,2.0084339394632718,6.5942636850824536,0,0.0050432327515519872,0.00013968928651565671,9.7634271882458164e-05,0.00011555294645843832,0.00013860874014648314,0.00016172968283859128,0.00018616385479390657
1447,7.7999999999999998,9096.1087657799126,2.0607395230581442,17.82606014157717,0,0.003276785016816591,9.0761577665326456e-05,6.3436794412033274e-05,7.5079256155191016e-05,9.0059504545382917e-05,0.00010508208278448167,0.00012095791729496668
1448,7.7999999999999998,8911.4349008024692,2.103444736828,34.571872817184023,0,0.0048154731194467596,0.00013338071777151993,9.3224967981509456e-05,0.00011033440948610646,0.00013234897042782064,0.00015442573815103406,0.00017775642781840101
1449,7.7999999999999998,9023.7341444466092,2.0772676299660469,6.5627907393833569,0,0.0048871547549605814,0.00013536618166233873,9.4612685867141843e-05,0.00011197681319789886,0.0001343190760484967,0.00015672447167140038,0.00018040245473061883
1450,7.7999999999999998,8929.9534003361041,2.0990827162628634,17.74338650786342,0,0.0032242427597734742,8.9306243208272777e-05,6.2419604593084893e-05,7.3875382982167145e-05,8.8615427618543105e-05,0.00010339712335749668,0.00011901839366149788
1451,7.7999999999999998,8910.6751418475014,2.1036240847393133,34.489001282812566,0,0.0048259232477709134,0.00013367016920902278,9.3427276841772351e-05,0.0001105738477944719,0.00013263618285539187,0.00015476085969365328,0.00017814217963033489
1452,7.7999999999999998,8637.8635212962436,2.1700633256665962,6.3758218141127863,0,0.0046888146579245173,0.00012987248585107802,9.0772928332006676e-05,0.00010743235059971382,0.0001288678759304296,0.00015036397185549428,0.00017308100857823408
1453,7.7999999999999998,8767.7463795422682,2.1379166353870849,17.416149097196858,0,0.0031729152401906795,8.7884554989157266e-05,6.142593143761599e-05,7.269934245134494e-05,8.7204736664010866e-05,0.00010175111892502974,0.00011712371035551677
1454,7.7999999999999998,8866.8256598756307,2.1140272244781251,34.221535152677426,0,0.0048131886973347675,0.00013331744302085002,9.3180742798860912e-05,0.00011028206772061602,0.00013228618512987686,0.00015435247981023504,0.00017767210158415892
1455,7.7999999999999998,8556.9465869113465,2.1905840651559165,6.5112209374847145,0,0.0046653272079953973,0.00012922192195995852,9.0318223941950594e-05,0.00010689419498052897,0.00012822234438264867,0.00014961076096580157,0.00017221400234760981
1456,7.7999999999999998,8646.2247387521129,2.1679647945842864,17.521857614812873,0,0.0031426064721767179,8.7045051760253951e-05,6.0839170000562189e-05,7.2004893549207564e-05,8.637172729149789e-05,0.00010077915755033055,0.00011600490474699176
1457,7.7999999999999998,8704.3429340747516,2.1534894686075252,34.264683411304333,0,0.0047455219974312955,0.00013144318627006331,9.1870751905870452e-05,0.00010873165612230957,0.0001304264264224081,0.00015218249986815227,0.00017517428038180884
1458,7.7999999999999998,8769.7651181066176,2.1374245019375464,6.8524973611189921,0,0.0048019995321018794,0.00013300752147150116,9.2964126581782816e-05,0.00011002569624724457,0.00013197866093406333,0.00015399365834918176,0.00017725906926257124
1459,7.7999999999999998,8625.52744675137,2.1731669112870446,17.931602612027579,0,0.0031485598122201878,8.7209949528020364e-05,6.0954423459810917e-05,7.2141299306621845e-05,8.6535349516316887e-05,0.00010097007314841878,0.00011622466393439992
1460,7.7999999999999998,8502.1905323199298,2.204691928323979,34.52795214440922,0,0.0046551673896037538,0.00012894051163206505,9.0121535325740903e-05,0.00010666140839135642,0.00012794311086384083,0.00014928494927177009,0.00017183896691915128
1461,7.7999999999999998,8956.9646469356085,2.092752576185652,6.8548976312090533,0,0.0049152252146232997,0.00013614368741621157,9.5156114859137509e-05,0.00011261997691495547,0.00013509056751852348,0.00015762465351150837,0.00018143863632962204
1462,7.7999999999999998,8634.4681758766055,2.1709166630607521,17.994033933167607,0,0.003158834669692931,8.7494546250028852e-05,6.115333917071849e-05,7.2376721725912459e-05,8.6817744781346709e-05,0.00010129957399086296,0.00011660394586898746
1463,7.7999999999999998,8376.5141597834026,2.2377698505750505,34.585144352760878,0,0.0045966971213738765,0.00012732098097508772,8.8989582400578107e-05,0.00010532170980772505,0.0001263361078531477,0.00014740988650902226,0.00016968061907745037
1464,7.7999999999999998,8944.4018246678188,2.0956919430858032,6.5481001639037135,0,0.0049200199369358244,0.00013627649337062071,9.5248938102664756e-05,0.00011272983587208803,0.00013522234617158819,0.00015777841379922562,0.00018161562677054336
1465,7.7999999999999998,8630.8932640445964,2.1718158556967468,17.693194509610418,0,0.0031650771704190128,8.7667453295064895e-05,6.1274190625160916e-05,7.2519752870359576e-05,8.6989314328823851e-05,0.00010149976258264235,0.00011683437901692486
1466,7.7999999999999998,8338.9104222133501,2.2478609183456126,34.416648185162217,0,0.0045869853503580846,0.00012705198082561375,8.8801567740432946e-05,0.00010509918909303881,0.00012606918851561051,0.00014709844309096829,0.00016932212268867689
1467,7.7999999999999998,8849.095688423371,2.1182628711090383,6.1250883036517649,0,0.0048897615078733721,0.00013543838444822013,9.4663151200620544e-05,0.00011203654035993979,0.00013439072032012068,0.00015680806672691203,0.00018049867935372214
1468,7.7999999999999998,8600.3022584917762,2.1795409366188414,17.062143045214086,0,0.0031682112201731867,8.775426133975218e-05,6.1334864141706033e-05,7.2591561708317863e-05,8.7075450882376481e-05,0.00010160026733776929,0.00011695006806244301
1469,7.7999999999999998,8354.8685705487187,2.2435674099954412,33.940799447536705,0,0.004616768061514182,0.0001278769131412236,8.9378144999833928e-05,0.00010578158473035072,0.00012688773968603248,0.00014805353453065383,0.00017042150964703733
1470,7.7999999999999998,8548.6701511817664,2.192704889553732,5.8485931530754698,0,0.0047414826146023985,0.00013133130198212149,9.1792551628234537e-05,0.00010863910386252957,0.00013031540759927119,0.00015205296230049191,0.00017502517223719975
1471,7.7999999999999998,8434.7137832393091,2.2223292125129457,16.569773484303795,0,0.0031189129532520673,8.6388780095494644e-05,6.0380476225655679e-05,7.1462016379227741e-05,8.5720532121738558e-05,0.00010001933830545539,0.00011513029176878092
1472,7.7999999999999998,8409.8604517354452,2.2288967750719544,33.569436601090331,0,0.0046647261478574989,0.00012920527357866178,9.0306587741161877e-05,0.00010688042320489328,0.00012820582478250911,0.00014959148577660088,0.00017219181505669017
1473,7.7999999999999998,8468.210566395599,2.2135385855971674,5.9455154488170656,0,0.0047046075735008635,0.00013030992374410069,9.1078670678068974e-05,0.00010779420538967064,0.00012930193008559495,0.00015087042939039054,0.00017366398187868755
1474,7.7999999999999998,8400.3702022405032,2.2314148529643147,16.761963574849258,0,0.0031112787417372162,8.6177324941200817e-05,6.0232681999339281e-05,7.1287097695540863e-05,8.5510712648354228e-05,9.9774519422836974e-05,0.00011484848557146049
1475,7.7999999999999998,8389.9768641212468,2.2341790857419244,33.806131263140301,0,0.0046611439792341473,0.00012910605337530695,9.0237238884479916e-05,0.00010679834685435962,0.00012810737208275569,0.00014947661045280176,0.00017205958433241125
1476,7.7999999999999998,8790.3491953051471,2.1324193639189781,6.2016017934508216,0,0.0048945300206948402,0.00013557046444265754,9.4755467042506472e-05,0.00011214579879275273,0.00013452177862877254,0.0001569609865115463,0.00018067470230808717
1477,7.7999999999999998,8569.6674544848393,2.1873323485695431,17.234524084153897,0,0.0031810300616531887,8.8109322251772894e-05,6.1583030013862431e-05,7.2885273098644249e-05,8.742776527181921e-05,0.0001020113503214529,0.00011742325759413274
1478,7.7999999999999998,8343.7617775197541,2.2465539332847908,34.208017243479432,0,0.0046456783014048606,0.00012867767943186974,8.9937831685086553e-05,0.00010644398989123888,0.00012768231176429843,0.00014898064699177675,0.00017148869055384934
1479,7.7999999999999998,9017.6996511692778,2.078657702604652,6.4056885663678038,0,0.0050396210382952483,0.00013958924797435049,9.7564351057574276e-05,0.00011547019316721836,0.00013850947543891378,0.00016161386005818587,0.00018603053347097576
1480,7.7999999999999998,8643.5684839020669,2.1686310317999768,17.584977637612273,0,0.0032203232477068249,8.9197679144099607e-05,6.2343724948893568e-05,7.3785577258280753e-05,8.8507703336061793e-05,0.0001032714298837568,0.00011887371037774222
1481,7.7999999999999998,8334.7488965006305,2.2489832714154501,34.447572802048484,0,0.0046578894927769253,0.00012901590943121784,9.0174233778180903e-05,0.00010672377851340305,0.00012801792543417091,0.00014937224345479494,0.00017193944953512976
1482,7.7999999999999998,9156.8450151912002,2.047070886160117,6.6354244949271459,0,0.0051328994416531167,0.00014217290695942716,9.9370170745630734e-05,0.00011760743229139391,0.00014107314890179944,0.00016460517283987649,0.00018947377473973889
1483,7.7999999999999998,8807.9664632033819,2.128154201992841,17.984846782378256,0,0.0032916067254559213,9.1172114717009005e-05,6.3723734714483046e-05,7.5418858190075497e-05,9.0466865946794262e-05,0.00010555739502079027,0.00012150503985520956
1484,7.7999999999999998,8506.3056296783689,2.2036253640215202,34.766523715804503,0,0.0047683319443926828,0.0001320749844387113,9.2312340203092537e-05,0.00010925428847139913,0.00013105333740726262,0.00015291398415003378,0.00017601627754179906
1485,7.7999999999999998,9055.2664885364975,2.0700341468037573,6.8024424068306493,0,0.0050924271564796227,0.00014105189095281836,9.8586649086211531e-05,0.00011668011205215565,0.00013996080435315237,0.0001633072811566406,0.00018797979716793294
1486,7.7999999999999998,8927.4797624413768,2.0996643328768778,18.264073914967764,0,0.0033471304207755596,9.2710030130793177e-05,6.4798643573902258e-05,7.6691043494327092e-05,9.199288503726038e-05,0.00010733796515832917,0.00012355461909581181
1487,7.7999999999999998,8705.639529609547,2.1531687334312375,35.000427762746156,0,0.0048959946761559141,0.00013561103299985643,9.4783821983978608e-05,0.00011217935767500369,0.0001345620333737366,0.00015700795603979472,0.00018072876800761186
1488,7.7999999999999998,9058.3555262618484,2.0693282335114711,6.8315761555046626,0,0.0051034029617367093,0.00014135590278031637,9.8799134768985048e-05,0.00011693159492032589,0.0001402624645409178,0.00016365926045059257,0.00018838495360563607
1489,7.7999999999999998,9121.0658472963387,2.055100922797811,18.255000242494511,0,0.0034258222937069926,9.4889666115467858e-05,6.6322075883141411e-05,7.849406909864049e-05,9.415566076150917e-05,0.00010986150755229441,0.00012645941907779947
1490,7.7999999999999998,9066.9154404177043,2.0673746174051395,34.974640425680967,0,0.0051082255469320614,0.00014148948049094105,9.8892497422928478e-05,0.00011704209228507637,0.00014039500898038892,0.00016381391426344036,0.00018856297256574899
1491,7.7999999999999998,9276.9201404209271,2.0205747765365358,6.8499621112117808,0,0.0052370304972059276,0.00014505716663390243,0.00010138609193945663,0.00011999333254223039,0.00014393509780071887,0.00016794451556266103,0.00019331762642386038
1492,7.7999999999999998,9505.7754223668908,1.9719286440927681,18.287366972117052,0,0.0035775652306897893,9.9092696918357936e-05,6.9259737477495124e-05,8.1970875412452465e-05,9.8326179624601495e-05,0.00011472769919567469,0.00013206079650337495
1493,7.7999999999999998,9663.2737067305679,1.9397888757536095,35.009744720226593,0,0.0054553758742958321,0.00015110497593445369,0.00010561314092991086,0.00012499616562792386,0.00014993612514293837,0.00017494655776964738,0.00020137753939594697
1494,7.7999999999999998,9719.2837696747665,1.9286103054387465,6.9619307316170467,0,0.0054976644330836334,0.00015227629974516328,0.00010643182466901351,0.00012596510119170637,0.00015109838834690884,0.00017630269490179689,0.0002029385621576256
1495,7.7999999999999998,9976.8241092627795,1.8788254292541007,18.569603323616157,0,0.0037622272285646476,0.00010420753178727342,7.2834694374204593e-05,8.6201938899810882e-05,0.00010340144942461022,0.00012064956079118618,0.00013887733483342697
1496,7.7999999999999998,10192.213103818842,1.8391207727647481,35.295656864680289,0,0.0057651745543333211,0.00015968589192819036,0.00011161067664671844,0.00013209442026950282,0.00015845066469612979,0.00018488138424595043,0.00021281332261814602
1497,7.7999999999999998,10617.257166922307,1.7654946607186639,7.4195480297902439,0,0.0060212647330425825,0.00016677917040845781,0.00011656844468287203,0.00013796208019454129,0.0001654890741417091,0.00019309385141157577,0.00022226653193685241
1498,7.7999999999999998,10468.685104160597,1.7905506425280231,19.126028956179717,0,0.0039577056774689869,0.00010962196463260092,7.6619051941603043e-05,9.0680834055516417e-05,0.00010877399970400809,0.00012691829140516579,0.00014609314726365174
1499,7.7999999999999998,10313.786326756022,1.8174422317680539,35.626527405324239,0,0.0058482652947541161,0.00016198736933707391,0.00011321926866315119,0.00013399823481704306,0.00016073433935778815,0.00018754599239653467,0.00021588050061615828
1500,7.7999999999999998,11175.575794954295,1.6772926230916376,7.8764990561062138,0,0.0063628247253045426,0.00017623982272649402,0.00012318086231091272,0.00014578806512177773,0.00017487654494549137,0.00020404722039933049,0.00023487473939729444
1501,7.7999999999999998,10762.157051369515,1.7417243355775955,19.439627636511126,0,0.0040849993454183985,0.0001131477907306215,7.9083388845677826e-05,9.3597447093558348e-05,0.00011227255228174961,0.00013100042791541983,0.00015079201425705503
1502,7.7999999999999998,10295.881614450693,1.820602794555187,35.601951258727397,0,0.0058620382901780942,0.00016236885875045996,0.00011348590644215251,0.00013431380823615791,0.00016111287781472798,0.00018798767381228369,0.00021638891140076812
1503,7.7999999999999998,10650.899770593518,1.7599180579495548,7.6293906631650685,0,0.0060734108320385843,0.00016822353193650443,0.00011757796509523421,0.00013915687640604811,0.00016692226301905476,0.00019476610658347869,0.0002241914319523381
1504,7.7999999999999998,10478.722905050767,1.7888354343870769,18.961278674687183,0,0.0039834875029792736,0.0001103360789691829,7.7118174208114096e-05,9.1271559498809547e-05,0.00010948259011192801,0.00012774507983001005,0.00014704484714685501
1505,7.7999999999999998,10478.421567473892,1.7888868775678801,35.174747363486304,0,0.0059750594242064057,0.00016549935903695709,0.00011567393477076537,0.00013690340219154823,0.00016421916256685847,0.00019161210937989291,0.00022056092784744397
1506,7.7999999999999998,10338.540318886468,1.8130906551126393,7.0677596408492613,0,0.0062311991140825635,0.00017259400889544938,0.00012063266131646394,0.00014277219653998125,0.00017125893278256376,0.00019982616430196608,0.00023001596480134765
1507,7.7999999999999998,10477.266194576203,1.7890841457652313,18.292657815346065,0,0.0043207282114611596,0.00011967709420140118,8.3646972826742331e-05,9.8998578942602005e-05,0.00011875134926534931,0.00013855993520353068,0.00015949361431214111
1508,7.7999999999999998,8084.6063368721771,2.3185681601078887,25.177039588381849,0,0.0030809959569812109,8.5338541405982887e-05,5.9646423584175728e-05,7.0593244134162749e-05,8.4678417402439724e-05,9.8803391296229911e-05,0.00011373063909841457
1509,7.7999999999999998,8621.5294966448691,2.1741746458065179,44.297990068605351,0,0.0058410375644307464,0.000161787173045977,0.00011307934369394016,0.0001338326296236648,0.0001605356916562851,0.0001873142088183364,0.0002156136991011984
1510,7.7999999999999998,9714.6603614455234,1.9295281710588925,2.7244515244829421,0,0.0058833280516733593,0.00016295855027172613,0.00011389806476689009,0.00013480160937312077,0.00016169800786211072,0.00018867040779343476,0.00021717479304907828
1511,7.7999999999999998,10702.755070464202,1.7513911807070162,17.963452666818021,0,0.0054444665940444328,0.00015080280674064674,0.00010540194313544474,0.00012474620701231128,0.00014963629333543632,0.00017459671184304144,0.00020097483863540749
1512,7.7999999999999998,8203.341936565148,2.2850090834476382,25.064770791240623,0,0.0034820003253158622,9.6445705572675538e-05,6.7409652340966758e-05,7.9781246867035671e-05,9.569966369946963e-05,0.00011166306137346256,0.0001285331522236319
1513,7.7999999999999998,8696.0734935158216,2.1555373069989794,44.294137342487737,0,0.005167484001785615,0.00014313084262636218,0.00010003970921693615,0.00011839985017534927,0.00014202367459526674,0.00016571425310979261,0.00019075041520980965
1514,7.7999999999999998,9148.1288263331553,2.0490213021182111,2.8823629944863889,0,0.0046746436319894478,0.0001294799716444998,9.0498584896524307e-05,0.0001071076573162971,0.00012847839796099845,0.00014990952613726504,0.00017255790505626295
1515,7.7999999999999998,9800.9672796542436,1.912536824665287,11.441046728908926,0,0.005947614041512954,0.00016473916689127086,0.00011514260693248823,0.00013627456053518568,0.00016346485077809426,0.00019073197291642519,0.00021954782008696343
1516,7.7999999999999998,8061.7560336451834,2.3251399275106492,25.289929203116618,0,0.0037737416102430008,0.00010452646129946442,7.3057606606640572e-05,8.6465761886995313e-05,0.00010371791190346589,0.00012101881150569058,0.00013930237206339637
1517,7.7999999999999998,8592.0819746456436,2.181626164065011,44.416983687775598,0,0.0043877957044394763,0.00012153475390184864,8.4945363396145404e-05,0.0001005352612269642,0.00012059463930657273,0.00014071069938644977,0.00016196931663231749
1518,7.7999999999999998,8812.3593424964438,2.1270933368870235,3.0452606586359536,0,0.0036640790046680669,0.00010148898674993143,7.0934597581378555e-05,8.3953120132241165e-05,0.00010070393330110124,0.000117502079422796,0.00013525433097818352
1519,7.7999999999999998,9722.0796676472492,1.928055671263033,11.874855981340037,0,0.0049753806719113076,0.00013780989504979719,9.6320692137523794e-05,0.0001139982873514597,0.00013674388644279096,0.00015955375801797914,0.00018365919055888689
1520,7.7999999999999998,8048.3540215802623,2.329011719591064,25.875859408286772,0,0.0041179334157054629,0.00011406001053230343,7.9720974721843009e-05,9.435204816949886e-05,0.00011317771573845919,0.00013205657919863626,0.00015200772921227033
1521,7.7999999999999998,8871.460344854404,2.1129228008724121,44.702347744048133,0,0.0045392801853020789,0.00012573062589355468,8.7878021419109136e-05,0.00010400614567127502,0.00012475805473443453,0.00014556860269010713,0.00016756115351316688
1522,7.7999999999999998,8578.3012047325246,2.185130877584144,3.0875109498554458,0,0.0032968093414438631,9.1316218658106478e-05,6.3824454560044489e-05,7.5538063001020112e-05,9.0609855192597496e-05,0.00010572423590938535,0.00012169708711835235
1523,7.7999999999999998,9638.3328255180004,1.9448084206067964,12.100564213596469,0,0.0040128695961748938,0.00011114991482349077,7.7686995719406451e-05,9.1944775986949122e-05,0.0001102901306561272,0.00012868732399119796,0.00014812944585579365
1524,7.7999999999999998,8062.4379646906309,2.3249432642794376,26.497284802591647,0,0.0041289028502094422,0.00011436384590037553,7.9933337070265019e-05,9.4603385067945116e-05,0.00011347920083177519,0.0001324083541911153,0.00015241265048256895
1525,7.7999999999999998,9159.0446733948938,2.0465792566912313,44.982059810391604,0,0.0046904926056850439,0.00012991896225560376,9.0805412497605689e-05,0.00010747079653653332,0.00012891399282341786,0.0001504177813805546,0.00017314294766346592
1526,7.7999999999999998,8373.3480397084113,2.2386159933620839,2.983869386770615,0,0.0032205946234841955,8.920519580862532e-05,6.2348978637893345e-05,7.3791795149109397e-05,8.8515161856511011e-05,0.00010328013253948705,0.00011888372783346989
1527,7.7999999999999998,9564.9560990090049,1.9597278487896441,11.984066778966209,0,0.0036787882550097838,0.00010189640889097425,7.1219360751709806e-05,8.429014546914577e-05,0.00010110820388681578,0.00011797378527294287,0.00013579730229829558
1528,7.7999999999999998,8052.5191135364657,2.3278070595533293,26.795199231332116,0,0.0041271375036689836,0.00011431494869280294,7.9899160911323141e-05,9.4562936608728678e-05,0.00011343068186151357,0.00013235174190487874,0.00015234748519411034
1529,7.7999999999999998,9161.7696325860616,2.0459705484198358,45.155104975288282,0,0.0046955424282593009,0.00013005883406941435,9.090317434490919e-05,0.00010758650047214251,0.00012905278267894569,0.00015057972239013311,0.00017332935477231087
1530,7.7999999999999998,8508.7640071636652,2.2029886860061967,2.8232791070029704,0,0.0032767127617163794,9.0759576317402834e-05,6.3435395592179719e-05,7.5077600611983433e-05,9.0057518678598086e-05,0.00010507976566072071,0.00012095525009941046
1531,7.7999999999999998,9503.482981846746,1.9724043148689652,11.695662021762036,0,0.0036595522929175743,0.00010136360424909527,7.0846962878093222e-05,8.3849401960523531e-05,0.00010057952067855294,0.00011735691387288487,0.00013508723377079145
1532,7.7999999999999998,7907.0778697834958,2.3706242872996461,26.543267889533414,0,0.0040567558595922511,0.00011236549243543466,7.8536610160278105e-05,9.2950318918785108e-05,0.00011149630534242233,0.00013009469735925753,0.00014974944564021008
1533,7.7999999999999998,8744.5856002487071,2.1435790895734588,45.081637497161658,0,0.0044862604672044641,0.00012426206654736192,8.6851588211107615e-05,0.00010279133268357585,0.00012330085521768198,0.00014386833173008056,0.00016560400507537154
1534,7.7999999999999998,8873.5334872349922,2.1124291542533169,2.6637071759961035,0,0.0034228841493918979,9.4808284330554331e-05,6.626519499046368e-05,7.8426748939239792e-05,9.4074908493678867e-05,0.00010976728522078134,0.00012635096160645422
1535,7.7999999999999998,9553.4277271156243,1.9620927038025247,11.327792480883607,0,0.0036849332704942928,0.00010206661575449737,7.1338324944340384e-05,8.4430942985391517e-05,0.00010127709413964543,0.00011817084764430417,0.00013602413691543922
1536,7.7999999999999998,7785.2214754803499,2.4077299404666905,26.112154290427625,0,0.0040006524140663805,0.00011081151889055571,7.7450477648878578e-05,9.1664850102183331e-05,0.00010995435233622316,0.00012829553541332932,0.00014767846573489004
1537,7.7999999999999998,8414.4339443598274,2.2276853040414957,44.881592503449014,0,0.0043239595215074254,0.00011976659619686924,8.3709529250198403e-05,9.9072616254612217e-05,0.0001188401589310142,0.00013866355896524876,0.00015961289358475887
1538,7.7999999999999998,9423.3279717468686,1.9891816241437115,2.5501984579997732,0,0.0036398623586660693,0.00010081822532200005,7.0465776347793273e-05,8.3398256825959957e-05,0.00010003836045164723,0.00011672548419702296,0.00013436040749854162
1539,7.7999999999999998,9814.3364706772591,1.9099315471486769,10.999779321202761,0,0.0037905997450428312,0.00010499340402017235,7.3383971023585485e-05,8.6852023486227355e-05,0.00010418124265596884,0.00012155942918659927,0.00013992466643559362
1540,7.7999999999999998,7813.8987482087705,2.3988934901383603,25.763900623319838,0,0.0040209129887385361,0.00011137270362260672,7.7842711470612721e-05,9.2129070021358854e-05,0.00011051119610455549,0.00012894526475902467,0.00014842635639691581
1541,7.7999999999999998,8272.6247059174821,2.2658722601389183,44.713966242924492,0,0.0042569043194325565,0.00011790927693431505,8.2411376626071307e-05,9.7536215585273167e-05,0.00011699720669427574,0.0001365131889350516,0.00015713764496602312
1542,7.7999999999999998,10192.43834472565,1.8390801303574484,2.520866282028849,0,0.0039436528041998618,0.00010923272306133792,7.6346995878145469e-05,9.0358847942153969e-05,0.00010838776905489276,0.0001264676346838223,0.00014557440518142174
1543,7.7999999999999998,10346.404609751033,1.8117125268822596,10.937298866393089,0,0.0040030600050418525,0.00011087820521699617,7.7497087314436572e-05,9.1720013971230798e-05,0.00011002052282018417,0.00012837274361371395,0.00014776733857476104
1544,7.7999999999999998,7989.5167724514886,2.3461632753950288,25.532728232175003,0,0.0041175708020652225,0.00011404996672842179,7.971395471692085e-05,9.434373979337981e-05,0.00011316774962697679,0.00013204495066750988,0.00015199434383896047
1545,7.7999999999999998,8344.7024178752581,2.2463006948606217,44.626789348121314,0,0.0043005208989028822,0.00011911738474266244,8.3255770130868042e-05,9.8535579390301555e-05,0.0001181959693585649,0.00013791191390210159,0.000158747689746253
1546,7.7999999999999998,7971.8510396028169,2.3513624058650526,2.4700992907639776,0,0.0030866475846987305,8.5495082236518519e-05,5.9755836055170834e-05,7.0722736915324719e-05,8.4833747333912994e-05,9.8984631386327864e-05,0.00011393926099900596
1547,7.7999999999999998,7980.6708468480301,2.3487638068774048,10.823795909275972,0,0.0030900375005536648,8.5588977353093918e-05,5.9821463001723612e-05,7.0800408279027556e-05,8.4926916138329254e-05,9.9093341422742368e-05,0.00011406439498232
1548,7.7999999999999998,8310.6549343952629,2.2555034455948433,25.53389243264812,0,0.0042902171326588733,0.00011883198729504181,8.3056294761706998e-05,9.8299494599499894e-05,0.00011791277956182066,0.0001375814859942931,0.00015836734068497087
1549,7.7999999999999998,8418.9116396440622,2.2265004839118134,44.68019581413612,0,0.0043459613149228792,0.00012037600983603229,8.4135472129706593e-05,9.9576731805444798e-05,0.00011944485853868961,0.00013936912685121765,0.00016042505889149385
1550,7.7999999999999998,8520.2977829038773,2.2000065393594439,2.5362261848718677,0,0.0036711954488084482,0.00010168610059604381,7.1072368109979388e-05,8.411617548368709e-05,0.00010089952240142931,0.00011773029420297013,0.00013551702451997796
1551,7.7999999999999998,8470.919452656768,2.2128307256893258,11.008509732956023,0,0.0036499503609613939,0.00010109764646165864,7.0661074643028513e-05,8.3629397930590817e-05,0.00010031562016929946,0.00011704899284555713,0.00013473279193665616
1552,7.7999999999999998,8602.1692298745293,2.1790679000570781,25.690059215384636,0,0.0044476412582843683,0.00012319237771767484,8.6103941110658058e-05,0.00010190647100844539,0.00012223944081196753,0.00014262986570683341,0.00016417843121117821
1553,7.7999999999999998,8536.7158810808141,2.19577541302746,44.717775667300465,0,0.0044136667466487317,0.00012225133939485711,8.5446212849933488e-05,0.00010112803084567952,0.00012130568175564428,0.00014154034887068568,0.00016292430982467584
1554,7.7999999999999998,9174.2013181587099,2.043198114976664,2.7076526942149606,0,0.0043564171363558758,0.00012066561896332489,8.4337891205492761e-05,9.9816300557026662e-05,0.00011973222743626394,0.00013970443096417081,0.00016081102085654581
1555,7.7999999999999998,8957.0285622321244,2.0927376427844115,11.49799336211683,0,0.0042531236673078732,0.00011780455906308486,8.2338185235624226e-05,9.7449591486393916e-05,0.00011689329885306551,0.00013639194851265389,0.00015699808750202363
1556,7.7999999999999998,8873.4874710861222,2.112440108892601,26.117379416079604,0,0.0045964412092347048,0.00012731389262801102,8.8984628079291579e-05,0.00010531584622712654,0.00012632907433695952,0.00014740167975134486,0.00016967117244021115
1557,7.7999999999999998,8762.4933077910191,2.1391983059218735,44.827038748177728,0,0.0045390177855327537,0.00012572335784974932,8.7872941500794375e-05,0.00010400013344301008,0.00012475084291153587,0.00014556018788286731,0.00016755146739417116
1558,7.7999999999999998,9684.3244113389428,1.9355723789809185,2.8950589192685343,0,0.0050237731165374772,0.00013915028650020124,9.7257543821443045e-05,0.00011510707804948169,0.00013807390948806437,0.00016110563854912575,0.00018544552969458036
1559,7.7999999999999998,9236.250239371846,2.0294719560297585,11.984237307850057,0,0.0047911635075893596,0.00013270738134166991,9.275434697899633e-05,0.00010977741610194843,0.00013168084249500465,0.00015364616163547135,0.00017685907263475923
1560,7.7999999999999998,9094.7202308519682,2.0610541461287313,26.565584264574909,0,0.0047177054087103659,0.0001306727123254431,9.1332237718678522e-05,0.00010809430921696659,0.00012966191236808561,0.00015129045932727042,0.00017414747007210988
1561,7.7999999999999998,9099.9600859052407,2.0598673689472151,44.976405875993386,0,0.0047205286479939197,0.00013075091142919479,9.1386894111785677e-05,0.00010815899661765646,0.00012973950657392612,0.00015138099680915961,0.00017425168598557734
1562,7.7999999999999998,10026.619751173519,1.8694945360308906,3.1177021085288543,0,0.0052097281713147179,0.00014430093692731447,0.00010085753360387999,0.00011936776867133291,0.00014318471780017561,0.00016706896673819279,0.00019230979940433943
1563,7.7999999999999998,9401.2483029771029,1.993853394313859,12.390645003603483,0,0.004884818677730207,0.00013530147614949955,9.4567460669201371e-05,0.00011192328788577814,0.00013425487105583848,0.00015664955682051656,0.00018031622172022109
1564,7.7999999999999998,9219.1584646595602,2.0332344770440494,26.841000466442946,0,0.0047902190325435513,0.00013268122092993,9.2736062450410919e-05,0.00010975577584067633,0.00013165488444336426,0.00015361587359263601,0.00017682420866477287
1565,7.7999999999999998,9343.5566675459522,2.0061644089757018,45.068057571368314,0,0.0048548703862017475,0.00013447195752879223,9.3987677862904175e-05,0.00011123709839225441,0.00013343176905702197,0.00015568915544126932,0.00017921072259494001
1566,7.7999999999999998,9730.3650926314585,1.926413928072767,3.3316410450801839,0,0.005063828529237222,0.00014025975582211496,9.80329950541246e-05,0.00011602484670841181,0.00013917479666973381,0.00016239016169351266,0.00018692411900443336
1567,7.7999999999999998,9144.037054092878,2.0499381978431677,12.616392381015066,0,0.0047587386969941336,0.00013180926719929593,9.2126620096389674e-05,0.00010903448342617968,0.00013078967558530582,0.00015260634162477416,0.00017566215628591296
1568,7.7999999999999998,9062.3719056010978,2.0684111218270496,26.794865506230348,0,0.0047163366148221348,0.00013063479897679282,9.1305738605665447e-05,0.00010806294676064714,0.00012962429229268667,0.00015124656395057047,0.00017409694296792797
1569,7.7999999999999998,9196.6074199957839,2.0382201809465621,45.010114170295459,0,0.0047861639566241041,0.00013256890196908488,9.2657558362987727e-05,0.00010966286401334482,0.00013154343430967375,0.00015348583276869493,0.00017667452123176398
1570,7.7999999999999998,8906.7537206994275,2.1045502578695219,3.4870727238116483,0,0.004642562624346141,0.00012859138028075245,8.9877513854037534e-05,0.00010637260201721359,0.00012759668016784287,0.0001488807314242513,0.00017137367971058307
1571,7.7999999999999998,8552.0576065976584,2.1918363628908808,12.71602997209127,0,0.0040862907365549258,0.00011318356014983354,7.9108389483074836e-05,9.3627036061231925e-05,0.00011230804501176794,0.00013104184109010762,0.00015083968414735476
1572,7.7999999999999998,8599.0345659934901,2.1798622503284042,26.606014897765135,0,0.0041088190430218991,0.00011380755733810711,7.9544525371899518e-05,9.4143215329415888e-05,0.00011292721535960883,0.00013176429354060633,0.00015167128494400243
1573,7.7999999999999998,8716.5158929278368,2.1504820354755347,44.877057649485515,0,0.0045435867518572037,0.00012584991073307205,8.7961394229890778e-05,0.00010410481977161491,0.00012487641686324548,0.00014570670848006284,0.00016772012436982263
1574,7.7999999999999998,7901.1375911798659,2.3724065836548962,3.5170362683901661,0,0.0041236640397826121,0.00011421873943260653,7.9831916519845967e-05,9.4483350952809128e-05,0.00011333521681420119,0.00013224035259560657,0.00015221926715254256
1575,7.7999999999999998,8001.9865187448986,2.3425071756579747,12.774951878872367,0,0.0034804304600229803,9.6402222875466919e-05,6.7379260593773075e-05,7.9745277367099438e-05,9.5656517356406434e-05,0.00011161271790758961,0.00012847520285091257
1576,7.7999999999999998,8113.6895816787237,2.3102573312645784,26.657690638705244,0,0.0033172659170268987,9.1882832294343768e-05,6.4220482853928707e-05,7.6006773786248513e-05,9.1172085870609194e-05,0.00010638025074034668,0.00012245221287875848
1577,7.7999999999999998,8208.7219643781609,2.2835114797432756,44.899775028223047,0,0.0042844062797028409,0.00011867103618620676,8.2943799775786771e-05,9.8166353573974225e-05,0.00011775307346712093,0.0001373951397652178,0.00015815284120830034
1578,7.7999999999999998,10028.031409976953,1.8692313648947156,8.1757223762144555,0,0.0045817690602779374,0.00012690749813456005,8.8700583171805579e-05,0.00010497967097479264,0.00012592582344961683,0.00014693116369265049,0.0001691295706656229
1579,7.7999999999999998,10377.372809979504,1.8063060066274448,19.808203839168414,0,0.0038608857187130059,0.00010694021036398496,7.4744669647047857e-05,8.846244913033223e-05,0.0001061129897595293,0.00012381340571111736,0.00014251917445078609
1580,7.7999999999999998,7868.2352226396852,2.382327206708712,26.818952721755483,0,0.0028777585456940783,7.9709198011658684e-05,5.5711856680796447e-05,6.5936571943574966e-05,7.9092618983662999e-05,9.2285841207293576e-05,0.00010622841546776737
1581,7.7999999999999998,8192.4828149639325,2.2880378589797297,45.007419918306631,0,0.0039239152779258143,0.00010868602591317294,7.5964887991902374e-05,8.990661235654369e-05,0.00010784530080382663,0.0001258346787958876,0.00014484582211649343
1582,7.7999999999999998,8827.743040341451,2.1233865501088793,3.0368255407634894,0,0.0049082562946616073,0.00013595065974820756,9.5021200319240942e-05,0.00011246030170762764,0.00013489903298826119,0.00015740116963308036,0.00018118138843571519
1583,7.7999999999999998,10330.61406797561,1.8144817642337423,19.893149425418891,0,0.0048606711220793948,0.00013463262841112756,9.4099976987631714e-05,0.00011137000761047025,0.00013359119709287372,0.00015587517722926504,0.00017942484861386938
1584,7.7999999999999998,7801.3165134258097,2.4027625090482188,26.422388254287981,0,0.0028567342723944734,7.9126860078548584e-05,5.5304838064645321e-05,6.5454853798369556e-05,7.851478564181361e-05,9.161162107505586e-05,0.00010545233394337399
1585,7.7999999999999998,8497.5389767395391,2.205898777397612,44.851004680362166,0,0.003704602965396004,0.0001026114340847549,7.1719119651720818e-05,8.4881624386350419e-05,0.0001018176981061296,0.00011880162827147365,0.00013675021608051358
1586,7.7999999999999998,8337.2844831397324,2.248299296681699,2.8939430068309875,1,0.019029305217983634,0.00052708058496224962,0.0003683971077510048,0.00043600848807112149,0.00052300342896447014,0.00061024419239745617,0.00070244007920107509
1587,7.7999999999999998,9090.1896598842941,2.0620813801498721,11.496651199237908,1,0.017909107585982856,0.00049605294541446902,0.00034671068446800389,0.00041034198736210282,0.00049221579925633912,0.00057432096286095017,0.00066108955671327293
1588,7.7999999999999998,11089.106475357112,1.6903716166251936,35.397560553095033,0,0.0043535214664963901,0.00012058541365125952,8.4281832595416536e-05,9.9749953592546096e-05,0.00011965264254084544,0.00013961157073125061,0.00016070413127008233
1589,7.7999999999999998,8438.3976284822384,2.221359038167273,44.438025468512421,0,0.0036820014968145074,0.00010198541042574696,7.1281567383733662e-05,8.4363768793015758e-05,0.00010119651696302699,0.00011807682961048641,0.0001359159146071501
1590,7.7999999999999998,8639.611457977122,2.1696242858665764,6.7642280166427362,0,0.0037904965227117194,0.00010499054493067643,7.3381972694807777e-05,8.6849658407102948e-05,0.00010417840568254817,0.00012155611898544557,0.00013992085612819612
1591,7.7999999999999998,9475.9896562127378,1.9781269840653231,17.843525390507224,0,0.0038471950505127289,0.00010656100127984527,7.4479625678790194e-05,8.8148762031706844e-05,0.00010573671399267719,0.0001233743644185659,0.00014201380266002677
1592,7.7999999999999998,10543.451153977781,1.7778534339400236,34.464188420851208,0,0.0044876840546550362,0.00012430149758793841,8.6879148097998593e-05,0.00010282395059604563,0.00012333998124511972,0.00014391398426253667,0.00016565655480696049
1593,7.7999999999999998,8079.9845512451284,2.3198943909849103,6.880130876081239,1,0.014960441426409796,0.00041437972264344648,0.00028962609454385942,0.00034278074645841845,0.00041117434794413947,0.00047976120996477803,0.00055224368625497646
1594,7.7999999999999998,8844.5551254484999,2.1193503317927225,18.050275574591922,1,0.016375893729594249,0.00045358543296247398,0.00031702848935961215,0.00037521226256364144,0.00045007678813420584,0.00052515285919943369,0.00060449312030234242
1595,7.7999999999999998,9181.7273431610956,2.0415233581990524,34.642786622468634,1,0.027596990265290194,0.00076439142709635699,0.00053426287927514843,0.00063231536112581279,0.0007584785872374191,0.00088499831413324471,0.001018704141091906
1596,7.9000000000000004,9163.1035206923498,2.8895895112775323,7.4827783098752274,1,0.02511452858172419,0.00056580638614093278,0.00039165562736834226,0.00045468240954958064,0.0005609230916778094,0.00067024885824391877,0.00077739958682621979
1597,7.9000000000000004,9145.8200296327486,2.8950501691870767,18.647290697078212,1,0.016711438289353883,0.00037649277289629251,0.00026061125639471937,0.00030254985689724987,0.00037324338385027973,0.0004459897543609069,0.0005172888345939111
1598,7.9000000000000004,9118.6283516220683,2.9036831860169925,34.825714782732405,1,0.024992629609146805,0.00056306011850051636,0.00038975463932371319,0.00045247550694367484,0.00055820052619751559,0.00066699565574301445,0.00077362630433724803
1599,7.9000000000000004,9345.3293602623271,2.8332450150691755,7.1266130706716346,0,0.0046705365738742731,0.00010522273637761559,7.2836005104975503e-05,8.4557064903218864e-05,0.00010431459249919087,0.00012464585173634115,0.00014457262022544152
1600,7.9000000000000004,9328.6369239078449,2.8383147548903804,18.182834687907338,0,0.0031081801374204703,7.0024335328701159e-05,4.8471395261668919e-05,5.6271605082999463e-05,6.9419977623715184e-05,8.2950160961351991e-05,9.6211161071543003e-05
1601,7.9000000000000004,9367.5317452534855,2.8265298206818472,34.502008759778029,0,0.004681710920413455,0.00010547448375213816,7.3010266616195708e-05,8.475936927031236e-05,0.00010456416712241507,0.00012494406927943127,0.00014491851293668017
1602,7.9000000000000004,9516.6826385651639,2.7822308287181561,7.0182115632870641,0,0.0047912551249093245,0.000107942410246032,7.4718584731615827e-05,8.6742596735255465e-05,0.00010701079372984912,0.00012786755150812117,0.00014830936373593694
1603,7.9000000000000004,9498.6470687437741,2.7875135935169126,18.228817549445555,0,0.0031880626762958698,7.1824012773960596e-05,4.9717146133607946e-05,5.7717827142816882e-05,7.1204122626925342e-05,8.5082041729116984e-05,9.8683859394917294e-05
1604,7.9000000000000004,9461.6477190575879,2.798414040591664,34.684078928345173,0,0.0047633232859699941,0.00010731313254340238,7.4282993760129475e-05,8.623690873116816e-05,0.00010638694712237199,0.00012712211513264554,0.00014744475662296355
1605,7.9000000000000004,10049.259724950658,2.6347819191500546,6.9648060981701825,0,0.005093767163168378,0.00011475771806972883,7.9436194371202838e-05,9.2219382892152479e-05,0.00011376728080536222,0.00013594090027070627,0.00015767337519994985
1606,7.9000000000000004,9820.3135081753462,2.696207998054279,18.195100694922314,0,0.0033183183307168599,7.4758548489514242e-05,5.1748454819515383e-05,6.0076022106217124e-05,7.4113331300645229e-05,8.8558264799416377e-05,0.00010271581610073992
1607,7.9000000000000004,9597.7353881145045,2.7587349258380032,34.689214080615677,0,0.0048645050830958079,0.00010959266197150648,7.5860901945927744e-05,8.8068740181637835e-05,0.00010864680265900464,0.00012982242399084149,0.0001505767559764048
1608,7.9000000000000004,10343.911634694054,2.5597287331163461,7.0816129260440288,0,0.0052582750259808873,0.00011846392338617854,8.200165881968723e-05,9.519769208915945e-05,0.00011744149904576554,0.00014033123580352088,0.0001627655808594729
1609,7.9000000000000004,10054.127402049176,2.6335062970006051,18.265338346710227,0,0.0034073097871992141,7.6763441164519097e-05,5.3136257286346559e-05,6.1687155268882503e-05,7.6100920386403274e-05,9.0933241574579342e-05,0.00010547047348064348
1610,7.9000000000000004,9845.3724463186481,2.6893454735725388,34.696617941617561,0,0.0050048451576403027,0.00011275439005851317,7.8049474976943814e-05,9.0609507094407737e-05,0.00011178124287927924,0.00013356777698137157,0.00015492086761724377
1611,7.9000000000000004,10501.18548479833,2.5213922620900484,7.3511681147057644,0,0.0053572804748574197,0.00012069442176303661,8.3545627326459836e-05,9.6990122152388971e-05,0.00011965274670251776,0.00014297346294521253,0.00016583021314192672
1612,7.9000000000000004,10132.45361890086,2.6131486824427292,18.650165985388924,0,0.0034459036056366074,7.7632923100697326e-05,5.373811951614914e-05,6.238587156386415e-05,7.6962898101298868e-05,9.196322159824419e-05,0.00010666511340428945
1613,7.9000000000000004,10016.409468667094,2.6434230656173727,35.003274264417115,0,0.0051096070286734711,0.00011511457513870512,7.9683213639019875e-05,9.2506153483579699e-05,0.0001141210579547905,0.00013636362975714592,0.00015816368521548416
1614,7.9000000000000004,10472.787868290756,2.5282291742307779,7.4845058912190749,0,0.005376613666218534,0.00012112998013320501,8.3847124253504674e-05,9.7340137164765169e-05,0.00012008454590730818,0.00014348942124376598,0.00016642865618764246
1615,7.9000000000000004,10046.897948933645,2.6354012908982636,18.911087913673747,0,0.0034387643470946238,7.7472082411921464e-05,5.3626784327272046e-05,6.225661987332561e-05,7.6803445577210047e-05,9.1772691249609475e-05,0.00010644412352495634
1616,7.9000000000000004,9843.2749192323517,2.6899185526566356,35.228022882521614,0,0.0050535108573698919,0.00011385078187822887,7.8808406011499711e-05,9.1490568331271564e-05,0.00011286817209087709,0.0001348665522927718,0.00015642727434669049
1617,7.9000000000000004,9917.2153474967272,2.6698631517390856,7.349430628632085,0,0.0051240638204849429,0.00011544027287591023,7.9908664172492186e-05,9.2767884414096945e-05,0.00011444394469870232,0.00013674944819582288,0.00015861118332178943
1618,7.9000000000000004,9747.4881960368421,2.716351873594284,18.754022641660107,0,0.003357723804898237,7.5646316255816633e-05,5.2362974644645011e-05,6.0789432907137767e-05,7.499343702649719e-05,8.960990604335547e-05,0.00010393558016071857
1619,7.9000000000000004,9422.0397739357941,2.8101778871054965,35.140993645387297,0,0.0048683034877302902,0.00010967823640673204,7.5920137242552004e-05,8.8137507857926516e-05,0.00010873163852857249,0.00012992379465209542,0.00015069433246938321
1620,7.9000000000000004,9981.9180636256751,2.6525571193203659,7.1793200064822038,0,0.0051755782798647999,0.00011660084453469626,8.0712020996065654e-05,9.3700520614743062e-05,0.00011559449983364869,0.00013812425033355951,0.00016020577106438475
1621,7.9000000000000004,9725.4812580811631,2.7224984678410529,18.507475830911901,0,0.0033617446560014592,7.5736902197914732e-05,5.2425678945713724e-05,6.086222783387127e-05,7.5083241150220099e-05,8.9717213287938372e-05,0.00010406004230127451
1622,7.9000000000000004,9267.0028477291289,2.8571921536239904,34.988328708098024,0,0.0048048980519011728,0.00010824977238474479,7.493134321970551e-05,8.6989593165938083e-05,0.00010731550312397133,0.00012823164977138882,0.00014873166932578906
1623,7.9000000000000004,10342.212405634415,2.5601492974286528,7.2064977660886553,0,0.0053837852095106019,0.00012129154816662177,8.3958962916058668e-05,9.7469973349968318e-05,0.00012024471949855828,0.0001436808131979376,0.00016665064541487474
1624,7.9000000000000004,9927.3989609898708,2.6671243825485118,18.529884246779378,0,0.0034453106447488707,7.7619564257192799e-05,5.3728872419683212e-05,6.2375136387835364e-05,7.6949654553712025e-05,9.1947396839412045e-05,0.0001066467587874536
1625,7.9000000000000004,9547.0976397086306,2.7733672392765971,35.010565862217064,0,0.0049703007159644756,0.00011197613672032075,7.751076189966629e-05,8.9984102164882604e-05,0.00011100970639743625,0.00013264586548633576,0.00015385157282245824
1626,7.9000000000000004,10436.016536279003,2.5371373964479673,7.1532183127686011,0,0.0054697767421419113,0.00012322885541722441,8.529998222093978e-05,9.9026794818085273e-05,0.00012216530646815671,0.00014597572892280299,0.00016931244261805936
1627,7.9000000000000004,10167.050029274355,2.6042566671654916,18.464791346982835,0,0.0035526272855098033,8.0037305863774825e-05,5.5402452161684507e-05,6.4318035242064925e-05,7.9346529403590907e-05,9.4811430528379248e-05,0.00010996865718246618
1628,7.9000000000000004,10010.76183511302,2.6449143691813659,34.948521420001804,0,0.0052471420076543075,0.00011821310709688586,8.1828041812980883e-05,9.4996135942811055e-05,0.00011719284747187158,0.00014003412121512966,0.00016242096742908146
1629,7.9000000000000004,10645.63521638288,2.4871797019116042,6.7030373518958886,0,0.0055953804497174998,0.00012605858720526051,8.7258744804526753e-05,0.00010130076927167659,0.0001249706157436318,0.00014932780225835438,0.0001732004021334197
1630,7.9000000000000004,10346.004483651399,2.559210936548729,17.807707394620422,0,0.0036252623755398685,8.1673705195866561e-05,5.6535180640425801e-05,6.5633046895389522e-05,8.0968805494952966e-05,9.6749893597780534e-05,0.00011221701668460505
1631,7.9000000000000004,10281.614268617492,2.5752383947100883,34.422681642545889,0,0.0054040498571306401,0.00012174809135830472,8.4274985701483353e-05,9.7836851779661686e-05,0.00012069732241156159,0.0001442216299162705,0.00016727792092338103
1632,7.9000000000000004,10381.523467286772,2.5504549411824247,6.2530525403882464,0,0.0054769723957416852,0.00012339096663288834,8.5412196878514347e-05,9.9157067504924013e-05,0.00012232601855362125,0.00014616776432549322,0.00016953517816004676
1633,7.9000000000000004,10144.893022473574,2.6099445075949115,17.121574877744862,0,0.0035683263411026198,8.0390990619667901e-05,5.564727552945297e-05,6.4602256560469012e-05,7.9697161619158452e-05,9.5230402122942646e-05,0.00011045460854291889
1634,7.9000000000000004,10175.478640297155,2.6020994942965765,33.892365508479003,0,0.0053687907200669341,0.00012095373661437452,8.3725127104607223e-05,9.7198507749169668e-05,0.00011990982349007842,0.00014328064484929169,0.00016618650332037968
1635,7.9000000000000004,9681.0728067249274,2.7349869536928031,6.2268259403633976,0,0.0051279905650533138,0.00011552873868749409,7.9969900902556067e-05,9.2838975602459206e-05,0.00011453164699008128,0.00013685424395398343,0.00015873273247191941
1636,7.9000000000000004,9696.8455008949732,2.7305382788350174,17.132474106811149,0,0.0034242301607198982,7.7144641048989952e-05,5.3400126842368115e-05,6.1993487763949213e-05,7.6478830256249366e-05,9.1384807328497245e-05,0.00010599422973356782
1637,7.9000000000000004,9792.1213470353305,2.703970558142565,33.924953201722872,0,0.0051868121314585488,0.00011685393250136938,8.0887210475708693e-05,9.3903902282630906e-05,0.00011584540347880016,0.00013842405592934804,0.00016055350570567131
1638,7.9000000000000004,9138.9992551313808,2.8972108526298603,6.3862201259656066,0,0.0048522725705026698,0.0001093170751245854,7.5670138564550037e-05,8.784727839777059e-05,0.00010837359431426494,0.00012949596643571255,0.00015019810860483231
1639,7.9000000000000004,9277.6607662149127,2.8539098907951495,17.469349543030471,0,0.0032839782021708043,7.3984898131354717e-05,5.121292796119314e-05,5.9454316134681384e-05,7.3346358071982518e-05,8.7641805950704717e-05,0.00010165284565093065
1640,7.9000000000000004,9292.7188899299672,2.8492853531634581,34.230689846023736,0,0.0049338790360012597,0.00011115559099316882,7.6942773698359458e-05,8.9324711041866676e-05,0.00011019624253875433,0.00013167385482998464,0.000152724169659672
1641,7.9000000000000004,9139.1126987234838,2.8971748896193321,6.489319899366655,0,0.0048790662284554417,0.00010992071069466676,7.6087979850355495e-05,8.833236036612093e-05,0.00010897202009826166,0.00013021102738509832,0.00015102748426100947
1642,7.9000000000000004,9136.051007693939,2.8981457964545827,17.681039112378286,0,0.0032514169832631949,7.3251324911435112e-05,5.0705142812941624e-05,5.8864816179601325e-05,7.2619116088561619e-05,8.6772822098396332e-05,0.0001006449398866252
1643,7.9000000000000004,13431.6941971652,1.9712783387914703,34.507112732463021,0,0.0064956546928311995,0.00014634090763084086,0.00010129832640936883,0.00011759965622001601,0.00014507788593036796,0.00017335404593598664,0.00020106765125774427
1644,7.9000000000000004,9332.9984478790393,2.8369883453864695,6.5942636850824536,0,0.0050080414396865974,0.00011282639924585732,7.8099320302370265e-05,9.0667373727965287e-05,0.0001118526305782937,0.00013365307837913355,0.00015501980590048025
1645,7.9000000000000004,9096.1087657799126,2.9108719460076307,17.82606014157717,0,0.0030912238565047405,6.9642326484852061e-05,4.8206965737607829e-05,5.5964622507607861e-05,6.9041265776361224e-05,8.2497636921856341e-05,9.5686293334722741e-05
1646,7.9000000000000004,13372.795832759744,1.9799605224869914,34.500514981391404,0,0.0057981820694655286,0.00013062751435831329,9.0421392088757695e-05,0.00010497236234289565,0.00012950010994361896,0.00015474010986523686,0.00017947795955946405
1647,7.9000000000000004,13280.931813842488,1.9936558816261438,6.4705013710435679,0,0.0063583857975352707,0.00014324837028441157,9.9157647752776059e-05,0.00011511449103500114,0.00014201203928745622,0.0001696906556380118,0.00019681860544587895
1648,7.9000000000000004,13273.181943097359,1.9948199261980561,17.579004195233352,0,0.0039188369910447282,8.8287661405356946e-05,6.1113413110162326e-05,7.0948026753601029e-05,8.7525678757823696e-05,0.00010458472315515147,0.00012130437757427842
1649,7.9000000000000004,13316.139869765855,1.9883846282104587,34.354424520391269,0,0.0049941763746516,0.00011251403254880652,7.7883097619666338e-05,9.0416355630685053e-05,0.00011154295981858037,0.00013328305176370478,0.00015459062421011122
1650,7.9000000000000004,12937.612438811711,2.0465605960426148,6.4960542896103384,0,0.0054356850062166348,0.0001224608011080072,8.476832899167685e-05,9.8409585835412488e-05,0.00012140388099072271,0.00014506589910039103,0.00016825716095763494
1651,7.9000000000000004,13070.742575533128,2.0257156524301663,17.541924618015415,0,0.0035041324512879559,7.8944763481054794e-05,5.4646185737671166e-05,6.3440067415476199e-05,7.8263416405725743e-05,9.3517215223395413e-05,0.00010846753945435145
1652,7.9000000000000004,13165.703866032029,2.0111046164767532,34.29572204413828,0,0.0048465406902391686,0.00010918794132670697,7.5580751134748331e-05,8.7743506387040715e-05,0.00010824557502901069,0.00012934299576816842,0.000150020682963173
1653,7.9000000000000004,13026.962787502496,2.0325234865600685,6.6636391188673239,0,0.0047124153375526761,0.00010616622499838829,7.3489095343500267e-05,8.5315253021952273e-05,0.00010524993817058955,0.0001257634993739935,0.00014586894292863074
1654,7.9000000000000004,12968.755989512625,2.0416459254499317,17.704481598009462,0,0.0031273321731831154,7.0455812435939787e-05,4.8770067106437617e-05,5.6618340389617005e-05,6.9847730789654536e-05,8.3461284634694631e-05,9.6803996594627286e-05
1655,7.9000000000000004,12907.655260238284,2.0513104270538176,34.380391761455705,0,0.0046686153402558323,0.00010517945281579021,7.2806043883298451e-05,8.4522282202516456e-05,0.00010427168250398294,0.0001245945784410854,0.00014451315001813453
1656,7.9000000000000004,13256.713564451076,1.9972980252922294,6.8154381676745173,0,0.0048090456969422241,0.00010834321487338383,7.4996024844740521e-05,8.7064683615479469e-05,0.00010740813914029304,0.00012834234085380827,0.00014886005626845941
1657,7.9000000000000004,12937.464371867463,2.0465840185591886,17.927181175329249,0,0.0031287075159885883,7.0486797598171173e-05,4.8791515279258024e-05,5.6643240087762415e-05,6.9878448528832969e-05,8.3497989362878668e-05,9.6846569200568895e-05
1658,7.9000000000000004,12675.392365939799,2.0888984782270841,34.538128177527248,0,0.0045978605010385991,0.00010358541374198423,7.1702637508267488e-05,8.3241311282520944e-05,0.00010269140107302757,0.00012270629493035717,0.000142322992134245
1659,7.9000000000000004,13414.418025258969,1.9738171103872162,6.6882252698133229,0,0.0048810256719363119,0.00010996485508826551,7.6118536946551666e-05,8.8367834831841409e-05,0.00010901578349567848,0.0001302633204134772,0.00015108813722319753
1660,7.9000000000000004,12953.424514805109,2.0440623862732421,17.818706194541154,0,0.0031422081060777434,7.0790953022162439e-05,4.9002054054214714e-05,5.6887659600241145e-05,7.0179978884365676e-05,8.3858288982416822e-05,9.726446886860633e-05
1661,7.9000000000000004,12542.222748376884,2.1110777854403335,34.481701610694294,0,0.0045636617470131806,0.00010281494841699598,7.1169315354938773e-05,8.262216480588008e-05,0.00010192758538853066,0.000121793609041617,0.00014126439781650499
1662,7.9000000000000004,13336.044134767832,1.9854169314807681,6.3304987960296986,0,0.0048671454163278583,0.00010965214616207661,7.5902077370148624e-05,8.811654171898527e-05,0.00010870577346049758,0.00012989288839666962,0.00015065848532111459
1663,7.9000000000000004,12912.23918360787,2.0505821993877138,17.347541464120251,0,0.0031417170372256059,7.0779889709081712e-05,4.8994395941949568e-05,5.687876911407422e-05,7.0169011055211676e-05,8.3845183487070042e-05,9.7249268235972012e-05
1664,7.9000000000000004,12528.070404168586,2.1134625660574744,34.146693046278905,0,0.0045724395807939383,0.00010301270464377423,7.1306203769353982e-05,8.2781081848701461e-05,0.00010212363484438705,0.00012202786918511375,0.00014153610844536211
1665,7.9000000000000004,13006.123529505126,2.0357801280356052,6.0173556177242666,0,0.0047660055140854021,0.00010737356058575429,7.4324822525971801e-05,8.6285468748470776e-05,0.00010644685362956299,0.00012719369761630842,0.00014752778278934793
1666,7.9000000000000004,12753.670122167812,2.0760775189034213,16.869199228631945,0,0.0031157793423424529,7.0195538170930903e-05,4.8589903214606784e-05,5.6409183807336039e-05,6.9589702868816291e-05,8.3152966218314972e-05,9.6446388212969669e-05
1667,7.9000000000000004,12575.569040328926,2.1054798983036953,33.804563109580592,0,0.0046086979635982248,0.00010382957144161398,7.1871645386876838e-05,8.3437516581536574e-05,0.00010293345152542233,0.00012299552181682704,0.00014265845687883225
1668,7.9000000000000004,12859.85287649561,2.058935516481442,5.9287756526386,0,0.0047245392619227446,0.00010643936545616563,7.3678165315085604e-05,8.5534748885784289e-05,0.00010552072124018997,0.00012608705895983369,0.00014624422904102317
1669,7.9000000000000004,12681.716121803778,2.0878568460162641,16.726720840946147,0,0.0031061016857898229,6.9977509794943738e-05,4.8438982259182845e-05,5.6233976051163174e-05,6.9373556226205301e-05,8.2894691879867007e-05,9.6146824309909377e-05
1670,7.9000000000000004,12579.136846076484,2.104882723523386,33.739681764930964,0,0.0046215336843603936,0.00010411874799351795,7.207181566885022e-05,8.3669899061878874e-05,0.00010322013228673546,0.00012333807760709744,0.00014305577606340926
1671,7.9000000000000004,12947.377036386904,2.0450171297036457,6.0683646109236378,0,0.0047691623397422851,0.00010744468085826053,7.4374052537561137e-05,8.6342621049439856e-05,0.00010651736008568001,0.00012727794601401639,0.00014762549973248534
1672,7.9000000000000004,12723.035318160873,2.0810763439718416,16.984119921258486,0,0.0031242656040325529,7.0386725556475374e-05,4.8722244625493018e-05,5.6562822124725392e-05,6.9779240177012539e-05,8.337944497502505e-05,9.6709073467447578e-05
1673,7.9000000000000004,12564.462247299962,2.1073411104269701,33.982708306875743,0,0.0046278369678224816,0.00010426075496071627,7.2170114007630154e-05,8.3784015960521434e-05,0.00010336091363709092,0.00012350629770845848,0.00014325088902135831
1674,7.9000000000000004,13328.882376483118,1.9864837183092521,6.3001725948334899,0,0.0049219112855395626,0.0001108859689846595,7.6756139225010259e-05,8.9108042606339194e-05,0.00010992894755180846,0.00013135446316564985,0.00015235371778223031
1675,7.9000000000000004,12890.570822466536,2.0540291185550856,17.403523609818464,0,0.0031732367929799415,7.1489999757031548e-05,4.948593969815786e-05,5.7449414047669535e-05,7.087299236981685e-05,8.4686373089244932e-05,9.8224936364503594e-05
1676,7.9000000000000004,12504.025290841671,2.1175267330541829,34.325105898903068,0,0.0046170077180950966,0.00010401678228836724,7.2001234206358711e-05,8.3587959349558613e-05,0.00010311904661506542,0.00012321729000354381,0.00014291567849824169
1677,7.9000000000000004,9017.6996511692778,2.9361820473483649,6.4056885663678038,0,0.0033363032858017704,7.5163732381713813e-05,5.2028926294185937e-05,6.0401628166750495e-05,7.4515018179898695e-05,8.9038241780549178e-05,0.00010327252560084464
1678,7.9000000000000004,13130.631579123752,2.0164763335709841,17.799375392944487,0,0.0033517668955557489,7.5512112767318939e-05,5.2270077935152072e-05,6.0681586889463288e-05,7.4860391805506494e-05,8.9450929868569899e-05,0.00010375118892890459
1679,7.9000000000000004,12680.791012857084,2.0880091626222006,34.622969941985211,0,0.0046987969780374148,0.00010585941634150172,7.3276719979880722e-05,8.5068701369654188e-05,0.00010494577748136845,0.00012540005676002776,0.00014544739780482065
1680,7.9000000000000004,9156.8450151912002,2.891564483205352,6.6354244949271459,0,0.0040776659537091397,9.1865926515419957e-05,6.359031634225646e-05,7.3823523110839721e-05,9.1073061002956986e-05,0.00010882350193753941,0.00012622079754806212
1681,7.9000000000000004,13248.383130423073,1.9985539037847337,18.089890163694374,0,0.0035020775198931218,7.8898467835787352e-05,5.461413952816245e-05,6.3402864202402864e-05,7.8217520323407285e-05,9.3462373842770848e-05,0.00010840393074228257
1682,7.9000000000000004,12865.903042931461,2.0579673059707742,34.85337957841422,0,0.0047827208416069454,0.00010775014097934403,7.4585494434099164e-05,8.6588089017418862e-05,0.00010682018387788046,0.00012763979116530859,0.00014804519201192713
1683,7.9000000000000004,9055.2664885364975,2.9240009510114517,6.8024424068306493,0,0.0047197663983208592,0.00010633183738939987,7.3603733542167499e-05,8.5448339255760975e-05,0.00010541412121387396,0.00012595968223566751,0.00014609648897176365
1684,7.9000000000000004,13608.128942518022,1.9457199396027678,18.246057129532648,0,0.0037176576527022452,8.3755282705777571e-05,5.7976064952673491e-05,6.7305804045279311e-05,8.3032417573264582e-05,9.9215710498292786e-05,0.00011507703653554484
1685,7.9000000000000004,13412.957556774158,1.9740320292574427,34.974348357740197,0,0.0049969260726212845,0.00011257598062265324,7.7925978563255855e-05,9.0466137146365171e-05,0.00011160437323835915,0.0001333564348622049,0.00015467573885037111
1686,7.9000000000000004,9058.3555262618484,2.9230038219828494,6.8315761555046626,0,0.0047299390007469891,0.00010656101642406291,7.3762373071164039e-05,8.563250768908242e-05,0.00010564132227738212,0.0001262311655382227,0.00014641137351746744
1687,7.9000000000000004,9121.0658472963387,2.9029072114407906,18.255000242494511,0,0.0024947392466690851,5.6204096880757844e-05,3.8904917589638731e-05,4.516565175341751e-05,5.5719017246053448e-05,6.6578838071960881e-05,7.7222602577975812e-05
1688,7.9000000000000004,9066.9154404177043,2.9202442658848762,34.974640425680967,0,0.0033817204800404952,7.618693846966616e-05,5.273719759002152e-05,6.122387729813463e-05,7.5529393302442522e-05,9.025032197086975e-05,0.00010467837751325854
1689,7.9000000000000004,9276.9201404209271,2.8541377335756026,6.8499621112117808,0,0.0050271373161214382,0.00011325661113697971,7.83971163545995e-05,9.1013092306022639e-05,0.00011227912944779359,0.00013416270328951046,0.00015561090305773816
1690,7.9000000000000004,9505.7754223668908,2.7854232450980896,18.287366972117052,0,0.00307892107495953,6.9365156545431333e-05,4.8015106527159754e-05,5.5741888549495307e-05,6.8766488002288331e-05,8.2169304050424207e-05,9.5305470845503493e-05
1691,7.9000000000000004,9663.2737067305679,2.7400246156435499,35.009744720226593,0,0.0045144238813772178,0.00010170566624488107,7.0401461517142095e-05,8.1730744872768953e-05,0.00010082787707705397,0.00012047956394148772,0.00013974028016177598
1692,7.9000000000000004,9719.2837696747665,2.7242344653786001,6.9619307316170467,0,0.005459302129948532,0.00012299287239042467,8.5136632915111142e-05,9.8837158691900972e-05,0.00012193136013559797,0.00014569618567594032,0.00016898820960827777
1693,7.9000000000000004,9976.8241092627795,2.6539114586133929,18.569603323616157,0,0.0037359746802030562,8.4167947872927862e-05,5.8261715024663044e-05,6.7637422063620913e-05,8.3441521158970704e-05,9.9704549726506496e-05,0.00011564402506430333
1694,7.9000000000000004,10192.213103818842,2.5978271406258324,35.295656864680289,0,0.0057249455850006004,0.00012897756618294033,8.927928499421178e-05,0.0001036464628295882,0.00012786440194472086,0.00015278559696507688,0.00017721098438697083
1695,7.9000000000000004,10617.257166922307,2.4938274930961364,7.4195480297902439,0,0.0059792487850418947,0.00013470677484123645,9.3245088255453502e-05,0.00010825045893386254,0.00013354416363033439,0.00015957236299657174,0.0001850827308940723
1696,7.9000000000000004,10468.685104160597,2.5292200081192413,19.126028956179717,0,0.0039300890946879575,8.8541160573304373e-05,6.1288887226559216e-05,7.1151738863121887e-05,8.7776990055302398e-05,0.00010488501585605467,0.00012165267719275255
1697,7.9000000000000004,10313.786326756022,2.567205387555358,35.626527405324239,0,0.0058074565242693726,0.00013083645898329059,9.0566025200340051e-05,0.00010514027039037296,0.00012970725123417792,0.00015498762367872071,0.00017976504268384303
1698,7.9000000000000004,11175.575794954295,2.3692388034357323,7.8764990561062138,0,0.0063184253964843323,0.00014234810054477461,9.8534473963446604e-05,0.00011439103363952249,0.00014111953948881423,0.00016862420467548604,0.00019558166408083116
1699,7.9000000000000004,10762.157051369515,2.4602510163864868,19.439627636511126,0,0.0040564945166673763,9.1388954222548511e-05,6.3260152372429236e-05,7.3440227841073795e-05,9.0600205305821992e-05,0.00010825848510043456,0.00012556545311843341
1700,7.9000000000000004,10295.881614450693,2.5716698011543215,35.601951258727397,0,0.0058211334127315738,0.00013114458624155343,9.0779313310195638e-05,0.00010538788167166372,0.00013001271914434739,0.00015535262829532301,0.00018018839952309187
1701,7.9000000000000004,10650.899770593518,2.4859503323133225,7.6293906631650685,0,0.0060310310123463176,0.00013587337905608779,9.4052620861747457e-05,0.0001091879429008024,0.00013470069925627869,0.00016095431124279018,0.00018668560717265367
1702,7.9000000000000004,10478.722905050767,2.526797212223312,18.961278674687183,0,0.0039556910164922909,8.9117947464096892e-05,6.1688143645547235e-05,7.1615245213926555e-05,8.8348798882398224e-05,0.00010556827211556861,0.00012244516363612261
1703,7.9000000000000004,10478.421567473892,2.5268698776476111,35.174747363486304,0,0.0059333658934950222,0.00013367307703690163,9.2529554511079694e-05,0.00010741977865181992,0.00013251938734206602,0.00015834785441891125,0.00018366246370431157
1704,7.9000000000000004,10338.540318886468,2.5610586221512812,7.0677596408492613,0,0.005862048877153787,0.00013206637264844053,9.1417381105703062e-05,0.00010612862987606641,0.00013092654990674689,0.00015644456769702312,0.00018145490408968677
1705,7.9000000000000004,10477.266194576203,2.5271485263827298,18.292657815346065,0,0.0039605339850490853,8.9227054928662562e-05,6.1763668690035498e-05,7.1702924049131861e-05,8.8456964675235453e-05,0.00010569751977933183,0.00012259507374663147
1706,7.9000000000000004,11051.506710301754,2.395836922350282,34.806081682665251,0,0.0062664791759340392,0.00014117780171843592,9.7724383918043788e-05,0.00011345058068019484,0.00013995934113839601,0.00016723787982767435,0.00019397371152613468
1707,7.9000000000000004,10209.171350608822,2.5935119428242195,6.7533526666397385,0,0.0061239662490814176,0.00013796712134040459,9.5501925726446297e-05,0.00011087047567195406,0.000136776371118708,0.0001634345384192484,0.00018956234102829287
1708,7.9000000000000004,10702.755070464202,2.4739057980698473,17.963452666818021,0,0.0043927613450228196,9.8964725287163278e-05,6.8504160644141429e-05,7.9528122792823329e-05,9.8110592306559276e-05,0.00011723267137819533,0.00013597431636172419
1709,7.9000000000000004,11446.066977990713,2.3132494222736781,34.653955650975092,0,0.0065047373358617776,0.00014654553091942923,0.0001014399682579398,0.00011776409163853417,0.00014528074318061415,0.00017359644073552559,0.00020134879700636085
1710,7.9000000000000004,11207.21641961245,2.3625498815038006,2.9468536913843635,0,0.0060873987215950701,0.00013714328980759949,9.4931663064641987e-05,0.00011020844407320598,0.00013595964981311353,0.00016245863542880314,0.00018843042327532219
1711,7.9000000000000004,10368.725940731923,2.5536028221297364,17.940208392753863,0,0.0052506347390397813,0.00011829179500522327,8.1882510201569415e-05,9.5059369601252584e-05,0.00011727085624996848,0.00014012733416219529,0.00016252908205791579
1712,7.9000000000000004,11107.977575305549,2.3836569388658058,34.665416009396338,0,0.0063280743377030083,0.00014256548199166342,9.8684947109464199e-05,0.00011456572152301723,0.00014133504478576556,0.00016888171266788316,0.00019588033912433438
1713,7.9000000000000004,10927.463211935292,2.4230333528117702,2.9992920280961703,0,0.0049452230611542409,0.00011141116106509805,7.7119681310768576e-05,8.9530087331282754e-05,0.00011044960686690307,0.00013197660070402858,0.00015307531463291634
1714,7.9000000000000004,10176.474466476851,2.6018448639914418,18.369410224608693,0,0.0061370133554772346,0.00013826106020911128,9.5705392521539312e-05,0.00011110668515342593,0.00013706777309478634,0.00016378273560466348,0.00018996620348138969
1715,7.9000000000000004,10999.208885075535,2.4072283834948749,34.979994108094012,0,0.0087280081076564191,0.00019663370186432568,0.00013611139384745203,0.00015801498101164233,0.00019493661909697363,0.00023293041117074254,0.00027016831610550483
1716,7.9000000000000004,10692.286444055213,2.4763279549870352,2.9899517973393799,0,0.0038648428248667503,8.7071224316424844e-05,6.027138579677468e-05,6.9970497054027504e-05,8.6319740349441364e-05,0.00010314374336073251,0.0001196330325461925
1717,7.9000000000000004,11987.640195261722,2.2087422872942488,11.916495768462374,0,0.0062249187665903427,0.00014024148531732272,9.7076258346336433e-05,0.00011269815616222041,0.00013903110578551641,0.00016612872833314727,0.00019268724321967284
1718,7.9000000000000004,10696.62550978599,2.4753234372764905,26.545275038739575,0,0.0057831650682468125,0.00013028919563723567,9.0187205211055853e-05,0.00010470048918086848,0.00012916471114352118,0.00015433934072922305,0.0001790131206314782
1719,7.9000000000000004,10593.935344831245,2.4993174832864358,2.9217289605811851,0,0.0034012831838368986,7.6627667536197132e-05,5.3042273713726948e-05,6.1578047485741737e-05,7.596631857696434e-05,9.0772405427106496e-05,0.00010528392492773778
1720,7.9000000000000004,11930.689861912007,2.2192855677751688,11.842814970721856,0,0.0049853479183417553,0.00011231513584470866,7.7745419757887068e-05,9.0256522099488125e-05,0.00011134577972850038,0.00013304744062163319,0.00015431734660248053
1721,7.9000000000000004,10648.12722830042,2.4865976200745505,26.586268844187028,0,0.0054223879697459431,0.00012216123155298314,8.4560964591261293e-05,9.8168851530458721e-05,0.00012110689692498474,0.00014471103185757149,0.00016784556212452557
1722,7.9000000000000004,11924.141723090914,2.2205042877735486,45.08607145199143,0,0.0094873356467552201,0.00021374062741925817,0.00014795294216622933,0.00017176211841027288,0.00021189590023344484,0.00025319511231605848,0.00029367267587241438
1723,7.9000000000000004,10932.621080514287,2.421890197158219,2.7719290365921352,0,0.0035148536169755016,7.9186301123027606e-05,5.4813379991778378e-05,6.3634167234317344e-05,7.8502869413345585e-05,9.3803338414509207e-05,0.00010879940432486542
1724,7.9000000000000004,11979.130711284097,2.2103112873792652,11.562766540122224,0,0.0039120210878539254,8.8134105604374048e-05,6.1007120577870151e-05,7.0824629204012702e-05,8.7373448247984702e-05,0.00010440282241524027,0.00012109339689402653
1725,7.9000000000000004,10462.503685404532,2.5307143127777154,26.329385777486994,0,0.0043340762646216172,9.7642606372840636e-05,6.7588979540625903e-05,7.8465667104093146e-05,9.6799884178915691e-05,0.00011566650189956607,0.00013415776794002866
1726,7.9000000000000004,11492.16845817676,2.3039696920996522,44.957002862727933,0,0.0058589457855780054,0.0001319964629535544,9.1368989065456743e-05,0.00010607245039612363,0.00013085724358014066,0.00015636175333803859,0.00018135885044085769
1727,7.9000000000000004,13527.456411562644,1.957323462636406,7.061380876501179,0,0.0039117639431543449,8.8128312379440071e-05,6.1003110462039748e-05,7.0819973764384286e-05,8.7367705022527465e-05,0.00010439595981613806,0.00012108543719123705
1728,7.9000000000000004,12177.075335708809,2.1743815402454043,11.164214573822411,0,0.0034850874966799246,7.8515698810144356e-05,5.4349183800289073e-05,6.3095270744387431e-05,7.7838054855146042e-05,9.3008949299159464e-05,0.00010787801854038209
1729,7.9000000000000004,10448.08629330413,2.5342064643083546,25.995236904285722,0,0.0040018069287758723,9.0156895003480652e-05,6.2407311297781525e-05,7.2450144186743992e-05,8.9378779596926671e-05,0.00010679899947938779,0.00012387264379123324
1730,7.9000000000000004,11177.103701844406,2.3689149291666323,44.831151599398211,0,0.0046376521250030061,0.00010448188109476439,7.2323179255530306e-05,8.3961713077249163e-05,0.00010358013130200102,0.00012376824162161314,0.00014355470914332254
1731,7.9000000000000004,12306.423584048338,2.1515274233257569,2.5366360630781024,0,0.0041579210506716095,9.3673997339204762e-05,6.484187717677742e-05,7.527649009553897e-05,9.2865526944119415e-05,0.00011096532542159612,0.00012870502810075995
1732,7.9000000000000004,9814.3364706772591,2.6978500180069434,10.999779321202761,0,0.0027603760912360349,6.2188641745345864e-05,4.3047466579657359e-05,4.9974836212517409e-05,6.1651911412598139e-05,7.3668072942492243e-05,8.5445172734536167e-05
1733,7.9000000000000004,10585.124887215443,2.5013977734095616,25.639415594819194,0,0.0040596660179183786,9.1460405122199359e-05,6.3309611246726587e-05,7.3497645834248647e-05,9.0671039535546169e-05,0.00010834312515591027,0.0001256636243325227
1734,7.9000000000000004,11107.074508380108,2.383850743430767,44.689834731616202,0,0.0042597222870821528,9.5967482143854597e-05,6.6429445383901103e-05,7.711953609640859e-05,9.513921741289369e-05,0.00011368216568598548,0.00013185620168804939
1735,7.9000000000000004,10192.43834472565,2.5977697316996178,2.520866282028849,0,0.0035245208532130967,7.9404094739251194e-05,5.4964138444648904e-05,6.38091863373792e-05,7.8718783322329622e-05,9.4061334658776256e-05,0.00010909864567563984
1736,7.9000000000000004,10346.404609751033,2.5591119642845652,10.937298866393089,0,0.0032463536701631919,7.3137253294375276e-05,5.0626181543081789e-05,5.8773148147962913e-05,7.2506028987247146e-05,8.6637693946849898e-05,0.00010048820919191575
1737,7.9000000000000004,10866.080750016299,2.4367210619250304,25.572354184823023,0,0.0041745599306717146,9.4048855443017358e-05,6.5101356902384923e-05,7.5577726331211713e-05,9.3237149767193495e-05,0.00011140937876252338,0.00012922007095315677
1738,7.9000000000000004,11166.494497572116,2.3711656178131606,44.655921600458782,0,0.0042897192229436488,9.6643284511391175e-05,6.6897241094090594e-05,7.7662611353912497e-05,9.5809187145733335e-05,0.00011448271473657027,0.00013278473217863361
1739,7.9000000000000004,10944.154856254501,2.4193378266217693,2.5438018273910998,0,0.0040009456608001009,9.0137491457071878e-05,6.2393880010457731e-05,7.2434551483213159e-05,8.9359543516338459e-05,0.00010677601422304407,0.00012384598394904936
1740,7.9000000000000004,10946.567182094119,2.4188046703311405,11.014178453107762,0,0.0037911749892423382,8.5411558210655121e-05,5.9122551874431307e-05,6.8636788205023478e-05,8.4674398292504348e-05,0.00010117771869274437,0.00011735270525315008
1741,7.9000000000000004,11265.034047698309,2.3504241276175097,25.67866559800348,0,0.0043347092701707486,9.7656867384390009e-05,6.759885112490295e-05,7.8477127262996813e-05,9.6814022108222722e-05,0.00011568339535807502,0.00013417736210643923
1742,7.9000000000000004,11299.385638565393,2.3432785348765677,44.708288972286809,0,0.0043477205948285079,9.7950000124650584e-05,6.7801759911549902e-05,7.8712688939082867e-05,9.7104624913292497e-05,0.00011603063761140763,0.00013458011696524893
1743,7.9000000000000004,11839.099672109434,2.2364545073067359,2.6210851791491501,0,0.0043354491587120434,9.7673536367856486e-05,6.761038952626614e-05,7.8490522469825381e-05,9.6830547227009223e-05,0.0001157031412771918,0.00013420026474800898
1744,7.9000000000000004,11580.676170825307,2.2863611272411473,11.250970757982028,0,0.0042406615739998075,9.5538062449541123e-05,6.613219769652916e-05,7.6774454128263633e-05,9.4713503903004717e-05,0.00011317347920440631,0.00013126619298346189
1745,7.9000000000000004,11644.713610092796,2.2737878071294055,25.904524689389021,0,0.0044883001876977122,0.00010111712433116943,6.9994068178902392e-05,8.1257792177285098e-05,0.00010024441468089276,0.00011978238279373788,0.00013893164269893302
1746,7.9000000000000004,11596.943110253646,2.2831540667585233,44.77463911055613,0,0.0044698309611992575,0.00010070103026570034,6.9706044596547592e-05,8.0923418693844716e-05,9.9831911790595635e-05,0.00011928948172522068,0.00013835994297531779
1747,7.9000000000000004,12567.420023640412,2.1068451419890604,2.7918908102992557,0,0.0046093855750274906,0.00010384506267158455,7.1882368538013787e-05,8.3449965344828116e-05,0.00010294880905552774,0.00012301387258036541,0.00014267974132537359
1748,7.9000000000000004,12117.625748189344,2.1850491486006836,11.720753023059372,0,0.0046780824476364141,0.00010539273771965709,7.2953681370040025e-05,8.4693678101159761e-05,0.00010448312661386865,0.00012484723370762005,0.00014480619654465621
1749,7.9000000000000004,11971.284208416779,2.2117600219972182,26.346996209122956,0,0.0046215201138811845,0.00010411844226355872,7.2071604040169589e-05,8.3669653377068772e-05,0.00010321982919543398,0.00012333771544229845,0.00014305535600038098
1750,7.9000000000000004,11921.752165602098,2.2209493584792712,44.918133996362833,0,0.004602526947084992,0.00010369054432267736,7.1775409722483395e-05,8.3325794291051354e-05,0.0001027956243052086,0.00012283083161534708,0.00014246743813555487
1751,7.9000000000000004,9684.3244113389428,2.7340686556453435,2.8950589192685343,0,0.0037415381944439418,8.4293288544827626e-05,5.8348476822850746e-05,6.7738145915648536e-05,8.3565780055506873e-05,9.9853027093128896e-05,0.000115816239074138
1752,7.9000000000000004,12367.14463822319,2.1409637065542504,12.189315273853396,0,0.0047819907872438117,0.00010773369355053617,7.4574109394611934e-05,8.6574871852069653e-05,0.00010680387840158498,0.00012762030769773109,0.00014802259377925817
1753,7.9000000000000004,12173.537577962607,2.1750134383348412,26.658996623349594,0,0.0047070939623764458,0.00010604633948877319,7.3406109651520158e-05,8.5218912942170466e-05,0.0001051310873545722,0.00012562148414067747,0.00014570422413449184
1754,7.9000000000000004,12224.030666467283,2.1660292375391115,44.99918529021096,0,0.0047267390503835313,0.00010648892459303026,7.371247053912687e-05,8.557457464299869e-05,0.00010556985264795047,0.0001261457662415341,0.0001463123216844887
1755,7.9000000000000004,10026.619751173519,2.6407312216107424,3.1177021085288543,0,0.0043111458887519069,9.7126006865050728e-05,6.7231385301187203e-05,7.8050527376568874e-05,9.628774327671567e-05,0.00011505454304094106,0.00013344797700491813
1756,7.9000000000000004,12253.793772261417,2.1607681927926263,12.456882744026309,0,0.0045086720379095956,0.00010157608269504563,7.0311762765500974e-05,8.1626611441050332e-05,0.00010069941192150838,0.00012032606050205717,0.00013956223657554388
1757,7.9000000000000004,12104.916285819363,2.1873433238989657,26.733129407523304,0,0.0044539947274590775,0.00010034425501692523,6.9459081965316858e-05,8.0636713853188643e-05,9.9478215755204459e-05,0.00011886684916221239,0.00013786974537808086
1758,7.9000000000000004,12256.834649168613,2.1602321139201166,44.993892987802383,0,0.0047472544248224014,0.00010695111642091239,7.4032403354923354e-05,8.5945992320711554e-05,0.00010602805544557547,0.00012669327428053051,0.00014694735823556174
1759,7.9000000000000004,12299.97242618113,2.1526558683809633,3.3764558324967711,0,0.0055651640412208974,0.00012537784032848806,8.6787526466183468e-05,0.00010075372060307576,0.00012429574417603854,0.00014852139598920316,0.00017226507804783345
1760,7.9000000000000004,11712.654792554878,2.2605983266042533,12.634280480540202,0,0.0039368638935672476,8.8693790333335478e-05,6.1394538746026471e-05,7.1274392245550543e-05,8.7928302516553707e-05,0.00010506581961667078,0.0001218623855228314
1761,7.9000000000000004,11696.831303324147,2.2636564670825097,26.7134728203871,0,0.0039316743635044327,8.857687516843177e-05,6.131360915000061e-05,7.1180439136866362e-05,8.7812396409149909e-05,0.00010492732302542059,0.00012170174788579487
1762,7.9000000000000004,11875.774750738918,2.2295478299211924,44.955648172343665,0,0.0046059297603919438,0.00010376720646242861,7.1828475858135303e-05,8.3387400040433335e-05,0.00010287162479848191,0.00012292164485623193,0.00014257276942418579
1763,7.9000000000000004,11215.736747666124,2.3607551086336396,3.4959869525559806,0,0.0054450909128981482,0.00012267270721846944,8.4915012066787276e-05,9.8579873734706811e-05,0.0001216139582071299,0.00014531692106138538,0.00016854831306682705
1764,7.9000000000000004,11132.880917596241,2.3783248936304768,12.782351202120127,0,0.0035314482050797799,7.9560161372652658e-05,5.5072168994874779e-05,6.3934601593663707e-05,7.8873502994393372e-05,9.424620970686604e-05,0.00010931307615803713
1765,7.9000000000000004,11192.506928789362,2.3656548075067216,26.728076403947348,0,0.0035504156957408411,7.9987480854687711e-05,5.5367962898801248e-05,6.4277995829745699e-05,7.9297134418266282e-05,9.4752408296975335e-05,0.00010990019923920733
1766,7.9000000000000004,11332.792544940203,2.3363709976288596,44.941712154383204,0,0.0047687571715593043,0.00010743555280536296,7.4367734027604691e-05,8.633528573971621e-05,0.00010650831081409572,0.00012726713300945786,0.00014761295808445006
1767,7.9000000000000004,11013.317771959484,2.4041445432144255,8.0929799776979792,0,0.0040650752008867894,9.1582268857661183e-05,6.3393966282185418e-05,7.3595575617711173e-05,9.0791851503973877e-05,0.00010848748377673057,0.00012583106114468607
1768,7.9000000000000004,10941.380426629166,2.4199513033749893,19.555587934508036,0,0.0031174769852926601,7.0233784448159997e-05,4.8616377588296388e-05,5.6439918542596679e-05,6.962761905462469e-05,8.3198272394195577e-05,9.6498937354944393e-05
1769,7.9000000000000004,11112.662531248647,2.3826520196836891,35.610615102303655,0,0.003741974085983246,8.4303108765653218e-05,5.8355274456886965e-05,6.7746037452005606e-05,8.3575515521138539e-05,9.9864660033225142e-05,0.00011582973173841212
1770,7.9000000000000004,10028.031409976953,2.6403594825002341,8.1757223762144555,0,0.0037048353583789295,8.3466408638740931e-05,5.7776104053102625e-05,6.7073664641989001e-05,8.2746036686168382e-05,9.8873513028716406e-05,0.00011468013295534529
1771,7.9000000000000004,10377.372809979504,2.5514750514388758,19.808203839168414,0,0.002959536289424333,6.6675531142188236e-05,4.6153326684274389e-05,5.3580503685189936e-05,6.6100075898084008e-05,7.8983199404411087e-05,9.1610012949632955e-05
1772,7.9000000000000004,10523.375743274419,2.5160754942219863,35.872870383228971,0,0.0038878708390077919,8.7590023521384906e-05,6.0630502683882801e-05,7.0387404459743653e-05,8.6834061963926817e-05,0.000103758307959683,0.00012034584579372848
1773,7.9000000000000004,9758.8671239320593,2.7131845825844634,8.1031286931388653,0,0.0070927365070132774,0.00015979259167951831,0.0001106096878296219,0.00012840943897532919,0.00015841347278423889,0.00018928878279284191,0.00021954982798410232
1774,7.9000000000000004,10330.61406797561,2.5630236160135063,19.893149425418891,0,0.0039552565140045549,8.9108158537278887e-05,6.1681367673469017e-05,7.1607378825455984e-05,8.833909444068556e-05,0.00010555667624605581,0.0001224317139687979
1775,7.9000000000000004,10747.091309137439,2.4636999037712597,36.054393244710177,0,0.0053701580868458342,0.00012098454208433112,8.3746450893022769e-05,9.7223263046476772e-05,0.00011994036308784879,0.00014331713671571778,0.00016622882903497544
1776,7.9000000000000004,9999.6039840013364,2.6478656421299438,19.017903308631283,0,0.0043531168151900237,9.8071571824936892e-05,6.7885912797965026e-05,7.8810384042873104e-05,9.7225147367007152e-05,0.00011617465029013937,0.00013474715253057178
1777,7.9000000000000004,11089.106475357112,2.3877133728477586,35.397560553095033,0,0.0055480334010209386,0.00012499190333618981,8.6520377846893102e-05,0.00010044358136482973,0.00012391313808283186,0.00014806421870245271,0.00017173481316270207
1778,7.9000000000000004,12558.413357057247,2.1083561331626064,6.9423177637859661,1,0.05795703864782549,0.001305716827693893,0.00090382745024103418,0.0010492749603879809,0.0012944476021933232,0.0015467397229654404,0.0017940124877071281
1779,7.9000000000000004,9475.9896562127378,2.7941786330236593,17.843525390507224,0,0.0050527204424929764,0.00011383297458458989,7.8796079662888708e-05,9.1476258377588371e-05,0.00011285051848631013,0.00013484545794226197,0.00015640280770393684
1780,7.9000000000000004,10543.451153977781,2.5112847242767851,34.464188420851208,0,0.0056218812975753476,0.00012665562604305221,8.767201978039516e-05,0.00010178055010132279,0.00012556250172963133,0.00015003504878147422,0.00017402071409381329
1781,7.9000000000000004,14733.491524189005,1.797103407612018,34.695625385830709,1,0.047360121140032296,0.0010669783787595505,0.00073857081955494151,0.00085742457503980567,0.0010577696286696017,0.0012639324292752091,0.0014659936174590609
1782,8,13849.179455186526,2.700565420819375,7.341444879624877,1,0.0308430030697837,0.00056564926088608963,0.00036779156472079895,0.00046926331498329713,0.00058235505410540441,0.00065693225346053646,0.00076983776872088696
1783,8,13844.695451284944,2.7014400768149542,18.492689912627494,1,0.020555497574222766,0.00037698021764280998,0.00024511681302021141,0.00031274324717948238,0.00038811389004228883,0.00043781629538097543,0.0005130628282753088
1784,8,13837.608466858348,2.7028236297460562,34.742574026268578,1,0.030817823845805607,0.0005651874832375037,0.00036749131165645217,0.0004688802236842452,0.00058187963839089309,0.00065639595534744768,0.00076920929821943924
1785,8,14175.936064333313,2.6383171434794259,7.0769570829310737,0,0.0055023067253059752,0.00010091026886376768,6.5613001285748401e-05,8.3715281813836678e-05,0.00010389053632262155,0.00011719490310680919,0.00013733693579200452
1786,8,14128.408570999421,2.647192354004325,18.213272043659913,0,0.0036559036458165329,6.7047919764752815e-05,4.3595317852839865e-05,5.5623035805359382e-05,6.9028102115951414e-05,7.7867937017901047e-05,9.1250929716089185e-05
1787,8,14110.199349074794,2.6506085575503371,34.598627620968493,0,0.0054765717606874084,0.0001004382991375226,6.5306121216914572e-05,8.3323735154759322e-05,0.00010340462751928819,0.00011664676814532859,0.00013669459406881874
1788,8,14735.335659444834,2.5381583431678636,6.9961300718215123,0,0.0049369098394916678,9.0541099238988906e-05,5.8870849594117765e-05,7.5113006078294454e-05,9.3215125329585354e-05,0.00010515238411288402,0.00012322469529349597
1789,8,14519.188929827542,2.5759438302069873,18.191229911190224,0,0.0032426964468783583,5.9469852669815128e-05,3.8667972681310321e-05,4.9336262124146299e-05,6.1226225620658806e-05,6.9066941351869277e-05,8.0937326098106513e-05
1790,8,14316.715503350782,2.612373985824147,34.651573558190762,0,0.0047958094490317803,8.7953370301122749e-05,5.718827889007375e-05,7.2966223003286036e-05,9.0550970826385813e-05,0.00010214705427326845,0.00011970284596152536
1791,8,15174.518338765043,2.4646986684153718,7.0469569865126713,0,0.0051060480652261259,9.364303169860759e-05,6.0887761259827767e-05,7.7686373020513595e-05,9.6408669757669263e-05,0.00010875489828851918,0.00012744636573233819
1792,8,14853.899049140755,2.5178988371785342,18.268274482861838,0,0.0033320129616351826,6.1107884493201821e-05,3.9733039550560906e-05,5.0695175317609071e-05,6.2912634809350089e-05,7.0969314450159573e-05,8.3166655916436748e-05
1793,8,14588.040050139958,2.5637861573488085,34.728367075528176,0,0.0049085053520623563,9.0020171452421361e-05,5.8532136439206031e-05,7.468084375281265e-05,9.2678812546543216e-05,0.00010454739036784855,0.00012251572259149395
1794,8,15719.838505678003,2.3791984332338876,7.2181011061006464,0,0.0053122949781862971,9.7425523747517425e-05,6.3347180489039284e-05,8.0824333025957394e-05,0.00010030287331120265,0.00011314779897311372,0.00013259426468755956
1795,8,15152.995479984625,2.4681994522337698,18.472128868485804,0,0.0034136952423043944,6.2605907288955284e-05,4.0707070962136532e-05,5.1937936851416459e-05,6.4454899966570562e-05,7.2709084231539615e-05,8.5205436140014371e-05
1796,8,14871.477252960289,2.5149226608240243,34.86437044890539,0,0.0050254630693057833,9.2165132699028424e-05,5.9926814568758042e-05,7.6460306212494417e-05,9.4887122729544411e-05,0.00010703849982870376,0.0001254349736084475
1797,8,15598.046482105139,2.3977755923670765,7.3934235152119321,0,0.0052936304301970756,9.7083222845397455e-05,6.3124612560286336e-05,8.054035978112549e-05,9.9950462949944266e-05,0.00011275025845014196,0.00013212839974095574
1798,8,15080.483489899056,2.4800673777103941,18.745599295362798,0,0.0034118921482605329,6.2572839211540426e-05,4.0685569723160868e-05,5.1910503534163444e-05,6.4420855261938714e-05,7.2670679714613838e-05,8.5160431122429685e-05
1799,8,14833.579581257804,2.5213479280924505,35.087572943465467,0,0.0050338530220853843,9.2319001327771004e-05,6.0026861696262498e-05,7.658795581409129e-05,9.5045535689328246e-05,0.00010721719937276115,0.00012564438585384102
1800,8,15293.142218480674,2.4455808106069177,7.3966462411593499,0,0.005223286788015858,9.5793146482929921e-05,6.228579027805093e-05,7.9470110861353595e-05,9.8622285682129949e-05,0.00011125199295147523,0.00013037263061503875
1801,8,14846.356273972291,2.5191780699057635,18.797918398452392,0,0.0033808100705624081,6.2002805410455309e-05,4.0314927280675551e-05,5.1437602799296944e-05,6.3833986175337583e-05,7.2008655355368855e-05,8.4384626078796442e-05
1802,8,14448.144580577435,2.5886102492133349,35.160620918085215,0,0.0049349093269663883,9.0504410579692098e-05,5.8846994211739749e-05,7.5082569121907476e-05,9.3177353113395463e-05,0.00010510977473407825,0.00012317476273358038
1803,8,15078.779060932484,2.4803477119908117,7.2788581097295593,0,0.0051731264568773703,9.4873224574868912e-05,6.1687646620165297e-05,7.8706942527276334e-05,9.7675194950140994e-05,0.00011018361646120358,0.00012912063458486668
1804,8,14673.511129079359,2.5488524739848972,18.650472525711447,0,0.0033560783600899463,6.1549234993931842e-05,4.0020010651697887e-05,5.1061320229948683e-05,6.3367020083944888e-05,7.1481888935904177e-05,8.3767325462391059e-05
1805,8,14084.172960319838,2.6555066633141879,35.077609239252745,0,0.0048317715755253387,8.8612902390943854e-05,5.7617114134937145e-05,7.3513371627368905e-05,9.1229981429617862e-05,0.00010291301992010233,0.00012060045645540692
1806,8,15162.566755824333,2.4666414167002628,7.2113074910724038,0,0.0052280429191212847,9.5880372167094828e-05,6.2342505407162201e-05,7.9542473395052994e-05,9.8712087475456186e-05,0.00011135329488753419,0.00013049134309415958
1807,8,14726.857286028517,2.5396195818968854,18.543782620522812,0,0.0033851515419348502,6.2082426388588465e-05,4.0366697743676455e-05,5.1503656459620744e-05,6.3915958666481689e-05,7.2101125357903304e-05,8.4492988699218474e-05
1808,8,14151.967301053715,2.6427855822288469,35.015649571215512,0,0.0048797247835971978,8.9492346478849073e-05,5.8188938655079593e-05,7.4242959512600801e-05,9.2135398876097758e-05,0.0001039343863858785,0.00012179736295058587
1809,8,15597.58024971476,2.397847265064259,7.1480498991539037,0,0.0054024015115310652,9.9078044219410417e-05,6.4421668041871196e-05,8.2195266019847448e-05,0.00010200419905378739,0.00011506699885996541,0.00013484331327794368
1810,8,15093.07296231687,2.4779986975997259,18.457651662593264,0,0.0034853373590166686,6.3919797193739348e-05,4.1561377079666683e-05,5.3027941514865006e-05,6.5807594081984875e-05,7.4235006239457989e-05,8.6993615039177762e-05
1811,8,14672.895021497063,2.5489594990357189,34.949294422329075,0,0.0050830153587897902,9.3220620387282228e-05,6.061310463443989e-05,7.7335940082744943e-05,9.5973783019416881e-05,0.00010826431934883933,0.00012687147205903295
1812,8,15826.283908581538,2.3631962726966491,6.8937857213481939,0,0.0055064535870691291,0.00010098632077369414,6.5662451100122841e-05,8.3778374570834171e-05,0.00010396883433727938,0.00011728322807428057,0.00013744044097921724
1813,8,15347.380511598752,2.436938024383601,18.077270329661825,0,0.0035599151558021245,6.5287526384530568e-05,4.2450690111575187e-05,5.4162611315484366e-05,6.7215717564117662e-05,7.5823455976000944e-05,8.8855068171466331e-05
1814,8,15166.578721942082,2.4659889240076214,34.638551527514096,0,0.0052770792192701303,9.6779679762824916e-05,6.2927245405373691e-05,8.0288540070541756e-05,9.9637955075368532e-05,0.00011239773038187513,0.00013171528344158633
1815,8,15636.891311367119,2.3918190897835783,6.5124197486869635,0,0.0054642027803808177,0.0001002114566166271,6.5158625637101251e-05,8.3135546323454489e-05,0.00010317108546829607,0.00011638331837400012,0.00013638586575922342
1816,8,15310.567023800577,2.442797519207411,17.518778749903589,0,0.0035669207443572771,6.5416006285768725e-05,4.2534229200510855e-05,5.4269198397856403e-05,6.7347991969850639e-05,7.5972669626368945e-05,8.9029926846857731e-05
1817,8,15301.276022085587,2.4442807965437305,34.203827519837034,0,0.0053472919066019009,9.8067354461821746e-05,6.3764506098782086e-05,8.1356796567376565e-05,0.00010096365974937406,0.00011389320664292597,0.00013346778394969481
1818,8,15071.340179027462,2.4815719570475694,6.2761908064113916,0,0.0052797827294793123,9.6829261139455509e-05,6.295948377878448e-05,8.0329672840913745e-05,9.9689000780307853e-05,0.00011245531307088738,0.00013178276274191392
1819,8,14877.175983219369,2.5139593149657342,17.189058836214031,0,0.0034747628344411292,6.3725864326798925e-05,4.1435279730098723e-05,5.2867054572518224e-05,6.5607933633312151e-05,7.4009776995633526e-05,8.6729676135884236e-05
1820,8,14947.93823386439,2.5020584483462853,33.956172715328151,0,0.0052370687516378059,9.6045902594864795e-05,6.2450135168656189e-05,7.967979763931039e-05,9.8882506651942086e-05,0.00011154553818112724,0.00013071662682381606
1821,8,14130.255350115618,2.6468463744423998,6.3012082647334422,0,0.0049713774072244572,9.1173221674293982e-05,5.9281862770749128e-05,7.5637415619645045e-05,9.3865916766025436e-05,0.00010588651680712182,0.0001240850017745676
1822,8,14242.223306364091,2.6260376865939534,17.293206848843621,0,0.0033405828130858668,6.1265052396989122e-05,3.9835231904118068e-05,5.0825562001796848e-05,6.307444448443091e-05,7.1151845697605949e-05,8.338055841173324e-05
1823,8,14312.380643398063,2.6131652081689705,34.075832988822256,0,0.005035477004820552,9.234878457007593e-05,6.0046227098194844e-05,7.6612664028140881e-05,9.5076198545064608e-05,0.0001072517889565115,0.00012568492027399634
1824,8,13828.929410464176,2.7045199258229111,6.4337023790636634,0,0.0048832543945669243,8.9557078237676981e-05,5.8231027978822627e-05,7.4296661058475167e-05,9.2202042412156668e-05,0.00010400956438598878,0.00012188546162979811
1825,8,13868.333968439734,2.6968354835203483,17.562034992636317,0,0.0032645901570918074,5.9871375211970702e-05,3.8929047192074704e-05,4.9669365713599034e-05,6.1639606664232085e-05,6.9533260547655472e-05,8.1483790558185476e-05
1826,8,13754.83958084221,2.7190877017199497,34.328307356865515,0,0.0048564871614522487,8.9066177089269834e-05,5.7911838484588919e-05,7.3889408868540746e-05,9.1696643069119925e-05,0.00010343944289914322,0.00012121735460503108
1827,8,13782.180991269728,2.713693512448438,6.5461667612128132,0,0.004891827756195199,8.9714310516822123e-05,5.8333262189967564e-05,7.4427101148538124e-05,9.2363918363846676e-05,0.00010419217039751922,0.00012209945173871894
1828,8,13641.48657124903,2.741681776986451,17.755597538687635,0,0.0032276338788908786,5.9193610747785449e-05,3.848835705061786e-05,4.9107091489562707e-05,6.09418252146585e-05,6.87461202337528e-05,8.0561366153335492e-05
1829,8,13431.6941971652,2.7845046644445164,34.507112732463021,0,0.0047669221669237056,8.7423588238835551e-05,5.6843808584668613e-05,7.252671515989535e-05,9.000554226688583e-05,0.00010153177737274514,0.00011898182276050387
1830,8,13713.664299779404,2.727251763338006,6.5514161213421644,0,0.0048837716690440826,8.9566564860137752e-05,5.8237196288338846e-05,7.4304531172009777e-05,9.2211809210981387e-05,0.00010402058193467456,0.00012189837274057455
1831,8,13520.626602560926,2.7661894853537952,17.744726302524949,0,0.0032100530028525576,5.8871183988163307e-05,3.8278711514718957e-05,4.8839605857525293e-05,6.0609875955588231e-05,6.8371661090214363e-05,8.0122549532564896e-05
1832,8,13372.795832759744,2.7967685748837514,34.500514981391404,0,0.0047625583801887538,8.7343558005213183e-05,5.6791772019107068e-05,7.2460321980719817e-05,8.9923148433367485e-05,0.00010143883207014515,0.0001188729031512295
1833,8,13280.931813842488,2.8161137838548966,6.4705013710435679,0,0.0047439553308666902,8.7002384965887393e-05,5.6569937439534527e-05,7.217728441223409e-05,8.9571899245019512e-05,0.00010104260142150403,0.00011840857320420392
1834,8,13273.181943097359,2.8177580405163374,17.579004195233352,0,0.0031608885390071949,5.7969525917674217e-05,3.7692443211161319e-05,4.8091589225316946e-05,5.9681588462377852e-05,6.7324495807669153e-05,7.889541023418211e-05
1835,8,13316.139869765855,2.8086679404980206,34.354424520391269,0,0.0047567571975814984,8.7237166463292483e-05,5.6722595031914017e-05,7.2372059428109587e-05,8.9813614740961466e-05,0.00010131527134052691,0.00011872810630819163
1836,8,12937.612438811711,2.8908436792557066,6.4960542896103384,0,0.0046348954742838457,8.5002267560690072e-05,5.5269438418408838e-05,7.0517984579598585e-05,8.751271069786888e-05,9.8719710320888725e-05,0.00011568645187059716
1837,8,13070.742575533128,2.8613994137875784,17.541924618015415,0,0.0031216874147371836,5.7250591807429962e-05,3.7224984098912713e-05,4.7495160612824295e-05,5.8941421469118365e-05,6.6489541998319943e-05,7.7916954732585989e-05
1838,8,13165.703866032029,2.8407607769375498,34.29572204413828,0,0.0047164908657972597,8.6498696841485052e-05,5.6242433708485671e-05,7.1759424131457794e-05,8.9053335277519428e-05,0.00010045762943005016,0.00011772306335095371
1839,8,13026.962787502496,2.8710157350936298,6.6636391188673239,0,0.0046878748943915347,8.5973890517063178e-05,5.5901198684272735e-05,7.1324044166253523e-05,8.8513029408517137e-05,9.9848131238904764e-05,0.00011700881203350188
1840,8,12968.755989512625,2.8839015225240878,17.704481598009462,0,0.0031110462323343901,5.7055436460608657e-05,3.7098091879061498e-05,4.7333259499681104e-05,5.8740502436042908e-05,6.6262892994021133e-05,7.7651352057678372e-05
1841,8,12907.655260238284,2.8975529938896436,34.380391761455705,0,0.004644302990602399,8.5174797928122957e-05,5.538161962006125e-05,7.066111598231626e-05,8.7690336549096584e-05,9.8920083186028712e-05,0.0001159212623835519
1842,8,13256.713564451076,2.8212584485261525,6.8154381676745173,0,0.0047840020401056357,8.7736826791499429e-05,5.7047479844195517e-05,7.2786578244262088e-05,9.0328031955988792e-05,0.0001018955655406106,0.00011940813440825954
1843,8,12937.464371867463,2.8908767644397564,17.927181175329249,0,0.0031124144128845169,5.7080528385515804e-05,3.7114406933215373e-05,4.7354075791110171e-05,5.8766335421776894e-05,6.6292034187889385e-05,7.7685501685052007e-05
1844,8,12675.392365939799,2.9506475274010842,34.538128177527248,0,0.0045739166153226183,8.3883937856443883e-05,5.4542287761208065e-05,6.9590216896429029e-05,8.6361352426130388e-05,9.7420907505215559e-05,0.00011416442664446584
1845,8,13414.418025258969,2.7880907746407293,6.6882252698133229,0,0.0048556071711272492,8.9050038392405692e-05,5.7901344920851348e-05,7.3876020185988401e-05,9.1680027734608951e-05,0.00010342069978175229,0.00012119539014888649
1846,8,12953.424514805109,2.887314864162124,17.818706194541154,0,0.0031258446971029041,5.7326834827350688e-05,3.7274558175172901e-05,4.7558411914905533e-05,5.9019916237981914e-05,6.6578088916614684e-05,7.8020720016826558e-05
1847,8,12542.222748376884,2.9819766315535206,34.481701610694294,0,0.0045398959552297655,8.3260011541848666e-05,5.4136603795218289e-05,6.9072606866790495e-05,8.5718999173295407e-05,9.6696293600128351e-05,0.00011331527492609922
1848,8,13336.044134767832,2.8044759574462788,6.3304987960296986,0,0.004841799198541284,8.879680528569702e-05,5.7736689882834342e-05,7.3665937692586955e-05,9.1419315682536982e-05,0.00010312660058116226,0.00012085074475939287
1849,8,12912.23918360787,2.8965243449702394,17.347541464120251,0,0.0031253561855481165,5.7317875706240636e-05,3.7268732853017566e-05,4.7550979417133235e-05,5.9010692519646973e-05,6.6567683996062617e-05,7.800852682524657e-05
1850,8,12528.070404168586,2.985345223710921,34.146693046278905,0,0.004548628077434707,8.3420155431210435e-05,5.424073116834801e-05,6.9205462432231354e-05,8.5883872726224354e-05,9.688228108988757e-05,0.00011353322768054537
1851,8,13006.123529505126,2.8756158634472011,6.0173556177242666,0,0.0047411859939357126,8.6951596351542422e-05,5.6536914106470011e-05,7.2135150115985573e-05,8.951961064800362e-05,0.00010098361667392474,0.0001183394508765578
1852,8,12753.670122167812,2.9325374409983289,16.869199228631945,0,0.0030995535641848929,5.6844665180339229e-05,3.6961046002174706e-05,4.7158403389151467e-05,5.8523506271082147e-05,6.601810799793494e-05,7.736449639758455e-05
1853,8,12575.569040328926,2.9740694058024588,33.804563109580592,0,0.0045846976405534215,8.4081657868973161e-05,5.4670847555789681e-05,6.9754245659363657e-05,8.6564911869333467e-05,9.7650535054240607e-05,0.00011443351978009296
1854,8,12859.85287649561,2.9083237189872695,5.9287756526386,0,0.0046999356820354079,8.6195080898590721e-05,5.6045019178965459e-05,7.1507543975862475e-05,8.8740752390777008e-05,0.00010010501674345411,0.0001173098478900872
1855,8,12681.716121803778,2.9491761827956124,16.726720840946147,0,0.0030899263051383293,5.6668104812604397e-05,3.684624444861986e-05,4.7011928693280516e-05,5.8341731398179423e-05,6.5813054781625296e-05,7.7124201131700883e-05
1856,8,12579.136846076484,2.9732258740045698,33.739681764930964,0,0.0045974665178280727,8.4315834352255602e-05,5.4823111761124884e-05,6.9948518754786972e-05,8.6806004482764158e-05,9.792250232355023e-05,0.00011475222947149193
1857,8,12947.377036386904,2.8886634751030513,6.0683646109236378,0,0.004744326380061047,8.7009189870781566e-05,5.6574362065874323e-05,7.2182929769612939e-05,8.9578905124867406e-05,0.00010105050448408331,0.00011841783454893171
1858,8,12723.035318160873,2.9395984690864743,16.984119921258486,0,0.0031079956326942691,5.6999489592277141e-05,3.7061714590752758e-05,4.7286845909649965e-05,5.8682903242006673e-05,6.6197917566970257e-05,7.7575209445530718e-05
1859,8,12564.462247299962,2.9766984378050916,33.982708306875743,0,0.0046037369762188425,8.4430832238360627e-05,5.4897884690915151e-05,7.0043921141002728e-05,8.6924398697723067e-05,9.805605826658078e-05,0.00011490873938349646
1860,8,13328.882376483118,2.805982833893621,6.3001725948334899,0,0.0048962798682100168,8.9795960603386837e-05,5.8386352002283746e-05,7.4494838159685302e-05,9.2447979890780568e-05,0.00010428699696067638,0.00012221057593670407
1861,8,12890.570822466536,2.901393247707432,17.403523609818464,0,0.0031567117985605389,5.7892926043750831e-05,3.764263710438136e-05,4.8028041876720958e-05,5.9602726300243597e-05,6.7235534447209744e-05,7.8791159278504894e-05
1862,8,12504.025290841671,2.9910860121813889,34.325105898903068,0,0.0045929641210510153,8.4233262061762486e-05,5.4769422321355313e-05,6.9880016682138867e-05,8.6720993515681125e-05,9.7826604733616029e-05,0.00011463985017169082
1863,8,13636.011485182506,2.7427826079524804,6.5283039749970238,0,0.0050263853554053054,9.2182047084743066e-05,5.9937812494183653e-05,7.6474338407460826e-05,9.4904536661974162e-05,0.00010705814381357527,0.000125457993762204
1864,8,13130.631579123752,2.8483485290122426,17.799375392944487,0,0.0032267537275724859,5.9177469098362069e-05,3.8477861567092786e-05,4.9093700357563616e-05,6.0925206840387886e-05,6.8727373687326384e-05,8.0539397678814544e-05
1865,8,12680.791012857084,2.9493913357201671,34.622969941985211,0,0.0046743274540448302,8.572543547519602e-05,5.5739650398205951e-05,7.1117925561257455e-05,8.8257236535876151e-05,9.9559581174715273e-05,0.00011667066949839305
1866,8,13593.799669714472,2.751299566869696,6.700733003753375,0,0.0050266084303277926,9.2186138196258434e-05,5.9940472581290153e-05,7.6477732398551101e-05,9.4908748599711252e-05,0.00010706289513792551,0.00012546356168631945
1867,8,13248.383130423073,2.8230324240482991,18.089890163694374,0,0.0032661000465804956,5.9899066026362671e-05,3.8947052073646825e-05,4.9692338046906437e-05,6.166811529463001e-05,6.9565420032970064e-05,8.1521477224180902e-05
1868,8,12865.903042931461,2.9069560852898522,34.85337957841422,0,0.0047578142744727292,8.7256552862239163e-05,5.6735200288379365e-05,7.2388142408260679e-05,8.9833573694659776e-05,0.00010133778626563541,0.00011875449082442925
1869,8,13676.667360275072,2.7346292892983413,6.8122290344215974,0,0.005068390037980759,9.2952397416674182e-05,6.0438703016908454e-05,7.7113421980016351e-05,9.5697638395244534e-05,0.00010795281125947067,0.00012650642575297199
1870,8,13608.128942518022,2.7484024660100186,18.246057129532648,0,0.0033620886583968657,6.1659461640387823e-05,4.0091681267355483e-05,5.1152764389947051e-05,6.348050214623942e-05,7.1609903669158314e-05,8.3917341808966551e-05
1871,8,13412.957556774158,2.7883943556139723,34.974348357740197,0,0.0049709040071873678,9.1164539692825528e-05,5.9276217647931937e-05,7.563021303725657e-05,9.3856978372329174e-05,0.00010587643375027908,0.00012407318576471146
1872,8,13713.8747949442,2.7272099025715963,6.8437580812764649,0,0.0050951857277615632,9.3443820449805919e-05,6.0758231846509036e-05,7.7521107126153209e-05,9.6203575036264401e-05,0.00010852353885142744,0.0001271752430528153
1873,8,13946.192089586584,2.6817797218873336,18.291570290186904,0,0.003454422937989136,6.3352838153940904e-05,4.1192733881842254e-05,5.2557591605702576e-05,6.5223890566169863e-05,7.3576552838403123e-05,8.6221994686539353e-05
1874,8,14022.871119983662,2.6671153734059576,35.015526914695613,0,0.0052102788699856318,9.5554586080662463e-05,6.2130675598871582e-05,7.9272200861406957e-05,9.8376679675764354e-05,0.00011097493429784502,0.00013004795449418773
1875,8,14340.68464141334,2.6080076424937579,6.9185545842791951,0,0.0053352660155783337,9.78468040713949e-05,6.3621101733561482e-05,8.1173827695163347e-05,0.00010073659565960791,0.00011363706440956082,0.00013316761910869289
1876,8,14657.473289339425,2.5516413644499569,18.449743401964913,0,0.0036354577998161963,6.6672950516391549e-05,4.3351508594853853e-05,5.5311960860742351e-05,6.8642058586830168e-05,7.7432456216744341e-05,9.0740603778342537e-05
1877,8,14899.531130983454,2.5101873887577959,35.171167759029622,0,0.0055433173637291127,0.00010166238879385454,6.6102038194434552e-05,8.4339241422843637e-05,0.00010466486924032635,0.00011806839817647577,0.00013836055655636571
1878,8,15272.776435604657,2.4488419182388252,7.2357393308001852,0,0.0056996593822325539,0.00010452964354890622,6.7966359755045543e-05,8.6717919455852035e-05,0.00010761680503070716,0.00012139836297574182,0.0001422628351512773
1879,8,15293.811346450842,2.4454738126528688,18.872256099310373,0,0.0038047038874588868,6.9776861123486053e-05,4.5369706474487728e-05,5.7886968876513999e-05,7.1837639584675528e-05,8.103726776810122e-05,9.4964966437866862e-05
1880,8,15269.742006321978,2.4493285562987404,35.450118234457797,0,0.0056976447727874772,0.00010449269635731778,6.7942336272039383e-05,8.6687268020761406e-05,0.000107578766646775,0.00012135545334338201,0.0001422125507338834
1881,8,16239.340295946709,2.3030870997101971,7.6029125475421511,0,0.0060766771653998674,0.00011144401015279991,7.2462159339960793e-05,9.2454086402256585e-05,0.00011473537941266146,0.00012942855190807188,0.00015167315516145702
1882,8,15913.854918342049,2.3501920392834239,19.217917178227626,0,0.0039696372626963827,7.280167818126265e-05,4.733647683131818e-05,6.0396360787548623e-05,7.4951791097188823e-05,8.4550221860816308e-05,9.9081684297446204e-05
1883,8,15532.139038703579,2.4079500608514102,35.565972118030153,0,0.005811131891307289,0.00010657400810784941,6.9295628777364451e-05,8.8413926781064891e-05,0.00010972154751984175,0.00012377264171960085,0.0001450451760104229
1884,8,16204.392436523412,2.3080541458068389,7.6807126184988661,0,0.0060788270746942059,0.00011148343869354749,7.2487796224332383e-05,9.2486796367628372e-05,0.00011477597242951503,0.0001294743433232032,0.00015172681664734933
1885,8,15795.71014223883,2.3677704140307685,19.133373000024392,0,0.0039504186463101883,7.2449215869810427e-05,4.7107301838972119e-05,6.0103957625172611e-05,7.4588919221188585e-05,8.4140880106953656e-05,9.8601989868107539e-05
1886,8,15555.950469977026,2.4042642213075958,35.369511900328476,0,0.0058358680633488098,0.00010702766034789815,6.9590598608926238e-05,8.8790277231309248e-05,0.00011018859785132237,0.00012429950316705644,0.00014566258798707303
1887,8,15960.623447910868,2.3433054019136272,7.36838695491483,0,0.0059989507814461988,0.00011001853703867849,7.1535300554202157e-05,9.1271512172592925e-05,0.00011326780660756387,0.00012777303968546195,0.00014973311365971829
1888,8,15922.436008757657,2.3489254485197972,18.662336417671856,0,0.0039898281594323718,7.3171971754475967e-05,4.7577245912293982e-05,6.0703556786374626e-05,7.5333020860533195e-05,8.498027243864596e-05,9.9585646731212437e-05
1889,8,16269.859422249312,2.2987669513759204,35.019008302924156,0,0.0067950593152140007,0.00012461887289741443,8.1028604518785735e-05,0.00010338396856333798,0.00012829934640954638,0.00014472953941098993,0.00016960389005295099
1890,8,15237.987992177939,2.454432643115191,6.931948358854549,0,0.0057361057380077461,0.00010519805622453267,6.8400969257518453e-05,8.7272435424722863e-05,0.00010830495849752051,0.00012217464233400176,0.00014317253195169908
1891,8,15736.308161333514,2.3767083587812419,18.149256353562322,0,0.0039493324056502285,7.2429294618139164e-05,4.7094348815199239e-05,6.0087430930550523e-05,7.4568409618512376e-05,8.4117744015992175e-05,9.8574877427594999e-05
1892,8,16706.135833517044,2.2387352477024072,34.737514828493602,0,0.0076868375404306665,0.00014097375548867221,9.1662734667989615e-05,0.00011695199905791294,0.00014513725144172052,0.00016372373001406244,0.00019186257081569568
1893,8,15004.819064972387,2.492573551300445,6.7631582771488858,0,0.0056621817306146561,0.00010384231728922113,6.7519452425709921e-05,8.6147712754636426e-05,0.00010690917938912149,0.00012060011780888663,0.00014132739732659002
1894,8,15812.439044438814,2.3652654115085756,17.981622896382977,0,0.0039780796864219287,7.2956509107733643e-05,4.7437149655719532e-05,6.0524808712511697e-05,7.5111194775045586e-05,8.4730038995682955e-05,9.9292406211546643e-05
1895,8,13588.497691331595,2.7523730726508147,25.541017308566342,0,0.0032302072585640709,5.9240805578549081e-05,3.8519043664839012e-05,4.9146244378580049e-05,6.099041388987359e-05,6.8800931242392097e-05,8.0625597410622594e-05
1896,8,14436.717888254556,2.5906591396253078,6.9244472920210143,0,0.005462049311278778,0.00010017196279032381,6.5132946303320913e-05,8.3102782197106258e-05,0.00010313042523775382,0.0001163374511377015,0.00013633211542094499
1897,8,15435.516433234163,2.4230232467552359,18.200424626404075,0,0.0038005784544960014,6.9701202209825424e-05,4.5320512190742482e-05,5.7824202149696736e-05,7.17597461729713e-05,8.0949399217601238e-05,9.4861996111016085e-05
1898,8,16653.838008290826,2.2457655181213836,34.853456445446113,0,0.0083012653140148943,0.00015224213344815479,9.8989561817186683e-05,0.00012630025912187574,0.00015673842784208377,0.00017681056922281844,0.0002071986165692826
1899,8,14049.648432695925,2.6620321015550283,7.328831217308502,0,0.0053257138398896753,9.7671620704654674e-05,6.3507195521670537e-05,8.1028495360992755e-05,0.00010055623845582307,0.0001134336104110509,0.00013292919791468825
1900,8,15344.730705059039,2.4373588472991679,18.770723228857296,0,0.0036931850873195894,6.7731647603551737e-05,4.4039885448103933e-05,5.619025725223008e-05,6.9732023061474052e-05,7.8662003060155346e-05,9.2181470159134719e-05
1901,8,16919.814366434664,2.2104624987844881,35.289103576167456,0,0.010486424297925769,0.00019231714045610411,0.00012504678588314168,0.00015954653368974135,0.00019799700358534558,0.00022335277564228476,0.00026173993061280338
1902,8,13738.791295780127,2.7222638686480702,7.6858212605949321,0,0.0052127803112837733,9.5600461588253019e-05,6.2160504374202547e-05,7.9310259238314881e-05,9.8423910063130489e-05,0.00011102821307440156,0.00013011039017800198
1903,8,15338.031925177082,2.4384233470010228,19.345359279643301,0,0.0036949619910049453,6.7764235359485018e-05,4.4061074376604726e-05,5.6217292094197625e-05,6.9765573258887849e-05,7.8699849742579943e-05,9.2225821468417776e-05
1904,8,13292.233624549945,2.8137193642400473,26.428115567542015,0,0.0029090941623523456,5.335171024233803e-05,3.4689887086251697e-05,4.4260643723159778e-05,5.4927390970372753e-05,6.1961469163009764e-05,7.2610651883581089e-05
1905,8,13475.011529651007,2.7755534799432926,7.6819679146243631,0,0.0051168709158113486,9.3841518772656789e-05,6.1016819806509238e-05,7.7851038138618332e-05,9.6613018916662363e-05,0.00010898541668543827,0.00012771650282394616
1906,8,15268.167842801748,2.4495810845458803,19.523607136989199,0,0.0036810890249257045,6.7509810296164646e-05,4.3895644314880243e-05,5.6006220752141019e-05,6.9503634047151576e-05,7.8404366230549769e-05,9.1879553848892549e-05
1907,8,13203.553043921456,2.8326174794758772,26.406562963619173,0,0.0028923968605928077,5.3045487907965946e-05,3.4490777851432337e-05,4.400660130202364e-05,5.4612124715410828e-05,6.160582947232251e-05,7.2193889174024616e-05
1908,8,13425.925920984575,2.785700991016351,7.3541315869153552,0,0.0051034716611133395,9.3595781400741191e-05,6.0857038580267321e-05,7.7647174115920314e-05,9.6360023977195018e-05,0.0001087000228616417,0.00012738205898539062
1909,8,15044.827088727239,2.4859451639309502,19.189107336317324,0,0.0035628806017798981,6.5341911566211156e-05,4.2486051973511676e-05,5.4207729328369993e-05,6.7271708948903571e-05,7.5886617695509472e-05,8.8929085358107547e-05
1910,8,16651.663470032203,2.246058792306743,35.812452693347531,0,0.0058421543065360956,0.00010714294772132911,6.9665559766659042e-05,8.8885919776562788e-05,0.0001103072901032788,0.00012443339531411751,0.00014581949188576237
1911,8,14254.838215661339,2.6237137579231149,44.901568067631516,0,0.0058604819476847604,0.00010747906987668706,6.9884110204191256e-05,8.9164767125564042e-05,0.00011065333923567381,0.0001248237599803975,0.00014627694767681756
1912,8,13527.456411562644,2.7647928779449273,7.061380876501179,0,0.0051503730669613121,9.4455935825146599e-05,6.1416320742429099e-05,7.836075927284554e-05,9.7245582062392434e-05,0.00010969898674866867,0.00012855271261941529
1913,8,14863.001473158623,2.5163568213958216,18.769408030209053,0,0.0034356792005340257,6.3009084946325614e-05,4.0969221647584998e-05,5.2272413526464933e-05,6.4869985007262013e-05,7.3177325640688332e-05,8.5754153180078897e-05
1914,8,16199.655419840177,2.3087290546682402,35.496873396938319,0,0.0043613784559327767,7.9986066676489528e-05,5.2007847712422745e-05,6.6356538223503851e-05,8.2348362153072577e-05,9.2894008108343609e-05,0.0001088594989102072
1915,8,14011.55350430703,2.6692696946061134,44.788409319056839,0,0.0047011939739598271,8.6218157506773663e-05,5.6060023851328609e-05,7.1526688358085355e-05,8.8764510539750632e-05,0.00010013181739407654,0.00011734125471014627
1916,8,13949.118479880219,2.6812171104105502,6.8881042562134658,0,0.0053183032830241587,9.7535713834488692e-05,6.341882733330528e-05,8.0915746856162764e-05,0.00010041631773427061,0.00011327577124700948,0.00013274423127737926
1917,8,15004.587610292845,2.492612000728549,18.46348603486549,0,0.0035639851071812131,6.5362167786478845e-05,4.2499222797664989e-05,5.422453391334719e-05,6.7292563413084218e-05,7.5910142811419994e-05,8.8956653684439606e-05
1918,8,16086.523454126254,2.3249656925595965,35.238933433122163,0,0.0042297790933169066,7.7572583072823377e-05,5.0438573300873362e-05,6.4354309289729503e-05,7.9863599117417262e-05,9.0091042857469284e-05,0.00010557479412798889
1919,8,14774.371833357718,2.5314521365270757,6.7366623236015037,0,0.0056414979513548713,0.0001034629844329439,6.7272805900367235e-05,8.5833017755583682e-05,0.00010651864337799822,0.00012015956921222542,0.00014081113260236582
1920,8,15454.545873385025,2.4200397378099696,18.236179998901676,0,0.003840385675611051,7.0431251911883013e-05,4.579519878685524e-05,5.8429852270680637e-05,7.2511357044123838e-05,8.1797262423785938e-05,9.5855579719358397e-05
1921,8,16334.219190326745,2.2897093952031566,35.079758790148155,0,0.0046825978491127551,8.5877111459756387e-05,5.5838271843595333e-05,7.124375614257326e-05,8.8413392094281327e-05,9.9735734231429243e-05,0.00011687709759721099
1922,8,15952.521886450846,2.3444954603174546,6.646947600019975,0,0.0062372353530460055,0.00011438858788946727,7.4376757180174375e-05,9.4896911674882201e-05,0.00011776692182901373,0.00013284831786871044,0.0001556806688477123
1923,8,16291.325781243293,2.2957379678981882,18.178844170962048,0,0.0044309808453784219,8.1262548738134341e-05,5.2837830826083918e-05,6.7415509294774801e-05,8.366254362819598e-05,9.4376485493613552e-05,0.00011059676645407265
1924,8,16729.566574039327,2.2355997675060224,35.107044123392114,0,0.0056164100398288742,0.00010300288142093342,6.6973641703714699e-05,8.5451315737072045e-05,0.00010604495175850651,0.00011962521598416579,0.00014018494124910029
1925,8,16991.217235560645,2.2011733841601235,6.7723679589139465,0,0.0070152337266909176,0.00012865679011436529,8.3654104089153742e-05,0.00010673382959893134,0.00013245651881646676,0.00014941908510660926,0.00017509941775099405
1926,8,17073.088682531299,2.1906179859339741,18.349284474170332,0,0.0053775390555323051,9.8622075978325308e-05,6.4125192320168715e-05,8.1816994212325752e-05,0.00010153476432087269,0.00011453744766130701,0.00013422274926841123
1927,8,14742.510347423453,2.5369231061747461,26.130789069161818,0,0.0048272480309499259,8.852994225765598e-05,5.7563172515383724e-05,7.3444547799866432e-05,9.1144571165254097e-05,0.00010281667189832146,0.00012048754930901894
1928,8,14756.201968064724,2.5345692085498022,44.857995236628533,0,0.0061906810897623945,0.00011353479993121007,7.3821614566507232e-05,9.41886081460188e-05,0.00011688791823613971,0.00013185674785142314,0.00015451867985171177
1929,8,12567.420023640412,2.9759978637655964,2.7918908102992557,0,0.0060333969357464906,0.00011065026675955695,7.1946058383459395e-05,9.1795595917577448e-05,0.00011391819373121338,0.00012850671629005008,0.00015059288566400574
1930,8,15248.520147040688,2.4527373661671201,11.937512252820181,0,0.0053922053798118996,9.8891050937407543e-05,6.4300082889134715e-05,8.2040136165607375e-05,0.00010181168314262445,0.00011484982909307544,0.00013458881901632762
1931,8,15050.101555527417,2.4850739382328491,26.465443707233096,0,0.0050905733694352967,9.3359231505198568e-05,6.0703231155362576e-05,7.7450932034798541e-05,9.6116487855532704e-05,0.00010842529916503289,0.0001270601191255375
1932,8,15045.82274616414,2.4857806564904501,44.948011903663001,0,0.0060917419157905774,0.0001117202920992971,7.2641800995015959e-05,9.2683290241187116e-05,0.00011501982102520539,0.00012974941950969933,0.00015204916957875877
1933,8,12998.923567825203,2.877208635642142,3.0295039407147568,0,0.0058336460972219515,0.00010698691031151136,6.9564102473102337e-05,8.8756470951547483e-05,0.00011014664430999246,0.00012425217699678931,0.00014560712797102323
1934,8,15219.690107507504,2.4573834867340714,12.282571412141674,0,0.0052342538521752803,9.5994278380554546e-05,6.2416568519017311e-05,7.9636970128314115e-05,9.8829357776487539e-05,0.00011148558298665418,0.00013064636726068269
1935,8,15059.295399122409,2.483556776871406,26.60910054483255,0,0.0049472554733072356,9.0730834334107032e-05,5.8994217504837971e-05,7.5270410544030564e-05,9.3410464030125904e-05,0.000105372738159491,0.000123482921110047
1936,8,15137.308648089944,2.4707572536758793,44.953628079589684,0,0.0055169280379370935,0.00010117841832587628,6.5787355107219805e-05,8.3937738933824698e-05,0.00010416660526730641,0.00011750632582506977,0.00013770188205441104
1937,8,13049.166981837016,2.8661304737272757,3.2176463243053872,0,0.0058656048900145126,0.00010757302274294428,6.994519942339507e-05,8.924271053771132e-05,0.00011075006689059352,0.0001249328747135322,0.00014640481572142719
1938,8,14822.411510723417,2.5232476588806758,12.503095151044169,0,0.0046150922141615794,8.4639083099502865e-05,5.5033291762700181e-05,7.0216686308758176e-05,8.7138800005908285e-05,9.8297916104918539e-05,0.00011519216480161652
1939,8,14739.37568354241,2.537462640643549,26.680362478590116,0,0.0043621066448529247,7.9999421391772446e-05,5.2016531099761769e-05,6.6367617311549517e-05,8.2362111284343362e-05,9.2909517972515249e-05,0.00010887767442094542
1940,8,14936.001979911747,2.5040579931430775,44.953564425939561,0,0.0048371101793788012,8.8710810409726667e-05,5.7680775039170337e-05,7.3594596238863133e-05,9.1330781047894215e-05,0.00010302672807789272,0.00012073370738656092
1941,8,12999.309446776526,2.8771232269321181,7.9177563353389928,0,0.0043397778972199576,7.9589920424356158e-05,5.175026892640582e-05,6.6027894810794169e-05,8.1940516181996091e-05,9.2433932814147608e-05,0.00010832035147748226
1942,8,14293.478103553462,2.616621012215409,12.703687362873501,0,0.003536693769884248,6.4861654761346569e-05,4.217378355217182e-05,5.3809307698788079e-05,6.6777268317719349e-05,7.5328858308419992e-05,8.8275465080250547e-05
1943,8,14290.303666120019,2.6172022664619514,26.78963044080848,0,0.0036831290365630059,6.7547223354556769e-05,4.3919970709765794e-05,5.6037258670898753e-05,6.9542152056721793e-05,7.8447816910074908e-05,9.1930472302049381e-05
1944,8,14492.051402751284,2.5807674913641572,44.991653671690187,0,0.0044757285224408631,8.2083204573737338e-05,5.3371430557834416e-05,6.8096326374376723e-05,8.4507436579697154e-05,9.5329576613283171e-05,0.00011171366326814912
1945,8,13568.782601572515,2.7563721994532071,3.4577397289447873,0,0.0059447549705796124,0.00010902460592598992,7.0889035272094726e-05,9.0446945712319241e-05,0.00011224452089514188,0.00012661871057943573,0.00014838039252497163
1946,8,13648.89584965663,2.7401934599962341,12.746624843108055,0,0.0031409823567383794,5.760445390241217e-05,3.7455069246385569e-05,4.7788725037319716e-05,5.9305734469627548e-05,6.690050942910342e-05,7.8398554240396298e-05
1947,8,13832.810390910128,2.7037611364915177,26.761121619140898,0,0.0033260251245370727,6.0998069777002211e-05,3.9661636776627892e-05,5.0604072895452531e-05,6.2799576843193078e-05,7.0841778123385043e-05,8.3017200199020266e-05
1948,8,14229.831377148637,2.6283245494714462,44.97223650497763,0,0.0046215361963300476,8.475726334746737e-05,5.511013390026414e-05,7.031472878624414e-05,8.7260470570083958e-05,9.843516797100996e-05,0.00011535300584692675
1949,8,15903.124109924765,2.3517778572864185,8.1459940736312646,0,0.0055394350644641446,0.00010159118886222664,6.6055743191378383e-05,8.4280173872945392e-05,0.00010459156650150456,0.00011798570818682161,0.00013826365481833173
1950,8,16115.676100423621,2.3207599178799403,19.716321258788806,0,0.0036105162188549097,6.6215531152778934e-05,4.3054089336826123e-05,5.4932485200206424e-05,6.8171129874171376e-05,7.6901219717214936e-05,9.011806481894987e-05
1951,8,16322.411546056885,2.2913657726289816,35.778732833464147,0,0.0043531273066691094,7.9834743652856113e-05,5.1909455766231159e-05,6.6231000459002448e-05,8.2192569979884934e-05,9.271826497246426e-05,0.0001086535511844247
1952,8,14897.092195943733,2.510598353790312,8.1018932910696009,0,0.0047826572225195809,8.7712163334706413e-05,5.7031443384868903e-05,7.2766117410501773e-05,9.0302640092676498e-05,0.00010186692195991576,0.00011937456791775137
1953,8,15533.691204160659,2.4077094524308031,19.788306207274754,0,0.0032929318612420996,6.039115157643797e-05,3.9267011679278023e-05,5.0100572817905669e-05,6.2174734019261027e-05,7.0136917057115272e-05,8.2191196196846638e-05
1954,8,16060.718037603619,2.3287013106033769,35.913186320031052,0,0.0043965364984602188,8.0630852163974441e-05,5.2427094549199041e-05,6.6891453048348342e-05,8.3012190630214831e-05,9.364284738487441e-05,0.00010973703956183187
1955,8,14237.295929744178,2.6269465302931918,7.7576496418243837,0,0.0046638966014913878,8.5534137499965879e-05,5.5615266285111564e-05,7.0959224528279076e-05,8.80602887973767e-05,9.9337412034507236e-05,0.00011641031663205801
1956,8,15173.899657795791,2.4647991608527464,19.357864841537637,0,0.0034071856037543678,6.2486522927253309e-05,4.0629445896164061e-05,5.1838895439709015e-05,6.4331989726558255e-05,7.2570433934997247e-05,8.5042956319058112e-05
1957,8,16298.85549016535,2.2946773879899842,35.636696467325066,0,0.0051289940632887722,9.4063852810451432e-05,6.1161383919477568e-05,7.80354867268578e-05,9.684191933174741e-05,0.00010924363040650036,0.0001280190951747227
1958,8,13508.672243943902,2.7686373958895913,7.1608970513551204,0,0.0057394477504919151,0.00010525934749656819,6.8440821537728907e-05,8.7323282738568686e-05,0.00010836805993601002,0.00012224582463059432,0.00014325594819453473
1959,8,14632.308050393893,2.5560297811247925,18.478520574833961,0,0.0042347183015102458,7.7663166323021279e-05,5.0497471557499017e-05,6.4429457264294587e-05,7.9956857638585318e-05,9.0196244194752162e-05,0.00010569807618992705
1960,8,16080.793448306984,2.3257941384314247,34.97406501177921,0,0.0068324135651009581,0.00012530393601502672,8.1474040327478281e-05,0.00010395229775913672,0.00012900464206978959,0.00014552515621584663,0.00017053624778478902
1961,8,12558.413357057247,2.9781321955278233,6.9423177637859661,1,0.032803832480976056,0.0006016101465577987,0.00039117374043375736,0.00049909650948549913,0.00061937800272239844,0.00069869641244440172,0.00081877984272513528
1962,8,13687.840715268681,2.7323970172796317,18.12928227431966,1,0.023835892684629868,0.00043714144984895561,0.0002842343285173023,0.00036265307860808044,0.00045005191428999151,0.00050768618928348822,0.00059494110862968747
1963,8,14733.491524189005,2.5384760348214566,34.695625385830709,1,0.038483789604323901,0.00070577845797083259,0.00045890515793602207,0.00058551466736184545,0.00072662280409273436,0.00081967513245288413,0.00096055091178657214
1964,8.0999999999999996,18679.786159257514,2.8281786863954608,7.2504949365811466,1,0.034590346620719435,0.00051683536212723878,0.00034410908189638545,0.00042347732934495263,0.00049574439823183737,0.00061274042252698602,0.00073484575637157857
1965,8.0999999999999996,18644.467098376525,2.8335362337407437,18.438054123261885,1,0.023016429511378941,0.00034390244225723186,0.00022897031112574463,0.00028178197250838604,0.00032986850703396438,0.00040771770513040316,0.00048896663970205106
1966,8.0999999999999996,18580.276070679658,2.843325517934812,34.754896855538789,1,0.034405162045666432,0.00051406840700078834,0.00034226684264965034,0.00042121018035858336,0.00049309035672343341,0.00060946002536856351,0.00073091165011310993
1967,8.0999999999999996,19394.589085212985,2.7239439232211438,7.0457095844209086,0,0.0062976956738053404,9.4097693204053557e-05,6.2650261939783982e-05,7.7100451585902004e-05,9.0257764291606837e-05,0.00011155865971584176,0.00013378978220598273
1968,8.0999999999999996,19148.950432083191,2.7588860950584095,18.188967691414824,0,0.0041449070707383637,6.1931572134221619e-05,4.1234052445235355e-05,5.0744625254720429e-05,5.9404274956853275e-05,7.3423725344747459e-05,8.8055416295313403e-05
1969,8.0999999999999996,18965.26713336799,2.7856065886405017,34.59561142019686,0,0.0061570353448181531,9.1996001860333873e-05,6.1250955445467682e-05,7.5378397131882835e-05,8.8241838550432662e-05,0.00010906697409148414,0.00013080155988547698
1970,8.0999999999999996,19860.594273259216,2.6600298236376703,7.0499122446655473,0,0.0052663475513249954,7.8687694969398965e-05,5.239028219937596e-05,6.4474022792867155e-05,7.5476615667895253e-05,9.3289149691259165e-05,0.00011187957126023553
1971,8.0999999999999996,19552.774470792952,2.7019067376321324,18.247077948077891,0,0.0034562335852215786,5.1641683623497806e-05,3.4383042727812763e-05,4.2313440345383942e-05,4.9534295150081401e-05,6.122442340870024e-05,7.3425068877675776e-05
1972,8.0999999999999996,19307.020165376238,2.7362986431628631,34.690348434981367,0,0.0051189029926319747,7.6484636332219767e-05,5.0923485341894285e-05,6.266891142389449e-05,7.3363459219267846e-05,9.0677286844566843e-05,0.00010874722310993552
1973,8.0999999999999996,15174.518338765043,3.4814794053184106,7.0469569865126713,0,0.0037243060157518995,5.5647116504198606e-05,3.7049860697664104e-05,4.5595355909768352e-05,5.3376274740890017e-05,6.5973112866833474e-05,7.9120064945087937e-05
1974,8.0999999999999996,14853.899049140755,3.5566266410766438,18.268274482861838,0,0.0024303405998258366,3.6313193902807787e-05,2.4177331371424843e-05,2.9753796858351624e-05,3.4831328849343663e-05,4.305154678992919e-05,5.1630748194058655e-05
1975,8.0999999999999996,19614.144856781597,2.6934527845995344,34.846244172516393,0,0.0048821996838246161,7.2947908537451507e-05,4.8568731306942019e-05,5.9771036876409865e-05,6.9971057845819333e-05,8.6484276377152806e-05,0.00010371864031186638
1976,8.0999999999999996,15719.838505678003,3.3607071130504886,7.2181011061006464,0,0.0043052674205555424,6.4327613445324522e-05,4.2829337203530296e-05,5.2707860067543154e-05,6.1702538862446675e-05,7.6264381137560369e-05,9.1462150660988432e-05
1977,8.0999999999999996,15152.995479984625,3.4864243938975052,18.472128868485804,0,0.0026875315417505285,4.015603985815512e-05,2.6735898935612255e-05,3.2902494222163009e-05,3.8517356345198924e-05,4.760747934975653e-05,5.7094575264740905e-05
1978,8.0999999999999996,19688.647365550998,2.6832606679965574,34.962320412069587,0,0.0049813587680671029,7.4429504595872425e-05,4.9555178242976181e-05,6.0985006329671914e-05,7.1392193085833574e-05,8.8240800526573614e-05,0.00010582520007145078
1979,8.0999999999999996,15598.046482105139,3.3869480477985494,7.3934235152119321,0,0.0047191551284877873,7.0511760882605257e-05,4.69467437373941e-05,5.7774940288672356e-05,6.7634324252001629e-05,8.3596072022820857e-05,0.00010025488202975097
1980,8.0999999999999996,15080.483489899056,3.5031882842100219,18.745599295362798,0,0.0028836202386918587,4.3085920087572224e-05,2.8686613746730161e-05,3.5303138500347439e-05,4.1327674325852419e-05,5.1081034337049623e-05,6.1260331346914905e-05
1981,8.0999999999999996,19438.449242602888,2.7177977225802041,35.072133954902206,0,0.0049989779882866911,7.4692764058474512e-05,4.9730456442988813e-05,6.1200712185572828e-05,7.1644709483568704e-05,8.8552910970574774e-05,0.00010619950708117542
1982,8.0999999999999996,15293.142218480674,3.4544747133912095,7.3966462411593499,0,0.0050797585289980695,7.5899755143854131e-05,5.0534071336013202e-05,6.2189679657295271e-05,7.2802445801822797e-05,8.9983873868697316e-05,0.00010791562858149022
1983,8.0999999999999996,19772.379207014808,2.6718976269327355,18.709281872292824,0,0.0039357712475907502,5.8806746873710053e-05,3.9153543195528586e-05,4.8184249643917502e-05,5.6406967241731067e-05,6.971905091502552e-05,8.361248388326161e-05
1984,8.0999999999999996,19110.277766961481,2.7644691367789016,35.108175795309819,0,0.0049391071463264317,7.3798197472464691e-05,4.9134853840759673e-05,6.046773472984021e-05,7.0786648278092269e-05,8.749234672118961e-05,0.00010492759631869301
1985,8.0999999999999996,15078.779060932484,3.5035842669061563,7.2788581097295593,0,0.0049511197598599314,7.3977685221857811e-05,4.9254356818267065e-05,6.0614800891200167e-05,7.0958811510009385e-05,8.7705140596107335e-05,0.00010518279520914693
1986,8.0999999999999996,19674.887157026715,2.6851372849256392,18.641953444219745,0,0.0038001152794844592,5.6779828723114261e-05,3.7804020707342246e-05,4.6523461802926467e-05,5.4462763356964914e-05,6.7316013555290981e-05,8.0730575425319923e-05
1987,8.0999999999999996,18969.137413644428,2.7850382402753211,35.07577975380218,0,0.0048725276021726795,7.2803392095395717e-05,4.8472512232476852e-05,5.9652625015665021e-05,6.9832438815753975e-05,8.631294315915685e-05,0.00010351316425130133
1988,8.0999999999999996,15162.566755824333,3.4842236102105706,7.2113074910724038,0,0.004922974953721267,7.3557156591943338e-05,4.8974368776900451e-05,6.0270234024923264e-05,7.0555443768842953e-05,8.7206577786244784e-05,0.00010458488008613079
1989,8.0999999999999996,19892.531287355516,2.6557592052459276,18.486133588947368,0,0.0037229458162541494,5.5626792937982479e-05,3.7036329263431925e-05,4.5578703470375372e-05,5.3356780536657804e-05,6.5949018016784369e-05,7.9091168535355477e-05
1990,8.0999999999999996,19277.764682842149,2.7404511856635168,34.96842506404991,0,0.0049203444126766161,7.3517852081690519e-05,4.8948199826537187e-05,6.0238029245117627e-05,7.0517743192971197e-05,8.7159979848130785e-05,0.00010452899623088012
1991,8.0999999999999996,15597.58024971476,3.3870492881742447,7.1480498991539037,0,0.0050037632787145372,7.4764263987003079e-05,4.9778061108931863e-05,6.1259296796844416e-05,7.1713291650423778e-05,8.8637678576717127e-05,0.00010630116695762783
1992,8.0999999999999996,15093.07296231687,3.5002661958858887,18.457651662593264,0,0.0027237579114780964,4.0697320034442442e-05,2.7096283379401707e-05,3.3346000801391792e-05,3.903654801614794e-05,4.8249200617741534e-05,5.7864177094839519e-05
1993,8.0999999999999996,19828.711908326124,2.6643068559513283,34.71662375238148,0,0.0050781112664740344,7.5875142394740518e-05,5.0517684162996314e-05,6.2169512807218368e-05,7.2778837447224278e-05,8.9954693925921458e-05,0.00010788063373484442
1994,8.0999999999999996,15826.283908581538,3.3381034604965589,6.8937857213481939,0,0.0051851397382036458,7.7474319747625577e-05,5.1582416747132634e-05,6.3479824376769925e-05,7.431275573642372e-05,9.1850618002922095e-05,0.0001101543726806788
1995,8.0999999999999996,15347.380511598752,3.4422664533606264,18.077270329661825,0,0.0029262936614124764,4.3723529595417062e-05,2.9111134277697386e-05,3.5825574059779235e-05,4.1939264330979854e-05,5.1836960010625895e-05,6.2166895942521264e-05
1996,8.0999999999999996,15166.578721942082,3.4833019397846225,34.638551527514096,0,0.0039101507223987279,5.8423935057433622e-05,3.889866701581869e-05,4.7870586652803275e-05,5.6039777170380503e-05,6.9265203730328054e-05,8.3068195200068957e-05
1997,8.0999999999999996,15636.891311367119,3.3785342642647156,6.5124197486869635,0,0.0052297044318061151,7.8140187881549545e-05,5.2025751876690253e-05,6.4025414093946847e-05,7.495145119254583e-05,9.2640046032862859e-05,0.00011110111589597108
1998,8.0999999999999996,15310.567023800577,3.4505432097917805,17.518778749903589,0,0.0031591831557369792,4.7203272873350436e-05,3.142794801055877e-05,3.867675743097917e-05,4.5277006605850883e-05,5.5962411794014934e-05,6.7114457135948949e-05
1999,8.0999999999999996,15301.276022085587,3.45263839471842,34.203827519837034,0,0.0043955391426978027,6.5676418032766795e-05,4.3727371553060979e-05,5.3813024702848533e-05,6.2996301572068104e-05,7.7863472750436979e-05,9.3379905133470631e-05
2000,8.0999999999999996,19520.522722418151,2.7063708197406617,6.319636333176927,0,0.0062456873932174297,9.3320605919384173e-05,6.2132877078615933e-05,7.6463732676759909e-05,8.9512388304316713e-05,0.00011063737447485346,0.00013268490561410388
2001,8.0999999999999996,19422.553788688485,2.7200219732589752,17.295462210387665,0,0.004064398179978332,6.0728639935632458e-05,4.0433139959804045e-05,4.975898349687922e-05,5.8250431890758128e-05,7.1997574509013085e-05,8.6345065792790406e-05
2002,8.0999999999999996,19468.19753022712,2.7136448045594035,34.061527677251362,0,0.0058736402159499518,8.7761623244250319e-05,5.8431705361678947e-05,7.1908891213413997e-05,8.4180256018083981e-05,0.00010404685524419923,0.00012478104467906291
2003,8.0999999999999996,18820.185505448411,2.8070803588382756,6.3580729198650268,0,0.0056474813746633249,8.4382446738264226e-05,5.6181849004608624e-05,6.9140108837048849e-05,8.0938976596752851e-05,0.00010004063161517163,0.00011997647111963396
2004,8.0999999999999996,18832.89650858891,2.8051857587569469,17.406756609594716,0,0.0037674007140565103,5.6291020546220731e-05,3.7478572130677574e-05,4.6122948996564176e-05,5.3993902413496369e-05,6.6736501101631414e-05,8.003557922190319e-05
2005,8.0999999999999996,18774.501334310306,2.8139108539458721,34.187760336253966,0,0.0056331949851817584,8.4168985122451073e-05,5.6039726220410471e-05,6.8965205644260045e-05,8.0734225900435676e-05,9.9787559611490785e-05,0.00011967296757861676
2006,8.0999999999999996,18471.99770301042,2.8599924020901786,6.4902419055240301,0,0.0051671908798896328,7.7206134962193662e-05,5.1403859266247967e-05,6.3260082878745846e-05,7.4055515007922344e-05,9.1532668282793596e-05,0.0001097730627589139
2007,8.0999999999999996,18373.769531994825,2.8752822326438179,17.647704842303817,0,0.0034261147412244898,5.1191659695875033e-05,3.4083416711651058e-05,4.1944706034661416e-05,4.9102635752258779e-05,6.0690892091446934e-05,7.27852168131457e-05
2008,8.0999999999999996,18204.153790732435,2.9020724439788124,34.401281331603883,0,0.005091433744457018,7.6074201623844726e-05,5.0650217835398521e-05,6.2332615173851244e-05,7.2969773487936717e-05,9.0190691005624318e-05,0.00010816365970499429
2009,8.0999999999999996,18162.846843170093,2.9086724971147899,6.5260553193750059,0,0.0047077029715285887,7.0340647255036115e-05,4.6832816251781608e-05,5.7634735598112375e-05,6.7470193411612954e-05,8.3393206189443482e-05,0.00010001158961539491
2010,8.0999999999999996,18066.004408030043,2.9242643746148462,17.712212810120853,0,0.0031215778311052271,4.6641388894936588e-05,3.1053845551414966e-05,3.8216368796577181e-05,4.4738051930597237e-05,5.5296263438903566e-05,6.6315560451691205e-05
2011,8.0999999999999996,17893.055129122477,2.9525294982214674,34.469784376798813,0,0.0046375910868174846,6.9293063033882884e-05,4.6135334479121034e-05,5.6776380692960452e-05,6.6465358898790036e-05,8.2151230029646569e-05,9.8522115644055533e-05
2012,8.0999999999999996,17970.861969175283,2.9397461942923986,6.4850427495976195,0,0.0046748186826653191,6.9849303137288412e-05,4.6505679245216398e-05,5.7232144928006631e-05,6.6998900013701801e-05,8.2810687220393603e-05,9.9312987765941442e-05
2013,8.0999999999999996,17863.855145322181,2.957355657682379,17.621104619387012,0,0.0030981332077862078,4.6291088549123804e-05,3.0820615514891368e-05,3.7929344599349573e-05,4.4402046604992969e-05,5.4880960621733265e-05,6.5817497158350522e-05
2014,8.0999999999999996,17778.2605606781,2.9715940376577534,34.396703984930724,0,0.0046251570976037527,6.9107279254713809e-05,4.6011639603797521e-05,5.6624155778793767e-05,6.6287156564827574e-05,8.1930971820382058e-05,9.8257964945923829e-05
2015,8.0999999999999996,17580.680731357956,3.0049901872005838,6.5370058384340357,0,0.0045885638722604804,6.8560517666023485e-05,4.5647605634592991e-05,5.6176157916546131e-05,6.5762707166384829e-05,8.1282751997541926e-05,9.7480569545689658e-05
2016,8.0999999999999996,17576.178139088217,3.0057599930981147,17.632622061338147,0,0.0030583354649764399,4.5696446320109178e-05,3.0424702606299271e-05,3.7442114967804264e-05,4.3831670474434166e-05,5.4175975325914618e-05,6.4972024207830633e-05
2017,8.0999999999999996,17615.018075922253,2.9991324933267816,34.376842347058449,0,0.0045976729427776464,6.8696621817016925e-05,4.5738223804077133e-05,5.6287677031914396e-05,6.5893257193289697e-05,8.1444111921994745e-05,9.7674084860451484e-05
2018,8.0999999999999996,17407.628639402861,3.034863287607982,6.6141595876158892,0,0.0045589415692773626,6.8117912859046734e-05,4.5352919270361203e-05,5.5813502581117263e-05,6.5338164130501782e-05,8.0758016508617229e-05,9.6851266119511842e-05
2019,8.0999999999999996,17393.27382629364,3.0373679854435207,17.67387585461222,0,0.0030365398393186272,4.537078464914755e-05,3.0207877004153538e-05,3.7175278863321746e-05,4.3519298371191159e-05,5.3789883188092311e-05,6.4508992622812816e-05
2020,8.0999999999999996,17369.016192195559,3.0416099851282938,34.37474364854333,0,0.0045481537509000922,6.7956725517424673e-05,4.5245600707810464e-05,5.5681431151884219e-05,6.5183554505211973e-05,8.0566918903753274e-05,9.6622087075948974e-05
2021,8.0999999999999996,17513.911233846957,3.0164463195370947,6.6830592843468848,0,0.0046020476032516081,6.8761986274188609e-05,4.5781743472029859e-05,5.6341234446490706e-05,6.595595426446717e-05,8.152160554576843e-05,9.7767021214056324e-05
2022,8.0999999999999996,17280.692914628718,3.0571559452523318,17.75794577399024,0,0.0030269164892316007,4.5226996334978811e-05,3.0112142717373346e-05,3.7057463605819683e-05,4.33813777556455e-05,5.3619413210930597e-05,6.4304551827492961e-05
2023,8.0999999999999996,17080.857093858154,3.0929228429077655,34.424913882032598,0,0.0044875634731924071,6.7051409405278985e-05,4.4642841069046112e-05,5.4939645899794543e-05,6.431518243914819e-05,7.9493610423479307e-05,9.5334892445057422e-05
2024,8.0999999999999996,17714.166942774435,2.9823458959545466,6.7002987625113528,0,0.0046700017308627297,6.9777330136944169e-05,4.6457759607968959e-05,5.7173172697768205e-05,6.6929864080096668e-05,8.272535875823119e-05,9.9210655267525279e-05
2025,8.0999999999999996,17256.420710795966,3.0614560207717734,17.812398560818998,0,0.0030327747985761265,4.5314528890368641e-05,3.0170421909314205e-05,3.7129184806618823e-05,4.3465338291586426e-05,5.372318849200594e-05,6.4429007179401987e-05
2026,8.0999999999999996,16841.100954533278,3.1369548359495072,34.472300164785722,0,0.0044394962826372134,6.6333208338679902e-05,4.4164662663011323e-05,5.4351176356293767e-05,6.3626289647244046e-05,7.8642138451445563e-05,9.4313741330629713e-05
2027,8.0999999999999996,17806.06033535898,2.9669546259555544,6.4899929674304095,0,0.0047098553043401613,7.0372806565848612e-05,4.6854227927005532e-05,5.7661085844350158e-05,6.7501040368602642e-05,8.343133304983151e-05,0.00010005731429835994
2028,8.0999999999999996,17234.77043436838,3.0653018143303825,17.528088489190846,0,0.0030392158080966387,4.5410767922735113e-05,3.0234497875273498e-05,3.7208039798733821e-05,4.3557650011493825e-05,5.3837285842297734e-05,6.4565841555905816e-05
2029,8.0999999999999996,16731.382730332123,3.1575258263779107,34.262971900148784,0,0.004425716127020838,6.6127310670285544e-05,4.4027575956435801e-05,5.4182470804933814e-05,6.3428794229563291e-05,7.8398033977227665e-05,9.4020992345259104e-05
2030,8.0999999999999996,17493.071975849583,3.0200397708859974,6.1983466584895917,0,0.004640932244798739,6.9342985303066839e-05,4.6168572735389662e-05,5.6817285303554139e-05,6.6513243945186837e-05,8.2210415980444088e-05,9.8593096018748314e-05
2031,8.0999999999999996,17065.607047283906,3.0956867186535395,17.131483996957108,0,0.0030185338393662938,4.5101746075817588e-05,3.00287510711248e-05,3.6954837800512849e-05,4.3261238696079806e-05,5.3470921249381788e-05,6.4126468770152919e-05
2032,8.0999999999999996,16748.770873948793,3.1542477641872213,33.993042393126274,0,0.0044440878613449149,6.6401813902831989e-05,4.421034026060486e-05,5.440738942376994e-05,6.3692095562644155e-05,7.8723474608850184e-05,9.4411285948074505e-05
2033,8.0999999999999996,17317.30625481897,3.0506923134962656,6.0353018762344153,0,0.0046086844774636581,6.8861151839783819e-05,4.5847767924366576e-05,5.6422487340465288e-05,6.6051073091938597e-05,8.1639172482970325e-05,9.790801658781692e-05
2034,8.0999999999999996,17000.672460732279,3.1075107884150994,16.912053310031673,0,0.0030163721729266767,4.5069447305603803e-05,3.0007246543805109e-05,3.6928373285981637e-05,4.3230257970733613e-05,5.343262905121168e-05,6.4080545801318254e-05
2035,8.0999999999999996,16744.845434669965,3.1549872041609732,33.873465355338503,0,0.0044566733719342668,6.6589861654834203e-05,4.4335542489469058e-05,5.4561469360327407e-05,6.3872469481471021e-05,7.8946416898524084e-05,9.4678655603249197e-05
2036,8.0999999999999996,17339.019346486915,3.0468720304381547,6.0250974732631457,0,0.0046286880857179984,6.9160037891124817e-05,4.6046766313902599e-05,5.6667384412289847e-05,6.6337762232271575e-05,8.1993520460694466e-05,9.8332978118240448e-05
2037,8.0999999999999996,17004.381237724148,3.1068330181185546,16.902148784228846,0,0.0030261968593708441,4.5216243908477863e-05,3.0104983749774511e-05,3.7048653433002058e-05,4.3371064113050876e-05,5.3606665541478829e-05,6.4289263835292894e-05
2038,8.0999999999999996,16753.622229255197,3.1533343869832291,33.888726922284881,0,0.0044722811995552333,6.6823067679883691e-05,4.4490811105072656e-05,5.4752550450964534e-05,6.4096158859218617e-05,7.9222897125682927e-05,9.5010232098252469e-05
2039,8.0999999999999996,17485.910217564877,3.0212766979078207,6.1756020075924347,0,0.004680669960385726,6.9936730628914699e-05,4.656388848568362e-05,5.7303780043128868e-05,6.7082759773310353e-05,8.2914337941851748e-05,9.9437293736313447e-05
2040,8.0999999999999996,17043.93868614257,3.0996223381740884,17.173470606230765,0,0.0030414043444375351,4.544346817245155e-05,3.0256269707722023e-05,3.7234833271923883e-05,4.3589015832808736e-05,5.38760540193542e-05,6.4612335355473843e-05
2041,8.0999999999999996,16724.725760621877,3.1587826215018699,34.126852032594392,0,0.0044764261769748397,6.6885000303143043e-05,4.4532045857357204e-05,5.4803295937475463e-05,6.4155564142406399e-05,7.9296322097201796e-05,9.5098289009056273e-05
2042,8.0999999999999996,17947.194210496349,2.9436229676023529,6.4185131441889833,0,0.0048167063534901543,7.1969332940291847e-05,4.7917195489193696e-05,5.8969225292268881e-05,6.9032415860213777e-05,8.5324114227236676e-05,0.00010232728403565917
2043,8.0999999999999996,17377.633917688221,3.0401016232861853,17.609685433266076,0,0.0031091508400401553,4.64557096793539e-05,3.0930220294547053e-05,3.8064229558259229e-05,4.455994989320117e-05,5.5076129196265183e-05,6.6051558423935709e-05
2044,8.0999999999999996,16850.067407198123,3.135285563277264,34.487270479641964,0,0.0045220485602036689,6.7566672019698078e-05,4.4985903015220837e-05,5.5361834573122552e-05,6.4809418270197377e-05,8.0104486255914688e-05,9.60675020406245e-05
2045,8.0999999999999996,18072.966139705775,2.9231379439134551,6.6040654865992261,0,0.004866960280986426,7.2720207370682605e-05,4.8417127827023212e-05,5.9584466279546777e-05,6.9752648684666087e-05,8.6214322501393197e-05,0.00010339489072276649
2046,8.0999999999999996,17571.048246343445,3.0066375290404754,17.924525776290015,0,0.0031546964184601934,4.7136233808647096e-05,3.138331338859461e-05,3.862182789990857e-05,4.5212703264352359e-05,5.5882932819002331e-05,6.701913979542177e-05
2047,8.0999999999999996,17040.388426110178,3.10026812540778,34.72400028239732,0,0.0045892374261820509,6.8570581643953056e-05,4.5654306233002742e-05,5.6184403998003599e-05,6.5772360454546033e-05,8.1294683468452676e-05,9.7494878689404832e-05
2048,8.0999999999999996,18215.20054145305,2.900312459465392,6.7335003252159034,0,0.0049170391083568198,7.3468465523822394e-05,4.8915318246964001e-05,6.0197563578168189e-05,7.0470371996638376e-05,8.7101429016371302e-05,0.0001044587775401121
2049,8.0999999999999996,17929.032310499722,2.9466048232340181,18.119923512436383,0,0.0032267375359970774,4.8212643868323219e-05,3.2099987409997962e-05,3.95038017174034e-05,4.6245187293867083e-05,5.715908380074547e-05,6.854959885923859e-05
2050,8.0999999999999996,17573.221070096071,3.0062657762802623,34.870582070742728,0,0.0047442345416345028,7.0886487615405829e-05,4.7196236866995961e-05,5.8081978637185126e-05,6.7993759175124916e-05,8.4040333838891889e-05,0.00010078767519673573
2051,8.0999999999999996,18332.186628957425,2.8818042359762694,6.8262022590212146,0,0.0049617865172162118,7.413706371729198e-05,4.936047105068365e-05,6.0745390213346555e-05,7.1111686104319088e-05,8.7894093701467804e-05,0.00010540940240286649
2052,8.0999999999999996,18433.255184808269,2.866003456924775,18.275720443542404,0,0.0033262986955570947,4.9700247578087353e-05,3.3090434241433166e-05,4.0722693635985916e-05,4.7672085025611125e-05,5.8922730393969836e-05,7.0664700404890295e-05
2053,8.0999999999999996,18368.913236340115,2.8760423876095902,35.005086241486374,0,0.0049723124440724841,7.4294337978753915e-05,4.9465184283723374e-05,6.0874255397695539e-05,7.1262542334018429e-05,8.8080552106759911e-05,0.00010563301775911088
2054,8.0999999999999996,18777.639295936613,2.8134406167589519,6.8967534435608542,0,0.0050922550855273781,7.608647377925803e-05,5.0658388638794752e-05,6.2342670560886569e-05,7.2981544842503753e-05,9.0205240408092286e-05,0.0001081811084749273
2055,8.0999999999999996,19097.88995655912,2.7662623044852546,18.412301783055334,0,0.0034528015313528473,5.1590403223693326e-05,3.4348900227920011e-05,4.2271422928720422e-05,4.9485107395517695e-05,6.1163627309698379e-05,7.3352157488589971e-05
2056,8.0999999999999996,19259.128544236548,2.7431029893534187,35.135148645180635,0,0.0052230709324323594,7.804107274146153e-05,5.195976099766575e-05,6.3944202516918962e-05,7.4856380732822713e-05,9.2522538878231662e-05,0.00011096019221809796
2057,8.0999999999999996,19894.177307343234,2.6555394709655462,7.1347550705010123,0,0.0054079564826286248,8.0803559956045933e-05,5.3799025507835086e-05,6.6207690648162167e-05,7.7506136655445016e-05,9.5797639049634273e-05,0.000114887945919611
2058,8.0999999999999996,19974.460526527488,2.644866078454303,18.706697964148383,0,0.003684225926616594,5.5048255567374987e-05,3.6651138972614549e-05,4.5104669612431273e-05,5.2801852059113286e-05,6.5263126030882658e-05,7.8268593760395279e-05
2059,8.0999999999999996,14899.531130983454,3.5457339306589288,35.171167759029622,0,0.0040432463504520523,6.0412597613399119e-05,4.0222718921861708e-05,4.9500029159798847e-05,5.7947286590857409e-05,7.162288670656741e-05,8.5895711169741576e-05
2060,8.0999999999999996,15272.776435604657,3.459081150358335,7.2357393308001852,0,0.0041572808273291056,6.2116455941214741e-05,4.1357148118913833e-05,5.0896112762274726e-05,5.9581614044611074e-05,7.3642916581099957e-05,8.8318287396918239e-05
2061,8.0999999999999996,15293.811346450842,3.4543235747639174,18.872256099310373,0,0.0028411913722050696,4.2451964642840931e-05,2.8264526091675329e-05,3.4783696956035292e-05,4.0719589269209682e-05,5.0329440782248888e-05,6.0358962163560224e-05
2062,8.0999999999999996,15269.742006321978,3.4597685448886075,35.450118234457797,0,0.0045296145299507529,6.767971976556067e-05,4.5061170225806271e-05,5.5454462053775803e-05,6.4917852775362521e-05,8.0238511380047953e-05,9.6228235346435036e-05
2063,8.0999999999999996,16239.340295946709,3.2531969968769721,7.6029125475421511,0,0.0049247491588582468,7.3583666067679842e-05,4.8992018790861751e-05,6.0291954988328362e-05,7.0580871448640902e-05,8.7238006416238086e-05,0.00010462257173259326
2064,8.0999999999999996,15913.854918342049,3.3197344925613406,19.217917178227626,0,0.0032860697373630699,4.9099162298307117e-05,3.2690231548422221e-05,4.0230184787631939e-05,4.7095528771634628e-05,5.8210106461289667e-05,6.9810066609621502e-05
2065,8.0999999999999996,15532.139038703579,3.4013198665292514,35.565972118030153,0,0.0050907907382159723,7.6064594077349606e-05,5.0643821129124191e-05,6.2324743076797801e-05,7.2960558005203302e-05,9.0179300662528137e-05,0.00010814999952365138
2066,8.0999999999999996,16204.392436523412,3.2602131359743503,7.6807126184988661,0,0.00541914067160627,8.0970669711369944e-05,5.3910287214549172e-05,6.6344614701889501e-05,7.7666427013192192e-05,9.5995758043783904e-05,0.0001151255455568392
2067,8.0999999999999996,15795.71014223883,3.3445646068654136,19.133373000024392,0,0.0035903161253554119,5.3645092231826125e-05,3.5716912558309099e-05,4.3954965266491608e-05,5.1455948867544515e-05,6.3599588745895337e-05,7.6273551048185455e-05
2068,8.0999999999999996,15555.950469977026,3.3961134797901589,35.369511900328476,0,0.0055854195572522317,8.3455143458316074e-05,5.5564450305361127e-05,6.8380308046969422e-05,8.004951461295165e-05,9.8941255981841383e-05,0.00011865801474053738
2069,8.0999999999999996,15960.623447910868,3.3100068587203011,7.36838695491483,0,0.0058341084136922638,8.7170954594426611e-05,5.8038438062864021e-05,7.1424917397602315e-05,8.3613691313308262e-05,0.00010334658087331104,0.00012394122143446489
2070,8.0999999999999996,15922.436008757657,3.3179453855540455,18.662336417671856,0,0.0038801935341965235,5.7976326527152927e-05,3.8600649171664364e-05,4.7503831436567465e-05,5.5610434602615544e-05,6.8734536016644491e-05,8.2431777390655386e-05
2071,8.0999999999999996,16269.859422249312,3.2470946251564663,35.019008302924156,0,0.0059475069474705568,8.8865310910442706e-05,5.9166540818662107e-05,7.2813215374567379e-05,8.5238904512375169e-05,0.0001053553455226838,0.0001263502875314153
2072,8.0999999999999996,15237.987992177939,3.466978259147858,6.931948358854549,0,0.0055784859664862697,8.3351544470608284e-05,5.5495474079742981e-05,6.8295422557600505e-05,7.9950143281997749e-05,9.8818432947364484e-05,0.00011851071584796912
2073,8.0999999999999996,15736.308161333514,3.3571897893972209,18.149256353562322,0,0.0038408105443260409,5.7387881373522347e-05,3.8208862277035538e-05,4.702167947796346e-05,5.5046002657830744e-05,6.8036897738594953e-05,8.159511555269005e-05
2074,8.0999999999999996,16706.135833517044,3.1622975898499619,34.737514828493602,0,0.0061164118803774606,9.1389022023291938e-05,6.0846828155116566e-05,7.4881058483654907e-05,8.7659628283676315e-05,0.00010834736179505835,0.00012993854510332751
2075,8.0999999999999996,15004.819064972387,3.520853723945538,6.7631582771488858,0,0.0055065932823789498,8.227735224488918e-05,5.4780276692607866e-05,6.7415265957869528e-05,7.8919786581301769e-05,9.7544911345527404e-05,0.00011698341014011646
2076,8.0999999999999996,15812.439044438814,3.3410261967534414,17.981622896382977,0,0.0038687678919908479,5.7805609072608266e-05,3.8486985458126536e-05,4.7363951356718475e-05,5.5446683768263626e-05,6.8532139870994006e-05,8.218904826218717e-05
2077,8.0999999999999996,16899.415430080971,3.1261302085041356,34.679454066864189,0,0.0062020825658091099,9.2669079728820486e-05,6.1699090817661286e-05,7.5929894260513389e-05,8.8887449527016567e-05,0.00010986494970954666,0.00013175855403024534
2078,8.0999999999999996,18949.096105987399,2.7879838060108977,7.1617048616976575,0,0.0066032356615852673,9.866295159709901e-05,6.5689811841680769e-05,8.0841069147555148e-05,9.4636724093269915e-05,0.00011697105708970967,0.00014028074819380011
2079,8.0999999999999996,15435.516433234163,3.422611307535484,18.200424626404075,0,0.0037862939904616034,5.6573316455529352e-05,3.7666524800509366e-05,4.6354252669878988e-05,5.4264678420593684e-05,6.707118043555984e-05,8.0436952591834149e-05
2080,8.0999999999999996,16653.838008290826,3.1722281107656167,34.853456445446113,0,0.0061278192694865221,9.1559466747242075e-05,6.0960310284572957e-05,7.502071509732441e-05,8.7823117516995554e-05,0.00010854943460164969,0.00013018088645856134
2081,8.0999999999999996,18534.439010143691,2.8503572756166986,7.4600583199879953,0,0.0061019954045239792,9.1173616708045121e-05,6.0703411255467707e-05,7.470456268961331e-05,8.7453013206210544e-05,0.00010809198541497544,0.00012963227797571167
2082,8.0999999999999996,15344.730705059039,3.4428608815285022,18.770723228857296,0,0.0036814943230307996,5.5007441020358962e-05,3.6623964639488627e-05,4.5071227559825525e-05,5.2762703067902061e-05,6.5214737850397266e-05,7.8210562907882577e-05
2083,8.0999999999999996,16919.814366434664,3.1223612705137085,35.289103576167456,0,0.0062377784723499398,9.3202433932690744e-05,6.2054198147515742e-05,7.6366906567334366e-05,8.9399038667809503e-05,0.00011049727424494783,0.00013251688657108359
2084,8.0999999999999996,18216.634030250527,2.9000842303966778,7.5940375817259573,0,0.005644951984474348,8.4344653584335623e-05,5.615668631557199e-05,6.9109142411246754e-05,8.0902725701933068e-05,9.9995825483850553e-05,0.00011992273613782074
2085,8.0999999999999996,15338.031925177082,3.4443645273236125,19.345359279643301,0,0.0035934298555452154,5.3691616364349552e-05,3.5747888334546177e-05,4.399308555940272e-05,5.1500574448089464e-05,6.3654745994623006e-05,7.6339699891432166e-05
2086,8.0999999999999996,17221.482638085523,3.0676669478621625,35.73967230649162,0,0.0063546352959937295,9.4948462656461901e-05,6.3216704402174257e-05,7.7797543158953958e-05,9.1073815632370888e-05,0.00011256729974309556,0.00013499942142103111
2087,8.0999999999999996,17938.304138717416,2.9450818022430045,7.4839680828684125,0,0.0052079337008076546,7.781489817680215e-05,5.1809173929720329e-05,6.375888276593775e-05,7.4639435876358337e-05,9.2254394884090394e-05,0.0001106386131791656
2088,8.0999999999999996,15268.167842801748,3.4601252505187703,19.523607136989199,0,0.0034904396457683061,5.2152777134166024e-05,3.4723328883921303e-05,4.2732212996799448e-05,5.0024532009733502e-05,6.1830356509695269e-05,7.4151750767006576e-05
2089,8.0999999999999996,17214.288746122525,3.0689489331318907,35.975152103310201,0,0.0063570018581280158,9.498382289760323e-05,6.3240247257416782e-05,7.7826516138708836e-05,9.1107732896456272e-05,0.0001126092215051987,0.00013504969724395473
2090,8.0999999999999996,18012.246989010411,2.9329918201915293,7.2594705643825037,0,0.0052357738615091591,7.8230874914347298e-05,5.208613132028617e-05,6.4099719966318548e-05,7.5038437478307522e-05,9.2747561142830375e-05,0.00011123005634024538
2091,8.0999999999999996,15044.827088727239,3.5114908779258238,19.189107336317324,0,0.0034429079464155473,5.1442577166618108e-05,3.4250477611148695e-05,4.2150299281917026e-05,4.9343313808859633e-05,6.098837033753619e-05,7.3141975758230505e-05
2092,8.0999999999999996,16651.663470032203,3.1726423715633056,35.812452693347531,0,0.0061554959584253152,9.1973000953967721e-05,6.1235641437657024e-05,7.535955097096931e-05,8.8219776262669789e-05,0.00010903970508839717,0.00013076885678566137
2093,8.0999999999999996,18426.961214350617,2.8669823780219428,6.9957498284398563,0,0.0053652685366394979,8.0165733447231974e-05,5.3374360497581555e-05,6.5685077285511763e-05,7.6894338504701509e-05,9.5041456107931128e-05,0.00011398107278814782
2094,8.0999999999999996,14863.001473158623,3.5544484858891612,18.769408030209053,0,0.0034067869086798191,5.0902870819548017e-05,3.3891141023149861e-05,4.1708082244856976e-05,4.8825631742468255e-05,6.0348514941838999e-05,7.2374611626645362e-05
2095,8.0999999999999996,16199.655419840177,3.261166470080278,35.496873396938319,0,0.0059981291343378989,8.9621687727597352e-05,5.9670136646640139e-05,7.3432964830542538e-05,8.5964415182762552e-05,0.00010625207721810299,0.00012742571761037937
2096,8.0999999999999996,19237.664442424128,2.7461635605584966,6.7749888896012669,0,0.0056088138147982764,8.3804691258547296e-05,5.5797179296894126e-05,6.8666715633925284e-05,8.0384798102776448e-05,9.9355666609484029e-05,0.00011915500805111835
2097,8.0999999999999996,15004.587610292845,3.520908035206304,18.46348603486549,0,0.003443975259875658,5.1458524544790065e-05,3.4261095378553033e-05,4.2163366021566025e-05,4.9358610408075855e-05,6.1007276944853193e-05,7.3164650025576842e-05
2098,8.0999999999999996,16086.523454126254,3.2841013307002633,35.238933433122163,0,0.0059644122211499973,8.9117902864486334e-05,5.9334716589458078e-05,7.3020180636526518e-05,8.5481188720135565e-05,0.00010565480897272827,0.00012670942728678841
2099,8.0999999999999996,14774.371833357718,3.5757711852599696,6.7366623236015037,0,0.0043108040352399591,6.4410339365557576e-05,4.28844161368743e-05,5.2775642874864442e-05,6.1781888911900166e-05,7.6362457854116503e-05,9.1579771853112334e-05
2100,8.0999999999999996,15454.545873385025,3.4183969891355774,18.236179998901676,0,0.003552669339367332,5.3082588754124017e-05,3.534239763642196e-05,4.3494069035428586e-05,5.0916399973465371e-05,6.2932705935900556e-05,7.5473773548766045e-05
2101,8.0999999999999996,16334.219190326745,3.2343004869999081,35.079758790148155,0,0.0060654840703543806,9.0628078705081325e-05,6.0340191949871418e-05,7.4257567391922323e-05,8.6929737461534799e-05,0.0001074452162290112,0.00012885662229153522
2102,8.0999999999999996,15952.521886450846,3.3116878608960008,6.646947600019975,0,0.0050862677770050022,7.59970137688609e-05,5.0598826146945334e-05,6.2269370068965472e-05,7.2895735506939708e-05,9.0099180009391269e-05,0.00010805391263303539
2103,8.0999999999999996,16291.325781243293,3.2428160722721278,18.178844170962048,0,0.0038475214209368782,5.7488152653870714e-05,3.8275622914464126e-05,4.7103838357025362e-05,5.5142182078162282e-05,6.8155775569312833e-05,8.1737683051451494e-05
2104,8.0999999999999996,16729.566574039327,3.1578686063521468,35.107044123392114,0,0.0062226220221051733,9.2975972210965023e-05,6.1903419890341226e-05,7.6181351529612976e-05,8.918181837255459e-05,0.00011022878980826905,0.00013219489924710134
2105,8.0999999999999996,16991.217235560645,3.1092400473504895,6.7723679589139465,0,0.0058779709215059147,8.7826330944315459e-05,5.8474787760625865e-05,7.1961910503539302e-05,8.4242323133030842e-05,0.00010412357024163182,0.00012487304724367404
2106,8.0999999999999996,17073.088682531299,3.0943301510576089,18.349284474170332,0,0.0041393949611845584,6.1849212360017466e-05,4.117921729198667e-05,5.0677142455010525e-05,5.9325276111779476e-05,7.3326082717049975e-05,8.7938315696158299e-05
2107,8.0999999999999996,17138.885110955343,3.082450972745463,35.203917441342554,0,0.0063848345273126803,9.5399687699848577e-05,6.3517130121438833e-05,7.8167261623109487e-05,9.1506627130949792e-05,0.00011310225505768845,0.0001356409812534244
2108,8.0999999999999996,18131.229880390834,2.9137445959566777,7.1028230281658944,0,0.0067673768855388986,0.00010111548524332932,6.7322709207392632e-05,8.2850591859699916e-05,9.698917500063344e-05,0.00011987868805456391,0.00014376780437136709
2109,8.0999999999999996,17830.516033318247,2.962885257124297,18.807686389098219,0,0.0044366428619088535,6.6290573647804623e-05,4.4136276477759515e-05,5.4316242939673437e-05,6.358539478841555e-05,7.8591592377365605e-05,9.4253122565042622e-05
2110,8.0999999999999996,17635.98077887714,2.995567626457837,35.472209082128664,0,0.0065823684246353884,9.8351161545272081e-05,6.5482221966179602e-05,8.0585598976318131e-05,9.4337657537565549e-05,0.00011660141061793998,0.00013983743952482498
2111,8.0999999999999996,18920.574650710791,2.7921864984186611,7.4396481135592945,0,0.0070719521549441828,0.00010566632919364089,7.0352661970589787e-05,8.6579398716900085e-05,0.00010135430858264788,0.0001252739962112875,0.00015023827564684538
2112,8.0999999999999996,18330.97047022382,2.8819954277844619,19.274910786212487,0,0.0045676142121593502,6.8247496079870175e-05,4.5439195803304312e-05,5.5919678667939898e-05,6.5462459332679237e-05,8.0911645465337522e-05,9.7035509859195481e-05
2113,8.0999999999999996,18194.680316757211,2.9035834739773403,35.770995070284151,0,0.0068005268125830012,0.00010161079842235563,6.7652488815708134e-05,8.32564346437155e-05,9.7464275490781867e-05,0.00012046591259227857,0.00014447204950309393
2114,8.0999999999999996,19427.868054150618,2.7192779431477736,7.7541735560661698,0,0.0072734195926241292,0.0001086765764528514,7.2356885165350641e-05,8.9045893007754344e-05,0.00010424171398367182,0.00012884283130400946,0.00015451829900855072
2115,8.0999999999999996,18620.406767636665,2.8371975833448606,19.615822735023215,0,0.0046474338996168284,6.9440130473630719e-05,4.6233252008332241e-05,5.6896882754509951e-05,6.6606424825697995e-05,8.2325587613849298e-05,9.8731218758738555e-05
2116,8.0999999999999996,18562.715132205514,2.8460153973046562,35.954529018905632,0,0.0069495722195346554,0.00010383777630493973,6.913521111130622e-05,8.5081144629397198e-05,9.9600375090726567e-05,0.00012310613319002647,0.00014763840646407023
2117,8.0999999999999996,18874.402146724336,2.7990170322404451,7.9740167130476252,0,0.007077450229467039,0.00010574847926192961,7.0407357501600309e-05,8.6646709690710452e-05,0.00010143310627946352,0.00012537139021959737,0.00015035507808238143
2118,8.0999999999999996,18206.408959693974,2.9017129736563403,19.70562894362271,0,0.0045513813510822407,6.8004951050612688e-05,4.5277709276931953e-05,5.5720945514672093e-05,6.5229812055839518e-05,8.0624093268643086e-05,9.6690655001073356e-05
2119,8.0999999999999996,18258.97932559688,2.8933585026834492,35.902489838262909,0,0.0068468327374020047,0.00010230268334865847,6.8113145930554319e-05,8.3823341636299776e-05,9.8127926048715715e-05,0.00012128618514549154,0.00014545578385884403
2120,8.0999999999999996,17458.811327297088,3.0259662064986612,8.1015513479514603,0,0.0065570600697222739,9.7973014054592429e-05,6.5230451295334596e-05,8.0275757775065176e-05,9.3974941450496207e-05,0.0001161530932809395,0.00013929978266314128
2121,8.0999999999999996,17151.092172591147,3.0802570792817119,19.661022434928203,0,0.0042944138184591299,6.4165443189229883e-05,4.2721364216337733e-05,5.2574983271598923e-05,6.1546986433356219e-05,7.6072118226540224e-05,9.123157409205873e-05
2122,8.0999999999999996,17315.550458921327,3.051001653534962,35.741536273625321,0,0.0065034530018036173,9.7172038318092511e-05,6.4697161498417769e-05,7.9619465480422244e-05,9.3206651848842158e-05,0.00011520348679659061,0.00013816094104344059
2123,8.0999999999999996,15903.124109924765,3.3219745200295092,8.1459940736312646,0,0.0059805256284983814,8.9358663063085131e-05,5.9495014775240166e-05,7.3217451360216049e-05,8.571212400150116e-05,0.00010594024514182072,0.00012705174444077594
2124,8.0999999999999996,16115.676100423621,3.2781605160610252,19.716321258788806,0,0.0040404052118459812,6.0370146437167107e-05,4.0194454920694114e-05,4.9465246108839852e-05,5.7906567757825641e-05,7.157255820049517e-05,8.5835353328554627e-05
2125,8.0999999999999996,16322.411546056885,3.2366401823019517,35.778732833464147,0,0.0061383455578429974,9.1716746410097955e-05,6.1065027113861787e-05,7.514958470739201e-05,8.7973978927669306e-05,0.00010873589941062978,0.00013040450949460417
2126,8.0999999999999996,19375.521001755849,2.7266246454611207,7.843092853101056,0,0.0074200296820910077,0.00011086716677887413,7.3815380618905179e-05,9.0840788266342734e-05,0.00010634291092669228,0.00013143991219341703,0.00015763291949117577
2127,8.0999999999999996,15533.691204160659,3.4009799981015916,19.788306207274754,0,0.0038058064894146973,5.6864864544740719e-05,3.7860637573471042e-05,4.6593137264939764e-05,5.4544329045595131e-05,6.7416828803417328e-05,8.0851480876534748e-05
2128,8.0999999999999996,16060.718037603619,3.2893780314394734,35.913186320031052,0,0.0056145898606630787,8.3890994665359949e-05,5.5854640121479732e-05,6.8737429712157028e-05,8.0467579649107956e-05,9.9457984658578516e-05,0.00011927771577760916
2129,8.0999999999999996,18398.478581909185,2.8714207452991998,7.4336783548908008,0,0.0082089246956146486,0.00012265452596511126,8.1663406595425738e-05,0.00010049894975063472,0.00011764925278084165,0.00014541455862342306,0.00017439239748274062
2130,8.0999999999999996,15173.899657795791,3.4816213546591523,19.357864841537637,0,0.0039762733695406192,5.9411913658952488e-05,3.9556463355648533e-05,4.8680102739123559e-05,5.6987438443517849e-05,7.0436513725934068e-05,8.4472920835953997e-05
2131,8.0999999999999996,16298.85549016535,3.2413179633327172,35.636696467325066,0,0.0058413412339948911,8.7279024552247458e-05,5.8110391061229397e-05,7.1513466247920973e-05,8.3717351163490198e-05,0.00010347470452054963,0.00012409487723225908
2132,8.0999999999999996,17427.474143024025,3.0314073427091586,7.1952971030344477,1,0.040628198688355197,0.00060705057430953063,0.00040417438723726388,0.00049739660794075394,0.00058227811738485724,0.00071969615985002604,0.00086311535766096922
2133,8.0999999999999996,18844.159109449836,2.8035091815555906,18.534089441611602,1,0.031006599462917339,0.00046328842082640645,0.00030845751824650343,0.00037960278561532896,0.00044438259496226647,0.00054925719780595352,0.00065871175807154074
2134,8.0999999999999996,16080.793448306984,3.2852715415979086,34.97406501177921,0,0.0071165366514353186,0.00010633249321454302,7.0796194101753446e-05,8.7125230873810186e-05,0.00010199328785122303,0.00012606377503361846,0.00015118543955953222
2135,8.0999999999999996,20270.833818518207,2.6061963486561144,35.020173587781834,1,0.045752089646559406,0.00068360973886261709,0.0004551474934827129,0.00056012658525573513,0.00065571306348507835,0.00081046180452938989,0.00097196854632753456
2136,8.1999999999999993,23898.439180137186,3.122548606199389,7.1907893670430001,1,0.038858732999422288,0.00047342533274340361,0.0003054662799439993,0.00038014586922160721,0.00046626606808822691,0.00057083071883997456,0.000676061501787296
2137,8.1999999999999993,23665.008959460294,3.1533492372690031,18.373654225545419,1,0.02565020357707757,0.00031250262749417298,0.00020163478481433341,0.0002509299244178727,0.00030777687907951963,0.00037679880469887055,0.00044626043653370645
2138,8.1999999999999993,23435.343854972853,3.1842518895426157,34.721230048007421,1,0.038098503403322985,0.00046416327189597331,0.00029949015852420843,0.00037270872142212909,0.00045714407060511825,0.00055966302567737858,0.00066283508078047407
2139,8.1999999999999993,19394.589085212985,3.8476730609968852,7.0457095844209086,0,0.0060504146110922771,7.3713663040287432e-05,4.7561963571911992e-05,5.9189786798220643e-05,7.2598945288810524e-05,8.8879957094356026e-05,0.00010526468756641284
2140,8.1999999999999993,19148.950432083191,3.8970301906076834,18.188967691414824,0,0.0039821559505846416,4.8515568069851547e-05,3.1303500410063174e-05,3.8956497506840992e-05,4.7781902658041909e-05,5.8497453940119657e-05,6.9281268958087101e-05
2141,8.1999999999999993,23955.571795393444,3.1151015133200919,34.637823749228126,0,0.0069577961053766679,8.476851101649862e-05,5.4694837655922939e-05,6.8066487097879632e-05,8.3486618893667712e-05,0.00010220929623292623,0.00012105124694108483
2142,8.1999999999999993,19860.594273259216,3.757391995704471,7.0499122446655473,0,0.0050140721332746861,6.1087652243584128e-05,3.941533456443528e-05,4.9051491449087685e-05,6.0163868408357356e-05,7.3656194611266041e-05,8.7234474076700123e-05
2143,8.1999999999999993,19552.774470792952,3.8165447089745874,18.247077948077891,0,0.0032464391799455206,3.9552152897516761e-05,2.5520072910692925e-05,3.1759152928476054e-05,3.8954034650158821e-05,4.7689851616780971e-05,5.6481320363371502e-05
2144,8.1999999999999993,19307.020165376238,3.8651245667678635,34.690348434981367,0,0.0046728037644605978,5.6929897252884611e-05,3.6732643415299094e-05,4.5712943053734691e-05,5.6068988101987268e-05,6.8642998007805301e-05,8.129711101505879e-05
2145,8.1999999999999993,20550.445209748988,3.6312613761222607,7.1579871064379734,0,0.0047938872289698918,5.8405086355830629e-05,3.7684473611794057e-05,4.6897474182552851e-05,5.752186900029366e-05,7.0421701422723705e-05,8.340371260855333e-05
2146,8.1999999999999993,19952.767127076204,3.7400345263896901,18.42263334015562,0,0.0030573814726635737,3.7248817171696995e-05,2.4033901075419336e-05,2.9909645728413503e-05,3.6685530583970171e-05,4.4912613693156547e-05,5.3192107678248799e-05
2147,8.1999999999999993,19614.144856781597,3.8046031829155655,34.846244172516393,0,0.0043699950655180534,5.3240705712424389e-05,3.4352281533658832e-05,4.2750636586637864e-05,5.2435585503890443e-05,6.4194769927622148e-05,7.6028866582992578e-05
2148,8.1999999999999993,20816.699502984811,3.5848160243451774,7.2830594086315514,0,0.0048782149741192571,5.9432471649309773e-05,3.8347369198410976e-05,4.7722432731247179e-05,5.8533717898252458e-05,7.1660467168958454e-05,8.4870840783547201e-05
2149,8.1999999999999993,20101.025350982822,3.712449322821711,18.588213130191988,0,0.0030943780993021417,3.7699556012744851e-05,2.4324729443650705e-05,3.0271575047930811e-05,3.7129453231565237e-05,4.5456090264537862e-05,5.383577238462783e-05
2150,8.1999999999999993,19688.647365550998,3.7902064355546874,34.962320412069587,0,0.0044069051621098473,5.3690390337005966e-05,3.4642429694136343e-05,4.3111719403006317e-05,5.2878469877162933e-05,6.4736975381676955e-05,7.6671025845707951e-05
2151,8.1999999999999993,20418.400832295058,3.654744490775597,7.3502993716689247,0,0.0050608255595311,6.1657260531704754e-05,3.9782860577015133e-05,4.950886925045854e-05,6.0724862927415786e-05,7.4342997547393092e-05,8.8047886896132062e-05
2152,8.1999999999999993,19879.941814937702,3.7537352295571638,18.702094313524515,0,0.0032394460780670472,3.9466954247736437e-05,2.5465100536371858e-05,3.1690741053282211e-05,3.8870124397174899e-05,4.7587123682438142e-05,5.6359654869074956e-05
2153,8.1999999999999993,19438.449242602888,3.838991321834774,35.072133954902206,0,0.0046125466225479155,5.6195769934307282e-05,3.6258965465469945e-05,4.5123461569880165e-05,5.5345962453305455e-05,6.7757826902669935e-05,8.0248761501051108e-05
2154,8.1999999999999993,20454.705931916433,3.6482576772633459,7.3319129488506389,0,0.0050950337289795535,6.2074026925089669e-05,4.0051769042591415e-05,4.9843519747417763e-05,6.1135326867798592e-05,7.4845511974632671e-05,8.8643038220573324e-05
2155,8.1999999999999993,19772.379207014808,3.7741557134309485,18.709281872292824,0,0.0032835663833677979,4.0004482587069039e-05,2.5811927735560626e-05,3.212235965003692e-05,3.9399524089021232e-05,4.8235246347442196e-05,5.7127256835443318e-05
2156,8.1999999999999993,19110.277766961481,3.9049164466510735,35.108175795309819,0,0.0047600466484550739,5.7992798387236907e-05,3.741845474182317e-05,4.6566419721900201e-05,5.711581576076313e-05,6.9924586838428766e-05,8.2814956570507981e-05
2157,8.1999999999999993,20259.427753131142,3.6834227926672272,7.2779641973603706,0,0.0050736231391928076,6.1813176536731061e-05,3.9883461619555736e-05,4.9634064970156987e-05,6.0878421128863039e-05,7.4530992652581233e-05,8.8270538286373354e-05
2158,8.1999999999999993,19674.887157026715,3.7928572274238896,18.641953444219745,0,0.0032847857731802608,4.0019338707769572e-05,2.5821513289207479e-05,3.2134288654520562e-05,3.941415555148637e-05,4.8253159056104232e-05,5.7148471693578039e-05
2159,8.1999999999999993,24094.934795432862,3.0970840380287332,35.025974111552365,0,0.0058451307766316804,7.1212640486675234e-05,4.5948239077954599e-05,5.7181543202390377e-05,7.0135743867975726e-05,8.5864359061524874e-05,0.00010169317386265546
2160,8.1999999999999993,20417.934599904678,3.6548279448709087,7.1662691596254025,0,0.0051400167065969449,6.2622065409685112e-05,4.0405377659573167e-05,5.0283577665075381e-05,6.167507776767672e-05,7.5506307205637236e-05,8.9425648899190408e-05
2161,8.1999999999999993,19892.531287355516,3.7513595868873781,18.486133588947368,0,0.0032921754406396398,4.0109368811835799e-05,2.5879603042902571e-05,3.2206580037763707e-05,3.950282419621072e-05,4.836171249730594e-05,5.7277036607940292e-05
2162,8.1999999999999993,19277.764682842149,3.8709901889556786,34.96842506404991,0,0.0046468149168299045,5.6613268843065853e-05,3.6528346568927466e-05,4.5458700253981426e-05,5.5757147831768279e-05,6.8261224557418439e-05,8.084495887311455e-05
2163,8.1999999999999993,20987.847622017296,3.5555831782385301,6.9547675589922724,0,0.0053011942576143356,6.4585730455642986e-05,4.1672385179362821e-05,5.186033983669397e-05,6.3609047744981058e-05,7.7873988553083418e-05,9.2229804587870112e-05
2164,8.1999999999999993,20273.40344464127,3.6808835850402368,18.168795820699899,0,0.003366548262886202,4.1015470874393221e-05,2.6464243549347579e-05,3.293415191098468e-05,4.0395223940742918e-05,4.9454241468484535e-05,5.8570969734913785e-05
2165,8.1999999999999993,19828.711908326124,3.7634334644270777,34.71662375238148,0,0.0047958112691418257,5.8428527402110317e-05,3.7699598381657042e-05,4.6916296616202143e-05,5.7544955564794484e-05,7.0449965371381998e-05,8.3437186924047768e-05
2166,8.1999999999999993,20817.540003565773,3.5846712887063559,6.7031354265784238,0,0.0052855422233762982,6.4395037940851926e-05,4.1549345432484799e-05,5.1707219657490146e-05,6.3421238933462155e-05,7.7644061809060668e-05,9.1957491597810677e-05
2167,8.1999999999999993,20311.943051747927,3.6738995261143432,17.793183112363849,0,0.0033905362398458441,4.1307722193398612e-05,2.6652811665692321e-05,3.3168820662339149e-05,4.0683055757043503e-05,4.9806622338226041e-05,5.8988310869747382e-05
2168,8.1999999999999993,20186.240475410174,3.6967774184193107,34.420443464240392,0,0.0049074888542992266,5.9789122404369097e-05,3.8577489497964609e-05,4.8008812233807622e-05,5.8884975285090136e-05,7.2090497403516429e-05,8.5380145690578158e-05
2169,8.1999999999999993,20326.708023107807,3.671230868640615,6.4649316461296431,0,0.0051776860473902063,6.3081000089813249e-05,4.070149419533956e-05,5.0652087989358789e-05,6.2127072314678818e-05,7.6059665877510681e-05,9.0081017439086152e-05
2170,8.1999999999999993,20042.849984546367,3.7232248911614656,17.470090750715784,0,0.0033565111037076041,4.0893185739054484e-05,2.6385342014510157e-05,3.2835960737316708e-05,4.027478803396618e-05,4.9306796651147968e-05,5.8396343945955045e-05
2171,8.1999999999999993,20073.735615652822,3.7174963036819584,34.173817422134377,0,0.0048958992581690326,5.9647923554566651e-05,3.8486384344948002e-05,4.7895433933622035e-05,5.8745911682104512e-05,7.1920247449917533e-05,8.5178510712798417e-05
2172,8.1999999999999993,19520.522722418151,3.8228503925551638,6.319636333176927,0,0.0049873857267580483,6.0762525305321559e-05,3.9205554247515736e-05,4.8790424594390719e-05,5.9843658126717399e-05,7.3264174093886465e-05,8.6770185854353484e-05
2173,8.1999999999999993,19422.553788688485,3.8421331594271906,17.295462210387665,0,0.0033085754076124913,4.0309173571842212e-05,2.6008522246276388e-05,3.2367017067457721e-05,3.9699607455132772e-05,4.8602626294886618e-05,5.7562362079079374e-05
2174,8.1999999999999993,19468.19753022712,3.8331251692106521,34.061527677251362,0,0.0049745541186055333,6.0606194722970159e-05,3.910468570895309e-05,4.8664895981949306e-05,5.9689691617294391e-05,7.3075679113731505e-05,8.6546942438824105e-05
2175,8.1999999999999993,23463.253797994654,3.1804641672782892,6.4184304328730466,0,0.0057960162321944956,7.0614266125291372e-05,4.5562152450256414e-05,5.6701067135742127e-05,6.9546418283916904e-05,8.5142871546556407e-05,0.00010083868247529356
2176,8.1999999999999993,23338.332072144003,3.1974880519138487,17.506348165937037,0,0.0038431192281285029,4.6821650087674201e-05,3.0210540678593945e-05,3.7596333867110428e-05,4.6113600557186952e-05,5.6455019045858654e-05,6.6862317846410918e-05
2177,8.1999999999999993,23223.815544200534,3.2132548508340779,34.274248920166961,0,0.0057359812406625049,6.9882845318475502e-05,4.5090220811877487e-05,5.6113758896948555e-05,6.8826058218400933e-05,8.42609638072519e-05,9.979419791797388e-05
2178,8.1999999999999993,22852.663554910785,3.2654415872780111,6.4853377231915417,0,0.0054266417319637121,6.6114087344853868e-05,4.265852060787625e-05,5.3087563050042383e-05,6.5114292412051197e-05,7.9716798815594516e-05,9.4412330917416777e-05
2179,8.1999999999999993,22798.287368775837,3.2732299907089555,17.634575598727153,0,0.003608911551611044,4.3968241378028781e-05,2.83694475147695e-05,3.5305135109564062e-05,4.3303341858132136e-05,5.3014532801845271e-05,6.2787589174252185e-05
2180,8.1999999999999993,22665.51472268971,3.292404291951708,34.392584927244343,0,0.0053817027050513475,6.5566584322316636e-05,4.2305257484875627e-05,5.2647935091821817e-05,6.4575068876830655e-05,7.9056649215844695e-05,9.3630484890072426e-05
2181,8.1999999999999993,22420.044512565975,3.3284518195516064,6.4780287823728013,0,0.0051125069212984275,6.228690704878735e-05,4.0189124809092394e-05,5.0014455888908356e-05,6.134498776126086e-05,7.5102191340168346e-05,8.8947035590747283e-05
2182,8.1999999999999993,22409.232950791302,3.3300576648984834,17.619818162091327,0,0.0034066680524802474,4.1504259964311275e-05,2.6779622923132393e-05,3.332663440104536e-05,4.0876621431155706e-05,5.0043596976653524e-05,5.9268971010579257e-05
2183,8.1999999999999993,22298.519857040832,3.3465915419814487,34.392881700548784,0,0.0050849593526372085,6.1951288364053004e-05,3.9972574945756148e-05,4.9744964486967468e-05,6.1014444392148753e-05,7.4697520441057688e-05,8.8467764930019125e-05
2184,8.1999999999999993,22270.610886690749,3.3507854064692348,6.5353380477991836,0,0.0048657337004469363,5.9280409276574466e-05,3.8249254619181038e-05,4.7600331358841968e-05,5.838395505343678e-05,7.1477118565633813e-05,8.465369246264715e-05
2185,8.1999999999999993,22166.851341313039,3.3664699060438559,17.655578827440113,0,0.0032288606062466653,3.9337988887005695e-05,2.5381888747184801e-05,3.1587185865666087e-05,3.8743109285163355e-05,4.7431624209807914e-05,5.6175489575365542e-05
2186,8.1999999999999993,22077.138766834498,3.3801498799465173,34.406182353356584,0,0.0048239028943927852,5.8770774459726324e-05,3.7920425042760973e-05,4.7191110396132451e-05,5.7882027070758598e-05,7.0862628404827442e-05,8.3925923043032708e-05
2187,8.1999999999999993,22050.696931949104,3.3842031470740492,6.6232997670737372,0,0.0046050215420900603,5.6104090060963654e-05,3.6199811237930554e-05,4.5049845473038912e-05,5.5255668987556485e-05,6.7647284258699788e-05,8.0117840680871941e-05
2188,8.1999999999999993,21898.709389848729,3.4076911394089113,17.720043561951044,0,0.0030487534263702707,3.7143699599093866e-05,2.396607649646461e-05,2.9825239575544322e-05,3.6582002627448243e-05,4.4785868596555899e-05,5.3041997536092915e-05
2189,8.1999999999999993,21818.330402085787,3.4202451139498895,34.423835569998445,0,0.0045561563703404914,5.5508753867283659e-05,3.5815684914681999e-05,4.4571808960894288e-05,5.4669335627215935e-05,6.6929460002400438e-05,7.9267687861977947e-05
2190,8.1999999999999993,21894.577085747318,3.4083342948357807,6.6395916262498247,0,0.0045849312682091853,5.5859325400286199e-05,3.6041882742795672e-05,4.4853307036557751e-05,5.5014605723620667e-05,6.7352160239054517e-05,7.9768311509876473e-05
2191,8.1999999999999993,21705.21075140973,3.4380701854015161,17.722768344076293,0,0.0030298622248434953,3.6913543526612827e-05,2.3817573840597208e-05,2.9640431382617823e-05,3.6355327036726259e-05,4.4508358824236757e-05,5.2713329741521538e-05
2192,8.1999999999999993,21542.218025815426,3.4640833113308691,34.411490967587326,0,0.0045102756542255672,5.4949778017671255e-05,3.5455019226662761e-05,4.4122968678112118e-05,5.4118812760083444e-05,6.6255477086869856e-05,7.8469458392164989e-05
2193,8.1999999999999993,21971.364612170313,3.3964225376762762,6.6174235368818799,0,0.0046176278906547409,5.6257676251331775e-05,3.6298909023743272e-05,4.5173170423775274e-05,5.540693260642668e-05,6.783247019909652e-05,8.0337165045946297e-05
2194,8.1999999999999993,21599.649253557218,3.4548726729897479,17.699966762649844,0,0.0030260588299125695,3.6867205847235712e-05,2.3787675570349307e-05,2.9603223662231484e-05,3.6309690088144947e-05,4.4452487350957246e-05,5.2647158544202004e-05
2195,8.1999999999999993,21246.565682451637,3.512287071124776,34.394894330938307,0,0.0044645051382746857,5.4392144763282711e-05,3.5095219815836854e-05,4.3675206457683365e-05,5.3569612185090322e-05,6.5583113000209937e-05,7.7673146177049997e-05
2196,8.1999999999999993,22105.809252874446,3.3757659400130202,6.5392982220654163,0,0.0046620099843817618,5.6798394022312012e-05,3.6647794126793868e-05,4.5607350035292302e-05,5.5939473498481208e-05,6.8484438508670459e-05,8.1109321588929828e-05
2197,8.1999999999999993,21537.766630359241,3.4647992632202431,17.58116592328318,0,0.0030280578680004252,3.6891560611245234e-05,2.3803389894544404e-05,2.9622779782898783e-05,3.633367655289142e-05,4.4481853011147357e-05,5.2681937668159181e-05
2198,8.1999999999999993,21030.260936488517,3.5484123652884367,34.299196685531037,0,0.0044349330925347276,5.403186138516663e-05,3.4862755653851618e-05,4.3385910071394992e-05,5.3214777108694481e-05,6.5148702744796823e-05,7.7158653806591693e-05
2199,8.1999999999999993,21963.088176440735,3.397702424758537,6.3523724231181813,0,0.0046468394009240585,5.6613567138700506e-05,3.6528539036992728e-05,4.5458939776130909e-05,5.5757441616496466e-05,6.8261584226197818e-05,8.0845384845661418e-05
2200,8.1999999999999993,21388.138298044414,3.489038499395777,17.319133110446209,0,0.0030169705261109043,3.6756480846205943e-05,2.3716232933417812e-05,2.9514314918127927e-05,3.6200639500230601e-05,4.4318981119752598e-05,5.2489040874309259e-05
2201,8.1999999999999993,20952.083200112331,3.561652425658473,34.116795606852705,0,0.0044335136578966356,5.4014568070022867e-05,3.4851597559259902e-05,4.3372024075309926e-05,5.3197745307693118e-05,6.5127851398593122e-05,7.7133958582660143e-05
2202,8.1999999999999993,21804.254701163427,3.4224530475832529,6.1765054571446463,0,0.0046246526078595135,5.6343260078270937e-05,3.6354129924338064e-05,4.5241891584289792e-05,5.5491222211817307e-05,6.7935662559272223e-05,8.0459380581464655e-05
2203,8.1999999999999993,21312.609385848373,3.5014031647306774,17.113310308411858,0,0.0030137576833939076,3.6717338007133737e-05,2.3690976960382851e-05,2.9482884431515224e-05,3.6162088589652477e-05,4.4271784796658632e-05,5.2433144062843704e-05
2204,8.1999999999999993,20918.047268289829,3.5674476204766306,34.010468333023468,0,0.0044372255786121065,5.4059791296932125e-05,3.4880776755926423e-05,4.3408336924905031e-05,5.3242284656855212e-05,6.518237912522591e-05,7.719853831801728e-05
2205,8.1999999999999993,21796.472724810275,3.4236749631207948,6.0910540880148885,0,0.0046389011875141231,5.6516853966785129e-05,3.6466137194921073e-05,4.5381282096534633e-05,5.566219096706456e-05,6.8144972702421014e-05,8.0707276367458878e-05
2206,8.1999999999999993,21323.337576652651,3.4996415398865883,17.015329170840729,0,0.003025484181924267,3.6860204771954218e-05,2.378315829534534e-05,2.9597602015766249e-05,3.6302794884998601e-05,4.4444045832180827e-05,5.2637160858946115e-05
2207,8.1999999999999993,20919.33081784868,3.567228732221583,33.965944763140129,0,0.0044523017427776229,5.4243467847494383e-05,3.499928962106626e-05,4.3555823502280397e-05,5.3423183601435121e-05,6.5403846398183038e-05,7.7460832361085608e-05
2208,8.1999999999999993,21877.552527664888,3.4109865743854884,6.1195408181302815,0,0.0046705289146936673,5.6902182208550397e-05,3.6714760951253087e-05,4.5690688732112545e-05,5.6041692171974984e-05,6.860958070292999e-05,8.1257533338921107e-05
2209,8.1999999999999993,21325.284605705845,3.4993220175974411,17.070023559612597,0,0.0030349488427079217,3.6975515021026718e-05,2.3857559453009379e-05,2.9690192571936559e-05,3.641636138160695e-05,4.458308070804233e-05,5.280182636112294e-05
2210,8.1999999999999993,20913.885742577113,3.568157484974511,34.02283817977797,0,0.004464422821417121,5.4391141877118528e-05,3.5094572727722649e-05,4.3674401171176183e-05,5.356862446483926e-05,6.5581903774191764e-05,7.7671714034155664e-05
2211,8.1999999999999993,22104.222051578105,3.3760083380518942,6.2951885645250405,0,0.0047321634595694712,5.7653090760220091e-05,3.7199266587078456e-05,4.6293645026035946e-05,5.6781245283448687e-05,6.9514985713364907e-05,8.2329846812737462e-05
2212,8.1999999999999993,21531.001781364255,3.4658878722896973,17.384410665706394,0,0.0030728159372171715,3.7436858982455774e-05,2.4155230519438653e-05,3.006063747443324e-05,3.6870728776112982e-05,4.5139344361296744e-05,5.3460635406251235e-05
2213,8.1999999999999993,21070.767876978331,3.5415908137743557,34.296234470447246,0,0.0045104382575494577,5.4951759053252608e-05,3.5456297442101643e-05,4.4124559388285286e-05,5.4120763837914255e-05,6.6257865712671511e-05,7.8472287353349777e-05
2214,8.1999999999999993,22384.148865019619,3.3337893882976921,6.5010805196323531,0,0.0048051433898275361,5.8542222883146709e-05,3.7772957649183725e-05,4.7007590563686304e-05,5.7656931712321361e-05,7.058705324708306e-05,8.3599546502928927e-05
2215,8.1999999999999993,21818.050584907913,3.420288978699936,17.747743731878181,0,0.0031224879576994963,3.8042025209188679e-05,2.4545699434476709e-05,3.0546567198455062e-05,3.7466743517114335e-05,4.5869021140994653e-05,5.4324825722610469e-05
2216,8.1999999999999993,21209.664820451217,3.5183977957220103,34.595234644440303,0,0.0045531322550653713,5.547191034023404e-05,3.5791912517284828e-05,4.454222475057266e-05,5.4633049257848285e-05,6.6885036065665869e-05,7.9215074517263243e-05
2217,8.1999999999999993,22694.367011444352,3.2882185220079814,6.6496128472000793,0,0.0048851324488747841,5.9516748915579058e-05,3.840174707223946e-05,4.77901047640383e-05,5.8616720701133527e-05,7.1762084148784154e-05,8.4991190522481472e-05
2218,8.1999999999999993,22251.697426420091,3.3536335014008833,17.981625332764494,0,0.0031934678069646355,3.8906789862141333e-05,2.5103667974169711e-05,3.1240946412942474e-05,3.8318430967419102e-05,4.691170769435641e-05,5.5559728144455756e-05
2219,8.1999999999999993,21747.706453274786,3.4313520882125612,34.763638135463509,0,0.0046819287450656751,5.7041069096271786e-05,3.6804374366486713e-05,4.5802210598402168e-05,5.6178478774989242e-05,6.8777043017411623e-05,8.1455866785395926e-05
2220,8.1999999999999993,22870.719810135401,3.2628635465687355,6.7604246467367357,0,0.0049365189103927464,6.0142802591673163e-05,3.8805693110305361e-05,4.8292806462528029e-05,5.9233307025893614e-05,7.2516945887775422e-05,8.5885208563313763e-05
2221,8.1999999999999993,22754.158552789966,3.2795780067695941,18.168880887063445,0,0.0032745899774843067,3.9895120865411907e-05,2.5741364721770695e-05,3.2034545577017183e-05,3.9291816164603783e-05,4.8103383884938625e-05,5.6971085957655416e-05
2222,8.1999999999999993,22529.17674966203,3.3123286652450674,34.915925635139168,0,0.0048637141299361199,5.9255804361095201e-05,3.823337889078215e-05,4.7580574374297461e-05,5.8359722220078082e-05,7.1447451286300371e-05,8.4618556117040407e-05
2223,8.1999999999999993,23395.951129949837,3.1896133453941884,6.8721097132997766,0,0.0050608276480311925,6.1657285976405977e-05,3.9782876994595034e-05,4.9508889681765008e-05,6.0724887987335427e-05,7.4343028227240765e-05,8.8047923231709675e-05
2224,8.1999999999999993,23584.953051780802,3.1640528513430173,18.375475607166049,0,0.0034013300508562907,4.1439225800818501e-05,2.6737661197349173e-05,3.3274413983378231e-05,4.0812570731698062e-05,4.9965182291742994e-05,5.9176100834022315e-05
2225,8.1999999999999993,23605.170660593001,3.1613428695458348,35.102871760516237,0,0.0051066585231316726,6.2215654600897372e-05,4.0143150885247363e-05,4.9957242381594873e-05,6.1274812811967807e-05,7.5016278983488046e-05,8.8845285571061231e-05
2226,8.1999999999999993,24331.131961866504,3.0670187506785287,7.0740740606819754,0,0.0053163668952235016,6.4770582365478058e-05,4.1791656416731246e-05,5.2008770191137247e-05,6.379110427473613e-05,7.8096873010825976e-05,9.2493777069121096e-05
2227,8.1999999999999993,19097.88995655912,3.9074493633601026,18.412301783055334,0,0.0027571749898174952,3.3591329058658296e-05,2.1673995065837729e-05,2.6972796130945137e-05,3.3083351985575887e-05,4.0502611894950845e-05,4.7969136418680986e-05
2228,8.1999999999999993,19259.128544236548,3.8747359612286343,35.135148645180635,0,0.0041707930253676645,5.0813779128308409e-05,3.2786365677295242e-05,4.0801889757841032e-05,5.0045359553459793e-05,6.1268512816379568e-05,7.2563163508598279e-05
2229,8.1999999999999993,19894.177307343234,3.7510492039664989,7.1347550705010123,0,0.004358415650879236,5.3099630906191318e-05,3.4261256416764228e-05,4.2637357889593983e-05,5.2296644068654118e-05,6.4024669539065448e-05,7.5827408742083221e-05
2230,8.1999999999999993,19974.460526527488,3.7359726363158723,18.706697964148383,0,0.00302082904523392,3.680349011693378e-05,2.3746564531790255e-05,2.9552061905554123e-05,3.6246937884178386e-05,4.437566236164182e-05,5.2556171118443047e-05
2231,8.1999999999999993,19977.060033486589,3.735486494368518,35.318136062775416,0,0.0046068128659795858,5.6125914192709342e-05,3.6213892732680173e-05,4.5067369574430772e-05,5.5277163088937862e-05,6.7673598619066305e-05,8.014900600782581e-05
2232,8.1999999999999993,20894.859564629063,3.5714065328585516,7.4192148938616302,0,0.0048758811927227877,5.940403862669449e-05,3.8329023476192173e-05,4.7699601895317778e-05,5.8505714847418933e-05,7.1626184164615979e-05,8.4830237819066495e-05
2233,8.1999999999999993,20738.981160632295,3.5982499513492532,19.004615480063642,0,0.0033340158287469388,4.0619120369152544e-05,2.6208507943294966e-05,3.2615894739451351e-05,4.0004867153976885e-05,4.89763434174697e-05,5.8004972735441013e-05
2234,8.1999999999999993,20488.094718269538,3.6423122295376187,35.448804061703846,0,0.0050174310710362569,6.1128574993882235e-05,3.9441738982268611e-05,4.9084351149249617e-05,6.020417231386719e-05,7.3705537055267093e-05,8.7292912639468789e-05
2235,8.1999999999999993,21268.156937515825,3.508721426662301,7.5244693464776562,0,0.0052621088335418264,6.4109543290785616e-05,4.1365136893845111e-05,5.1477976301882886e-05,6.314006160994365e-05,7.7299827766116766e-05,9.154979913074812e-05
2236,8.1999999999999993,20947.408009211365,3.5624473404758827,19.043653815433451,0,0.003564318000839989,4.3424947374791195e-05,2.8018900159977192e-05,3.4868886863390091e-05,4.2768263692294313e-05,5.2359458210436267e-05,6.2011753716499207e-05
2237,8.1999999999999993,20792.207894229912,3.5890386596695825,35.400637384405272,0,0.0053855058933360896,6.5612919484073361e-05,4.2335154130689684e-05,5.2685140790637017e-05,6.4620703345863716e-05,7.9112517653513395e-05,9.3696652492176208e-05
2238,8.1999999999999993,21514.116113840762,3.4686081248892231,7.472129348477738,0,0.0056307385578910525,6.8600648286713713e-05,4.4262914095572555e-05,5.5084194419847297e-05,6.7563250913499061e-05,8.2714959817364512e-05,9.796319313025602e-05
2239,8.1999999999999993,21239.42324594572,3.5134681901742701,18.866142725928597,0,0.0038171889744320238,4.6505735541912787e-05,3.0006704435791448e-05,3.734266427807027e-05,4.5802463355781871e-05,5.6074106334229994e-05,6.6411185117610217e-05
2240,8.1999999999999993,21347.388324752446,3.4956987157886261,35.204016470696324,0,0.0058363981774372815,7.1106249120817149e-05,4.5879592614617913e-05,5.7096114233016408e-05,7.0030961380841545e-05,8.5736078093754913e-05,0.00010154124471648491
2241,8.1999999999999993,20860.071121202338,3.5773625851366244,7.1913716649024035,0,0.0057133077717459093,6.960660896855524e-05,4.491198596815571e-05,5.5891949669414129e-05,6.8553999188534503e-05,8.3927892923019824e-05,9.9399726501556127e-05
2242,8.1999999999999993,21181.477975514968,3.5230798360029905,18.462365670752604,0,0.0038678229732293672,4.7122621782879979e-05,3.0404735407401956e-05,3.7838004810281343e-05,4.6410020877823888e-05,5.681791447464619e-05,6.7292111864988646e-05
2243,8.1999999999999993,21924.488545464603,3.403684323013104,34.914351507230698,0,0.0060056295224637599,7.3168035485055149e-05,4.7209910548965547e-05,5.8751664782119205e-05,7.2061568859576144e-05,8.8222068831876949e-05,0.00010448551974649645
2244,8.1999999999999993,20033.635706541503,3.7249373526299845,6.8946536436827071,0,0.0054972839364068838,6.6974738389362525e-05,4.3213834940914849e-05,5.3778639164443207e-05,6.5961928461000398e-05,8.0754525401876566e-05,9.5641359018413429e-05
2245,8.1999999999999993,20845.99213530813,3.5797786676645127,18.11643310404996,0,0.0038137265948807496,4.6463552535298282e-05,2.9979486867959331e-05,3.7308792631145658e-05,4.576091825188912e-05,5.6023244341169641e-05,6.6350946881864678e-05
2246,8.1999999999999993,22159.484285607301,3.3675891094968731,34.735748846030795,0,0.0060811701759497109,7.4088365517760332e-05,4.7803731310060235e-05,5.9490661274398352e-05,7.2967981415081575e-05,8.9331753121677844e-05,0.00010579977071917909
2247,8.1999999999999993,19746.441565571906,3.7791131989262254,6.9049303536193491,0,0.0054321885316849844,6.6181665346013685e-05,4.2702123683572944e-05,5.314182609051446e-05,6.5180848480581499e-05,7.9798280722691238e-05,9.4508833748575277e-05
2248,8.1999999999999993,20879.229536941053,3.574080059814849,18.166431445713357,0,0.0038293489346414738,4.6653883275097786e-05,3.0102293188247762e-05,3.7461622316243831e-05,4.5948370759274771e-05,5.6252734876429989e-05,6.6622743249497755e-05
2249,8.1999999999999993,22445.275863066247,3.324710215527904,34.816974879534555,0,0.006175010211900255,7.5231641348323311e-05,4.8541402471187645e-05,6.0408676332551089e-05,7.4093968322389351e-05,9.0710253423744166e-05,0.0001074323930600424
2250,8.1999999999999993,23433.886683435165,3.184449893454,7.3001118149634205,0,0.0062418392684497155,7.604583589075285e-05,4.9066741866495109e-05,6.1062449315618558e-05,7.4895850396923948e-05,9.1691965266744627e-05,0.0001085950802823594
2251,8.1999999999999993,20603.77267181635,3.6218628083756497,18.54365577914168,0,0.0037862927827465517,4.6129319773817206e-05,2.9763831238182608e-05,3.7040414082622931e-05,4.5431739847727725e-05,5.5620244513529405e-05,6.5873655349187269e-05
2252,8.1999999999999993,22574.443489649959,3.3056867154440472,35.116922962163166,0,0.0062229338751899907,7.5815506916960439e-05,4.8918127650225827e-05,6.0877502288297794e-05,7.4669004519550532e-05,9.1414247019354491e-05,0.00010826616558101701
2253,8.1999999999999993,23012.281744614091,3.2427917744290449,7.4317839650142021,0,0.0059230985058223544,7.216254016909388e-05,4.6561138942494971e-05,5.7944283206931037e-05,7.1071278913033522e-05,8.7009696839287587e-05,0.00010304965092762759
2254,8.1999999999999993,20447.715899151692,3.6495048307754576,19.013510298610697,0,0.0037107734227097341,4.5209249164347494e-05,2.9170177863674971e-05,3.6301625899161516e-05,4.4525582792390137e-05,5.4510873022266626e-05,6.4559774838433991e-05
2255,8.1999999999999993,22674.83109017578,3.2910515476611533,35.487366954529307,0,0.0062595100429285178,7.6261123205642527e-05,4.920565081506658e-05,6.123531835702975e-05,7.5107882079388411e-05,9.1951547093520702e-05,0.00010890251517304566
2256,8.1999999999999993,22679.926639316935,3.2903121398511597,7.4532237829008778,0,0.005630781463312356,6.8601171013827776e-05,4.4263251372638057e-05,5.5084614153518897e-05,6.7563765735793733e-05,8.2715590093510808e-05,9.7963939595756109e-05
2257,8.1999999999999993,20334.958335303992,3.6697413745235812,19.322919626168023,0,0.0036430385363100813,4.4384018677996616e-05,2.8637717791669049e-05,3.5638991395164544e-05,4.3712831662433369e-05,5.3515854633616831e-05,6.3381328052137018e-05
2258,8.1999999999999993,22760.149179107804,3.2787147994960324,35.788748406869061,0,0.0062909865776707334,7.6644609433414398e-05,4.9453086056287017e-05,6.154324591246089e-05,7.5485569125734306e-05,9.2413934092956776e-05,0.00010945014170912439
2259,8.1999999999999993,22524.625206743251,3.3129979863077965,7.3822719656515208,0,0.0053852875352631393,6.5610259174913387e-05,4.2333437630353949e-05,5.2683004644833072e-05,6.4618083266611227e-05,7.9109309996286159e-05,9.3692853513791392e-05
2260,8.1999999999999993,20213.083327309425,3.6918681204591595,19.285167811576621,0,0.0035721784933408873,4.3520713654093716e-05,2.8080691042423431e-05,3.4945784217565491e-05,4.286258176827701e-05,5.2474928022197513e-05,6.2148510011796442e-05
2261,8.1999999999999993,22572.268951391332,3.3060051744456325,35.836170148089231,0,0.0062436533204678173,7.6067936924780288e-05,4.9081002025764911e-05,6.1080195760960588e-05,7.4917617213196637e-05,9.1718613500940064e-05,0.00010862664103169459
2262,8.1999999999999993,22911.751791798386,3.2570201803159833,7.1673477883571808,0,0.0052688707568344434,6.4191925435999665e-05,4.1418291986510974e-05,5.1544126611202547e-05,6.3221197950297562e-05,7.7399159711240214e-05,9.1667442596278626e-05
2263,8.1999999999999993,19965.98666725128,3.7375582382151182,19.012523899624515,0,0.0034815520032727741,4.2416589229437332e-05,2.7368281381874286e-05,3.4059206524927944e-05,4.1775154208831772e-05,5.1143634372651761e-05,6.057179671602143e-05
2264,8.1999999999999993,21954.672143581294,3.3990048889933182,35.643194320107455,0,0.006080102695619421,7.407536014698378e-05,4.7795339908173506e-05,5.9480218364742981e-05,7.2955172715004484e-05,8.9316071947402405e-05,0.0001057811987715236
2265,8.1999999999999993,23715.507176894527,3.146634705960778,6.8837284207048199,0,0.0054623141254802159,6.6548692733829244e-05,4.2938939255194137e-05,5.3436537707572988e-05,6.5542325581956229e-05,8.0240822541073967e-05,9.5032956709139666e-05
2266,8.1999999999999993,20001.514020419752,3.7309194632013245,18.661514692584664,0,0.0034935566520291777,4.2562844765665254e-05,2.7462649239871803e-05,3.4176645187590236e-05,4.1919198029676671e-05,5.1319981405869265e-05,6.0780652750179928e-05
2267,8.1999999999999993,21625.189995148536,3.4507922459418681,35.413194251841965,0,0.0059988560535588955,7.308551267685756e-05,4.7156664696901457e-05,5.8685401524783371e-05,7.1980293983382016e-05,8.8122567282918524e-05,0.00010436767541121666
2268,8.1999999999999993,19237.664442424128,3.879059132963798,6.7749888896012669,0,0.0044335807179088959,5.4015385078354522e-05,3.4852124714184859e-05,4.3372680107678532e-05,5.3198549961006004e-05,6.5128836503151324e-05,7.7135125288033663e-05
2269,8.1999999999999993,20399.461357892702,3.6581376656499631,18.319597458010978,0,0.0035677908122881694,4.3467257475726147e-05,2.8046199732354871e-05,3.4902860563114962e-05,4.2809933968553168e-05,5.2410473446969835e-05,6.2072173445652912e-05
2270,8.1999999999999993,21692.199395595555,3.44013239927299,35.1646251632177,0,0.0060254159849018989,7.3409098737522242e-05,4.7365450799707118e-05,5.8945231102525963e-05,7.2298986688987721e-05,8.8512729893240705e-05,0.00010482976322739392
2271,8.1999999999999993,20538.842954476684,3.633312651432151,6.7290825742109694,0,0.0049850464263338614,6.0734025043058147e-05,3.9187165140535377e-05,4.8767539767107844e-05,5.981558885305171e-05,7.3229810015604734e-05,8.6729486870216997e-05
2272,8.1999999999999993,21212.485359767328,3.5179299684427341,18.254826525608056,0,0.0037710465885189793,4.594357170592816e-05,2.9643981776439491e-05,3.6891264141037137e-05,4.5248800711860759e-05,5.5396279516764629e-05,6.5608403135066276e-05
2273,8.1999999999999993,22032.575247588415,3.386986637453842,35.114137892640898,0,0.0061303549062869094,7.4687594970921582e-05,4.8190369665108404e-05,5.9971823953241809e-05,7.3558149159990975e-05,9.0054271660168294e-05,0.00010665548319588965
2274,8.1999999999999993,21890.72203834862,3.4089345167121619,6.778990140249431,0,0.005581411098030507,6.7999679925284814e-05,4.3875153751896098e-05,5.4601635451559273e-05,6.6971370556558494e-05,8.1990344597121392e-05,9.7104997455343796e-05
2275,8.1999999999999993,22211.601229792428,3.3596874525275098,18.346422025555622,0,0.0040122688577856067,4.8882440893823963e-05,3.1540216253091673e-05,3.9251085013923907e-05,4.8143227532929316e-05,5.8939809393761025e-05,6.9805171198177339e-05
2276,8.1999999999999993,22564.419686263704,3.3071552022987012,35.19347728514515,0,0.0062883531551125018,7.6612525810129423e-05,4.9432384872015372e-05,6.1517483757337574e-05,7.5453970679591973e-05,9.2375249391323628e-05,0.00010940432560880055
2277,8.1999999999999993,23419.775842934741,3.1863685823786718,6.9360279685655897,0,0.0062597818392623348,7.62644345660458e-05,4.9207787390517836e-05,6.1237977276803885e-05,7.5111143364512962e-05,9.1955539753204517e-05,0.00010890724386653197
2278,8.1999999999999993,23225.389780918103,3.2130370536811865,18.577747723685526,0,0.0042624353095833158,5.1930279218489048e-05,3.3506760437601554e-05,4.1698404726332932e-05,5.1144975630301276e-05,6.2614728375588231e-05,7.4157549519459018e-05
2279,8.1999999999999993,23241.65672034644,3.2107882346850998,35.339581899972579,0,0.0064880330909626851,7.9045274713019801e-05,5.1002057439170835e-05,6.3470905727657886e-05,7.784993090213342e-05,9.5308526740355438e-05,0.00011287834307894486
2280,8.1999999999999993,24685.045771829755,3.0230463675071726,7.2563219166793136,0,0.0069022646282655203,8.4091957613960546e-05,5.4258307887101354e-05,6.7523235684204084e-05,8.2820296512849711e-05,0.00010139354464889818,0.00012008511421069479
2281,8.1999999999999993,24088.90995660612,3.0978586447749747,19.033874616091161,0,0.004490231883492562,5.4705579916079871e-05,3.5297456290116359e-05,4.3926885171017579e-05,5.3878307487575483e-05,6.5961036193597423e-05,7.8120738279663197e-05
2282,8.1999999999999993,23893.036374018877,3.1232546916232007,35.632565102742895,0,0.0066806258548151075,8.1391678887138407e-05,5.2516018152172138e-05,6.5354995556874892e-05,8.0160852124012903e-05,9.8137694274842219e-05,0.00011622905842947804
2283,8.1999999999999993,18920.574650710791,3.9440682606051203,7.4396481135592945,0,0.0052942360990441487,6.4500957528630125e-05,4.1617687492391735e-05,5.1792269803687883e-05,6.3525556776870918e-05,7.7771773932280389e-05,9.2108747034791766e-05
2284,8.1999999999999993,24540.6822161858,3.0408298063963346,19.424155948601499,0,0.0046635381622588731,5.6817012182610066e-05,3.6659807045774545e-05,4.5622299840975065e-05,5.5957810109973678e-05,6.850688728166879e-05,8.1135908720080332e-05
2285,8.1999999999999993,24397.568244429887,3.0586670443811692,35.829090956780277,0,0.0068325658269626343,8.3242800277844468e-05,5.3710409592247908e-05,6.6841388661415571e-05,8.1983980361357e-05,0.00010036967655596261,0.00011887249937113469
2286,8.1999999999999993,19427.868054150618,3.8410821889607885,7.7541735560661698,0,0.0059348268037662088,7.2305428856603732e-05,4.6653334422544136e-05,5.8059018394422163e-05,7.1212006799548238e-05,8.7181984308005604e-05,0.00010325369902979935
2287,8.1999999999999993,24358.710058080782,3.0635463772237967,19.595006075774805,0,0.0047180005987440144,5.7480541204911892e-05,3.7087933147313929e-05,4.6155093080988278e-05,5.6611305068721028e-05,6.9306934770840719e-05,8.2083442356899815e-05
2288,8.1999999999999993,24361.750934987977,3.0631639799380892,35.863511197662845,0,0.0068338962342587963,8.3259008951371705e-05,5.3720867847991218e-05,6.68544037238991e-05,8.1999943922982812e-05,0.00010038922009983547,0.00011889564570363723
2289,8.1999999999999993,24012.627218736008,3.107699847772273,8.005368156518486,0,0.0076548312242329403,9.3260658279335892e-05,6.0174190900675269e-05,7.4885418151023937e-05,9.1850345631576429e-05,0.00011244866914195413,0.00013317821488055583
2290,8.1999999999999993,23409.486095879023,3.1877691653134987,19.673876650463654,0,0.0045403184532392445,5.5315796696659187e-05,3.5691183953236569e-05,4.4416870333245187e-05,5.4479296406595555e-05,6.6696802658581039e-05,7.8992140894947123e-05
2291,8.1999999999999993,23572.606054063061,3.1657101374845977,35.834560496365384,0,0.0066215478419590391,8.0671917182745741e-05,5.2051609268488383e-05,6.4777049215974144e-05,7.9451974848851242e-05,9.7269844452081198e-05,0.00011520122331980844
2292,8.1999999999999993,22348.617665262369,3.3390896506440444,8.1391690773380549,0,0.0071350269578430905,8.6927757312628775e-05,5.6088039261210137e-05,6.9800294951695557e-05,8.5613212489106655e-05,0.00010481279889770775,0.00012413469683851904
2293,8.1999999999999993,22325.387846385605,3.3425640112388724,19.755213803033737,0,0.0043365773187145559,5.2833569229096022e-05,3.4089586535334345e-05,4.2423718608992221e-05,5.2034605847485627e-05,6.370386672627133e-05,7.5447466976097112e-05
2294,8.1999999999999993,22525.299473729563,3.3128988158097314,35.834894279165269,0,0.0063368407674394408,7.7203262106141844e-05,4.9813543222214212e-05,6.1991826694220725e-05,7.6035773703149237e-05,9.308752733923902e-05,0.00011024790967543284
2295,8.1999999999999993,20772.184895891543,3.5924982531345488,8.0980543354184213,0,0.0067334082006190619,8.2034738958746659e-05,5.293093715685743e-05,6.5871352863879683e-05,8.0794187669020216e-05,9.8913061407830813e-05,0.00011714736196687357
2296,8.1999999999999993,21271.994494604776,3.5080884385902396,19.724368679963462,0,0.0043038555067739185,5.2434911488345867e-05,3.3832362241205094e-05,4.2103608798853418e-05,5.1641976715843325e-05,6.3223186735184174e-05,7.4878175194964734e-05
2297,8.1999999999999993,21859.753840386082,3.4137638738826821,35.832504173506919,0,0.0062311277677020768,7.5915335089151638e-05,4.8982539371111454e-05,6.0957661216571695e-05,7.4767323063389948e-05,9.1534614442369565e-05,0.00010840872234624368
2298,8.1999999999999993,23536.703653920857,3.1705390461440852,7.566827181298855,0,0.010033417049847799,0.0001222395440800438,7.8872118177122994e-05,9.8154565300263139e-05,0.00012039100496126475,0.00014738984585706963,0.00017456068366611979
2299,8.1999999999999993,20376.976793980841,3.6621741638495382,19.413053573899848,0,0.004825089958856413,5.8785236752891909e-05,3.7929756488687517e-05,4.7202723169311502e-05,5.7896270661254235e-05,7.0880066257499893e-05,8.3946575507023506e-05
2300,8.1999999999999993,21612.482218631529,3.4528212538190965,35.635215468162002,0,0.0068110618324110014,8.2980811916667831e-05,5.3541367919692069e-05,6.6631020127251353e-05,8.1725953858333107e-05,0.00010005378512769545,0.00011849837438740918
2301,8.1999999999999993,22317.28048098931,3.3437782894670232,7.4066421355271261,1,0.054985944655792263,0.00066990704882904548,0.00043224136935862537,0.00053791459763904536,0.0006597765350495157,0.00080773776938191971,0.00095664159512716808
2302,8.1999999999999993,19806.603724188346,3.767634218942109,18.868337407963057,0,0.0062475782555768593,7.6115755357512567e-05,4.9111855716408883e-05,6.1118592480397812e-05,7.4964712522784368e-05,9.1776270386709547e-05,0.00010869492677647882
2303,8.1999999999999993,21290.54246311522,3.5050322499560815,35.259290832780692,0,0.0085523328609559829,0.00010419513756381676,6.722939998887468e-05,8.3665466121835756e-05,0.00010261947079229184,0.00012563287420747402,0.00014879288518873489
2304,8.1999999999999993,20270.833818518207,3.6813501911355133,35.020173587781834,1,0.052673520281941291,0.00064173422398036521,0.0004140635334744088,0.0005152926924518671,0.00063202974720229222,0.00077376849746540988,0.00091641019862284873
2305,8.3000000000000007,29023.697793951567,3.6318340994066194,7.1942009330687737,1,0.041395768576449325,0.00041156918521777165,0.00025521846300677299,0.00031961981370084297,0.00038352011189274874,0.00050443738734715624,0.00061017145511606393
2306,8.3000000000000007,28698.594500425701,3.672976226671393,18.380482197744666,1,0.027285412135014925,0.00027127977633752679,0.00016822349691960153,0.00021067270021182008,0.00025279164211518235,0.00033249248615008789,0.00040218554210720239
2307,8.3000000000000007,28425.648516998306,3.708244519941633,34.735470550898377,1,0.040535956809690583,0.00040302067795592385,0.00024991744202966406,0.00031298114298256171,0.0003755541985558572,0.00049395995894929647,0.00059749787482294271
2308,8.3000000000000007,24519.847699027367,4.2989359735349115,7.0788194201762566,0,0.0067824561860628232,6.7433219922415189e-05,4.1816062432103982e-05,5.2367849593613487e-05,6.2837542213586213e-05,8.2649135308977714e-05,9.9973048034318547e-05
2309,8.3000000000000007,29281.404050984052,3.5998702506003477,18.342700456072858,0,0.0050530333212803619,5.023877749912744e-05,3.1153604393103875e-05,3.9014846790176691e-05,4.6814927501497225e-05,6.1574866572592618e-05,7.4481445819795313e-05
2310,8.3000000000000007,28981.676602035084,3.6370999782512294,34.731499034936945,0,0.0074663642591512045,7.4232839740682728e-05,4.6032579560640692e-05,5.7648354785957477e-05,6.9173757477492009e-05,9.0983049944170659e-05,0.00011005381711947982
2311,8.3000000000000007,25236.521144243165,4.1768536454158394,7.1381452889752142,0,0.0055375874105110271,5.5056360033687789e-05,3.4141038958274707e-05,4.2756125018695837e-05,5.130418437268282e-05,6.7479508694371113e-05,8.1623747651014857e-05
2312,8.3000000000000007,24651.642548728403,4.2759526117006459,18.374804340869701,0,0.0035436164530787831,3.5231700883255373e-05,2.1847555335759707e-05,2.7360526679643327e-05,3.2830606250971831e-05,4.3181530065090086e-05,5.223272044231164e-05
2313,8.3000000000000007,29150.295084608591,3.6160613480239605,34.869573250828118,0,0.006017570100542745,5.9828492342094195e-05,3.7100289351065908e-05,4.6462107133371337e-05,5.5751088520568949e-05,7.3328445009789747e-05,8.8698667298087077e-05
2314,8.3000000000000007,25647.306207055797,4.1099542574941843,7.221976548395233,0,0.0049969986137827797,4.9681663578990775e-05,3.0808132080006078e-05,3.8582198638274819e-05,4.6295781752345072e-05,6.0892043124136978e-05,7.3655497173675613e-05
2315,8.3000000000000007,24900.796998074398,4.233167932219092,18.525399855186603,0,0.0031420454023522904,3.1239160683178646e-05,1.9371738365115575e-05,2.4259966674728389e-05,2.9110163809539972e-05,3.8288096300510389e-05,4.6313584241186234e-05
2316,8.3000000000000007,29036.184630717391,3.6302722509703802,34.944493996806692,0,0.0052700828868170822,5.2396749579651656e-05,3.2491786009668537e-05,4.0690702658695658e-05,4.8825830463890189e-05,6.421977255040958e-05,7.7680745018486751e-05
2317,8.3000000000000007,25637.05385317473,4.1115978435990526,7.2706329151132207,0,0.0047709991123475936,4.7434708543151207e-05,2.9414771179119227e-05,3.6837239647797408e-05,4.4201960159974903e-05,5.8138075702679732e-05,7.0324276389803879e-05
2318,8.3000000000000007,24900.483676021468,4.2332211980465422,18.584886377755527,0,0.0029676390637853375,2.9505160394519853e-05,1.8296466200872681e-05,2.2913362339116921e-05,2.7494338308958347e-05,3.6162828893021092e-05,4.3742843968824069e-05
2319,8.3000000000000007,28955.650213280125,3.6403691356446015,34.970989844079064,0,0.0049108259055551245,4.8824908588495394e-05,3.0276849127586027e-05,3.7916852737063803e-05,4.5497415932888502e-05,5.9841966333831481e-05,7.2385315979347605e-05
2320,8.3000000000000007,25579.964545730814,4.1207740984355015,7.3077821117200417,0,0.0047794886449761195,4.7519114030643228e-05,2.9467111926582265e-05,3.6902787961802631e-05,4.4280613283605075e-05,5.8241526799402895e-05,7.0449411654961152e-05
2321,8.3000000000000007,24805.964747980222,4.2493511705699225,18.650349909582438,0,0.002938851083829826,2.9218941636859293e-05,1.8118978881516679e-05,2.2691088200802243e-05,2.722762580008648e-05,3.5812026530964649e-05,4.3318510655942907e-05
2322,8.3000000000000007,28985.546882311522,3.636614336342646,35.05161125734049,0,0.0048056693155963141,4.7779410134475892e-05,2.9628524330457136e-05,3.7104930870460943e-05,4.4523169807399065e-05,5.8560557210983681e-05,7.0835313365150122e-05
2323,8.3000000000000007,25635.354624115091,4.1118703791906146,7.3205868511310728,0,0.0049837278401071673,4.9549721554559113e-05,3.072631341648385e-05,3.8479734005880519e-05,4.6172831779920356e-05,6.0730329146326944e-05,7.3459886666548305e-05
2324,8.3000000000000007,24773.755234962162,4.2548759499402147,18.690704737783186,0,0.0030298459742695762,3.012364021367409e-05,1.8679992165679132e-05,2.3393666530188008e-05,2.807066777667574e-05,3.6920865100071012e-05,4.4659770562863368e-05
2325,8.3000000000000007,29121.039602074503,3.6196941036211125,35.054957670207145,0,0.0048802929753902248,4.8521341010880028e-05,3.0088603619029093e-05,3.7681105708161002e-05,4.5214536952839367e-05,5.9469900491111564e-05,7.1935262192007778e-05
2326,8.3000000000000007,25514.795597211487,4.1312992274359495,7.2286021909451765,0,0.0050180329455214411,4.9890793233373041e-05,3.0937815620167961e-05,3.8744606280959763e-05,4.6490658898957345e-05,6.1148361673392764e-05,7.3965542118986164e-05
2327,8.3000000000000007,24840.561158353714,4.2434329348271405,18.576200054220003,0,0.0031089641672850531,3.0910257091559712e-05,1.9167781722720258e-05,2.4004543993792842e-05,2.8803675503830506e-05,3.7884977519016671e-05,4.5825968573397995e-05
2328,8.3000000000000007,29250.751682261922,3.6036426169132496,34.858080383383417,0,0.0049488472378328074,4.9202928112822396e-05,3.0511263086284711e-05,3.8210418276662569e-05,4.5849672844908832e-05,6.0305283773685078e-05,7.2945748420612241e-05
2329,8.3000000000000007,25808.201972207211,4.0843316187799887,7.0079994354017972,0,0.0050968422491746886,5.067433904028916e-05,3.1423700773184754e-05,3.9353098786782561e-05,4.7220804853355172e-05,6.2108710051997568e-05,7.5127187116541378e-05
2330,8.3000000000000007,25072.861769679912,4.2041174361043696,18.249352530161854,0,0.0031510060518755317,3.1328250156574738e-05,1.9426983702441308e-05,2.4329152517382035e-05,2.9193181698226797e-05,3.83972882974192e-05,4.6445663744633156e-05
2331,8.3000000000000007,24433.581569671209,4.3141139598538372,34.778462399747667,0,0.0041434360024115279,4.1195287300080964e-05,2.5545639191345148e-05,3.199177811438356e-05,3.838776507629262e-05,5.0490765205545865e-05,6.107402910282149e-05
2332,8.3000000000000007,25979.103717001533,4.0574631244865804,6.7900509556476409,0,0.0051514839770566033,5.1217603538005123e-05,3.1760584910999519e-05,3.9774991639276799e-05,4.7727045039537081e-05,6.2774559036102884e-05,7.5932603316271796e-05
2333,8.3000000000000007,25237.965984790448,4.1766145260069854,17.923220948653903,0,0.0032153159484194236,3.1967638495823176e-05,1.9823475264658476e-05,2.4825694020519463e-05,2.9788994738218432e-05,3.9180950910984551e-05,4.7393588242763485e-05
2334,8.3000000000000007,24848.37366179422,4.2420987696679191,34.526522856789043,0,0.0043709014119318384,4.3456816835125315e-05,2.6948037895400305e-05,3.3748055490415393e-05,4.0495167893318468e-05,5.3262595777512942e-05,6.44268572948928e-05
2335,8.3000000000000007,25507.356715306461,4.1325040660011618,6.6270018089542742,0,0.0050788471363458947,5.0495426214666157e-05,3.1312755012404479e-05,3.9214157179761957e-05,4.7054085212122373e-05,6.1889426583842851e-05,7.4861940098372236e-05
2336,8.3000000000000007,25044.22601249372,4.2089244557352599,17.699351840521555,0,0.0032037850647478627,3.1852994981262487e-05,1.9752383592514964e-05,2.4736663208490836e-05,2.9682164355596784e-05,3.9040438751575211e-05,4.7223623622933883e-05
2337,8.3000000000000007,24958.700068977407,4.2233471714324251,34.353112197197603,0,0.004408006660332078,4.3825728377936424e-05,2.7176803897140427e-05,3.4034547878136278e-05,4.0838937546779236e-05,5.3714750072590648e-05,6.4973786707907684e-05
2338,8.3000000000000007,24775.890566498496,4.2545092397799991,6.4619398995984216,0,0.0049504945001135102,4.9219305690000525e-05,3.052141899742992e-05,3.8223136911474294e-05,4.5864934264999274e-05,6.0325356856266423e-05,7.2970028980131691e-05
2339,8.3000000000000007,24588.227790015484,4.2869805924666684,17.499007067154341,0,0.003131711681062032,3.1136419717182452e-05,1.9308027590910004e-05,2.4180179242649937e-05,2.9014424798481653e-05,3.8162172430789148e-05,4.6161265731993776e-05
2340,8.3000000000000007,24593.994912015554,4.2859753251167678,34.214572450311707,0,0.0042558541485991858,4.2312982330786814e-05,2.6238733859489746e-05,3.2859766997709552e-05,3.9429287470665902e-05,5.1860661644322821e-05,6.2731066674526285e-05
2341,8.3000000000000007,28853.521170297186,3.653254475140383,6.4111787838121019,0,0.0056386325616142475,5.6060981325667342e-05,3.4764015389095767e-05,4.3536302159539134e-05,5.2240339177630055e-05,6.8710816960395327e-05,8.3113147872373487e-05
2342,8.3000000000000007,28518.662554468399,3.6961500258864737,17.472328187450831,0,0.0034983357286771767,3.4781506298424258e-05,2.1568384848460531e-05,2.7010910832536812e-05,3.2411093119888941e-05,4.2629751680491432e-05,5.156528494233264e-05
2343,8.3000000000000007,28379.632431029593,3.7142572439977792,34.23164272389559,0,0.0045801573201932491,4.5537302030275201e-05,2.8238169063829606e-05,3.5363735950383066e-05,4.2433864820817781e-05,5.5812530403207873e-05,6.7511278394592804e-05
2344,8.3000000000000007,27843.919649895019,3.7857189887180058,6.4263121930378029,0,0.0054632021703223286,5.4316799596727866e-05,3.3682429604608791e-05,4.2181791036532984e-05,5.0615026117590806e-05,6.6573070729614373e-05,8.0527313116618554e-05
2345,8.3000000000000007,27762.849908925014,3.7967735907782192,17.518966575684281,0,0.0033584889750984284,3.3391107801064292e-05,2.0706183837771711e-05,2.5931143627756938e-05,3.1115452419769836e-05,4.0925617817776321e-05,4.9503951137965294e-05
2346,8.3000000000000007,27685.176476157809,3.8074258052760963,34.28817398510683,0,0.0042529717730575888,4.2284324885981653e-05,2.6220963070811765e-05,3.2837511961378487e-05,3.9402583074824364e-05,5.1825537813130476e-05,6.2688580610397319e-05
2347,8.3000000000000007,27625.415104332467,3.8156623146058988,12.569569455463935,0,0.0045669077517872664,4.5405570835013857e-05,2.8156481137735589e-05,3.5261435045455647e-05,4.2311111309230993e-05,5.5651074826948958e-05,6.7315980452026331e-05
2348,8.3000000000000007,27424.505921405216,3.8436154744604738,26.456582597490552,0,0.0039085309509110161,3.8859790606232725e-05,2.4097372659325853e-05,3.0178058708272694e-05,3.6211436076161376e-05,4.7628277213935514e-05,5.7611540978619216e-05
2349,8.3000000000000007,27070.979450608065,3.8938101789508135,34.3413659386284,0,0.0038318022545994418,3.809693082346395e-05,2.3624315131598387e-05,2.958563072676721e-05,3.5500566361532111e-05,4.6693282540977954e-05,5.6480564024027117e-05
2350,8.3000000000000007,27160.730299065821,3.880943339088768,12.620395992527591,0,0.0044477079328677938,4.4220450373723436e-05,2.7421575237410769e-05,3.4341084361644673e-05,4.1206758631126599e-05,5.4198538799819822e-05,6.5558981380361685e-05
2351,8.3000000000000007,26961.176081256792,3.9096682956729665,26.518305678335523,0,0.0036297279480215585,3.6087847272856294e-05,2.2378460888242039e-05,2.8025399948520601e-05,3.3628404946621453e-05,4.4230860927235354e-05,5.350199935603485e-05
2352,8.3000000000000007,26597.39806319723,3.9631416234206971,34.401417388300658,0,0.0036128671910041609,3.5920212553984255e-05,2.2274508802338288e-05,2.7895216787244023e-05,3.3472194791808972e-05,4.4025400405277801e-05,5.325347268296042e-05
2353,8.3000000000000007,26876.656272673892,3.9219631441325524,12.557340245416269,0,0.0046255810707535178,4.5988918624205547e-05,2.85182213542125e-05,3.5714456113117914e-05,4.2854703048891497e-05,5.6366051665020287e-05,6.8180822092640152e-05
2354,8.3000000000000007,26736.321402501679,3.9425489300514989,26.444560657193971,0,0.0035731697603625123,3.5525528755463902e-05,2.2029761148602404e-05,2.7588709967285998e-05,3.3104409301525764e-05,4.3541658494307207e-05,5.2668334639823228e-05
2355,8.3000000000000007,26366.495719789425,3.9978484990643204,12.583850664172807,0,0.0047578458631357245,4.7303934982295638e-05,2.9333677092384281e-05,3.6735682430544772e-05,4.4080099018535455e-05,5.7977793845481989e-05,7.0130398187100908e-05
2356,8.3000000000000007,26405.381226579004,3.9919611246833138,26.447129500380949,0,0.0035427399958518108,3.5222986881820251e-05,2.184215169007196e-05,2.7353759488086436e-05,3.2822486122144246e-05,4.3170849799717576e-05,5.2219801508809026e-05
2357,8.3000000000000007,25991.532235705658,4.0555229442818641,34.446276348959259,0,0.0035005450569705605,3.4803472104999569e-05,2.1582006080550313e-05,2.7027969220913665e-05,3.2431561922943569e-05,4.2656673944056811e-05,5.1597850325364802e-05
2358,8.3000000000000007,26084.706950156957,4.0410365943678626,12.63582902010257,0,0.0051241430646883305,5.0945771961651145e-05,3.1592019236975448e-05,3.9563890417628512e-05,4.7473739203425722e-05,6.244139023945961e-05,7.5529599703640711e-05
2359,8.3000000000000007,26085.211707735114,4.0409583989570876,26.472690373745049,0,0.0037594655275844805,3.7377737320778134e-05,2.3178335532171357e-05,2.9027113467459599e-05,3.4830387002801316e-05,4.5811807191214049e-05,5.5414324466243839e-05
2360,8.3000000000000007,25707.926614408909,4.1002628068755129,34.388711827416294,0,0.0036656463048789665,3.6444958382868995e-05,2.2599909315125257e-05,2.8302728258200456e-05,3.3961178384938381e-05,4.4668552090222036e-05,5.4031434050032324e-05
2361,8.3000000000000007,26089.594934560948,4.0402794908597865,12.706663880508955,0,0.0053654494716447428,5.3344912857307326e-05,3.3079752220682857e-05,4.1427035166198453e-05,4.9709374955071394e-05,6.5381883378279424e-05,7.9086443471126379e-05
2362,8.3000000000000007,25785.866307772878,4.0878694584393891,26.537282079737526,0,0.0038956398121991567,3.8731623026824913e-05,2.401789456961792e-05,3.0078525265721264e-05,3.6092003314523751e-05,4.7471189362800898e-05,5.7421526270922902e-05
2363,8.3000000000000007,25435.725664406873,4.1441418550306564,34.263542403867305,0,0.0038022980269026797,3.7803590915274778e-05,2.3442411910474154e-05,2.935782638627258e-05,3.5227218019498695e-05,4.6333752182034037e-05,5.6045673257050251e-05
2364,8.3000000000000007,26242.93690566942,4.0166714464101689,12.741332262326296,0,0.0054148964991535741,5.3836530081074213e-05,3.3384609330359455e-05,4.1808819350039514e-05,5.0167487708502418e-05,6.5984431180298697e-05,7.9815290060132401e-05
2365,8.3000000000000007,25691.134494035276,4.1029428016664236,17.398190201980594,0,0.0033985548518213346,3.3789454801372525e-05,2.095320308219894e-05,2.6240495247362369e-05,3.1486651459001879e-05,4.1413849510794681e-05,5.009452005699304e-05
2366,8.3000000000000007,25250.961406268725,4.1744650289940006,34.171345643553927,0,0.0039195255263652527,3.8969101983146977e-05,2.4165157815764251e-05,3.0262948644593434e-05,3.6313297714522668e-05,4.7762254069731387e-05,5.7773600443487117e-05
2367,8.3000000000000007,26302.670883423169,4.0075494920699652,12.506521296803619,0,0.0053868535794292039,5.3557718936385077e-05,3.3211715551202815e-05,4.1592297877286135e-05,4.9907677972378604e-05,6.564270791616306e-05,7.9401938895934992e-05
2368,8.3000000000000007,25635.140636608885,4.1119047027350311,17.27271351774365,0,0.0033105709285736131,3.2914692166238629e-05,2.0410753396330215e-05,2.5561164820022395e-05,3.067150524360038e-05,4.0341701755169164e-05,4.8797641648376542e-05
2369,8.3000000000000007,25121.35959445337,4.1960012133347924,34.110691687812626,0,0.0040151293131542093,3.9919623594064714e-05,2.4754586454511307e-05,3.1001112606114026e-05,3.7199039814924958e-05,4.8927255375100367e-05,5.9182795240580727e-05
2370,8.3000000000000007,25950.476398936673,4.0619391227540298,12.183508393751543,0,0.0052253470311498119,5.195197224370257e-05,3.2215974816463901e-05,4.0345293783686744e-05,4.8411365387841566e-05,6.3674633785517178e-05,7.7021340855040678e-05
2371,8.3000000000000007,25635.274501768745,4.1118832307285462,17.165830692689372,0,0.0032026896726841821,3.1842104263813665e-05,1.974563014189679e-05,2.4728205604746232e-05,2.9672015857301522e-05,3.9027090606831782e-05,4.7207477601434513e-05
2372,8.3000000000000007,25092.532651468544,4.2008216867968047,34.064700676577324,0,0.0040748207756848166,4.0513094072884516e-05,2.5122603859322942e-05,3.1461994836101602e-05,3.775206436733789e-05,4.9654639029066407e-05,6.0062644263870215e-05
2373,8.3000000000000007,26335.005905988248,4.0026288854933298,6.1587641062788778,0,0.0061604838426924189,6.1249383762538236e-05,3.7981399350186364e-05,4.7565554785437787e-05,5.7075144004139239e-05,7.5069952347015521e-05,9.0805208352941625e-05
2374,8.3000000000000007,25644.240944634348,4.1104455213364854,17.136361419225207,0,0.0031294538322970788,3.1113971505481285e-05,1.9294107214231195e-05,2.4162746224096692e-05,2.8993506466952851e-05,3.8134658910176175e-05,4.6127985159758493e-05
2375,8.3000000000000007,25079.5943311706,4.2029888501001897,34.06483450424183,0,0.0041712766838217447,4.1472087730606835e-05,2.5717286105098046e-05,3.2206738090043982e-05,3.8645701131517624e-05,5.0830024049516792e-05,6.1484399284887851e-05
2376,8.3000000000000007,25776.048260009506,4.0894265201421183,12.003052818422001,0,0.0048799068580810808,4.851750211642807e-05,3.0086223079433652e-05,3.7678124467646348e-05,4.5210959684951877e-05,5.9465195372367983e-05,7.1929570843146104e-05
2377,8.3000000000000007,25812.34770092753,4.0836756330830868,17.263048116945317,0,0.0031038783752432549,3.0859692617005643e-05,1.9136426150092524e-05,2.3965276214480597e-05,2.875655707602957e-05,3.7823003463735687e-05,4.5751004265757936e-05
2378,8.3000000000000007,25259.927858933566,4.1729832297072997,34.181325853458084,0,0.0042328872518157534,4.2084638533311931e-05,2.6097135423256398e-05,3.2682437876312747e-05,3.9216505654380887e-05,5.1580793391906857e-05,6.2392535821935237e-05
2379,8.3000000000000007,25924.547028859579,4.0660018175670682,12.20843321130554,0,0.004726336701109145,4.6990661413809419e-05,2.9139412794858229e-05,3.6492397842695991e-05,4.3788175525829597e-05,5.7593831911284959e-05,6.9665954793382071e-05
2380,8.3000000000000007,25971.418448583947,4.058663778708369,17.53700504247643,0,0.0032186253748978776,3.2000541809522017e-05,1.9843878962145214e-05,2.4851246348954836e-05,2.9819655640454698e-05,3.9221278666787077e-05,4.7442369015277195e-05
2381,8.3000000000000007,25430.365290231424,4.1450153836145205,34.418043942644978,0,0.0044574413278192296,4.4317222714649223e-05,2.7481584803237662e-05,3.4416236629328969e-05,4.1296935788098018e-05,5.4317147258804043e-05,6.5702451110843168e-05
2382,8.3000000000000007,26505.388918974739,3.9768990246162867,12.535363463123511,0,0.0048964201714842533,4.8681682446358116e-05,3.0188033061729874e-05,3.780562499088843e-05,4.5363950872744623e-05,5.9666422042532528e-05,7.2172976215591192e-05
2383,8.3000000000000007,25669.506616407954,4.1063997416907254,26.474949241607835,0,0.0040437941801290244,4.0204618325432315e-05,2.4931314742043767e-05,3.1222436179931238e-05,3.7464611716779348e-05,4.9276557516422507e-05,5.9605313874591116e-05
2384,8.3000000000000007,26734.476864072221,3.9428209452118659,12.772541382462506,0,0.0050797817187032438,5.0504718113634593e-05,3.1318517018546615e-05,3.9221373159781567e-05,4.7062743853877058e-05,6.1900815145978888e-05,7.4875715793244437e-05
2385,8.3000000000000007,25949.925948087173,4.0620252847664071,26.729186314395204,0,0.0043238915645553338,4.298943078946636e-05,2.6658206798981427e-05,3.3385088955977587e-05,4.0059634925918621e-05,5.2689746778553095e-05,6.3733934613060414e-05
2386,8.3000000000000007,27099.278913242721,3.8897439181466629,12.926821678543869,0,0.0055988611627356922,5.5665562112682122e-05,3.4518811696967944e-05,4.3229224225312358e-05,5.1871868392509457e-05,6.8226173692946629e-05,8.2526919541308375e-05
2387,8.3000000000000007,26618.17500880612,3.9600481740041653,26.889182260386146,0,0.0049796209895133208,4.9508890010397806e-05,3.0700993338311509e-05,3.844802470643176e-05,4.6134782968328175e-05,6.0680284200792012e-05,7.3399351904446616e-05
2388,8.3000000000000007,27550.411498938643,3.8260501242606408,13.047522317605804,0,0.0061352578163955396,6.0998579019775344e-05,3.7825872641040528e-05,4.7370782756733185e-05,5.6841431990552115e-05,7.476255496713964e-05,9.0433378049949737e-05
2389,8.3000000000000007,27583.943551167162,3.8213990375747344,27.023816978427529,0,0.0057107203406673657,5.6777699712819832e-05,3.5208460142851968e-05,4.4092897273083501e-05,5.2908212103760007e-05,6.9589258699145928e-05,8.4175717950271513e-05
2390,8.3000000000000007,28386.853254688085,3.7133124405586471,13.150002090328977,0,0.0065566026743445758,6.5187716360262828e-05,4.0423601605607652e-05,5.0624017800618688e-05,6.0745073174737837e-05,7.9896946877835778e-05,9.6643979131208528e-05
2391,8.3000000000000007,28747.804542044189,3.6666888834861466,27.146133824202234,0,0.0064708262103390368,6.4334900949034897e-05,3.9894761628516278e-05,4.9961731330571966e-05,5.9950378446159122e-05,7.8851698610034616e-05,9.5379638555907637e-05
2392,8.3000000000000007,25516.260436367636,4.1310620575383767,7.3017323730100028,0,0.0065176755900079293,6.4800691576467618e-05,4.0183603388993167e-05,5.0323458881882382e-05,6.0384424725539999e-05,7.9422592193888883e-05,9.6070195952156011e-05
2393,8.3000000000000007,25419.63034070894,4.1467658626858759,18.845697095783397,0,0.004328213427861982,4.3032400054705506e-05,2.6684852500906518e-05,3.3418458384603127e-05,4.0099675769607512e-05,5.2742411809541733e-05,6.3797638651258437e-05
2394,8.3000000000000007,25195.412745434143,4.1836685274404966,35.34348115890873,0,0.0064343709184491778,6.3972451469391186e-05,3.9670002821407514e-05,4.9680257305497931e-05,5.9612630456316613e-05,7.8407464505238686e-05,9.4842289467726411e-05
2395,8.3000000000000007,25923.676206198179,4.0661384018422249,7.3931998637461387,0,0.0063600660055615288,6.3233689670624981e-05,3.9211888711845435e-05,4.9106543536411904e-05,5.8924216410996416e-05,7.7502005386757003e-05,9.3747038953529579e-05
2396,8.3000000000000007,25772.534251501609,4.0899841013036742,18.907865129461097,0,0.0042150124921311359,4.1906922294856896e-05,2.5986931679004167e-05,3.25444255248862e-05,3.9050901051059165e-05,5.1362976513881876e-05,6.2129062802791478e-05
2397,8.3000000000000007,25748.163573795871,4.0938552777496682,35.339969886069206,0,0.0063162735461566727,6.2798291864140174e-05,3.8941893865392639e-05,4.8768418694240355e-05,5.8518491635045186e-05,7.6968362587810158e-05,9.3101540401453555e-05
2398,8.3000000000000007,26577.880614833175,3.9660519537482166,7.3888513848649948,0,0.0062497198182351766,6.213659467827276e-05,3.8531568348277865e-05,4.8254552401841882e-05,5.7901890130662118e-05,7.6157357265637385e-05,9.2120541946641419e-05
2399,8.3000000000000007,26391.121112918256,3.9941181311675673,18.847813433075,0,0.0041372130079924017,4.1133416417361043e-05,2.5507272393830177e-05,3.1943729910779627e-05,3.8330110789441451e-05,5.0414933516602522e-05,6.0982302491854353e-05
2400,8.3000000000000007,26583.645749005333,3.9651918451738331,35.262015943884194,0,0.0062513949933964185,6.2153249773706871e-05,3.8541896351468088e-05,4.8267486554084122e-05,5.791741015571234e-05,7.617777048686131e-05,9.2145233940554313e-05
2401,8.3000000000000007,26413.563787132236,3.9907244697626783,7.3097686377552149,0,0.005942948093690832,5.9086577899736687e-05,3.6640220253422409e-05,4.588594505815961e-05,5.5059736689169719e-05,7.2419121871955899e-05,8.7598742835507662e-05
2402,8.3000000000000007,26498.465212703031,3.9779381369006273,18.665404866741845,0,0.0039751028577702484,3.9521668532568297e-05,2.4507810255542136e-05,3.0692065361603991e-05,3.6828206003271557e-05,4.8439504059615927e-05,5.8592807390019009e-05
2403,8.3000000000000007,27002.017447967737,3.9037548043240538,35.08328940058712,0,0.0060766514080402307,6.0415896476007886e-05,3.7464544950381369e-05,4.6918278310883712e-05,5.6298460158816455e-05,7.4048393483268287e-05,8.9569522668227718e-05
2404,8.3000000000000007,25655.718835565902,4.1086065845412874,7.1096512315553593,0,0.0055091228490178491,5.4773356799681081e-05,3.3965545619600869e-05,4.2536348018427709e-05,5.1040468244579516e-05,6.7132647420251179e-05,8.1204181509285714e-05
2405,8.3000000000000007,26291.161949489582,4.0093037934746887,18.373485207704661,0,0.0037640851582227733,3.7423667078412613e-05,2.3206817067161743e-05,2.9062781979840304e-05,3.4873186576772969e-05,4.5868100732554766e-05,5.5482417579274465e-05
2406,8.3000000000000007,27377.836997554863,3.8501673944643677,34.877571385513036,0,0.0058799559978444703,5.8460291531487054e-05,3.6251853363850269e-05,4.5399578392401069e-05,5.4476132700691057e-05,7.1651517613236136e-05,8.6670242650460931e-05
2407,8.3000000000000007,24775.258207141022,4.254617831129754,6.9817722315523127,0,0.0053311096750667921,5.3003496268507192e-05,3.2868036134619518e-05,4.1161895038059517e-05,4.939122643219453e-05,6.4963428114287315e-05,7.8580276672757563e-05
2408,8.3000000000000007,25912.782627810371,4.0678477820370249,18.237317901980866,0,0.0037175621222061122,3.6961121057751762e-05,2.2919987322120218e-05,2.870357415218561e-05,3.4442163779219428e-05,4.5301183882192112e-05,5.4796670471323604e-05
2409,8.3000000000000007,27705.34471859258,3.8046541708686137,34.83450654033377,0,0.0059623810004329003,5.9279785705009713e-05,3.6760030484299154e-05,4.6035987979118908e-05,5.5239777085191243e-05,7.2655925899097615e-05,8.7885182860459593e-05
2410,8.3000000000000007,28743.610360752515,3.6672239157150313,7.2244897688719094,0,0.0060546330731323424,6.0196983566077106e-05,3.7328794708595628e-05,4.6748273106408155e-05,5.6094466500576478e-05,7.3780084143530876e-05,8.9244973567872995e-05
2411,8.3000000000000007,26047.485775523241,4.0468111297712586,18.447815004041587,0,0.0037444312042990914,3.7228261555557333e-05,2.3085644008056816e-05,2.8911032337120877e-05,3.4691098241004426e-05,4.5628603085591311e-05,5.519271933047278e-05
2412,8.3000000000000007,28365.881344425376,3.7160578252105538,35.035044406090513,0,0.0061169464122458979,6.0816521530683354e-05,3.7712976840738216e-05,4.7229399040856508e-05,5.667178199950498e-05,7.4539417260423451e-05,9.0163468914319832e-05
2413,8.3000000000000007,27911.729417905564,3.7765218256710824,7.3032076033226891,0,0.0057476439761698682,5.7144805605562905e-05,3.5436106441631697e-05,4.4377987414088433e-05,5.3250299164983537e-05,7.0039199909679168e-05,8.471997039871028e-05
2414,8.3000000000000007,25706.757865909003,4.1004492238492034,18.783298924887525,0,0.0036676489352551267,3.646486913656563e-05,2.2612256186898646e-05,2.8318190716556746e-05,3.3979732190130481e-05,4.4692955590133063e-05,5.4060952716618366e-05
2415,8.3000000000000007,28329.460213391074,3.7208352910698945,35.309969787653515,0,0.0061186550407264229,6.0833509229082308e-05,3.7723511094591817e-05,4.7242591488669641e-05,5.6687611960116148e-05,7.4560238134544233e-05,9.0188654008402323e-05
2416,8.3000000000000007,27475.574353680498,3.8364714048216375,7.3414814021119277,0,0.0055261358300080568,5.4942504975087804e-05,3.4070436216123198e-05,4.2667706512341019e-05,5.1198088711534815e-05,6.7339962901441917e-05,8.1454951955726049e-05
2417,8.3000000000000007,25444.642309278603,4.142689610555367,19.061928372036995,0,0.0036028393078753411,3.5820512323001337e-05,2.2212683620505453e-05,2.781779075439895e-05,3.3379289284993468e-05,4.3903203394808418e-05,5.3105662212207942e-05
2418,8.3000000000000007,28213.497631198061,3.7361285976250609,35.577088905223718,0,0.0061034387224617528,6.0682224015023802e-05,3.7629697511859105e-05,4.712510516153491e-05,5.6546637066204359e-05,7.4374816288436994e-05,8.9964366276193262e-05
2419,8.3000000000000007,27266.247707342769,3.8659245111515435,7.373601068548056,0,0.0053518790144039333,5.3209991288709854e-05,3.299608590988826e-05,4.1322256654666956e-05,4.9583648499000908e-05,6.5216517539425195e-05,7.8886415643984512e-05
2420,8.3000000000000007,25279.87381981167,4.1696907227573838,19.172305668002195,0,0.0035504786577589954,3.5299926986699175e-05,2.1889863073761652e-05,2.7413510273302568e-05,3.2894182640474671e-05,4.3265150993493309e-05,5.2333868978962113e-05
2421,8.3000000000000007,28118.129384376611,3.7488004233138978,35.71484358198051,0,0.0060896327195640535,6.0544960580640971e-05,3.7544578984990578e-05,4.7018507984435349e-05,5.6418728346105617e-05,7.4206580155351047e-05,8.9760866518437388e-05
2422,8.3000000000000007,27424.130009531225,3.8436681602045755,7.2850360854189153,0,0.0052488368752709709,5.218551534093927e-05,3.2360797394206344e-05,4.0526660620444495e-05,4.8628992163608577e-05,6.3960874529562947e-05,7.7367579923929753e-05
2423,8.3000000000000007,25134.24290583346,4.1938504268406396,19.124688967170513,0,0.0035003496027131657,3.4801528839969599e-05,2.1580801041077057e-05,2.702646010402844e-05,3.2429751094415827e-05,4.2654292192531559e-05,5.159496933987415e-05
2424,8.3000000000000007,27875.27762494042,3.7814602873994261,35.696019958548831,0,0.006042617812556236,6.0077524230605297e-05,3.7254716694288524e-05,4.6655502384207165e-05,5.5983148502649741e-05,7.3633669501123328e-05,8.9067869257905124e-05
2425,8.3000000000000007,28200.297754342297,3.7378773889972496,7.0453969552584299,0,0.0052602629385565727,5.2299116699687256e-05,3.243124281436043e-05,4.061488210646265e-05,4.8734851414939898e-05,6.4100109376738392e-05,7.7535999496774457e-05
2426,8.3000000000000007,25104.499214512412,4.1988192808885421,18.87758605564191,0,0.0034678436769788146,3.4478345146821609e-05,2.138039136903021e-05,2.6775479429320117e-05,3.2128592867294322e-05,4.2258183971459283e-05,5.1115833701443033e-05
2427,8.3000000000000007,27380.206718889654,3.8498341674763159,35.546986819396544,0,0.0059431642960938742,5.9088727449072823e-05,3.6641553212004903e-05,4.5887614373023385e-05,5.5061739743410713e-05,7.2421756454645847e-05,8.7601929647575667e-05
2428,8.3000000000000007,29479.978298013491,3.5756218771046036,6.8541642382605774,0,0.0055084906434803476,5.4767071222026472e-05,3.3961647865527585e-05,4.2531466712365142e-05,5.1034611038714763e-05,6.7124943538415655e-05,8.1194862832860196e-05
2429,8.3000000000000007,25396.387768019613,4.1505609499191278,18.506798099557223,0,0.0035136921737989901,3.493418469585403e-05,2.1663062359134091e-05,2.7129479089576822e-05,3.2553366249581313e-05,4.2816881073725952e-05,5.1791638137057898e-05
2430,8.3000000000000007,27230.865936617836,3.8709476071857214,35.318895472174432,0,0.0059201035746184322,5.885945081828256e-05,3.6499376315834455e-05,4.5709560824188419e-05,5.4848088667836271e-05,7.2140744880481471e-05,8.726201582395115e-05
2431,8.3000000000000007,25002.135563543092,4.2160100712616195,6.7612597768888865,0,0.0046746987596089726,4.6477261463998126e-05,2.8821047983291345e-05,3.6093697448676254e-05,4.3309764572654925e-05,5.6964586237292298e-05,6.8904814247189045e-05
2432,8.3000000000000007,26157.400844275006,4.0298061709757604,18.317831187554223,0,0.0036245678907363219,3.6036544430909059e-05,2.2346647446079879e-05,2.7985558761730045e-05,3.3580598472301448e-05,4.4167981896236823e-05,5.3425940382606187e-05
2433,8.3000000000000007,27390.555452857221,3.8483796183092855,35.175155170597989,0,0.0059638310163096951,5.9294202199098073e-05,3.676897030680124e-05,4.6047183659748645e-05,5.5253211073022329e-05,7.2673595391551938e-05,8.7906556018342894e-05
2434,8.3000000000000007,26477.043106374458,3.9811566161467731,6.8182896115563354,0,0.005121851411727032,5.092298765845983e-05,3.1577890446361319e-05,3.9546196394356436e-05,4.7452507685559024e-05,6.2413464790258947e-05,7.5495820859326361e-05
2435,8.3000000000000007,27132.760808316463,3.8849439643693384,18.373692338353713,0,0.003801783688338542,3.7798477206529947e-05,2.3439240844872075e-05,2.9353855139893973e-05,3.5222452817874176e-05,4.6327484594538317e-05,5.6038091933622893e-05
2436,8.3000000000000007,27867.428359812791,3.7825253905005143,35.181865668193566,0,0.0060776253256141881,6.0425579457533949e-05,3.7470549471009164e-05,4.6925798001041734e-05,5.6307483230250643e-05,7.4060261373475251e-05,8.958387816212723e-05
2437,8.3000000000000007,28319.280645722716,3.7221727718873665,6.9085937117036478,0,0.0056624430056498483,5.6297711923706795e-05,3.4910814570250047e-05,4.3720144372125144e-05,5.2460936221114945e-05,6.9000964446332499e-05,8.346411256716666e-05
2438,8.3000000000000007,28363.902328179236,3.7163171033142013,18.529765114890715,0,0.004018500486030566,3.9953140809028075e-05,2.4775370838752053e-05,3.1027141683088513e-05,3.7230272780109848e-05,4.8968335555430985e-05,5.9232486151757209e-05
2439,8.3000000000000007,28667.1912956548,3.6769997538936883,35.304096883288651,0,0.0062626426287371471,6.2265077148146393e-05,3.8611241704938697e-05,4.8354330384644716e-05,5.8021616322495751e-05,7.6314831060447051e-05,9.2311023494860873e-05
2440,8.3000000000000007,29973.591734373666,3.5167375426036389,7.0921860912963863,0,0.0061875079502945124,6.1518065570595275e-05,3.8148011819129864e-05,4.7774209933880339e-05,5.7325514733510187e-05,7.5399260648394511e-05,9.120354227995472e-05
2441,8.3000000000000007,29483.78370420598,3.5751603795651552,18.804686038362423,0,0.0042224386377857697,4.1980755269131593e-05,2.6032716297703535e-05,3.2601763348829874e-05,3.9119702194517521e-05,5.1453469471034364e-05,6.223852379979226e-05
2442,8.3000000000000007,29498.712315488177,3.5733510741620162,35.494392152895173,0,0.0064540443690242685,6.4168050833820402e-05,3.9791296083750053e-05,4.9832157483315634e-05,5.979489942305752e-05,7.8647199733004164e-05,9.5132275096146082e-05
2443,8.3000000000000007,24685.045771829755,4.2701664932393042,7.2563219166793136,0,0.0052145294640235955,5.184442073683893e-05,3.2149280974306416e-05,4.0261770541856063e-05,4.8311143681678723e-05,6.3542813904252652e-05,7.6861890483633047e-05
2444,8.3000000000000007,24088.90995660612,4.3758416436788021,19.033874616091161,0,0.0034766477659806776,3.45658780484125e-05,2.1434671459495991e-05,2.6843456456522411e-05,3.2210160266939827e-05,4.2365468165153378e-05,5.124560551102587e-05
2445,8.3000000000000007,23893.036374018877,4.4117145133369187,35.632565102742895,0,0.0052320573153512816,5.2018687908041019e-05,3.2257345914987531e-05,4.0397104388009561e-05,4.8473534276988457e-05,6.3756403452981978e-05,7.7120250091811864e-05
2446,8.3000000000000007,25366.068206048396,4.1555220337147771,7.6094096072840767,0,0.0059112540501016489,5.8771466183132933e-05,3.6444816100547159e-05,4.5641232985989888e-05,5.4766100320969214e-05,7.2032907022168328e-05,8.7131574297264221e-05
2447,8.3000000000000007,24540.6822161858,4.2952862683427497,19.424155948601499,0,0.0038125275262655711,3.7905295675513631e-05,2.3505480122383405e-05,2.9436809113083947e-05,3.5321991443816628e-05,4.6458406032172282e-05,5.6196455540506035e-05
2448,8.3000000000000007,24397.568244429887,4.3204820366887002,35.829090956780277,0,0.0056854926984575022,5.6526878904163899e-05,3.5052923471073654e-05,4.3898112767794342e-05,5.2674485119195179e-05,6.9281841628201338e-05,8.3803863828807107e-05
2449,8.3000000000000007,25302.960754098436,4.1658862124216975,7.8372645341658487,0,0.0062535613267046429,6.2174788111204571e-05,3.855525250540117e-05,4.8284212974976875e-05,5.7937480622364814e-05,7.6204168825428346e-05,9.2177165579762909e-05
2450,8.3000000000000007,24358.710058080782,4.3273742775216224,19.595006075774805,0,0.0040135242416567849,3.9903665490347149e-05,2.474469066335497e-05,3.098871972948375e-05,3.718416928053323e-05,4.8907696417735658e-05,5.9159136570991346e-05
2451,8.3000000000000007,24361.750934987977,4.3268341269985982,35.863511197662845,0,0.0060211056205031598,5.9863643545211532e-05,3.7122086988874235e-05,4.6489405146427828e-05,5.578384411510063e-05,7.3371527878234423e-05,8.8750780676652666e-05
2452,8.3000000000000007,28902.433556701289,3.6470719717131188,8.0546989783143559,0,0.0076338727193390795,7.5898259247251065e-05,4.7065324046851355e-05,5.8941700088622609e-05,7.0725676081819704e-05,9.3024261713428363e-05,0.00011252288302674347
2453,8.3000000000000007,28583.781769673478,3.6877295029862704,19.746658901840995,0,0.0049752235242136291,4.9465169087398754e-05,3.067388152535313e-05,3.8414071549184595e-05,4.6094041693512429e-05,6.0626697904824838e-05,7.3334533496841023e-05
2454,8.3000000000000007,28782.355068871297,3.6622873662255753,35.890642056249334,0,0.0073329111897166514,7.2906009174641796e-05,4.520979770549234e-05,5.6617953692867391e-05,6.7937352456349612e-05,8.9356827748182175e-05,0.00010808672588366417
2455,8.3000000000000007,27217.678451229149,3.8728231552822137,8.102182286026423,0,0.0079995350152400405,7.953378380360481e-05,4.9319751790281741e-05,6.1765005921861284e-05,7.4113434045049793e-05,9.7480121322726261e-05,0.00011791272606731706
2456,8.3000000000000007,27481.70624056676,3.8356153877864938,19.753873231124476,0,0.0052328452926007933,5.2026522214920781e-05,3.2262204052652817e-05,4.0403188419067572e-05,4.8480834663798374e-05,6.3766005525819412e-05,7.7131864835092812e-05
2457,8.3000000000000007,28062.641768058762,3.7562128401939718,35.866679062059262,0,0.0075432998985141093,7.4997757013527209e-05,4.6506912960016558e-05,5.8242380590182222e-05,6.988654446108211e-05,9.1920566367918995e-05,0.0001111878444037819
2458,8.3000000000000007,25250.61370170366,4.1745225119749874,7.891781776173822,0,0.0088244886031404596,8.773572056406428e-05,5.4405860684891059e-05,6.8134534043790657e-05,8.1756396193550401e-05,0.00010753277759349053,0.00013007249863447714
2459,8.3000000000000007,26115.280084424958,4.0363057565601839,19.436954078725798,0,0.0057477533048530625,5.7145892584223055e-05,3.5436780488749237e-05,4.4378831548997785e-05,5.3251312064375279e-05,7.0040532158776328e-05,8.4721581897759691e-05
2460,8.3000000000000007,27411.518021413991,3.8454366247283294,35.6262639213165,0,0.0080168770943348077,7.9706203971377127e-05,4.9426671384339634e-05,6.1898905406761984e-05,7.4274103513055807e-05,9.7691447102402908e-05,0.00011816834740253759
2461,8.3000000000000007,27455.505553000981,3.8392757013874905,7.5221055274277839,1,0.068039390679773132,0.00067646809197593094,0.00041948511430920044,0.00052533720525628816,0.00063036575050974119,0.00082910919766623903,0.0010028970458566733
2462,8.3000000000000007,25009.680860373399,4.2147381219070947,19.01039388056774,0,0.0076585311653902697,7.6143420936453234e-05,4.7217351438001197e-05,5.9132089787958151e-05,7.0954129624630215e-05,9.3324742717401798e-05,0.00011288634722671765
2463,8.3000000000000007,26604.169191581401,3.9621329491582693,35.333587160359116,0,0.0095841899275817734,9.5288899689890581e-05,5.9089668016793787e-05,7.4000244577411664e-05,8.8794814538573273e-05,0.0001167902878280842,0.00014127045626466056
2464,8.3000000000000007,25480.582833326444,4.1368463205276296,35.239132529382495,1,0.056115789935259251,0.00055792006612592955,0.00034597221286611612,0.00043327419544487213,0.00051989695505169425,0.00068381149661678815,0.00082714379699340358
2465,8.4000000000000004,35679.166525418448,4.1731504745469161,13.215151100037875,1,0.050458995426368863,0.00040973926112666305,0.00024721267974796936,0.00032803936503558799,0.00038908962141605827,0.00049625400258958144,0.00065011628936234665
2466,8.4000000000000004,35319.625469151877,4.2156316421597602,26.975297993692681,1,0.050478436284195266,0.00040989712559967031,0.00024730792592794683,0.00032816575214661214,0.000389239529989302,0.00049644519948972984,0.00065036676637333988
2467,8.4000000000000004,36549.238611694767,4.0738066338089514,13.098746523252826,0,0.0095147993170204975,7.7262474390981108e-05,4.661565329530092e-05,6.185673535556275e-05,7.336867555184475e-05,9.3576124633677144e-05,0.00012258916321540993
2468,8.4000000000000004,36108.716855774655,4.1235065569264782,26.86841463293678,0,0.0096975947295379408,7.8746817403150952e-05,4.7511218959901079e-05,6.3045108024240666e-05,7.4778212092396578e-05,9.5373880501591028e-05,0.00012494430870124728
2469,8.4000000000000004,35153.736491739888,4.2355250273886051,7.1985125288771767,0,0.0071044041883451172,5.7689482287166037e-05,3.4806455867246355e-05,4.6186496960718699e-05,5.4782104016785851e-05,6.9870376623432508e-05,9.1533508545507171e-05
2470,8.4000000000000004,36760.82252974432,4.0503590635523246,27.002419248793089,0,0.0085529378318720227,6.945192622408328e-05,4.1903225842461562e-05,5.560357022268331e-05,6.5951755774731392e-05,8.4116411694321868e-05,0.0001101964904259215
2471,8.4000000000000004,35629.224270681472,4.1790000698811332,7.2097889649915103,0,0.0063361746550895217,5.1451272456152751e-05,3.1042685305171293e-05,4.1192154006378852e-05,4.8858281401426167e-05,6.2314994722460529e-05,8.1635599771887415e-05
2472,8.4000000000000004,37022.071189752591,4.0217774406473836,27.134577408957512,0,0.0081663828814230368,6.6313006425076508e-05,4.0009385420890295e-05,5.3090534847619489e-05,6.2971028194726885e-05,8.031472203006668e-05,0.00010521609658539702
2473,8.4000000000000004,30798.61756661049,4.8344550009416176,7.2484796079151019,0,0.005189896886391725,4.2143219411824551e-05,2.5426751088866629e-05,3.3740078747632559e-05,4.0019326537350603e-05,5.1041584976802595e-05,6.686689811091602e-05
2474,8.4000000000000004,34827.882637011346,4.2751531084683068,18.56917148319091,0,0.0056988621245028202,4.6276140387374057e-05,2.7920313621153085e-05,3.7048916589614255e-05,4.3943960591937661e-05,5.604715503338757e-05,7.3424432386406051e-05
2475,8.4000000000000004,30760.613237929472,4.8404279058193014,7.3023655031421688,0,0.0050454551711416294,4.0970317708523622e-05,2.4719090875010904e-05,3.2801047596597568e-05,3.8905535590296263e-05,4.9621029955282956e-05,6.5005903631060554e-05
2476,8.4000000000000004,36692.164205251196,4.0579380895629864,27.250351279806729,0,0.0079140960475011287,6.4264376244279703e-05,3.8773361918005151e-05,5.1450390962326583e-05,6.1025642879988067e-05,7.7833532103939576e-05,0.00010196562005612045
2477,8.4000000000000004,30890.722468195436,4.820040414085093,7.2723480701566272,0,0.0049561900802302791,4.024546355545605e-05,2.4281756319582775e-05,3.2220725624370967e-05,3.8217211929967963e-05,4.8743125861434689e-05,6.3855807613838765e-05
2478,8.4000000000000004,36592.085445307202,4.0690364843932008,27.292298835651881,0,0.0076014435948846141,6.1725562622604141e-05,3.7241590427352115e-05,4.9417803686925859e-05,5.861477791140429e-05,7.4758658541369322e-05,9.7937389794349028e-05
2479,8.4000000000000004,30905.06296951402,4.8178038292257783,7.0863219155388757,0,0.0048414779975889145,3.9313973667743953e-05,2.3719749860484251e-05,3.1474970017593305e-05,3.7332666361241645e-05,4.7614955756676406e-05,6.2377851247849379e-05
2480,8.4000000000000004,36713.703506024976,4.0555573668168288,27.201487439007046,0,0.0072497298746765221,5.8869562049694121e-05,3.5518446901761184e-05,4.713127490298035e-05,5.5902711270238346e-05,7.1299625321541749e-05,9.3405892154187499e-05
2481,8.4000000000000004,35489.274778932137,4.1954796665886853,6.7848070082479675,0,0.0055124612563370234,4.4762520202305734e-05,2.7007083824617468e-05,3.5837104465363439e-05,4.250662236089643e-05,5.4213940239239891e-05,7.1022834024768029e-05
2482,8.4000000000000004,37135.201119485078,4.009525362146551,26.932015282494753,0,0.0069222688623625543,5.6210499337494393e-05,3.3914124150523562e-05,4.5002415585712823e-05,5.3377657407529497e-05,6.807911257292842e-05,8.9186867648496625e-05
2483,8.4000000000000004,35118.102972132911,4.239822715798172,6.67467071859563,0,0.0054349935852623828,4.4133463954968329e-05,2.6627548116496964e-05,3.5333478790389519e-05,4.1909268676866008e-05,5.3452061380629206e-05,7.002473657080506e-05
2484,8.4000000000000004,34515.626751005359,4.3138295529473902,17.793543404190068,0,0.0042703538307029094,3.4676307139227162e-05,2.0921653414613803e-05,2.7762030283484795e-05,3.2928724427845355e-05,4.1998065222135384e-05,5.5019458140660035e-05
2485,8.4000000000000004,34141.092551724185,4.3611530735699606,34.441999139427523,0,0.0065203018067504044,5.2946429512637897e-05,3.1944775530944203e-05,4.2389184454691806e-05,5.0278086990633584e-05,6.4125847975186637e-05,8.4007903453265823e-05
2486,8.4000000000000004,34646.46941402994,4.2975383418633193,6.5876641205006683,0,0.0053687159012503829,4.3595273112150407e-05,2.630283527325369e-05,3.4902600426767481e-05,4.1398201051308691e-05,5.2800233778922052e-05,6.9170811485033443e-05
2487,8.4000000000000004,34180.277020187656,4.3561534223098279,17.694119632480621,0,0.0040038798196529073,3.2512473644832458e-05,1.9616122977508913e-05,2.6029654031347836e-05,3.0873941703762787e-05,3.9377347281711254e-05,5.1586193292410659e-05
2488,8.4000000000000004,33941.08005625238,4.3868530544760951,34.380956561079735,0,0.006105337772473636,4.9576821073904499e-05,2.9911751091084278e-05,3.9691458565253644e-05,4.7078296792003245e-05,6.004476072403314e-05,7.8661485517211096e-05
2489,8.4000000000000004,34108.889014377528,4.3652706089086228,6.4997466954510008,0,0.0053070090826542625,4.3094198803309953e-05,2.6000516373422857e-05,3.4501437751617202e-05,4.0922379396844933e-05,5.2193359713026726e-05,6.837577766410444e-05
2490,8.4000000000000004,33684.336555795395,4.4202898421453725,17.59245080270372,0,0.0038309173789721229,3.1107976744956128e-05,1.8768731782041292e-05,2.4905206571851255e-05,2.9540227269001861e-05,3.7676296700735015e-05,4.9357736320877597e-05
2491,8.4000000000000004,33505.429812818023,4.4438925734964458,34.316658269418085,0,0.0058168790179342952,4.7234466138936812e-05,2.8498511269247347e-05,3.781615712735398e-05,4.4853989576818234e-05,5.7207827283076316e-05,7.4944968104397123e-05
2492,8.4000000000000004,36212.936834250024,4.1116392022688615,12.376659973608477,0,0.0050349833459436659,4.0885283952242794e-05,2.4667786485235278e-05,3.2732969132892986e-05,3.8824787282340821e-05,4.9518041674898127e-05,6.4870984097228668e-05
2493,8.4000000000000004,35941.061255553592,4.1427416307575324,26.224156031580954,0,0.0052796999897963982,4.2872442356613564e-05,2.5866721517424779e-05,3.4323898397036434e-05,4.0711798815295551e-05,5.1924780314580684e-05,6.8023925908741736e-05
2494,8.4000000000000004,35113.597665067806,4.24036671312418,12.465372758443362,0,0.0047971785476410471,3.8954251407390125e-05,2.3502714510484985e-05,3.1186974521259461e-05,3.699107303256931e-05,4.7179279636623139e-05,6.1807094858873577e-05
2495,8.4000000000000004,34911.803749271385,4.2648764809264792,26.333978920874674,0,0.0049433217467261476,4.0140969571432756e-05,2.421871076779233e-05,3.2137067202000638e-05,3.811798413185049e-05,4.8616568407127034e-05,6.369001134387157e-05
2496,8.4000000000000004,34224.744433971202,4.350493573567694,12.561291549045544,0,0.0048173158217840609,3.9117770949520205e-05,2.3601372628064401e-05,3.1317889109780373e-05,3.7146351676276953e-05,4.7377325650228318e-05,6.2066544533467916e-05
2497,8.4000000000000004,34091.721212405129,4.3674688581815992,26.447040617063145,0,0.0048694040570206581,3.9540740032414035e-05,2.3856567407654732e-05,3.1656520338334489e-05,3.7548004375804278e-05,4.788960289644715e-05,6.2737652032246086e-05
2498,8.4000000000000004,33600.756929613664,4.4312850162539599,12.552767395308308,0,0.0050343776278329927,4.0880365374514066e-05,2.4664818903418674e-05,3.2729031294203636e-05,3.882011658629594e-05,4.951208455993136e-05,6.4863179993972478e-05
2499,8.4000000000000004,33527.040390784437,4.4410281665635774,26.441051701366966,0,0.005023411420431825,4.0791317115032302e-05,2.4611092397462554e-05,3.2657738798537981e-05,3.8735556094156998e-05,4.9404234130685336e-05,6.472189081443603e-05
2500,8.4000000000000004,33325.364873299914,4.4679039909412017,12.595559025272392,0,0.0053479001865564561,4.342624446846766e-05,2.6200853286357736e-05,3.476727522313908e-05,4.1237690948376034e-05,5.2595515439875894e-05,6.8902620747526825e-05
2501,8.4000000000000004,33189.236121538379,4.4862295164534478,26.469173793791526,0,0.0053263156895813754,4.3250973126507124e-05,2.6095104820833725e-05,3.4626952083082712e-05,4.1071252760585608e-05,5.2383236282765106e-05,6.8624524979614263e-05
2502,8.4000000000000004,32963.138109133775,4.5170010884288709,12.663970332520289,0,0.0056424136137369855,4.5817764811375037e-05,2.7643756636688992e-05,3.6681938740127532e-05,4.3508685781216771e-05,5.5491995360249736e-05,7.2697146873703641e-05
2503,8.4000000000000004,32804.598614749848,4.5388310482189951,26.5141489334952,0,0.0056150779061610173,4.5595792246723092e-05,2.7509831387770332e-05,3.6504226360397259e-05,4.3297899973413802e-05,5.5223154211440346e-05,7.2344952212945589e-05
2504,8.4000000000000004,32688.92426419969,4.5548923394843861,12.670967089081563,0,0.0058040806538384631,4.7130540323451479e-05,2.8435808517086182e-05,3.7732953583644567e-05,4.4755301313234814e-05,5.7081957963731193e-05,7.4780073323881091e-05
2505,8.4000000000000004,32453.081598772798,4.5879936012800346,26.511600202860727,0,0.005761634172311997,4.6785864615361735e-05,2.8227851375740743e-05,3.7457004434631973e-05,4.4427996235358734e-05,5.6664505412895317e-05,7.4233190675241335e-05
2506,8.4000000000000004,32682.963536217263,4.5557230620164733,12.649516411147271,0,0.0058240324179273948,4.7292553479022549e-05,2.8533557769215498e-05,3.7862662151319551e-05,4.4909149487784245e-05,5.7278179523518362e-05,7.5037132877408207e-05
2507,8.4000000000000004,32134.616011961905,4.6334622657872551,26.492006675832744,0,0.0057257592123632194,4.6494551253727127e-05,2.8052089949857226e-05,3.7223777455322667e-05,4.4151364200439309e-05,5.6311682446110328e-05,7.3770975848214999e-05
2508,8.4000000000000004,32751.37948404919,4.5462063907721539,12.554903866382274,0,0.005856652048800922,4.7557432780312779e-05,2.8693370430813202e-05,3.8074725885625589e-05,4.516067966035442e-05,5.7598986988018997e-05,7.5457405877389199e-05
2509,8.4000000000000004,31922.457335673007,4.6642565499053976,26.391536687537481,0,0.0057082399659716971,4.6352290730874799e-05,2.7966258279784979e-05,3.7109882947245049e-05,4.4016273184687342e-05,5.6139384205317313e-05,7.3545256977669885e-05
2510,8.4000000000000004,32547.118788281023,4.5747376806391751,12.343696516183281,0,0.0058391285727382352,4.7415137911506412e-05,2.8607518038403257e-05,3.7960803880000085e-05,4.5025556029582312e-05,5.7426647149266543e-05,7.5231632511543492e-05
2511,8.4000000000000004,31756.190886316457,4.6886772802825716,26.181837577428116,0,0.0056975944565026779,4.6265846616256672e-05,2.7914102962365732e-05,3.7040675343383949e-05,4.3934185596258715e-05,5.603468777529593e-05,7.3408099686766829e-05
2512,8.4000000000000004,32365.308874165203,4.6004359573975746,12.169434220213519,0,0.005820868098807875,4.7266858441556078e-05,2.8518054888064095e-05,3.784209057184267e-05,4.4884749403758585e-05,5.724705908572003e-05,7.4996363627308045e-05
2513,8.4000000000000004,31669.60248113643,4.7014966735270978,26.03075517883979,0,0.0056961032197381349,4.6253737412636866e-05,2.7906796977900796e-05,3.7030980652532001e-05,4.3922686660474226e-05,5.6020021763676794e-05,7.3388886515681403e-05
2514,8.4000000000000004,32369.416861665821,4.5998521182295367,12.086627561477707,0,0.0058414752380804326,4.743419340231234e-05,2.8619015005848098e-05,3.7976059804187654e-05,4.504365118034523e-05,5.7449726127731407e-05,7.526186706837036e-05
2515,8.4000000000000004,31669.724257645779,4.7014785953193758,25.961591119852795,0,0.0057152761113240603,4.6409425934885434e-05,2.8000730316593404e-05,3.715562568615977e-05,4.4070528944403654e-05,5.6208583270110576e-05,7.3635911035865856e-05
2516,8.4000000000000004,32432.989607239349,4.5908358285834305,12.128584625565669,0,0.0058708842776172936,4.7673001924528403e-05,2.8763098085808148e-05,3.8167251138348401e-05,4.5270424463541184e-05,5.7738958076547725e-05,7.564077464462827e-05
2517,8.4000000000000004,31683.7332687085,4.69939982937679,26.013017079448229,0,0.0057350008364978038,4.6569595479489422e-05,2.809736724180942e-05,3.728385824938902e-05,4.4222626420493654e-05,5.6402571948139918e-05,7.3890045408345757e-05
2518,8.4000000000000004,32749.836823832593,4.5464205369302926,12.366770249239194,0,0.0059448526895784469,4.8273643340545133e-05,2.9125489948410761e-05,3.8648127752862752e-05,4.5840795339210108e-05,5.8466422430341323e-05,7.6593787464401537e-05
2519,8.4000000000000004,31956.154886088101,4.6593381227416906,26.28378555121326,0,0.0058004744311166284,4.710125692173059e-05,2.8418140627043987e-05,3.7709509141244323e-05,4.4727493707837112e-05,5.7046491493485046e-05,7.473361056506627e-05
2520,8.4000000000000004,33149.309339300758,4.4916329686683349,12.640660611182287,0,0.006033956421292566,4.8997187217859276e-05,2.9562033960166496e-05,3.9227400711565501e-05,4.6527874757784644e-05,5.9342739589158405e-05,7.7741804521436517e-05
2521,8.4000000000000004,32262.554931077993,4.6150880187595051,26.58871198611827,0,0.0058726309820404214,4.7687185587395487e-05,2.8771655677522377e-05,3.8178606651969429e-05,4.5283893311998782e-05,5.775613656085947e-05,7.5663279274151341e-05
2522,8.4000000000000004,33707.604214786072,4.4172386078888044,12.820954557098791,0,0.0061525968247920304,4.9960576022152356e-05,3.0143286357834247e-05,3.9998694755425755e-05,4.744271163260145e-05,6.0509543934111436e-05,7.9270373575175872e-05
2523,8.4000000000000004,32986.166676353154,4.5138476434040058,26.775629653186595,0,0.0060213038551677608,4.8894445317202557e-05,2.9500045512894183e-05,3.9145145016172029e-05,4.6430310743244837e-05,5.9218304163335748e-05,7.7578788209469436e-05
2524,8.4000000000000004,34207.352846168491,4.3527054369442642,12.964160224912712,0,0.0062609545417399801,5.0840466921772277e-05,3.0674161008661642e-05,4.0703139946297233e-05,4.8278258648718892e-05,6.1575220138968827e-05,8.0666459967121035e-05
2525,8.4000000000000004,33946.702266418906,4.3861265093864317,26.932660554380188,0,0.0062138371087577275,5.0457861956825937e-05,3.0443319574503778e-05,4.0396824438685524e-05,4.7914935835685227e-05,6.1111829726385016e-05,8.0059396539958679e-05
2526,8.4000000000000004,35212.143049661099,4.2284995408259158,13.120025352457942,0,0.006458681613040934,5.2446058618852603e-05,3.1642881030572397e-05,4.1988584937261434e-05,4.9802933301198994e-05,6.3519825847510873e-05,8.3213985711826701e-05
2527,8.4000000000000004,35373.931792662537,4.2091597730697545,27.113612701530098,0,0.0064887129829113641,5.268992061406983e-05,3.1790013080258263e-05,4.218382210796215e-05,5.0034505377391874e-05,6.3815178289142332e-05,8.3600911424074016e-05
2528,8.4000000000000004,36535.532520854686,4.0753348984854298,13.330476134360175,0,0.0067190678709771025,5.4560458083859547e-05,3.2918585868729106e-05,4.3681384050593293e-05,5.1810773323899559e-05,6.6080671968767973e-05,8.6568815636204181e-05
2529,8.4000000000000004,36547.134081498676,4.0740412198931786,27.309093817781868,0,0.0067208727510758579,5.4575114147299521e-05,3.292742847928976e-05,4.369311777054864e-05,5.182469076534666e-05,6.6098422599069538e-05,8.6592069804120763e-05
2530,8.4000000000000004,29891.612100528677,4.9811475612703742,13.39763286709587,0,0.005501631443856226,4.4674579502604377e-05,2.6954025555384726e-05,3.5766698687768451e-05,4.2423113610820164e-05,5.4107431226417139e-05,7.088330216439281e-05
2531,8.4000000000000004,29954.085766828637,4.9707586429453059,27.375426531187344,0,0.0055127581626634118,4.4764931153569628e-05,2.7008538451447837e-05,3.583903468537595e-05,4.2508911807389656e-05,5.4216860252839433e-05,7.1026659381130542e-05
2532,8.4000000000000004,31233.399883515529,4.7671573146787809,7.3020631428575085,0,0.0065900457717080769,5.3512767396068429e-05,3.2286470650471391e-05,4.2842597484151822e-05,5.0815883129699294e-05,6.4811765748108165e-05,8.4906488280818789e-05
2533,8.4000000000000004,31216.247355208499,4.7697767455108613,18.767296258491115,0,0.0043908055947994903,3.5654404630176114e-05,2.1511780172609565e-05,2.8545100177718367e-05,3.3857528715271642e-05,4.3182683931779118e-05,5.6571364857389795e-05
2534,8.4000000000000004,31539.601428571292,4.7208754699768312,35.234563268690984,0,0.0066545953298934955,5.4036925438721893e-05,3.260271692372212e-05,4.3262241115610388e-05,5.1313625166470276e-05,6.544659758223864e-05,8.5738148104659706e-05
2535,8.4000000000000004,31477.328288124645,4.7302150091677699,7.2674304531983509,0,0.0064720501385670719,5.2554614283212301e-05,3.1708377162464639e-05,4.2075495161850737e-05,4.9906018083048174e-05,6.3651302589071208e-05,8.3386226481502366e-05
2536,8.4000000000000004,31650.163079675567,4.7043843136657442,18.683586765894972,0,0.0043386870950236928,3.5231189791895655e-05,2.1256437118608024e-05,2.8206272196134621e-05,3.3455642645698e-05,4.2670109039945513e-05,5.5899867428733749e-05
2537,8.4000000000000004,32238.274872220623,4.6185638439756982,35.151743473261881,0,0.0066296108311285759,5.3834045258943118e-05,3.2480310901968308e-05,4.3099814197648127e-05,5.112096954414624e-05,6.5200880095990266e-05,8.5416246539014583e-05
2538,8.4000000000000004,31209.2115014958,4.7708520514801274,7.2219354478238751,0,0.006251522611146967,5.0763877361486273e-05,3.062795135233786e-05,4.06418219494436e-05,4.8205528974403176e-05,6.1482459011455695e-05,8.0544938488803048e-05
2539,8.4000000000000004,31608.149186677645,4.7106374320627795,18.557497948203686,0,0.004221544112726008,3.4279960410350249e-05,2.0682521004686618e-05,2.7444713048819012e-05,3.2552352394898922e-05,4.1518031529299555e-05,5.439059122668689e-05
2540,8.4000000000000004,32455.365900057997,4.5876706851954596,35.024482983596329,0,0.0065029364365087796,5.2805418501382685e-05,3.1859697743010194e-05,4.2276290312041205e-05,5.0144182514811762e-05,6.3955063075169525e-05,8.3784167130941244e-05
2541,8.4000000000000004,34909.719553898263,4.2651311044508757,7.250282901647874,0,0.006603755445877834,5.3624093270020884e-05,3.2353638164634899e-05,4.2931725552824031e-05,5.0921598510819643e-05,6.4946597617499403e-05,8.5083124427145072e-05
2542,8.4000000000000004,31357.952441991823,4.7482223526049463,18.431380522037966,0,0.0040757106230281705,3.3095757161525983e-05,1.9968042099972626e-05,2.6496633822168319e-05,3.1427829466591437e-05,4.0083788687906422e-05,5.2511665053345456e-05
2543,8.4000000000000004,32923.697430540145,4.5224121935610215,34.936232374185138,0,0.0064195676547686318,5.2128443806531997e-05,3.1451250849306578e-05,4.1734300880925085e-05,4.9501325330456469e-05,6.3135147988077939e-05,8.271003946399922e-05
2544,8.4000000000000004,33772.42700232163,4.4087601612627045,7.2337254795022323,0,0.0058742417709842076,4.7700265583659401e-05,2.8779547381428429e-05,3.8189078564417568e-05,4.5296314115366409e-05,5.7771978343953376e-05,7.5684032761656021e-05
2545,8.4000000000000004,31081.038866392559,4.7905261904866938,18.459989791209807,0,0.0037215649807794725,3.0220008792774694e-05,1.8232983910613297e-05,2.4194294851054494e-05,2.8697010259741271e-05,3.6600838007248739e-05,4.7948834404674792e-05
2546,8.4000000000000004,33625.950199951709,4.4279650041592653,35.013309202330532,0,0.0060776835472597934,4.9352262068906375e-05,2.9776265335497966e-05,3.9511675468046766e-05,4.6865054892752405e-05,5.9772787018751814e-05,7.8305187058843069e-05
2547,8.4000000000000004,33221.453095222911,4.4818789319723873,7.2379464511929266,0,0.0055219930584884183,4.4839920743828941e-05,2.7053782779536462e-05,3.5899071737976924e-05,4.2580122145407818e-05,5.4307683583306741e-05,7.1145642253375032e-05
2548,8.4000000000000004,31150.470969615893,4.7798484607895606,18.663491088013139,0,0.0035915265432485497,2.9164065192198334e-05,1.759588936799268e-05,2.3348900960085909e-05,2.7694283075006204e-05,3.532193630558124e-05,4.6273412494909583e-05
2549,8.4000000000000004,34120.898068166491,4.3637342258556027,35.209563186677904,0,0.0059780492947569463,4.8543207812901706e-05,2.9288129367911045e-05,3.8863942459280814e-05,4.6096774564164131e-05,5.8792904320299981e-05,7.7021494230969362e-05
2550,8.4000000000000004,32375.022026971972,4.5990557347866146,7.2441734582195281,0,0.0052740524078522975,4.2826582623708169e-05,2.5839052439697405e-05,3.4287182858423843e-05,4.0668250276487385e-05,5.1869237489737844e-05,6.7951162172834109e-05
2551,8.4000000000000004,35648.599760543591,4.1767287275554406,18.820277875074101,0,0.004038772788562738,3.2795813001449101e-05,1.9787073355646131e-05,2.6256496981126534e-05,3.1143001599793014e-05,3.9720512565471315e-05,5.2035756096442237e-05
2552,8.4000000000000004,33868.126754413359,4.3963025116996164,35.414304274378154,0,0.0059438204281183843,4.8265261127535108e-05,2.9120432611862809e-05,3.8641416909909019e-05,4.5832835564797153e-05,5.8456270347903959e-05,7.658048775471852e-05
2553,8.4000000000000004,32061.895421706333,4.6439715668271075,7.2891965584936447,0,0.005116070764986865,4.1543733429579512e-05,2.5065056347350693e-05,3.3260127179353125e-05,3.94500528650289e-05,5.0315520021817764e-05,6.5915718569980097e-05
2554,8.4000000000000004,35310.717372310319,4.2166951508537567,18.908895040724278,0,0.0039415479780156026,3.2006323997552981e-05,1.9310741915627298e-05,2.5624428014075307e-05,3.0393300492817266e-05,3.8764326240766637e-05,5.0783106642508997e-05
2555,8.4000000000000004,33571.477836466867,4.4351497256773253,35.550778134757486,0,0.0058750218475834394,4.7706599994534823e-05,2.8783369194068087e-05,3.8194149926424066e-05,4.5302329290779757e-05,5.7779650239349314e-05,7.5694083308636313e-05
2556,8.4000000000000004,32165.752510130744,4.628977067149088,7.2914947279348894,0,0.0050242204231555863,4.0797886413043141e-05,2.4615055927246975e-05,3.2662998212396151e-05,3.874179431909297e-05,4.9412190508658776e-05,6.4732314047090826e-05
2557,8.4000000000000004,35339.545945596838,4.2132553413731699,18.954590944181223,0,0.0038849379094483606,3.1546636533086534e-05,1.9033393414473608e-05,2.5256399859917591e-05,2.9956779908904594e-05,3.8207577679365757e-05,5.0053739610793363e-05
2558,8.4000000000000004,33421.138057925695,4.4551005551912572,35.61827285171497,0,0.0058306858476366999,4.734658093933985e-05,2.8566154775439139e-05,3.7905916814610148e-05,4.4960454124843249e-05,5.734361465745814e-05,7.5122856007597328e-05
2559,8.4000000000000004,32712.675972075136,4.5515851666825071,7.1636941860397387,0,0.0049980168136534789,4.0585106758879947e-05,2.4486677142268231e-05,3.2492645724200957e-05,3.8539738126440725e-05,4.9154483315167568e-05,6.4394705396076979e-05
2560,8.4000000000000004,35667.62920069445,4.1745003537854837,18.835601606144504,0,0.0038596223813176173,3.1341068314701007e-05,1.890936558761034e-05,2.5091820884387494e-05,2.9761571717122183e-05,3.7958604586334553e-05,4.9727573045792621e-05
2561,8.4000000000000004,33300.81220024878,4.471198174436001,35.607042768216182,0,0.0057908195396273203,4.702285686497837e-05,2.8370838623157867e-05,3.7646741651585087e-05,4.4653044780690523e-05,5.6951537590704148e-05,7.4609216447105983e-05
2562,8.4000000000000004,33964.768875461261,4.3837934320395506,6.9969607225128501,0,0.0051972542344025209,4.2202962859198453e-05,2.5462796787006645e-05,3.3787909659631773e-05,4.0076059092724678e-05,5.11139430047013e-05,6.6961690560664761e-05
2563,8.4000000000000004,30499.372962112273,4.8818882572422746,18.712643667609502,0,0.0032779286865673336,2.6617574660594951e-05,1.6059486079375684e-05,2.131016751101553e-05,2.5276128089914733e-05,3.2237764885469276e-05,4.223300159859919e-05
2564,8.4000000000000004,32985.882660358955,4.5138865086646174,35.446105741747836,0,0.0057187533883977975,4.6437662266720552e-05,2.8017766465972935e-05,3.7178231839010868e-05,4.4097342249122599e-05,5.6242781586017858e-05,7.3680712452326111e-05
2565,8.4000000000000004,35418.178449911262,4.2039014210614063,6.90001474150018,0,0.005428679578425865,4.4082192690566752e-05,2.6596614037512369e-05,3.5292430751759735e-05,4.1860581331648762e-05,5.3389964401913647e-05,6.9943386582346502e-05
2566,8.4000000000000004,31154.327254401916,4.7792568108159212,18.474126100585551,0,0.0033540917204350909,2.7236036937904414e-05,1.6432630006262983e-05,2.1805311598963559e-05,2.5863421708487605e-05,3.2986812901325903e-05,4.3214290039764026e-05
2567,8.4000000000000004,32929.221993879502,4.5216534646540749,35.301958760165213,0,0.0057186462886032246,4.6436792590455216e-05,2.8017241754234361e-05,3.7177535571708869e-05,4.4096516401953587e-05,5.6241728281224843e-05,7.3679332573070669e-05
2568,8.4000000000000004,30940.335715440866,4.8123114140187617,6.8302361075637039,0,0.004733876218864232,3.8440221169541697e-05,2.319257876166614e-05,3.0775439262545828e-05,3.6502948389373291e-05,4.6556714051175121e-05,6.0991504402808495e-05
2569,8.4000000000000004,32077.676292824141,4.6416869276250079,18.406385254517911,0,0.0034587369775755743,2.8085781764943609e-05,1.6945316281961119e-05,2.2485621688696558e-05,2.6670341924392243e-05,3.4015977815711869e-05,4.4562544908825247e-05
2570,8.4000000000000004,33225.408565081598,4.4813453663131133,35.221425437232362,0,0.0057787752308423737,4.6925054161206223e-05,2.831183019809353e-05,3.7568440302683443e-05,4.4560171042207335e-05,5.6833084252653122e-05,7.4454036953954371e-05
2571,8.4000000000000004,32905.601713748554,4.5248991953481772,6.9197426758836995,0,0.0051820927254516737,4.2079847735272722e-05,2.5388516329675082e-05,3.3689343056646684e-05,3.9959148604754507e-05,5.0964832634219691e-05,6.6766348900432109e-05
2572,8.4000000000000004,33285.061906703268,4.4733139188484614,18.521933193999946,0,0.0036671184045040895,2.9777889409591457e-05,1.796623496108693e-05,2.384033179335151e-05,2.8277172378083433e-05,3.6065366954453309e-05,4.7247341918795093e-05
2573,8.4000000000000004,33970.199969203888,4.3830925591244867,35.27598393613841,0,0.0059442391020270427,4.826866086105214e-05,2.9122483812011077e-05,3.864413875409146e-05,4.5836063961859761e-05,5.8460387921018441e-05,7.65858819708667e-05
2574,8.4000000000000004,34873.09653716164,4.2696102583928184,7.0432978567896356,0,0.0056475685235035204,4.5859623926901757e-05,2.7669011976127998e-05,3.6715451363839943e-05,4.3548435321859564e-05,5.5542692853987275e-05,7.2763562995964892e-05
2575,8.4000000000000004,34622.296251467109,4.3005388676575453,18.726877478587266,0,0.0038952531979893779,3.1630399173808788e-05,1.9083930887545572e-05,2.5323460661952223e-05,3.0036321161743814e-05,3.8309026453426589e-05,5.0186642318295215e-05
2576,8.4000000000000004,34924.246890796538,4.2633569503320077,35.439019596838136,0,0.0061471171113431635,4.9916079422076345e-05,3.0116439714644095e-05,3.9963070547984558e-05,4.7400457528783645e-05,6.0455652061927568e-05,7.9199772665584941e-05
2577,8.4000000000000004,36419.085289711264,4.0883654691638434,7.2632707574900586,0,0.0060612698434030611,4.9218978819135318e-05,2.9695850026379626e-05,3.9404968211083997e-05,4.6738488722227461e-05,5.9611361564927442e-05,7.8093712055112517e-05
2578,8.4000000000000004,35693.495450167968,4.1714751900626128,18.982553604596774,0,0.0040995874564747192,3.3289642830706796e-05,2.0085021360664222e-05,2.6651859688570985e-05,3.1611943874891311e-05,4.0318612510039483e-05,5.2819295402123292e-05
2579,8.4000000000000004,35701.600243160858,4.1705282032984297,35.579223230124093,0,0.0063211648705007823,5.132938937078624e-05,3.0969148187769958e-05,4.1094573779816557e-05,4.8742540860937378e-05,6.2167376530357623e-05,8.144221293613087e-05
2580,8.4000000000000004,31130.53932716736,4.7829088070777317,7.4287963510351345,0,0.0052724072431728792,4.2813223488147088e-05,2.5830992319483178e-05,3.4276487465615184e-05,4.0655564401612682e-05,5.1853057628244726e-05,6.7929965786585504e-05
2581,8.4000000000000004,36036.924993012217,4.1317213037977023,19.256657666360461,0,0.0042566096673635114,3.456470120486593e-05,2.0854316928397297e-05,2.7672677997005359e-05,3.2822743100527603e-05,4.1862894158744436e-05,5.4842377634100247e-05
2582,8.4000000000000004,35894.960104474019,4.1480622985406219,35.687349460195783,0,0.0063934244138810726,5.1916154360136736e-05,3.1323167826993118e-05,4.1564340855596363e-05,4.9299734640559117e-05,6.2878034507686778e-05,8.2373208605316606e-05
2583,8.4000000000000004,31241.16090599621,4.7659730432235836,7.7048351795202397,0,0.005616300205308746,4.5605717611773154e-05,2.7515819771907004e-05,3.6512172658830598e-05,4.3307325129595139e-05,5.5235175276055228e-05,7.2360700377959518e-05
2584,8.4000000000000004,35482.06264281497,4.1963324459419269,19.467966610570343,0,0.0043731437950624312,3.551098653963982e-05,2.1425250093972908e-05,2.8430278914984649e-05,3.3721338469802998e-05,4.3008983707698346e-05,5.634380932221722e-05
2585,8.4000000000000004,35510.230775678538,4.1930037474993949,35.756265671954736,0,0.0063657974975850299,5.1691817110163796e-05,3.1187815865405147e-05,4.1384735296606001e-05,4.9086703320539948e-05,6.260632938008224e-05,8.2017261996448487e-05
2586,8.4000000000000004,35330.992164075389,4.2142753881784456,7.9500838148487176,0,0.0074753173255979318,6.0701386775472998e-05,3.6623662687144259e-05,4.85978432231571e-05,5.7642217479855754e-05,7.3518232222210018e-05,9.6312372461227004e-05
2587,8.4000000000000004,34736.082868060286,4.2864513906919672,19.666071996906009,0,0.0046009323988827023,3.7360685159949997e-05,2.2541249940791699e-05,2.9911157167279298e-05,3.5477817782845469e-05,4.5249238501416038e-05,5.9278649396288057e-05
2588,8.4000000000000004,34885.126678262401,4.2681378826629723,35.866630926184889,0,0.0065162676724986627,5.291367136567862e-05,3.1925011183073046e-05,4.2362958113338246e-05,5.0246979756819498e-05,6.408617308169154e-05,8.3955927460316085e-05
2589,8.4000000000000004,33771.494342668069,4.4088819169861244,8.0379550020586112,0,0.0081613604474347692,6.6272223044947331e-05,3.9984779117205378e-05,5.3057883463212746e-05,6.2932300175618113e-05,8.0265327408783412e-05,0.0001051513872878688
2590,8.4000000000000004,33740.100163854629,4.4129842529779264,19.746967575448732,0,0.0050496853337621888,4.1004667653304485e-05,2.4739815620487142e-05,3.2828548339494251e-05,3.8938154400057618e-05,4.9662632748091641e-05,6.5060405263584929e-05
2591,8.4000000000000004,34319.697363200496,4.3384569840828933,35.907838079146984,0,0.0070039773295223606,5.6873991875920071e-05,3.4314436700426584e-05,4.5533611132882343e-05,5.4007711896031687e-05,6.8882698802319011e-05,9.0239603737088251e-05
2592,8.4000000000000004,31696.107257041265,4.6975652091760143,7.9296004948879224,0,0.009563058536522874,7.765435093894583e-05,4.6852088659796767e-05,6.2170473740342402e-05,7.3740802687697352e-05,9.4050744285486306e-05,0.0001232109374787559
2593,8.4000000000000004,32324.991830386942,4.6061738081251704,19.50944363823292,0,0.005938463409716814,4.822176084095282e-05,2.909418708590017e-05,3.86065903561878e-05,4.5791527563237205e-05,5.8403585156665767e-05,7.6511467654420315e-05
2594,8.4000000000000004,33614.405949086671,4.4294857074823311,35.68911637047519,0,0.0080075428588596044,6.5023186979949946e-05,3.9231183887202724e-05,5.2057898749661871e-05,6.1746211812182988e-05,7.8752562571629846e-05,0.00010316959357441544
2595,8.4000000000000004,33330.598252948788,4.4672024662448289,7.6027386618616557,1,0.066152694045722021,0.00053717589402637266,0.00032410048256815505,0.00043006579038654081,0.00051010382716520464,0.00065059835069800032,0.00085231470862483379
2596,8.4000000000000004,34959.835209873461,4.2590169496833665,19.040760220401832,1,0.042147954309118781,0.00034225159479877194,0.00020649457331858016,0.00027400839141333779,0.00032500313268278791,0.00041451659610196399,0.00054303640863485707
2597,8.4000000000000004,32403.204994363863,4.5950556663418567,35.376398922621682,0,0.0099874819928373274,8.1100772175152818e-05,4.8931457444228821e-05,6.4929696351477567e-05,7.701353454734091e-05,9.8224863036944549e-05,0.00012867923109431413
2598,8.4000000000000004,30794.209561792624,4.8351470239303271,35.304405852930877,1,0.051761491667320261,0.00042031584599281339,0.00025359397179245947,0.00033650703341131738,0.00039913317787225325,0.00050906378937721607,0.0006668977178454278
2599,8.5,43301.163815029489,4.8571238344806655,13.221506290932339,1,0.051901555930340092,0.00034449971886454554,0.00019841739794630879,0.0002598058806607449,0.0003316478825564277,0.00043021201149336704,0.00055158241403595516
2600,8.5,42846.776996346089,4.9086332641698371,26.985262830208871,1,0.051352336881512424,0.00034085424418609607,0.00019631775733597345,0.00025705663093020036,0.00032813840521343974,0.00042565953464539452,0.00054574560310887072
2601,8.5,44434.001114040053,4.7332922886450515,13.184914538438372,0,0.0096220811585562213,6.3867146072912314e-05,3.6784799069826643e-05,4.8165671035817804e-05,6.1484531336676625e-05,7.9757433390451621e-05,0.00010225841322771966
2602,8.5,43724.854108990396,4.810058698022897,26.962904518578732,0,0.0094673967264665964,6.284041879253715e-05,3.6193447192838225e-05,4.7391360432153234e-05,6.0496106934991608e-05,7.8475254089983195e-05,0.00010061450851356637
2603,8.5,44995.380316303999,4.6742379628364343,13.273455472988552,0,0.0077766919488168338,5.161826349983221e-05,2.9729956134363896e-05,3.8928125836948152e-05,4.969260308073046e-05,6.4461001719391805e-05,8.2646588169717298e-05
2604,8.5,44087.969329581167,4.7704423230401805,27.081720958759011,0,0.0076191454262905852,5.0572538920953988e-05,2.9127662609732315e-05,3.8139488342440164e-05,4.868589008988898e-05,6.315509855050085e-05,8.0972266665085883e-05
2605,8.5,37957.346984749922,5.540932955910514,13.315826458980744,0,0.0058423725662450085,3.877910152201771e-05,2.2335137004044671e-05,2.9245418995890869e-05,3.7332416263232889e-05,4.8427427821073031e-05,6.2089660050115267e-05
2606,8.5,44057.123926829423,4.7737822191033583,27.145246080928388,0,0.006705482960665767,4.4508049005328158e-05,2.5634770618713785e-05,3.35659283160911e-05,4.2847640799203981e-05,5.5581750119675361e-05,7.1262342957215303e-05
2607,8.5,37919.797095979411,5.5464198369624533,13.367781871391477,0,0.0055004659937153031,3.6509675952724342e-05,2.1028043001831384e-05,2.7533922363708983e-05,3.5147653421752897e-05,4.5593364146600001e-05,5.8456056986195355e-05
2608,8.5,44097.933348040417,4.769364431815883,27.172341755724929,0,0.0062856949560345307,4.1721680716634315e-05,2.402993927840107e-05,3.146457720475997e-05,4.0165220198068349e-05,5.2102127232924504e-05,6.6801057031825971e-05
2609,8.5,37794.347517446775,5.5648298923441679,13.420320233940581,0,0.0054479809883336916,3.6161303552813306e-05,2.0827395101930376e-05,2.7271195884700239e-05,3.481227733159991e-05,4.5158315922443313e-05,5.7898273978534962e-05
2610,8.5,44119.236972501407,4.7670614738377939,27.249430198508211,0,0.0061629380395237252,4.0906874253348126e-05,2.3560644909140208e-05,3.085008755739578e-05,3.9380810738656255e-05,5.1084595117939006e-05,6.5496461145731177e-05
2611,8.5,37812.266634056134,5.5621927366106281,13.448961487449591,0,0.0056317920351927429,3.7381360501628678e-05,2.1530096764294991e-05,2.8191306853405764e-05,3.5986819084511965e-05,4.6681925740809235e-05,5.9851721021414916e-05
2612,8.5,44329.840759240724,4.7444139483602727,27.240465190303954,0,0.0062742395619118782,4.1645644844799701e-05,2.3986145803359268e-05,3.1407234439114442e-05,4.009202090497344e-05,5.2007173467866474e-05,6.6679315133521671e-05
2613,8.5,37736.58804497309,5.5733473989773739,13.352363465471315,0,0.005802683731822752,3.851566448134633e-05,2.2183408310898063e-05,2.9046746867577176e-05,3.7078806951116299e-05,4.8098447061545457e-05,6.1667868011158221e-05
2614,8.5,44462.347919321925,4.7302745956727454,27.023050986843735,0,0.0063682254213738706,4.226948167553664e-05,2.4345449668993374e-05,3.1877703552216804e-05,4.0692585006031426e-05,5.2786222282999203e-05,6.7678147371169194e-05
2615,8.5,38179.444192073257,5.5087002777897291,13.091860961046129,0,0.0060488091462714503,4.0149336816657394e-05,2.3124335098698268e-05,3.0278787582111026e-05,3.8651533839204009e-05,5.0138580690135103e-05,6.4283559348801768e-05
2616,8.5,44622.49894735124,4.7132975469365954,26.750606771147485,0,0.0064680624964738006,4.2932156304219183e-05,2.4727122478311183e-05,3.2377462350464465e-05,4.1330538030059428e-05,5.3613771826176718e-05,6.8739163248377551e-05
2617,8.5,38477.997153311779,5.4659579600449497,12.832186270173297,0,0.0061212031670551731,4.0629856511306616e-05,2.3401094301255825e-05,3.0641173487256747e-05,3.9114127364047313e-05,5.073865474847854e-05,6.5052924891508215e-05
2618,8.5,44717.991341422756,4.7032326032030554,26.577838593012629,0,0.0065038768679297554,4.316987636244723e-05,2.4864039267528652e-05,3.2556739910638453e-05,4.155938975223898e-05,5.3910637161102644e-05,6.9119779534551506e-05
2619,8.5,44703.068000222178,4.7048026955484605,12.628360069299347,0,0.0070010301451766737,4.6469761330713321e-05,2.6764634690606309e-05,3.5045361739083601e-05,4.4736169884345686e-05,5.8031540814010044e-05,7.4403262850115086e-05
2620,8.5,44322.034441777956,4.745249568880002,26.464925157675133,0,0.006426004999093589,4.2652997119799439e-05,2.4566338489378069e-05,3.2166933302743462e-05,4.1061793101285226e-05,5.3265157218734077e-05,6.8292198306432015e-05
2621,8.5,44022.020747512281,4.7775888352107669,12.502677395419518,0,0.00677206356372802,4.4949981787990071e-05,2.5889305377383431e-05,3.3899213742769423e-05,4.3273086927535141e-05,5.6133636756914089e-05,7.1969926556719291e-05
2622,8.5,43678.816569487113,4.8151285072511536,26.350346186911509,0,0.0063110074032005142,4.1889693616751585e-05,2.4126707666406024e-05,3.159128482478707e-05,4.0326965243172337e-05,5.2311942114499784e-05,6.707006439514489e-05
2623,8.5,43091.36799322685,4.8807713614427275,12.44330590837226,0,0.0065072914207941097,4.3192540663752513e-05,2.4877092955079072e-05,3.2573832286735558e-05,4.1581208543738411e-05,5.3938940390741769e-05,6.9156067604880298e-05
2624,8.5,42660.448162568326,4.9300727930765689,26.300127221733419,0,0.0061418419370448769,4.0766847596288839e-05,2.3479995424059651e-05,3.0744485877739337e-05,3.9246007887529907e-05,5.0909729518644126e-05,6.5272262874148509e-05
2625,8.5,41712.926994706548,5.0420608185424465,12.475840619264803,0,0.0061814227873016169,4.1029567885525791e-05,2.3631311298423523e-05,3.0942617465009193e-05,3.9498927187195009e-05,5.1237815197393805e-05,6.5692907314240253e-05
2626,8.5,41579.019040271298,5.0582991056866247,26.346461216621144,0,0.0059654130166668113,3.959578995879923e-05,2.2805515311153662e-05,2.986132794131122e-05,3.8118637487620611e-05,4.9447310148725376e-05,6.3397269185356164e-05
2627,8.5,40664.771064519045,5.1720225964886781,12.514785125276484,0,0.0059064159163619099,3.9204193134685896e-05,2.2579971954715807e-05,2.9566003584913939e-05,3.7741649494826123e-05,4.8958283167944436e-05,6.2770279060995053e-05
2628,8.5,40657.585521932779,5.1729366642609547,26.394539813134745,0,0.0058092278467208602,3.8559101440069521e-05,2.2208426178410302e-05,2.9079505028749263e-05,3.7120623459509161e-05,4.8152691231749867e-05,6.1737415419295109e-05
2629,8.5,40049.465530239686,5.2514836850426434,12.585378520206406,0,0.0057021878012867089,3.7848616659828914e-05,2.1799216725815001e-05,2.8543690007956616e-05,3.6436643879694138e-05,4.7265436265475374e-05,6.0599850165214283e-05
2630,8.5,39979.95510982113,5.2606140814566915,26.462147474502764,0,0.0056923894342976195,3.7783579405886023e-05,2.1761757993658539e-05,2.8494641895255443e-05,3.6374032892293226e-05,4.7184217598786762e-05,6.0495718278981319e-05
2631,8.5,39922.007262644263,5.2682500016358347,12.660374022045367,0,0.0057063613621087892,3.7876318922393073e-05,2.1815172067878335e-05,2.8564581783269231e-05,3.6463312687296384e-05,4.7300030912286482e-05,6.0644204572555338e-05
2632,8.5,39588.453509709216,5.3126378067572126,26.521349272484969,0,0.0056586807370369386,3.7559835887576459e-05,2.1632891105590656e-05,2.8325904800176986e-05,3.6158636304082167e-05,4.6904806197849144e-05,6.0137479989670518e-05
2633,8.5,39567.355423176508,5.3154706089742199,12.688561837933165,0,0.0056727578914972437,3.7653273852336065e-05,2.1686707456727622e-05,2.8396371425814676e-05,3.6248588491169698e-05,4.7021491735072714e-05,6.0287084576677382e-05
2634,8.5,39172.468505787532,5.3690544111525131,26.539664031133235,0,0.0056157837692115539,3.7275104667267364e-05,2.1468897857543852e-05,2.8111173578660084e-05,3.5884527208654002e-05,4.6549233219653771e-05,5.9681593597753769e-05
2635,8.5,39282.292865855998,5.3540437556673259,12.629293663184725,0,0.0056491377967438508,3.7496494043788147e-05,2.1596408858618085e-05,2.8278135288020816e-05,3.609765747821011e-05,4.6825704763114499e-05,6.0036062643899094e-05
2636,8.5,38801.831302961822,5.4203399108814061,26.478151012419545,0,0.0055793451875885275,3.7033241376274636e-05,2.1329594739922504e-05,2.7928771382446451e-05,3.5651686820306955e-05,4.6247193806479965e-05,5.9294343534525396e-05
2637,8.5,39191.406114597034,5.3664600400340587,12.509462056390426,0,0.0056570579238798711,3.7549064367024557e-05,2.1626687161253987e-05,2.8317781413626002e-05,3.6148266623680904e-05,4.6891354699140382e-05,6.0120233585730226e-05
2638,8.5,38488.32164520066,5.4644917168779008,26.348286538530019,0,0.0055550609090513833,3.6872053007661894e-05,2.123675699600572e-05,2.7807210510937675e-05,3.5496511712125927e-05,4.6045901414954131e-05,5.9036263006137819e-05
2639,8.5,38995.827388907041,5.3933748533967485,12.411152787602214,0,0.0056479123286033413,3.7488359924833228e-05,2.1591723947051419e-05,2.8272000908737579e-05,3.6089826809039311e-05,4.6815546857358121e-05,6.0023039013621541e-05
2640,8.5,44521.734588343985,4.7239649751156376,26.214804128618976,0,0.0063550268174669203,4.2181875143249794e-05,2.4294991978529221e-05,3.1811634725375853e-05,4.0608246705185186e-05,5.2676819051555923e-05,6.7537879556950467e-05
2641,8.5,38961.951263509553,5.3980642140915878,12.305270017829635,0,0.0056223639652248983,3.7318781116576772e-05,2.1494053661595215e-05,2.8144112352643313e-05,3.5926574273246071e-05,4.6603776466232369e-05,5.9751524456989309e-05
2642,8.5,44436.811536854315,4.7329929297987601,26.179631683505651,0,0.0062608120394539411,4.1556518851775231e-05,2.3934812967200264e-05,3.1340019704705351e-05,4.0006219828082207e-05,5.1895872730490608e-05,6.6536614493452014e-05
2643,8.5,38973.634175708554,5.3964460660386377,12.207442862064346,0,0.0056036187010825109,3.7194358291261836e-05,2.1422391329546041e-05,2.805027836690948e-05,3.5806793140496838e-05,4.6448396966560053e-05,5.955230965770127e-05
2644,8.5,44400.352863935215,4.7368793547937305,26.149032853825464,0,0.0061717698248897473,4.0965495763264905e-05,2.3594408441661245e-05,3.08942972103377e-05,3.9437245326470254e-05,5.1157801789286079e-05,6.5590320711309059e-05
2645,8.5,39026.358208895668,5.3891555471550836,12.17730827692148,0,0.0055934777726366442,3.7127047264915816e-05,2.1383622999793286e-05,2.7999515479393502e-05,3.5741993205582715e-05,4.6364338807861261e-05,5.9444537208639351e-05
2646,8.5,44658.610223515883,4.7094863403515346,26.194216952613765,0,0.0061256535249543578,4.0659396031223384e-05,2.3418107826543411e-05,3.0663450837762482e-05,3.9142564888653776e-05,5.077554376633849e-05,6.5100220952471214e-05
2647,8.5,39258.279402212356,5.3573187116009757,12.273840254800357,0,0.0056071929550076212,3.7218082618023901e-05,2.1436055547327327e-05,2.8068170165567014e-05,3.5829632412359377e-05,4.6478023958336052e-05,5.959029494683279e-05
2648,8.5,38309.860519326852,5.4899472870862587,26.174768934680447,0,0.0052040840279175262,3.4542422716021877e-05,1.9894987597274047e-05,2.6050310239644677e-05,3.3253790133402339e-05,4.3136653949947052e-05,5.5306265477230309e-05
2649,8.5,39393.757244158616,5.3388945239011942,12.482616741602225,0,0.0056427826494221608,3.7454311368790829e-05,2.1572113405957134e-05,2.8246323050082199e-05,3.6057048461490047e-05,4.6773026945203407e-05,5.9968523483686695e-05
2650,8.5,38549.203200758144,5.4558615318563861,26.41044845337105,0,0.0052518335440765737,3.485936301959944e-05,2.0077531927201062e-05,2.6289332073854734e-05,3.3558906726602289e-05,4.3532449702625252e-05,5.5813722198323716e-05
2651,8.5,40122.436690014598,5.2419327482937801,12.702985051925896,0,0.0057605088055853538,3.8235725855779557e-05,2.2022175396535468e-05,2.8835630001107591e-05,3.6809311658867651e-05,4.7748859086273044e-05,6.121965509713623e-05
2652,8.5,39298.795659343981,5.3517954252301463,26.650827156490593,0,0.0053667582725816076,3.5622182860948828e-05,2.0516884181308049e-05,2.6864615796350868e-05,3.4293268966401463e-05,4.4485060809059873e-05,5.7035081713370105e-05
2653,8.5,40815.678147711849,5.1529001690376672,12.869714532647006,0,0.0059162330777120884,3.9269355137338062e-05,2.2617502536899816e-05,2.9615145777367571e-05,3.7804380577086385e-05,4.9039657621097317e-05,6.2874610683803813e-05
2654,8.5,40314.693933965944,5.2169344301913032,26.830786999381562,0,0.0056314604198707107,3.7379159384857447e-05,2.1528829013297217e-05,2.8189646872134746e-05,3.5984700082154445e-05,4.6679176981312985e-05,5.9848196788343691e-05
2655,8.5,41869.084396890947,5.0232556516652425,13.038473102738342,0,0.0061226983882186545,4.0639781132278497e-05,2.3406810466933216e-05,3.0648658181004316e-05,3.9123681739131705e-05,5.0751048637117102e-05,6.5068815314908571e-05
2656,8.5,41736.690507914282,5.0391900332119022,27.022683060973556,0,0.0059567042260822971,3.9537984834189057e-05,2.2772221982349458e-05,2.9817733968707849e-05,3.8062988829209333e-05,4.9375122981156319e-05,6.3304716743568348e-05
2657,8.5,43360.822315827711,4.8504411031420878,13.275416512129114,0,0.0063992884167572732,4.2475664187502858e-05,2.4464202153498176e-05,3.2033196942094695e-05,4.0891075715223125e-05,5.3043703460342691e-05,6.8008268533697764e-05
2658,8.5,43173.261332117021,4.8715132546698054,27.254832883291815,0,0.0062951820199964245,4.1784651677892373e-05,2.4066207912582204e-05,3.1512067014329699e-05,4.0225841977478246e-05,5.2180765508734396e-05,6.6901880553364289e-05
2659,8.5,44839.401330164786,4.6904978342171475,13.453373821334221,0,0.0066781594050938937,4.4326687251443094e-05,2.5530313850471827e-05,3.3429153603062054e-05,4.2673044889950565e-05,5.535526515996619e-05,7.0971962592460787e-05
2660,8.5,44528.870927341988,4.7232078974090843,27.392511888652081,0,0.0066313113517480942,4.4015730461850117e-05,2.5351215773793752e-05,3.3194644260546721e-05,4.2373688590981837e-05,5.4966941632796878e-05,7.0474086143592019e-05
2661,8.5,38195.48090983877,5.5063874002056448,13.531678744917588,0,0.0056937658154402118,3.7792715219026378e-05,2.1767019839088804e-05,2.8501531706330779e-05,3.6382827886650312e-05,4.7195626422459238e-05,6.051034573320029e-05
2662,8.5,37935.822612671953,5.5440768208484075,27.462261673550504,0,0.0056544552055813515,3.7531788666786842e-05,2.1616737082048796e-05,2.8304752873199075e-05,3.6131635407195728e-05,4.6869780766442494e-05,6.0092573265795308e-05
2663,8.5,38795.632867814886,5.4212059265364774,13.597549956038302,0,0.006028148780151993,4.0012202386056809e-05,2.3045351414826773e-05,3.0175367086940453e-05,3.8519515317725484e-05,4.9967326909643999e-05,6.4063991853863242e-05
2664,8.5,38648.741163680781,5.4418102244523743,27.496473296812656,0,0.006004970794098668,3.9858357100764517e-05,2.2956742979108408e-05,3.0059344031935923e-05,3.8371409353294963e-05,4.9775204576823205e-05,6.3817668419611221e-05
2665,8.5,39782.974911375954,5.2866613242286871,13.56236616077153,0,0.0064325966361396475,4.2696749509655965e-05,2.459153803200143e-05,3.2199929347602802e-05,4.1103913273401832e-05,5.3319795300036021e-05,6.8362250754940365e-05
2666,8.5,39769.672565380803,5.2884296314225283,27.436754347111265,0,0.0064306003914108515,4.2683499314444511e-05,2.4583906474957489e-05,3.2189936658357124e-05,4.1091157387272753e-05,5.3303248426925679e-05,6.8341035716840281e-05
2667,8.5,39775.142404526814,5.2877023716901883,13.432234174556076,0,0.0066858195563049404,4.4377531968742276e-05,2.5559598276418733e-05,3.3467498355848494e-05,4.2721992804587564e-05,5.5418760155477901e-05,7.1053370647019694e-05
2668,8.5,40138.90404327619,5.2397821973408547,27.273407762166709,0,0.0067476463143065568,4.4787910817084511e-05,2.5795959291541317e-05,3.3776987253109447e-05,4.3117062143242565e-05,5.593124216969128e-05,7.1710432883772667e-05
2669,8.5,39394.510131346033,5.3387924897530707,7.3257149924451994,0,0.0070225245379837344,4.6612431663932904e-05,2.6846806822342338e-05,3.5152957157995541e-05,4.4873517787188236e-05,5.8209707841945883e-05,7.4631693941635123e-05
2670,8.5,41629.193874666656,5.0522024389888704,18.737937984681651,0,0.0049630036663152171,3.2942237224333971e-05,1.897334782775949e-05,2.4843523766033683e-05,3.1713300835573696e-05,4.1138338765799583e-05,5.2744190305385046e-05
2671,8.5,38844.302911899278,5.4144134161384017,35.074959536775026,0,0.0072056848408852542,4.7828169260343436e-05,2.7547020718772617e-05,3.6069810669310038e-05,4.6043901324576057e-05,5.9727923643467434e-05,7.6578225220303762e-05
2672,8.5,42713.562345858445,4.9239422627348297,7.2049703876928008,0,0.007130604259092138,4.7329817354388436e-05,2.7259990909961497e-05,3.5693976528625275e-05,4.5564140833268014e-05,5.9105580680172441e-05,7.5780308321468328e-05
2673,8.5,41180.950470612115,5.1071942833573267,18.719676365108992,0,0.0047862550251621481,3.176905742084896e-05,1.829764543619329e-05,2.3958765389387032e-05,3.0583887438761157e-05,3.9673269230288201e-05,5.086579879250568e-05
2674,8.5,39380.966923692824,5.3406285131154778,35.166001757656865,0,0.0071610363488877589,4.7531812192329765e-05,2.7376331469759352e-05,3.5846311766904253e-05,4.5758600092948604e-05,5.9357832280923922e-05,7.610372455153582e-05
2675,8.5,42271.066772315156,4.9754863287357827,7.170120138081665,0,0.0066526971072789036,4.4157679708573237e-05,2.5432972589933029e-05,3.3301695869109946e-05,4.2510342308033825e-05,5.5144208166319745e-05,7.0701362695329675e-05
2676,8.5,41092.312864250474,5.1182106863034482,18.725799628644989,0,0.0045231369045160208,3.0022594969657385e-05,1.7291756269379143e-05,2.2641663544810036e-05,2.8902578159871048e-05,3.7492283055317798e-05,4.8069517918818899e-05
2677,8.5,39659.564609188776,5.3031120462175307,35.313336546866971,0,0.0068753897291861559,4.563581546510477e-05,2.6284316827858817e-05,3.4416438032695887e-05,4.3933335033253948e-05,5.6990107371037925e-05,7.3068022649502525e-05
2678,8.5,41860.847897785774,5.0242440224880447,7.1648398209529471,0,0.0061866686636073307,4.1064387707015193e-05,2.365136605608676e-05,3.0968876976675333e-05,3.9532448027519679e-05,5.1281298267545989e-05,6.5748657726045321e-05
2679,8.5,40569.759339067627,5.1841351354578915,18.7780898393831,0,0.0042150657479558869,2.7977754021773571e-05,1.6114013595363491e-05,2.1099538329070759e-05,2.6934021631681265e-05,3.4938681153195503e-05,4.4795499843939697e-05
2680,8.5,39226.106959682169,5.3617126737278333,35.415007132670745,0,0.0064651329580633406,4.2912711315707452e-05,2.4715922979988485e-05,3.2362797832358677e-05,4.1311818452326526e-05,5.3589488881480367e-05,6.8708029656339945e-05
2681,8.5,42249.946187038222,4.9779735551770905,7.1398750426084536,0,0.0058368241170178251,3.8742273354448624e-05,2.2313925523221774e-05,2.9217644881764029e-05,3.7296961999778106e-05,4.8381436723890914e-05,6.2030694052583445e-05
2682,8.5,40449.229919571444,5.1995826680736901,18.837512495597679,0,0.0039518069369559291,2.6230357729843064e-05,1.510758657542678e-05,1.9781732224657571e-05,2.5251813349724532e-05,3.2756528795843203e-05,4.1997723787235642e-05
2683,8.5,38874.486510015951,5.4102094640540921,35.491441144133162,0,0.0060737018238517723,4.0314563470742993e-05,2.3219498725777831e-05,3.0403393943227438e-05,3.8810596581402995e-05,5.0344916101498484e-05,6.4548105621942419e-05
2684,8.5,43218.769593793615,4.8663836755069045,7.1313832457053632,0,0.0055523805225172205,3.6854261779809171e-05,2.1226509994503249e-05,2.7793793183238406e-05,3.5479384200193893e-05,4.6023683690229467e-05,5.9007777269081163e-05
2685,8.5,40734.419693196687,5.16317935570979,18.821258542089502,0,0.0037255328360335182,2.4728449689576965e-05,1.4242550498513719e-05,1.8649062095465936e-05,2.380593518474241e-05,3.0880942710575613e-05,3.9593001759477714e-05
2686,8.5,38846.672633234048,5.4140831265635745,35.55311341812039,0,0.0057340827860876045,3.8060321551910469e-05,2.192114986978904e-05,2.8703348123524087e-05,3.6640450952213961e-05,4.7529813803331078e-05,6.093881327329008e-05
2687,8.5,38477.1470931941,5.4660787172532608,7.106525328539691,0,0.0047403268938213334,3.1464206669242967e-05,1.8122064181453802e-05,2.3728860940547044e-05,3.0290409387170597e-05,3.9292570936873207e-05,5.0377698790433913e-05
2688,8.5,41425.568687076753,5.0770362723431539,18.76999716859234,0,0.0036476959254371239,2.4211802484361537e-05,1.3944983364198044e-05,1.825943047955543e-05,2.3308561914879845e-05,3.0235752537066205e-05,3.8765792049127544e-05
2689,8.5,38906.488141718073,5.405759421427029,35.51199385182877,0,0.0055952711623820832,3.7138950997897296e-05,2.1390479051031347e-05,2.8008492728607519e-05,3.5753452860327391e-05,4.6379204215958323e-05,5.9463596410764698e-05
2690,8.5,39902.969027359024,5.2707635535222579,7.0192303523159669,0,0.0048317341442532394,3.2070927826470645e-05,1.8471510136570597e-05,2.4186422198038288e-05,3.0874496328547349e-05,4.0050245661040776e-05,5.1349126928759657e-05
2691,8.5,42177.587897043704,4.9865135801536216,18.679472962590069,0,0.0036699604605103394,2.4359584683486107e-05,1.4030099716425344e-05,1.8370881033175874e-05,2.3450830981399655e-05,3.0420303274459677e-05,3.900240780722842e-05
2692,8.5,38684.238717620625,5.4368166932785291,35.413415664372309,0,0.0055534194204327585,3.6861157527603556e-05,2.1230481656189259e-05,2.7798993639814797e-05,3.5486022696626309e-05,4.6032295115339334e-05,5.9018818129223361e-05
2693,8.5,41846.737057285362,5.0259382120717975,6.9658888985027225,0,0.0050759436690116294,3.3691883328001761e-05,1.9405112561154921e-05,2.5408872460044908e-05,3.2434980794464608e-05,4.2074498479456386e-05,5.3944457199351095e-05
2694,8.5,43226.903801337859,4.8654679454562766,18.619631208135093,0,0.0037677893676466841,2.5008929975764621e-05,1.4404095386689586e-05,1.8860587457521785e-05,2.4075951930531199e-05,3.1231207112830378e-05,4.0042081932474064e-05
2695,8.5,38764.075106103883,5.4256193202353504,35.323504190199358,0,0.0055742034696887547,3.6999112912508922e-05,2.1309938175329025e-05,2.7903033261052702e-05,3.5618831546055622e-05,4.6204574105383493e-05,5.9239700063426858e-05
2696,8.5,43922.710214253879,4.78839110339048,7.0156554031402898,0,0.0053356387068320653,3.5415624859753396e-05,2.0397915430746301e-05,2.6708839229725558e-05,3.4094416775905226e-05,4.4227110719935778e-05,5.6704359350770391e-05
2697,8.5,44488.371314498829,4.7275076298014111,18.676736037051072,0,0.0038835085012321208,2.577702272891709e-05,1.4846484616974715e-05,1.9439847768153206e-05,2.4815390371960271e-05,3.2190403043196665e-05,4.1271883966518519e-05
2698,8.5,39328.180174472691,5.3477967679584193,35.296446842750974,0,0.0056644143952164598,3.7597893390776586e-05,2.1654810632207952e-05,2.8354606022828914e-05,3.6195274041823456e-05,4.6952332492088529e-05,6.0198414290448751e-05
2699,8.5,39459.417605187475,5.330010618278413,7.0336106625031096,0,0.0048223712910490588,3.2008781321634848e-05,1.8435716354730603e-05,2.4139554155672193e-05,3.0814668248556439e-05,3.9972636968236006e-05,5.1249623453766393e-05
2700,8.5,39543.455829991137,5.3186832160283295,18.692005494438526,0,0.0034598103079081636,2.2964700326108488e-05,1.3226704794829779e-05,1.7318923254856521e-05,2.2107983895601988e-05,2.8678368601287966e-05,3.6769042614132695e-05
2701,8.5,40227.255564345622,5.2282740116415578,35.395648111630862,0,0.0058031438033228381,3.8518718233774294e-05,2.2185167144294867e-05,2.904904986753747e-05,3.7081746780878495e-05,4.8102260594337201e-05,6.1672757408866963e-05
2702,8.5,41318.590092499238,5.0901813047321687,7.1969258898851765,0,0.0052379827660167834,3.4767427641899839e-05,2.0024581003227917e-05,2.6219998630431763e-05,3.3470401071368103e-05,4.3417640599448305e-05,5.5666523420530821e-05
2703,8.5,40832.007997429093,5.1508393816922684,18.890450901041731,0,0.0036480637825842105,2.4214244158440128e-05,1.394638966612161e-05,1.8261271878109734e-05,2.3310912500362837e-05,3.0238801705060375e-05,3.8769701441236767e-05
2704,8.5,41127.134818469218,5.1138771459538228,35.519642313899638,0,0.0059618496864387921,3.9572138138737774e-05,2.2791892854192719e-05,2.9843490823880327e-05,3.8095868017538483e-05,4.9417773703477592e-05,6.3359399987526798e-05
2705,8.5,42294.177989659074,4.9727675255481838,7.3808802876293198,0,0.005703894456026962,3.7859944683963784e-05,2.1805741192888941e-05,2.8552233083974807e-05,3.6447549302869106e-05,4.7279582727090403e-05,6.0617987593364183e-05
2706,8.5,41431.798740612081,5.0762728440407638,19.061125389372894,0,0.003875714040490451,2.5725286523979231e-05,1.4816686731515702e-05,1.9400830696295416e-05,2.4765584227340762e-05,3.2125794755948391e-05,4.1189048540972336e-05
2707,8.5,41500.63604594332,5.0678528057713974,35.580828159239857,0,0.0061912958095603089,4.1095100668339237e-05,2.366905543443873e-05,3.0992039282847284e-05,3.956201521736741e-05,5.1319652681632842e-05,6.5797832597377999e-05
2708,8.5,42143.857099126843,4.9905046501092301,7.618563101510234,0,0.0060565600539691893,4.020078393563009e-05,2.315396648275873e-05,3.0317586638598543e-05,3.8701061682440454e-05,5.0202827966190161e-05,6.4365931915524565e-05
2709,8.5,41240.002129197266,5.0998812795363273,19.302652252735609,0,0.004092926413621592,2.7167046797563545e-05,1.5647080215985971e-05,2.048814013972498e-05,2.6153558485967727e-05,3.3926268177042293e-05,4.34974672961048e-05
2710,8.5,41208.5868329402,5.1037691653772566,35.679267033121072,0,0.006488352083474474,4.306682966597718e-05,2.4804688689688009e-05,3.2479026820439653e-05,4.1460187294828084e-05,5.3781952218449448e-05,6.8954790298029876e-05
2711,8.5,41269.192315973167,5.0962740733195258,7.8393743785757293,0,0.0065151147445708744,4.3244468448832772e-05,2.4907001182669794e-05,3.261299383954612e-05,4.1631199121450565e-05,5.4003787923695945e-05,6.9239209771569194e-05
2712,8.5,40656.358316609425,5.1730928084822922,19.549369652967489,0,0.0044296761857513661,2.9402243792083527e-05,1.6934459993861629e-05,2.21738231513847e-05,2.8305369676909555e-05,3.6717587131570868e-05,4.7076266600054324e-05
2713,8.5,40719.979790486774,5.1650102949183534,35.807508903930504,0,0.0070309768584958573,4.6668534452914556e-05,2.6879119677179958e-05,3.5195267307179244e-05,4.4927527616957047e-05,5.8279769129013796e-05,7.4721520754506389e-05
2714,8.5,40200.052950042169,5.2318118856236691,7.9506768585531713,0,0.0071727962981672604,4.7609869567451374e-05,2.7421289245960724e-05,3.5905179057572523e-05,4.5833745475540842e-05,5.9455310503761496e-05,7.6228703101720972e-05
2715,8.5,39892.401262241438,5.2721598142000188,19.677848989274786,0,0.0049713168374968808,3.2997416401212599e-05,1.9005128720740076e-05,2.4885137369349053e-05,3.1766421509324366e-05,4.1207246644028748e-05,5.2832538312424189e-05
2716,8.5,40422.468972591596,5.2030249554854766,35.884800535820652,0,0.0080576747546438326,5.3483303880184019e-05,3.0804141218037954e-05,4.0334653714771107e-05,5.1488066644719947e-05,6.6790068274778425e-05,8.5632725513049861e-05
2717,8.5,42411.105800645193,4.9590575594832025,7.7195232557046429,0,0.0098710421897841988,6.5519639986223461e-05,3.7736566297625844e-05,4.9411906120854644e-05,6.307537764881111e-05,8.1821071447310729e-05,0.00010490424000774753
2718,8.5,43216.089820067369,4.8666854336523029,19.271107029213354,0,0.0074264797251863282,4.9293708668652105e-05,2.8391109988113106e-05,3.7175053245047439e-05,4.7454767618373172e-05,6.1558092500641962e-05,7.8924717018218879e-05
2719,8.5,39871.461544228405,5.2749286502434769,35.749761626776674,0,0.0098992191869916139,6.5706666510619575e-05,3.7844285736236496e-05,4.9552952943876162e-05,6.3255426999801271e-05,8.2054630584973477e-05,0.00010520369030092969
2720,8.5,39776.091808286394,5.2875761610877143,7.6672330901862509,1,0.042210868160705538,0.00028017719225813909,0.00016137031877701177,0.00021129678252161869,0.00026972495901963979,0.0003498858978846698,0.00044859488586208239
2721,8.5,41169.546955835438,5.1086089203835758,19.144651622322669,1,0.033054397561231443,0.0002194005644525296,0.00012636552868636479,0.00016546183855513252,0.00021121565170558699,0.00027398791054751418,0.00035128473654621626
2722,8.5,42796.133292247767,4.914441998544512,35.427533933473555,1,0.06659347627191313,0.00044201822937019089,0.00025458397239201376,0.00033334986666499805,0.00042552838738194997,0.00055199334327717196,0.00070772040919944062
2723,8.5,42437.406763085441,4.9559841392023847,13.673051819468109,1,0.048087207921596091,0.00031918175309050411,0.0001838353108934186,0.00024071223258421409,0.00030727442365413338,0.00039859487979157526,0.00051104553137563469
2724,8.5999999999999996,51185.926317374775,5.8040103485191388,13.277827479994306,1,0.058437194836923931,0.00031731752704147341,0.00017237529612806334,0.00022704808500074582,0.00031755659376729546,0.00041410915821959055,0.00052143746853895029
2725,8.5999999999999996,50462.914249561836,5.8871678432079628,27.049561561148817,1,0.057604399893119183,0.00031279539977581297,0.00016991875666800028,0.00022381239756371474,0.00031303105953521488,0.00040820764268464894,0.00051400640535185832
2726,8.5999999999999996,51968.915295098923,5.7165643030574991,13.249281630110417,0,0.010874844209854581,5.9051066384383404e-05,3.2078105327461556e-05,4.22524140561382e-05,5.9095555402145623e-05,7.7063462647022598e-05,9.7036677605186111e-05
2727,8.5999999999999996,51052.000908827249,5.8192360878300766,27.036522374294432,0,0.01068161012435723,5.8001793531344315e-05,3.1508112486385024e-05,4.150163487874137e-05,5.8045492027927926e-05,7.5694129216354926e-05,9.5312441993631526e-05
2728,8.5999999999999996,52185.009915800809,5.6928923942702756,13.283956037522362,0,0.0087208519040464175,4.735475697643191e-05,2.5724359864364022e-05,3.3883432117411244e-05,4.7390434005709184e-05,6.179941817913029e-05,7.7816516570294991e-05
2729,8.5999999999999996,51123.022066657992,5.8111518849026895,27.098416456190972,0,0.008542661436475538,4.6387171884954717e-05,2.5198741981773248e-05,3.3191102436969566e-05,4.6422119936535967e-05,6.0536689796386167e-05,7.6226515773931958e-05
2730,8.5999999999999996,52710.0205291815,5.6361891545860594,13.310887489241882,0,0.0076264470870758393,4.1412072166312432e-05,2.249613587216644e-05,2.9631302654281094e-05,4.1443271982454356e-05,5.4044031241549366e-05,6.8051097834668185e-05
2731,8.5999999999999996,51243.799814756982,5.7974554408244412,27.139424710807752,0,0.0074138095295736197,4.025743727853185e-05,2.1868907579557956e-05,2.8805134485791091e-05,4.0287767193837493e-05,5.2537197106392082e-05,6.6153724252488564e-05
2732,8.5999999999999996,53122.75744713458,5.5923988196626624,13.355074082138762,0,0.007026307891266648,3.8153279782005444e-05,2.0725873424005564e-05,2.7299560764161012e-05,3.8182024427036235e-05,4.9791206685465521e-05,6.2696031358479016e-05
2733,8.5999999999999996,51525.006115290635,5.7658148623958798,27.182696475195019,0,0.0068148185611855115,3.7004879839053346e-05,2.010203211878215e-05,2.6477853843987766e-05,3.7032759280649409e-05,4.8292509345582487e-05,6.0808903456322657e-05
2734,8.5999999999999996,53243.347836929417,5.5797326448079785,13.375836312446763,0,0.0067025971491006791,3.6395510736665138e-05,1.9771006661553841e-05,2.6041836051192527e-05,3.642293108015375e-05,4.7497263875255762e-05,5.9807547227696722e-05
2735,8.5999999999999996,51856.992286434936,5.7289023706508777,27.211125450659079,0,0.0065281443930532319,3.5448221646402922e-05,1.9256414105084401e-05,2.5364028632574826e-05,3.5474928303183691e-05,4.6261022399984797e-05,5.8250898183421477e-05
2736,8.5999999999999996,53599.120875477412,5.5426962456114204,13.244363371391344,0,0.0066224516730456363,3.5960315920481407e-05,1.9534597295791755e-05,2.5730444018933772e-05,3.5987408388605654e-05,4.6929321219608452e-05,5.9092405882092899e-05
2737,8.5999999999999996,52078.485172537672,5.7045370090995124,27.081951409692991,0,0.0064348876690887048,3.4941831955539199e-05,1.8981329795268057e-05,2.5001695008439085e-05,3.4968157098804114e-05,4.5600168237374211e-05,5.7418764638955497e-05
2738,8.5999999999999996,53202.540933867465,5.5840123578658822,13.020482136533488,0,0.0066058824981832364,3.5870344291844431e-05,1.9485722321017998e-05,2.5666067222048696e-05,3.589736897542845e-05,4.6811905469694215e-05,5.894455846025584e-05
2739,8.5999999999999996,51949.645747188086,5.7186847334885211,26.854552876496221,0,0.0064508976883096017,3.5028767334987831e-05,1.902855539895967e-05,2.5063899298276641e-05,3.5055157975285687e-05,4.5713621588465867e-05,5.75616226922399e-05
2740,8.5999999999999996,52731.640887713991,5.633878275800047,12.833252078672729,0,0.006572954963515937,3.5691545773172249e-05,1.9388594223838075e-05,2.553813271542378e-05,3.5718435750120807e-05,4.6578567889042486e-05,5.8650744727922189e-05
2741,8.5999999999999996,51753.044078499581,5.7404091166881255,26.666517285551219,0,0.0064517849144753925,3.5033585027103972e-05,1.9031172497085058e-05,2.5067346469251695e-05,3.5059979297046529e-05,4.5719908825245306e-05,5.7569539447436696e-05
2742,8.5999999999999996,52266.111945156947,5.684058656521314,12.717183017265759,0,0.0065375713086811586,3.5499410372402347e-05,1.9284221178601066e-05,2.5400655358870593e-05,3.5526155594721045e-05,4.632782526597078e-05,5.8335014935344184e-05
2743,8.5999999999999996,51508.710329705515,5.7676389904340262,26.556292490876384,0,0.006443885160864333,3.4990688883866884e-05,1.9007870174448847e-05,2.5036653279163189e-05,3.5017050835895552e-05,4.5663928035490645e-05,5.7499049624362067e-05
2744,8.5999999999999996,51661.937153732666,5.7505324502357835,12.630364697923833,0,0.0064910514978807612,3.5246804966499254e-05,1.914699922287719e-05,2.5219910304521175e-05,3.5273359876143208e-05,4.5998167421427649e-05,5.7919916769726159e-05
2745,8.5999999999999996,51105.889336737324,5.8131000145030951,26.478128844783523,0,0.0064214824531844458,3.4869040816743663e-05,1.8941787718212412e-05,2.4949611252389925e-05,3.4895311119233204e-05,4.5505173556514597e-05,5.729914935170837e-05
2746,8.5999999999999996,50900.451906489099,5.8365620523441235,12.541799993529754,0,0.00642126892863707,3.4867881365446849e-05,1.8941157873518685e-05,2.4948781637968535e-05,3.4894150794406877e-05,4.550366043681712e-05,5.7297244063479439e-05
2747,8.5999999999999996,50398.203476501847,5.8947269059520453,26.397437184852119,0,0.0063578102254341663,3.4523296742146603e-05,1.8753970367564142e-05,2.4702223310193601e-05,3.4549306561376189e-05,4.5053966877117761e-05,5.6730999471362593e-05
2748,8.5999999999999996,49690.697322865584,5.978657214534115,12.455430767657933,0,0.0062892536078085932,3.4151030133046312e-05,1.8551745272781194e-05,2.4435857876509582e-05,3.4176759486963438e-05,4.4568147472292906e-05,5.6119265981313474e-05
2749,8.5999999999999996,49327.663453568246,6.0226579822541959,26.315662289393437,0,0.0062433876318073317,3.3901975089923884e-05,1.8416451968277387e-05,2.4257653189463301e-05,3.3927516806006236e-05,4.4243122960664548e-05,5.5710002010226099e-05
2750,8.5999999999999996,54601.662225880405,5.4409267764703317,12.48571635833961,0,0.0068426990074412046,3.7156272360261075e-05,2.0184272551316926e-05,2.6586178720789032e-05,3.7184265860839937e-05,4.8490081254397597e-05,6.1057681813289904e-05
2751,8.5999999999999996,54597.798068835647,5.4413118578523099,26.34730367917517,0,0.0068421781363416949,3.7153443998467442e-05,2.0182736110180881e-05,2.6584154962016799e-05,3.7181435368161195e-05,4.8486390155035954e-05,6.1053034059264049e-05
2752,8.5999999999999996,53710.122054489417,5.5312413131958111,12.602699237783254,0,0.0066484744333595242,3.6101621093884059e-05,1.9611358013476679e-05,2.5831551163316556e-05,3.6128820021192771e-05,4.7113728828464534e-05,5.9324608031774042e-05
2753,8.5999999999999996,53509.717629140316,5.5519569006807021,26.464636485617799,0,0.0066232923947947917,3.5964881090782904e-05,1.9537077217370406e-05,2.5733710504665965e-05,3.5991976998302147e-05,4.6935278907632507e-05,5.909990767648684e-05
2754,8.5999999999999996,53250.325233626769,5.5790015317498485,12.663529936518273,0,0.0065088578358984163,3.534349446641784e-05,1.9199523523492837e-05,2.5289093894853784e-05,3.5370122221839903e-05,4.6124350200529932e-05,5.8078803448763123e-05
2755,8.5999999999999996,52747.042389029673,5.6322332511740756,26.527793879036526,0,0.0064469127336171002,3.5007128788306637e-05,1.9016800766536026e-05,2.504841641388645e-05,3.5033503126143817e-05,4.5685382617757912e-05,5.7526064779289095e-05
2756,8.5999999999999996,53119.593178343312,5.5927319519777763,12.649336253871283,0,0.0064090966563824653,3.4801785185760514e-05,1.8905252675805239e-05,2.4901488281173636e-05,3.4828004817921052e-05,4.5417402884054008e-05,5.7188630382611964e-05
2757,8.5999999999999996,52305.073104935931,5.6798246978560512,26.513280026805859,0,0.0063104121748561335,3.4265922440762363e-05,1.8614157821341118e-05,2.4518065999998572e-05,3.4291738354435841e-05,4.4718085476908647e-05,5.6308064736455119e-05
2758,8.5999999999999996,52669.166603212594,5.6405609810135209,12.545185980488213,0,0.006270140594179293,3.4047245304974326e-05,1.8495366601740526e-05,2.4361597413541847e-05,3.407289646749979e-05,4.4432705071144865e-05,5.5948719782598345e-05
2759,8.5999999999999996,51874.923843215314,5.7269220662853408,26.397321887378677,0,0.0061749876876594128,3.3530559227349344e-05,1.8214689021569504e-05,2.3991896484743277e-05,3.3555821119070869e-05,4.3758413806291103e-05,5.5099666523996357e-05
2760,8.5999999999999996,52035.183349093626,5.7092841213128169,12.409668706927057,0,0.0061090728631511999,3.3172637715772903e-05,1.8020256564201559e-05,2.3735795302619221e-05,3.3197629949764926e-05,4.3291315196108657e-05,5.451150586148224e-05
2761,8.5999999999999996,51442.185205880727,5.7750977112577946,26.252215339521076,0,0.0060389773772942419,3.2792014958452487e-05,1.7813492188095693e-05,2.3463450850161636e-05,3.2816720431617851e-05,4.2794590760169832e-05,5.3886040987556338e-05
2762,8.5999999999999996,51850.68649468341,5.7295990878547629,12.357788407263236,0,0.0060015798076897596,3.2588943877827006e-05,1.770317859154076e-05,2.3318148759839282e-05,3.2613496357431611e-05,4.2529576737652359e-05,5.3552340951500721e-05
2763,8.5999999999999996,51087.59889787162,5.8151812270229497,26.204458086728199,0,0.00591302390314779,3.2108079922727932e-05,1.7441960538348626e-05,2.2974079394465524e-05,3.2132270119881951e-05,4.190203444737668e-05,5.2762153010115063e-05
2764,8.5999999999999996,52018.985165678925,5.7110619343760503,12.372192540374149,0,0.0059342032304246367,3.2223084959753506e-05,1.7504434324459126e-05,2.3056368178402389e-05,3.2247361801594033e-05,4.2052119567217689e-05,5.2951137009627969e-05
2765,8.5999999999999996,50889.726255891015,5.8377921812890641,26.228131015590165,0,0.005805355132439024,3.1523431940287245e-05,1.7124364249093806e-05,2.2555750139065275e-05,3.1547181664202278e-05,4.1139050800930784e-05,5.1801420185828203e-05
2766,8.5999999999999996,52227.217912282751,5.6882916211149261,12.357477254054578,0,0.005976103673137406,3.2450606915601356e-05,1.7628030284885807e-05,2.3219165439721417e-05,3.2475055172268992e-05,4.2349042735915878e-05,5.3325016365743174e-05
2767,8.5999999999999996,50799.570252106059,5.8481527416516839,26.228182080341298,0,0.0058127683724292353,3.1563686284932348e-05,1.7146231476672867e-05,2.2584553060699782e-05,3.1587466336432707e-05,4.1191583962055191e-05,5.1867568828057773e-05
2768,8.5999999999999996,52455.865317911404,5.6634971941477081,12.359435928437529,0,0.0060198321812438369,3.2688055377873852e-05,1.7757018586858879e-05,2.3389065347703163e-05,3.2712682527989185e-05,4.2658920301611601e-05,5.3715207623787523e-05
2769,8.5999999999999996,51026.480114553568,5.8221465673829291,26.253344773452472,0,0.0058557802298436793,3.179724329030024e-05,1.7273105836051737e-05,2.275166854058425e-05,3.1821199303428327e-05,4.1496383056485745e-05,5.22513653828023e-05
2770,8.5999999999999996,52495.568424194702,5.6592138148495286,12.390727158240011,0,0.0060444137453420444,3.2821534768050293e-05,1.7829528131551162e-05,2.3484572961824549e-05,3.2846262481412389e-05,4.2833115022026173e-05,5.3934549920964291e-05
2771,8.5999999999999996,51251.658538185919,5.7965664822970391,26.300410204057041,0,0.0059012330089566216,3.2044054649153624e-05,1.7407180311756829e-05,2.2928267819251793e-05,3.206819660972687e-05,4.1818479490952319e-05,5.2656942381233736e-05
2772,8.5999999999999996,52875.327173252226,5.6185684690167843,12.464937248482935,0,0.0061049665737213828,3.3150340314078275e-05,1.8008144024261414e-05,2.3719840992113718e-05,3.3175315749228873e-05,4.3262216399290414e-05,5.4474865273730766e-05
2773,8.5999999999999996,51939.149562262872,5.7198404007067474,26.381722447574361,0,0.005996992787706241,3.2564036079947219e-05,1.7689648015163661e-05,2.3300326650033628e-05,3.2588569794040374e-05,4.2497071293313148e-05,5.3511410785447782e-05
2774,8.5999999999999996,53474.958527798226,5.5555657119424691,12.627977764455672,0,0.0061909836005730468,3.3617418008690399e-05,1.8261873015137659e-05,2.4054045966849912e-05,3.3642745339735929e-05,4.3871767194490249e-05,5.524239870612678e-05
2775,8.5999999999999996,52913.971186636903,5.6144651286276543,26.566333432366861,0,0.0061264697031823316,3.3267103616684472e-05,1.8071572946865502e-05,2.3803387856046117e-05,3.3292167021197212e-05,4.341459610993549e-05,5.4666738573314576e-05
2776,8.5999999999999996,54892.242173662831,5.4121244511145399,12.842682776726244,0,0.0063695938489189323,3.458728253534233e-05,1.8788729147367254e-05,2.4748006636276453e-05,3.4613340561408205e-05,4.5137470310430579e-05,5.6836145223434694e-05
2777,8.5999999999999996,54417.311158452139,5.4593591583298604,26.810541532905035,0,0.0063152231224995184,3.4292046179473388e-05,1.8628348929025175e-05,2.4536758143803857e-05,3.4317881774746986e-05,4.4752177761529774e-05,5.6350993018133265e-05
2778,8.5999999999999996,48477.409698434305,6.1282904324439675,12.946903526821218,0,0.0056334141340419475,3.0589781847043408e-05,1.661718075751861e-05,2.1887701740641716e-05,3.0612828159858098e-05,3.9920608637367872e-05,5.0267183657322198e-05
2779,8.5999999999999996,48104.682175461327,6.1757740122047133,26.922502512889963,0,0.0055907724961163519,3.0358235156047927e-05,1.6491398454221503e-05,2.1722024687536761e-05,3.038110702180384e-05,3.9618433065187334e-05,4.9886690586148498e-05
2780,8.5999999999999996,50017.763663057558,5.9395627530625354,13.183315846702147,0,0.0059475228034539607,3.2295411052522127e-05,1.7543723776179667e-05,2.3108119183182393e-05,3.2319742384772783e-05,4.2146507348671097e-05,5.3069988102015488e-05
2781,8.5999999999999996,49536.020047368773,5.9973256987641603,27.156718879705959,0,0.0058904182899945385,3.1985330066526526e-05,1.7375279561064858e-05,2.2886249011931996e-05,3.2009427784054563e-05,4.1741842099676651e-05,5.2560442203662148e-05
2782,8.5999999999999996,51664.691125137797,5.7502259197681216,13.388623046997022,0,0.006283449486825428,3.4119513402611748e-05,1.8534624548967734e-05,2.4413306921454026e-05,3.4145219011853865e-05,4.4527017167163608e-05,5.6067475573491859e-05
2783,8.5999999999999996,51154.998177960333,5.8075194336059459,27.334085648964859,0,0.0062211105955547706,3.3781009426304979e-05,1.8350740211722221e-05,2.417109943829932e-05,3.3806460006970362e-05,4.4085259039305572e-05,5.551122310883458e-05
2784,8.5999999999999996,52412.680638854741,5.6681635517101627,13.437743748464689,0,0.00651337158521884,3.5368004400134524e-05,1.9212837969504955e-05,2.5306631323579367e-05,3.5394650621317551e-05,4.615633641986697e-05,5.8119079817706383e-05
2785,8.5999999999999996,52278.030206616793,5.6827628139474102,27.35536177951078,0,0.0064963061458970179,3.5275338025258239e-05,1.9162499137107819e-05,2.5240326372964799e-05,3.5301914431681763e-05,4.6035403943009916e-05,5.7966804207894716e-05
2786,8.5999999999999996,53864.176195015563,5.515421696397774,13.419993209984238,0,0.0068364099116384209,3.7122122187018927e-05,2.0165721271530004e-05,2.6561743476037925e-05,3.7150089958889454e-05,4.8445514225194348e-05,6.1001563955409255e-05
2787,8.5999999999999996,54134.440551259584,5.4878861408621118,27.32167835346641,0,0.0068706459292330194,3.7308025847678594e-05,2.0266709070269885e-05,2.669476187732494e-05,3.7336133679191858e-05,4.8688124235247949e-05,6.1307053334172217e-05
2788,8.5999999999999996,54544.947888175047,5.4465841025945316,13.383531825004994,0,0.0070692225825232779,3.8386309169218568e-05,2.085246116721003e-05,2.7466298720960736e-05,3.8415229378370069e-05,5.0095317221933428e-05,6.3078960895641682e-05
2789,8.5999999999999996,55257.419542384356,5.3763575734242881,27.278058305018618,0,0.0072503286848683117,3.9369726335094136e-05,2.1386679452489516e-05,2.81699566195669e-05,3.93993874498116e-05,5.1378706949996578e-05,6.4694978019791524e-05
2790,8.5999999999999996,54895.719936426649,5.4117815813077312,13.352188959334544,0,0.0073021520269277631,3.9651130238741799e-05,2.1539545515940585e-05,2.8371307670139616e-05,3.9681003362895068e-05,5.1745947722183771e-05,6.5157399810743648e-05
2791,8.5999999999999996,47928.892284771566,6.1984250393154534,27.306639067462324,0,0.0064037525288836196,3.4772766247961388e-05,1.8889488819194217e-05,2.4880724554954421e-05,3.4798964017281537e-05,4.5379532275340828e-05,5.7140944515377509e-05
2792,8.5999999999999996,54619.717282553233,5.4391282274080277,13.362945299878545,0,0.0074560255302147547,4.0486672733149567e-05,2.1993434357959374e-05,2.8969157795409358e-05,4.051717535423068e-05,5.2836356443825783e-05,6.6530419344845091e-05
2793,8.5999999999999996,48038.738202527238,6.1842516510758871,27.193396715836705,0,0.0070163197569687715,3.8099043604447556e-05,2.0696410893982213e-05,2.7260753515260862e-05,3.8127747387993287e-05,4.9720426801218504e-05,6.2606906829516836e-05
2794,8.5999999999999996,53724.465592636407,5.5297645638247221,13.377474343599882,0,0.0073677951672178167,4.0007576488466893e-05,2.1733176571946107e-05,2.8626353268031229e-05,4.0037718158888779e-05,5.2211121070156124e-05,6.5743136223918726e-05
2795,8.5999999999999996,48207.953192310757,6.1625442768635663,27.09464588168321,0,0.0078223995685387654,4.2476106075006619e-05,2.307414731014632e-05,3.0392643710973803e-05,4.2508107533292573e-05,5.5432628305048038e-05,6.979958980409093e-05
2796,8.5999999999999996,52582.66957069825,5.6498395473274252,13.400568282938201,0,0.0072247083364193878,3.9230606282626854e-05,2.1311105750447319e-05,2.8070412980132921e-05,3.9260162584427902e-05,5.1197150991345862e-05,6.4466366607563862e-05
2797,8.5999999999999996,48574.028707891834,6.1161005983494654,27.140049496248789,0,0.0086474755479036217,4.695631889364025e-05,2.5507917730989735e-05,3.3598340384431144e-05,4.6991695740041457e-05,6.1279444194062914e-05,7.7161776357242601e-05
2798,8.5999999999999996,52121.420541574043,5.6998378585559859,13.462222040256247,0,0.0071767962007070491,3.8970440467653333e-05,2.1169776780010089e-05,2.788425827691454e-05,3.8999800760774573e-05,5.0857626579818105e-05,6.4038844670074295e-05
2799,8.5999999999999996,49005.589136526607,6.0622400685139057,27.321693584155312,0,0.0094802786488094939,5.1478490452856602e-05,2.7964481252487058e-05,3.6834059514533635e-05,5.1517274299048673e-05,6.7181017533460895e-05,8.4592912330479954e-05
2800,8.5999999999999996,51084.905288917573,5.8154878503617597,13.506347209579587,0,0.007014326331091586,3.8088219180526212e-05,2.0690530779838332e-05,2.7253008387705218e-05,3.8116914808961167e-05,4.9706300594197816e-05,6.2589119409261294e-05
2801,8.5999999999999996,51103.145633928609,5.8134121169899249,18.64504851222237,0,0.0050256087509492732,2.7289361598883268e-05,1.4824304949718359e-05,1.9526174143886857e-05,2.7309921378193426e-05,3.5613458435236569e-05,4.4843711479907972e-05
2802,8.5999999999999996,50572.753128691133,5.8743815130768251,13.571136816843778,0,0.0068948557410068402,3.7439486600092297e-05,2.0338122037394039e-05,2.6788825109087075e-05,3.7467693474012541e-05,4.8859684571131438e-05,6.1523078470224256e-05
2803,8.5999999999999996,51602.043153553604,5.75720703849926,18.689879779795607,0,0.0049669911161683185,2.6971064271956138e-05,1.4651397400307563e-05,1.9298424989235793e-05,2.6991384246360163e-05,3.5198070607951151e-05,4.4320663938402631e-05
2804,8.5999999999999996,50676.276768125492,5.8623810783084584,13.597796581714581,0,0.0067948216273712057,3.6896295270542229e-05,2.0043046101443133e-05,2.6400159054888202e-05,3.6924092904626708e-05,4.8150803135147096e-05,6.0630470001811871e-05
2805,8.5999999999999996,52412.634628128122,5.6681685275394731,18.772999003177954,0,0.0048930955416319945,2.6569806801664986e-05,1.4433423700871809e-05,1.9011315918800039e-05,2.6589824469069055e-05,3.4674417235252723e-05,4.3661290718487133e-05
2806,8.5999999999999996,51350.319972827034,5.7854293060255255,13.487379937039496,0,0.00674463405267961,3.6623773683327302e-05,1.9895005147842346e-05,2.6205163508706395e-05,3.6651365999904807e-05,4.7795154059817291e-05,6.0182644229676076e-05
2807,8.5999999999999996,53498.145234012685,5.5531578664096104,18.827227041030618,0,0.0048159252522240016,2.6150767430176426e-05,1.4205790401119611e-05,1.8711483483688575e-05,2.6170469393712933e-05,3.412755793313383e-05,4.2972697084456355e-05
2808,8.5999999999999996,50439.697311204131,5.8898776535399708,35.472667659258306,0,0.010196946044545723,5.5370038059836912e-05,3.007847311862817e-05,3.9618552511476192e-05,5.5411753794328546e-05,7.2259607168024165e-05,9.0987764678542669e-05
2809,8.5999999999999996,52737.92749526105,5.6332066911669374,13.327460501098678,0,0.0068043539023449505,3.6948056104206282e-05,2.0071163959015843e-05,2.6437195137549753e-05,3.6975892734854063e-05,4.8218352619278061e-05,6.071552687946654e-05
2810,8.5999999999999996,54588.282918718374,5.4422603196172536,18.841136047002163,0,0.0047417979303278684,2.57482515576071e-05,1.3987133104192817e-05,1.8423473997098427e-05,2.5767650266064555e-05,3.3602262306655808e-05,4.2311255973414714e-05
2811,8.5999999999999996,50621.863439236091,5.8686825387450519,35.454806855208119,0,0.0092647784866370861,5.0308311447371948e-05,2.7328808982902982e-05,3.5996769167604126e-05,5.0346213681804099e-05,6.5653897845350642e-05,8.2669995610290097e-05
2812,8.5999999999999996,48400.552948724282,6.1380217362250562,7.0493255300268167,0,0.0069656911652522958,3.7824127267927692e-05,2.0547069049048887e-05,2.7064044470146888e-05,3.785262392976458e-05,4.9361652504196539e-05,6.2155145844514e-05
2813,8.5999999999999996,49485.297724625729,6.0034729445861545,18.741054329127859,0,0.0042113578156406616,2.2867929428766869e-05,1.2422465736045339e-05,1.6362536394200206e-05,2.2885158105246972e-05,2.9843353105212952e-05,3.7578117235563432e-05
2814,8.5999999999999996,51123.902310636709,5.811051829327412,35.458304196871524,0,0.008395117711578531,4.5586000472715346e-05,2.4763524423128746e-05,3.2617845621935467e-05,4.5620344922509662e-05,5.9491136396908535e-05,7.4909977110092961e-05
2815,8.5999999999999996,50368.203769591477,5.8982378526656545,7.1382152570645259,0,0.0070454889290065929,3.8257433985141196e-05,2.0782452749376901e-05,2.737408552359436e-05,3.8286257099850469e-05,4.9927131132462553e-05,6.2867184539102728e-05
2816,8.5999999999999996,50698.083060460813,5.8598595471605792,18.809531081353011,0,0.0041774115903883274,2.26835993581753e-05,1.2322332753162941e-05,1.6230643933276047e-05,2.2700689160553937e-05,2.9602796678724553e-05,3.7275213685668089e-05
2817,8.5999999999999996,51788.123697287112,5.7365207471330715,35.465793297790114,0,0.0075372365941542693,4.092765375644487e-05,2.2232986944877932e-05,2.928468999369156e-05,4.0958488612213335e-05,5.3411850278188625e-05,6.7255068974522714e-05
2818,8.5999999999999996,51780.003860472891,5.737420314705016,7.2711673549383402,0,0.0070560416006884858,3.831473563507705e-05,2.0813580525294017e-05,2.7415086189415188e-05,3.8343601920795388e-05,5.0001911552695784e-05,6.2961346458125097e-05
2819,8.5999999999999996,51491.470866397249,5.76957000928196,18.916498443874197,0,0.0041430849645240483,2.2497203689092833e-05,1.2221077682399454e-05,1.609727348849732e-05,2.251415306115005e-05,2.9359544582506654e-05,3.6968915805626052e-05
2820,8.5999999999999996,52229.179294800771,5.6880780065053598,35.484819236846583,0,0.0069901837488911154,3.795712348879037e-05,2.0619316123356008e-05,2.7159206365365048e-05,3.7985720349854713e-05,4.9535216673756674e-05,6.2373694165429206e-05
2821,8.5999999999999996,52331.907864458721,5.6769121969341789,7.3960490205102438,0,0.0070479673416152756,3.8270891916552352e-05,2.0789763454631346e-05,2.7383714987127191e-05,3.8299725170454468e-05,4.9944694147969487e-05,6.2889299515707484e-05
2822,8.5999999999999996,51773.388424058256,5.7381534237487033,19.038259130700911,0,0.0041541828784727678,2.2557466037745159e-05,1.225381378837875e-05,1.61403926032425e-05,2.257446081139906e-05,2.943818880586684e-05,3.7067942943592419e-05
2823,8.5999999999999996,52239.797349717861,5.6869218702316786,35.539858489100524,0,0.0066867342105154425,3.6309374014025989e-05,1.9724214909421967e-05,2.5980203218913135e-05,3.6336729462188942e-05,4.738485279592944e-05,5.9666001580912045e-05
2824,8.5999999999999996,52322.209399636035,5.6779644715585729,7.5575118628704603,0,0.0070931582496024052,3.851628129924349e-05,2.09230654751735e-05,2.7559296808714554e-05,3.8545299429275263e-05,5.0264934859693461e-05,6.3292539827422377e-05
2825,8.5999999999999996,51809.171550591585,5.7341902437964984,19.227142822660781,0,0.0042462007158580754,2.3057128499030192e-05,1.252524368867804e-05,1.6497912737851067e-05,2.3074499717911524e-05,3.0090263726423083e-05,3.7889021852676294e-05
2826,8.5999999999999996,52024.011789217737,5.710510124598918,35.645726431237442,0,0.0066151255261691459,3.5920534496748153e-05,1.9512986971394138e-05,2.5701979483232098e-05,3.594759699358525e-05,4.6877405234857936e-05,5.9027034375262662e-05
2827,8.5999999999999996,51902.724223058904,5.7238545855093195,7.7262443440943729,0,0.0074189141996148754,4.0285155947752275e-05,2.1883965095793172e-05,2.8824967839542278e-05,4.0315506746277179e-05,5.2573370824512406e-05,6.6199273431080492e-05
2828,8.5999999999999996,51570.61619717288,5.7607154606942155,19.433873846665229,0,0.0044935206223001879,2.4400090653858887e-05,1.3254776347292016e-05,1.7458833454475958e-05,2.4418473659162011e-05,3.1842870752710012e-05,4.0095867446383334e-05
2829,8.5999999999999996,51955.678142077639,5.7180207566953225,35.762628413474204,0,0.0068443943480584434,3.7165478163066231e-05,2.018927338754375e-05,2.6592765687217557e-05,3.7193478599288247e-05,4.8502095110946656e-05,6.1072809406635738e-05
2830,8.5999999999999996,50616.681907752049,5.8692833043859078,7.7662830344450464,0,0.008365517840009903,4.542527136733797e-05,2.4676212110461559e-05,3.2502840201591801e-05,4.5459494723975768e-05,5.9281379957830671e-05,7.4645856251059681e-05
2831,8.5999999999999996,50655.962300610758,5.8647320582240612,19.431266020892771,0,0.0050590528440840775,2.7470965061494642e-05,1.4922956766834738e-05,1.9656115653263448e-05,2.7491661660682382e-05,3.5850456554227736e-05,4.5142134484476536e-05
2832,8.5999999999999996,51809.086265843878,5.7341996830474766,35.716409270411518,0,0.0076598513685073484,4.1593459448950205e-05,2.2594670254587946e-05,2.9761089481848968e-05,4.1624795922099929e-05,5.4280747239008437e-05,6.8349165597787482e-05
2833,8.5999999999999996,52663.840210413669,5.6411314643522044,14.21650439409051,0,0.0059905025987509498,3.2528793958639513e-05,1.7670503560228453e-05,2.3275110090996117e-05,3.2553301121351688e-05,4.2451079238210879e-05,5.3453498565180695e-05
2834,8.5999999999999996,49368.390918454184,6.0176894672402579,19.270221522881993,0,0.0062870603251735328,3.413912047475757e-05,1.8545275630547919e-05,2.4427336238475012e-05,3.4164840855949363e-05,4.4552605000956339e-05,5.6099695231071137e-05
2835,8.5999999999999996,50965.920126569377,5.8290647025855771,35.569108954716327,0,0.0097531606123149317,5.296025613437858e-05,2.8769415667948356e-05,3.7894297389025257e-05,5.3000156341438643e-05,6.9114767442502454e-05,8.7027849200007899e-05
2836,8.5999999999999996,50702.101470908849,5.859395122212792,14.294273039370047,0,0.0063634480794520359,3.4553910632833238e-05,1.8770600644882706e-05,2.4724128262370776e-05,3.4579943516539212e-05,4.5093918948534269e-05,5.6781306272284055e-05
2837,8.5999999999999996,51129.190398814346,5.8104508154205101,28.167567398399502,0,0.0062798574482816737,3.410000841454854e-05,1.8524028922168555e-05,2.4399350647972997e-05,3.4125699328751025e-05,4.450156255624675e-05,5.6035423667332155e-05
2838,8.5999999999999996,54692.192657820378,5.4319205650297091,13.881969247988696,0,0.010968345996896426,5.9558786782682355e-05,3.2353912512847829e-05,4.2615699832453121e-05,5.9603658316514161e-05,7.7726053423872484e-05,9.7870997857467631e-05
2839,8.5999999999999996,49539.046700054314,5.9969592843266328,27.960972813796552,0,0.0073122093781801045,3.9705742268578044e-05,2.1569212218889353e-05,2.8410383850103359e-05,3.9735656537383119e-05,5.181721810524456e-05,6.5247141965408376e-05
2840,8.5999999999999996,51198.257284193067,5.8026124677548907,13.747501138958098,1,0.060949880734912719,0.00033096156450095114,0.00017978709912359238,0.00023681071174795339,0.00033121091063173649,0.00043191504785871661,0.00054385826709947474
2841,8.5999999999999996,53685.421543204284,5.533786221749196,27.578345054124199,1,0.062318607772990406,0.00033839383567908755,0.00018382450593556432,0.00024212867496900659,0.00033864878127597408,0.00044161439094238914,0.00055607147418184288
2842,8.6999999999999993,65910.470097930462,6.3668458639102763,13.32524844053645,1,0.06150513378703551,0.00027344379985364908,0.00014335190910471789,0.00020578002236168387,0.00025924137376120873,0.00037066616572498931,0.0004614014079628824
2843,8.6999999999999993,64825.1137864755,6.4734449261998908,27.113749986379236,1,0.060483850345601817,0.00026890330692633989,0.00014097157234171719,0.00020236307622278869,0.00025493670997048218,0.00036451131012113979,0.00045373990738899027
2844,8.6999999999999993,66721.588839530508,6.289445608686786,13.260227948951377,0,0.01168736046077835,5.1960479684838411e-05,2.7240090888164619e-05,3.9102838232911501e-05,4.9261698901194264e-05,7.0434918562126735e-05,8.7676657864770572e-05
2845,8.6999999999999993,65273.729533831633,6.4289539900410997,27.062082505658637,0,0.011431783738202637,5.0824218922977003e-05,2.6644410351466427e-05,3.8247745650414882e-05,4.818445450576981e-05,6.8894662684727644e-05,8.5759363284983317e-05
2846,8.6999999999999993,67387.970266955977,6.2272509806867395,13.292700164518941,0,0.0094875879305276571,4.2180578033568167e-05,2.2113013319332104e-05,3.1742977151509828e-05,3.9989756583680505e-05,5.7177793521500378e-05,7.1174325780262745e-05
2847,8.6999999999999993,65736.770721835768,6.3836692816429776,27.115359608381816,0,0.0092539721583352816,4.1141952791727092e-05,2.1568517845885806e-05,3.09613601406072e-05,3.9005076606800219e-05,5.5769887267182408e-05,6.9421778641919331e-05
2848,8.6999999999999993,60349.936935401885,6.9534754341263332,13.321587617205362,0,0.007523064657985805,3.3446563887614029e-05,1.7534238438935305e-05,2.5170198294488249e-05,3.1709379311060599e-05,4.5338419081116867e-05,5.6436794974050198e-05
2849,8.6999999999999993,66408.627895940721,6.3190855951571532,27.133566081248244,0,0.0080711919902054802,3.5883466489025565e-05,1.8811775689374213e-05,2.7004088373839484e-05,3.4019711373628156e-05,4.8641757258811562e-05,6.0548756159352198e-05
2850,8.6999999999999993,60931.841360396815,6.8870691343350794,13.327285384930756,0,0.0068264464530517644,3.0349490240657033e-05,1.5910608939320336e-05,2.2839496758495503e-05,2.8773164895862719e-05,4.1140187436077282e-05,5.1210879659694871e-05
2851,8.6999999999999993,67011.405842521097,6.2622444441407765,27.043449001772956,0,0.0073474770418760233,3.2665924256415908e-05,1.7124990975599341e-05,2.4582728251831062e-05,3.0969285403235456e-05,4.4280224676767435e-05,5.5119565528221785e-05
2852,8.6999999999999993,61221.118165088454,6.854526942807337,13.245478230643007,0,0.0063906881589590875,2.8412165721259566e-05,1.4894973665967471e-05,2.1381563965223836e-05,2.6936463277107145e-05,3.8514051272981233e-05,4.7941892535432315e-05
2853,8.6999999999999993,67092.934527598045,6.2546348119379811,26.93914567722798,0,0.0068613638389398001,3.0504728382423229e-05,1.5991991965740987e-05,2.2956321160076857e-05,2.8920340107563058e-05,4.1350620171482313e-05,5.1472824151465393e-05
2854,8.6999999999999993,61087.303436212758,6.8695421196579671,13.094891196262564,0,0.006121591507939673,2.7215797121567967e-05,1.426778181575723e-05,2.0481237253376219e-05,2.5802232991122165e-05,3.6892316342882972e-05,4.5923173673875663e-05
2855,8.6999999999999993,66696.328131552174,6.291827686580989,26.842133828248411,0,0.0065291776032951141,2.90278717211845e-05,1.5217755278070973e-05,2.1844913269543726e-05,2.7520190058767533e-05,3.9348670241589012e-05,4.8980817592093347e-05
2856,8.6999999999999993,66990.655725712626,6.2641841520342343,12.889191636192027,0,0.0065602041652568647,2.916581176743482e-05,1.5290069841365368e-05,2.1948719996253767e-05,2.7650965622542454e-05,3.9535654580129141e-05,4.9213573762057435e-05
2857,8.6999999999999993,65870.9098666192,6.3706696139633641,26.730096265056243,0,0.006281686518039023,2.7927558647861927e-05,1.4640920185236211e-05,2.1016873105698885e-05,2.6477026261130766e-05,3.7857143177512801e-05,4.7124180134953264e-05
2858,8.6999999999999993,66414.610698164252,6.318516355362596,12.778848112806257,0,0.0064453230255293184,2.8655065209474484e-05,1.5022312831729516e-05,2.1564357878061718e-05,2.7166746783423369e-05,3.8843313161535204e-05,4.8351754327565877e-05
2859,8.6999999999999993,65327.617961741715,6.4236507777942906,26.627776427150142,0,0.0061713818026950581,2.7437158275595983e-05,1.4383829588822569e-05,2.0647822501424534e-05,2.6012096845041339e-05,3.7192381987991543e-05,4.6296692284250005e-05
2860,8.6999999999999993,66103.412257644246,6.348262360433031,12.715467685858027,0,0.0064400671815526356,2.8631698412917334e-05,1.5010062874341848e-05,2.1546773204645736e-05,2.7144593637354168e-05,3.8811638349783201e-05,4.8312325849623347e-05
2861,8.6999999999999993,65011.952131679616,6.4548408434409028,26.57015350845159,0,0.0061652991502325512,2.7410115596389787e-05,1.4369652563438962e-05,2.0627471543989224e-05,2.598645873837609e-05,3.7155724341273437e-05,4.6251061224897021e-05
2862,8.6999999999999993,65139.697642348227,6.4421822501456543,12.635252043447776,0,0.0063714290581906377,2.8326542272099629e-05,1.4850085886804891e-05,2.1317128072758012e-05,2.6855287033219827e-05,3.8397984587200648e-05,4.7797413925867293e-05
2863,8.6999999999999993,64492.491534751993,6.5068319419054408,26.492861975703772,0,0.0061400704761665542,2.7297952203236913e-05,1.4310851315984336e-05,2.0543063027272023e-05,2.5880121011420014e-05,3.7003681490431942e-05,4.6061799857294864e-05
2864,8.6999999999999993,63939.807866675677,6.5630757728645062,12.511448098279052,0,0.0062767722625164677,2.7905710509002623e-05,1.4629466378576331e-05,2.1000431297526836e-05,2.6456312895038562e-05,3.7827526978997639e-05,4.7087314197468314e-05
2865,8.6999999999999993,63631.283077029424,6.5948977238662509,26.369218753645676,0,0.0060801076334132684,2.7031365228086858e-05,1.4171094072080228e-05,2.0342443105602296e-05,2.5627380325027657e-05,3.6642310078960981e-05,4.5611968463258374e-05
2866,8.6999999999999993,62579.432554039449,6.7057463899023952,12.468744724970405,0,0.0061238894454076253,2.7226013451724059e-05,1.4273137689368933e-05,2.0488925548554608e-05,2.5811918694238787e-05,3.690616506766213e-05,4.5940412423193643e-05
2867,8.6999999999999993,62346.442482132581,6.7308059164988059,26.323255351047617,0,0.0060194594670455528,2.6761731393565548e-05,1.4029739523326363e-05,2.0139530271129698e-05,2.5371751030411291e-05,3.6276808503700434e-05,4.5156995884069715e-05
2868,8.6999999999999993,61198.304615224755,6.8570821784986684,12.541131096958569,0,0.005995264308822558,2.6654162877001318e-05,1.3973347123069717e-05,2.0058579626954012e-05,2.5269769526268606e-05,3.6130994228120115e-05,4.497548778250816e-05
2869,8.6999999999999993,60997.015457006491,6.8797104380815703,26.395628455483727,0,0.006026978211818074,2.6795158751806029e-05,1.4047263693275233e-05,2.0164686016222109e-05,2.5403442201599333e-05,3.6322120888607117e-05,4.5213400271972796e-05
2870,8.6999999999999993,66907.70797018845,6.2719500736502143,12.605403980096408,0,0.0065809010579755715,2.9257827452007796e-05,1.5338308726497059e-05,2.2017966362926505e-05,2.7738202094859776e-05,3.9660386247131572e-05,4.9368838450594394e-05
2871,8.6999999999999993,66226.337224367031,6.3364791338179165,26.469523646447946,0,0.0069513026747932338,3.090458471173928e-05,1.6201615179745984e-05,2.3257232880994119e-05,2.9299428257210214e-05,4.1892644574697062e-05,5.2147530520481767e-05
2872,8.6999999999999993,66352.136413662854,6.3244655954285172,12.553835630845288,0,0.0065007013527844295,2.8901270026890367e-05,1.5151384804201501e-05,2.1749639215069583e-05,2.7400163943101816e-05,3.9177055582110869e-05,4.8767193439601816e-05
2873,8.6999999999999993,65449.497726457448,6.4116886837735585,26.416294194452227,0,0.0070066194672248295,3.1150515953358649e-05,1.6330543731110098e-05,2.3442308338645588e-05,2.9532586050374029e-05,4.2226016150179215e-05,5.2562508008382278e-05
2874,8.6999999999999993,65872.483661580933,6.3705174088667285,12.469627770727834,0,0.0064843715283137886,2.8828669757949299e-05,1.5113324379500747e-05,2.1695003911675784e-05,2.7331334467115201e-05,3.9078642440787527e-05,4.8644689779523143e-05
2875,8.6999999999999993,64945.427007854829,6.4614526882799135,26.325505685609823,0,0.0071060454267077465,3.1592550796486401e-05,1.6562278876273685e-05,2.3774961483285024e-05,2.9951661999596839e-05,4.282521554876388e-05,5.330838522006876e-05
2876,8.6999999999999993,65328.446983298978,6.4235692613153752,12.416702276366902,0,0.0064584066226364622,2.8713233175113245e-05,1.5052807174360496e-05,2.1608132157369877e-05,2.7221893557016908e-05,3.8922162624579823e-05,4.8449905323340603e-05
2877,8.6999999999999993,64474.201095886281,6.5086778401068903,26.272452056167488,0,0.0072037353388993784,3.2026867399870166e-05,1.6789967762561329e-05,2.4101806269687914e-05,3.0363420587536187e-05,4.3413952503754716e-05,5.4041238890220282e-05
2878,8.6999999999999993,65058.341125865503,6.4502383041019753,12.378797325279637,0,0.0064594710192006684,2.871796534335916e-05,1.5055287996206226e-05,2.1611693348693228e-05,2.7226379940681842e-05,3.8928577305257232e-05,4.8457890251477761e-05
2879,8.6999999999999993,64122.805856418585,6.5443456244107105,26.236595661356759,0,0.007263869236294968,3.2294214861641323e-05,1.6930123688787151e-05,2.4302998495260603e-05,3.0616882261555574e-05,4.3776354791259721e-05,5.4492353508077906e-05
2880,8.6999999999999993,65115.953143456602,6.4445313885965838,12.389050518356472,0,0.0064947574949074903,2.8874844410302198e-05,1.5137531271632064e-05,2.1729752627861002e-05,2.7375110849374802e-05,3.9141234393322179e-05,4.8722603594424874e-05
2881,8.6999999999999993,63818.349280670402,6.5755665676312551,26.252511877640487,0,0.0072923929004562339,3.2421027350839584e-05,1.6996604671111933e-05,2.4398431183355655e-05,3.0737108223626865e-05,4.3948255193325219e-05,5.4706333349985718e-05
2882,8.6999999999999993,65501.216307881783,6.4066261297943994,12.460837057810732,0,0.0065619304900927768,2.9173486782410774e-05,1.5294093439815211e-05,2.1954495825708386e-05,2.7658242004113619e-05,3.9546058430479893e-05,4.9226524367329661e-05
2883,8.6999999999999993,65696.428127581778,6.3875893392019796,12.492178563682783,0,0.0065696194710502046,2.9207670988517559e-05,1.5312014384481936e-05,2.1980221136360284e-05,2.7690650713167554e-05,3.9592396758914246e-05,4.928420583912096e-05
2884,8.6999999999999993,66072.913088951274,6.3511927098846659,12.495194388656158,0,0.0066037318634871063,2.9359330234432595e-05,1.5391521187879705e-05,2.2094352241298323e-05,2.78344329136623e-05,3.9797978129602323e-05,4.9540111402286915e-05
2885,8.6999999999999993,66576.769707834319,6.3031265375738075,12.52539389319521,0,0.006609396524700723,2.9384514579084186e-05,1.5404723988189271e-05,2.2113304709806815e-05,2.785830920600555e-05,3.9832116714837381e-05,4.9582606759969499e-05
2886,8.6999999999999993,60552.344288388049,6.9302321629827306,20.308402523478208,0,0.007006114776914811,3.114827216609044e-05,1.6329367433864759e-05,2.3440619777433106e-05,2.9530458803407196e-05,4.222297458908383e-05,5.2558721904600531e-05
2887,8.6999999999999993,67057.665061371037,6.257924482567879,26.563314890489163,0,0.0069972019431819065,3.1108646870227692e-05,1.6308594017850923e-05,2.3410799776858622e-05,2.9492891609926666e-05,4.216926060291547e-05,5.2491859290374854e-05
2888,8.6999999999999993,61136.690078520682,6.8639928558844945,12.714873289723542,0,0.0060652908711117132,2.6965491836130759e-05,1.4136560187965234e-05,2.0292870110796705e-05,2.5564928338059404e-05,3.6553015541535988e-05,4.5500815546965885e-05
2889,8.6999999999999993,60703.959428132286,6.9129231088823202,26.667051450319477,0,0.0062441744404969938,2.7760784845547895e-05,1.4553489631085174e-05,2.0891367547379797e-05,2.6318914540761132e-05,3.7631073301800847e-05,4.6842770692719783e-05
2890,8.6999999999999993,63040.921439829443,6.6566572053031487,12.977092724921659,0,0.0063259891655192291,2.812452243811252e-05,1.4744177729828684e-05,2.1165098127381225e-05,2.6663759928499002e-05,3.8124137027649186e-05,4.7456531317126595e-05
2891,8.6999999999999993,62216.640697906623,6.7448483110646302,26.938362895037855,0,0.0062620617505440282,2.7840309492146623e-05,1.4595180135374931e-05,2.095121378841415e-05,2.6394308748430724e-05,3.7738872768642517e-05,4.6976958353687199e-05
2892,8.6999999999999993,64353.570338212747,6.5208783557143182,20.827245007565189,0,0.0070063148259552474,3.1149161558022558e-05,1.632983369432296e-05,2.3441289088976381e-05,2.9531302001118821e-05,4.2224180202440143e-05,5.2560222639632484e-05
2893,8.6999999999999993,63885.748560759115,6.5686293639071378,27.136450402814809,0,0.0063482108057307182,2.8223316951094965e-05,1.4795970390889876e-05,2.1239445898665926e-05,2.6757423142948721e-05,3.8258057721193777e-05,4.7623234410828132e-05
2894,8.6999999999999993,66330.940053475759,6.3264866078043944,21.033850162829175,0,0.0072180224771707371,3.2090386152491404e-05,1.682326723564164e-05,2.414960728160254e-05,3.0423640233028024e-05,4.350005521479936e-05,5.4148418654059036e-05
2895,8.6999999999999993,65266.91617248689,6.429625123123091,27.226566169511983,0,0.0064316236502791006,2.8594159574556085e-05,1.4990383276020224e-05,2.151852336683064e-05,2.7109004532640957e-05,3.8760752656677043e-05,4.8248983865338304e-05
2896,8.6999999999999993,67333.386410314604,6.2322991060361517,13.333546674920099,0,0.0070022284427002628,3.1130994031247148e-05,1.632030943504789e-05,2.3427617123957968e-05,2.9514078079414901e-05,4.219955324986652e-05,5.2529567263873859e-05
2897,8.6999999999999993,67353.616116547972,6.2304272305921451,27.253226627696268,0,0.0066061537169192202,2.9370097478797249e-05,1.5397165876244542e-05,2.2102455126744319e-05,2.7844640916996843e-05,3.9812573644974063e-05,4.9558279748807814e-05
2898,8.6999999999999993,60508.096615341587,6.935300024377101,13.375225209163382,0,0.0063221492952275716,2.8107450875807956e-05,1.4735228025907552e-05,2.1152250929987601e-05,2.6647575047852764e-05,3.8100995707400724e-05,4.7427725241115113e-05
2899,8.6999999999999993,60727.488865929619,6.9102446316831845,27.28693892980311,0,0.0059026333898541073,2.6242337897409001e-05,1.3757449388057378e-05,1.9748660903051827e-05,2.4879334367322475e-05,3.5572745746285983e-05,4.4280585848290307e-05
2900,8.6999999999999993,61518.07523888888,6.8214391022772496,13.33741625383486,0,0.0065522588846338211,2.9130488086455744e-05,1.527155153117634e-05,2.1922137174241849e-05,2.7617476621920683e-05,3.9487771638936785e-05,4.9153969572286446e-05
2901,8.6999999999999993,62293.66027065034,6.7365090140497772,27.238476392935311,0,0.0061804112498113836,2.7477302019346138e-05,1.4404874799239754e-05,2.0678032659749604e-05,2.6050155558690274e-05,3.7246798755099371e-05,4.636442971291774e-05
2902,8.6999999999999993,62003.793869352419,6.7680020486425976,13.322354640716236,0,0.0066933796389402698,2.9757892547185534e-05,1.560046601844783e-05,2.2394290150567868e-05,2.8212294256807828e-05,4.0338248431396276e-05,5.0212634284003643e-05
2903,8.6999999999999993,63157.253701635411,6.644396001033277,27.217468702414621,0,0.00639592326667147,2.843544032709123e-05,1.4907175292705449e-05,2.1399079260546175e-05,2.6958529020754579e-05,3.8545601115789887e-05,4.798116545332718e-05
2904,8.6999999999999993,62281.448833275688,6.7378298320379564,13.368831823877036,0,0.0068355815823635752,3.039010383365929e-05,1.593190046648457e-05,2.2870060501687579e-05,2.881166905521436e-05,4.1195241106347074e-05,5.1279409898828843e-05
2905,8.6999999999999993,63797.270973260616,6.5777391027787884,27.250200584517511,0,0.0066481309063430418,2.9556722585946366e-05,1.5495003404142473e-05,2.2242899776588094e-05,2.8021572883205489e-05,4.006555291505443e-05,4.987318572673056e-05
2906,8.6999999999999993,61873.144858803003,6.7822931077615323,13.461836589460518,0,0.0069236747221869746,3.0781754439245433e-05,1.6137221859922057e-05,2.3164797008489409e-05,2.9182977679073824e-05,4.1726142258079834e-05,5.1940270159488179e-05
2907,8.6999999999999993,64355.095093189622,6.520723857586205,27.32635412657454,0,0.0069455615205844074,3.087906028921151e-05,1.6188234094857205e-05,2.3238024487015744e-05,2.9275229550331133e-05,4.1858044997614763e-05,5.210446132491743e-05
2908,8.6999999999999993,60886.538380008344,6.8921934978845307,13.483980029596486,0,0.0068501722024733288,3.0454971826936836e-05,1.5965907274030051e-05,2.29188768841192e-05,2.8873167863011082e-05,4.1283172777715493e-05,5.1388866333555129e-05
2909,8.6999999999999993,64736.485261644732,6.4823074999411672,27.359028109074753,0,0.0071171155643239619,3.1641767183937279e-05,1.6588080386873293e-05,2.3811999256003307e-05,2.9998322131957336e-05,4.2891930718890304e-05,5.3391431573567489e-05
2910,8.6999999999999993,66753.600574094366,6.2864295007668014,13.425109912484318,0,0.0074028007367132713,3.2911886185230209e-05,1.7253935614612839e-05,2.4767826803118817e-05,3.120247228972878e-05,4.46136378502119e-05,5.5534594796835388e-05
2911,8.6999999999999993,64656.153821855245,6.4903613828873015,27.370074037045352,0,0.0071704690263292075,3.1878969714649225e-05,1.6712432943560358e-05,2.3990505925747791e-05,3.0223204575641605e-05,4.3213470108725874e-05,5.3791680479197927e-05
2912,8.6999999999999993,66322.068149051294,6.3273329020484299,13.410547856972208,0,0.007320633669750048,3.2546582126368231e-05,1.706242630165861e-05,2.4492917379530992e-05,3.0856141796550247e-05,4.4118450704280578e-05,5.4918190961079433e-05
2913,8.6999999999999993,64614.282117592971,6.494567302747015,27.395961002828255,0,0.007228386181185392,3.2136461828322599e-05,1.6847422239694492e-05,2.4184281513045887e-05,3.0467322779517827e-05,4.3562512999918926e-05,5.4226165458750649e-05
2914,8.6999999999999993,65789.021793176202,6.3785992327205685,13.426451998165138,0,0.0072958494890686043,3.2436394892807221e-05,1.7004661048621633e-05,2.4409996020925337e-05,3.0751677589226506e-05,4.3969086632402687e-05,5.4732264109814948e-05
2915,8.6999999999999993,63833.565894732244,6.5739990873049541,27.442823885868705,0,0.0072266547798132443,3.2128764243728911e-05,1.6843386809205334e-05,2.4178488698834453e-05,3.0460025000574663e-05,4.3552078555370487e-05,5.4213176770137696e-05
2916,8.6999999999999993,66194.894850853467,6.3394889421140892,13.421233976182878,0,0.0072809952211901974,3.2370354755950029e-05,1.6970039749103845e-05,2.4360297542311031e-05,3.0689067517938001e-05,4.3879566064278965e-05,5.4620829832847331e-05
2917,8.6999999999999993,63575.528480087189,6.6006813307549397,27.500628479161037,0,0.0071818085713860136,3.1929383852429679e-05,1.6738862370377e-05,2.402844506499819e-05,3.0271000248252159e-05,4.3281808886783422e-05,5.387674788305051e-05
2918,8.6999999999999993,67377.083968359861,6.2282571345541369,13.436847888877729,0,0.0073494630969203655,3.2674753998009901e-05,1.7129619935243251e-05,2.458937307034087e-05,3.0977656535958186e-05,4.4292193814347948e-05,5.5134464586842227e-05
2919,8.6999999999999993,63905.017870898613,6.5666487220010472,27.501181779162128,0,0.0072016240394274294,3.2017480837892467e-05,1.678504689187363e-05,2.4094742416220752e-05,3.0354521555181839e-05,4.340122856947836e-05,5.402540026848244e-05
2920,8.6999999999999993,59991.355071510814,6.995037925567269,13.430787390528138,0,0.0065064943265441691,2.8927024832380272e-05,1.5164886666513153e-05,2.1769020983654096e-05,2.742458106705829e-05,3.9211967454331213e-05,4.88106513769228e-05
2921,8.6999999999999993,64516.204907739782,6.5044403112596525,27.470330287803261,0,0.0072526079890907948,3.2244148825897662e-05,1.6903876753186488e-05,2.4265321320058952e-05,3.0569416610873747e-05,4.3708487882183393e-05,5.4407873481850912e-05
2922,8.6999999999999993,61630.506760461867,6.8089948629240444,13.347495464125723,0,0.0066942808628445913,2.9761899271075769e-05,1.5602566528750965e-05,2.2397305409031109e-05,2.8216092875047268e-05,4.0343679737508559e-05,5.0219395117656707e-05
2923,8.6999999999999993,64969.141993785852,6.4590941338201491,27.397197280895835,0,0.0073143899231583875,3.2518823243682787e-05,1.7047873809227982e-05,2.4472027443453436e-05,3.0829824685373097e-05,4.408082220944789e-05,5.4871351400038384e-05
2924,8.6999999999999993,63939.536960682279,6.5631035800186774,13.293886197947606,0,0.0069571620088281589,3.0930634546354213e-05,1.621527170999429e-05,2.3276836673628836e-05,2.9324125086743165e-05,4.1927956373025113e-05,5.2191486281683753e-05
2925,8.6999999999999993,66000.950613435911,6.3581175730211887,27.347385923749119,0,0.0074435651851531134,3.3093119604198531e-05,1.7348946569758245e-05,2.4904213940175668e-05,3.1374292607212421e-05,4.4859308428759202e-05,5.5840402991157826e-05
2926,8.6999999999999993,66479.119309886097,6.3123851261517192,13.341505569417217,0,0.0071629751460988026,3.1845652900918759e-05,1.6694966726165397e-05,2.3965433370882239e-05,3.0191618207380723e-05,4.3168307572196408e-05,5.3735462621004391e-05
2927,8.6999999999999993,67517.197988481028,6.2153320403341485,27.38581881269722,0,0.0075974671317008829,3.3777347577990307e-05,1.7707650575328677e-05,2.541912942856019e-05,3.2022982392779199e-05,4.5786812214410649e-05,5.6994950107033498e-05
2928,8.6999999999999993,68944.529488503991,6.0866584636183898,13.48472252852712,0,0.0075580216152221491,3.3601977958431683e-05,1.761571369551589e-05,2.5287155091407006e-05,3.185672131421501e-05,4.5549090296776255e-05,5.669903632357389e-05
2929,8.6999999999999993,59809.910413468497,7.0162586940924756,27.39242766437879,0,0.0067425913774079834,2.9976681515446455e-05,1.5715165332559327e-05,2.2558939701244532e-05,2.841971952198523e-05,4.0634827355517454e-05,5.0581812660168565e-05
2930,8.6999999999999993,61802.782604857108,6.7900147249747071,13.523553630939773,0,0.0068164794256888525,3.0305178137462577e-05,1.5887378481753661e-05,2.2806149702935535e-05,2.8731154323626205e-05,4.1080120258123019e-05,5.1136108658067989e-05
2931,8.6999999999999993,61474.950303540434,6.8262243704038044,27.54779243894459,0,0.0070773037449226323,3.1464769029378653e-05,1.6495289753560081e-05,2.3678799365486333e-05,2.9830517103042671e-05,4.2652001244074055e-05,5.3092769845768608e-05
2932,8.6999999999999993,63001.263505352974,6.6608474272223939,13.682619966812267,0,0.0073942012678945091,3.2873654068889038e-05,1.7233892567853127e-05,2.4739055239236838e-05,3.1166225915273081e-05,4.4561812385603384e-05,5.5470082994707639e-05
2933,8.6999999999999993,62225.349270861509,6.7439043548751547,27.665935924015781,0,0.0075473928484290622,3.3554723848071994e-05,1.7590940901483875e-05,2.5251594029529931e-05,3.1811921540030819e-05,4.5485035087218947e-05,5.661930106147008e-05
2934,8.6999999999999993,62714.175873537104,6.6913388892743573,13.898376807187168,0,0.0080809440789986631,3.5926823003383401e-05,1.8834505182998308e-05,2.7036716301402131e-05,3.4060815989456481e-05,4.8700529090335337e-05,6.0621914727144834e-05
2935,8.6999999999999993,61878.270187727205,6.7817313357059756,27.835278117724112,0,0.0081600039629043143,3.6278312931785222e-05,1.9018772488727855e-05,2.730122990662977e-05,3.4394049845740243e-05,4.9176990520879326e-05,6.121500898613397e-05
2936,8.6999999999999993,61556.419475614493,6.8171899455203224,14.112395224265445,0,0.009047527613537245,4.0224127281679486e-05,2.1087351188749109e-05,3.0270650919616245e-05,3.8134922131821549e-05,5.4525730834321213e-05,6.7873065587072698e-05
2937,8.6999999999999993,61089.110947454872,6.8693388629004719,28.018440066050363,0,0.0091076306244598296,4.0491337426221617e-05,2.1227435126921282e-05,3.0471739807163078e-05,3.8388253620745816e-05,5.4887946981746252e-05,6.8323948499684695e-05
2938,8.6999999999999993,67219.173952822515,6.2428884387349699,14.087993177247904,0,0.013147562101591126,5.8452345658155624e-05,3.0643427813064953e-05,4.3988289378167899e-05,5.5416383169395423e-05,7.9234953779666527e-05,9.863085065319015e-05
2939,8.6999999999999993,60341.718726373983,6.9544224591000026,28.11846274076078,0,0.01067551503483904,4.7461946942979709e-05,2.4881751598479971e-05,3.5717469214817462e-05,4.4996815921461695e-05,6.4336941999097936e-05,8.008595973238783e-05
2940,8.6999999999999993,64343.805286589952,6.5218679881037289,13.916284915018949,0,0.015403960430252632,6.8483998220834552e-05,3.5902484873802577e-05,5.1537605507396506e-05,6.4927000681425033e-05,9.2833339236874184e-05,0.00011555798017337606
2941,8.6999999999999993,70374.180815410873,5.9630080104533922,13.864578872126028,1,0.081659607558670938,0.0003630479605607732,0.00019032656169500143,0.00027321159771237968,0.00034419157460272541,0.00049212889664114695,0.00061259695868199563
2942,8.6999999999999993,66146.538851300895,6.3441233845168519,27.775419051308408,0,0.016600218511844976,7.380240556824199e-05,3.869064041821596e-05,5.5539970832424161e-05,6.9969174713900947e-05,0.00010004269509091887,0.0001245321117482273
2943,8.6999999999999993,63019.203869728306,6.6589512111080191,27.664856355875372,1,0.081747158479249959,0.00036343720053034557,0.00019053061932135072,0.0002735045200960122,0.00034456059779684696,0.00049265653006031948,0.00061325375130297395
2944,8.8000000000000007,81113.430449085601,7.3077886123726357,13.324895016621999,1,0.064781822167902986,0.00023600253131402044,0.00011876566089068639,0.00017869868466589717,0.00023433067306613734,0.00032660522572861792,0.00035310723102446873
2945,8.8000000000000007,79438.862441653284,7.4618365007641083,27.124824650864788,1,0.059122874697202683,0.00021538678012077833,0.00010839101235793186,0.00016308865031109657,0.00021386096527961981,0.00029807497211419888,0.00032226192280339268
2946,8.8000000000000007,82170.589159013136,7.2137708809562415,13.26102768708971,0,0.012627598605097488,4.6002800407441353e-05,2.3150399967288531e-05,3.4832846402055507e-05,4.5676913388947614e-05,6.3663533300112313e-05,6.8829437467469654e-05
2947,8.8000000000000007,80438.557615015365,7.369100353381496,27.071351300591605,0,0.011045283710484657,4.0238369769836864e-05,2.0249514072032263e-05,3.0468078926671541e-05,3.9953318376504307e-05,5.5686105434787002e-05,6.0204690395715635e-05
2948,8.8000000000000007,78732.598137513371,7.5287722921451259,21.045087355951843,0,0.011459235887374849,4.1746412586783718e-05,2.1008419922782791e-05,3.1609953407033303e-05,4.1450678113877243e-05,5.7773094340774583e-05,6.2461025615484557e-05
2949,8.8000000000000007,81223.170449066238,7.2979151154659476,27.013672924093441,0,0.0087425346393982389,3.1849371258049625e-05,1.6027843453009514e-05,2.4116015703561994e-05,3.1623748110148678e-05,4.4076523379356987e-05,4.7653062160745077e-05
2950,8.8000000000000007,76136.791176823186,7.785458175793857,13.203843710013439,0,0.0085091435771784095,3.0999119140608592e-05,1.559996348880173e-05,2.3472213562224201e-05,3.0779519237489849e-05,4.2899854708911398e-05,4.6380914064745152e-05
2951,8.8000000000000007,81644.57013710383,7.2602477096872429,26.925138879242951,0,0.0076298859844785537,2.7795951791959206e-05,1.3988004985697269e-05,2.1046808254995662e-05,2.7599043347789535e-05,3.8466973463412568e-05,4.1588331770428129e-05
2952,8.8000000000000007,76397.794249291226,7.7588601761471256,13.099984070782387,0,0.0077439204475276292,2.8211383483072565e-05,1.4197066384637792e-05,2.136136885041448e-05,2.8011532092082143e-05,3.9041891708973094e-05,4.2209901095604839e-05
2953,8.8000000000000007,81629.248801535607,7.2616104159855572,26.854235054758309,0,0.0069123654038899278,2.5181998253419788e-05,1.2672561808822584e-05,1.9067549572836724e-05,2.5003607236833022e-05,3.4849508511891223e-05,3.7677331787160441e-05
2954,8.8000000000000007,80673.409605241366,7.3476478339871214,21.023456159486223,0,0.0076340529829040972,2.7811132318586889e-05,1.3995644417645592e-05,2.1058302793320308e-05,2.761411633451708e-05,3.8487981879289754e-05,4.1611044890042352e-05
2955,8.8000000000000007,81014.198647029159,7.3167396980485275,26.821937031371313,0,0.006433834741349443,2.3438693667478633e-05,1.1795263077617128e-05,1.7747537305403879e-05,2.3272652341102181e-05,3.2436939525300785e-05,3.5068997665714639e-05
2956,8.8000000000000007,80568.764177853867,7.3571912067287348,20.890916908744821,0,0.0071533587005653014,2.6059945587128447e-05,1.3114379083978777e-05,1.9732322246528585e-05,2.5875335130932729e-05,3.606450474734355e-05,3.8990917494335278e-05
2957,8.8000000000000007,80270.902014794308,7.384491621099003,26.778506481793499,0,0.0062236228719182527,2.2672884191335284e-05,1.1409877937703116e-05,1.716767426186132e-05,2.2512267912232137e-05,3.137713149939401e-05,3.3923192736811273e-05
2958,8.8000000000000007,79629.008805536199,7.444018357605076,20.748123254856644,0,0.0069161327588491972,2.5195722864383055e-05,1.2679468567332521e-05,1.9077941706823724e-05,2.5017234621703374e-05,3.4868502077920952e-05,3.7697866564254329e-05
2959,8.8000000000000007,79374.151668593302,7.4679198565954588,26.709836411403252,0,0.0062025085190291216,2.2595963836795437e-05,1.1371168620934325e-05,1.7109430962080711e-05,2.2435892466801742e-05,3.1270680989656962e-05,3.3808104422928548e-05
2960,8.8000000000000007,78684.41953539211,7.5333821720535834,20.628964558525901,0,0.0068790116059092039,2.5060489155821612e-05,1.2611413700791164e-05,1.8975544136306712e-05,2.4882958918082776e-05,3.4681351390744385e-05,3.7495529749875998e-05
2961,8.8000000000000007,78714.220159756369,7.5305300890138716,26.612622155654606,0,0.0063634964967351944,2.3182448887359245e-05,1.1666310729135012e-05,1.7553511398542277e-05,2.3018222816720667e-05,3.2082320938005571e-05,3.4685603961127479e-05
2962,8.8000000000000007,78411.246370102133,7.5596273594284344,20.554306141873184,0,0.0070679434826309067,2.5748774845542798e-05,1.2957785853522741e-05,1.949670696766584e-05,2.5566368744393288e-05,3.5633873814150319e-05,3.852534350949128e-05
2963,8.8000000000000007,78245.031732207208,7.5756861518699568,26.515662733173691,0,0.0066918005125456738,2.4378472342380554e-05,1.2268196290639279e-05,1.8459128033465093e-05,2.4205773558899424e-05,3.373750450035556e-05,3.6475095489423659e-05
2964,8.8000000000000007,77679.931972718812,7.6307971478976677,20.503775531986683,0,0.0073697215134379962,2.6848163173658099e-05,1.3511040857344658e-05,2.0329152480336376e-05,2.6657968929585917e-05,3.7155323482797046e-05,4.0170249461134993e-05
2965,8.8000000000000007,77511.270563316328,7.6474014557934797,26.466856355909858,0,0.0070554932702309179,2.5703418269524005e-05,1.2934960658824117e-05,1.9462363435711418e-05,2.5521333477494742e-05,3.5571104594403331e-05,3.8457480953621331e-05
2966,8.8000000000000007,76456.345611053199,7.7529183301773337,20.408647191109463,0,0.0077037597090782329,2.8065076454089461e-05,1.4123438992196771e-05,2.125058667578658e-05,2.7866261512207302e-05,3.8839416591606113e-05,4.199099636777842e-05
2967,8.8000000000000007,83336.469906170518,7.1128499204934235,20.346236558194001,0,0.0091646597832714428,3.3387188490593146e-05,1.6801732948750135e-05,2.5280435064583279e-05,3.3150671339099735e-05,4.620471726595535e-05,4.9953945891871801e-05
2968,8.8000000000000007,81463.714173793604,7.2763660404891635,20.412167206102048,0,0.0095061203492694257,3.4631141735850413e-05,1.7427738646517484e-05,2.6222343642748355e-05,3.438581233356679e-05,4.7926231133628684e-05,5.1815150021806492e-05
2969,8.8000000000000007,80112.946605305609,7.3990513202150909,20.490083662094296,0,0.0098062266980894781,3.572444006576421e-05,1.7977928926172258e-05,2.705017787153915e-05,3.5471365662526205e-05,4.9439252819633805e-05,5.3450944111853195e-05
2970,8.8000000000000007,79273.832266914527,7.477370355333508,20.502497117988678,0,0.010070860790539119,3.6688511677214615e-05,1.8463087290543811e-05,2.778016296081215e-05,3.6428607724029924e-05,5.0773436925724391e-05,5.4893389052308481e-05
2971,8.8000000000000007,78885.192719216357,7.5142087242681201,20.428858970894201,0,0.010348638161182578,3.7700464728545883e-05,1.8972341459397569e-05,2.8546403382936792e-05,3.743339202998411e-05,5.2173884424810931e-05,5.6407474252551073e-05
2972,8.8000000000000007,78110.870183833264,7.5886979872487972,20.333401827323577,0,0.010524979119738053,3.8342881246030826e-05,1.9295630459059495e-05,2.9032834549768029e-05,3.8071257624445663e-05,5.3062928243691772e-05,5.7368658509306597e-05
2973,8.8000000000000007,77498.946801051687,7.6486175337064539,20.27169343863763,0,0.01066244925356687,3.8843689937079846e-05,1.954765688793324e-05,2.941204172971404e-05,3.8568518552103845e-05,5.3756000197946699e-05,5.8117968989938729e-05
2974,8.8000000000000007,77310.571870364074,7.6672541543252217,20.262049273405168,0,0.010800304258326935,3.9345900726911579e-05,1.9800388907495509e-05,2.9792310564409464e-05,3.9067171645980026e-05,5.4451012524564899e-05,5.8869377292217225e-05
2975,8.8000000000000007,77346.70616754971,7.6636722197615184,20.300127261040529,0,0.010893092029946556,3.9683929949375589e-05,1.9970498371079543e-05,3.0048262808212222e-05,3.9402806246062419e-05,5.4918813059970287e-05,5.9375136963882781e-05
2976,8.8000000000000007,77712.432994247531,7.6276057833652589,20.331609702509901,0,0.011070631271127552,4.0330711853992116e-05,2.0295984203482372e-05,3.0537999401193464e-05,4.0045006302951325e-05,5.5813898162567732e-05,6.0342852717371851e-05
2977,8.8000000000000007,77835.656535269198,7.6155303331669586,20.347062890379263,0,0.011121043285997539,4.0514364655346187e-05,2.0388405442380954e-05,3.067705940980631e-05,4.0227358095163757e-05,5.6068056303618051e-05,6.0617634228379192e-05
2978,8.8000000000000007,78504.225154208048,7.5506738927991819,20.372295768867204,0,0.01118779625736646,4.0757548154800193e-05,2.0510784845981227e-05,3.0861195449546733e-05,4.0468818865895114e-05,5.6404599311400322e-05,6.0981485631349049e-05
2979,8.8000000000000007,79492.538135539551,7.4567980498448367,20.44650272175398,0,0.011246541052527341,4.0971557577436666e-05,2.0618482718435128e-05,3.1023241178964614e-05,4.0681312230986074e-05,5.6700768150772783e-05,6.1301686750462299e-05
2980,8.8000000000000007,81211.757768729585,7.2989406907597862,20.615817973879299,0,0.011355553794786062,4.1368694957300123e-05,2.0818337707791662e-05,3.1323949510430905e-05,4.107563626219445e-05,5.7250368796466662e-05,6.1895884108258042e-05
2981,8.8000000000000007,83465.051026300658,7.1018923017194728,20.849618908526054,0,0.011495565787452712,4.1878763732426687e-05,2.1075024171450835e-05,3.1710168330613737e-05,4.158209167485437e-05,5.7956255832973355e-05,6.2659049536248026e-05
2982,8.8000000000000007,74984.591906645772,7.9050880757513626,20.945239225568244,0,0.010278974555252762,3.7446677681659684e-05,1.8844625937953312e-05,2.8354238446352012e-05,3.7181402828083636e-05,5.1822667108311151e-05,5.6027757810965012e-05
2983,8.8000000000000007,77171.375894447716,7.6810837758946198,21.118025337881026,0,0.010480253642806501,3.817994470894615e-05,1.9213634450786379e-05,2.8909460682975454e-05,3.7909475341054332e-05,5.2837439456865282e-05,5.7124872694288664e-05
2984,8.8000000000000007,78761.464697043266,7.526012950957222,21.189098807847628,0,0.010554052776692203,3.8448797634395933e-05,1.9348931708810071e-05,2.9113033347552208e-05,3.8176423693793051e-05,5.3209506527143808e-05,5.7527130718937058e-05
2985,8.8000000000000007,80898.272278766352,7.3272245086239165,21.177011976978886,0,0.010662435291928238,3.8843639074323159e-05,1.9547631291814086e-05,2.941200321695883e-05,3.8568468049662444e-05,5.3755929808692676e-05,5.8117892889029667e-05
2986,8.8000000000000007,76362.650116915291,7.7624310109557584,13.307877625704831,0,0.0087974277892298239,3.2049348996843033e-05,1.6128480035926593e-05,2.4267436786572721e-05,3.1822309192814995e-05,4.4353273692820422e-05,4.7952269060004634e-05
2987,8.8000000000000007,78162.038959139405,7.5837300464511079,27.206958141484861,0,0.009006002110180886,3.2809192824390417e-05,1.6510863029235671e-05,2.4842782702475414e-05,3.2576770234156167e-05,4.5404825824201606e-05,4.9089148179319201e-05
2988,8.8000000000000007,76642.950342451222,7.7340420834241819,13.421824461793872,0,0.0084733684181449997,3.0868788936741162e-05,1.5534376256706592e-05,2.3373528874930068e-05,3.0650112301797005e-05,4.2719490009361878e-05,4.6185913879152874e-05
2989,8.8000000000000007,79473.610592297788,7.4585739710151673,27.319020233689301,0,0.0087882793292073311,3.2016020824669402e-05,1.6111708002285931e-05,2.424220103805517e-05,3.1789217119717187e-05,4.4307150648566261e-05,4.7902403414387138e-05
2990,8.8000000000000007,76696.949196897418,7.7285968940507246,13.533425003912331,0,0.0081797119777043386,2.9798987857342099e-05,1.4996010708214477e-05,2.2563486522085979e-05,2.9587889767205189e-05,4.1238986300031143e-05,4.4585276399587199e-05
2991,8.8000000000000007,80325.803042594591,7.3794444735520814,27.430595425863881,0,0.008569134960800192,3.1217669930289624e-05,1.5709946753939306e-05,2.3637697967968677e-05,3.0996521798267253e-05,4.3202308371588272e-05,4.6707909981919432e-05
2992,8.8000000000000007,83206.148649571071,7.123990389733815,13.540565798095297,0,0.0084513253367760749,3.0788485190613988e-05,1.5493964285582002e-05,2.3312723705905943e-05,3.0570377432959202e-05,4.2608357205045378e-05,4.6065763331283836e-05
2993,8.8000000000000007,80437.220207153048,7.3692228774160844,27.473112833146637,0,0.0083220629097000409,3.031757747340481e-05,1.5256985190732989e-05,2.2956157235216985e-05,3.0102805658574977e-05,4.195666537606323e-05,4.5361190718583614e-05
2994,8.8000000000000007,82199.21626705135,7.2112585772172242,13.46425057092744,0,0.0081024913016931408,2.951767012964391e-05,1.4854440676468143e-05,2.2350475637698577e-05,2.9308564913738941e-05,4.0849669120063801e-05,4.416436852494484e-05
2995,8.8000000000000007,80345.178242711088,7.377664924155952,27.410975139029215,0,0.008077925435589316,2.9428175787089027e-05,1.4809403639448544e-05,2.2282711443770003e-05,2.9219704555293914e-05,4.0725817397843585e-05,4.4030466997211379e-05
2996,8.8000000000000007,81457.717078352987,7.2769017424848847,13.374511520798906,0,0.007738138647211971,2.8190320174502595e-05,1.4186466507810501e-05,2.1345419930226175e-05,2.7990617997446296e-05,3.9012742078196748e-05,4.2178386151574599e-05
2997,8.8000000000000007,80032.183833319868,7.4065179151030902,27.348303119346202,0,0.007761857180451864,2.8276727652655376e-05,1.4229950114497153e-05,2.1410846782240122e-05,2.8076413359050053e-05,3.9132321871470995e-05,4.2307669109602441e-05
2998,8.8000000000000007,81944.209871213621,7.2336996631965773,13.317098070953579,0,0.0075272883395823354,2.7422184844811471e-05,1.3799910907850156e-05,2.0763795774345542e-05,2.7227924191535803e-05,3.794971529053029e-05,4.1029101278191599e-05
2999,8.8000000000000007,80184.206858790771,7.392475732661338,27.346906948435528,0,0.0075309233995764086,2.7435427500411001e-05,1.3806575127659448e-05,2.0773822976697755e-05,2.7241073035247533e-05,3.796804187583109e-05,4.1048914953172651e-05
3000,8.8000000000000007,82489.828993410556,7.185853220688073,13.325920264671248,0,0.0073500155777666597,2.677637373420249e-05,1.3474913616783105e-05,2.0274794256582622e-05,2.6586688051482582e-05,3.7055973675200569e-05,4.0062838027698976e-05
3001,8.8000000000000007,79964.071749540424,7.4128266654919859,27.345885838670139,0,0.0072979447532909155,2.6586677829199493e-05,1.3379451252881758e-05,2.0131158472161996e-05,2.6398335965385266e-05,3.6793452449142779e-05,3.9779014818772613e-05
3002,8.8000000000000007,83728.509214738064,7.079545651840756,13.392135050537233,0,0.0072562547380036974,2.6434799589146242e-05,1.3303020210153502e-05,2.0016157833924034e-05,2.6247533641284669e-05,3.6583267301552758e-05,3.9551774439190776e-05
3003,8.8000000000000007,80384.583596228826,7.3740483165744282,27.392441257379225,0,0.0071521721310694626,2.6055622871353762e-05,1.3112203725125783e-05,1.9729049130690293e-05,2.5871043037575443e-05,3.6058522516756912e-05,3.8984449842529998e-05
3004,8.8000000000000007,76269.66323356067,7.7718948559022563,13.441937120521462,0,0.006519882722806571,2.3752169589562309e-05,1.1953016364636102e-05,1.7984898043184466e-05,2.3583907578081632e-05,3.2870760610704298e-05,3.5538020663999887e-05
3005,8.8000000000000007,81285.498884448243,7.2923191895389357,27.462803096474271,0,0.0071449898130887726,2.6029457426057211e-05,1.309903625448112e-05,1.9709236925150984e-05,2.5845062950102326e-05,3.6022312010370443e-05,3.8945301076261497e-05
3006,8.8000000000000007,78355.037324304009,7.5650503603607691,13.473468503168789,0,0.0067079824735174556,2.4437423813999662e-05,1.229786296602763e-05,1.8503765480270427e-05,2.4264307414217966e-05,3.3819087772314511e-05,3.6563298742127514e-05
3007,8.8000000000000007,82529.482682769885,7.1824005685917278,27.508343697249174,0,0.0072645257703717065,2.6464931260502617e-05,1.3318183640149171e-05,2.0038973224963228e-05,2.6277451857797997e-05,3.6624966690411578e-05,3.9596857476985106e-05
3008,8.8000000000000007,80753.222376823818,7.3403857567475805,13.473710399938422,0,0.0070038889774329252,2.5515421956369506e-05,1.284035359570284e-05,1.9320014564723899e-05,2.5334668943219768e-05,3.5310935443029805e-05,3.8176200675773519e-05
3009,8.8000000000000007,83599.323102444439,7.0904856803676113,27.520684582044783,0,0.0074528659198450087,2.7151061266363783e-05,1.3663470968845677e-05,2.0558503794718225e-05,2.695872127126199e-05,3.7574505850842398e-05,4.0623445900183287e-05
3010,8.8000000000000007,83115.460491900114,7.1317634509655887,13.489979146000838,0,0.007437812268376736,2.7096220267251046e-05,1.3635872843235476e-05,2.051697875533562e-05,2.6904268769578406e-05,3.7498611084821585e-05,4.0541392740687523e-05
3011,8.8000000000000007,75418.603394534861,7.8595966600630707,27.442724463149517,0,0.0067266584296024152,2.4505461000408779e-05,1.2332101926788055e-05,1.8555282536684964e-05,2.4331862620494805e-05,3.3913244815890981e-05,3.6665096050681178e-05
3012,8.8000000000000007,76003.430212334351,7.799119088313339,13.458250205281619,0,0.0068048288495195933,2.4790238679655265e-05,1.2475413140842881e-05,1.8770913260729364e-05,2.4614622914973379e-05,3.4307350242196826e-05,3.7091180708402507e-05
3013,8.8000000000000007,76850.980315005057,7.7131065982065561,27.484109552190148,0,0.0071567637911941206,2.6072350455976875e-05,1.3120621696881457e-05,1.9741715085386392e-05,2.588765212283262e-05,3.6081671914864245e-05,3.900947767191431e-05
3014,8.8000000000000007,77705.380009611603,7.6282981084834462,13.563553031568334,0,0.0075385674926051844,2.7463275208981399e-05,1.3820589178670849e-05,2.0794908974652018e-05,2.7268723468725165e-05,3.8006580475790246e-05,4.1090580723488416e-05
3015,8.8000000000000007,77795.274012059293,7.6194834567254297,27.551436992204408,0,0.0077921647603686108,2.8387139267194651e-05,1.4285513537049246e-05,2.1494449318959326e-05,2.8186042810078613e-05,3.9285121123618331e-05,4.2472867081276011e-05
3016,8.8000000000000007,78336.317595699453,7.5668581513569801,13.675753968672179,0,0.0084468785541578061,3.0772285400009231e-05,1.5485811920322392e-05,2.3300457391401539e-05,3.0554292402791059e-05,4.2585938224037998e-05,4.6041525187854728e-05
3017,8.8000000000000007,78008.776042535392,7.5986297108814647,27.640357124868938,0,0.0086224617700085618,3.1411941433296379e-05,1.5807711736875545e-05,2.3784798348045459e-05,3.1189417068515733e-05,4.3471161793366767e-05,4.6998579205303321e-05
3018,8.8000000000000007,78257.226675848855,7.5745056210794717,13.837091277528398,0,0.0096778675629166765,3.5256823073769984e-05,1.7742605852353133e-05,2.6696103104071487e-05,3.5007061301632009e-05,4.8792115043719034e-05,5.2751295085617247e-05
3019,8.8000000000000007,77898.166063596509,7.609419236678499,27.783162800317388,0,0.0098094676894770454,3.5736247115115959e-05,1.7983870693032224e-05,2.7059118047634703e-05,3.548308906992407e-05,4.9455592661402647e-05,5.3468609831284053e-05
3020,8.8000000000000007,77706.818822385801,7.6281568635717356,14.009851523181295,0,0.011493255809618321,4.1870348399267603e-05,2.1070789248212134e-05,3.1703796327067077e-05,4.1573735956497177e-05,5.7944609806251942e-05,6.2646458506086583e-05
3021,8.8000000000000007,77722.199739923613,7.6266472813407038,27.938646212974575,0,0.011636752158403532,4.2393110810300991e-05,2.1333863643598931e-05,3.2099626637548538e-05,4.2092795082469585e-05,5.8668063636629794e-05,6.3428616165226524e-05
3022,8.8000000000000007,82707.487539383146,7.1669424496065224,13.861866522761433,0,0.018426535485746347,6.7128538106147733e-05,3.3781693562405553e-05,5.0829037283298448e-05,6.6652994901266729e-05,9.2899560097591265e-05,0.00010043778802458199
3023,8.8000000000000007,76969.977256183367,7.7011819994878374,27.92134048124419,0,0.014646849013634005,5.3359002993660057e-05,2.685232747176754e-05,4.0402887193457213e-05,5.2981004127473868e-05,7.3843823285987849e-05,7.9835795372243569e-05
3024,8.8000000000000007,79845.283803003244,7.4238549243407146,13.858185555128196,1,0.089379145792732984,0.00032561147476060069,0.00016386036954018211,0.00024654965320867973,0.00032330482056222028,0.00045061554476511807,0.00048718022473040701
3025,8.8000000000000007,81649.384978386879,7.2598195749204342,27.734811842028414,1,0.098427950113009477,0.00035857659759113103,0.00018044970261856848,0.00027151050450491981,0.00035603641618357264,0.00049623616299870465,0.00053650267554591045
3026,8.9000000000000004,97014.330009827783,8.630637113971142,21.066919194022237,1,0.12539486431521951,0.00037463094153139184,0.00018000297653199276,0.00024549546186291177,0.00036973357964891775,0.00048659211912626608,0.00056531880470072303
3027,8.9000000000000004,98106.016338821966,8.5345986761724646,21.034457229068352,0,0.024052948784315183,7.1860828582440256e-05,3.4527748797307115e-05,4.7090363733929462e-05,7.0921428111929039e-05,9.3336959086090158e-05,0.00010843812727525232
3028,8.9000000000000004,99179.376508905392,8.4422337248176049,21.046243858038515,0,0.019627482983537357,5.8639263020610898e-05,2.8175040326902381e-05,3.8426278672284638e-05,5.7872701427060705e-05,7.6164032635864427e-05,8.8486759646267215e-05
3029,8.9000000000000004,100320.40471830653,8.3462131110907887,20.984166945467564,0,0.01708863236323252,5.105416770202281e-05,2.453054761884257e-05,3.3455769640384617e-05,5.038676224473926e-05,6.6312076495351067e-05,7.704083635568937e-05
3030,8.9000000000000004,100758.04825886656,8.3099612550919311,20.890556613762016,0,0.015389077970414567,4.5976562125093904e-05,2.2090855601502716e-05,3.0128417336887261e-05,4.5375533651796349e-05,5.9716991616174971e-05,6.9378719863769423e-05
3031,8.9000000000000004,100146.60375900162,8.3606976746288755,20.833942841797604,0,0.014124149850604969,4.2197450316315571e-05,2.027506491575045e-05,2.7651967326818137e-05,4.1645824271034943e-05,5.4808464797937092e-05,6.3676032942513251e-05
3032,8.9000000000000004,99000.48232291521,8.4574888679714952,20.774424524194792,0,0.013208294702316348,3.9461232382802522e-05,1.8960364719180338e-05,2.5858925132813772e-05,3.8945375538418526e-05,5.1254508263495738e-05,5.9547074866463192e-05
3033,8.9000000000000004,97750.501491534655,8.5656386861849008,20.692487340900488,0,0.01257956930876915,3.7582846155140299e-05,1.805783619157454e-05,2.4628019611150579e-05,3.7091544509198568e-05,4.8814752670112201e-05,5.6712586469301984e-05
3034,8.9000000000000004,96928.852884073611,8.6382480784257822,20.619785297047368,0,0.012224516286386218,3.6522086220550699e-05,1.7548161403818091e-05,2.3932904175668257e-05,3.6044651355737294e-05,4.7436976925411888e-05,5.5111897706528337e-05
3035,8.9000000000000004,96345.655656396251,8.6905369159141461,20.548624115718141,0,0.012059054769961993,3.6027751751402142e-05,1.7310643179921878e-05,2.3608967054184627e-05,3.555677907248429e-05,4.6794907010105659e-05,5.4365946050535686e-05
3036,8.9000000000000004,95184.621153890679,8.7965415738342685,20.462756122268367,0,0.01196133595207579,3.5735806040946122e-05,1.7170368869815467e-05,2.3417655181400377e-05,3.5268649821470445e-05,4.6415711203854518e-05,5.3925399417099983e-05
3037,8.9000000000000004,102390.96365879397,8.1774352662609395,20.439565804487295,0,0.01283134149534761,3.8335043239322297e-05,1.8419252452436432e-05,2.5120933970648894e-05,3.7833908499207615e-05,4.9791749315655021e-05,5.7847653302785903e-05
3038,8.9000000000000004,100669.94871288953,8.3172335724321158,20.414197364337813,0,0.012552942995939387,3.7503297118587671e-05,1.8019614406419281e-05,2.4575891168717587e-05,3.7013035377192555e-05,4.8711429826269224e-05,5.6592546821548385e-05
3039,8.9000000000000004,98747.026420674782,8.4791968681961105,20.424932109453128,0,0.012257963676035896,3.6622013973929235e-05,1.759617477124782e-05,2.3998386780677622e-05,3.6143272803853383e-05,4.7566768813602501e-05,5.526268887680771e-05
3040,8.9000000000000004,97316.910864277699,8.6038024607829158,20.406967337276104,0,0.012020528102763521,3.5912649097992449e-05,1.7255338564302617e-05,2.3533540345048023e-05,3.5443181098173112e-05,4.6645405092803436e-05,5.419225592719066e-05
3041,8.9000000000000004,96232.362869831719,8.700768142858843,20.358227619642175,0,0.011829308261188259,3.5341358800897487e-05,1.6980844542210952e-05,2.3159174109387335e-05,3.487935899180843e-05,4.5903380541485331e-05,5.3330177780173056e-05
3042,8.9000000000000004,95743.380149733202,8.7452048993926947,20.328307040909564,0,0.011705860452316462,3.4972544901538967e-05,1.6803636542787496e-05,2.2917490552246089e-05,3.4515366411065671e-05,4.5424343929830962e-05,5.2773636903196664e-05
3043,8.9000000000000004,95244.981156658192,8.7909669045205341,20.310021407531131,0,0.011580709324174635,3.4598642148618984e-05,1.6623983446906027e-05,2.2672472272002907e-05,3.4146351500784677e-05,4.4938697623771016e-05,5.2209416936498253e-05
3044,8.9000000000000004,103815.74929909127,8.0652067034417989,20.347679318601003,0,0.012457923026422693,3.7219414514314194e-05,1.7883214264065855e-05,2.4389863045236703e-05,3.6732863827429373e-05,4.8342706844040756e-05,5.6164167430707922e-05
3045,8.9000000000000004,94973.722515233632,8.8160751731676452,20.341853788307109,0,0.011333483057714271,3.3860026500513085e-05,1.6269092805389092e-05,2.2188457820527767e-05,3.3417391403568534e-05,4.3979341325109412e-05,5.1094844515935159e-05
3046,8.9000000000000004,95107.612185695747,8.8036641644946485,20.409455956267415,0,0.011283418063683137,3.3710451827307184e-05,1.6197225045932801e-05,2.2090441614681086e-05,3.3269772044838653e-05,4.3785065174545429e-05,5.0869136049024731e-05
3047,8.9000000000000004,95837.703960927087,8.7365978374359674,20.435518536706795,0,0.011299260096945906,3.3757781643160599e-05,1.621996611397566e-05,2.2121456818484926e-05,3.3316483141813385e-05,4.3846539849594498e-05,5.0940556831343408e-05
3048,8.9000000000000004,96775.850382420715,8.6519051381227481,20.453024804077426,0,0.01137722079269105,3.3990697791752024e-05,1.6331877852652248e-05,2.2274086649966669e-05,3.3546354494736673e-05,4.4149064680721757e-05,5.1292027743433489e-05
3049,8.9000000000000004,98415.722027701675,8.5077410389184109,20.509840865100198,0,0.011498944072889622,3.4354359472125532e-05,1.6506610309747951e-05,2.2512393960676761e-05,3.3905262208861965e-05,4.4621409295329981e-05,5.1840793912142961e-05
3050,8.9000000000000004,100423.58162921786,8.3376380685296745,20.64223635735457,0,0.0116279903504943,3.4739899412251247e-05,1.6691854850711153e-05,2.2765038083665815e-05,3.428576217925313e-05,4.5122170646505952e-05,5.2422574416511671e-05
3051,8.9000000000000004,102683.21517813457,8.154161083847308,20.820073825431574,0,0.011749972243864749,3.5104333727904525e-05,1.6866958544228401e-05,2.3003851701874388e-05,3.4645432428385774e-05,4.5595518804058504e-05,5.2972506493330736e-05
3052,8.9000000000000004,94305.486867272615,8.8785446635601399,20.935382173997848,0,0.010749499942857878,3.2115312748862798e-05,1.5430791336723467e-05,2.1045147803130096e-05,3.1695485417310589e-05,4.1713207197976419e-05,4.8462068139814054e-05
3053,8.9000000000000004,96113.913244713185,8.7114908643668212,21.036605183119732,0,0.010857664626951251,3.24384666329045e-05,1.5586060575210829e-05,2.1256910375893897e-05,3.2014414873152612e-05,4.2132937967135435e-05,4.8949707966663607e-05
3054,8.9000000000000004,98561.422923635924,8.4951642573036867,21.081804402656275,0,0.011004807064909257,3.2878070841358054e-05,1.5797281959366037e-05,2.1544982785903686e-05,3.2448272356882745e-05,4.2703921085865133e-05,4.961307155496867e-05
3055,8.9000000000000004,100416.70302564281,8.3382092016708516,21.092009878039583,0,0.011052636080623554,3.302096528354608e-05,1.5865939996042296e-05,2.163862143982585e-05,3.2589298811895104e-05,4.2889520569857066e-05,4.9828699540542691e-05
3056,8.9000000000000004,101701.34524172696,8.2328849749209692,21.080305947174359,0,0.011112283724683513,3.319916917711335e-05,1.5951563546357109e-05,2.1755398358940528e-05,3.2765173135587297e-05,4.3120981991204146e-05,5.0097609555536802e-05
3057,8.9000000000000004,103192.27610753538,8.1139355458864877,21.115373075951204,0,0.011065824542713468,3.3060367263819175e-05,1.5884871891260076e-05,2.1664441537081875e-05,3.2628185709896842e-05,4.2940698118087555e-05,4.9888157203862687e-05
3058,8.9000000000000004,104296.54090772418,8.0280272948904123,21.216713488236714,0,0.010953483048308057,3.2724734699822417e-05,1.5723606886577012e-05,2.144450169180961e-05,3.2296940701606818e-05,4.2504759324843804e-05,4.9381687025180487e-05
3059,8.9000000000000004,95555.735706261214,8.7623780088273744,27.442541471313589,0,0.0090041116332830254,2.6900773307198051e-05,1.2925305225762507e-05,1.7628062809026404e-05,2.6549113027176282e-05,3.4940264774120246e-05,4.0593318185054445e-05
3060,8.9000000000000004,98009.627083940388,8.5429921741540973,13.505320467888717,0,0.0091100677488653928,2.7217328850029907e-05,1.307740408795075e-05,1.7835501492214456e-05,2.6861530398604532e-05,3.5351425239879084e-05,4.1071001102443949e-05
3061,8.9000000000000004,95934.496023660962,8.7277831423991259,27.461956731361077,0,0.0087560297137534628,2.6159601301487807e-05,1.256918630348483e-05,1.7142373177737768e-05,2.5817629990333064e-05,3.3977588131818952e-05,3.9474888215994768e-05
3062,8.9000000000000004,97910.265153829692,8.5516618288630362,13.47998933042134,0,0.0088208860840256927,2.6353366837198388e-05,1.2662286924150724e-05,1.7269347632885372e-05,2.6008862526647363e-05,3.4229261905078673e-05,3.976728077863877e-05
3063,8.9000000000000004,95813.250218617672,8.738827617885855,27.437797269047135,0,0.0084962448288330092,2.5383465400190283e-05,1.2196267900493845e-05,1.6633771723788034e-05,2.5051640123324902e-05,3.2969498379812465e-05,3.8303697661863592e-05
3064,8.9000000000000004,97821.357989213677,8.5594342010891822,13.376915719072409,0,0.0085676809638723147,2.5596888706441991e-05,1.2298813702582614e-05,1.677362790578517e-05,2.5262273454032689e-05,3.3246704791102046e-05,3.8625753837715744e-05
3065,8.9000000000000004,95915.102983908873,8.7295478096951253,27.367594404335122,0,0.0082928993352404581,2.4775948384746636e-05,1.1904367635591339e-05,1.6235666138365056e-05,2.445206487228071e-05,3.2180420492274396e-05,3.7386953327820979e-05
3066,8.9000000000000004,98158.524278587356,8.5300332632701856,13.297437050514267,0,0.0083827410232780453,2.5044360303863852e-05,1.2033334410680082e-05,1.6411556329879495e-05,2.471696797737388e-05,3.2529049262733419e-05,3.7791987425278347e-05
3067,8.9000000000000004,96162.689688128055,8.7070721491397105,27.283274874434476,0,0.0081341317291095117,2.4301612708446516e-05,1.1676458447790889e-05,1.5924834215472226e-05,2.3983929947715388e-05,3.1564326154298506e-05,3.6671179888348082e-05
3068,8.9000000000000004,99477.824235098204,8.4169058140140329,13.308496811596386,0,0.0082923792104504304,2.477439445476022e-05,1.190362100205986e-05,1.6234647848850159e-05,2.4450531256039477e-05,3.2178402159026291e-05,3.7384608444510168e-05
3069,8.9000000000000004,96993.261974932422,8.6325117860894327,27.282371185404934,0,0.0079958749517959806,2.3888555387950035e-05,1.1477992333743377e-05,1.5654157967384897e-05,2.3576272317827504e-05,3.1027823653785861e-05,3.6047875604560336e-05
3070,8.9000000000000004,100853.51124620374,8.3020954533338678,13.374885293757428,0,0.0082858466730633077,2.4754877781208305e-05,1.1894243615032008e-05,1.6221858582784549e-05,2.4431269714145227e-05,3.2153052785845575e-05,3.7355157746927632e-05
3071,8.9000000000000004,97344.552763090061,8.6013593303737466,27.339786259845582,0,0.0078986281725233927,2.3598019944742388e-05,1.1338395629980359e-05,1.5463770241997751e-05,2.3289534898347573e-05,3.0650459583392196e-05,3.5609457067089964e-05
3072,8.9000000000000004,102851.22483110001,8.1408410891056668,13.482355834022155,0,0.0084195428571535447,2.515430982811392e-05,1.2086163046650158e-05,1.6483606196147995e-05,2.4825480186791229e-05,3.2671858000802594e-05,3.7957901466901238e-05
3073,8.9000000000000004,98397.861371258943,8.50928531882127,27.437100603654823,0,0.0079479536053131631,2.3745385097441329e-05,1.1409201757243818e-05,1.5560338550201128e-05,2.3434973620520824e-05,3.0841865882199293e-05,3.5831831363344726e-05
3074,8.9000000000000004,95392.378849922621,8.7773833430357229,13.531375957632754,0,0.0077034826263908405,2.3015001173738206e-05,1.1058266301298138e-05,1.5081718343461692e-05,2.2714137638514386e-05,2.9893201418560274e-05,3.4729680630592522e-05
3075,8.9000000000000004,99915.679993106838,8.3800208058197558,27.554774878168658,0,0.0081366719528480312,2.4309201906106713e-05,1.168010491159535e-05,1.5929807412766457e-05,2.3991419935611469e-05,3.1574183438795213e-05,3.6682632002079968e-05
3076,8.9000000000000004,97530.960855521829,8.5849198021354223,13.606948909009619,0,0.0080528776962552773,2.4058857353212163e-05,1.1559819159181559e-05,1.5765756756975758e-05,2.3744348011149102e-05,3.1249021598166871e-05,3.6304861594683372e-05
3077,8.9000000000000004,101280.91779039286,8.267060522720568,27.629942101581502,0,0.0084660134989500771,2.5293145978899484e-05,1.2152871152204627e-05,1.6574585453817008e-05,2.496250140240356e-05,3.2852186343533516e-05,3.8167405483015094e-05
3078,8.9000000000000004,99038.383800379655,8.4542522307058743,13.610292362289927,0,0.008511618534543533,2.5429396035999114e-05,1.221833668938192e-05,1.6663870045633672e-05,2.5096970331032068e-05,3.3029155719699225e-05,3.8373007078828599e-05
3079,8.9000000000000004,101584.68670103524,8.2423395135728779,27.61856542496967,0,0.0088697098412047516,2.6499233178862197e-05,1.2732372901480812e-05,1.7364933770994068e-05,2.6152822030988343e-05,3.4418721462287835e-05,3.9987393366185262e-05
3080,8.9000000000000004,99648.995482742437,8.4024477428362037,13.609725146789964,0,0.0090991405744114389,2.7184682715147764e-05,1.306171824676788e-05,1.7814108496942444e-05,2.6829311030224722e-05,3.5309022570498256e-05,4.102173802269344e-05
3081,8.9000000000000004,101286.21146005386,8.2666284492246405,27.598635223973965,0,0.0094232901788872132,2.815311529159299e-05,1.3527031511118418e-05,1.8448721862474049e-05,2.7785083774659697e-05,3.6566878255554919e-05,4.2483104626080043e-05
3082,8.9000000000000004,100020.24390393785,8.3712601018452375,13.672827552791864,0,0.009990096381533713,2.9846511129794944e-05,1.4340675707396579e-05,1.9558403277780437e-05,2.9456342700742083e-05,3.8766357738114537e-05,4.5038442173011657e-05
3083,8.9000000000000004,101175.37837980685,8.27568416919285,27.640783626292666,0,0.010309965406155343,3.0802155003370911e-05,1.4799844245491885e-05,2.0184636212948543e-05,3.0399493922588483e-05,4.0007602723572838e-05,4.6480510599397265e-05
3084,8.9000000000000004,100470.70742819502,8.3337272982602144,13.757893049000808,0,0.011324244378398487,3.3832424930468888e-05,1.6255830780782685e-05,2.217037052598012e-05,3.3390150654967645e-05,4.3943490825403978e-05,5.1053193694138474e-05
3085,8.9000000000000004,101521.4480311839,8.2474737447861841,27.712247105224652,0,0.011649085439205774,3.4802923308714834e-05,1.672213662324632e-05,2.2806337610361293e-05,3.4347962196015364e-05,4.5204029692132172e-05,5.2517677596379131e-05
3086,8.9000000000000004,100374.93003886944,8.3416793102184741,13.751622771332196,0,0.013279405565233314,3.9673683902832272e-05,1.9062443596642459e-05,2.5998144503803211e-05,3.9155049786576887e-05,5.1530452463193434e-05,5.9867664615054493e-05
3087,8.9000000000000004,101680.21467707073,8.2345958830737729,27.694162373938159,0,0.013635528995943445,4.073764179996708e-05,1.9573654944018412e-05,2.669535556248432e-05,4.0205099097227391e-05,5.291238190477046e-05,6.1473179109403171e-05
3088,8.9000000000000004,99408.294739617471,8.4227928802421577,13.697143346292654,0,0.016367525227726824,4.8899780864931947e-05,2.3495406096114914e-05,3.2044001062378145e-05,4.8260538623246511e-05,6.3513835505985442e-05,7.3789862512929183e-05
3089,8.9000000000000004,100968.87174247263,8.2926100165349776,27.620294318419738,0,0.016783347644945532,5.0142096046843237e-05,2.4092314695337432e-05,3.2858089557353839e-05,4.948661364359228e-05,6.5127425602195618e-05,7.5664518489898991e-05
3090,8.9000000000000004,97378.898166887826,8.5983256427373842,13.758686276795467,1,0.084082971396131148,0.00025120712010744172,0.00012070019940299114,0.00016461589563834987,0.00024792321576790332,0.00032628219231711243,0.00037907202296463312
3091,8.9000000000000004,99029.865991936516,8.4549794022546756,27.663891262644157,1,0.085997013800322486,0.00025692553219655768,0.00012344778664944168,0.00016836316811723654,0.00025356687393178549,0.00033370959338843329,0.00038770111770462091
3092,9,128007.19264035141,9.2394128255604766,20.997515216424294,1,0.1378860782422443,0.00033810920496531529,0.00016672376556065325,0.00025098502768806935,0.00033984062797302856,0.00043582645153677368,0.00052307320890456279
3093,9,119033.26582382234,9.935972849772515,20.955857607093776,0,0.026006903911624444,6.3771293790229174e-05,3.1446024181661688e-05,4.7338669585427597e-05,6.4097860129383929e-05,8.2201892981162181e-05,9.8657637204147426e-05
3094,9,119736.37861648932,9.877627093044369,20.883988052437701,0,0.021266265776637285,5.214681790925735e-05,2.5713922354551029e-05,3.8709595434239354e-05,5.2413856484312957e-05,6.7217816831273034e-05,8.0673944918936247e-05
3095,9,119793.5988720668,9.8729089749472028,20.83278738306349,0,0.018338523684203051,4.4967728012470713e-05,2.2173868184734817e-05,3.3380417612224799e-05,4.5198003194991611e-05,5.7963891682145568e-05,6.9567504945757346e-05
3096,9,119189.76640392792,9.9229265492232468,20.79353967580079,0,0.016302405039950237,3.9974979906212231e-05,1.9711912838512795e-05,2.9674203752068607e-05,4.0179687731157697e-05,5.1528184938252563e-05,6.1843453855634821e-05
3097,9,127360.47894743655,9.2863289084628438,20.763026742960754,0,0.015703697153488762,3.8506893714491573e-05,1.8987990347031449e-05,2.8584414867097903e-05,3.8704083618681485e-05,4.9635805830876922e-05,5.9572245192946741e-05
3098,9,126086.94245545435,9.3801251296350312,20.71708783815756,0,0.014540628524497726,3.5654943651937835e-05,1.7581675917737287e-05,2.6467356961240324e-05,3.5837529008595063e-05,4.5959611106008711e-05,5.516012434871067e-05
3099,9,124347.57317514301,9.5113339749655559,20.627866326627473,0,0.01361940919142595,3.3396030059831987e-05,1.6467791484479509e-05,2.4790521541992263e-05,3.3567047748681384e-05,4.3047846857304886e-05,5.1665462967391136e-05
3100,9,123032.16918891735,9.6130248311657915,20.568116728545895,0,0.012963139477497294,3.1786797031756407e-05,1.5674268604400406e-05,2.3595956619840742e-05,3.1949574001191293e-05,4.0973527938972259e-05,4.9175892522371605e-05
3101,9,122280.27370413703,9.6721348555931446,20.542483652128151,0,0.012530524494439813,3.0725985745785441e-05,1.5151175918519638e-05,2.280849580519492e-05,3.0883330408023724e-05,3.9606130625544147e-05,4.7534760144884486e-05
3102,9,121116.72708428156,9.7650533160645878,20.512146980037407,0,0.01218950635562651,2.9889778252884302e-05,1.4738836769040365e-05,2.2187762747127797e-05,3.0042840781210911e-05,3.8528250050192907e-05,4.6241101971139384e-05
3103,9,119674.27590567515,9.8827529015295017,20.446151707571246,0,0.011926301688511755,2.9244376469935734e-05,1.4420585109598607e-05,2.1708668472306463e-05,2.9394133961073747e-05,3.7696320115286708e-05,4.5242630540365212e-05
3104,9,126251.64128272358,9.3678884918155667,20.30636064990523,0,0.012484934530213754,3.0614195006971409e-05,1.5096051205390946e-05,2.2725511369206589e-05,3.0770967200154167e-05,3.9462031144380981e-05,4.7361813831626712e-05
3105,9,124186.01614324687,9.5237075330688779,20.298352809309907,0,0.012264542596280957,3.0073773939719988e-05,1.4829566194047623e-05,2.2324346317988218e-05,3.022777869133076e-05,3.8765422496591978e-05,4.6525753240387184e-05
3106,9,122828.75014796454,9.6289451453386192,20.325232149052585,0,0.012039105986505575,2.952098286847551e-05,1.4556981456298051e-05,2.1913998772625628e-05,2.9672156832976212e-05,3.8052868778788264e-05,4.5670555584590427e-05
3107,9,122065.27053715652,9.689171147867464,20.348458682619196,0,0.01187468034023759,2.9117796228864897e-05,1.435816760032355e-05,2.1614705501634943e-05,2.9266905515403648e-05,3.7533156804467558e-05,4.5046804068005112e-05
3108,9,122060.18264777277,9.6895750259377014,20.381306308962753,0,0.011781735608303935,2.8889887292586407e-05,1.4245784277115383e-05,2.1445524273078674e-05,2.9037829480536473e-05,3.7239379700759407e-05,4.4694216629134752e-05
3109,9,121704.68386930411,9.7178782265712975,20.410100311149556,0,0.01165263152788279,2.8573312345025108e-05,1.4089679188686927e-05,2.121052454277801e-05,2.8719633384719453e-05,3.6831311141800076e-05,4.4204458079979994e-05
3110,9,121941.02026577081,9.6990438071416065,20.427026314599832,0,0.011648468187201855,2.8563103455008253e-05,1.4084645121111099e-05,2.1202946285499247e-05,2.8709372216010393e-05,3.6818151771262881e-05,4.4188664375513952e-05
3111,9,122710.46843016148,9.6382265716667277,20.467808511809732,0,0.011698017287222039,2.8684602354883693e-05,1.414455698923308e-05,2.1293137277940389e-05,2.8831493299451281e-05,3.6974765177880329e-05,4.4376629738488139e-05
3112,9,124347.82795809256,9.5113144866820534,20.545614216707488,0,0.01182574234926179,2.8997795823948323e-05,1.429899464944649e-05,2.1525626871097052e-05,2.9146290600562601e-05,3.7378474974189876e-05,4.4861156957699445e-05
3113,9,126380.22240285372,9.3583574625719876,20.629963589404408,0,0.011990972374213536,2.9402954873251958e-05,1.4498781112988072e-05,2.1826384300099837e-05,2.955352442833853e-05,3.7900729406109676e-05,4.5487959898653727e-05
3114,9,128547.32971707098,9.2005901643259911,20.695471417372158,0,0.012166600254561644,2.983361040970081e-05,1.471114005395113e-05,2.2146068266558911e-05,2.9986385308189032e-05,3.8455849087942721e-05,4.6154207282855897e-05
3115,9,119887.17943710666,9.8652024594982564,20.69897691007198,0,0.011312170557487306,2.773847107976045e-05,1.3678013734607905e-05,2.0590805662012586e-05,2.7880516981856529e-05,3.5755191648767967e-05,4.2912913534208971e-05
3116,9,121552.90296728526,9.730012764594921,20.759133689042436,0,0.011448696558126978,2.8073245250741489e-05,1.3843092974033314e-05,2.083931502921998e-05,2.821700549747389e-05,3.6186719205137803e-05,4.3430827265340245e-05
3117,9,124073.2622073228,9.5323623833552258,20.83805026178937,0,0.011619255189861137,2.8491470528526937e-05,1.4049322476634975e-05,2.1149771773323113e-05,2.8637372464564837e-05,3.6725816148029108e-05,4.4077844367754472e-05
3118,9,126249.61069296759,9.3680391642675644,20.912155117000051,0,0.01179555866375448,2.8923782681795782e-05,1.4262498305722533e-05,2.1470685478613097e-05,2.9071898444602346e-05,3.7283071227004887e-05,4.4746654627688016e-05
3119,9,128018.14773976654,9.2386221666747765,20.963843872862842,0,0.011910563244005204,2.9205784372551166e-05,1.440155510478848e-05,2.1680020809100725e-05,2.9355344237465623e-05,3.7646574480996145e-05,4.5182926480490913e-05
3120,9,119364.49588659652,9.9084010589622959,21.017083973539602,0,0.011106783575992419,2.7234843520628184e-05,1.3429671832448614e-05,2.021695314626622e-05,2.73743103969823e-05,3.5106010234096752e-05,4.2133774488068213e-05
3121,9,120953.18212568143,9.7782569805919461,21.079716744090735,0,0.011235911727003927,2.755147749146634e-05,1.3585806025624379e-05,2.0451996690691312e-05,2.7692565818328401e-05,3.5514154874703468e-05,4.2623624349421428e-05
3122,9,122421.81187440373,9.6609524016735921,21.16444595529606,0,0.011328568638327787,2.7778680665431541e-05,1.369784133301773e-05,2.0620654018179107e-05,2.7920932476744932e-05,3.5807022243095005e-05,4.2975119935859165e-05
3123,9,123865.06710781623,9.548384585427808,21.251006596654474,0,0.011393707789229456,2.7938407788026077e-05,1.377660377707441e-05,2.0739222562596695e-05,2.8081477545763154e-05,3.6012912245591967e-05,4.3222226424939183e-05
3124,9,124552.85748440573,9.4956576776516854,21.313534572312332,0,0.011372104975057286,2.7885435722840978e-05,1.3750482920122023e-05,2.0699900370086318e-05,2.8028234215995252e-05,3.5944630676024636e-05,4.3140275777894502e-05
3125,9,124762.65535049266,9.4796900091833702,21.327858365832409,0,0.011286547380896262,2.7675640720261333e-05,1.3647031691015517e-05,2.0544165466220947e-05,2.7817364874447498e-05,3.5674202630346859e-05,4.2815711573194027e-05
3126,9,124351.96316682227,9.5109981967764128,21.309573087920807,0,0.011115586312744142,2.7256428631776355e-05,1.3440315585880399e-05,2.02329761933753e-05,2.7396006043299335e-05,3.5133833677704857e-05,4.2167167821307962e-05
3127,9,124045.98097648556,9.5344588203099523,21.243682087822037,0,0.011009603216009575,2.6996548439131146e-05,1.3312167036015034e-05,2.0040062080453325e-05,2.713479503049843e-05,3.4798845275963849e-05,4.176511912135728e-05
3128,9,124099.76703952681,9.5303264918180712,21.158800421854583,0,0.011001203717934355,2.6975952105893422e-05,1.3302010855160721e-05,2.0024773022385612e-05,2.7114093225523413e-05,3.4772296377862755e-05,4.1733255480970941e-05
3129,9,122755.69902923732,9.634675268017995,27.322780667972523,0,0.0099232025332101244,2.4332595153798233e-05,1.1998554994444207e-05,1.8062557832535573e-05,2.4457199910095774e-05,3.1364980446624238e-05,3.7643839449382997e-05
3130,9,125273.70872081199,9.4410176686081222,21.147543988493904,0,0.011074606941191089,2.7155943485542528e-05,1.3390765731226974e-05,2.0158384118272453e-05,2.729500632280498e-05,3.5004307228640165e-05,4.2011711870639111e-05
3131,9,124424.19253106148,9.5054769766739629,27.394312111551841,0,0.0099793653698833674,2.4470311537484383e-05,1.2066463805356071e-05,1.8164787378093539e-05,2.459562152544007e-05,3.1542498366689643e-05,3.7856894136080556e-05
3132,9,120029.43477742157,9.8535105129706917,13.494814046351603,0,0.01049559677963423,2.573615790684985e-05,1.2690660574395657e-05,1.9104449716173408e-05,2.5867950165906009e-05,3.3174188138069439e-05,3.9815226866099275e-05
3133,9,125308.51619827269,9.4383951971299176,27.491809210637445,0,0.010074959077871265,2.4704716003979477e-05,1.2182050115176614e-05,1.8338790364848997e-05,2.4831226353476469e-05,3.1844648279666455e-05,3.8219530511164547e-05
3134,9,121136.38625465585,9.7634685498949008,13.59046867935886,0,0.010733787760683136,2.6320223856501907e-05,1.2978667150471393e-05,1.9538013211021525e-05,2.6455007058154124e-05,3.3927055515124211e-05,4.0718808448646643e-05
3135,9,125800.87775094871,9.401455050152336,27.577771953426584,0,0.010256462047318593,2.5149777793255017e-05,1.2401512869592873e-05,1.8669168372497982e-05,2.5278567259115858e-05,3.241833777846156e-05,3.8908065146892798e-05
3136,9,121450.2247432132,9.7382388541964797,13.679041939017409,0,0.011043645763432846,2.7080023861675654e-05,1.3353329289434943e-05,2.0102027507395062e-05,2.7218697922230553e-05,3.4906446005739415e-05,4.1894260110403996e-05
3137,9,125783.28805862583,9.402769761385219,27.657093403824391,0,0.010532113506623508,2.5825700242723595e-05,1.2734814460757604e-05,1.9170918730676671e-05,2.5957951039016303e-05,3.3289609185272728e-05,3.9953753697875699e-05
3138,9,121547.77454712531,9.7304232994138786,13.74887104627221,0,0.01146291221587953,2.8108103336503636e-05,1.3860281714337198e-05,2.0865190863097568e-05,2.8252042087964119e-05,3.623165165773589e-05,4.3484754607477374e-05
3139,9,125605.31585519467,9.4160926979297095,27.726114850985248,0,0.010917902227434099,2.677168927468877e-05,1.3201287574391085e-05,1.9873144756746403e-05,2.6908784385040177e-05,3.4508999361403495e-05,4.1417249844303612e-05
3140,9,121803.71121896309,9.7099775171803007,13.756416510091587,0,0.012337501938926784,3.0252676883738995e-05,1.4917784355690977e-05,2.2457149446973404e-05,3.0407597779213562e-05,3.89960303419752e-05,4.6802525761324895e-05
3141,9,125310.86072015985,9.438218608093722,27.73378782883281,0,0.01168612441487466,2.8655439950198704e-05,1.413017682492379e-05,2.127148945871564e-05,2.8802181557044365e-05,3.6937174520289559e-05,4.4331513922728212e-05
3142,9,121687.60792591244,9.7192418981999253,13.683625953294422,0,0.013615869773751383,3.338735108577424e-05,1.6463511828040526e-05,2.4784078971035317e-05,3.3558324330476172e-05,4.3036659565119358e-05,5.1652036125578745e-05
3143,9,124957.65009458916,9.464897079530358,27.650023803408335,0,0.01283451492719986,3.1471397935673024e-05,1.5518743335696638e-05,2.3361829746922862e-05,3.1632559778268563e-05,4.0566975065388034e-05,4.8687953078987161e-05
3144,9,121171.31196770648,9.7606543845993787,13.593721952750576,0,0.015585946368000111,3.8218158078717927e-05,1.8845612997521934e-05,2.8370080798474673e-05,3.8413869396949268e-05,4.9263622448338273e-05,5.912555556334995e-05
3145,9,124246.08405868293,9.5191032088113499,27.538964675579489,0,0.014572581058188844,3.5733294170718639e-05,1.7620311049028989e-05,2.6525518072611406e-05,3.5916280752450171e-05,4.6060605778957083e-05,5.5281336834724529e-05
3146,9,124560.59030852503,9.4950681793959664,21.495502947497776,0,0.012857625748194467,3.1528067770744075e-05,1.554668758612814e-05,2.340389686581673e-05,3.1689519813827637e-05,4.0640023100654409e-05,4.8775624375844484e-05
3147,9,122829.11428319679,9.6289165996782735,27.537722966510305,1,0.071091838408675598,0.00017432365377490148,8.5960084957239361e-05,0.0001294038329239436,0.00017521634755697543,0.00022470509033149289,0.00026968811150042421
3148,9,123041.46497709144,9.6122985667104768,21.538940349686598,0,0.018589439268632008,4.5582995846948081e-05,2.2477260605544352e-05,3.3837142872005054e-05,4.5816421753758277e-05,5.8756978628928021e-05,7.0519357530039557e-05
3149,9,119687.48006800216,9.8816626164514378,21.5631848064004,1,0.096696927741931379,0.00023710966167283758,0.0001169202584974382,0.00017601110566087898,0.00023832387624476433,0.00030563693905511592,0.00036682145819191608
3150,9.0999999999999996,156449.82863386508,10.678337756448537,20.845828730865584,1,0.1452166141280892,0.00029249361781660929,0.00023644898090132113,0.00027354179266560831,0.00027315553790496435,0.00033147878711513301,0.00041950968243981986
3151,9.0999999999999996,156627.95266358106,10.666193892473423,20.785122362335205,0,0.028753967462588587,5.7915907351311765e-05,4.6818653252732186e-05,5.4163305302155853e-05,5.4086823992585938e-05,6.5635260238471713e-05,8.3066030918993813e-05
3152,9.0999999999999996,156412.53011023218,10.680884139611626,20.774431443969263,0,0.023679297430347527,4.7694565903104787e-05,3.8555820761158642e-05,4.4604245230825123e-05,4.4541261794555854e-05,5.4051561793244006e-05,6.8406047097621059e-05
3153,9.0999999999999996,155849.50084435934,10.719470405999504,20.749070499319345,0,0.020491474862679507,4.1273690706605527e-05,3.3365248029897466e-05,3.8599404083030302e-05,3.8544899784291152e-05,4.6774876789854658e-05,5.9196891237140044e-05
3154,9.0999999999999996,154938.8889337813,10.782471228413842,20.705373098666634,0,0.018241601133598625,3.6742021168649253e-05,2.97018906820351e-05,3.4361359443171162e-05,3.4312839476486046e-05,4.1639201238157058e-05,5.2697333185305213e-05
3155,9.0999999999999996,153463.79525228031,10.886112319485864,20.694188259944543,0,0.016527365230427863,3.3289227119427905e-05,2.691068573098412e-05,3.1132285656948128e-05,3.1088325304756451e-05,3.7726199675463648e-05,4.774515492606152e-05
3156,9.0999999999999996,152021.56050319516,10.989389311365423,20.680511763533296,0,0.015227501362451322,3.0671056411507455e-05,2.4794182128838422e-05,2.8683756645288864e-05,2.8643253739135365e-05,3.4759064675389959e-05,4.3990037223146031e-05
3157,9.0999999999999996,150279.6791055339,11.116766565077032,20.637038235247488,0,0.01418271536570769,2.8566660589675894e-05,2.3093009121374545e-05,2.6715713000853716e-05,2.6677989071248594e-05,3.2374183323659935e-05,4.0971802399650641e-05
3158,9.0999999999999996,157569.61225460848,10.602451121041224,20.523026306250298,0,0.014031570133650006,2.8262225618472887e-05,2.284690686714756e-05,2.6431003582594936e-05,2.6393681676999126e-05,3.202917157344433e-05,4.0535165802085553e-05
3159,9.0999999999999996,156522.11655393543,10.673406090283926,20.437356798876337,0,0.013388699895728903,2.6967363850725639e-05,2.1800153274103744e-05,2.5220041060240615e-05,2.5184429094594615e-05,3.0561723457965336e-05,3.8678007163732977e-05
3160,9.0999999999999996,155178.8787737705,10.765795740323947,20.380908541390127,0,0.012853325531474554,2.5889019023398253e-05,2.0928429858785886e-05,2.4211566484348287e-05,2.4177378535493761e-05,2.9339650859860051e-05,3.7131388473555713e-05
3161,9.0999999999999996,153766.91748141727,10.864652419743017,20.331036528795419,0,0.012418120798014021,2.5012434703173686e-05,2.0219807664775721e-05,2.3391779549622299e-05,2.3358749181125664e-05,2.834623052665344e-05,3.5874145281194155e-05
3162,9.0999999999999996,152084.5489500484,10.98483786567704,20.307468637604593,0,0.012049481311726175,2.4269925330800625e-05,1.9619570347743497e-05,2.269738031347456e-05,2.2665330471602893e-05,2.7504755392894591e-05,3.4809199408740583e-05
3163,9.0999999999999996,150502.81864128643,11.10028454731288,20.34728530622424,0,0.011767466667574436,2.370189470950789e-05,1.9160379947187058e-05,2.2166154655980741e-05,2.2134854931439165e-05,2.686101450447484e-05,3.3994500109202301e-05
3164,9.0999999999999996,158617.17175951367,10.532429077879476,20.431189715480752,0,0.012250925914248223,2.4675672709880341e-05,1.9947572561955686e-05,2.3076837705643802e-05,2.3044252050861212e-05,2.7964583029806713e-05,3.5391143573605208e-05
3165,9.0999999999999996,158766.37040245405,10.522531363890662,20.474499919871327,0,0.012180907237366674,2.4534641904012965e-05,1.9833564637365887e-05,2.294494484676363e-05,2.2912545431327284e-05,2.7804754857063131e-05,3.5188869797427465e-05
3166,9.0999999999999996,149796.92856270063,11.152592567287721,20.47807151879039,0,0.011487896813815348,2.3138788356633363e-05,1.870517027707479e-05,2.1639534203963668e-05,2.1608978093970576e-05,2.6222854218240126e-05,3.318686345361431e-05
3167,9.0999999999999996,150944.89964170093,11.067774506170649,20.52211693359159,0,0.011569859269805437,2.3303876183681371e-05,1.8838625662378926e-05,2.1793925333914055e-05,2.1763151215885105e-05,2.6409945865182176e-05,3.3423641070905821e-05
3168,9.0999999999999996,152483.53870769747,10.956094843085975,20.588656161899092,0,0.011682228089403932,2.3530208155208785e-05,1.9021590215289606e-05,2.2005592356570143e-05,2.1974519354065897e-05,2.6666444615367972e-05,3.3748258251308619e-05
3169,9.0999999999999996,154481.94776481178,10.814364631356902,20.664861539040864,0,0.011831036765722112,2.3829936862975055e-05,1.9263887972167979e-05,2.2285900448923592e-05,2.2254431637303435e-05,2.7006122825291322e-05,3.4178144879098102e-05
3170,9.0999999999999996,156108.170864593,10.701708327234138,20.718466812479168,0,0.011945779023982889,2.4061049387093948e-05,1.9450717077053635e-05,2.2502038273149877e-05,2.2470264264057885e-05,2.7268039306594106e-05,3.4509618578677319e-05
3171,9.0999999999999996,158610.70527301391,10.532858480234912,20.729446066965895,0,0.012126860253076358,2.442578109588802e-05,1.9745562624421534e-05,2.2843137563487468e-05,2.281088190505239e-05,2.7681384477528033e-05,3.5032735918720852e-05
3172,9.0999999999999996,149937.37674625922,11.14214579676235,20.725652572920296,0,0.01143710601525285,2.3036486119988208e-05,1.8622470149190842e-05,2.1543860536228596e-05,2.1513439522263317e-05,2.6106916572914945e-05,3.304013622199724e-05
3173,9.0999999999999996,151831.30326280167,11.003159929407021,20.724430913247375,0,0.011612697816409868,2.3390161086779882e-05,1.8908377534426961e-05,2.1874619494866119e-05,2.1843731432625863e-05,2.6507731298036896e-05,3.3547395402943591e-05
3174,9.0999999999999996,153457.13746233864,10.886584617160011,20.752041029598203,0,0.011766585584338638,2.370012004188612e-05,1.9158945323232733e-05,2.2164494976134498e-05,2.213319759514429e-05,2.6859003299323808e-05,3.3991954787851355e-05
3175,9.0999999999999996,155163.81810386817,10.766840701049087,20.847594313091406,0,0.01197261484881533,2.4115101793834475e-05,1.9494412514186469e-05,2.2552588409416318e-05,2.2520743020991049e-05,2.732929611746318e-05,3.458714337445267e-05
3176,9.0999999999999996,157219.07349209819,10.626090556212761,20.986557419450918,0,0.012204695640489234,2.458255622933431e-05,1.9872298109492138e-05,2.2989754612325697e-05,2.2957291923248047e-05,2.785905546902697e-05,3.5257591035004959e-05
3177,9.0999999999999996,158978.4216736322,10.508496024199685,21.104263168615425,0,0.012415094406272736,2.5006338980073036e-05,2.0214879941819696e-05,2.3386078792672483e-05,2.3353056473931209e-05,2.8339322331818023e-05,3.5865402475517631e-05
3178,9.0999999999999996,150324.76982046216,11.113432031768193,21.156216535540338,0,0.01176177890637325,2.3690438486946851e-05,1.9151118848877436e-05,2.2155440727656712e-05,2.2124156131720461e-05,2.6848031333122926e-05,3.3978068994142707e-05
3179,9.0999999999999996,151642.48240145494,11.016860747954071,21.22948539706605,0,0.011991968289806506,2.4154083269932768e-05,1.9525924758338238e-05,2.2589044120594826e-05,2.2557147254872949e-05,2.7373473260586767e-05,3.4643052651315199e-05
3180,9.0999999999999996,152499.40126542051,10.954955220992868,21.248215192263139,0,0.012186190517577694,2.4545283425660735e-05,1.984216713942264e-05,2.2954896861887752e-05,2.2922483393705823e-05,2.7816814739652001e-05,3.520413242572157e-05
3181,9.0999999999999996,153592.17893921907,10.877012902799041,21.256630704667529,0,0.012399706250000879,2.4975344334408646e-05,2.0189824173302595e-05,2.335709241340937e-05,2.3324111024892593e-05,2.8304196548121995e-05,3.5820948329621854e-05
3182,9.0999999999999996,154588.49941841222,10.806910723476014,21.263531426783423,0,0.012654270516932643,2.5488084724678506e-05,2.0604318491678693e-05,2.3836610313914197e-05,2.3802951822019253e-05,2.8885277817314535e-05,3.6556347480898534e-05
3183,9.0999999999999996,155871.24637417714,10.717974937343374,21.243928804040891,0,0.012999400997391788,2.6183242530514951e-05,2.1166277265284083e-05,2.4486726079904062e-05,2.4452149591869896e-05,2.9673090105501828e-05,3.7553379253929745e-05
3184,9.0999999999999996,157034.05162731244,10.638610510131793,21.223057642677855,0,0.013373174946638222,2.6936093678554108e-05,2.1774874772652124e-05,2.519079700692891e-05,2.5155226335356119e-05,3.052628542406335e-05,3.8633157843274496e-05
3185,9.0999999999999996,158176.08332300157,10.561799717087613,21.192574210283283,0,0.01383739040513716,2.7871111064257541e-05,2.2530733685489024e-05,2.6065230896352069e-05,2.602842548017456e-05,3.1585927105335404e-05,3.997420880185676e-05
3186,9.0999999999999996,159866.97769879477,10.450088793437544,21.184543548513126,0,0.014464733580453552,2.9134698402817847e-05,2.355220533575158e-05,2.7246945384208231e-05,2.720847132777576e-05,3.3017932362498397e-05,4.1786512014116146e-05
3187,9.0999999999999996,149578.09220169933,11.168909079533808,21.190804768877815,0,0.01367563985098921,2.754531497645698e-05,2.2267363313454515e-05,2.5760544433222864e-05,2.5724169249646161e-05,3.1216707110597954e-05,3.9506934970880236e-05
3188,9.0999999999999996,151287.80215618724,11.042688757988417,21.272109841256061,0,0.014609918579682094,2.9427128342270921e-05,2.378860283968641e-05,2.7520427624484814e-05,2.7481567397382669e-05,3.3349338983845038e-05,4.2205930365708261e-05
3189,9.0999999999999996,153382.10684269073,10.891910057046635,21.374301476602909,0,0.015752312059967789,3.1728124023964322e-05,2.5648705251684579e-05,2.9672332641711125e-05,2.9630433816560551e-05,3.5957024113587295e-05,4.5506139016167848e-05
3190,9.0999999999999996,154807.2391789672,10.791640758863705,21.451579148231115,0,0.017112212094554283,3.4467218881487222e-05,2.786296275408045e-05,3.2233950646237085e-05,3.2188434687706061e-05,3.9061200703636054e-05,4.9434692474631457e-05
3191,9.0999999999999996,154971.60804586025,10.780194728291923,21.493379543124952,0,0.018698035859601558,3.7661366693314721e-05,3.0445080615634384e-05,3.5221136913781724e-05,3.517140289809195e-05,4.2681082225956614e-05,5.4015906739093637e-05
3192,9.0999999999999996,154638.1796995418,10.803438810110714,21.51431491734785,0,0.020721502626136378,4.1737009956511862e-05,3.3739790781599507e-05,3.9032703035472152e-05,3.8977586896832663e-05,4.7299949795387172e-05,5.9861407997701733e-05
3193,9.0999999999999996,154804.77547864889,10.791812506593647,21.514749081518339,0,0.023560556074322114,4.7455398442708777e-05,3.8362480124540544e-05,4.4380574381688762e-05,4.4317906779901149e-05,5.3780516769146474e-05,6.8063020586103882e-05
3194,9.0999999999999996,154818.45918999624,10.790858666541062,21.465225195755124,0,0.027562995853592762,5.5517066166894735e-05,4.4879453492978258e-05,5.1919894581594601e-05,5.1846581080725696e-05,6.2916688215505572e-05,7.9625487118378929e-05
3195,9.0999999999999996,154150.05600077592,10.83764842798692,21.403783965512648,0,0.033908082508928981,6.8297266024344751e-05,5.5210842104349423e-05,6.3872014445705755e-05,6.3781823950823197e-05,7.7400303890472842e-05,9.7955519834093936e-05
3196,9.0999999999999996,152369.56852849232,10.964289839663797,21.416144318251611,1,0.17341664108885516,0.00034929378464190704,0.00028236568042153896,0.00032666165070927765,0.00032620038803904096,0.00039584959475098342,0.00050097545979688174
3197,9.1999999999999993,192198.95116371848,12.278002907884401,20.764837658145304,1,0.1517500266406315,0.00026410201268746295,0.00011842903419006942,0.00030482115049705784,0.00022634261431975263,0.00028735231640149528,0.00041034726883226155
3198,9.1999999999999993,191823.65147086128,12.302024610551911,20.719482708417409,0,0.030495697100223037,5.3073960913029957e-05,2.3799507878078389e-05,6.1256881999194435e-05,4.5485829294211301e-05,5.7746343747139293e-05,8.2463418908302374e-05
3199,9.1999999999999993,191189.1749418306,12.342849860607661,20.718435478791331,0,0.025335860822115624,4.4093908807911697e-05,1.9772658983730146e-05,5.0892289217976242e-05,3.7789680183051748e-05,4.7975729931842339e-05,6.8510704887650737e-05
3200,9.1999999999999993,190444.26917206447,12.391127816759846,20.710053716093427,0,0.022069983280106148,3.8410055887884971e-05,1.7223896840846542e-05,4.4332102232998924e-05,3.2918463503418771e-05,4.179149723313934e-05,5.9679444957279297e-05
3201,9.1999999999999993,189494.156831089,12.453256188706437,20.681558371663016,0,0.01974145423792955,3.4357541234319891e-05,1.5406661933853353e-05,3.9654772565815619e-05,2.9445348126814268e-05,3.7382218178038037e-05,5.3382869239921698e-05
3202,9.1999999999999993,188001.23831797138,12.552147541120149,20.630647094713559,0,0.017941800901800108,3.1225468847030888e-05,1.4002173175643937e-05,3.6039798568387915e-05,2.6761076828902439e-05,3.3974412813488536e-05,4.851642639523983e-05
3203,9.1999999999999993,194743.86247264841,12.117554059563247,20.540743937712051,0,0.01701461288114214,2.9611813628535464e-05,1.3278575399551526e-05,3.417735066349656e-05,2.5378130379353086e-05,3.2218698950539884e-05,4.6009217135422042e-05
3204,9.1999999999999993,192995.48264819288,12.227329100661535,20.492148042468916,0,0.015849714807593542,2.7584453682639032e-05,1.2369463507881554e-05,3.183741320943739e-05,2.3640627716454469e-05,3.0012859734455008e-05,4.2859216087444356e-05
3205,9.1999999999999993,191780.24823279522,12.30480877475957,20.452207394601366,0,0.014934507776924648,2.5991649884338719e-05,1.1655215957976629e-05,2.9999031587982093e-05,2.2275551501634548e-05,2.8279832953033504e-05,4.0384404624376652e-05
3206,9.1999999999999993,191319.37817162988,12.33444988078263,20.440315848979029,0,0.014232887910736607,2.4770567931973807e-05,1.1107656494820876e-05,2.8589683731131266e-05,2.1229051027880065e-05,2.6951252667114411e-05,3.8487154243455593e-05
3207,9.1999999999999993,190292.23333958644,12.401027828966864,20.434836987696443,0,0.013618066669728618,2.3700548171267303e-05,1.0627836573968089e-05,2.735468877144073e-05,2.0312014964627063e-05,2.5787033380386561e-05,3.6824616037349345e-05
3208,9.1999999999999993,189555.33909296643,12.44923668503532,20.420751703878075,0,0.013124298786737328,2.2841206696440102e-05,1.0242489336862059e-05,2.6362854387593565e-05,1.9575535927506063e-05,2.4852039508667404e-05,3.5489418234040938e-05
3209,9.1999999999999993,188785.64881534589,12.499992960739524,20.423311611442539,0,0.012714345314127627,2.2127733759260088e-05,9.9225526956711674e-06,2.5539378491493169e-05,1.8964070198016064e-05,2.4075755757164633e-05,3.4380862989882259e-05
3210,9.1999999999999993,188539.58648145964,12.516306656440683,20.474650208728335,0,0.012413187615900798,2.1603606310990285e-05,9.6875226523198731e-06,2.4934441292556505e-05,1.8514878706929179e-05,2.3505486584213788e-05,3.3566502414856826e-05
3211,9.1999999999999993,189159.6902014403,12.475275671933296,20.561438153644787,0,0.012226413446016438,2.1278549141140125e-05,9.5417600120045656e-06,2.4559266944270494e-05,1.8236295863585489e-05,2.3151812904225998e-05,3.3061446355249258e-05
3212,9.1999999999999993,190537.84973710435,12.385042050891416,20.633063121716305,0,0.012140015584937864,2.1128184429463473e-05,9.474333234756913e-06,2.4385719064263703e-05,1.8107429212415339e-05,2.2988210787885973e-05,3.28278178866988e-05
3213,9.1999999999999993,191857.29339444637,12.299867466746907,20.665591870533454,0,0.012088873880184167,2.1039178664807463e-05,9.4344211317089373e-06,2.4282990428055154e-05,1.8031148849169451e-05,2.2891369372757273e-05,3.2689525595529696e-05
3214,9.1999999999999993,193806.4040802941,12.176167719941766,20.677537119495486,0,0.012116978273893374,2.1088090860134716e-05,9.4563544142075347e-06,2.4339443885191938e-05,1.8073067932064099e-05,2.2944587568576939e-05,3.276552269059493e-05
3215,9.1999999999999993,195268.09837436437,12.085022084643162,20.677076242692895,0,0.012148287992323419,2.1142581523741875e-05,9.4807892021052298e-06,2.4402335896513865e-05,1.8119767914132992e-05,2.3003875334885264e-05,3.2850187304698111e-05
3216,9.1999999999999993,196675.06775696061,11.998568543505435,20.693497673481986,0,0.012210349843274041,2.1250592442158284e-05,9.5292236256822094e-06,2.4526999893137379e-05,1.8212336211514271e-05,2.31213950284604e-05,3.3018008764766597e-05
3217,9.1999999999999993,188012.40535964636,12.551402003322073,20.71889271640827,0,0.011669767798990063,2.0309776752839154e-05,9.107341594935314e-06,2.3441129634498667e-05,1.7406031554663615e-05,2.2097754334163054e-05,3.155622078118349e-05
3218,9.1999999999999993,189701.26116955926,12.439660478436185,20.753371937231044,0,0.011805544850047539,2.0546079791822915e-05,9.2133049702169044e-06,2.3713865777158138e-05,1.7608549691769148e-05,2.2354860385471534e-05,3.1923375524447407e-05
3219,9.1999999999999993,191460.91634189658,12.32533159439433,20.808384840722319,0,0.011943734096016592,2.0786580955480819e-05,9.3211508750767797e-06,2.3991447309597414e-05,1.7814665736002752e-05,2.2616534144679633e-05,3.2297053084318143e-05
3220,9.1999999999999993,193040.57336312113,12.224473022267205,20.874287258049627,0,0.012070429890676453,2.1007079199266615e-05,9.4200270395801557e-06,2.42459418803484e-05,1.8003638733381806e-05,2.2856444020676268e-05,3.2639651200853085e-05
3221,9.1999999999999993,194433.92067169695,12.136870321434493,20.939911422538067,0,0.012217396469145405,2.1262856216448681e-05,9.5347229663724125e-06,2.4541154491016416e-05,1.8222846599928466e-05,2.3134738447975879e-05,3.3037063546797343e-05
3222,9.1999999999999993,195674.39119397692,12.059929083623004,21.010089273568887,0,0.012390329378431236,2.1563824396905383e-05,9.6696835846983682e-06,2.4888525819603692e-05,1.8480784523605872e-05,2.3462202456815981e-05,3.3504691451632635e-05
3223,9.1999999999999993,187296.66288311497,12.599366400634404,21.080778691137311,0,0.011855800474520038,2.0633543444158764e-05,9.2525255568662342e-06,2.3814814538814259e-05,1.7683508422776919e-05,2.2450023927937167e-05,3.2059271765800875e-05
3224,9.1999999999999993,188705.53350503504,12.50529985766158,21.131873268842423,0,0.012161114934496283,2.1164905218303733e-05,9.4907996278479641e-06,2.4428101448962506e-05,1.8138899928073323e-05,2.3028164302915888e-05,3.2884872640869869e-05
3225,9.1999999999999993,190376.92102996135,12.395511328335232,21.166375589140454,0,0.012541204329396469,2.1826403449417857e-05,9.7874296907244364e-06,2.5191589200563227e-05,1.8705821919597285e-05,2.3747897738764703e-05,3.3912672428205372e-05
3226,9.1999999999999993,192572.34623947466,12.25419603262193,21.174816266401507,0,0.013024661730131063,2.2667800814605988e-05,1.0164730402352181e-05,2.6162712859455409e-05,1.9426922366278861e-05,2.4663367785511533e-05,3.5219989654962726e-05
3227,9.1999999999999993,195070.81946748559,12.097243902098858,21.17945625356057,0,0.013612261910871065,2.3690445711772681e-05,1.0623306413411122e-05,2.7343028718968334e-05,2.030335688182866e-05,2.5776041547694367e-05,3.6808919388089e-05
3228,9.1999999999999993,186274.26739970924,12.668519995930209,21.193358230840616,0,0.013085648839483426,2.2773941279187868e-05,1.0212326074119335e-05,2.6285218016454831e-05,1.9517887633806019e-05,2.4778852359260798e-05,3.5384904906121015e-05
3229,9.1999999999999993,188718.6017649282,12.504433898995856,21.21763330567423,0,0.013878207096686393,2.415329016981486e-05,1.0830855843225685e-05,2.7877234341886337e-05,2.0700027182030615e-05,2.6279632663107057e-05,3.7528061803245509e-05
3230,9.1999999999999993,191638.45703344507,12.313912968254737,21.251193345891959,0,0.014852514272610563,2.5848950406809602e-05,1.159122643691531e-05,2.983433076471639e-05,2.2153254164793629e-05,2.8124570882138952e-05,4.0162685977585573e-05
3231,9.1999999999999993,194149.30659478047,12.154662422801097,21.286768300885168,0,0.015978811752433136,2.7809130829119413e-05,1.2470213582413326e-05,3.2096730984351858e-05,2.3833182147201849e-05,3.0257316404158687e-05,4.3208307154525146e-05
3232,9.1999999999999993,196166.66650935772,12.029664994933771,21.302870389817048,0,0.017287196935697129,3.008621221038854e-05,1.3491305947487502e-05,3.4724891820200094e-05,2.5784702878190027e-05,3.2734861360685484e-05,4.6746311716490893e-05
3233,9.1999999999999993,197000.35917111603,11.978756237853913,21.310161836370145,0,0.018768103171739246,3.2663544987181721e-05,1.46470375090763e-05,3.7699596686101969e-05,2.7993547228655854e-05,3.5539090438732851e-05,5.075083048205029e-05
3234,9.1999999999999993,186711.47367402058,12.638855207154938,21.322707446544428,0,0.018157423832312294,3.1600733690078956e-05,1.4170450018654082e-05,3.6472921587917409e-05,2.7082689014941733e-05,3.4382714214968258e-05,4.909949239260416e-05
3235,9.1999999999999993,196161.71929517915,12.029968384042718,21.430981360588419,0,0.023152669898599435,4.029433704014474e-05,1.8068849117937875e-05,4.6506901064886101e-05,3.4533343745246476e-05,4.384166166900934e-05,6.2607137997835251e-05
3236,9.1999999999999993,196014.04557896836,12.039031561795733,21.505629871682856,0,0.026097611379258968,4.5419640735351678e-05,2.0367145751036443e-05,5.2422421939271182e-05,3.8925868534251597e-05,4.9418173086291583e-05,7.0570554678619601e-05
3237,9.1999999999999993,195795.24239935458,12.052485302310116,21.51548470654232,0,0.030238563200171546,5.262645139993711e-05,2.3598834968064745e-05,6.074037565662155e-05,4.5102301459282372e-05,5.7259437593375477e-05,8.1768103092245278e-05
3238,9.1999999999999993,194660.62909088467,12.122735307603966,21.460736221060685,0,0.036581171059038305,6.3664970063139238e-05,2.8548744629370939e-05,7.3480808508537661e-05,5.456261244677662e-05,6.9269735717327789e-05,9.8919149914290054e-05
3239,9.1999999999999993,192336.48766108404,12.269223120257363,21.423963901361244,1,0.18246246893292073,0.00031755319159993729,0.00014239769474857882,0.00036651340980901404,0.00027215172970820412,0.00034550908665324797,0.00049339678844555765
3240,9.3000000000000007,235335.02135308145,14.164204350750737,20.695719617275884,1,0.15909532536051973,0.00018143308569901754,0,0.0001156448866715388,0.00018744433013536378,0.00021987381879541587,0.00030274699319266267
3241,9.3000000000000007,234738.82284741435,14.200179130573886,20.622502969731016,0,0.032490525812360511,3.705235424587141e-05,0,2.3617055793152455e-05,3.8279973549461469e-05,4.4902739718130707e-05,6.1827140267326104e-05
3242,9.3000000000000007,242565.12876445387,13.742013744152862,20.583119489076484,0,0.027672145357300625,3.1557449652965676e-05,0,2.0114620631069212e-05,3.2603011673370061e-05,3.8243614387688314e-05,5.2658107855329983e-05
3243,9.3000000000000007,241858.86940922329,13.782142211594316,20.571995005901176,0,0.024342575174077764,2.7760391562008873e-05,0,1.7694387568713668e-05,2.8680149381730628e-05,3.3642063025486991e-05,4.6322174607068694e-05
3244,9.3000000000000007,241249.94905170071,13.816928651947563,20.571567862887999,0,0.021963117317342237,2.504684620635489e-05,0,1.5964782166679849e-05,2.5876698789889415e-05,3.0353591259031016e-05,4.1794236970164987e-05
3245,9.3000000000000007,239972.7803143042,13.890464280855113,20.577720005546983,0,0.020091732961204759,2.2912710351052455e-05,0,1.4604490584925344e-05,2.3671854704954179e-05,2.7767290097224187e-05,3.8233126763786782e-05
3246,9.3000000000000007,239185.93593736755,13.936159416188206,20.572644236485075,0,0.018644677828938187,2.1262481614106324e-05,0,1.355263990107135e-05,2.1966950558198163e-05,2.5767422802456317e-05,3.5479484635804873e-05
3247,9.3000000000000007,238395.37920799028,13.982373921875121,20.558691715251424,0,0.017466630639946874,1.9919030848891147e-05,0,1.2696328545876545e-05,2.0578988556750681e-05,2.4139331382562199e-05,3.3237745329524207e-05
3248,9.3000000000000007,238781.37002333804,13.959771371642352,20.555146498891101,0,0.016568295892611849,1.8894565517616953e-05,0,1.2043337517929946e-05,1.9520580620691228e-05,2.2897809728763926e-05,3.1528278737593411e-05
3249,9.3000000000000007,239987.16758023604,13.88963154548205,20.580062913755082,0,0.015872194808186087,1.8100728442771387e-05,0,1.1537348226051423e-05,1.8700442120826376e-05,2.1935780182304959e-05,3.0203648301152266e-05
3250,9.3000000000000007,241003.90652138821,13.831034448553691,20.605561945054696,0,0.015283080560630141,1.7428899678971303e-05,0,1.110912665360224e-05,1.8006354313682509e-05,2.1121609187504267e-05,2.9082606141740208e-05
3251,9.3000000000000007,241227.17887296045,13.818232874533578,20.602642698306845,0,0.014735757125314155,1.6804729361460463e-05,0,1.0711282427152696e-05,1.7361503973374208e-05,2.0365194166720665e-05,2.8041088900612564e-05
3252,9.3000000000000007,241947.17517918441,13.777112011597943,20.596796621621777,0,0.014302305869340455,1.631041943316298e-05,0,1.0396210810427784e-05,1.6850816559157547e-05,1.9766153417430009e-05,2.7216262249394155e-05
3253,9.3000000000000007,241955.16771655958,13.77665691041654,20.61347305689042,0,0.013916041205188566,1.5869921324530539e-05,0,1.0115438680826608e-05,1.6395723858835632e-05,1.9232325747884411e-05,2.6481228297997006e-05
3254,9.3000000000000007,242193.24603456107,13.763114322592076,20.644548375738903,0,0.013620116116831877,1.553244690914692e-05,0,9.9003335340931971e-06,1.6047068234721158e-05,1.8823349688362159e-05,2.5918104079813705e-05
3255,9.3000000000000007,243018.45266283795,13.716379545704607,20.685962403298372,0,0.013432310738620366,1.5318272739022361e-05,0,9.76381958165393e-06,1.5825798041930114e-05,1.8563797840411198e-05,2.5560723915248194e-05
3256,9.3000000000000007,234049.01082308454,14.242031280589213,20.696849589900413,0,0.012726912784578662,1.4513833468682119e-05,0,9.2510724832169858e-06,1.4994706074428381e-05,1.758891978177459e-05,2.4218402202737482e-05
3257,9.3000000000000007,235329.94367593148,14.164509969558338,20.751421406285072,0,0.012670218931306871,1.444917952164779e-05,0,9.2098622577013571e-06,1.4927910011594714e-05,1.7510567422942878e-05,2.4110517866276644e-05
3258,9.3000000000000007,236477.36847468387,14.095781574506924,20.804538065823419,0,0.012667332958106538,1.4445888343721635e-05,0,9.2077644710886256e-06,1.4924509790299093e-05,1.7506578933984697e-05,2.410502606627023e-05
3259,9.3000000000000007,237651.85096631889,14.026119804157338,20.853160924812475,0,0.012729993218871607,1.4517346410987592e-05,0,9.253311621757979e-06,1.4998335407604942e-05,1.7593177020948673e-05,2.4224264048255588e-05
3260,9.3000000000000007,238810.46138333989,13.958070823298852,20.891920909614754,0,0.012853895293146372,1.4658644941345029e-05,0,9.3433748672078642e-06,1.5144315443549976e-05,1.7764412864401221e-05,2.4460040808836185e-05
3261,9.3000000000000007,240101.16400124296,13.883036957355515,20.910526742204876,0,0.013050382442695121,1.4882719845884495e-05,0,9.486199517086719e-06,1.5375814402076333e-05,1.8035963142937752e-05,2.4833941761564255e-05
3262,9.3000000000000007,241752.87485258462,13.78818487832223,20.91814133335323,0,0.013335859758890001,1.5208279570891754e-05,0,9.6937102770907629e-06,1.5712160578066931e-05,1.8430500113455248e-05,2.5377184618680652e-05
3263,9.3000000000000007,243986.94647663351,13.661933072524292,20.919692195727631,0,0.013729914007033439,1.5657660959134679e-05,0,9.9801445815916714e-06,1.6176430878987857e-05,1.8975093187799308e-05,2.6127041589712847e-05
3264,9.3000000000000007,235363.78450971667,14.162473382542512,20.944894023183302,0,0.013280364001083979,1.5144991937775348e-05,0,9.6533709358330263e-06,1.5646776097889831e-05,1.8353803553275967e-05,2.5271580171958858e-05
3265,9.3000000000000007,238245.80939604202,13.991152002981297,20.995342766878398,0,0.013877081079642027,1.5825491007165074e-05,0,1.0087118934200938e-05,1.6349821475352574e-05,1.9178481855455424e-05,2.6407089973461729e-05
3266,9.3000000000000007,241641.13434930221,13.79456085698912,21.063965972124322,0,0.014587756017954834,1.6635948176128811e-05,0,1.0603701822574616e-05,1.718713072660913e-05,2.0160652841654685e-05,2.7759453408553425e-05
3267,9.3000000000000007,233160.67522964737,14.296293017895181,21.106544650382396,0,0.014172652020225589,1.6162561550699375e-05,0,1.0301966654268951e-05,1.669805984652796e-05,1.9586968473674996e-05,2.69695402738337e-05
3268,9.3000000000000007,237038.35359324247,14.062421894194093,21.161406779597609,0,0.015144957434313851,1.7271383391442604e-05,0,1.1008726259980556e-05,1.7843619193528036e-05,2.0930719485507652e-05,2.8819767739116695e-05
3269,9.3000000000000007,241150.42838532326,13.82263077719751,21.221707960890129,0,0.016283430182390753,1.8569703271047881e-05,0,1.1836271328521335e-05,1.9184955032007661e-05,2.2504118013383557e-05,3.0986199722778244e-05
3270,9.3000000000000007,244834.4559179639,13.614641455736221,21.273333475903456,0,0.017579437660103898,2.0047676525369833e-05,0,1.2778326901467767e-05,2.0711896524222284e-05,2.4295233576750813e-05,3.3452408997901469e-05
3271,9.3000000000000007,236037.90385018755,14.122025653341629,21.288974967420895,0,0.017189064896879148,1.9602493520500132e-05,0,1.2494568633520664e-05,2.0251963707592131e-05,2.3755728408956333e-05,3.2709557628618358e-05
3272,9.3000000000000007,238383.31345401463,13.983081638708537,21.332679589354253,0,0.018881878320400853,2.1532986212515315e-05,0,1.3725058693964687e-05,2.2246417520091888e-05,2.6095239963393391e-05,3.5930860158067484e-05
3273,9.3000000000000007,239223.69030624419,13.933960006494923,21.372788069628317,0,0.020818774129460739,2.3741831648538642e-05,0,1.5132969930990219e-05,2.4528446464993366e-05,2.8772079632829185e-05,3.9616633960607285e-05
3274,9.3000000000000007,239023.22373377238,13.945646290195008,21.414088914951801,0,0.023156627212230215,2.6407930716859129e-05,0,1.6832333216485438e-05,2.728287877820931e-05,3.2003052534932566e-05,4.4065400696718406e-05
3275,9.3000000000000007,238798.60524563532,13.958763829062436,21.423308365207163,0,0.026211731326377306,2.9891986362777069e-05,0,1.9053059490181267e-05,3.0882368221864607e-05,3.6225284752459438e-05,4.9879044701359213e-05
3276,9.3000000000000007,237988.36239150341,14.006287113526266,21.388160440781306,0,0.03039186902307232,3.4659035798324877e-05,0,2.2091562030153963e-05,3.5807359629720383e-05,4.2002342226525779e-05,5.7833546921571928e-05
3277,9.3000000000000007,236852.34651952283,14.07346552531866,21.351684656609098,0,0.036888555920734707,4.2067889251386593e-05,0,2.6813942265513654e-05,4.3461683355901436e-05,5.0980930091821096e-05,7.0196276118828028e-05
3278,9.3000000000000007,202769.47136017604,16.439029558904302,21.448513171895968,1,0.17827447861208695,0.00020330508569424619,0,0.00012958603170020326,0.0002100409936492474,0.00024637990033570396,0.00033924354622296397
3279,9.4000000000000004,296635.28224831738,15.872887562088305,20.646180143766045,1,0.16650511794851114,0.00012611218225610978,0,0,0.00015201944742547445,0.00018831336331877831,0.00022878082160401091
3280,9.4000000000000004,297272.83038003667,15.838845669335232,20.630095905777981,0,0.034749973112024664,2.6319881313520643e-05,0,0,3.1726782789785839e-05,3.9301400416929298e-05,4.7747045239442619e-05
3281,9.4000000000000004,298265.04724949662,15.78615572121422,20.644589347006352,0,0.029703450224793468,2.2497608329029354e-05,0,0,2.711929906682826e-05,3.3593901994847338e-05,4.0813038245488099e-05
3282,9.4000000000000004,299491.0127681992,15.721535142425576,20.674391330923761,0,0.02651650428767258,2.0083792394633613e-05,0,0,2.4209612167679644e-05,2.9989541266909027e-05,3.643412113539935e-05
3283,9.4000000000000004,300758.17430127884,15.655296794557815,20.700094341481392,0,0.024249889066844173,1.8367041610300497e-05,0,0,2.2140188731079597e-05,2.7426052883832873e-05,3.3319753848253051e-05
3284,9.4000000000000004,300973.33899320138,15.644104882599684,20.710332513669556,0,0.022455833464879331,1.7008210903832068e-05,0,0,2.0502213006239655e-05,2.5397018289885032e-05,3.0854691394450765e-05
3285,9.4000000000000004,301958.93724945432,15.593042302258864,20.7030821682268,0,0.021106323255791738,1.5986082097571809e-05,0,0,1.9270107958609998e-05,2.3870754055863723e-05,2.90004417581511e-05
3286,9.4000000000000004,302110.98236833554,15.58519470283702,20.680734574247431,0,0.01997304747765466,1.512773081540249e-05,0,0,1.8235425303231514e-05,2.258904586588068e-05,2.7443301852660022e-05
3287,9.4000000000000004,292196.95125843812,16.113989080986002,20.658595292484662,0,0.018516404201487809,1.4024458648219637e-05,0,0,1.6905507588585687e-05,2.0941616658476451e-05,2.5441849587340088e-05
3288,9.4000000000000004,293020.72341335681,16.068687658769342,20.646764267751717,0,0.017810723642884118,1.3489971082205346e-05,0,0,1.626122007418624e-05,2.0143508581940156e-05,2.4472232677202503e-05
3289,9.4000000000000004,293484.50944712182,16.043294724296892,20.654364758101206,0,0.01723024525590899,1.3050312547765716e-05,0,0,1.573124234907104e-05,1.9487001210082983e-05,2.3674645648456588e-05
3290,9.4000000000000004,293851.88000069052,16.023237564669678,20.677513569800222,0,0.01676604529035591,1.2698724131863612e-05,0,0,1.5307427014577087e-05,1.8962001991783917e-05,2.3036827118814589e-05
3291,9.4000000000000004,293710.5220760107,16.030949278886737,20.711029553829309,0,0.016382422991697194,1.2408165824455211e-05,0,0,1.4957179222913277e-05,1.8528134215258017e-05,2.250972365344303e-05
3292,9.4000000000000004,293180.9470923717,16.05990610499116,20.757176827572451,0,0.016081815318828064,1.2180483395857551e-05,0,0,1.4682723921572003e-05,1.818815402356852e-05,2.2096683674691529e-05
3293,9.4000000000000004,292991.30205825466,16.070301230784324,20.796078263916609,0,0.015890254581435174,1.2035393905967652e-05,0,0,1.450782865225128e-05,1.7971503345302672e-05,2.1833476012201731e-05
3294,9.4000000000000004,293418.35549452167,16.046911837333166,20.823572654718014,0,0.015822578625331808,1.1984135646668359e-05,0,0,1.4446040392661531e-05,1.7894963434297773e-05,2.1740488114706876e-05
3295,9.4000000000000004,294773.95303286461,15.973115784592137,20.841854074465019,0,0.015891400403583378,1.2036261759961379e-05,0,0,1.4508874789763232e-05,1.797279924314144e-05,2.1835050391029891e-05
3296,9.4000000000000004,296516.12409063266,15.879266250750975,20.84709816929502,0,0.016069223794276319,1.2170946483967294e-05,0,0,1.4671227838879864e-05,1.8173913306124729e-05,2.2079382709005379e-05
3297,9.4000000000000004,298886.56876657688,15.753329102429698,20.857478085189125,0,0.016373436382300616,1.240135930141226e-05,0,0,1.4948974433706023e-05,1.8517970571874846e-05,2.2497375901575012e-05
3298,9.4000000000000004,301817.59524684137,15.600344566475856,20.886580895312903,0,0.016808011448003923,1.2730509603608279e-05,0,0,1.5345742185755155e-05,1.9009464726801513e-05,2.3094489322502794e-05
3299,9.4000000000000004,293154.9328495271,16.061331243205334,20.909947031324791,0,0.016264243477163466,1.2318655804226135e-05,0,0,1.4849281131144207e-05,1.83944759702057e-05,2.2347343020553715e-05
3300,9.4000000000000004,297087.63594262046,15.84871907286395,20.943163168086752,0,0.016974086027066824,1.2856295692594228e-05,0,0,1.5497368550467665e-05,1.9197291160789905e-05,2.3322678576464945e-05
3301,9.4000000000000004,301225.17890244641,15.631025597633503,20.980665964810321,0,0.017834943635449955,1.3508315479989256e-05,0,0,1.6283332967362571e-05,2.017090082258611e-05,2.4505511352757501e-05
3302,9.4000000000000004,292565.02862248215,16.09371599963691,20.992071687311562,0,0.017374680077820392,1.3159708527958063e-05,0,0,1.586311157979798e-05,1.9650353588854282e-05,2.3873101513551003e-05
3303,9.4000000000000004,296590.24813857558,15.875297693118833,21.052285067158866,0,0.018567282020373759,1.4062993876729082e-05,0,0,1.6951959121178503e-05,2.0999158272276571e-05,2.5511756562870698e-05
3304,9.4000000000000004,299683.57434925059,15.711433275247323,21.124266383945166,0,0.019932807911919495,1.5097253076877546e-05,0,0,1.8198686513318806e-05,2.2543535865614988e-05,2.738801201518652e-05
3305,9.4000000000000004,301757.69783886638,15.603441157581038,21.200063181842864,0,0.021512154483938263,1.6293461609023593e-05,0,0,1.9640632539541584e-05,2.4329739608101794e-05,2.955806066471611e-05
3306,9.4000000000000004,293277.23871921154,16.05463316089056,21.239899139330515,0,0.021171773564745203,1.6035654635600402e-05,0,0,1.93298641986795e-05,2.3944776812408008e-05,2.9090371579174623e-05
3307,9.4000000000000004,294723.14221881505,15.975869579254519,21.30627530418408,0,0.023557074167758998,1.7842298587985733e-05,0,0,2.1507647585049281e-05,2.6642495564925515e-05,3.2367814569838675e-05
3308,9.4000000000000004,296430.74860461114,15.88383966319285,21.357908445381689,0,0.026699883716874227,2.0222685302445919e-05,0,0,2.4377037889122355e-05,3.0196939078471303e-05,3.668608754336887e-05
3309,9.4000000000000004,297496.58764108154,15.826932736977977,21.360063721053763,0,0.030990414594373138,2.347236446345484e-05,0,0,2.8294299659784661e-05,3.504942835879924e-05,4.2581348850442441e-05
3310,9.4000000000000004,297852.90519842005,15.807999183151317,21.337392240664446,0,0.037561920183789968,2.844967039134743e-05,0,0,3.4294095106105331e-05,4.2481646268124467e-05,5.1610707625990968e-05
3311,9.4000000000000004,296633.02856880822,15.873008156890654,21.349945896673912,1,0.18665603536446129,0.0001413746330510095,0,0,0.00017041726827586053,0.0002111035758918835,0.00025646851973183215
3312,9.5,369962.36035691097,17.977164965682892,20.741487110068373,1,0.18302412847020838,8.6212148034519858e-05,0,0,0.0001165723994293118,0.00019737624220655427,0.00013663476138457451
3313,9.5,371237.42970683577,17.915419758405747,20.722492332376433,0,0.039225730806256215,1.8476987374818429e-05,0,0,2.4983796386157183e-05,4.2301675790276793e-05,2.9283561755742909e-05
3314,9.5,372217.1075846352,17.868266255648457,20.734512983301336,0,0.034198135870775179,1.6108776350085448e-05,0,0,2.1781602173370213e-05,3.6879834397034068e-05,2.5530262996232283e-05
3315,9.5,373245.03523399669,17.819056532285842,20.762022336513855,0,0.031065049192228831,1.4632959282721092e-05,0,0,1.978606511062927e-05,3.3501061989878193e-05,2.3191289690917232e-05
3316,9.5,373911.56822729326,17.787292366377596,20.789796519422087,0,0.028857723265496286,1.35932148995816e-05,0,0,1.8380166982592965e-05,3.1120645263487465e-05,2.1543433455687691e-05
3317,9.5,373854.35669761314,17.79001438415515,20.811798228990654,0,0.027188747902411031,1.2807056526524829e-05,0,0,1.7317157070788227e-05,2.9320794674089859e-05,2.0297477239980281e-05
3318,9.5,373560.06623610848,17.804029349930374,20.815532344907012,0,0.025915271632238647,1.2207195045745148e-05,0,0,1.6506049892346183e-05,2.7947456836905414e-05,1.9346776762626311e-05
3319,9.5,373047.36430005787,17.828498522455792,20.808095854746455,0,0.024933810552558094,1.1744885138309569e-05,0,0,1.5880934100449551e-05,2.6889033002854118e-05,1.8614077191529991e-05
3320,9.5,373458.37256825669,17.808877432555171,20.798184430169815,0,0.02425413187765748,1.1424727577521205e-05,0,0,1.544803066505908e-05,2.6156056297098898e-05,1.8106670139031197e-05
3321,9.5,374927.37046073482,17.739100709176252,20.787038266234131,0,0.023839936622115785,1.1229623997548311e-05,0,0,1.5184219903197747e-05,2.5709381294398857e-05,1.779745697473098e-05
3322,9.5,365103.67356091505,18.216399518423241,20.780268832465186,0,0.022676433810622232,1.0681564692682453e-05,0,0,1.4443157423555173e-05,2.4454640650917309e-05,1.6928856040266865e-05
3323,9.5,366500.88759377244,18.146953004385086,20.774716789944861,0,0.022595464434242443,1.064342467299727e-05,0,0,1.4391586111270938e-05,2.4367321938476331e-05,1.6868409193648439e-05
3324,9.5,367892.77563202579,18.078295698532433,20.784848221833073,0,0.022668295908400773,1.0677731394653e-05,0,0,1.4437974201013937e-05,2.4445864602789985e-05,1.692278077392087e-05
3325,9.5,369878.02158965939,17.981264079021305,20.821427840153302,0,0.022936428182633316,1.0804033098762638e-05,0,0,1.4608753992907955e-05,2.4735022874678337e-05,1.7122952137202245e-05
3326,9.5,372677.97522778774,17.846169683530324,20.873179786602208,0,0.023411985449476706,1.102804079562031e-05,0,0,1.4911647672147645e-05,2.5247871683565556e-05,1.7477974473453521e-05
3327,9.5,375864.08040549007,17.694892196281447,20.922072131829086,0,0.024088627293050953,1.1346767879705667e-05,0,0,1.5342616877787448e-05,2.5977573420274763e-05,1.7983114411080023e-05
3328,9.5,366894.63856573671,18.127477711937097,20.935809683006973,0,0.023401195984772291,1.1022958498897548e-05,0,0,1.490477560670106e-05,2.523623614667445e-05,1.746991971068712e-05
3329,9.5,369416.71622222196,18.003717999671643,20.971279763258195,0,0.024449798550614816,1.1516894901662654e-05,0,0,1.5572655400309219e-05,2.6367066468031983e-05,1.8252743060639404e-05
3330,9.5,370776.18552026327,17.937706473508484,21.004389644567382,0,0.025696557873178542,1.2104171563918569e-05,0,0,1.6366745922454631e-05,2.771159230776941e-05,1.9183498278360422e-05
3331,9.5,372033.71408917918,17.877074392336784,21.052274377778403,0,0.027288190774065281,1.2853898348112464e-05,0,0,1.7380494589462789e-05,2.9428035508866128e-05,2.037171528254573e-05
3332,9.5,373777.45477216085,17.793674547020778,21.100610319460866,0,0.0293921854269967,1.3844969306889833e-05,0,0,1.8720578583462415e-05,3.1697018083400742e-05,2.1942430628989788e-05
3333,9.5,365178.82764848904,18.21265056919334,21.114785396839427,0,0.028931274382204334,1.3627860603482716e-05,0,0,1.8427013429709132e-05,3.1199964002209354e-05,2.1598342277628121e-05
3334,9.5,366535.69210857438,18.145229854612637,21.118781376122193,0,0.032820099122333843,1.545966243736453e-05,0,0,2.0903897951471832e-05,3.5393736813598983e-05,2.4501503980269503e-05
3335,9.5,367028.41145372496,18.1208706892386,21.108906909437316,0,0.038852894845876895,1.8301365781766855e-05,0,0,2.4746328338319854e-05,4.1899603334397734e-05,2.9005224943499548e-05
3336,9.5,366514.09175609943,18.146299236034562,21.134286074718968,1,0.18828790176958499,8.8691609112679696e-05,0,0,0.00011992502123218057,0.00020305278224716026,0.00014056437664762374
3337,9.5999999999999996,462118.00357074285,20.329460653534856,20.839987657789575,1,0.23079349286765877,7.3243073125167586e-05,0,0,2.4481785171699232e-05,0.0001036098019112804,0.00046947309849443156
3338,9.5999999999999996,464606.9039325944,20.220555681291543,20.828829381428921,0,0.052977874265541514,1.6812702432091555e-05,0,0,5.6197118926832143e-06,2.3783283445868142e-05,0.00010776597933527556
3339,9.5999999999999996,455299.09887680906,20.633930078177926,20.829206888178106,0,0.047471615471390012,1.5065273115540621e-05,0,0,5.0356267730239034e-06,2.1311366340036136e-05,9.6565315291056482e-05
3340,9.5999999999999996,457667.09609120071,20.527168876937147,20.839768845612973,0,0.045023530243901294,1.4288365226562937e-05,0,0,4.7759422564601882e-06,2.0212350842110107e-05,9.1585494834044682e-05
3341,9.5999999999999996,460625.15200007358,20.395346910800036,20.854705790534073,0,0.043629067669580877,1.3845827947750551e-05,0,0,4.6280224310339882e-06,1.9586336697158108e-05,8.8748921508833458e-05
3342,9.5999999999999996,463362.30268148135,20.274868534869615,20.879087937768464,0,0.042866240867887352,1.3603742356323957e-05,0,0,4.5471043702592671e-06,1.9243881921531472e-05,8.7197202447104923e-05
3343,9.5999999999999996,465895.12088865181,20.164645109315909,20.901472415174595,0,0.042586352802772919,1.3514918959419118e-05,0,0,4.517414800604965e-06,1.9118232161551162e-05,8.6627862664045134e-05
3344,9.5999999999999996,455493.08921102632,20.625142276371729,20.891820153225186,0,0.04094267468405928,1.2993292308912929e-05,0,0,4.3430590417238226e-06,1.8380338028706267e-05,8.3284342663840984e-05
3345,9.5999999999999996,457253.18660385901,20.545750245411654,20.902068963927498,0,0.041427541081086282,1.3147166252810251e-05,0,0,4.3944920124783215e-06,1.8598008426277702e-05,8.4270643130720369e-05
3346,9.5999999999999996,458279.8143928019,20.499724133232643,20.9181934316161,0,0.042281783741683052,1.3418262967363657e-05,0,0,4.4851071552251018e-06,1.8981502396358344e-05,8.6008317550191377e-05
3347,9.5999999999999996,458555.67284575565,20.487391885437567,20.942959051859308,0,0.043602246587250877,1.3837316189165057e-05,0,0,4.6251773422599641e-06,1.9574295945953517e-05,8.8694362879515175e-05
3348,9.5999999999999996,458896.46278052835,20.47217734902123,20.960377307910523,0,0.045637897714595803,1.4483336761603594e-05,0,0,4.8411122586432566e-06,2.048815797665481e-05,9.2835222443334465e-05
3349,9.5999999999999996,458545.49054149957,20.487846821451317,20.960486968170446,0,0.048695615742390487,1.5453713622420592e-05,0,0,5.1654645397321627e-06,2.1860855080130004e-05,9.9055139387241569e-05
3350,9.5999999999999996,457152.27590748284,20.550285465018121,20.962609861020354,0,0.053707737991715652,1.7044327083217368e-05,0,0,5.6971333430317184e-06,2.4110940153826082e-05,0.00010925064591208476
3351,9.5999999999999996,233860.0272567214,40.171934815386393,21.372209357828368,1,0.17835632826848596,5.6601966681945777e-05,0,0,1.8919429912982688e-05,8.0069258504257722e-05,0.00036280701430482017
3352,9.6999999999999993,576006.59892271936,23.038345469077463,20.981954003600574,1,0.33333333333333331,0,0,0,0,0,0
3353,9.6999999999999993,576185.54173130519,23.031190575480135,20.961212842966578,0,0.33333333333333331,0,0,0,0,0,0
3354,9.6999999999999993,574986.57894481125,23.079215244993854,20.968409596806474,1,0.33333333333333331,0,0,0,0,0,0
3355,9.8000000000000007,593268.3108171256,31.595671802966635,20.974604161789721,1,1,0,0,0,0,0,0
