event_id,Mw,area_km2,slip_m,mean_depth_km,is_edge_touching,conditional_probability,rate_mean,rate_p0.025,rate_p0.16,rate_p0.5,rate_p0.84,rate_p0.975
1,7.2000000000000002,3002.9682872775006,0.78582890511304271,6.3309779601776999,1,0.0085187488214652409,0.00022846636605636919,8.8246347200429968e-05,0.00013719979438411766,0.00021256150425649111,0.00031161610877949574,0.00044811947027523111
2,7.2000000000000002,3282.1614350979871,0.71898330656304743,20.039380529091375,1,0.0093107572849023216,0.00024970743083238583,9.6450821274608175e-05,0.00014995558758936422,0.00023232385597037828,0.00034058780411517765,0.00048978220978395141
3,7.2000000000000002,3738.7863660411535,0.63117253842432908,31.609183943630423,1,0.010606099999243909,0.00028444753750127966,0.00010986937196896633,0.00017081789469446589,0.00026464550339286622,0.00038797148270913891,0.00055792229738848187
4,7.2000000000000002,3729.2922441201213,0.63277939265852212,40.350781374716746,1,0.010579167300597606,0.0002837252230021941,0.00010959037415771528,0.00017038412668534566,0.00026397347337320893,0.00038698628371724661,0.00055650553221516766
5,7.2000000000000002,2966.07022354323,0.79560465647420087,6.5427304231693757,0,0.0040488348305928673,0.00010858667157519288,4.1942178564696415e-05,6.5209025162576441e-05,0.00010102732691311655,0.00014810650970493416,0.00021298453065612366
6,7.2000000000000002,3271.2197729047734,0.72138818089406398,20.616344504853501,0,0.0044653792920786176,0.00011975807730754172,4.6257193356547632e-05,7.1917735052423628e-05,0.00011142102664282543,0.00016334371964529177,0.00023489639674574616
7,7.2000000000000002,3072.2127633493496,0.76811714000815967,31.898225334961474,0,0.0041937247286011579,0.00011247250847096117,4.3443103702112927e-05,6.7542567873095523e-05,0.00010464264828456116,0.00015340658688352569,0.00022060630536793394
8,7.2000000000000002,3118.2998984930714,0.75676469810387947,40.274611253277349,0,0.0042566359828698557,0.00011415974047510251,4.4094806024057328e-05,6.8555793093254993e-05,0.00010621242233498525,0.00015570788260951907,0.00022391568313315254
9,7.2000000000000002,3203.5680189199866,0.73662218730602425,6.9462986111072498,0,0.0044167730429111735,0.0001184544946632296,4.5753677637275239e-05,7.1134900914298458e-05,0.00011020819390695886,0.00016156570147086692,0.00023233951813769318
10,7.2000000000000002,3797.3698353465484,0.62143519952017268,21.160048726351825,0,0.0052354501679589844,0.00014041079266580151,5.4234414343583318e-05,8.432020964655201e-05,0.00013063598733620692,0.00019151293731509782,0.00027540513344007892
11,7.2000000000000002,4003.3867371050665,0.5894557374156919,31.368595755631421,0,0.0055194865588509964,0.00014802843269896577,5.7176768261221461e-05,8.8894793924679382e-05,0.0001377233194992893,0.00020190299772614262,0.00029034655731499068
12,7.2000000000000002,4563.9006915416257,0.51706192592094968,39.604845640386849,0,0.0062922695650209585,0.00016875388532939091,6.51820844059152e-05,0.00010134094907869677,0.00015700595380368785,0.00023017142521009613,0.00033099796265869465
13,7.2000000000000002,3407.634054676706,0.69250959563624614,6.7215722972365999,0,0.0046981197664334919,0.00012599999986266029,4.8668169092298969e-05,7.5666166411954953e-05,0.00011722841295824119,0.00017185737376210436,0.00024713945500058187
14,7.2000000000000002,3665.3629667844325,0.64381598839328624,20.999436482374524,0,0.0050534517289994047,0.00013552973291765469,5.2349079094128121e-05,8.1389010602325485e-05,0.00012609472631673629,0.00018485542850234566,0.0002658313044932762
15,7.2000000000000002,3228.4786403768794,0.73093848346012047,31.289702769345823,0,0.0044511174241395951,0.00011937558485360364,4.6109453614920035e-05,7.1688038721451076e-05,0.0001110651616952656,0.00016282202005251981,0.0002341461667718483
16,7.2000000000000002,4407.1137783468585,0.53545685452342773,39.461838584207896,0,0.0060761067716636422,0.00016295656357358341,6.2942838090029174e-05,9.7859511672373619e-05,0.00015161221706097062,0.00022226418320300909,0.00031962695519238536
17,7.2000000000000002,3533.7875186365522,0.66778754207354285,6.1666206205301499,0,0.0049115926138839751,0.00013172517931457994,5.0879550060183822e-05,7.9104280551791834e-05,0.0001225550296390446,0.00017966621746048642,0.00025836896080272642
18,7.2000000000000002,3680.5205235367744,0.64116454892440411,19.495252212097402,0,0.0051155360426498892,0.00013719478700319004,5.2992215077231182e-05,8.2388917425010795e-05,0.00012764386638141646,0.00018712647471364621,0.0002690971819511669
19,7.2000000000000002,3225.2680286272207,0.73166610040929947,30.438817505522852,0,0.0044827830036916379,0.00012022483161987697,4.6437479688468677e-05,7.2198032746940714e-05,0.00011185528749469939,0.00016398034798177993,0.00023581189997190044
20,7.2000000000000002,3951.3274028970418,0.59722190561842348,39.5601859139556,0,0.0054919290944222977,0.00014728936245664471,5.689129845516135e-05,8.8450963670659189e-05,0.00013703570020034964,0.00020089494478162307,0.00028889692702059811
21,7.2000000000000002,3624.1648736075986,0.65113463751759038,6.0768203765602511,0,0.0050372076223691008,0.00013509407832923599,5.2180805195730443e-05,8.11273890735846e-05,0.00012568940015757782,0.00018426121855381664,0.00026497680101972336
22,7.2000000000000002,3389.2867977992123,0.6962583640938218,18.102366796649751,0,0.0047107518249506816,0.00012633878206715044,4.8799025517946268e-05,7.5869613639655746e-05,0.0001175436105789885,0.00017231945487325098,0.00024780395063131878
23,7.2000000000000002,3358.7467207027125,0.7025892326846096,28.589557738204952,0,0.0046683043330447479,0.00012520037260970528,4.8359308819282743e-05,7.518597015119639e-05,0.00011648445237154078,0.00017076672423963418,0.00024557104671713492
24,7.2000000000000002,3956.0087904396332,0.59651517635233042,39.01401131811545,0,0.0054984357302501905,0.00014746386548214832,5.6958701175491379e-05,8.8555757122893604e-05,0.00013719805506351231,0.00020113295773169671,0.00028923920148620061
25,7.2000000000000002,3491.5678723389424,0.67586235398015171,5.5607126072106983,0,0.0048964951668048441,0.00013132027726344702,5.0723154492629575e-05,7.8861126694530249e-05,0.00012217831515563517,0.00017911395235560993,0.00025757477610149882
26,7.2000000000000002,3569.5229682860036,0.6611021422881036,16.463323561124998,0,0.0050058176157701268,0.00013425222222002869,5.1855633802722942e-05,8.0621833323397035e-05,0.00012490615050893381,0.00018311297109213688,0.00026332556403365048
27,7.2000000000000002,3483.3819405130557,0.67745062745915752,26.227481114202376,0,0.0048850154026740117,0.0001310123987182378,5.0604234769498897e-05,7.8676237890864658e-05,0.00012189186981215812,0.00017869402221057002,0.0002569708956574328
28,7.2000000000000002,3803.5498100852037,0.62042549699844862,37.774870160288074,0,0.0053340115222528213,0.00014305413324562554,5.5255418680469321e-05,8.5907602094285754e-05,0.00013309530972841844,0.0001951183148587686,0.00028058984574952893
29,7.2000000000000002,3274.2823427065505,0.72071343710995306,4.3119587184586772,0,0.0046398546371620025,0.00012443737339820583,4.8064596321798452e-05,7.4727769949827844e-05,0.00011577456993701728,0.00016972603343952484,0.00024407448156236203
30,7.2000000000000002,2981.0173210650178,0.79161542088503634,13.562240863912352,0,0.004224280496583732,0.0001132919909348002,4.3759633155777725e-05,6.8034687686969428e-05,0.00010540508184636807,0.00015452431786950176,0.00022221365814346146
31,7.2000000000000002,2857.4344464863316,0.82585246502583443,23.3079309993694,0,0.0040491561445360263,0.00010859528897083341,4.1945507079526771e-05,6.5214200125221546e-05,0.0001010353444021314,0.00014811826337941879,0.00021300143302488907
32,7.2000000000000002,3718.1766358656873,0.63467110693923257,36.507648853915725,0,0.0052688794978652748,0.00014130734187548652,5.4580711237107738e-05,8.4858609978063725e-05,0.00013147012258307118,0.00019273578328964463,0.00027716364679963661
33,7.2000000000000002,3215.5200254079905,0.73388418129383282,3.5521866303834648,0,0.0045565849060053617,0.00012220414252374787,4.7201999036570421e-05,7.3386658686595791e-05,0.00011369680714759337,0.00016668002396724602,0.00023969416837342866
34,7.2000000000000002,3279.1696808886177,0.71963927180522835,11.51553646479014,0,0.0046467802887564516,0.0001246231141079647,4.8136339657351786e-05,7.4839311913870755e-05,0.0001159473801644022,0.00016997937399995861,0.00024443879789435614
35,7.2000000000000002,3647.1150223820491,0.64703725185480798,20.666202281457899,0,0.0051681809256786965,0.00013860668273683904,5.3537567302475808e-05,8.3236796295289067e-05,0.00012895747190759578,0.00018905222624599003,0.00027186650847903991
36,7.2000000000000002,4050.7965840145571,0.58255684587888146,35.152852447051224,0,0.0057402219318092584,0.00015394838756285355,5.9463382266368377e-05,9.2449875594286118e-05,0.00014323115215194351,0.00020997750484365771,0.00030195810033311764
37,7.2000000000000002,3072.0587668234821,0.76815564427516725,3.5773529329995073,0,0.0044089659754188246,0.00011824511504928449,4.5672803649441366e-05,7.100916319422457e-05,0.00011001339041588467,0.00016128011868823874,0.00023192883588582787
38,7.2000000000000002,2686.9381861349207,0.87825588748470473,11.787619453341932,0,0.0038562475329766803,0.00010342162668924464,3.9947152547611969e-05,6.2107285906295729e-05,9.6221850599642139e-05,0.00014106166009834691,0.00020285368637391603
39,7.2000000000000002,2399.2535398585896,0.98356394690139903,21.038231983265426,0,0.0034433674700102205,9.2348497338912746e-05,3.5670097530228952e-05,5.5457593453624446e-05,8.5919585666025973e-05,0.00012595849397493121,0.0001811345819630044
40,7.2000000000000002,2945.0082643221876,0.80129462109458471,35.277965462923,0,0.0042266252764916095,0.00011335487614904726,4.3783922903743734e-05,6.8072451838487329e-05,0.00010546358925805663,0.0001546100899947458,0.00022233700272753729
41,7.2000000000000002,2964.0257751359077,0.79615342790744259,3.9292560100161076,0,0.0042539188813602268,0.00011408686987859578,4.4066659369164379e-05,6.8512032468748417e-05,0.00010614462468110337,0.00015560849094798117,0.00022377275297818529
42,7.2000000000000002,2628.1589143770766,0.89789824670468588,13.467206680391634,0,0.0037718885317625864,0.00010115918242008565,3.9073271433537759e-05,6.0748631265386571e-05,9.411690812845906e-05,0.00013797580509196123,0.0001984160733242446
43,7.2000000000000002,2271.223986380026,1.0390077312637265,24.379359236338974,0,0.0032596216539369422,8.742057426521619e-05,3.3766661072404163e-05,5.2498251804687376e-05,8.1334723747459076e-05,0.00011923706605056386,0.0001714688341531183
44,7.2000000000000002,2463.955783584302,0.9577360507044701,37.291408565963451,0,0.0035362270188576189,9.4838919832101128e-05,3.6632036444053305e-05,5.6953154747363078e-05,8.8236635481821232e-05,0.00012935529929004186,0.0001860193570293428
45,7.2000000000000002,3128.2548483744326,0.75435646891324237,3.9663684527447201,0,0.0045418060451588903,0.00012180778471313393,4.7048903727292336e-05,7.3148635860490372e-05,0.00011332804209082732,0.0001661394127571154,0.00023891674255273719
46,7.2000000000000002,2811.7742376108254,0.83926342652801822,13.940190443676798,0,0.0040823186885297911,0.00010948468318519842,4.2289040318110973e-05,6.5748303702232072e-05,0.00010186282275417822,0.0001493313503166139,0.00021474591240313055
47,7.2000000000000002,2851.1562118509009,0.82767098886824242,25.627274796071902,0,0.0041394960277631385,0.00011101813594794442,4.288134459139448e-05,6.6669180623321633e-05,0.00010328952302337731,0.00015142289924424107,0.00021775366383541044
48,7.2000000000000002,2818.2355608942962,0.83733926078614873,38.103452805139824,0,0.004091699662450073,0.0001097362737728016,4.2386218518689136e-05,6.5899390172787742e-05,0.00010209689866951235,0.00014967450664753356,0.00021523938828226785
49,7.2000000000000002,3152.1518001178442,0.7486375755102419,3.69669796063731,0,0.004614687154060086,0.00012376240063781743,4.7803884508535869e-05,7.4322431844536135e-05,0.00011514658592450439,0.00016880540608962206,0.00024275057362327905
50,7.2000000000000002,3297.8899351365553,0.71555428704225543,13.113343880588936,0,0.0048280448671950867,0.00012948449227493964,5.0014072791556819e-05,7.7758691673987559e-05,0.00012047032975111249,0.00017661003817100149,0.00025397402291060599
51,7.2000000000000002,3316.47932600179,0.71154349215418389,24.635075699670026,0,0.0048552593634082425,0.00013021436437049992,5.0295989764582195e-05,7.8196998209720131e-05,0.00012114939123935297,0.00017760554532704877,0.0002554056117369037
52,7.2000000000000002,2996.5986625875184,0.78749927734493441,37.668429779718402,0,0.0043869604736673133,0.00011765494422446257,4.5444847034147067e-05,7.0654750782390201e-05,0.00010946430478696769,0.00016047515671890967,0.00023077126051945711
53,7.2000000000000002,3274.6718685417154,0.72062770745068505,3.4132660952658873,0,0.0048260445866321541,0.00012943084627117969,4.9993351737707923e-05,7.7726475900556912e-05,0.00012042041835516658,0.00017653686784299303,0.00025386880033801356
54,7.2000000000000002,3108.3844333625748,0.75917870902720752,11.714038140766839,0,0.0045809786354201899,0.0001228583637985817,4.7454695478333103e-05,7.3779535003308297e-05,0.00011430548430517974,0.00016757234738212529,0.00024097737384555924
55,7.2000000000000002,2945.2440999601417,0.80123045872917742,22.520975248929247,0,0.0043405507224919884,0.00011641026998616486,4.4964084999541278e-05,6.9907292622498423e-05,0.00010830627950312093,0.00015877748651243071,0.0002283299262873821
56,7.2000000000000002,2815.458445275051,0.83816519659196353,36.670203203428301,0,0.0041492792359554094,0.00011128051415287858,4.2982689566456293e-05,6.6826745329187176e-05,0.00010353363556776454,0.00015178076931790418,0.00021826829880876075
57,7.2000000000000002,3248.510252048301,0.7264312248337581,3.3406350476265749,0,0.0048281414696956307,0.00012948708308055132,5.001507350398327e-05,7.7760247517866677e-05,0.00012047274019579879,0.00017661357189361132,0.00025397910457955507
58,7.2000000000000002,3024.0726485569685,0.78034477194406338,10.791521538441101,0,0.004494568103229464,0.00012054089902853624,4.6559562403595353e-05,7.2387839168901641e-05,0.00011214935162759888,0.0001644114473059322,0.00023643184225130237
59,7.2000000000000002,3085.0880868329618,0.76491147573778717,20.515247855504803,0,0.0045852531080393544,0.00012297300190407994,4.7498975055387781e-05,7.3848378066619679e-05,0.00011441214179078883,0.00016772870772947023,0.00024120222780544821
60,7.2000000000000002,3263.3265873770779,0.72313304172757931,35.514361364690274,0,0.0048501624446901466,0.00013007766888598535,5.0243190407742829e-05,7.8114909135987471e-05,0.00012102221191613339,0.00017741909987467242,0.00025513749389896091
61,7.2000000000000002,3175.1450343624856,0.74321621713078023,3.2013655875256997,0,0.004775394900502784,0.0001280724602013011,4.946866790426718e-05,7.6910730928119239e-05,0.00011915659737635689,0.00017468410067808179,0.00025120442896217155
62,7.2000000000000002,3054.4399916325447,0.77258655850010194,10.385754960531326,0,0.0045938553993841325,0.00012320370881708896,4.7588086825747498e-05,7.3986923365755851e-05,0.00011462678786459854,0.00016804337982646793,0.00024165474193884559
63,7.2000000000000002,2963.5768700269418,0.79627402452328311,19.545118317080199,0,0.0044571979292959097,0.0001195386593785092,4.6172442016200996e-05,7.1785969071867773e-05,0.00011121688366168969,0.00016304444512877631,0.00023446602509925759
64,7.2000000000000002,3101.2061603387288,0.76093595822817417,34.810728944074576,0,0.0046641913749501758,0.00012509006620094708,4.8316702383098138e-05,7.5119728380636849e-05,0.0001163818250282714,0.00017061627209884864,0.00024535468905226754
65,7.2000000000000002,2799.4097919926144,0.84297028896250059,2.9888020040912924,0,0.0042102918450725862,0.00011291682593771431,4.3614723683273043e-05,6.7809391677982258e-05,0.0001050560342491157,0.00015401261254254203,0.00022147780042111096
66,7.2000000000000002,2797.5873990959444,0.84351941320691393,9.8712495734672689,0,0.0042075509794896647,0.00011284331800683119,4.3586330854592528e-05,6.7765248318165874e-05,0.00010498764362938025,0.00015391235159043068,0.00022133362018304366
67,7.2000000000000002,2715.5414414671964,0.86900507031314767,19.152534795689149,0,0.0040841544595112134,0.00010953391716706914,4.2308057205074332e-05,6.5777869945640119e-05,0.00010190862927453226,0.00014939850287878356,0.00021484248112900597
68,7.2000000000000002,2725.6553325934615,0.86578051636304987,34.720087226313176,0,0.0040993656777661008,0.00010994187047462853,4.2465631336627543e-05,6.6022856159066656e-05,0.00010228818259880513,0.0001499549297369672,0.00021564265063857586
69,7.2000000000000002,2764.3812466795589,0.85365189194325797,2.8192918439117425,0,0.0042078878512191026,0.00011285235265047014,4.3589820533678159e-05,6.7770673848719862e-05,0.00010499604931935322,0.00015392467436924306,0.00022135134095215074
70,7.2000000000000002,2833.9235123313974,0.83270394243601276,9.5560389528173673,0,0.0043137437475916146,0.00011569132730234956,4.4686389569844982e-05,6.9475549473184761e-05,0.00010763738656722035,0.00015779688649925091,0.00022691977467429922
71,7.2000000000000002,2879.5346813546021,0.81951410294192117,19.500755097369201,0,0.0043831721899394906,0.00011755334533535045,4.5405603923668584e-05,7.0593738096206014e-05,0.00010936977878266675,0.00016033658117701292,0.00023057198199476502
72,7.2000000000000002,2758.7466969058019,0.85539541703021538,35.214007988463578,0,0.0041993110481574562,0.00011262232931383437,4.350097279832286e-05,6.7632539054374738e-05,0.00010478203923422176,0.00015361093463447077,0.00022090016760202737
73,7.2000000000000002,2798.4320193218832,0.84326482293906124,2.7212479246914798,0,0.0043160302559478204,0.00011575264971788827,4.4710075678510378e-05,6.9512375124803759e-05,0.00010769443997563468,0.00015788052704924076,0.0002270400539470935
74,7.2000000000000002,2842.5276082333207,0.83018341649358174,9.2248585509388548,0,0.0043840390174905517,0.00011757659299116693,4.5414583454188503e-05,7.0607698897758511e-05,0.00010939140803504244,0.00016036828975700578,0.00023061758051059667
75,7.2000000000000002,2820.2357813550925,0.83674538734722392,19.278219030056075,0,0.004349658264768139,0.00011665452734497956,4.5058430701555476e-05,7.0053975304875912e-05,0.00010853353269802909,0.0001591106407049205,0.00022880901859375624
76,7.2000000000000002,2759.3367301932963,0.85521250649070224,35.224608403808702,0,0.0042557334720420619,0.00011413553582093629,4.408545684784251e-05,6.8541257590143219e-05,0.00010618990270643602,0.00015567486873410349,0.00022386820753755223
77,7.2000000000000002,2909.5978885130562,0.81104653347354749,2.689577732055195,0,0.0044874817157456925,0.00012035084750444328,4.6486153993112121e-05,7.2273708452516409e-05,0.00011197253068653541,0.00016415222702144248,0.00023605907058354394
78,7.2000000000000002,2766.7372498581949,0.85292496835448206,9.1548540904506961,0,0.0042671473161386498,0.00011444164644095018,4.4203693700477619e-05,6.8725084710299447e-05,0.00010647470320019004,0.00015609238752214809,0.00022446862033027114
79,7.2000000000000002,2807.4687034777908,0.84055052095761884,19.107031213407225,0,0.004329967561539326,0.00011612643765645091,4.4854453254847339e-05,6.9736844175540978e-05,0.00010804220637935208,0.00015839035414079111,0.00022777321067346534
80,7.2000000000000002,2827.2875036954611,0.83465840605032904,35.091754855011722,0,0.0043605341576851125,0.00011694621052339398,4.5171094878253303e-05,7.0229138383776939e-05,0.00010880491012762758,0.00015950848122132946,0.00022938113305268285
81,7.2000000000000002,3141.7694237761534,0.75111154352127951,2.6680341238807173,0,0.0048971798666079223,0.00013133864039154567,5.0730247348378328e-05,7.8872154214435573e-05,0.00012219539992044709,0.00017913899869666176,0.0002576107939862238
82,7.2000000000000002,2858.2805310723884,0.82560800300280357,9.3885017006651186,0,0.004455296357509653,0.00011948766066908527,4.615274349384831e-05,7.175534306521482e-05,0.0001111694352666484,0.00016297488557102705,0.00023436599499396788
83,7.2000000000000002,2827.4720508362379,0.83460392847474474,19.850509380878453,0,0.004407274160848281,0.00011819974186889451,4.5655278017553412e-05,7.0981915459131153e-05,0.0001099711759243467,0.00016121823205625813,0.00023183983982959415
84,7.2000000000000002,2792.8376120233493,0.84495398913323516,35.580041804094051,0,0.0043532883160685319,0.00011675188256070199,4.5096034670650407e-05,7.0112439558542216e-05,0.00010862411045552741,0.00015924342809947874,0.00022899997347456048
85,7.2000000000000002,3046.2634310899757,0.77466027960559758,2.7305047650591421,0,0.0047966501393565232,0.0001286425095456764,4.9688852490880279e-05,7.7253059885274325e-05,0.00011968696229716515,0.00017546161800622407,0.00025232253756888505
86,7.2000000000000002,2870.9706768615442,0.82195868467042255,9.9977441957265167,0,0.0045206339532917672,0.00012123996530771787,4.6829580466444722e-05,7.2807646037720684e-05,0.00011279975187006245,0.00016536493694844611,0.00023780300780237019
87,7.2000000000000002,2732.5846377768098,0.86358506472479524,21.440756645647149,0,0.0043027311262131248,0.00011539597717056043,4.4572309012932172e-05,6.9298184296628346e-05,0.0001073625974620268,0.00015739404445127552,0.00022634046776410656
88,7.2000000000000002,2641.0034994213715,0.89353129664443465,36.623517214979778,0,0.004158527353298495,0.00011152854162810049,4.3078491495954656e-05,6.6975692061213636e-05,0.00010376439641952641,0.00015211906575091167,0.00021875478591287448
89,7.2000000000000002,2912.8012431099919,0.81015458465023626,2.7768591171795296,0,0.0046318244946681993,0.00012422201108233953,4.7981411483575322e-05,7.459843946689955e-05,0.00011557420023441778,0.00016943229056609268,0.00024365206469387891
90,7.2000000000000002,2825.1608905820258,0.83528668726343192,10.649623569545779,0,0.0044924621772012606,0.00012048441969372656,4.6537746960581589e-05,7.2353921908971448e-05,0.00011209680414512354,0.00016433441246337026,0.00023632106231448588
91,7.2000000000000002,2646.0810101240822,0.89181671772392535,22.694897021836351,0,0.0042076962396799854,0.00011284721377468521,4.3587835615615312e-05,6.7767587824666401e-05,0.00010499126819035866,0.0001539176652129141,0.0002213412614365778
92,7.2000000000000002,2452.8330560506538,0.96207904384656762,37.272132569470102,0,0.003900400776476277,0.00010460578310744265,4.0404539252813635e-05,6.2818401594349864e-05,9.7323571057983239e-05,0.00014267678718070305,0.00020517631948620087
93,7.2000000000000002,2580.1346249488088,0.91461091156330165,2.8862910234687118,0,0.0041441286401568697,0.00011114237908988054,4.2929334164782551e-05,6.6743791752397268e-05,0.00010340511688342489,0.0001515923603561805,0.00021799735734667332
94,7.2000000000000002,2507.0529047689197,0.94127223114901803,10.813489467780588,0,0.0040267471489971139,0.00010799429674943485,4.1713370642335798e-05,6.4853289192791388e-05,0.00010047619071648384,0.00014729854159423156,0.00021182263230887382
95,7.2000000000000002,2424.6404513930988,0.97326565673875987,22.530076045029276,0,0.0038943789364868434,0.00010444428193770607,4.0342158568322272e-05,6.2721416083251971e-05,9.7173312916397871e-05,0.00014245650807815789,0.000204859547175771
96,7.2000000000000002,2292.2064445401302,1.0294968356368539,37.052877600717402,0,0.0036816677254425702,9.8739528995081373e-05,3.8138667448131194e-05,5.9295568575583439e-05,9.1865700737733629e-05,0.00013467552506427093,0.00019367010642426315
97,7.2000000000000002,2348.3191369484125,1.0048971812012737,2.7975195547437299,0,0.0037717941139794055,0.00010115665020693246,3.9072293352759572e-05,6.0747110607751263e-05,9.4114552197272202e-05,0.00013797235128638357,0.00019841110657996437
98,7.2000000000000002,2319.4711579045802,1.0173953977562447,10.267713917401005,0,0.0037254594246921898,9.9913989071399615e-05,3.8592308889787648e-05,6.0000861366660888e-05,9.2958399872492933e-05,0.00013627742684621139,0.00019597372089646641
99,7.2000000000000002,2301.3600201869094,1.0254020494754275,21.639208597153104,0,0.0036963699020774099,9.9133830193447138e-05,3.8290968380006413e-05,5.9532356354349294e-05,9.2232552354895011e-05,0.00013521333116344754,0.00019444349835582195
100,7.2000000000000002,2231.020157242996,1.0577310445265702,36.619014234495829,0,0.0035833922931759509,9.6103856626622987e-05,3.7120624998608569e-05,5.7712781081483894e-05,8.941351272845547e-05,0.00013108060655764927,0.00018850043473052586
101,7.2000000000000002,2319.1398288230916,1.0175407502177305,3.0864861668740975,0,0.0037674859671784997,0.00010104110898548452,3.9027664942373154e-05,6.0677725200615951e-05,9.4007054466824886e-05,0.00013781475913637599,0.0001981844812265527
102,7.2000000000000002,2301.9590125160084,1.0251352297976923,10.651124249786074,0,0.0037395754101964937,0.00010029256906936204,3.8738537424516857e-05,6.0228208169496493e-05,9.3310624732709154e-05,0.00013679379005477967,0.00019671627688434371
103,7.2000000000000002,2274.8539075357808,1.0373498155038556,21.692825066399351,0,0.0036955426609061102,9.9111644214235864e-05,3.8282398927713485e-05,5.9519033116279118e-05,9.2211910869691063e-05,0.00013518307065451307,0.00019439998223822749
104,7.2000000000000002,2292.0297941724211,1.0295761805891024,36.578186983487377,0,0.0037234452095464099,9.985996935272303e-05,3.8571443486567525e-05,5.9968421168031012e-05,9.290814077808175e-05,0.00013620374679070946,0.0001958677653103746
105,7.2000000000000002,2343.7296254284397,1.0068649795084987,3.5296437371615776,0,0.0038310025222524531,0.00010274457469697494,3.9685637619993111e-05,6.1700699170006324e-05,9.5591932102574636e-05,0.00014013819678550008,0.00020152570017900351
106,7.2000000000000002,2246.6865780915341,1.0503553563243497,11.551163750108927,0,0.0036723783554197327,9.84903951543555e-05,3.8042438179081377e-05,5.9145957443267881e-05,9.1633910540953314e-05,0.00013433571960689726,0.00019318144926802264
107,7.2000000000000002,2208.281679269257,1.0686224060244687,22.328514891075773,0,0.003609602656952338,9.6806798653733568e-05,3.7392140089678339e-05,5.813491543433534e-05,9.0067518905674861e-05,0.00013203938251652161,0.00018987920226756137
108,7.2000000000000002,2276.4800192957664,1.0366088264681903,36.756994878128424,0,0.0037210779780902149,9.9796482005021404e-05,3.854692116135695e-05,5.9930295420241476e-05,9.2849073150922214e-05,0.00013611715338709821,0.00019574323968714037
109,7.2000000000000002,2101.4056892016192,1.1229717771331562,3.3375573224789377,0,0.0034609759191270803,9.2820742555426296e-05,3.5852504753049289e-05,5.5741188574092011e-05,8.6358955168560473e-05,0.00012660261161596452,0.00018206085518175842
110,7.2000000000000002,2083.6774478355705,1.1325261900452686,11.334213904700738,0,0.0034317778367331572,9.2037672186741964e-05,3.5550039664510883e-05,5.5270935138427534e-05,8.5630398845897381e-05,0.00012553454481295103,0.00018052492197259416
111,7.2000000000000002,2073.8585080925973,1.137888275440198,22.337705635414,0,0.0034156062263789935,9.1603961893325919e-05,3.5382516760383502e-05,5.5010481207697635e-05,8.5226881628149473e-05,0.00012494298678055962,0.00017967423208640511
112,7.2000000000000002,2087.9818156360957,1.1301914909453161,36.791049053192197,0,0.0034388670501017296,9.2227799498916598e-05,3.5623477348543147e-05,5.5385111367460419e-05,8.5807290298996918e-05,0.00012579386846839862,0.00018089784229293368
113,7.2000000000000002,1867.9626066145272,1.2633118419631404,3.0619442239417496,0,0.0030953366013651224,8.3014574071398127e-05,3.2064820098696468e-05,4.9852337961513311e-05,7.7235450646046468e-05,0.0001132275134876254,0.00016282679853550283
114,7.2000000000000002,1913.7654328228684,1.233076552020095,10.924238493575899,0,0.0031712348896427425,8.5050108452807912e-05,3.2851056063582346e-05,5.1074727512377522e-05,7.9129279735845701e-05,0.00011600387533979096,0.00016681934502919246
115,7.2000000000000002,1918.1379787658057,1.2302656573219275,22.278596548432976,0,0.0031784804851650501,8.5244429815438638e-05,3.2926113721876523e-05,5.119142237410959e-05,7.931007326735293e-05,0.00011626891945950516,0.00016720049166179464
116,7.2000000000000002,1871.9630279646096,1.2606121200194351,36.86630227879882,0,0.0031019655620209436,8.3192357755775578e-05,3.2133489990939044e-05,4.9959101531847417e-05,7.7400857782492142e-05,0.00011347000108388066,0.0001631755077649705
117,7.2000000000000002,1863.3482983602423,1.2664402481045129,3.1421522749199924,0,0.0031085498114684831,8.3368942319543622e-05,3.2201696716478095e-05,5.0065145000120583e-05,7.7565149276031945e-05,0.00011371085314268369,0.00016352186501019845
118,7.2000000000000002,1870.4454623030347,1.2616349040056363,11.087574011396143,0,0.0031203897276321662,8.3686479868427883e-05,3.2324347281074114e-05,5.025583427823257e-05,7.7860581204213897e-05,0.00011414395766079152,0.00016414469085828585
119,7.2000000000000002,1839.347847062051,1.2829652015249611,22.539536945155,0,0.0030685108137009668,8.229512684356271e-05,3.1786929786192934e-05,4.942029182083592e-05,7.6566088290345817e-05,0.000112246225302935,0.00016141565729754464
120,7.2000000000000002,1768.4437127442648,1.3344045186592386,37.044115208678846,0,0.0029502242681529057,7.9122771632591908e-05,3.0561590738600467e-05,4.7515212792480415e-05,7.3614579027430946e-05,0.00010791929962204429,0.00015519332286292436
121,7.2000000000000002,1847.5651763633671,1.277259017148932,3.254563184115312,0,0.0031052486594052558,8.3280407931279402e-05,3.2167499838833469e-05,5.0011977875018332e-05,7.7482778277303716e-05,0.00011359009689291139,0.0001633482115142597
122,7.2000000000000002,1827.1287948514157,1.2915451214660381,11.300317697901187,0,0.0030709007256463005,8.235922246473766e-05,3.1811687060262922e-05,4.945878285213264e-05,7.6625721845552969e-05,0.00011233364835957613,0.00016154137600311896
123,7.2000000000000002,1795.6325876279927,1.3141994066824985,22.6682054991699,0,0.0030179642682438097,8.0939506928088623e-05,3.126331439458107e-05,4.8606207993634098e-05,7.5304840897974133e-05,0.00011039723102716576,0.00015875671152402573
124,7.2000000000000002,1762.0477257206144,1.3392482205982166,37.072450985384023,0,0.0029615173570612372,7.9425643690274455e-05,3.0678576679336133e-05,4.7697095074568661e-05,7.3896366413861287e-05,0.00010833240118137749,0.00015578738346095735
125,7.2000000000000002,1844.6414016344313,1.2792834852289268,3.1793680873737773,0,0.0031193324189314349,8.3658123653011934e-05,3.2313394542278988e-05,5.0238805658257843e-05,7.7834199028544554e-05,0.0001141052812741524,0.00016408907228978255
126,7.2000000000000002,1832.4670979633811,1.2877826204373273,11.196982306268701,0,0.0030987453822936503,8.3105994983992792e-05,3.2100131911693124e-05,4.9907238517016964e-05,7.7320507221493673e-05,0.00011335220680478872,0.00016300611373025621
127,7.2000000000000002,1828.1462264629067,1.2908263283983801,22.645355839029648,0,0.0030914386859690834,8.2910034944304222e-05,3.2024441305682871e-05,4.9789559588530218e-05,7.7138189090692383e-05,0.00011308492761574187,0.00016262175295673787
128,7.2000000000000002,1829.6785778304049,1.2897452644817498,37.077741620134724,0,0.0030940299285236493,8.2979530099334579e-05,3.2051284178379689e-05,4.9831293175602296e-05,7.7202846287052491e-05,0.0001131797153526127,0.00016275806243894501
129,7.2000000000000002,1879.9683232110269,1.2552441720134118,3.1467477496952472,0,0.0032030945126756221,8.5904559317693949e-05,3.3181092247857437e-05,5.1587846729867813e-05,7.9924247346564484e-05,0.00011716930138588724,0.00016849528567445345
130,7.2000000000000002,1866.306557024224,1.264432829857886,11.183717655792272,0,0.0031798175628642224,8.5280289222666971e-05,3.2939964608356215e-05,5.1212956849329686e-05,7.9343436294365506e-05,0.00011631782980520077,0.00016727082717265745
131,7.2000000000000002,1854.8353643270093,1.2722526897349091,22.880524056943901,0,0.0031602729173887409,8.4756116692025874e-05,3.2737500184684898e-05,5.0898178071747966e-05,7.8855754437616779e-05,0.00011560288603843564,0.00016624270246083113
132,7.2000000000000002,1886.9869455055491,1.2505753083777906,37.293554150846873,0,0.0032150528580799356,8.6225273048762781e-05,3.3304969629689926e-05,5.1780443385201983e-05,8.0222634344565244e-05,0.00011760673804946671,0.00016912434136329431
133,7.2000000000000002,1805.454690657532,1.307049849265971,2.9556072379868996,0,0.0030939415012687568,8.2977158547595099e-05,3.2050368153925775e-05,4.9829868999183498e-05,7.7200639832711464e-05,0.00011317648068075452,0.00016275341081985743
134,7.2000000000000002,1790.7252746725082,1.3178008456445316,10.852139387242749,0,0.0030687002411909879,8.2300207144811566e-05,3.1788892079530141e-05,4.942334266940843e-05,7.6570814922515679e-05,0.00011225315456667705,0.00016142562192360217
135,7.2000000000000002,1774.2362070704132,1.3300479788860575,22.63692868687605,0,0.0030404435306596537,8.1542383653698193e-05,3.1496178731531546e-05,4.896825061820228e-05,7.5865747896622596e-05,0.00011121952317699506,0.00015993920855229628
136,7.2000000000000002,1756.2380210042159,1.3436785065905383,37.190396537620195,0,0.0030096006991524923,8.0715202364401998e-05,3.1176675565647946e-05,4.8471507466162886e-05,7.5096151469014334e-05,0.00011009129139795897,0.00015831675511383464
137,7.2000000000000002,1739.2810872683174,1.3567785555506475,2.6551973241429847,0,0.0029984177307795607,8.0415283655747377e-05,3.1060830371658604e-05,4.8291398744386253e-05,7.4817111831947754e-05,0.00010968221805139003,0.00015772848728619834
138,7.2000000000000002,1734.1057854772089,1.360827754017941,10.120479152820236,0,0.002989495816566737,8.0176004700446534e-05,3.0968407604440318e-05,4.8147705718430639e-05,7.4594490465163625e-05,0.0001093558541394903,0.00015725915974119345
139,7.2000000000000002,1726.1276083248058,1.3671175119959149,21.873651823789352,0,0.0029757419109972599,7.9807135411024235e-05,3.0825929882455179e-05,4.792619044011231e-05,7.4251300295043448e-05,0.00010885273582670691,0.00015653565057251371
140,7.2000000000000002,1687.4715450669519,1.3984350066103421,36.858369995112099,0,0.0029091011441178091,7.8019880714443214e-05,3.0135593264367708e-05,4.6852899079481734e-05,7.2588466708847191e-05,0.00010641501440818948,0.00015303008587297628
141,7.2000000000000002,1747.7386054777548,1.3502129402442289,2.7556535572937446,0,0.0030129979919824219,8.0806315174927374e-05,3.1211868372584109e-05,4.8526222998631045e-05,7.5180921391154788e-05,0.00011021556448010216,0.00015849546598971842
142,7.2000000000000002,1737.2706130994045,1.3583487013979909,10.194003477555645,0,0.0029949517922147886,8.0322329818809153e-05,3.1024926458493377e-05,4.8235577629290511e-05,7.4730629047864224e-05,0.00010955543390603506,0.00015754616537646689
143,7.2000000000000002,1724.529940036118,1.3683840601984818,21.772288381710375,0,0.0029729876253560415,7.9733267564381679e-05,3.0797398034401192e-05,4.7881830941837389e-05,7.4182574815361002e-05,0.00010875198396842684,0.00015639076438694861
144,7.2000000000000002,1691.6973852408642,1.3949417324094735,36.783938461448479,0,0.0029163862426551594,7.8215261517900769e-05,3.0211060137307598e-05,4.697023016205503e-05,7.2770245927393219e-05,0.00010668150354947792,0.00015341331051850571
145,7.2000000000000002,1766.4031117013128,1.3359460621690171,2.9492506202180748,0,0.0030690807477642195,8.231041204178279e-05,3.1792833775180195e-05,4.9429470966497982e-05,7.6580309397735055e-05,0.00011226707350949371,0.00016144563805597163
146,7.2000000000000002,1752.5593954971255,1.346498890333522,10.559350179345149,0,0.0030450276408610839,8.1665326003716045e-05,3.1543665867133092e-05,4.9042080589040909e-05,7.5980131520381785e-05,0.00011138721007716361,0.00016018035065874884
147,7.2000000000000002,1727.1439809204446,1.3663130042133789,21.858531676943723,0,0.0030008690005954375,8.048102484835607e-05,3.1086223256433977e-05,4.8330877982683653e-05,7.4878276400867591e-05,0.00010977188558092998,0.00015785743365548494
148,7.2000000000000002,1700.7910866915574,1.3874833304017817,36.698432117816651,0,0.0029550815131357683,7.9253039249766382e-05,3.0611907297543392e-05,4.7593441770337214e-05,7.3735777964239373e-05,0.00010809697780139552,0.00015544883292600226
149,7.2000000000000002,1760.4024074050876,1.3404999171518672,2.9535358484146976,0,0.0030868996999021069,8.2788302789261743e-05,3.197742161431751e-05,4.9716456370187588e-05,7.7024931413254507e-05,0.00011291889135787834,0.00016238298455605502
150,7.2000000000000002,1765.9589499709016,1.3362820700443527,10.599519175255423,0,0.0030966432048568559,8.3049616183554414e-05,3.207835530061418e-05,4.9873381630503256e-05,7.726805327461205e-05,0.00011327530908582238,0.00016289553098399338
151,7.2000000000000002,1758.0330141305376,1.3423065791785216,21.961471035264424,0,0.0030827449229275969,8.2676874829941107e-05,3.1934381973271971e-05,4.964954108032973e-05,7.692126059702774e-05,0.0001127669094811054,0.00016216442705471894
152,7.2000000000000002,1748.5170540399952,1.3496118186711661,36.765487708423699,0,0.0030660585026953749,8.2229357727037542e-05,3.176152611565653e-05,4.938079581352492e-05,7.6504897741454429e-05,0.00011215651968664142,0.00016128665615761117
153,7.2000000000000002,1802.6677758579365,1.3090705413854578,3.1239554644004626,0,0.0031771933392135735,8.5209909539717268e-05,3.2912780082053098e-05,5.1170692081013036e-05,7.9277956147177486e-05,0.00011622183561876323,0.00016713278275594108
154,7.2000000000000002,1788.4001564316357,1.3195141326698243,10.954191674436913,0,0.0031520467281658982,8.4535496551953285e-05,3.2652284483939476e-05,5.0765690133249884e-05,7.8650492938287208e-05,0.000115301971769283,0.00016580997276845712
155,7.2000000000000002,1771.2476806305381,1.3322920939212786,22.239339212458798,0,0.0031218155715456311,8.3724719918029081e-05,3.2339117703313137e-05,5.0278798389025256e-05,7.7896159143349446e-05,0.00011419611507749117,0.00016421969581882504
156,7.2000000000000002,1775.2485221675984,1.3292895342896001,36.859103002422351,0,0.0031288670356329328,8.3913834823183151e-05,3.2412164339757149e-05,5.03923666421996e-05,7.8072108668921864e-05,0.00011445405786300288,0.00016459063037948542
157,7.2000000000000002,1905.4402410566929,1.2384640727288259,3.1854298470736802,0,0.0033753821679208926,9.0525183230336697e-05,3.4965832772758496e-05,5.4362647509885078e-05,8.4223202971536114e-05,0.00012347158941473419,0.000177558289458405
158,7.2000000000000002,1841.4586859387182,1.2814945560820472,11.170372387229955,0,0.0032620423761144102,8.748549619339004e-05,3.3791737511940721e-05,5.2537239054102782e-05,8.1395126085667842e-05,0.0001193256161464979,0.00017159617359727671
159,7.2000000000000002,1795.8945852932327,1.3140076820796012,22.360981664556675,0,0.0031813280878873313,8.53208003552405e-05,3.2955612248454292e-05,5.1237284802521638e-05,7.9381127213285442e-05,0.00011637308485964364,0.00016735028669040818
160,7.2000000000000002,1771.0871145700494,1.332412878997959,36.826039124400396,0,0.003137383023378871,8.4142227139293304e-05,3.2500382084772591e-05,5.0529521967730069e-05,7.8284601278276095e-05,0.00011476557297154985,0.00016503860460640056
161,7.2000000000000002,1901.4221440762992,1.2410812026315468,3.0022336804210901,0,0.003390571947904679,9.093256157976601e-05,3.5123184823680546e-05,5.4607288446505275e-05,8.4602221363831359e-05,0.00012402723206026415,0.00017835733123115687
162,7.2000000000000002,1836.7636298002642,1.2847702573123587,10.90513201363704,0,0.0032752743821429105,8.7840368533956064e-05,3.3928808838096859e-05,5.2750348812876886e-05,8.1725293715292262e-05,0.00011980964335710873,0.00017229222881106926
163,7.2000000000000002,1786.2670920191235,1.3210898257175101,22.383683228791899,0,0.0031852301250059885,8.5425450023801023e-05,3.2996033738696414e-05,5.130012955843344e-05,7.9478491614676933e-05,0.00011651582150427451,0.00016755554908788619
164,7.2000000000000002,1724.4556303819368,1.3684430261379406,36.930784895575954,0,0.0030750093575983165,8.2469412849641937e-05,3.1854248681617782e-05,4.9524954947452103e-05,7.6728241242058259e-05,0.00011248394224992634,0.0001617575060959859
165,7.2000000000000002,1910.1489635428018,1.2354111256871039,3.0483272800446199,0,0.0034224553190796629,9.1787649351766077e-05,3.545346701671084e-05,5.5120790142723603e-05,8.5397781542885553e-05,0.0001251935268141705,0.00018003452112147516
166,7.2000000000000002,1846.0180174068969,1.2783294957192821,10.822950178965945,0,0.0033075505122245187,8.8705989801192734e-05,3.4263159649602288e-05,5.3270176137701101e-05,8.2530654092210229e-05,0.00012099030524458549,0.00017399007935436266
167,7.2000000000000002,1791.0919386334915,1.3175310716215298,22.210380059085502,0,0.0032091382658280001,8.6066648181798761e-05,3.3243699932419586e-05,5.1685185166203121e-05,8.0075052269722603e-05,0.00011739038207264517,0.00016881321070286764
168,7.2000000000000002,1712.5429088263977,1.3779621340394017,36.885757160164175,0,0.0030684002658066672,8.2292162033094045e-05,3.1785784612404258e-05,4.9418511377641106e-05,7.6563329877438345e-05,0.00011224218145736831,0.00016140984204640016
169,7.2000000000000002,1933.1929038619651,1.2206848455558807,3.23492676576253,0,0.0034839723050471027,9.3437488140216731e-05,3.6090726010511409e-05,5.6111559797135328e-05,8.693276553509056e-05,0.00012744382016038506,0.00018327055492672081
170,7.2000000000000002,1863.8639368077943,1.266089887077319,11.159589354580779,0,0.0033590286428436433,9.0086594122368576e-05,3.4796425400600566e-05,5.409926372840762e-05,8.3815146581663768e-05,0.00012287337693585941,0.0001766980301470512
171,7.2000000000000002,1824.1476631556716,1.2936558420923636,22.391512347867501,0,0.0032874525486073971,8.8166977698715102e-05,3.4054963362500934e-05,5.2946485824299624e-05,8.2029165731832348e-05,0.00012025512108221432,0.00017293284794650361
172,7.2000000000000002,1794.068446786092,1.3153451784450398,36.916849759049249,0,0.0032332442196921678,8.6713151535177548e-05,3.3493415286032863e-05,5.2073426677123491e-05,8.0676548794892327e-05,0.00011827217864852753,0.00017008127805671081
173,7.2000000000000002,1916.5145717730047,1.2313077688198075,3.4420652719572424,0,0.0034762553753084641,9.3230525952288788e-05,3.6010785766314831e-05,5.5987273802136851e-05,8.6740211179061962e-05,0.0001271615346197174,0.00018286461427286372
174,7.2000000000000002,1877.0168225799439,1.2572179710339066,11.689618118437792,0,0.0034046126834306033,9.1309123430525542e-05,3.5268633838334908e-05,5.4833423301227669e-05,8.4952568571714486e-05,0.00012454084262217741,0.00017909592877617402
175,7.2000000000000002,1855.7038964475194,1.2716572324916735,22.784710781789173,0,0.0033659543945124813,9.0272337516046449e-05,3.4868169772831873e-05,5.4210807304211353e-05,8.3987959306124616e-05,0.00012312672115701761,0.00017706235174334915
176,7.2000000000000002,1864.0235208408033,1.2659814937399643,36.987157935308623,0,0.0033810448819231479,9.0677052914163014e-05,3.50244932446673e-05,5.4453849071645866e-05,8.4364500130510987e-05,0.00012367873167699547,0.00017785617033882451
177,7.2000000000000002,1834.6241605019204,1.2862685077879181,3.6444142649879647,0,0.0033277190758406374,8.9246895341961899e-05,3.4472087287299186e-05,5.3595003508380467e-05,8.3033904077716624e-05,0.00012172807195721473,0.00017505102459799914
178,7.2000000000000002,1835.4523008131232,1.2856881544865233,12.224066868146865,0,0.0033292211918436827,8.9287180951011215e-05,3.4487647817738354e-05,5.3619196029028523e-05,8.3071385173105939e-05,0.00012178301940943036,0.00017513004176844093
179,7.2000000000000002,1806.2339463142928,1.3064859544334178,23.256378530895773,0,0.003276223701827073,8.7865828566058415e-05,3.3938642910706408e-05,5.2765638201988084e-05,8.1748981327677e-05,0.00011984436950201174,0.00017234216673539413
180,7.2000000000000002,1781.287989132099,1.324782570633201,37.126725927736871,0,0.0032309756671791592,8.6652310681700428e-05,3.3469915183271181e-05,5.2036890215624586e-05,8.0619943424226282e-05,0.00011818919492386548,0.00016996194333142119
181,7.2000000000000002,1837.0757593343446,1.2845519675985146,3.7484114758410123,0,0.0033456499821228973,8.972778861446723e-05,3.4657834867673377e-05,5.3883792003804586e-05,8.3481319595173293e-05,0.00012238398509183942,0.00017599426032347497
182,7.2000000000000002,1818.6051834794655,1.297598457717754,12.567415513342288,0,0.0033120116950437254,8.8825635332288695e-05,3.4309373371386915e-05,5.3342026285925075e-05,8.2641970407632557e-05,0.00012115349545711672,0.00017422475500023996
183,7.2000000000000002,1772.5446162893454,1.3313172822811794,23.873280544214126,0,0.0032281270022033858,8.6575911653067602e-05,3.3440405652731165e-05,5.1991010678953596e-05,8.0548862972734697e-05,0.00011808499066645972,0.00016981209242412378
184,7.2000000000000002,1709.7642584497828,1.3802015509553811,37.504276506712849,0,0.0031137925214306879,8.3509547814371031e-05,3.2256006335565594e-05,5.0149582133308216e-05,7.769596641118901e-05,0.00011390263164350827,0.00016379765203717946
185,7.2000000000000002,1940.8205326212103,1.2158874257649008,3.8110753700048847,0,0.0035554014330388727,9.5353163040940957e-05,3.6830665614447455e-05,5.726197071767026e-05,8.8715079254143091e-05,0.00013005669998403027,0.00018702800612862021
186,7.2000000000000002,1867.8484572916373,1.2633890464016462,12.710847461955336,0,0.0034217234258054133,9.1768020530654752e-05,3.5445885280314256e-05,5.5109002542356147e-05,8.537951919725356e-05,0.00012516675413440926,0.00017999602067578433
187,7.2000000000000002,1799.2838753910783,1.3115325010999477,24.265896998019748,0,0.0032961195337156456,8.8399419649269712e-05,3.4144745300326856e-05,5.3086073057084985e-05,8.2245426057214394e-05,0.00012057215967918257,0.00017338876522461435
188,7.2000000000000002,1751.7559598304281,1.3471164565119564,37.816124906069298,0,0.0032090528440071099,8.6064357233514018e-05,3.3242815041478113e-05,5.1683809394184515e-05,8.0072920807564802e-05,0.00011738725733966048,0.00016880871718135063
189,7.2000000000000002,1943.4413086388793,1.2142477731592549,3.4581614092520696,0,0.0035746286824165567,9.5868823249575143e-05,3.702984210853741e-05,5.7571637631964449e-05,8.9194841380728747e-05,0.00013076003339122143,0.00018803943456565395
190,7.2000000000000002,1914.568272110379,1.2325594838565355,11.863047649413069,0,0.0035215216582607685,9.4444533242295201e-05,3.6479702529280837e-05,5.6716315688891441e-05,8.7869704417810468e-05,0.0001288173767214314,0.00018524579760894268
191,7.2000000000000002,1869.204020103258,1.2624728258128328,23.633034988583027,0,0.0034380818570894141,9.2206741219357449e-05,3.5615343476229701e-05,5.5372465341371465e-05,8.5787698007766438e-05,0.00012576514608248648,0.00018085653807278153
192,7.2000000000000002,1838.3251902643678,1.2836789126199724,37.678148748422025,0,0.0033812855183829654,9.0683506601044425e-05,3.5026986015498701e-05,5.4457724672805166e-05,8.4370504539016245e-05,0.00012368753416651715,0.00017786882875676384
193,7.2000000000000002,1914.3915926593063,1.232673236932895,3.2195630643667976,0,0.0035370295678036011,9.4860443584604415e-05,3.6640350107763407e-05,5.6966080301652754e-05,8.8256660841738824e-05,0.00012938465655657166,0.00018606157423941446
194,7.2000000000000002,1899.1341093912829,1.2425764297587416,11.089498167138698,0,0.0035088398444177481,9.4104416637798364e-05,3.6348330684544382e-05,5.6512067120451928e-05,8.7553265292339278e-05,0.0001283534755588487,0.00018457868465367587
195,7.2000000000000002,1903.0918285966145,1.2399923355357239,22.715245829998601,0,0.0035161521257211139,9.4300526462371705e-05,3.6424079145761839e-05,5.662983599852622e-05,8.7735722780635391e-05,0.00012862095904660152,0.00018496333921889924
196,7.2000000000000002,1849.7168649744688,1.2757732418215475,37.295310727226699,0,0.003417536552378711,9.1655731768891253e-05,3.5402513149753718e-05,5.5041570318998601e-05,8.5275047504008091e-05,0.00012501359816837189,0.00017977577477566392
197,7.2000000000000002,2022.2752777324708,1.1669129852225049,3.6349292313097421,0,0.003753461332259898,0.00010066497894077109,3.8882382715097282e-05,6.0451849656275913e-05,9.3657109004477822e-05,0.00013730173753520193,0.00019744673063638491
198,7.2000000000000002,1954.0830763369638,1.2076350846372808,11.967944842104142,0,0.0036268926133925473,9.727050213882917e-05,3.7571248023376119e-05,5.8413381030424956e-05,9.0498941315994024e-05,0.00013267184968509087,0.00019078872152719084
199,7.2000000000000002,1892.0574882479825,1.2472238797911079,23.214869478618077,0,0.0035117694899156502,9.4182987502460148e-05,3.6378679098284506e-05,5.6559250899238517e-05,8.7626366385824177e-05,0.00012846064208638607,0.00018473279545282352
200,7.2000000000000002,1845.0787437794779,1.2789802544939572,37.331853867823675,0,0.0034245741892845864,9.1844475839553141e-05,3.5475416549405735e-05,5.5154915876740978e-05,8.5450652011016728e-05,0.00012527103515513758,0.00018014598197255927
201,7.2000000000000002,2078.9009301813185,1.1351283012195525,3.5846103638766702,0,0.003875214599885293,0.00010393030900189128,4.0143633792319372e-05,6.2412762418688538e-05,9.6695120601836523e-05,0.00014175547602236259,0.00020385142819655854
202,7.2000000000000002,1997.8380448563644,1.1811864767297129,12.010061524439244,0,0.0037241077952466077,9.9877739397397157e-05,3.857830726069388e-05,5.9979092526435186e-05,9.2924673747427905e-05,0.00013622798419715915,0.0001959026199068896
203,7.2000000000000002,1938.1981912969263,1.2175324958390441,23.267422059368499,0,0.0036129349981723394,9.6896169511467419e-05,3.742666005809783e-05,5.8188584880375332e-05,9.0150668142407201e-05,0.00013216127966666247,0.00019005449643500069
204,7.2000000000000002,1945.4200231932748,1.2130127443671441,37.291970898805928,0,0.0036263969905147102,9.7257209910098534e-05,3.756611382943817e-05,5.8405398713026422e-05,9.0486574435990298e-05,0.00013265371978411005,0.00019076264982744625
205,7.2000000000000002,1985.0620555029464,1.1887886702275263,3.1507028122216076,0,0.0037121501264685201,9.9557043812929219e-05,3.845443688808236e-05,5.9786506768590897e-05,9.2626303632738463e-05,0.00013579057228458899,0.00019527359981123173
206,7.2000000000000002,1956.7174782957295,1.2060092003347531,10.96055243101341,0,0.0036591445664797121,9.813547499745815e-05,3.7905348383613337e-05,5.8932818969585152e-05,9.1303698423768258e-05,0.00013385162717732506,0.00019248530026611836
207,7.2000000000000002,1938.7355238524967,1.2171950491685568,21.87054540939895,0,0.0036255175499964997,9.723362398409353e-05,3.7557003640261493e-05,5.8391234771724682e-05,9.0464630462365453e-05,0.00013262154982136891,0.00019071638782026441
208,7.2000000000000002,1911.916781478835,1.2342688259973258,36.510695790607151,0,0.0035753653657773056,9.5888580537164186e-05,3.7037473465793255e-05,5.7583502379680249e-05,8.9213223249545791e-05,0.00013078698129250253,0.00018807818698860925
209,7.2000000000000002,1911.1285892535082,1.2347778660996429,2.9764241114171597,0,0.0035864925144170274,9.6187002203017343e-05,3.7152740419050222e-05,5.7762712089632553e-05,8.9490870061597e-05,0.00013119401275141633,0.00018866351848019421
210,7.2000000000000002,1864.6739805142995,1.2655398777161042,10.549215426295111,0,0.0034993141280749433,9.3848944168479795e-05,3.6249653086538223e-05,5.6358649482370959e-05,8.7315577735471158e-05,0.00012800502454540848,0.00018407759475761346
211,7.2000000000000002,1812.7464647879553,1.3017922401831885,21.065158228411025,0,0.0034018650880197421,9.1235435010774164e-05,3.5240171294870515e-05,5.4789171553310057e-05,8.4884010027982184e-05,0.00012444033549274125,0.00017895139452286403
212,7.2000000000000002,1776.2076503050621,1.3285717358976417,35.942366913533071,0,0.0033332950371265388,8.939643838389911e-05,3.4529849081422279e-05,5.3684807863216214e-05,8.3173036565767055e-05,0.00012193204080229202,0.00017534434194660053
213,7.2000000000000002,1886.5771497642888,1.2508469540062574,3.0383926445111595,0,0.0035567018033683165,9.538803798442408e-05,3.684413624657739e-05,5.7282913997670875e-05,8.8747526351611286e-05,0.00013010426757294809,0.00018709641068842173
214,7.2000000000000002,1813.7048522496257,1.3011043546327119,10.759904325430835,0,0.0034193180594708685,9.1703510434512108e-05,3.5420967913086848e-05,5.5070262608425185e-05,8.5319500021072386e-05,0.00012507876575570847,0.00017986948900895809
215,7.2000000000000002,1725.3909848995604,1.3677011772597378,21.605828607979653,0,0.0032528228322252438,8.7238235036476061e-05,3.3696231576958473e-05,5.2388752515478513e-05,8.116507820437547e-05,0.00011898836493136351,0.000171111189568474
216,7.2000000000000002,1662.6514817627767,1.4193108460580923,36.334316927059973,0,0.003134542112045361,8.4066036057450406e-05,3.2470952874784521e-05,5.0483767308332328e-05,7.8213714297198719e-05,0.00011466165234263012,0.00016488916157097927
217,7.2000000000000002,1857.4203643604626,1.2704820764108442,3.0640221078095746,0,0.0034421474386104097,9.2315777024435693e-05,3.5657459134995154e-05,5.5437944082489754e-05,8.5889143201408336e-05,0.00012591386518667066,0.0001810704035447812
218,7.2000000000000002,1781.580885968137,1.3245647727064085,10.6873133316062,0,0.0033016026963955383,8.8546473903154324e-05,3.4201545786847479e-05,5.3174382832149644e-05,8.2382243016106789e-05,0.00012077273394823575,0.0001736772010039808
219,7.2000000000000002,1710.972708864778,1.3792267223515191,21.749256984533826,0,0.0031707525341895474,8.5037172046318116e-05,3.2846059307874581e-05,5.1066958875176758e-05,7.9117243907243843e-05,0.00011598623076163477,0.00016679397124781914
220,7.2000000000000002,1615.2002960986592,1.4610072119107176,36.575965760737198,0,0.0029932683353415704,8.0277180785506564e-05,3.1007487404608301e-05,4.8208464500156095e-05,7.4688623099241759e-05,0.00010949385299889427,0.00015745760896776554
221,7.2000000000000002,1885.2815525408421,1.2517065570922703,3.1370759394513548,0,0.0034937794328384671,9.3700507850611025e-05,3.619231877046402e-05,5.6269509743151287e-05,8.7177474926041889e-05,0.00012780256521376047,0.00018378644816443595
222,7.2000000000000002,1760.6384276216666,1.3403202180860019,10.762357598975054,0,0.0032627924029699422,8.7505611343363272e-05,3.3799507095442961e-05,5.2549318707173697e-05,8.1413840904003942e-05,0.00011935305215325186,0.00017163562794018987
223,7.2000000000000002,3256.9558445308203,0.72454752042252824,29.096940687908351,0,0.0060357485214603285,0.00016187418599002194,6.2524764000220415e-05,9.7209516732313267e-05,0.00015060519002540876,0.00022078787709878207,0.00031750395355430752
224,7.2000000000000002,1770.4095010893354,1.3329228519325429,3.0975370639709996,0,0.0032521831808893188,8.7221080074013308e-05,3.3689605381602766e-05,5.2378450529399837e-05,8.1149117497819436e-05,0.00011896496646470439,0.00017107754140912302
225,7.2000000000000002,3320.514607100451,0.71067878341336832,15.841205008581039,0,0.0045747559041276042,0.00012269147487684476,4.7390233746018985e-05,7.3679314011735082e-05,0.00011415021348409355,0.00016734471966918112,0.00024065003386771272
226,7.2000000000000002,3167.8061495598749,0.74493803277966786,28.688757111308714,0,0.0043643656482768682,0.00011704896818774392,4.5210785571821267e-05,7.0290846943612512e-05,0.00010890051423813686,0.00015964863727171324,0.0002295826844272246
227,7.2000000000000002,3233.644328701444,0.72977082245409342,6.0165722705370159,0,0.0034322744385089903,9.2050990668772549e-05,3.5555183998925357e-05,5.5278933221592446e-05,8.5642790151557375e-05,0.00012555271052205237,0.00018055104516619781
228,7.2000000000000002,3174.5871720509094,0.74334682066894708,14.615695695053152,0,0.0022463930879754444,6.0246554546917574e-05,2.3270551643760066e-05,3.6179570056054587e-05,5.6052444312980022e-05,8.21731321740814e-05,0.00011816905295728049
229,7.2000000000000002,3129.602276427483,0.75403168608832249,27.796423462463011,0,0.0033218414903395362,8.9089262967916716e-05,3.4411200945689551e-05,5.3500341306321611e-05,8.288724540263488e-05,0.00012151306968854156,0.00017474184063724963
230,7.2000000000000002,3278.259473209383,0.71983907941558645,6.2642701794631872,0,0.0036291844196619091,9.7331966640370403e-05,3.7594989013514551e-05,5.8450292008259211e-05,9.055612691898451e-05,0.00013275568403291616,0.00019090927949091575
231,7.2000000000000002,3227.7550650282392,0.73110234009030095,14.62658889176188,0,0.0023821824738026395,6.3888322625675113e-05,2.4677203904435448e-05,3.8366543308287694e-05,5.9440687905837721e-05,8.7140312321288754e-05,0.0001253121051731827
232,7.2000000000000002,3171.7865927966163,0.74400317052849896,27.320333985902678,0,0.0035113140308570107,9.4170772436821321e-05,3.6373960964311237e-05,5.6551915445346712e-05,8.7615001681375126e-05,0.00012844398137921696,0.00018470883652688651
233,7.2000000000000002,3314.6893767631936,0.71192772928389436,6.6292761972601451,0,0.0036695140029263619,9.8413575398428903e-05,3.8012766140389792e-05,5.9099825249283722e-05,9.1562438651422113e-05,0.00013423094149958789,0.00019303077313600938
234,7.2000000000000002,3233.3768669864376,0.72983118836990357,14.988052477605741,0,0.002386331536487448,6.399959733209089e-05,2.4720184350732603e-05,3.84333665659248e-05,5.9544216137978464e-05,8.7292085169158663e-05,0.00012553036208055507
235,7.2000000000000002,3170.7343778264831,0.74425006956845985,27.340289041138913,0,0.0035101491803602898,9.4139532032207652e-05,3.6361894192121504e-05,5.6533154797276467e-05,8.7585936101557458e-05,0.00012840137111018503,0.00018464756083975446
236,7.2000000000000002,3205.4965904607916,0.7361790021249851,6.316915171961428,0,0.0031781709127336913,8.5236127318216796e-05,3.2922906838232701e-05,5.1186436515878579e-05,7.9302348754861125e-05,0.00011625759528990382,0.00016718420694242331
237,7.2000000000000002,3171.2629906521952,0.74412601169830839,14.839126826158589,0,0.0020961527611692825,5.6217223219054671e-05,2.1714201019894367e-05,3.3759855332917279e-05,5.2303617984701027e-05,7.6677336136155339e-05,0.00011026582478688178
238,7.2000000000000002,3157.715433418477,0.74731853805007886,27.654516243918252,0,0.0031307970724555414,8.3965596943238303e-05,3.2432157733520368e-05,5.0423451096121802e-05,7.8120267329176093e-05,0.00011452465867270712,0.00016469215785689851
239,7.2000000000000002,3142.639867008992,0.7509035018786373,6.4828453825107291,0,0.0031158500196967914,8.356472835342384e-05,3.2277320111820782e-05,5.0182719433746492e-05,7.7747305514573072e-05,0.0001139778949969585,0.00016390588448450498
240,7.2000000000000002,3103.38764885316,0.76040106757289128,15.401470681812789,0,0.0020512882748284331,5.5013991808656487e-05,2.1249446497654262e-05,3.3037284632675071e-05,5.1184150454413464e-05,7.5036191767548203e-05,0.00010790577752236181
241,7.2000000000000002,3070.3131123997737,0.76859238614788039,28.40681342831995,0,0.0030441398240299159,8.1641515431366547e-05,3.1534468907112839e-05,4.9027781741963734e-05,7.5957978539340518e-05,0.00011135473370862221,0.00016013364802477964
242,7.2000000000000002,3114.3943797471493,0.75771369760564999,7.3152774773429936,0,0.0029741822970868999,7.9765307751819979e-05,3.0809773726954328e-05,4.7901071879593092e-05,7.4212384500506792e-05,0.00010879568509917282,0.00015645360878750611
243,7.2000000000000002,3027.8349119055019,0.77937514756885029,16.906120572561047,0,0.0019276798622663283,5.1698908170915991e-05,1.9968977837237379e-05,3.1046493597149387e-05,4.8099848913939275e-05,7.0514592018303761e-05,0.00010140349209057169
244,7.2000000000000002,2957.6609915466452,0.79786672239486467,29.788964950843699,0,0.0028245051490738624,7.575108045096875e-05,2.9259257113734504e-05,4.5490427504254212e-05,7.0477610720781668e-05,0.0001033204901598046,0.00014858000602193321
245,7.2000000000000002,3104.3571572445708,0.76016358999588962,7.7545552313382213,0,0.0021620786724185822,5.7985306031184296e-05,2.2397132395796792e-05,3.4821633495127928e-05,5.3948614351928195e-05,7.9088908112486439e-05,0.00011373378528737306
246,7.2000000000000002,2952.0898252824491,0.79937245170196858,18.117513178467256,0,0.0013706864528376468,3.6760768446820886e-05,1.4199042037165235e-05,2.2075765283812467e-05,3.4201639276535273e-05,5.0139754997092455e-05,7.2103462613115632e-05
247,7.2000000000000002,2767.856907318378,0.85257994191858877,31.062080514075966,0,0.0019277177478287365,5.1699924232893025e-05,1.9969370296571985e-05,3.1047103767901162e-05,4.8100794241980266e-05,7.0515977873408073e-05,0.0001014054850191711
248,7.2000000000000002,2933.0112521366809,0.80457218824556276,6.3458872437756275,0,0.0020427421050473039,5.478479003331179e-05,2.1160916094710694e-05,3.289964320653181e-05,5.0970904736951903e-05,7.472357259917292e-05,0.00010745621560247614
249,7.2000000000000002,2836.1186431994693,0.83205943691351325,15.946951765290738,0,0.0013168398094058197,3.531664241293618e-05,1.3641240687289838e-05,2.1208531308265942e-05,3.2858047187261371e-05,4.8170043030144607e-05,6.9270918792834369e-05
250,7.2000000000000002,2726.5622772975216,0.86549252915632735,29.436626983867701,0,0.0018989574492125946,5.0928594892254507e-05,1.9671440242469092e-05,3.0583901114640888e-05,4.7383161586664869e-05,6.9463925215215377e-05,9.9892580947114401e-05
251,7.2000000000000002,3195.3274733212511,0.73852188890913606,5.2816220689373727,0,0.0012439120426295332,3.3360775159519641e-05,1.288577657367776e-05,2.0033983869868951e-05,3.1038339137063487e-05,4.550234295105058e-05,6.5434633335773078e-05
252,7.2000000000000002,3144.5746360469757,0.75044149190460341,13.811375415790261,0,0.00081610294852616785,2.1887260545568192e-05,8.4540706219047313e-06,1.3143850004348817e-05,2.0363562067914389e-05,2.985307238339909e-05,4.2930203560186371e-05
253,7.2000000000000002,3142.6451948529498,0.75090222884384128,27.475023652584252,0,0.0012234033088089687,3.2810746512519836e-05,1.2673325087749404e-05,1.970367784462614e-05,3.0526601157383827e-05,4.4752132801285947e-05,6.4355793810357158e-05
254,7.2000000000000002,3098.6338614737515,0.76156764134698574,5.8367886578745978,0,0.0012062700953716413,3.2351246755580056e-05,1.2495840866376457e-05,1.9427736692937599e-05,3.009908982945158e-05,4.4125399296856805e-05,6.3454519845065262e-05
255,7.2000000000000002,3088.8262303499723,0.76398576847526123,14.776552169045793,0,0.00080163471560734266,2.1499233539783956e-05,8.3041931302343362e-06,1.2910830035904331e-05,2.0002547860592121e-05,2.9323823952958309e-05,4.2169117982094704e-05
256,7.2000000000000002,3086.0292916400003,0.76467818619647487,28.210442975002813,0,0.0012013632505054187,3.2219648907247744e-05,1.2445010498584388e-05,1.9348708877840605e-05,2.9976653266550537e-05,4.3945906752160085e-05,6.3196400634338702e-05
257,7.2000000000000002,3060.7730479153829,0.77098799693354669,6.1923887349540223,0,0.001377707977276166,3.6949080393359594e-05,1.4271778526579803e-05,2.2188851340159202e-05,3.4376841742073942e-05,5.0396602589278548e-05,7.2472822231277564e-05
258,7.2000000000000002,3062.1240129720272,0.7706478481222846,15.392390088331812,0,0.00091887738033015964,2.4643592660749332e-05,9.5187185393840028e-06,1.4799096708644399e-05,2.292801000284072e-05,3.3612564439331662e-05,4.833654020692425e-05
259,7.2000000000000002,3012.4297332318351,0.78336077195359988,28.742111603499851,0,0.0013559477979865394,3.6365488930431482e-05,1.404636322475785e-05,2.18383900004874e-05,3.3833877447711948e-05,4.9600614523579097e-05,7.1328151784862842e-05
260,7.2000000000000002,1646.5104115935687,1.433224633542721,2.744951155672875,0,0.00098816453369111315,2.6501821430551779e-05,1.0236469270173652e-05,1.5915009783887363e-05,2.4656876747560781e-05,3.6147090761359648e-05,5.1981315174669894e-05
261,7.2000000000000002,3179.8465498848432,0.74211734568321452,15.323879190251475,0,0.0014313050623842121,3.8386513462755232e-05,1.4826994683377123e-05,2.3052066022329767e-05,3.5714206802729635e-05,5.2357185704630933e-05,7.5292238308717795e-05
262,7.2000000000000002,3106.8878331192573,0.75954440843500071,28.619882347519628,0,0.0013984650561092488,3.7505769464762964e-05,1.4486802636805401e-05,2.2523157117638864e-05,3.4894776475589394e-05,5.1155897207673222e-05,7.3564725674621768e-05
263,7.2000000000000002,1831.0488615210897,1.2887800707405028,2.6163370406266298,0,0.00099496498630883222,2.6684204398951304e-05,1.030691566029507e-05,1.6024535339860909e-05,2.4826562985333749e-05,3.6395851539155235e-05,5.2339045551342735e-05
264,7.2000000000000002,3324.7661316147678,0.70977000723186312,14.493006448989089,0,0.0013549717151761771,3.6339311131634127e-05,1.4036251910950527e-05,2.1822669574437727e-05,3.3809522036512747e-05,4.9564909382649805e-05,7.1276806015537869e-05
265,7.2000000000000002,3177.9159275769107,0.74256819093379123,27.836507015127097,0,0.0012951245364687509,3.4734255304238569e-05,1.3416290573685352e-05,2.0858793213576073e-05,3.2316203405083779e-05,4.7375697640281339e-05,6.8128610596010746e-05
266,7.2000000000000002,3260.4644116033101,0.72376783898709796,5.2724046578236194,0,0.00078337712307475257,2.1009578790444688e-05,8.1150613829036524e-06,1.2616780053457553e-05,1.9546980803250251e-05,2.8655960624678052e-05,4.1208697283506944e-05
267,7.2000000000000002,3209.5045321152211,0.73525968188156154,13.284578787008892,0,0.00051408881465190551,1.378747111521774e-05,5.3254839390635338e-06,8.2797228963589079e-06,1.2827645708780259e-05,1.8805385549721581e-05,2.7043080166391e-05
268,7.2000000000000002,3191.4702148636788,0.7394144774687379,26.625815573682537,0,0.00076680019766547718,2.0564998255436824e-05,7.9433397902330835e-06,1.2349798269472725e-05,1.9133350084139891e-05,2.8049576154396435e-05,4.0336686241876206e-05
269,7.2000000000000002,3026.3070923767291,0.77976861212295834,5.1094665389296399,0,0.00072711719690294295,1.9500730348442832e-05,7.532260659173178e-06,1.1710678645303783e-05,1.8143172006082072e-05,2.6597970696661183e-05,3.8249205362544474e-05
270,7.2000000000000002,3223.7986752110073,0.73199958155762013,12.855418422679897,0,0.00051637840764267608,1.3848876258310046e-05,5.3492020016858395e-06,8.31659822795285e-06,1.2884776085605902e-05,1.8889138935744062e-05,2.7163521703014862e-05
271,7.2000000000000002,3245.849819599106,0.72702663784115817,26.076426241312099,0,0.00077986574077031133,2.0915406186962251e-05,8.0786867146882483e-06,1.2560227038423299e-05,1.945936409799291e-05,2.8527514145848905e-05,4.1023984855522787e-05
272,7.2000000000000002,3222.7257205313244,0.73224328904149139,5.1670978486704477,0,0.0016074279755027884,4.3109996075374597e-05,1.6651464927393517e-05,2.588863603661553e-05,4.0108860540164358e-05,5.8799767591143232e-05,8.4556991640939158e-05
273,7.2000000000000002,3232.1648305798317,0.73010486932905883,12.8871648348828,0,0.0010747573370394638,2.8824174574452629e-05,1.1133490505273615e-05,1.7309641209643446e-05,2.6817557491091144e-05,3.9314658322423135e-05,5.6536434943940871e-05
274,7.2000000000000002,3268.6747026325152,0.72194987142034162,26.060211885984,0,0.0016303463637493542,4.3724649821869413e-05,1.6888878201204874e-05,2.6257751058192529e-05,4.0680724693330739e-05,5.9638122978133523e-05,8.5762588403545271e-05
275,7.2000000000000002,3154.6631929120176,0.74804159334111264,5.2740785361095472,0,0.0015734798147016052,4.2199532215588021e-05,1.6299793426371144e-05,2.5341879608030026e-05,3.9261779322267908e-05,5.7557942765597345e-05,8.2771185749267392e-05
276,7.2000000000000002,3224.8767168209815,0.73175488196855165,12.995285560197967,0,0.0010723338982156164,2.8759179787888526e-05,1.110838592379689e-05,1.7270610206933691e-05,2.6757087366585e-05,3.9226008851476227e-05,5.6408952593569129e-05
277,7.2000000000000002,3284.8810445660624,0.71838804792768474,26.108459901213614,0,0.0016384297470911587,4.3941440016796774e-05,1.6972614565298346e-05,2.6387939018380895e-05,4.0882422872092194e-05,5.9933813403516068e-05,8.6187805948642236e-05
278,7.2000000000000002,2966.8106553984117,0.79540609610071944,5.3437026262793941,0,0.0014797829102009108,3.96866524804719e-05,1.532918028358903e-05,2.3832832176142901e-05,3.6923835642714888e-05,5.4130506953472011e-05,7.7842362504064789e-05
279,7.2000000000000002,3158.765808422083,0.74707003443831821,13.034669724172421,0,0.001050350742162491,2.8169608257706495e-05,1.0880660789239902e-05,1.6916557686591391e-05,2.6208559311950586e-05,3.8421864288520429e-05,5.5252552698236854e-05
280,7.2000000000000002,3303.412598688059,0.71435801940625365,26.091540577135646,0,0.0010984485983258712,2.9459556188212484e-05,1.1378910027895108e-05,1.7691203836423235e-05,2.7408706525099892e-05,4.0181285430332012e-05,5.778268784801357e-05
281,7.2000000000000002,1690.4754397238733,1.3959500539480934,34.386992454670747,0,0.00056211578838394653,1.507551803281154e-05,5.8229989013857406e-06,9.0532274401628044e-06,1.4026024249493438e-05,2.0562213809890837e-05,2.9569486623345658e-05
282,7.2000000000000002,2890.6494633677403,0.81636300464158285,5.4170989503578078,0,0.00074727195712103497,2.0041265692572507e-05,7.7410453064520775e-06,1.2035283703597755e-05,1.8646077566472763e-05,2.7335232480541947e-05,3.9309424493515662e-05
283,7.2000000000000002,3111.8806861974267,0.75832575835806115,13.052999466630904,0,0.0005363088122977681,1.4383394556831569e-05,5.5556625331440036e-06,8.637589899145306e-06,1.3382083481646516e-05,1.9618193785837916e-05,2.821193885482785e-05
284,7.2000000000000002,3323.7086187067816,0.7099958365780713,26.043091352421399,0,0.0005728157347512779,1.5362482458547688e-05,5.9338404348018054e-06,9.2255567894939939e-06,1.4293011426010813e-05,2.0953618195794964e-05,3.0132345606347952e-05
285,7.2000000000000002,1711.124184613941,1.3791046275305163,34.332687037180101,0,0.00029489915317597385,7.9089710579853419e-06,3.0548820731403642e-06,4.7495358799456676e-06,7.3583819545308052e-06,1.0787420608471382e-05,1.5512847611241293e-05
286,7.2000000000000002,2856.8409438889612,0.82602403410954062,5.5698401319126596,0,0.00073853199787020352,1.9806866631000605e-05,7.6505074241021408e-06,1.1894521176462533e-05,1.8427996375862237e-05,2.7015524487066094e-05,3.8849668490399226e-05
287,7.2000000000000002,3030.7915283377133,0.77861484672116288,13.132654485414806,0,0.00052233371674386038,1.4008593120211367e-05,5.4108934877999472e-06,8.4125122173543843e-06,1.3033374135318367e-05,1.9106984336234575e-05,2.7476794228790421e-05
288,7.2000000000000002,3338.9174546696113,0.70676179130459316,26.020292004529352,0,0.00057543686119350781,1.5432779076722599e-05,5.9609928768945237e-06,9.2677716753258861e-06,1.4358414291042233e-05,2.1049499086247869e-05,3.0270227097800878e-05
289,7.2000000000000002,1736.1253461287081,1.359244761066648,34.29520358733555,0,0.00029920791195889301,8.0245286923255549e-06,3.0995168230935839e-06,4.8189311434352645e-06,7.465894955274279e-06,1.0945035144800886e-05,1.5739505157297848e-05
290,7.2000000000000002,2987.2470236625013,0.78996456020808803,5.7856769679845703,1,0.0027754233446990149,7.4434743777588319e-05,2.8750815083001948e-05,4.4699934251153192e-05,6.9252911837390255e-05,0.00010152507616043565,0.00014599811135200373
291,7.2000000000000002,2974.3141564956354,0.79339947198477123,13.436260627746529,1,0.0018422716923012195,4.9408325993603143e-05,1.9084228306707384e-05,2.9670941435262642e-05,4.5968727376720973e-05,6.7390358384904154e-05,9.6910688665554357e-05
292,7.2000000000000002,3217.561881603252,0.73341846034818547,26.257797122472262,1,0.0019929378205593121,5.3449076992643465e-05,2.064498983921155e-05,3.2097513957928701e-05,4.9728178386984833e-05,7.2901730253781936e-05,0.00010483631565590663
293,7.2000000000000002,1707.0935717491102,1.3823608268072651,34.455773539954151,1,0.001057363142516241,2.8357675503229304e-05,1.0953302761587551e-05,1.7029496793828517e-05,2.6383534111522793e-05,3.8678378121389103e-05,5.5621432353892646e-05
294,7.2999999999999998,3002.9682872775006,1.1100128321219611,6.3309779601776999,1,0.0085192070683427819,0.00018762418500724155,7.7932592495425591e-05,0.0001242722644571947,0.00017392366001797073,0.00024521536318271168,0.00035845824478669843
295,7.2999999999999998,3282.1614350979871,1.0155909144773125,20.039380529091375,1,0.0093112581360886622,0.00020506805447511264,8.5178172113695613e-05,0.00013582615426934442,0.00019009375889200863,0.00026801362230218889,0.00039178496560096881
296,7.2999999999999998,3738.7863660411535,0.89155490765920986,31.609183943630423,1,0.010606670530469729,0.00023359778650231021,9.7028435340653629e-05,0.00015472272884068742,0.00021654021841059686,0.00030530054562864957,0.00044629135914671234
297,7.2999999999999998,3729.2922441201213,0.89382464959374353,40.350781374716746,1,0.010579736383039657,0.00023300459779121397,9.6782045281221965e-05,0.00015432983224062741,0.00021599034499363189,0.00030452527784948917,0.00044515806503434279
298,7.2999999999999998,2966.07022354323,1.1238214479464939,6.5427304231693757,0,0.004049052628529828,8.9174989337020602e-05,3.7040204089455315e-05,5.9064762133037495e-05,8.2663333231584868e-05,0.00011654722122442778,0.00017036988144885062
299,7.2999999999999998,3271.2197729047734,1.0189878897599731,20.616344504853501,0,0.0044656194970853075,9.8349319598832686e-05,4.0850903342777354e-05,6.514134973537432e-05,9.1167743775920603e-05,0.00012853760896160336,0.00018789754891142065
300,7.2999999999999998,3072.2127633493496,1.0849942989297747,31.898225334961474,0,0.0041939503205633624,9.2366167947791311e-05,3.8365709232855207e-05,6.1178428834547939e-05,8.562148845946706e-05,0.00012071793099721555,0.00017646666627205225
301,7.2999999999999998,3118.2998984930714,1.0689585485168305,40.274611253277349,0,0.0042568649590010782,9.375177903426981e-05,3.8941244120084721e-05,6.2096183799703576e-05,8.690592069570843e-05,0.00012252885492361503,0.00017911389279030146
302,7.2999999999999998,3203.5680189199866,1.0405064957718908,6.9462986111072498,0,0.0044170106332543273,9.7278774137588274e-05,4.0406235811372659e-05,6.4432277455230485e-05,9.0175370725356429e-05,0.00012713845994426044,0.00018585225903054934
303,7.2999999999999998,3797.3698353465484,0.87780055087237319,21.160048726351825,0,0.0052357317971914322,0.00011531001693983199,4.7895789982862324e-05,7.6375212071713068e-05,0.00010688995228485995,0.00015070438643831658,0.00022030116361055114
304,7.2999999999999998,4003.3867371050665,0.8326283599929537,31.368595755631421,0,0.0055197834671804049,0.00012156587651151325,5.0494257524185036e-05,8.0518760170637745e-05,0.00011268900208871796,0.00015888047992450898,0.00023225305798712305
305,7.2999999999999998,4563.9006915416257,0.73036938325828837,39.604845640386849,0,0.0062926080434690572,0.00013858630812169735,5.7563955712196032e-05,9.179218730453712e-05,0.00012846658300460321,0.00018112532708350774,0.00026477079572047096
306,7.2999999999999998,3407.634054676706,0.97819580384771632,6.7215722972365999,0,0.0046983724911890184,0.00010347539418257901,4.2980097303677667e-05,6.8536588447665292e-05,9.5919506738120013e-05,0.00013523713035169766,0.00019769097558434395
307,7.2999999999999998,3665.3629667844325,0.90941425543392129,20.999436482374524,0,0.0050537235680363536,0.00011130152819365155,4.6230802497552144e-05,7.3720202678761963e-05,0.00010317416780936901,0.00014546549346899863,0.0002126428980188972
308,7.2999999999999998,3228.4786403768794,1.0324780506970348,31.289702769345823,0,0.004451356861961268,9.8035204063227544e-05,4.072043062130036e-05,6.4933296339116653e-05,9.087656530327945e-05,0.00012812707577185614,0.00018729742743161832
309,7.2999999999999998,4407.1137783468585,0.75635291053994347,39.461838584207896,0,0.0060764336221218601,0.00013382535451424266,5.558642036745852e-05,8.8638785275096157e-05,0.00012405327948217983,0.00017490300042608361,0.00025567493703054122
310,7.2999999999999998,3533.7875186365522,0.94327497501022339,6.1666206205301499,0,0.0049118568219298098,0.00010817710212860376,4.4933024051239067e-05,7.1650749307291826e-05,0.00010027789078267501,0.00014138202591257112,0.00020667364473100355
311,7.2999999999999998,3680.5205235367744,0.90566899763683073,19.495252212097402,0,0.0051158112213724504,0.00011266892603511091,4.6798772233188645e-05,7.4625894160728828e-05,0.00010444171675183667,0.00014725261360117015,0.00021525532791515884
312,7.2999999999999998,3225.2680286272207,1.0335058369558541,30.438817505522852,0,0.0044830241448917379,9.873263377746725e-05,4.101011878549916e-05,6.5395236626212134e-05,9.1523067930332432e-05,0.00012903858129373276,0.00018862987522462967
313,7.2999999999999998,3951.3274028970418,0.84359836415716749,39.5601859139556,0,0.0054922245203600688,0.00012095892742630581,5.0242151881614928e-05,8.0116749431851378e-05,0.00011212637309534077,0.00015808722802920127,0.00023109347451578135
314,7.2999999999999998,3624.1648736075986,0.91975212209792112,6.0768203765602511,0,0.0050374785875909739,0.00011094375414354668,4.6082195540239129e-05,7.3483232208410081e-05,0.000102842518815124,0.00014499790079894692,0.00021195936642607046
315,7.2999999999999998,3389.2867977992123,0.98349108004013941,18.102366796649751,0,0.0047110052292193023,0.00010375361340630814,4.309565993962696e-05,6.8720866039314826e-05,9.6177410087181644e-05,0.00013560074886915326,0.00019822251673187784
316,7.2999999999999998,3358.7467207027125,0.99243366961470014,28.589557738204952,0,0.004668555453946289,0.00010281871366441362,4.2707334945136876e-05,6.8101638257133144e-05,9.5310777755886638e-05,0.0001343788819774237,0.00019643637961678197
317,7.2999999999999998,3956.0087904396332,0.84260008253492735,39.01401131811545,0,0.0054987315061977588,0.00012110223511971627,5.0301676937361795e-05,8.0211668813239052e-05,0.00011225921630287139,0.00015827452396914189,0.00023136726557444661
318,7.2999999999999998,3491.5678723389424,0.95468094999407516,5.5607126072106983,0,0.004896758562717568,0.00010784458308581026,4.4794907149849222e-05,7.1430506408320712e-05,9.9969652647244426e-05,0.00014094744026552018,0.0002060383631310685
319,7.2999999999999998,3569.5229682860036,0.93383159681247752,16.463323561124998,0,0.005006086892437399,0.00011025239388291024,4.5795028416994165e-05,7.3025312004030833e-05,0.00010220164244347593,0.00014409432774734103,0.00021063851439660823
320,7.2999999999999998,3483.3819405130557,0.95692444591429948,26.227481114202376,0,0.0048852781810587182,0.00010759174297580542,4.4689886119331515e-05,7.1263038589528097e-05,9.973527520102292e-05,0.00014061699097189846,0.00020555530908320942
321,7.2999999999999998,3803.5498100852037,0.87637430815153783,37.774870160288074,0,0.0053342984533710034,0.00011748081621565925,4.87974648673975e-05,7.7813033862537539e-05,0.00010890223740258966,0.00015354151179504074,0.00022444850153592171
322,7.2999999999999998,3274.2823427065505,1.0180347888319157,4.3119587184586772,0,0.0046401042276763239,0.00010219211331316788,4.244706684681447e-05,6.768661156664558e-05,9.4729932453597917e-05,0.00013355994686681838,0.00019523925216713252
323,7.2999999999999998,2981.0173210650178,1.1181865029024538,13.562240863912352,0,0.0042245077322245516,9.3039154226076098e-05,3.864524443978259e-05,6.1624179091892647e-05,8.6245332537226242e-05,0.00012159749017899275,0.00017775241458893465
324,7.2999999999999998,2857.4344464863316,1.1665476131682373,23.3079309993694,0,0.0040493739597573467,8.9182066229176983e-05,3.7043143585515145e-05,5.9069449489379961e-05,8.266989336126828e-05,0.00011655647036616431,0.00017038340193577944
325,7.2999999999999998,3718.1766358656873,0.8964967670389461,36.507648853915725,0,0.0052691629253531188,0.00011604629299520779,4.8201613572638486e-05,7.6862882105635562e-05,0.0001075724646503613,0.00015166666217219781,0.00022170782780194149
326,7.2999999999999998,3215.5200254079905,1.0366389594822674,3.5521866303834648,0,0.004556830017212324,0.0001003581097791431,4.1685285256414455e-05,6.647186533237434e-05,9.3029849881027811e-05,0.00013116299658742396,0.00019173536652619688
327,7.2999999999999998,3279.1696808886177,1.0165174900098608,11.51553646479014,0,0.0046470302518205799,0.00010234464976696947,4.2510425210206473e-05,6.7787643587253498e-05,9.4871330527254106e-05,0.00013375930433193471,0.00019553067488267207
328,7.2999999999999998,3647.1150223820491,0.91396441101444215,20.666202281457899,0,0.0051684589363139915,0.00011382842181085119,4.7280386646530122e-05,7.5393882390360501e-05,0.00010551654486679607,0.00014876801620103221,0.00021747055843351345
329,7.2999999999999998,4050.7965840145571,0.82288341668092868,35.152852447051224,0,0.0057405307141001529,0.00012642754050954153,5.2513624479428011e-05,8.3738867397441542e-05,0.00011719566201788455,0.00016523442999178203,0.0002415413250802413
330,7.2999999999999998,3072.0587668234821,1.0850486876525511,3.5773529329995073,0,0.004409203145798392,9.7106824628775707e-05,4.0334813936844272e-05,6.4318387261215164e-05,9.0015977159384005e-05,0.0001269137305936656,0.00018552374744171282
331,7.2999999999999998,2686.9381861349207,1.2405694148581188,11.787619453341932,0,0.0038564549711143756,8.4933282542363754e-05,3.527834589883713e-05,5.6255281529483485e-05,7.8731360546819629e-05,0.00011100352400796174,0.00016226604999208067
332,7.2999999999999998,2399.2535398585896,1.3893210025355627,21.038231983265426,0,0.0034435526981962416,7.5839660116893985e-05,3.1501169887311503e-05,5.023215049822417e-05,7.030176446357399e-05,9.9118617349356106e-05,0.00014489257581410601
333,7.2999999999999998,2945.0082643221876,1.1318587366003612,35.277965462923,0,0.0042268526382645754,9.3090797657342472e-05,3.8666695333673444e-05,6.1658384949456085e-05,8.6293204908164921e-05,0.0001216649855434816,0.00017785107998074325
334,7.2999999999999998,2964.0257751359077,1.1245966081993641,3.9292560100161076,0,0.0042541477113311015,9.3691935274697785e-05,3.8916387093641461e-05,6.2056546481543547e-05,8.6850446793484151e-05,0.00012245064214290604,0.00017899956057339245
335,7.2999999999999998,2628.1589143770766,1.2683149847213089,13.467206680391634,0,0.0037720914319980961,8.3075287996153306e-05,3.4506599272340367e-05,5.5024644926863304e-05,7.7009038812242192e-05,0.00010857521868355535,0.00015871632923602702
336,7.2999999999999998,2271.223986380026,1.4676374295633179,24.379359236338974,0,0.0032597969979312538,7.1792685647782982e-05,2.9820196764744989e-05,4.7551650212733427e-05,6.6550304535100985e-05,9.3829425477871548e-05,0.00013716078278945876
337,7.2999999999999998,2463.955783584302,1.3528381294587815,37.291408565963451,0,0.003536417242213612,7.7884877969629861e-05,3.2350682595257343e-05,5.1586793844752002e-05,7.2197638252276592e-05,0.00010179161410895314,0.00014879998893182228
338,7.2999999999999998,3128.2548483744326,1.065556834368999,3.9663684527447201,0,0.0045420503613703691,0.00010003260755108496,4.1550082897003119e-05,6.6256269997662625e-05,9.2728116184779148e-05,0.00013073758156394508,0.00019111349063456073
339,7.2999999999999998,2811.7742376108254,1.1854910997995622,13.940190443676798,0,0.0040825382876553632,8.9912466364220153e-05,3.7346526521359611e-05,5.9553227626714187e-05,8.3346958872622387e-05,0.00011751106656801536,0.00017177884011124406
340,7.2999999999999998,2851.1562118509009,1.1691163463714302,25.627274796071902,0,0.0041397187026147022,9.1171788818652391e-05,3.7869605481877512e-05,6.03873357300381e-05,8.451432421205992e-05,0.00011915693761079072,0.00017418479069069006
341,7.2999999999999998,2818.2355608942962,1.1827731434470949,38.103452805139824,0,0.0040919197662039773,9.011908092972208e-05,3.7432347060626762e-05,5.9690078107497208e-05,8.3538486214599831e-05,0.00011778110140236489,0.00017217357970461967
342,7.2999999999999998,3152.1518001178442,1.0574786827235654,3.69669796063731,0,0.0046149353907464245,0.00010163780321380423,4.2216825617049035e-05,6.7319466087736477e-05,9.421609868924324e-05,0.00013283549147570739,0.00019418023610650171
343,7.2999999999999998,3297.8899351365553,1.0107472956629495,13.113343880588936,0,0.004828304580978343,0.00010633697534352995,4.4168699074288252e-05,7.0431947357742347e-05,9.8572132085603066e-05,0.00013897707285235293,0.0002031580605458566
344,7.2999999999999998,3316.47932600179,1.0050818972997675,24.635075699670026,0,0.0048555205411339357,0.00010693637060442904,4.4417667119689939e-05,7.0828954845737383e-05,9.9127758843256788e-05,0.00013976045227961437,0.00020430321234570084
345,7.2999999999999998,2996.5986625875184,1.1123722956130033,37.668429779718402,0,0.0043871964603105522,9.6622156701791053e-05,4.0133499655064234e-05,6.3997369047098305e-05,8.9566700219147126e-05,0.00012628029401546558,0.00018459778358260467
346,7.2999999999999998,3274.6718685417154,1.0179136924695118,3.4132660952658873,0,0.0048263041928148301,0.00010629291945947098,4.4150399784890884e-05,7.0402767087221997e-05,9.8531293210803601e-05,0.00013891949403004153,0.00020307389125354656
347,7.2999999999999998,3108.3844333625748,1.0723684295791607,11.714038140766839,0,0.0045812250588328027,0.00010089537806779269,4.1908447907852104e-05,6.6827723223770113e-05,9.3527886246488483e-05,0.00013186517918996359,0.00019276182400406123
348,7.2999999999999998,2945.2440999601417,1.1317681048502715,22.520975248929247,0,0.0043407842126273449,9.5599988784512117e-05,3.9708926481002885e-05,6.3320339474760148e-05,8.8619172130914583e-05,0.00012494437201234217,0.00018264491957687459
349,7.2999999999999998,2815.458445275051,1.1839398087822564,36.670203203428301,0,0.0041495024370725902,9.138726253460534e-05,3.7959105805613437e-05,6.0530054040108026e-05,8.471406379954841e-05,0.00011943855090873358,0.00017459645579673798
350,7.2999999999999998,3248.510252048301,1.0261113786639733,3.3406350476265749,0,0.0048284011886754004,0.00010633910299934115,4.4169582828870849e-05,7.0433356603600674e-05,9.857410437763957e-05,0.00013897985359137359,0.00020316212545767789
351,7.2999999999999998,3024.0726485569685,1.1022662881210668,10.791521538441101,0,0.0044948098783824091,9.8992198854728586e-05,4.1117933134653937e-05,6.5567158705042371e-05,9.1763679279281907e-05,0.00012937781978096581,0.00018912577740269607
352,7.2999999999999998,3085.0880868329618,1.0804661777924178,20.515247855504803,0,0.0045854997613875795,0.00010098952269610778,4.1947552327966333e-05,6.6890079610004358e-05,9.3615156330177106e-05,0.0001319882214791178,0.00019294168844009125
353,7.2999999999999998,3263.3265873770779,1.0214525711974551,35.514361364690274,0,0.0048504233482385955,0.00010682411172221842,4.4371038665469216e-05,7.0754600542760886e-05,9.9023697228476997e-05,0.00013961373557264665,0.00020408874041140634
354,7.2999999999999998,3175.1450343624856,1.0498208104697206,3.2013655875256997,0,0.004775651782099842,0.00010517736760085178,4.3687038153756125e-05,6.9663884967176052e-05,9.7497200179655111e-05,0.00013746152391734044,0.00020094261611333078
355,7.2999999999999998,3054.4399916325447,1.0913075203522742,10.385754960531326,0,0.0045941025154732171,0.00010117898689285601,4.2026249197653378e-05,6.7015570600212026e-05,9.3790785642248721e-05,0.0001322358416450039,0.00019330366204927004
356,7.2999999999999998,2963.5768700269418,1.1247669554469935,19.545118317080199,0,0.0044574376942046424,9.8169126291514316e-05,4.0776057279679979e-05,6.5021999288417706e-05,9.1000708382704413e-05,0.00012830210538142546,0.00018755328744714749
357,7.2999999999999998,3101.2061603387288,1.0748506100507844,34.810728944074576,0,0.0046644422746044134,0.00010272812636965519,4.2669708118257391e-05,6.8041638059129642e-05,9.5226805245333669e-05,0.00013426048894412117,0.0001962633115089694
358,7.2999999999999998,2799.4097919926144,1.1907271821610204,2.9888020040912924,0,0.0042105183282254528,9.2731056241954836e-05,3.8517271200915455e-05,6.1420111401152427e-05,8.5959732207820629e-05,0.00012119482162605946,0.00017716378971306289
359,7.2999999999999998,2797.5873990959444,1.1915028407729169,9.8712495734672689,0,0.0042077773152038476,9.267068908217727e-05,3.8492196772142475e-05,6.1380127410580416e-05,8.5903773124651261e-05,0.0001211159247876343,0.00017704845753381429
360,7.2999999999999998,2715.5414414671964,1.2275022882848536,19.152534795689149,0,0.0040843741573879438,8.9952898949036041e-05,3.7363320817659271e-05,5.9580008016847442e-05,8.3384439025486985e-05,0.00011756390992064424,0.00017185608704710541
361,7.2999999999999998,2725.6553325934615,1.2229474847656787,34.720087226313176,0,0.0040995861938960057,9.0287923785177366e-05,3.7502478538876502e-05,5.9801910619835836e-05,8.3694999978470582e-05,0.0001180017705134375,0.00017249615599513858
362,7.2999999999999998,2764.3812466795589,1.2058153474080944,2.8192918439117425,0,0.0042081142050545417,9.2678108632279356e-05,3.8495278596453046e-05,6.1385041725290997e-05,8.5910650891019138e-05,0.00012112562176605351,0.00017706263267283808
363,7.2999999999999998,2833.9235123313974,1.1762255822462491,9.5560389528173673,0,0.0043139757957062243,9.5009569120356905e-05,3.9463686587829638e-05,6.2929276943872708e-05,8.8071865562027994e-05,0.00012417272323811594,0.00018151691576173497
364,7.2999999999999998,2879.5346813546021,1.1575944387532966,19.500755097369201,0,0.0043834079728005517,9.653872031202242e-05,4.0098843066613884e-05,6.3942105227595076e-05,8.9489356446612213e-05,0.00012617124685494638,0.00018443837736412249
365,7.2999999999999998,2758.7466969058019,1.2082781420534134,35.214007988463578,0,0.0041995369406231196,9.2489205811203761e-05,3.8416814902790347e-05,6.1259922560421548e-05,8.573554196234919e-05,0.00012087873528990704,0.00017670173157858203
366,7.2999999999999998,2798.4320193218832,1.1911432224610792,2.7212479246914798,0,0.0043162624270599911,9.5059929129301491e-05,3.9484604392509209e-05,6.2962632730864594e-05,8.8118548227558781e-05,0.00012423854123424876,0.00018161312915987991
367,7.2999999999999998,2842.5276082333207,1.1726652447203696,9.2248585509388548,0,0.0043842748469806432,9.6557812060848189e-05,4.0106773118281829e-05,6.3954750584903006e-05,8.9507054094875384e-05,0.00012619619880941814,0.00018447485237811778
368,7.2999999999999998,2820.2357813550925,1.1819342749178592,19.278219030056075,0,0.0043498922448231897,9.5800581058424003e-05,3.9792245568784147e-05,6.3453201110431928e-05,8.8805116935678074e-05,0.00012520653601479767,0.00018302815351029021
369,7.2999999999999998,2759.3367301932963,1.2080197740490439,35.224608403808702,0,0.0042559623996247485,9.3731901366542523e-05,3.8932987624906925e-05,6.2083017891585167e-05,8.6887494517209012e-05,0.0001225028758127089,0.00017907591626886474
370,7.2999999999999998,2909.5978885130562,1.1456336789675174,2.689577732055195,0,0.0044877231097024076,9.8836122216697199e-05,4.1053104301264011e-05,6.5463781855004208e-05,9.1618999529554179e-05,0.00012917383547330458,0.00018882759112293272
371,7.2999999999999998,2766.7372498581949,1.2047885405468766,9.1548540904506961,0,0.0042673768577033352,9.3983289597526174e-05,3.903740559513096e-05,6.2249524063063121e-05,8.7120526102217271e-05,0.00012283142757355006,0.00017955619648452541
372,7.2999999999999998,2807.4687034777908,1.1873091690048478,19.107031213407225,0,0.0043302004823774116,9.5366896227123854e-05,3.9612107900349462e-05,6.3165951382768487e-05,8.8403100249230711e-05,0.00012463973177572797,0.00018219959346398026
373,7.2999999999999998,2827.2875036954611,1.1789863354810697,35.091754855011722,0,0.0043607687227842917,9.604012099410465e-05,3.9891742167226724e-05,6.3611859602319933e-05,8.9027165400978219e-05,0.00012551960265022331,0.00018348579741636284
374,7.2999999999999998,3141.7694237761534,1.0609732554233517,2.6680341238807173,0,0.0048974432993525267,0.00010785966349787773,4.4801171031066202e-05,7.1440494869864197e-05,9.998363187098496e-05,0.00014096714960481419,0.00020606717443831101
375,7.2999999999999998,2858.2805310723884,1.1662023013824721,9.3885017006651186,0,0.0044555360201276213,9.8127244453687372e-05,4.0758661013840369e-05,6.4994258990298982e-05,9.0961884802882544e-05,0.00012824736792807904,0.0001874732716961114
376,7.2999999999999998,2827.4720508362379,1.1789093838602169,19.850509380878453,0,0.0044075112402205,9.7069562662654372e-05,4.0319336605810423e-05,6.4293706919990254e-05,8.9981436103138849e-05,0.00012686503108003418,0.00018545255801070935
377,7.2999999999999998,2792.8376120233493,1.1935292331294576,35.580041804094051,0,0.0043535224913940039,9.5880532402341367e-05,3.9825454589810591e-05,6.3506156621229344e-05,8.8879230144254729e-05,0.00012531102839585657,0.00018318090150707886
378,7.2999999999999998,3046.2634310899757,1.0942367292708635,2.7305047650591421,0,0.0047969081643312117,0.00010564551109828867,4.38814887594375e-05,6.9973958279500635e-05,9.7931159322420729e-05,0.00013807336389810401,0.00020183700985256574
379,7.2999999999999998,2870.9706768615442,1.1610475022257036,9.9977441957265167,0,0.0045208771305983208,9.9566295353751712e-05,4.1356392950000733e-05,6.5947409640964078e-05,9.229585461856321e-05,0.00013012813500021351,0.00019022259561603074
380,7.2999999999999998,2732.5846377768098,1.2198463268992406,21.440756645647149,0,0.0043029625819286091,9.4767017760499244e-05,3.9362939148013873e-05,6.2768623845043677e-05,8.7847025570066654e-05,0.00012385572082291205,0.00018105351849383026
381,7.2999999999999998,2641.0034994213715,1.2621465038057114,36.623517214979778,0,0.0041587510518972881,9.1590950953610679e-05,3.8043710924904254e-05,6.0664966397342366e-05,8.4902878665474752e-05,0.00011970476141693954,0.00017498560495230774
382,7.2999999999999998,2912.8012431099919,1.1443737677667083,2.7768591171795296,0,0.0046320736532191207,0.00010201525061038515,4.2373604201563953e-05,6.7569467134695187e-05,9.4565984460499625e-05,0.00013332879621907718,0.00019490135386257611
383,7.2999999999999998,2825.1608905820258,1.1798738062831586,10.649623569545779,0,0.004492703839070666,9.894581614489549e-05,4.1098667362364953e-05,6.5536437269091044e-05,9.1720683486093456e-05,0.0001293171999145201,0.00018903716268197347
384,7.2999999999999998,2646.0810101240822,1.2597245967072732,22.694897021836351,0,0.0042079225832081131,9.2673888416421551e-05,3.849352566485376e-05,6.1382246479139077e-05,8.5906738839979297e-05,0.00012112010615640947,0.00017705456990007267
385,7.2999999999999998,2452.8330560506538,1.3589727703280334,37.272132569470102,0,0.0039006105897381122,8.5905751211256054e-05,3.5682275725284755e-05,5.689939296742127e-05,7.9632818480614379e-05,0.00011227449159573317,0.00016412396299059808
386,7.2999999999999998,2580.1346249488088,1.291922251304801,2.8862910234687118,0,0.0041443515642093668,9.1273821422623285e-05,3.7911986294064409e-05,6.04549166911143e-05,8.4608906282719403e-05,0.00011929028908697826,0.00017437972519835499
387,7.2999999999999998,2507.0529047689197,1.3295823662088113,10.813489467780588,0,0.0040269637587770661,8.8688511411100292e-05,3.6838137996764198e-05,5.8742545072053473e-05,8.2212378460531514e-05,0.00011591141906874984,0.00016944045956517319
388,7.2999999999999998,2424.6404513930988,1.3747742810354158,22.530076045029276,0,0.0038945884258173801,8.5773121074608002e-05,3.5627185757050614e-05,5.6811545830785425e-05,7.9509873142871157e-05,0.00011210115068488061,0.00016387057153156607
389,7.2999999999999998,2292.2064445401302,1.454202932407372,37.052877600717402,0,0.0036818657724533113,8.108818805797511e-05,3.3681226734552938e-05,5.3708495790702507e-05,7.516703910385654e-05,0.00010597817911212749,0.00015491995108772157
390,7.2999999999999998,2348.3191369484125,1.4194549969323695,2.7975195547437299,0,0.0037719970091359234,8.307320845841944e-05,3.4505735504341665e-05,5.5023267551855913e-05,7.7007111124647939e-05,0.00010857250083243908,0.00015871235625436678
391,7.2999999999999998,2319.4711579045802,1.4371091970570915,10.267713917401005,0,0.0037256598273786123,8.2052693768143323e-05,3.4081849023556613e-05,5.434733298900864e-05,7.6061115542958531e-05,0.00010723873951377065,0.00015676265075855719
392,7.2999999999999998,2301.3600201869094,1.4484188932171553,21.639208597153104,0,0.0036965687399585791,8.1412001327594406e-05,3.381572755908618e-05,5.3922972449323699e-05,7.5467207171274928e-05,0.00010640138675196354,0.00015553860020410223
393,7.2999999999999998,2231.020157242996,1.4940848125068178,36.619014234495829,0,0.0035835850536814861,7.8923686172581147e-05,3.2782167568041547e-05,5.2274845055807138e-05,7.3160591534162972e-05,0.00010314928412763464,0.00015078464440193435
394,7.2999999999999998,2319.1398288230916,1.4373145128661435,3.0864861668740975,0,0.0037676886305879785,8.2978322161223457e-05,3.4466323020644594e-05,5.4960419923667428e-05,7.691915352955837e-05,0.00010844848921939956,0.00015853107485108784
395,7.2999999999999998,2301.9590125160084,1.4480420004047108,10.651124249786074,0,0.0037397765722205151,8.2363596264663157e-05,3.4210987159805708e-05,5.4553258239351097e-05,7.6349315596173242e-05,0.00010764507342320551,0.0001573566336888388
396,7.2999999999999998,2274.8539075357808,1.4652955613066787,21.692825066399351,0,0.0036957414542877058,8.1393781462937924e-05,3.3808159657924921e-05,5.3910904581639808e-05,7.545031774123708e-05,0.00010637757430620284,0.00015550379093521848
397,7.2999999999999998,2292.0297941724211,1.4543150101313993,36.578186983487377,0,0.0037236455038826715,8.2008330976954548e-05,3.4063422255560035e-05,5.4317949439556009e-05,7.6019992171726469e-05,0.00010718075957929292,0.00015667789511651265
398,7.2999999999999998,2343.7296254284397,1.4222345859215701,3.5296437371615776,0,0.0038312086023917415,8.4377264908565592e-05,3.5047395418367942e-05,5.5887005070733982e-05,7.821594393407871e-05,0.00011027683695531687,0.00016120377166653298
399,7.2999999999999998,2246.6865780915341,1.4836663760037503,11.551163750108927,0,0.0036725759027297668,8.0883591054789169e-05,3.359624422084096e-05,5.3572981635711818e-05,7.4977381999568869e-05,0.00010571078113014345,0.00015452906607123064
400,7.2999999999999998,2208.281679269257,1.5094692695346581,22.328514891075773,0,0.0036097968273852729,7.950096556481969e-05,3.3021949447065288e-05,5.2657204170625882e-05,7.3695717348285501e-05,0.00010390375922806056,0.00015188754357074553
401,7.2999999999999998,2276.4800192957664,1.4642488864736474,36.756994878128424,0,0.0037212781450866009,8.1956193053651447e-05,3.4041765966792246e-05,5.428341605681155e-05,7.5971661417105149e-05,0.0001071126179386091,0.00015657828499176604
402,7.2999999999999998,3969.3682958161462,0.83976418536087571,3.1997507732103436,0,0.0049174989019016273,0.00010830136142268661,4.4984637061199131e-05,7.1733052043769711e-05,0.00010039307652601245,0.00014154442655365146,0.00020691104359540718
403,7.2999999999999998,3997.4428806584392,0.83386640731293782,11.129226199138319,0,0.0044022452803676249,9.6953586913062833e-05,4.0271164293526057e-05,6.4216890762077011e-05,8.987392903073499e-05,0.0001267134566145388,0.00018523098495692208
404,7.2999999999999998,3991.9964868584029,0.83500407485493056,22.308151091923488,0,0.004396294283709831,9.6822524140560397e-05,4.0216725354109163e-05,6.4130081763949775e-05,8.9752436606478243e-05,0.00012654216416970991,0.00018498058796579702
405,7.2999999999999998,3959.9448436007051,0.84176256614281386,36.828675665995505,0,0.0043607896409728134,9.6040581689336234e-05,3.9891933524080562e-05,6.3612164742297766e-05,8.9027592455735716e-05,0.00012552020475569561,0.00018348667758010125
406,7.2999999999999998,3781.7280394373956,0.88143126596412535,6.9930913587588241,0,0.0026112119112858484,5.7508463264940087e-05,2.3887025185435175e-05,3.8090542299286561e-05,5.3309131830000272e-05,7.5160666014605939e-05,0.0001098706054421242
407,7.2999999999999998,3831.9034115886743,0.86988970631474294,16.601417521004436,0,0.0021166856478078838,4.6617181200143565e-05,1.9363163579449974e-05,3.0876737293380442e-05,4.3213143197594578e-05,6.0926308717110651e-05,8.9062681067805772e-05
408,7.2999999999999998,3790.1010067304151,0.87948403681433318,29.5724494136159,0,0.0020935946298715402,4.6108632295704638e-05,1.9151929966192148e-05,3.0539901592058613e-05,4.2741729095224281e-05,6.026166090375254e-05,8.8091092316247224e-05
409,7.2999999999999998,3640.4067407088742,0.91564859938816989,36.955208743738837,0,0.0025218814141975614,5.5541078087185273e-05,2.306984147676996e-05,3.678745117012496e-05,5.1485407288481186e-05,7.2589392642440133e-05,0.00010611189257890703
410,7.2999999999999998,3733.7937606632768,0.89274704148126138,7.1148631431580673,0,0.0046719559581396399,0.00010289360523856751,4.2738442312929843e-05,6.8151242445998829e-05,9.5380200664670222e-05,0.00013447676149415426,0.00019657946086304817
411,7.2999999999999998,3709.7933093650854,0.89852265486559357,16.813555478275571,0,0.0030946167296388833,6.8154810318657739e-05,2.8309149265389101e-05,4.5142115402783916e-05,6.3178070876065403e-05,8.9074905584764791e-05,0.00013021057855443045
412,7.2999999999999998,3607.7915598063155,0.92392625185704569,29.791826076916923,0,0.0030095294230657234,6.6280875758530197e-05,2.7530781708819151e-05,4.3900920984150417e-05,6.144097308497323e-05,8.6625767464726717e-05,0.00012663040421154108
413,7.2999999999999998,3674.6939712147828,0.90710501593997983,7.2774404410082498,0,0.0046323612128073757,0.00010202158372718283,4.2376234759082957e-05,6.7573661853864722e-05,9.4571855126121592e-05,0.00013333707328386793,0.000194913453357805
414,7.2999999999999998,3622.7613824794084,0.92010844254169699,16.984261598535543,0,0.0030445962653240575,6.7053176237520356e-05,2.7851568597304977e-05,4.4412451677071363e-05,6.2156879330931954e-05,8.7635125306491322e-05,0.000128105893494205
415,7.2999999999999998,3557.6803133486073,0.93694009572093573,29.870328242276962,0,0.004484852458523602,9.8772899949232319e-05,4.1026843959577316e-05,6.5421906793206193e-05,9.1560393821810785e-05,0.00012909120715288292,0.00018870680422637128
416,7.2999999999999998,3677.1084995978126,0.90650937651089702,7.1881751968212395,0,0.0046638092165209501,0.00010271418410882983,4.2663916985673254e-05,6.8032403448333852e-05,9.521388106377585e-05,0.00013424226711119625,0.00019623667465325901
417,7.2999999999999998,3698.7736549876054,0.90119959863953969,11.190349981030487,0,0.0031394503431446362,6.9142210921491423e-05,2.8719281300379177e-05,4.579611695826464e-05,6.4093370397511176e-05,9.0365388458395096e-05,0.00013209701919095833
418,7.2999999999999998,3682.981590789916,0.90506380527913766,22.762939947986773,0,0.0046890359250613958,0.00010326976875330979,4.2894687617366081e-05,6.8400393118026503e-05,9.5728896304556293e-05,0.00013496838826860264,0.00019729812574754646
419,7.2999999999999998,3716.6655233359543,0.89686126244189035,37.185647885490795,0,0.0047320666271107618,0.00010421746263344836,4.3288326854058287e-05,6.9028095055772434e-05,9.6607388532005389e-05,0.00013620697645484975,0.00019910870621645807
420,7.2999999999999998,3685.4230138685589,0.90446424217510935,3.0511774938410734,0,0.0047230310615946347,0.00010401846634160537,4.3205670681989089e-05,6.8896290513597024e-05,9.6422923168939303e-05,0.00013594689832060276,0.00019872852142583338
421,7.2999999999999998,3657.0318316967323,0.91148600469982388,11.017928521517511,0,0.0026036891370733398,5.734278418597271e-05,2.3818207830435426e-05,3.798080530394311e-05,5.3155550820167766e-05,7.4944131800111169e-05,0.00010955407358434568
422,7.2999999999999998,3629.0715713974223,0.91850856830850236,22.758726371909976,0,0.0025837708340012821,5.6904110099213007e-05,2.3635997797968517e-05,3.7690250959266192e-05,5.2748909199198998e-05,7.4370806855358061e-05,0.00010871598150593254
423,7.2999999999999998,3643.2249665097652,0.91494029711996894,37.241975344233538,0,0.0031124941992149526,6.8548537766798562e-05,2.8472690019844808e-05,4.5402899488575003e-05,6.3543047911555485e-05,8.958948753584496e-05,0.00013096279954331552
424,7.2999999999999998,3596.1799653300404,0.92690948881013957,6.9038733126148246,0,0.0025679055199464684,5.6554697695507062e-05,2.3490863979160395e-05,3.745881879802166e-05,5.242501127470771e-05,7.3914142436152226e-05,0.00010804842493834877
425,7.2999999999999998,3564.9614817429215,0.93502646533607303,16.744534037059399,0,0.0020364907998199214,4.4850996521826076e-05,1.8629551594397681e-05,2.970691065607542e-05,4.1575927273065529e-05,5.8617994267538775e-05,8.5688364160129864e-05
426,7.2999999999999998,3530.4742280746291,0.94416022267671151,29.913662612248125,0,0.0025209873659561301,5.5521387865864209e-05,2.3061662840341505e-05,3.6774409416519808e-05,5.1467154868844603e-05,7.2563658514549276e-05,0.00010607427417606658
427,7.2999999999999998,3473.3868727455265,0.95967810539299692,6.3878382384816099,0,0.0044911767402367091,9.8912183827726984e-05,4.1084697661878479e-05,6.5514161013962671e-05,9.1689507037830107e-05,0.00012927324416932217,0.00018897290773861491
428,7.2999999999999998,3460.2333938020147,0.96332615577435166,15.997065488304795,0,0.0029827793070360338,6.569174009383083e-05,2.7286075144578696e-05,4.3510708906097373e-05,6.0894856756485618e-05,8.5855796813141656e-05,0.00012550485349268665
429,7.2999999999999998,3413.5991533917577,0.97648645419346558,29.366010909450726,0,0.0044138697127298083,9.7209599547880821e-05,4.037750308104527e-05,6.4386459892289388e-05,9.0111247340507632e-05,0.000127048052238359,0.00018572010015130137
430,7.2999999999999998,3485.0092185771591,0.95647762294707761,6.4748285174246947,0,0.0045062047262280193,9.9243155196458873e-05,4.1222171713030465e-05,6.5733378816087821e-05,9.1996310512066571e-05,0.00012970580708429786,0.00018960523248878349
431,7.2999999999999998,3461.8005531355225,0.96289005740500277,15.983145929633011,0,0.0029841302247051106,6.5721492255580051e-05,2.7298433162802043e-05,4.3530415152991552e-05,6.0922436382559256e-05,8.5894681390567127e-05,0.00012556169535280623
432,7.2999999999999998,3416.2273252769819,0.975735223669014,29.278113421579427,0,0.0044172680051955526,9.7284442411681006e-05,4.0408590216243246e-05,6.4436031818011812e-05,9.0180625095821277e-05,0.00012714586809310977,0.00018586308833585543
433,7.2999999999999998,3518.9625071984383,0.94724889126116596,6.754300399781612,0,0.0045858279624710896,0.00010099675088768923,4.1950554668570632e-05,6.6894867179025501e-05,9.3621856711234645e-05,0.00013199766836158517,0.00019295549798637747
434,7.2999999999999998,3479.7033764175703,0.9579360574018444,16.208940928144436,0,0.0030231109334144641,6.6579990428464558e-05,2.7655023589899137e-05,4.4099038606159941e-05,6.171824607170489e-05,8.7016695278315371e-05,0.00012720186635844122
435,7.2999999999999998,3427.9350676120021,0.97240270529844919,29.278481897380189,0,0.004467203175490919,9.8384198005682378e-05,4.0865390625788344e-05,6.5164451333921992e-05,9.1200075323021848e-05,0.00012858319328327571,0.00018796418452398742
436,7.2999999999999998,3526.3613573759894,0.94526141694500343,6.7765275118350603,0,0.0046379066508762164,0.00010214371461211468,4.2426963701549161e-05,6.7654554845512132e-05,9.4685067879092435e-05,0.00013349669220135042,0.00019514678587112267
437,7.2999999999999998,3523.9919641014394,0.94589697345784929,16.280495105259924,0,0.0030898602670151277,6.8050055566702512e-05,2.8265637767147166e-05,4.5072731435905521e-05,6.3080965431670655e-05,8.8937996398218158e-05,0.00013001044335055208
438,7.2999999999999998,3506.5500681705325,0.95060195021610761,29.363479371844061,0,0.0046118506399752852,0.0001015698656880765,4.2188606720282166e-05,6.7274467890070865e-05,9.4153122036597534e-05,0.00013274670055014298,0.00019405044065275157
439,7.2999999999999998,3591.0679322895721,0.92822898262692732,7.0390735694186883,0,0.0047471854009292656,0.00010455043348311189,4.342663142038422e-05,6.9248637207544201e-05,9.691604548286989e-05,0.00013664215259073193,0.00019974485099881069
440,7.2999999999999998,3559.6478370621735,0.93642222093643379,16.596765443447858,0,0.0031370998939911571,6.9090445410536624e-05,2.8697779698811117e-05,4.5761830241619409e-05,6.4045384861277613e-05,9.0297733541900026e-05,0.00013199812056444797
441,7.2999999999999998,3546.4962027981364,0.93989479833740686,29.549221107440573,0,0.0046882641364125533,0.00010325277113662138,4.2887627395706911e-05,6.8389134802281315e-05,9.5713139872591411e-05,0.00013494617323939767,0.00019726565159799346
442,7.2999999999999998,3746.8989269954109,0.8896245664161242,7.1779011171518174,0,0.0049783361919877121,0.00010964122167950172,4.5541168637291824e-05,7.2620504096734982e-05,0.00010163509870864794,0.00014329555644917275,0.00020947086260753964
443,7.2999999999999998,3637.3532712319511,0.91641726408508906,16.765677025893314,0,0.003221858535290935,7.0957141555919254e-05,2.9473140668428502e-05,4.6998230319952929e-05,6.577577279465547e-05,9.2737411418310813e-05,0.00013556446582957534
444,7.2999999999999998,3566.9816998632823,0.93449689788458845,29.593510394478535,0,0.0047392882590582283,0.00010437650945525889,4.335438939898752e-05,6.9133439197309154e-05,9.6754821579415789e-05,0.0001364148426431656,0.00019941256706778115
445,7.2999999999999998,3738.1857738765634,0.89169814850496543,6.9536828470290653,0,0.004999653678161328,0.00011011071090985398,4.57361782138484e-05,7.293146875084868e-05,0.00010207030531742674,0.0001439091552351009,0.00021036782738557099
446,7.2999999999999998,3623.0307218193875,0.92004004085823043,16.644407621214469,0,0.0032304260177081151,7.1145828941164365e-05,2.955151487750377e-05,4.7123206791605625e-05,6.5950682018856948e-05,9.2984016330673741e-05,0.00013592495533110599
447,7.2999999999999998,3510.7227224010603,0.94947211640046414,29.657234062183925,0,0.0046954321785497768,0.00010341063771426235,4.2953199708058156e-05,6.849369721295772e-05,9.5859478858563674e-05,0.00013515249690800762,0.0001975672575787442
448,7.2999999999999998,3756.1669809496989,0.88742948602634875,6.9356387295052819,0,0.0050477758925905085,0.00011117053856641722,4.6176393940147951e-05,7.3633442128163512e-05,0.00010305274318923219,0.00014529429662135239,0.00021239264077267987
449,7.2999999999999998,3637.1099560403882,0.91647857051927917,16.516665119025724,0,0.0032585196643129858,7.1764554076712191e-05,2.9808511883798369e-05,4.7533017358767554e-05,6.6524227162386492e-05,9.3792658930868242e-05,0.00013710703708717236
450,7.2999999999999998,3503.634847459889,0.95139290435759227,29.548068609624838,0,0.0047084071632450403,0.000103696394464791,4.3071893171754772e-05,6.8682967260796988e-05,9.6124369335901994e-05,0.000135525966593486,0.00019811319926119037
451,7.2999999999999998,3797.0568406697594,0.87787290873037604,7.1972580601716549,0,0.0051325267887684977,0.00011303706413581177,4.6951684058403778e-05,7.4869729226049965e-05,0.0001047829730022688,0.000147733751563535,0.00021595866015034613
452,7.2999999999999998,3688.0115999634659,0.9038294058962163,16.775550851224139,0,0.0033234193619573029,7.3193883447397393e-05,3.0402205833131472e-05,4.8479728986287067e-05,6.7849185325488754e-05,9.5660720453569933e-05,0.00013983778790918459
453,7.2999999999999998,3618.2161099417635,0.92126430043090624,29.654181053458373,0,0.00489078565085536,0.00010771303766012959,4.4740267733007451e-05,7.1343377726441621e-05,9.9847712813677016e-05,0.0001407755170172883,0.00020578704402528591
454,7.2999999999999998,3793.5313943529486,0.87868874323679869,7.5658416951975171,0,0.0051609286496365984,0.00011366257727985406,4.721150056848375e-05,7.5284035808407014e-05,0.00010536281048642357,0.00014855126574906484,0.00021715371047765738
455,7.2999999999999998,3732.720719027463,0.89300367861483421,17.237164450113482,0,0.0033854656426635095,7.456037011180678e-05,3.0969797097358626e-05,4.9384816953119052e-05,6.9115889626059903e-05,9.7446649723213641e-05,0.00014244847699081717
456,7.2999999999999998,3719.7274172883226,0.89612301101442804,29.885934358548898,0,0.0050605216620321315,0.00011145124715638226,4.6292990572670923e-05,7.3819368543386556e-05,0.00010331295412826076,0.00014566116861514214,0.00021292893788411854
457,7.2999999999999998,3670.0764613150436,0.90824629090668862,7.9342405665674152,0,0.004992973772077725,0.00010996359487841976,4.5675071306298796e-05,7.2834026929243531e-05,0.00010193393186091648,0.00014371688198910786,0.00021008676045165806
458,7.2999999999999998,3641.6862471274162,0.9153268862639351,17.740222699521318,0,0.0033029001093396234,7.2741974247578079e-05,3.0214498392786865e-05,4.818040840782104e-05,6.7430275034017896e-05,9.5070097882417798e-05,0.00013897440998930747
459,7.2999999999999998,3587.5219354463916,0.92914646748175767,30.191552229316322,0,0.0048806620568387481,0.00010749007899021192,4.4647658418460149e-05,7.1195701781626909e-05,9.9641034831820225e-05,0.00014048412126137076,0.000205361078825354
460,7.2999999999999998,3655.6809428138104,0.91182282739577292,8.15791349459165,0,0.0049935148582944001,0.00010997551158141898,4.5680021092269576e-05,7.284191991844703e-05,0.00010194497839311537,0.0001437324565199381,0.0002101095274549662
461,7.2999999999999998,3591.1497997688111,0.92820782178118122,18.220348028778208,0,0.0032702452546280359,7.2022794580662994e-05,2.9915776051045438e-05,4.7704062110803625e-05,6.6763610659829938e-05,9.4130166267474867e-05,0.00013760040865211994
462,7.2999999999999998,3482.3088747391284,0.95721932006477872,30.688778525463487,0,0.0047566955046672785,0.00010475988084703494,4.3513628606068065e-05,6.9387363983083845e-05,9.7110198769202388e-05,0.00013691588974999033,0.00020014500268737985
463,7.2999999999999998,3808.6689899128478,0.87519638544635203,8.2609614159801108,0,0.0052331251331535922,0.00011525260863742028,4.7871944561028598e-05,7.633718787062689e-05,0.00010683673600002718,0.00015062935667749418,0.00022019148436361454
464,7.2999999999999998,3667.1323326827155,0.90897546936758911,18.48837222998754,0,0.0033591021653649857,7.3979749650018349e-05,3.0728627453683332e-05,4.9000244891826176e-05,6.8577666710972106e-05,9.6687808013104319e-05,0.00014133919466875462
465,7.2999999999999998,3551.0398352215061,0.93869218257457465,31.041010952044523,0,0.0048791417315980721,0.00010745659585241054,4.4633750681919456e-05,7.1173524334963785e-05,9.9609996669682035e-05,0.00014044036048609465,0.00020529710889095686
466,7.2999999999999998,3858.009580749258,0.86400338401595456,7.6606045293325691,0,0.0053223990465588568,0.00011721874763494649,4.8688610649559041e-05,7.7639453596395409e-05,0.00010865930535877283,0.0001531990013548447,0.00022394781638463161
467,7.2999999999999998,3783.7722922136372,0.88095505646382821,17.748041318998048,0,0.0034799889457614347,7.6642119923223278e-05,3.1834483916514106e-05,5.0763657122834277e-05,7.1045627769515673e-05,0.00010016739191347198,0.00014642568485160866
468,7.2999999999999998,3707.5292103676256,0.89907136105956975,30.655591868502526,0,0.0034098671039791218,7.5097779785688321e-05,3.119301847532807e-05,4.9740768490560164e-05,6.961405705264691e-05,9.8149017109132889e-05,0.00014347520458685462
469,7.2999999999999998,3688.0420552388368,0.90382194221412349,37.486729737824362,0,0.0028329949158580063,6.2392938445257913e-05,2.5915867116271742e-05,4.1325758437971621e-05,5.7836937243758758e-05,8.1544429148619531e-05,0.00011920245357126246
470,7.2999999999999998,3813.5257020505892,0.87408177989752389,7.1545306157527477,0,0.0052846863216550284,0.00011638817511596445,4.8343619572543953e-05,7.708932660863084e-05,0.0001078893821614722,0.0001521134848907284,0.0002223609976740753
471,7.2999999999999998,3802.2259379878974,0.8766794471707019,16.90237199856865,0,0.0035126849318679902,7.736220545431061e-05,3.2133582522879352e-05,5.1240603416019406e-05,7.171313186067461e-05,0.00010110850744727899,0.00014780141685310889
472,7.2999999999999998,3752.8086935710835,0.88822362276117317,30.00527827861265,0,0.0028891923584342893,6.3630612242628989e-05,2.6429953973939178e-05,4.2145527624191954e-05,5.8984234734958044e-05,8.3162006486596295e-05,0.00012156704413301228
473,7.2999999999999998,3694.7956087539469,0.9021698860515549,37.313582297525187,0,0.0028510328323238525,6.2790199522372623e-05,2.6080875617898969e-05,4.1588883011340691e-05,5.8205189878736523e-05,8.2063629374855174e-05,0.00011996142560047668
474,7.2999999999999998,3976.3583540694344,0.8382879601185782,7.8014370367069423,0,0.0055355632163590976,0.00012191340446282607,5.0638608606692798e-05,8.0748944171011414e-05,0.00011301115316560892,0.00015933468145931659,0.00023291701428591844
475,7.2999999999999998,3846.1405645849463,0.86666965945719354,17.591407160361108,0,0.0035695230557668644,7.8613989404191918e-05,3.2653530249525834e-05,5.2069718415543152e-05,7.2873509165480521e-05,0.00010274452604415971,0.00015019296502963685
476,7.2999999999999998,3830.2556795449091,0.87026392288500776,23.241145768993288,0,0.0035625438727475462,7.8460282196993967e-05,3.2589685595694531e-05,5.1967910950257466e-05,7.2731025828132648e-05,0.00010254363846330018,0.00014989930557576041
477,7.2999999999999998,3790.4987669727525,0.87939174716985058,37.311912383314805,0,0.0035256752354446991,7.7648299582792777e-05,3.2252416121700711e-05,5.1430096925041256e-05,7.1978335080256084e-05,0.00010148241806875612,0.00014834800310016194
478,7.2999999999999998,4063.9629856842648,0.82021744417342113,3.3676565880491389,0,0.0056908296536436259,0.00012533294087282138,5.2058965676082069e-05,8.3013862912950472e-05,0.00011618099125427613,0.00016380384337818726,0.0002394500794100325
479,7.2999999999999998,3954.5555231520939,0.84290973127528701,11.485306977726328,0,0.0049224330180887279,0.00010841002875767556,4.5029773711012859e-05,7.1805027497206505e-05,0.00010049380885231114,0.00014168644928922995,0.00020711865383586889
480,7.2999999999999998,3876.9337151494228,0.85978600054679089,22.568983734383725,0,0.0036194209621981297,7.9712924311235432e-05,3.3109989774113856e-05,5.2797594352134609e-05,7.3892198633190344e-05,0.0001041807786377922,0.0001522924932855408
481,7.2999999999999998,3857.3368046721098,0.8641540788701445,36.901333344706543,0,0.0036010748794266618,7.9308876281828668e-05,3.294216220741119e-05,5.2529974463142642e-05,7.3517654636664736e-05,0.00010365270820662464,0.00015152055470296904
482,7.2999999999999998,3941.7795337986759,0.84564174752843535,7.0556276216175089,0,0.0030715380062996604,6.7646532186339548e-05,2.8098028121498393e-05,4.4805459046489448e-05,6.2706907773736842e-05,8.8410611656935457e-05,0.00012923950711624026
483,7.2999999999999998,3821.3914588100288,0.87228261466081902,10.754883928654261,0,0.0023862812558977198,5.2554665269212784e-05,2.1829388956444913e-05,3.4809410420852101e-05,4.8717065629295246e-05,6.8686301451161328e-05,0.00010040631524676512
484,7.2999999999999998,3751.4819886404521,0.88853774146503184,21.46785181890499,0,0.002928233608422477,6.4490443756516885e-05,2.6787098224740132e-05,4.2715034211407158e-05,5.9781280403075964e-05,8.4285762983904067e-05,0.00012320976250254791
485,7.2999999999999998,3688.1244317838973,0.903801754790861,36.226531352070111,0,0.003454516019353353,7.6081112658260127e-05,3.1601460915957654e-05,5.0392075798224036e-05,7.0525585873982337e-05,9.9434183664115584e-05,0.00014535387377616804
486,7.2999999999999998,3775.8025697678077,0.88281452002357108,6.7628197688561356,0,0.0047241252049848069,0.00010404256339197816,4.3215679762678619e-05,6.8912251115991913e-05,9.644526062610833e-05,0.0001359783919521864,0.00019877455912817351
487,7.2999999999999998,3677.4204453022548,0.90643247975398689,15.807186827353068,0,0.0023005168164879921,5.0665817760546308e-05,2.1044827077211579e-05,3.3558338459594796e-05,4.6966143849619456e-05,6.6217672858229481e-05,9.6797649537703248e-05
488,7.2999999999999998,3588.9541150930172,0.92877568964041812,28.50376257097205,0,0.0028064676782887728,6.1808711381695157e-05,2.5673199415049336e-05,4.0938797555805402e-05,5.7295371084937267e-05,8.0780873791578653e-05,0.0001180862807934646
489,7.2999999999999998,3700.2820020139143,0.90083224238561665,6.899148484970997,0,0.0052322963415691896,0.00011523435560702473,4.7864362883967255e-05,7.6325098035724353e-05,0.00010681981582604913,0.00015060550088578239,0.00022015661173119047
490,7.2999999999999998,3539.0958371491861,0.94186014923472694,16.182866466705242,0,0.0033362499022326873,7.3476459002030543e-05,3.0519577938159105e-05,4.8666891979443593e-05,6.8111126901365608e-05,9.6030032476181778e-05,0.00014037765187890425
491,7.2999999999999998,3388.0424666623371,0.98385228819670034,28.970072767519813,0,0.0047907814036200974,0.00010551057735669331,4.3825441953439497e-05,6.9884585357672405e-05,9.7806078591504932e-05,0.00013789701229156867,0.0002015792173287879
492,7.2999999999999998,3639.0012503285998,0.91600225007681291,6.875667719707887,0,0.0050580846748746952,0.0001113975757611903,4.6270697332756279e-05,7.3783819470558747e-05,0.00010326320187755974,0.00014559102280390781,0.000212826398043026
493,7.2999999999999998,3492.5535948329152,0.95441150517056017,16.218285158070014,0,0.003236351698167677,7.1276334158131111e-05,2.9605722227648975e-05,4.7209646494649815e-05,6.6071657600898348e-05,9.3154580078489633e-05,0.00013617428710572553
494,7.2999999999999998,3326.1730049634371,1.002152722771549,29.16261137263551,0,0.004623264336847446,0.00010182123715450282,4.2293017727089331e-05,6.744096295759919e-05,9.4386138081214947e-05,0.0001330752304005518,0.00019453068883952537
495,7.2999999999999998,3645.9199801625086,0.9142639858993169,6.9497167692132047,0,0.0050677014677623956,0.00011160937281148659,4.6358670496833374e-05,7.39241025531723e-05,0.00010345953327357416,0.00014586783088495249,0.00021323103883545515
496,7.2999999999999998,3425.7984231459031,0.97300918548276427,16.223469558322627,0,0.0031744934596655218,6.991398887272556e-05,2.9039851148920626e-05,4.6307301556637709e-05,6.4808792271267126e-05,9.1374063382691141e-05,0.00013357151017810793
497,7.2999999999999998,3256.9558445308203,1.0234505754601397,29.096940687908351,0,0.0045270549007031318,9.9702352509280245e-05,4.1412906383263524e-05,6.6037526652331681e-05,9.2421976730487331e-05,0.00013030595485219711,0.00019048253443553604
498,7.2999999999999998,3464.8549115604701,0.96204124513603273,6.8045756779317879,0,0.00477387393245124,0.00010513821283108172,4.3670774617599394e-05,6.9637950933653474e-05,9.7460904534371943e-05,0.00013741035060464021,0.00020086781045836548
499,7.2999999999999998,3320.514607100451,1.0038604637382023,15.841205008581039,0,0.0030500013285349489,6.7172215553236081e-05,2.790101340892268e-05,4.4491296977973576e-05,6.2267226264481671e-05,8.7790703698664631e-05,0.0001283333195276368
500,7.2999999999999998,3167.8061495598749,1.0522529397186935,28.688757111308714,0,0.0043646004194824407,9.6124509008671953e-05,3.9926794027681269e-05,6.3667753727391927e-05,8.9105391309619102e-05,0.00012562989353644136,0.00018364702172538066
501,7.2999999999999998,3233.644328701444,1.0308286856866296,6.0165722705370159,0,0.0034324590699704033,7.559533773595541e-05,3.1399686826636447e-05,5.0070324369382415e-05,7.0075282772444981e-05,9.8799300298767963e-05,0.00014442579498928873
502,7.2999999999999998,3174.5871720509094,1.0500052928708419,14.615695695053152,0,0.0022465139276245374,4.9476476084758949e-05,2.0550815710002252e-05,3.2770581895814356e-05,4.5863649215162489e-05,6.4663263169706243e-05,9.4525398071092196e-05
503,7.2999999999999998,3129.602276427483,1.065098066434951,27.796423462463011,0,0.0033220201813096012,7.3163068357847747e-05,3.0389406311489367e-05,4.8459318712645439e-05,6.7820620387775384e-05,9.562044668302627e-05,0.00013977891531281604
504,7.2999999999999998,3278.259473209383,1.0167997257611929,6.2642701794631872,0,0.0036293796434515991,7.9932250997268495e-05,3.3201090488263939e-05,5.2942864664318344e-05,7.4095509842632835e-05,0.000104467427573638,0.00015271151953691271
505,7.2999999999999998,3227.7550650282392,1.0327095043391001,14.62658889176188,0,0.0023823106179354505,5.2467217258423387e-05,2.1793066079470803e-05,3.4751489517304106e-05,4.8636003168732414e-05,6.8572011303947626e-05,0.00010023924477844331
506,7.2999999999999998,3171.7865927966163,1.0509324116898668,27.320333985902678,0,0.0035115029140750081,7.7336173087296496e-05,3.2122769578641253e-05,5.1223360962985434e-05,7.1689000405820584e-05,0.0001010744844542857,0.00014775168170522716
507,7.2999999999999998,3314.6893767631936,1.0056246466715217,6.6292761972601451,0,0.0036697113961550142,8.0820504114041718e-05,3.3570040089188824e-05,5.3531196207121886e-05,7.4918901736836693e-05,0.00010562832967492793,0.00015440853771797798
508,7.2999999999999998,3233.3768669864376,1.0309139548091271,14.988052477605741,0,0.0023864599038097272,5.255859975145095e-05,2.1831023204188271e-05,3.481201641227685e-05,4.8720712811299584e-05,6.8691443621350792e-05,0.00010041383212203992
509,7.2999999999999998,3170.7343778264831,1.051281165853543,27.340289041138913,0,0.0035103380009177819,7.7310517427095328e-05,3.2112113105374859e-05,5.1206368020475277e-05,7.1665218150232415e-05,0.00010104095379813027,0.00014770266626020764
510,7.2999999999999998,3205.4965904607916,1.0398804800644526,6.316915171961428,0,0.003178341875269104,6.9998745098909373e-05,2.9075055951736312e-05,4.6363439565467985e-05,6.4887359504306049e-05,9.1484835502953044e-05,0.00013373343795981382
511,7.2999999999999998,3171.2629906521952,1.051105929454248,14.839126826158589,0,0.002096265518978885,4.6167455069701113e-05,1.9176362910565183e-05,3.0578862663766468e-05,4.2796256565366163e-05,6.0338539307719506e-05,8.820347392802849e-05
512,7.2999999999999998,3157.715433418477,1.0556154927883212,27.654516243918252,0,0.0031309654866220758,6.8955343261487654e-05,2.8641662942185718e-05,4.567234577566583e-05,6.3920148020206279e-05,9.0121161835301914e-05,0.00013174000629622006
513,7.2999999999999998,3142.639867008992,1.0606793887922747,6.4828453825107291,0,0.0031160176298203374,6.8626136631394936e-05,2.8504921902384175e-05,4.54542968423987e-05,6.3614980421446574e-05,8.9690905344875461e-05,0.00013111105310028412
514,7.2999999999999998,3103.38764885316,1.0740950569179293,15.401470681812789,0,0.0020513986192541912,4.5179321382244584e-05,1.8765926377595938e-05,2.9924375552086696e-05,4.1880277489945469e-05,5.9047098329396944e-05,8.6315632724579127e-05
515,7.2999999999999998,3070.3131123997737,1.0856656019450672,28.40681342831995,0,0.0030443035766652385,6.7046730159777294e-05,2.7848891119718999e-05,4.4408182138589603e-05,6.2150903952897446e-05,8.7626700607432371e-05,0.00012809357818574171
516,7.2999999999999998,3114.3943797471493,1.0702990459429094,7.3152774773429936,0,0.0029743422865148601,6.5505925958022704e-05,2.7208894383872045e-05,4.338763552179917e-05,6.0722610973877271e-05,8.5612947093128674e-05,0.00012514985336849814
517,7.2999999999999998,3027.8349119055019,1.100896657286897,16.906120572561047,0,0.0019277835574563495,4.2456864346234121e-05,1.7635111953189415e-05,2.8121165050522709e-05,3.9356617270308327e-05,5.5488984055328985e-05,8.1114346064238189e-05
518,7.2999999999999998,2957.6609915466452,1.1270167009878431,29.788964950843699,0,0.0028246570869572643,6.2209308872730588e-05,2.5839593747540901e-05,4.1204131992007866e-05,5.7666716505210286e-05,8.1304434542824784e-05,0.0001188516270812951
519,7.2999999999999998,3104.3571572445708,1.0737596109244085,7.7545552313382213,0,0.0021621949765638741,4.7619463531065981e-05,1.977947696920901e-05,3.1540595712722044e-05,4.4142237766925504e-05,6.2236241260078232e-05,9.0977553423463449e-05
520,7.2999999999999998,2952.0898252824491,1.1291436001661661,18.117513178467256,0,0.0013707601858235898,3.0189166743138694e-05,1.2539534972416677e-05,1.9995695720681634e-05,2.7984720480767608e-05,3.945572094992165e-05,5.7676763376218244e-05
521,7.2999999999999998,2767.856907318378,1.2043011777522898,31.062080514075966,0,0.0019278214450567262,4.2457698770152394e-05,1.7635458544004392e-05,2.8121717728472182e-05,3.9357390763671491e-05,5.5490074605378067e-05,8.1115940241093058e-05
522,7.2999999999999998,2933.0112521366809,1.1364884232561401,6.3458872437756275,0,0.0020428519897511361,4.4991093254649428e-05,1.8687742928252862e-05,2.9799703268234352e-05,4.170579398789367e-05,5.8801093643659519e-05,8.5956020640270053e-05
523,7.2999999999999998,2836.1186431994693,1.1753151939980016,15.946951765290738,0,0.0013169106458330382,2.9003202371960722e-05,1.2046926420648475e-05,1.9210176103548313e-05,2.6885356536411378e-05,3.7905725228480199e-05,5.5410964290372202e-05
524,7.2999999999999998,2726.5622772975216,1.2225406920238122,29.436626983867701,0,0.001899059599345194,4.1824257439563866e-05,1.737234893963963e-05,2.7702159937721609e-05,3.8770204017899041e-05,5.4662198679205696e-05,7.9905743018760818e-05
525,7.2999999999999998,3195.3274733212511,1.0431898956098662,5.2816220689373727,0,0.0012439789560720377,2.7396979076431579e-05,1.1379756857501267e-05,1.814629936424842e-05,2.5396421438018955e-05,3.580647225237529e-05,5.2342255513682987e-05
526,7.2999999999999998,3144.5746360469757,1.0600267823579614,13.811375415790261,0,0.00081614684894344204,1.797454694442934e-05,7.4660046744828952e-06,1.1905382300742148e-05,1.6662025695777572e-05,2.3491827862451866e-05,3.4340586466971605e-05
527,7.2999999999999998,3142.6451948529498,1.0606775905828296,27.475023652584252,0,0.0012234691190303975,2.694527724212957e-05,1.1192135549615314e-05,1.7847116133653638e-05,2.4977703370006541e-05,3.5216120697513693e-05,5.1479273768101626e-05
528,7.2999999999999998,3098.6338614737515,1.0757428861724101,5.8367886578745978,0,0.0012063349839505002,2.6567920745875853e-05,1.1035394721950119e-05,1.7597175294228956e-05,2.4627901861435185e-05,3.4722934756294874e-05,5.0758329678187288e-05
529,7.2999999999999998,3088.8262303499723,1.0791585815287699,14.776552169045793,0,0.00080167783773866239,1.7655886250613674e-05,7.3336440516000434e-06,1.1694318433829442e-05,1.6366633957392952e-05,2.3075354379766002e-05,3.3731781408160731e-05
530,7.2999999999999998,3086.0292916400003,1.0801366475565464,28.210442975002813,0,0.0012014278751316255,2.6459848212188477e-05,1.0990505132010095e-05,1.752559380548624e-05,2.4527720903390793e-05,3.458168939607011e-05,5.0551855812711291e-05
531,7.2999999999999998,3060.7730479153829,1.0890494921221241,6.1923887349540223,0,0.0013777820879691779,3.0343814782175368e-05,1.2603770415230175e-05,2.0098126342854411e-05,2.8128075949375358e-05,3.9657838150624788e-05,5.7972220300551591e-05
532,7.2999999999999998,3062.1240129720272,1.0885690191554576,15.392390088331812,0,0.00091892680926616962,2.0238138630360699e-05,8.40622231448977e-06,1.3404664840497414e-05,1.876032741945054e-05,2.6450228227210821e-05,3.8665205399341121e-05
533,7.2999999999999998,3012.4297332318351,1.1065265013691197,28.742111603499851,0,0.0013560207381397896,2.9864550046192056e-05,1.240470043197949e-05,1.9780686914601457e-05,2.7683807653171717e-05,3.9031463271020232e-05,5.705657930233963e-05
534,7.2999999999999998,3262.7924638491686,1.0216197843613217,6.247592781443025,0,0.0014687194846131845,3.2346589781672012e-05,1.3435653830951734e-05,2.1424657804542567e-05,2.9984606108808169e-05,4.2275364237977918e-05,6.1798545840590792e-05
535,7.2999999999999998,3179.8465498848432,1.0482686132933203,15.323879190251475,0,0.00095425470414101413,2.1016188445412747e-05,8.7293972781824961e-06,1.3920003587329482e-05,1.9481563178608852e-05,2.7467100161737096e-05,4.0151678857170709e-05
536,7.2999999999999998,3106.8878331192573,1.0728849937227147,28.619882347519628,0,0.0013985402833824958,3.0800986378710166e-05,1.2793663673030894e-05,2.0400932452550226e-05,2.8551864371547707e-05,4.0255338409329578e-05,5.8845652092161366e-05
537,7.2999999999999998,3540.0922211016132,0.94159505604519533,5.8690599880347794,0,0.0014428030928510861,3.1775815783143294e-05,1.3198574067313554e-05,2.1046607515941905e-05,2.9455510657369568e-05,4.1529391359593043e-05,6.0708075304105354e-05
538,7.2999999999999998,3324.7661316147678,1.0025767832621673,14.493006448989089,0,0.00090336306854883622,1.9895367977607713e-05,8.2638472491464699e-06,1.3177631821244379e-05,1.8442586257929986e-05,2.6002244242097419e-05,3.8010337976223556e-05
539,7.2999999999999998,3177.9159275769107,1.0489054491365746,27.836507015127097,0,0.0012951942047718437,2.8524926691762114e-05,1.184826725693804e-05,1.889339177315513e-05,2.6442005074047846e-05,3.7280642994988642e-05,5.4497212895041484e-05
540,7.2999999999999998,3260.4644116033101,1.022349246159749,5.2724046578236194,0,0.00078341926308006472,1.7253765470800341e-05,7.166616997673463e-06,1.142797505229381e-05,1.5993876480569181e-05,2.2549802766782655e-05,3.2963524858939306e-05
541,7.2999999999999998,3209.5045321152211,1.0385819057050849,13.284578787008892,0,0.00051411646890008576,1.1322730237961414e-05,4.7030702440446183e-06,7.4995732903788902e-06,1.0495931983962469e-05,1.4798238336994867e-05,2.1632211258566026e-05
542,7.2999999999999998,3191.4702148636788,1.0444507104622045,26.625815573682537,0,0.00076684144595247849,1.6888661136229037e-05,7.0149652939053113e-06,1.1186149392032781e-05,1.5655432467316751e-05,2.2072629784003117e-05,3.2265988670151095e-05
543,7.2999999999999998,3026.3070923767291,1.101452440742053,5.1094665389296399,0,0.00072715631053242905,1.6014648903593256e-05,6.6519308633525957e-06,1.0607250252197772e-05,1.4845241572179082e-05,2.0930339801271716e-05,3.0596177868198065e-05
544,7.2999999999999998,3223.7986752110073,1.033976891598281,12.855418422679897,0,0.00051640618505434681,1.1373158185526811e-05,4.7240162680758113e-06,7.5329740762937689e-06,1.0542677627161023e-05,1.4864145125484477e-05,2.1728554454256866e-05
545,7.2999999999999998,3245.849819599106,1.0269524218914825,26.076426241312099,0,0.00077990769188873276,1.717642779399743e-05,7.1344936035034017e-06,1.1376750695349712e-05,1.5922186086250722e-05,2.2448726317047771e-05,3.2815770304367449e-05
546,7.2999999999999998,3222.7257205313244,1.0343211375691546,5.1670978486704477,0,0.0016075144434649373,3.5403363825167523e-05,1.4705331969050701e-05,2.3449302081102654e-05,3.2818171139202049e-05,4.6270414008423602e-05,6.7638549133869051e-05
547,7.2999999999999998,3232.1648305798317,1.0313005394391823,12.8871648348828,0,0.0010748151511861346,2.3671371661349023e-05,9.8322684861787817e-06,1.5678655494493806e-05,2.1942861986734782e-05,3.0937290940113159e-05,4.5224438081334073e-05
548,7.2999999999999998,3268.6747026325152,1.0197812987167991,26.060211885984,0,0.0016304340645545033,3.5908137942418924e-05,1.4914997666361914e-05,2.3783637564493519e-05,3.3286086093509864e-05,4.6930128364983004e-05,6.8602926109453033e-05
549,7.2999999999999998,3154.6631929120176,1.0566368355337445,5.2740785361095472,0,0.0015735644564990191,3.4655660595936594e-05,1.4394761926766872e-05,2.2954063296002013e-05,3.2125066024687733e-05,4.5293203533656327e-05,6.6210053190442995e-05
550,7.2999999999999998,3224.8767168209815,1.0336312442415678,12.995285560197967,0,0.0010723915819988619,2.3617995779072322e-05,9.8100979921009882e-06,1.5643302153677586e-05,2.189338367026991e-05,3.0867531349380369e-05,4.5122462821193119e-05
551,7.2999999999999998,3284.8810445660624,1.0147500893061019,26.108459901213614,0,0.0016385178827236814,3.6086173267017954e-05,1.498894737812872e-05,2.3901558678663526e-05,3.3451121082285727e-05,4.7162811570398226e-05,6.8943064721984967e-05
552,7.2999999999999998,2966.8106553984117,1.1235409739640771,5.3437026262793941,0,0.001479862511784694,3.2592000108571683e-05,1.3537588786723579e-05,2.1587204530828551e-05,3.0212096302883899e-05,4.2596103179160626e-05,6.2267405199151581e-05
553,7.2999999999999998,3158.765808422083,1.055264472106735,13.034669724172421,0,0.0010504072434114429,2.313382001279527e-05,9.6089881368444622e-06,1.532260992059354e-05,2.1444562952622767e-05,3.0234738000445564e-05,4.419743924099088e-05
554,7.2999999999999998,3303.412598688059,1.0090575227136802,26.091540577135646,0,0.001647761530335756,3.628975228978339e-05,1.5073507058007853e-05,2.403639857765665e-05,3.3639834540206303e-05,4.7428879103226582e-05,6.9332004874732731e-05
555,7.2999999999999998,2890.6494633677403,1.153143394097272,5.4170989503578078,0,0.00074731215493038512,1.6458554521564687e-05,6.8363138928136557e-06,1.0901269684439147e-05,1.5256732712178707e-05,2.1510502093918097e-05,3.1444264849430533e-05
556,7.2999999999999998,3111.8806861974267,1.0711636047352804,13.052999466630904,0,0.00053633766182060126,1.1812122405349059e-05,4.9063468117749577e-06,7.8237205896544585e-06,1.0949588195356011e-05,1.5437849259542534e-05,2.2567200835348795e-05
557,7.2999999999999998,3323.7086187067816,1.002895775692364,26.043091352421399,0,0.00085926982212248637,1.8924272973260475e-05,7.8604879954062549e-06,1.2534430225519165e-05,1.7542401682179688e-05,2.4733071964724251e-05,3.6155049380214424e-05
558,7.2999999999999998,2952.242701113159,1.129085129781668,2.6892025500926584,1,0.0029108143793649165,6.4106808445253707e-05,2.6627749394639277e-05,4.2460934619424506e-05,5.9425658565494348e-05,8.378437094759764e-05,0.00012247682266161911
559,7.2999999999999998,3030.7915283377133,1.09982270379433,13.132654485414806,0,0.00078354272176192662,1.725648448377662e-05,7.1677463815546605e-06,1.1429775981633688e-05,1.5996396948218128e-05,2.2553356379844054e-05,3.2968719565682423e-05
560,7.2999999999999998,3338.9174546696113,0.99832756532256628,26.020292004529352,0,0.00086320172328220796,1.901086785758523e-05,7.8964565131749494e-06,1.2591786063547353e-05,1.7622673312513557e-05,2.4846247118602419e-05,3.6320489940243301e-05
561,7.2999999999999998,2974.3141564956354,1.1207065420623548,13.436260627746529,1,0.0027635561897270833,6.0863643019787064e-05,2.5280650727756915e-05,4.0312834621460678e-05,5.6419312657480807e-05,7.9545717025467509e-05,0.0001162807164084684
562,7.2999999999999998,3217.561881603252,1.0359811111612234,26.257797122472262,1,0.0029895675392310017,6.5841241863538199e-05,2.7348173005232959e-05,4.3609730913634273e-05,6.1033441742028214e-05,8.6051188098939033e-05,0.00012579047840804465
563,7.4000000000000004,3002.9682872775006,1.5679348003853122,6.3309779601776999,1,0.0085231104887075783,0.00015428566502700077,6.5394960879033395e-05,0.00010200387861872726,0.0001400643033535898,0.00021487925577614941,0.00028361928549942129
564,7.4000000000000004,3282.1614350979871,1.4345602966769679,20.039380529091375,1,0.0093155244667857216,0.00016862997251268451,7.147488688316962e-05,0.00011148742331086258,0.0001530864168125451,0.0002348570943952366,0.00030998804917789811
565,7.4000000000000004,3738.7863660411535,1.259354780161313,31.609183943630423,1,0.01061153040691353,0.00019209032054131635,8.1418704679025105e-05,0.0001269979147894252,0.00017438429502104893,0.00026753117415345419,0.00035311459074145735
566,7.4000000000000004,3729.2922441201213,1.2625608758604465,40.350781374716746,1,0.010584583918511026,0.00019160253419983562,8.121195333428496e-05,0.0001266754214537056,0.00017394147064009988,0.00026685181637892076,0.00035221790592227512
567,7.4000000000000004,2966.07022354323,1.5874399886767367,6.5427304231693757,0,0.004050907866272207,7.3329685792409462e-05,3.1081253937799149e-05,4.8480928979431246e-05,6.6570483744254582e-05,0.00010212891979701589,0.00013480003528973695
568,7.4000000000000004,3271.2197729047734,1.4393586518018813,20.616344504853501,0,0.0044676656018397187,8.0873849917979863e-05,3.4278895907779603e-05,5.3468650953535362e-05,7.3419260605333926e-05,0.00011263595149352505,0.00014866827404419407
569,7.4000000000000004,3072.2127633493496,1.532595182939958,31.898225334961474,0,0.0041958719490622241,7.5953831044066119e-05,3.2193514600790462e-05,5.0215847085277634e-05,6.8952747038174958e-05,0.00010578366230744818,0.00013962393257916633
570,7.4000000000000004,3118.2998984930714,1.5099440834254745,40.274611253277349,0,0.0042588154143941501,7.7093236009038324e-05,3.2676458645505794e-05,5.0969149251906406e-05,6.998712675600892e-05,0.0001073705530328959,0.00014171847079827668
571,7.4000000000000004,3203.5680189199866,1.46975449070166,6.9462986111072498,0,0.0044190344658855858,7.9993527275014847e-05,3.3905765553851067e-05,5.288663755648642e-05,7.2620082161298265e-05,0.00011140989413861713,0.00014705000005248522
572,7.4000000000000004,3797.3698353465484,1.2399262347977693,21.160048726351825,0,0.0052381307601416004,9.4820839046682871e-05,4.0190415998075884e-05,6.2689513993092279e-05,8.6080678734166638e-05,0.00013206043038966407,0.00017430665782313225
573,7.4000000000000004,4003.3867371050665,1.1761188192077232,31.368595755631421,0,0.0055223125799278945,9.9965108983392361e-05,4.2370847544995241e-05,6.6090578415469112e-05,9.0750772905403697e-05,0.0001392250421850522,0.00018376323412664278
574,7.4000000000000004,4563.9006915416257,1.0316741752953031,39.604845640386849,0,0.0062954912571516804,0.00011396121833316772,4.830318755355699e-05,7.5343916624168359e-05,0.0001034567835733026,0.00015871793259917468,0.00020949191431776982
575,7.4000000000000004,3407.634054676706,1.3817382989273415,6.7215722972365999,0,0.0047005252411710741,8.5089083823463766e-05,3.6065549621181e-05,5.625549578172648e-05,7.7245953126254201e-05,0.0001185066610268719,0.00015641702781387875
576,7.4000000000000004,3665.3629667844325,1.2845817794155678,20.999436482374524,0,0.005056039136531785,9.1524609661682046e-05,3.8793288198531283e-05,6.0510256561572221e-05,8.3088281012557341e-05,0.00012746965186858438,0.00016824728592456652
577,7.4000000000000004,3228.4786403768794,1.4584140106084844,31.289702769345823,0,0.0044533964317107254,8.061554886630958e-05,3.4169413363396529e-05,5.3297878710261477e-05,7.3184768587871606e-05,0.00011227620622659184,0.00014819344600553182
578,7.4000000000000004,4407.1137783468585,1.0683768831223708,39.461838584207896,0,0.0060792177867225834,0.0001100462278778568,4.6643793937033759e-05,7.2755573688179309e-05,9.9902659405881643e-05,0.00015326538303625373,0.0002022950901962416
579,7.4000000000000004,3533.7875186365522,1.3324113171050374,6.1666206205301499,0,0.0049141073884196107,8.8955355845842787e-05,3.770429361989877e-05,5.8811629185362607e-05,8.0755849507717909e-05,0.00012389135865676227,0.00016352429411980315
580,7.4000000000000004,3680.5205235367744,1.2792914621628861,19.495252212097402,0,0.0051181552378453165,9.2649037652230834e-05,3.9269884157335101e-05,6.125365690432841e-05,8.4109064266399687e-05,0.00012903568361716394,0.00017031429236498462
581,7.4000000000000004,3225.2680286272207,1.4598657972869138,30.438817505522852,0,0.0044850782242916928,8.1189053861238167e-05,3.4412497104849257e-05,5.3677043773196467e-05,7.3705410460662705e-05,0.00011307494748666025,0.00014924770517383193
582,7.4000000000000004,3951.3274028970418,1.1916143619543433,39.5601859139556,0,0.005494741005857934,9.9466007317766753e-05,4.2159300128114121e-05,6.5760604106384932e-05,9.0297676196216648e-05,0.0001385299251471375,0.00018284574864429719
583,7.4000000000000004,3624.1648736075986,1.2991844042097718,6.0768203765602511,0,0.0050397867127895133,9.1230407678884892e-05,3.8668588816043696e-05,6.0315748903732601e-05,8.2821197251026302e-05,0.00012705990606945094,0.00016770646214719979
584,7.4000000000000004,3389.2867977992123,1.3892180753582861,18.102366796649751,0,0.004713163767402829,8.5317866898282647e-05,3.6162520783245518e-05,5.6406752614237521e-05,7.7453648001782596e-05,0.00011882529553411958,0.00015683759373102431
585,7.4000000000000004,3358.7467207027125,1.4018498188785051,28.589557738204952,0,0.004670694542042976,8.45490873914925e-05,3.5836668697360898e-05,5.5898484451531265e-05,7.6755731147146536e-05,0.00011775458836086334,0.00015542436655671579
586,7.4000000000000004,3956.0087904396332,1.1902042516828222,39.01401131811545,0,0.0055012509731351914,9.9583850989042212e-05,4.2209248918052262e-05,6.583851485420887e-05,9.0404657565606604e-05,0.0001386940503131221,0.00018306237756988094
587,7.4000000000000004,3491.5678723389424,1.3485226850027561,5.5607126072106983,0,0.0048990022113273354,8.868192136483729e-05,3.7588396675194252e-05,5.8630851680169375e-05,8.0507618992665305e-05,0.00012351053651251629,0.00016302164669549374
588,7.4000000000000004,3569.5229682860036,1.3190721908526493,16.463323561124998,0,0.0050083806342571622,9.0661893669982408e-05,3.8427620535776995e-05,5.9939883563637738e-05,8.2305086317520276e-05,0.00012626811593710195,0.00016666137777741652
589,7.4000000000000004,3483.3819405130557,1.3516917072212808,26.227481114202376,0,0.0048875165694658388,8.8474007846033224e-05,3.7500271207244694e-05,5.8493392472072694e-05,8.0318870010937248e-05,0.00012322096779478352,0.00016263944473500339
590,7.4000000000000004,3803.5498100852037,1.2379116134068444,37.774870160288074,0,0.005336742578633806,9.6605913875379479e-05,4.0947031323085713e-05,6.3869692048648173e-05,8.7701213359153742e-05,0.00013454656901199126,0.00017758811399334307
591,7.4000000000000004,3274.2823427065505,1.4380123609571853,4.3119587184586772,0,0.0046422302796893565,8.4033826249149015e-05,3.5618271983446219e-05,5.5557826523191953e-05,7.6287964469439409e-05,0.0001170369654321372,0.00015447717553277005
592,7.4000000000000004,2981.0173210650178,1.5794804172401442,13.562240863912352,0,0.0042264433618413588,7.6507235902268183e-05,3.242807877138958e-05,5.0581723214943847e-05,6.9455141514829672e-05,0.00010655440937622191,0.00014064124219407911
593,7.4000000000000004,2857.4344464863316,1.6477923011902047,23.3079309993694,0,0.004051229344730665,7.3335505207495157e-05,3.1083720533913581e-05,4.8484776406928344e-05,6.6575766751718438e-05,0.00010213702470800971,0.00013481073296763425
594,7.4000000000000004,3718.1766358656873,1.2663353420754366,36.507648853915725,0,0.0052715772061310414,9.5426287863650293e-05,4.0447039331766103e-05,6.30897982814932e-05,8.6630319990533232e-05,0.00013290366097221844,0.00017541963848043905
595,7.4000000000000004,3215.5200254079905,1.4642914504873761,3.5521866303834648,0,0.0045589179137671808,8.252570268342661e-05,3.497904421355648e-05,5.4560751045615544e-05,7.4918852980260714e-05,0.00011493654690418004,0.00015170483159478867
596,7.4000000000000004,3279.1696808886177,1.4358691194046209,11.51553646479014,0,0.0046491594772725799,8.4159258843111934e-05,3.5671437386555608e-05,5.5640754584507213e-05,7.640183524860852e-05,0.00011721165996669493,0.00015470775497559693
597,7.4000000000000004,3647.1150223820491,1.2910090450069283,20.666202281457899,0,0.0051708270754735131,9.3602505228114962e-05,3.9674017456520455e-05,6.1884029083495898e-05,8.4974645470998784e-05,0.00013036361257982428,0.000172067026765629
598,7.4000000000000004,4050.7965840145571,1.1623537209092676,35.152852447051224,0,0.0057431609711551118,0.00010396291482619816,4.4065342990482694e-05,6.8733673623694945e-05,9.4380078908767705e-05,0.00014479293174944765,0.00019111229559974567
599,7.4000000000000004,3072.0587668234821,1.5326720090528838,3.5773529329995073,0,0.0044112234011125032,7.9852131088178975e-05,3.3845833880322241e-05,5.2793155381868106e-05,7.2491719241758376e-05,0.00011121296652780143,0.00014679007515618514
600,7.4000000000000004,2686.9381861349207,1.7523508751977825,11.787619453341932,0,0.0038582219624258215,6.9841678350096429e-05,2.9602839788332186e-05,4.617488008172807e-05,6.3403985207827283e-05,9.7271045002136347e-05,0.00012838812282572185
601,7.4000000000000004,4670.4775262386156,1.0081321354452257,22.708795609802202,0,0.0050298158308223579,9.1049914400375068e-05,3.8592085591424525e-05,6.0196418216274435e-05,8.2657341034636666e-05,0.0001268085265174232,0.00016737466609421299
602,7.4000000000000004,2945.0082643221876,1.5987929606572948,35.277965462923,0,0.0042287893422952236,7.6549702928237686e-05,3.2446078690574802e-05,5.0609799714218962e-05,6.9493694120522989e-05,0.00010661355474746398,0.00014071930821246548
603,7.4000000000000004,2964.0257751359077,1.5885349316370154,3.9292560100161076,0,0.0042560969217069079,7.7044025752679709e-05,3.2655600565211323e-05,5.0936614557153507e-05,6.9942452480705928e-05,0.00010730201611949538,0.00014162800887658594
604,7.4000000000000004,2628.1589143770766,1.7915425343264926,13.467206680391634,0,0.0037738197687312456,6.8313826681253408e-05,2.8955250136400037e-05,4.5164761635864616e-05,6.2016964063726376e-05,9.5143150427615236e-05,0.0001255795132339589
605,7.4000000000000004,5122.3801982309269,0.91919348034766946,25.003317016205436,0,0.0037014530444408993,6.7003841529969185e-05,2.8400004594273007e-05,4.429868268847475e-05,6.0827727477255043e-05,9.3318686474100834e-05,0.00012317140193886833
606,7.4000000000000004,5282.1913444785987,0.89138355182788997,37.697430685551637,0,0.0057238741803896315,0.00010361378461799174,4.3917361930133683e-05,6.8502850913277965e-05,9.4063129959663674e-05,0.0001443066854135017,0.00019047049870837252
607,7.4000000000000004,3128.2548483744326,1.5051390344755879,3.9663684527447201,0,0.0045441314860262512,8.2258038215107725e-05,3.4865592925445184e-05,5.4383788306192104e-05,7.4675860623964806e-05,0.00011456376086641033,0.00015121279103324397
608,7.4000000000000004,2811.7742376108254,1.6745506872830105,13.940190443676798,0,0.0040844088682110702,7.3936122183214967e-05,3.133829586094481e-05,4.8881866188904838e-05,6.712102154432547e-05,0.00010297352580956446,0.00013591483137809037
609,7.4000000000000004,2851.1562118509009,1.6514207332818338,25.627274796071902,0,0.0020708077413487411,3.748583922974574e-05,1.5888611489070961e-05,2.4783255100484817e-05,3.4030562440263991e-05,5.2207891345074068e-05,6.8909233640248181e-05
610,7.4000000000000004,2818.2355608942962,1.6707114718905043,38.103452805139824,0,0.0020468973226323559,3.7053011935341989e-05,1.5705154886152226e-05,2.449709719467091e-05,3.3637631227552355e-05,5.1605077033810569e-05,6.8113578593734586e-05
611,7.4000000000000004,3152.1518001178442,1.4937283419852569,3.69669796063731,0,0.0046170499106356509,8.3578010266213733e-05,3.5425071478610757e-05,5.5256469957190372e-05,7.587416356255613e-05,0.00011640213393844744,0.00015363926098395763
612,7.4000000000000004,3297.8899351365553,1.427718503249839,13.113343880588936,0,0.0048305168646190196,8.7442197055795801e-05,3.7062931638138697e-05,5.7811224737393957e-05,7.9382166918643925e-05,0.00012178392738879885,0.00016074269406120284
613,7.4000000000000004,3316.47932600179,1.4197159153565999,24.635075699670026,0,0.0048577452948709802,8.7935087119186503e-05,3.7271846227886608e-05,5.8137092329757015e-05,7.9829624583273011e-05,0.00012247039330241642,0.00016164876091831604
614,7.4000000000000004,2996.5986625875184,1.5712676311515761,37.668429779718402,0,0.0043892066323688384,7.9453582716447482e-05,3.3676906616903297e-05,5.2529660521689906e-05,7.2129907274136434e-05,0.00011065789371858438,0.00014605743415283814
615,7.4000000000000004,3274.6718685417154,1.4378413077987726,3.4132660952658873,0,0.004828515559896507,8.7405969362814039e-05,3.7047576299942724e-05,5.7787273288651774e-05,7.9349278532164796e-05,0.00012173347176348171,0.00016067609764476335
616,7.4000000000000004,3108.3844333625748,1.514760668448714,11.714038140766839,0,0.0045833241329657475,8.2967504976713162e-05,3.5166304926861791e-05,5.4852842650431775e-05,7.5319931916650363e-05,0.00011555186102273406,0.00015251698514600815
617,7.4000000000000004,2945.2440999601417,1.5986649399075583,22.520975248929247,0,0.0043427731190312886,7.8613041520329507e-05,3.3320637882359929e-05,5.197394808963827e-05,7.1366843401328452e-05,0.00010948724143122238,0.00014451228934995517
618,7.4000000000000004,2815.458445275051,1.6723594304784299,36.670203203428301,0,0.0041514036999702629,7.5148865134867871e-05,3.185232467798226e-05,4.9683654772532951e-05,6.8221979281653255e-05,0.00010466255701575814,0.00013814418489179535
619,7.4000000000000004,3248.510252048301,1.4494208473274852,3.3406350476265749,0,0.0048306135165808129,8.7443946653225193e-05,3.7063673216142257e-05,5.7812381460047274e-05,7.93837552460174e-05,0.00012178636411675713,0.00016074591030020176
620,7.4000000000000004,3024.0726485569685,1.5569925161429767,10.791521538441101,0,0.0044968693578943423,8.1402497402972994e-05,3.4502966508206905e-05,5.3818159081084987e-05,7.3899179732572567e-05,0.00011337221806840989,0.00014964007283022244
621,7.4000000000000004,3085.0880868329618,1.5261990418268416,20.515247855504803,0,0.0045876007941489357,8.3044921257496748e-05,3.5199118310090606e-05,5.4904025376362796e-05,7.5390212311360273e-05,0.00011565968149197094,0.00015265929746153029
622,7.4000000000000004,3263.3265873770779,1.4428401068678596,35.514361364690274,0,0.0048526457664899081,8.7842775265592653e-05,3.7232719261338001e-05,5.8076061597527878e-05,7.9745821622948472e-05,0.00012234182722729793,0.000161479066462549
623,7.4000000000000004,3175.1450343624856,1.4829113099147764,3.2013655875256997,0,0.0047778399407244505,8.6488637408127462e-05,3.6658759313741725e-05,5.7180791686212855e-05,7.8516502129025363e-05,0.00012045587019441671,0.00015898979040741593
624,7.4000000000000004,3054.4399916325447,1.5415128452267555,10.385754960531326,0,0.0045962074899353932,8.3200719986711624e-05,3.5265154592853671e-05,5.5007029596884551e-05,7.5531650211420776e-05,0.00011587666804725917,0.00015294569817318363
625,7.4000000000000004,2963.5768700269418,1.5887755535199148,19.545118317080199,0,0.004459480050134107,8.0725674754676921e-05,3.4216090921938929e-05,5.3370686950403786e-05,7.3284743565019789e-05,0.00011242958255568838,0.00014839588753351348
626,7.4000000000000004,3101.2061603387288,1.5182668415574121,34.810728944074576,0,0.0046665794780811022,8.4474596349656591e-05,3.5805095195274075e-05,5.5849235707726829e-05,7.6688106355958039e-05,0.00011765084197827563,0.00015528743163111588
627,7.4000000000000004,2799.4097919926144,1.681946850205307,2.9888020040912924,0,0.0042124475480292307,7.625388315687561e-05,3.2320693598109586e-05,5.0414222477372268e-05,6.9225141690932101e-05,0.00010620155579537062,0.00014017551049687324
628,7.4000000000000004,2797.5873990959444,1.6830424971164208,9.8712495734672689,0,0.0042097052791013013,7.6204242502118285e-05,3.2299653090715097e-05,5.0381403230545062e-05,6.9180076689427376e-05,0.00010613241945047021,0.00014008425738511117
629,7.4000000000000004,2715.5414414671964,1.7338930683127078,19.152534795689149,0,0.0040862455791218551,7.3969370392857237e-05,3.1352388326168165e-05,4.8903847792575193e-05,6.7151205082896487e-05,0.00010301983180009554,0.00013597595068856697
630,7.4000000000000004,2725.6553325934615,1.7274592373334936,34.720087226313176,0,0.0041014645856416359,7.4244865418419289e-05,3.1469158645794716e-05,4.9085987598905069e-05,6.7401306210736035e-05,0.00010340352373967038,0.00013648238595781172
631,7.4000000000000004,2764.3812466795589,1.7032594500962714,2.8192918439117425,0,0.0042100423233117487,7.6210343689029009e-05,3.2302239117610549e-05,5.0385436947669479e-05,6.9185615496251265e-05,0.00010614091679533047,0.00014009547303675332
632,7.4000000000000004,2833.9235123313974,1.6614627958685944,9.5560389528173673,0,0.0043159524187462682,7.8127532200058836e-05,3.3114851667548912e-05,5.1652960175664e-05,7.0926086155971373e-05,0.00010881105494692464,0.00014361979031905442
633,7.4000000000000004,2879.5346813546021,1.6351456061855449,19.500755097369201,0,0.0043854164090095758,7.9384971951356568e-05,3.3647825507532467e-05,5.2484299443244622e-05,7.2067620742115871e-05,0.00011056233701123643,0.00014593130878552517
634,7.4000000000000004,2758.7466969058019,1.7067382399974804,35.214007988463578,0,0.0042014611288586252,7.6055006585904473e-05,3.2236398498003321e-05,5.0282737924987585e-05,6.9044596671655374e-05,0.00010592457316348378,0.00013980992092021662
635,7.4000000000000004,2798.4320193218832,1.6825345227492163,2.7212479246914798,0,0.0043182400978129644,7.8168943852136003e-05,3.3132404259794267e-05,5.1680338928778489e-05,7.0963680667411518e-05,0.00010886873046057164,0.00014369591627133533
636,7.4000000000000004,2842.5276082333207,1.6564336854417603,9.2248585509388548,0,0.0043862836803832458,7.9400671330218635e-05,3.3654479789162135e-05,5.2494678875031469e-05,7.2081873022540087e-05,0.00011058420210703415,0.00014596016854132208
637,7.4000000000000004,2820.2357813550925,1.6695265385979565,19.278219030056075,0,0.0043518853244416218,7.8777991003673472e-05,3.3390552770489088e-05,5.2083002207363953e-05,7.151658857998172e-05,0.0001097169725745234,0.0001448155116525672
638,7.4000000000000004,2759.3367301932963,1.7063732854909792,35.224608403808702,0,0.004257912441473625,7.7076890359439027e-05,3.266953043791177e-05,5.0958342546971246e-05,6.9972287775189881e-05,0.00010734778785234291,0.00014168842301995866
639,7.4000000000000004,2909.5978885130562,1.6182505839259178,2.689577732055195,0,0.0044897793421237401,8.1274153672163856e-05,3.4448567201220968e-05,5.3733306361056595e-05,7.3782666152114935e-05,0.00011319346908771244,0.00014940414192099604
640,7.4000000000000004,2766.7372498581949,1.701809046853725,9.1548540904506961,0,0.004269332129549293,7.7283609980343822e-05,3.2757149864639665e-05,5.1095012425635551e-05,7.015995290718048e-05,0.0001076356937850592,0.00014206843026930014
641,7.4000000000000004,2807.4687034777908,1.677118778294199,19.107031213407225,0,0.0043321845394159314,7.8421366655875827e-05,3.3239395271387302e-05,5.1847224848016488e-05,7.11928362675134e-05,0.00010922028887786888,0.00014415993848122712
642,7.4000000000000004,2827.2875036954611,1.6653624634642172,35.091754855011722,0,0.0043627667859023871,7.8974967626253245e-05,3.3474042565379849e-05,5.2213230634592353e-05,7.1695408779601379e-05,0.00010999130907920019,0.00014517760860400069
643,7.4000000000000004,3141.7694237761534,1.4986645571261188,2.6680341238807173,0,0.0048996872617021641,8.8694322172359078e-05,3.7593652836371731e-05,5.8639050306172678e-05,8.0518876749283583e-05,0.00012352780756806666,0.00016304444277423724
644,7.4000000000000004,2858.2805310723884,1.6473045353282103,9.3885017006651186,0,0.0044575775047279503,8.069123480653571e-05,3.4201493330769478e-05,5.3347917444959341e-05,7.3253478137067765e-05,0.00011238161678761617,0.00014833257748145688
645,7.4000000000000004,2827.4720508362379,1.665253766410643,19.850509380878453,0,0.0044095307203194248,7.9821490117117471e-05,3.3832846509761841e-05,5.2772897518687032e-05,7.2463902618191589e-05,0.00011117029173324548,0.00014673374866390894
646,7.4000000000000004,2792.8376120233493,1.685904852400171,35.580041804094051,0,0.0043555172343571914,7.8843735972882102e-05,3.341841919403945e-05,5.2126468603660556e-05,7.1576273472350688e-05,0.0001098085379837408,0.00014493636890258372
647,7.4000000000000004,3046.2634310899757,1.5456504628003067,2.7305047650591421,0,0.0047991060624297654,8.6873597539079286e-05,3.6821927114840911e-05,5.7435302864965503e-05,7.8865978359051242e-05,0.00012099201816660803,0.000159697452504651
648,7.4000000000000004,2870.9706768615442,1.6400231879842853,9.9977441957265167,0,0.0045229485538794724,8.1874583984657733e-05,3.4703063409856111e-05,5.4130272733168432e-05,7.4327751487276278e-05,0.00011402971021660505,0.00015050789719334691
649,7.4000000000000004,2732.5846377768098,1.7230787354153476,21.440756645647149,0,0.0043049341588179265,7.7928079246499584e-05,3.3030312264015007e-05,5.1521094555734604e-05,7.0745017882472319e-05,0.00010853326956604906,0.0001432531411934255
650,7.4000000000000004,5093.8365554720258,0.92434424049547403,36.947824892224943,0,0.0060472907738706172,0.00010946828389640571,4.6398828702897115e-05,7.2373473849402688e-05,9.9377987712466836e-05,0.00015246045943824622,0.00020123267095561312
651,7.4000000000000004,2912.8012431099919,1.6164709120518841,2.7768591171795296,0,0.004634196025698643,8.388838988274319e-05,3.5556627854098013e-05,5.5461673238549385e-05,7.6155933775989398e-05,0.00011683441091632652,0.00015420982368048722
652,7.4000000000000004,2825.1608905820258,1.6666160492919244,10.649623569545779,0,0.0044947623536152398,8.1364356332662245e-05,3.4486800172854755e-05,5.3792942628826221e-05,7.3864554335318055e-05,0.00011331909761291296,0.00014956995910249651
653,7.4000000000000004,5070.7214615171815,0.92855790202822142,22.612486533432815,0,0.0060796676273881991,0.00011005437091042016,4.6647245413201841e-05,7.2760957343913211e-05,9.9910051850169798e-05,0.00015327672413379946,0.00020231005931911519
654,7.4000000000000004,4745.039500590784,0.99229068198265613,37.162505085093755,0,0.0037929752906887939,6.8660580656586164e-05,2.9102224015324991e-05,4.5394013332088071e-05,6.2331755810461699e-05,9.5626087297634124e-05,0.00012621694195885533
655,7.4000000000000004,4928.4537618972208,0.95536221085765816,2.8419052891062209,0,0.0059399818272232981,0.00010752577332837257,4.5575483237967467e-05,7.108920928624595e-05,9.7614529069559651e-05,0.00014975505433710985,0.00019766180480104058
656,7.4000000000000004,4826.5240626734994,0.97553817632223105,10.540601692590798,0,0.0058171318238968654,0.00010530193797074105,4.4632896470828251e-05,6.9618950647193638e-05,9.5595676896318357e-05,0.00014665783797204496,0.00019357378667512188
657,7.4000000000000004,4726.0004715800078,0.99628819556628778,22.084642321091188,0,0.0037973176812122443,6.8739186772346972e-05,2.9135541717680108e-05,4.5445982701305566e-05,6.2403116366489001e-05,9.5735564893308228e-05,0.00012636144151676349
658,7.4000000000000004,4523.2266017831262,1.0409512714264026,36.835945917606615,0,0.0036343898936045328,6.5789861863824574e-05,2.7885451587928735e-05,4.3496076467803848e-05,5.9725647020239078e-05,9.1627932850665497e-05,0.00012093977500539719
659,7.4000000000000004,4667.4589657715042,1.0087841192831117,2.9420028608089135,0,0.0037715701263022188,6.8273103569814781e-05,2.8937989386485677e-05,4.5137838102071404e-05,6.1979994626332153e-05,9.5086433869552052e-05,0.00012550465300784837
660,7.4000000000000004,4621.4301704205882,1.0188314674129031,10.45941908359354,0,0.0037344284960889079,6.7600764389741977e-05,2.8653014146753533e-05,4.4693330155706072e-05,6.1369628660979896e-05,9.4150042646051741e-05,0.00012426870955300993
661,7.4000000000000004,4576.2139277226906,1.0288982456768558,21.666016831776226,0,0.0036978486405435346,6.6938594475731461e-05,2.837234921515142e-05,4.425554548192008e-05,6.0768494604284753e-05,9.3227814529168459e-05,0.00012305145999286443
662,7.4000000000000004,4523.0499514154171,1.040991926388616,36.598600608991603,0,0.003655289330858747,6.6168184259120136e-05,2.8045805942532482e-05,4.3746199197493093e-05,6.0069097351356099e-05,9.2154836207048821e-05,0.00012163523512752439
663,7.4000000000000004,4662.8694542515314,1.0097770328488977,3.3080649520178378,0,0.0038011894880270367,6.8809274364202986e-05,2.9165248789472733e-05,4.5492320163772404e-05,6.2466743597997042e-05,9.5833178430991908e-05,0.00012649028169592789
664,7.4000000000000004,4548.6455906075425,1.0351341708833777,11.101143999947499,0,0.0037078743724875693,6.7120080650575405e-05,2.8449273285199847e-05,4.437553260934711e-05,6.0933252196270866e-05,9.3480576924024158e-05,0.0001233850812611025
665,7.4000000000000004,4483.1355868050377,1.050260111680319,22.01066997873756,0,0.0036544428052207277,6.6152860420341176e-05,2.8039310835956696e-05,4.3736068048947902e-05,6.0055185995411903e-05,9.2133494139580132e-05,0.00012160706571719819
666,7.4000000000000004,4568.5098134681875,1.0306333299744936,36.667590930807904,0,0.0037241674213995017,6.7415018031714079e-05,2.8574284370954005e-05,4.4570526465843944e-05,6.1201003570417588e-05,9.3891346939168149e-05,0.00012392725690192421
667,7.4000000000000004,4445.1353146300589,1.0592385042991039,3.4336005298202577,0,0.0036478559962084592,6.6033625757102896e-05,2.798877246522389e-05,4.3657237665619849e-05,5.9946941849469074e-05,9.1967431688510062e-05,0.00012138787976762546
668,7.4000000000000004,4330.3640259271051,1.0873123954210335,11.442688827404833,0,0.0035538967883514015,6.4332772660238423e-05,2.7267855057174545e-05,4.2532741667819355e-05,5.8402865774239228e-05,8.9598591734552991e-05,0.000118261246194845
669,7.4000000000000004,4282.1401873618543,1.0995572951983767,22.333110263244887,0,0.0035144029231151839,6.3617853233753247e-05,2.6964831909052023e-05,4.2060082368015959e-05,5.7753844418904179e-05,8.8602897453582942e-05,0.00011694702859145394
670,7.4000000000000004,4364.4618349318625,1.0788176549948862,36.77402196566031,0,0.0035818054885351138,6.4837976995391438e-05,2.7481989129367629e-05,4.2866750674239911e-05,5.8861502636205875e-05,9.0302208182222102e-05,0.00011918995005428802
671,7.4000000000000004,3969.3682958161462,1.1861984404517847,3.1997507732103436,0,0.0032798347023595201,5.9371690523386258e-05,2.5165068824893393e-05,3.9252789379209503e-05,5.3899073971828215e-05,8.2689112249050679e-05,0.00010914141921213918
672,7.4000000000000004,3997.4428806584392,1.1778676075292205,11.129226199138319,0,0.0033031967607400421,5.9794591378468917e-05,2.5344318043341527e-05,3.9532384554056486e-05,5.4282993719942372e-05,8.3278101647329237e-05,0.00010991882674598005
673,7.4000000000000004,3991.9964868584029,1.179474605645584,22.308151091923488,0,0.0032987314682287718,5.9713760486325235e-05,2.5310057355359733e-05,3.947894430405384e-05,5.4209613457456073e-05,8.3165525524689989e-05,0.00010977023744008401
674,7.4000000000000004,3959.9448436007051,1.189021228334725,36.828675665995505,0,0.0032720907852565695,5.9231509846187983e-05,2.5105652352859046e-05,3.9160110822331771e-05,5.3771814521690876e-05,8.2493877522705309e-05,0.00010888372875527891
675,7.4000000000000004,3731.3109049747695,1.2618778230992007,3.102048249430871,0,0.0031035314260432494,5.6180242017710527e-05,2.381235306779704e-05,3.7142806407467479e-05,5.1001798897322125e-05,7.8244265868620649e-05,0.00010327466325182662
676,7.4000000000000004,3784.2108951259033,1.2442378642639622,11.005906252486021,0,0.0026228524913280205,4.7478973953044728e-05,2.0124265230296248e-05,3.1390080829612598e-05,4.3102574756459991e-05,6.6125693441837177e-05,8.7279350719015735e-05
677,7.4000000000000004,3757.4858258278564,1.2530874899677085,22.409066746793989,0,0.0026042457534016079,4.7142154086780739e-05,1.9981501986713249e-05,3.11673969351059e-05,4.2796801437106832e-05,6.5656592166739698e-05,8.6660183605887723e-05
678,7.4000000000000004,3640.4067407088742,1.2933880243170359,36.955208743738837,0,0.0025230369164867773,4.5672108681869676e-05,1.9358413887584026e-05,3.0195496318024434e-05,4.146225823439918e-05,6.3609206477932144e-05,8.3957837750751931e-05
679,7.4000000000000004,3733.7937606632768,1.2610387139431753,7.1148631431580673,0,0.0025967203357307165,4.7005928694478512e-05,1.9923761987350535e-05,3.1077333361288119e-05,4.2673132691416546e-05,6.5466866109490035e-05,8.6409764045360988e-05
680,7.4000000000000004,3709.7933093650854,1.2691969846917703,16.813555478275571,0,0.0020640231025668221,3.7363023444613866e-05,1.5836555237036001e-05,2.4702057106900234e-05,3.391906726420658e-05,5.2036841335326996e-05,6.8683464608361406e-05
681,7.4000000000000004,3607.7915598063155,1.3050805192106623,29.791826076916923,0,0.0020072722407169018,3.6335717219618755e-05,1.5401124956571607e-05,2.4022867504545891e-05,3.2986453526504084e-05,5.0606074601149053e-05,6.6794994558527356e-05
682,7.4000000000000004,3530.4914384648791,1.3336552613545474,37.058283097031435,0,0.0024644868683371042,4.461223351914548e-05,1.8909179055619061e-05,2.9494774203428745e-05,4.0500077617795832e-05,6.2133079799916115e-05,8.2009497078157288e-05
683,7.4000000000000004,3674.6939712147828,1.2813198919308499,7.2774404410082498,0,0.004634483717043991,8.3893597682242949e-05,3.5558835213054487e-05,5.5465116304682273e-05,7.6160661543853066e-05,0.00011684166400805442,0.00015421939704151781
684,7.4000000000000004,3659.5958928147966,1.2866061226378567,11.248650002084943,0,0.0030864025079420194,5.5870173701226456e-05,2.3680928638814897e-05,3.6937808937918904e-05,5.0720311289690133e-05,7.7812422449634186e-05,0.00010270467280999372
685,7.4000000000000004,3623.7788140908997,1.2993228129065835,22.656780669099774,0,0.0045843982628868598,8.2986948916742296e-05,3.5174546364569681e-05,5.4865697748138067e-05,7.5337583601362319e-05,0.00011557894130502786,0.00015255272843024258
686,7.4000000000000004,3591.7263035510196,1.3109179497949985,37.075096302759377,0,0.0030293238870116074,5.4836934369090558e-05,2.324298357313507e-05,3.6254696742104463e-05,4.9782311332093188e-05,7.6373392461403242e-05,0.00010080529608514376
687,7.4000000000000004,3724.609724845458,1.2641481470306892,3.1630579185345122,0,0.0047442480484122416,8.5880555716382265e-05,3.6401020019323316e-05,5.6778766708298071e-05,7.7964470684487345e-05,0.00011960897271142345,0.0001578719698055611
688,7.4000000000000004,3698.7736549876054,1.2729782682773132,11.190349981030487,0,0.0031408888096950299,5.6856486774600655e-05,2.4098983711115345e-05,3.7589896473069486e-05,5.1615710440910819e-05,7.9186096530967949e-05,0.00010451778622594312
689,7.4000000000000004,3682.981590789916,1.2784366052359259,22.762939947986773,0,0.0031274562647445798,5.66133303432214e-05,2.399592031041153e-05,3.7429136890463859e-05,5.1394967080462385e-05,7.8847443727398574e-05,0.0001040707981449681
690,7.4000000000000004,3716.6655233359543,1.2668502055169377,37.185647885490795,0,0.0031561565436188325,5.7132863865453835e-05,2.4216127899728338e-05,3.7772619444924652e-05,5.1866612329213058e-05,7.9571016954947159e-05,0.00010502584297264391
691,7.4000000000000004,3685.4230138685589,1.2775896998411154,3.0511774938410734,0,0.003150130073267456,5.7023772473624582e-05,2.416988881912636e-05,3.7700495148162856e-05,5.1767576493344809e-05,7.9419081406795292e-05,0.00010482530313247577
692,7.4000000000000004,3657.0318316967323,1.2875082030366998,11.017928521517511,0,0.0026048821228899437,4.7153673671073455e-05,1.9986384635817643e-05,3.1175012952301834e-05,4.280725919770695e-05,6.5672635910656127e-05,8.6681359755115704e-05
693,7.4000000000000004,3629.0715713974223,1.2974278377934598,22.758726371909976,0,0.0025849546934391967,4.6792946597411717e-05,1.9833488170251711e-05,3.0936523131294546e-05,4.2479782330271675e-05,6.5170238198508485e-05,8.6018244650583241e-05
694,7.4000000000000004,3643.2249665097652,1.2923875207702604,37.241975344233538,0,0.0031139203147143254,5.636830206921779e-05,2.3892063517300395e-05,3.7267139764449289e-05,5.1172524415460158e-05,7.8506183940542848e-05,0.00010362036910486318
695,7.4000000000000004,3596.1799653300404,1.3092944534114135,6.9038733126148246,0,0.0025690821100470512,4.6505620498847314e-05,1.9711703175049104e-05,3.0746561371225479e-05,4.2218940664756701e-05,6.4770068693365034e-05,8.549006063059726e-05
696,7.4000000000000004,3564.9614817429215,1.320759987503116,16.744534037059399,0,0.0020374239007055978,3.6881523697099888e-05,1.56324685051518e-05,2.4383720067669997e-05,3.3481950007145325e-05,5.1366239128802496e-05,6.7798336269742483e-05
697,7.4000000000000004,3500.3638153952188,1.3451340290307077,22.255290255332703,0,0.0020064219255058868,3.6320324781847613e-05,1.539460077387647e-05,2.4012691002705752e-05,3.2972479894715602e-05,5.0584636993369573e-05,6.6766699044475657e-05
698,7.4000000000000004,3443.7095660711675,1.367263525491675,37.024383266366144,0,0.0024673884440634532,4.4664757951529534e-05,1.8931441870510822e-05,2.952950002079151e-05,4.0547760583219923e-05,6.2206232486776406e-05,8.21060513625843e-05
699,7.4000000000000004,3473.3868727455265,1.3555813546200475,6.3878382384816099,0,0.0044932345550789945,8.133670006638432e-05,3.4475077888409289e-05,5.3774658062804048e-05,7.3839447299814141e-05,0.00011328057972523812,0.0001495191193146267
700,7.4000000000000004,3460.2333938020147,1.3607343627483863,15.997065488304795,0,0.0024867883236622361,4.5015935298028515e-05,1.9080290623451574e-05,2.9761676168975207e-05,4.0866567974576298e-05,6.2695329946659914e-05,8.2751611454509849e-05
701,7.4000000000000004,3413.5991533917577,1.3793237783638244,29.366010909450726,0,0.0019626187138759525,3.552739740567468e-05,1.5058513459895169e-05,2.348845780308572e-05,3.2252641013156416e-05,4.9480298204365715e-05,6.5309081476156911e-05
702,7.4000000000000004,3379.168930307816,1.3933776556258071,36.821154228280292,0,0.0024285292011295171,4.3961326481709738e-05,1.8633287965921592e-05,2.9064435828006431e-05,3.9909168276150698e-05,6.1226537900776153e-05,8.0812951768184635e-05
703,7.4000000000000004,3485.0092185771591,1.3510605530042803,6.4748285174246947,0,0.0045082694267518124,8.1608861876055776e-05,3.4590435403270539e-05,5.3954594158574973e-05,7.4086522452676928e-05,0.00011365962937384063,0.00015001942722065112
704,7.4000000000000004,3461.8005531355225,1.3601183574285323,15.983145929633011,0,0.0029854975250415,5.404358792459346e-05,2.2906718634377938e-05,3.5730186481135511e-05,4.9062092010051263e-05,7.526847002070626e-05,9.9346908154532092e-05
705,7.4000000000000004,3416.2273252769819,1.3782626370433697,29.278113421579427,0,0.0029461946371681391,5.3332125577477667e-05,2.2605160791344365e-05,3.5259812782553123e-05,4.8416209075990968e-05,7.427759053987932e-05,9.8039045609340944e-05
706,7.4000000000000004,3518.9625071984383,1.3380246230086803,6.754300399781612,0,0.0045879291456110884,8.3050865087952539e-05,3.5201637640451335e-05,5.490795505939742e-05,7.5395608266142565e-05,0.00011566795968077464,0.00015267022384893449
707,7.4000000000000004,3479.7033764175703,1.3531206464280097,16.208940928144436,0,0.0030244960943440974,5.4749541485552774e-05,2.3205941543345337e-05,3.6196918120331874e-05,4.9702973933193302e-05,7.6251677214744107e-05,0.00010064464404282745
708,7.4000000000000004,3427.9350676120021,1.3735553297268019,29.278481897380189,0,0.0029795000039145635,5.3935020572708384e-05,2.2860701671440892e-05,3.5658408646288029e-05,4.8963531910471918e-05,7.5117264322039644e-05,9.9147331643228726e-05
709,7.4000000000000004,3449.3081407315526,1.3650443190260377,36.731959913120178,0,0.0030121114437366638,5.4525354076786158e-05,2.3110918283580412e-05,3.6048699650212336e-05,4.9499451115800987e-05,7.5939443258713757e-05,0.00010023252621787444
710,7.4000000000000004,3526.3613573759894,1.3352172409181273,6.7765275118350603,0,0.0046400316959802762,8.399402740456963e-05,3.560140298992149e-05,5.5531514055919435e-05,7.6251834104124432e-05,0.00011698153613413681,0.00015440401436214973
711,7.4000000000000004,3554.3591064025372,1.32469971129097,10.776855424846168,0,0.0031259446560174069,5.6585967145473172e-05,2.3984322244927241e-05,3.7411046082732355e-05,5.1370126099743526e-05,7.8809334006921524e-05,0.00010402049709727858
712,7.4000000000000004,3529.2806947610757,1.3341127808465865,22.100405123861613,0,0.0046558029591459689,8.4279519400603077e-05,3.5722410589095507e-05,5.5720263223931369e-05,7.6511010726466197e-05,0.00011737915121799428,0.00015492882679962822
713,7.4000000000000004,3523.7655762075938,1.3362008284169935,36.812295355423025,0,0.0030990486947710446,5.6099095448463795e-05,2.377795857806639e-05,3.7089157451821983e-05,5.0928132055434463e-05,7.813125009100143e-05,0.00010312549364500371
714,7.4000000000000004,3708.1080169146294,1.2697738201255511,3.1546926557370716,0,0.0049169478584855262,8.9006774141274923e-05,3.7726087591604838e-05,5.8845623695255167e-05,8.0802528294940756e-05,0.00012396297078646858,0.00016361881502172562
715,7.4000000000000004,3629.8588423703541,1.2971464419264231,11.062282030833433,0,0.0026739054870772239,4.840313719265338e-05,2.0515977700080607e-05,3.2001078843591623e-05,4.3941552767269544e-05,6.7412809189810452e-05,8.8978215728002574e-05
716,7.4000000000000004,3567.1422659237705,1.3199525365317994,22.300160438507739,0,0.0026276545496610945,4.7565900992697493e-05,2.0161109809191039e-05,3.1447551465007488e-05,4.3181489250878009e-05,6.6246759890778762e-05,8.7439146412754236e-05
717,7.4000000000000004,3546.3356367376477,1.3276968015377375,36.84257106341137,0,0.0026122743453950922,4.7287487959500839e-05,2.0043102673460565e-05,3.1263482457435773e-05,4.2928739084280071e-05,6.5859003935867414e-05,8.6927347046720195e-05
718,7.4000000000000004,3746.8989269954109,1.2566281006815208,7.1779011171518174,0,0.0027670095659434145,5.0088510712523682e-05,2.1230333990920646e-05,3.3115340728634418e-05,4.5471576103591223e-05,6.9760090174023613e-05,9.207639360098647e-05
719,7.4000000000000004,3637.3532712319511,1.2944737920606602,16.765677025893314,0,0.0021488898403320507,3.8899284307608483e-05,1.6487709179419057e-05,2.5717735177628191e-05,3.5313722480600593e-05,5.4176447700315843e-05,7.1507532600854456e-05
720,7.4000000000000004,3566.9816998632823,1.3200119535954837,29.593510394478535,0,0.0021073154472263968,3.8146703087771167e-05,1.6168722840533047e-05,2.5220176293038462e-05,3.4630510827365913e-05,5.3128300470296468e-05,7.012408231198162e-05
721,7.4000000000000004,3495.5427449519862,1.3469892447676375,36.878412009988175,0,0.0025898221563972978,4.688105759403436e-05,1.9870834576841993e-05,3.0994776523810939e-05,4.2559771649808142e-05,6.5292953587372745e-05,8.6180216781321265e-05
722,7.4000000000000004,3738.1857738765634,1.2595571132338663,6.9536828470290653,0,0.0050019444723429585,9.0545386026150967e-05,3.8378238029572463e-05,5.9862856112270455e-05,8.2199317826547609e-05,0.00012610585150511888,0.00016644720483599055
723,7.4000000000000004,3623.0307218193875,1.2995911002685097,16.644407621214469,0,0.0032319061684549315,5.8504086409015571e-05,2.4797329300240667e-05,3.8679184665149464e-05,5.3111441719377737e-05,8.1480768451383729e-05,0.0001075465253574761
724,7.4000000000000004,3510.7227224010603,1.341165011988088,29.657234062183925,0,0.0031317223875388673,5.6690555857694733e-05,2.4028652836125848e-05,3.7480193493831567e-05,5.1465074292846224e-05,7.8954998509458564e-05,0.00010421275977979282
725,7.4000000000000004,3756.1669809496989,1.2535274672174976,6.9356387295052819,0,0.0050500887359171236,9.1416895287073569e-05,3.8747632775440627e-05,6.0439042661103032e-05,8.2990495266629062e-05,0.00012731963414238658,0.00016804927741898614
726,7.4000000000000004,3637.1099560403882,1.2945603897006808,16.516665119025724,0,0.0032600126873038259,5.901287166504869e-05,2.5012981168535051e-05,3.9015561148929195e-05,5.3573329428973985e-05,8.2189372177771019e-05,0.00010848181192971531
727,7.4000000000000004,3503.634847459889,1.3438781970927909,29.548068609624838,0,0.0031403763406794871,5.684721004130317e-05,2.4095051708677086e-05,3.7583763286443954e-05,5.1607288795345218e-05,7.9173176487186514e-05,0.00010450073305078818
728,7.4000000000000004,3506.6113556124897,1.3427374763216262,36.901303459606709,0,0.003152435488831754,5.7065505192445084e-05,2.4187577497553905e-05,3.7728086170207907e-05,5.1805462477033716e-05,7.947720408177028e-05,0.00010490201929331772
729,7.4000000000000004,3797.0568406697594,1.2400284429888466,7.1972580601716549,0,0.0051348784641567606,9.2951762120753996e-05,3.9398195849628315e-05,6.1453799088223145e-05,8.4383884949088274e-05,0.00012945729899206025,0.00017087078280400697
730,7.4000000000000004,3688.0115999634659,1.2766929697624905,16.775550851224139,0,0.0033249421213777681,6.0188226710509802e-05,2.5511162883624737e-05,3.9792631224558986e-05,5.4640345509870597e-05,8.3826331887522571e-05,0.00011064243623751139
731,7.4000000000000004,3679.8515596031912,1.279524025850542,22.588111564828338,0,0.0033284067702321943,6.0250943913730199e-05,2.5537745969294575e-05,3.9834095854364226e-05,5.4697281722161043e-05,8.3913680416953379e-05,0.00011075772762484007
732,7.4000000000000004,3658.091967626895,1.2871350758112234,36.952003847178936,0,0.0033088378351567157,5.9896706318665506e-05,2.5387600110526138e-05,3.9599896464272828e-05,5.4375696162247207e-05,8.3420320837616482e-05,0.00011010654195835771
733,7.4000000000000004,3793.5313943529486,1.2411808398593676,7.5658416951975171,0,0.0051632933384897555,9.3466129239299888e-05,3.9616213625867492e-05,6.1793865944832519e-05,8.4850840010107807e-05,0.00013017367678133524,0.00017181633036748834
734,7.4000000000000004,3712.4691233930671,1.2682821932192945,11.956842493292328,0,0.0028072006882702513,5.0816051912956697e-05,2.1538706958246392e-05,3.3596344743402121e-05,4.6132055814274987e-05,7.0773363258520305e-05,9.3413813479898048e-05
735,7.4000000000000004,3661.9378427618121,1.2857832885892948,23.020544656342473,0,0.0027689912268437844,5.0124382812301881e-05,2.1245538608674561e-05,3.3139057081744309e-05,4.5504141673855871e-05,6.9810050551756165e-05,9.2142336339779974e-05
736,7.4000000000000004,3645.3115099729021,1.2916477697981077,37.056941931522744,0,0.0033077029781417339,5.9876163094510547e-05,2.5378892734246509e-05,3.9586314589749531e-05,5.4357046520497288e-05,8.3391709542348773e-05,0.00011006877788898896
737,7.4000000000000004,3670.0764613150436,1.2829319856700641,7.9342405665674152,0,0.0044402324494127654,8.0377253966116115e-05,3.4068410553620925e-05,5.3140333263180943e-05,7.2968438644435387e-05,0.00011194432425427858,0.000147755394749641
738,7.4000000000000004,3641.6862471274162,1.2929335924504564,17.740222699521318,0,0.002202942311354655,3.9877744160865617e-05,1.690243561440093e-05,2.6364630662620089e-05,3.6201992286365971e-05,5.5539184316435945e-05,7.3306209648538011e-05
739,7.4000000000000004,3587.5219354463916,1.3124542697715944,30.191552229316322,0,0.0027127212945451491,4.9105782392041967e-05,2.0813798338944339e-05,3.2465623204326118e-05,4.4579431278794789e-05,6.8391408708391e-05,9.0269869942120998e-05
740,7.4000000000000004,3655.6809428138104,1.2879839777406088,8.15791349459165,0,0.0049958028397266386,9.043420996269199e-05,3.833111534763495e-05,5.9789353563084225e-05,8.2098389474744799e-05,0.00012595101255898604,0.00016624283279872219
741,7.4000000000000004,3591.1497997688111,1.3111283974784314,18.220348028778208,0,0.0032717436501738173,5.9225225993929167e-05,2.5102988902093461e-05,3.9155956338485495e-05,5.3766109886792658e-05,8.2485125773172741e-05,0.00010887217731472532
742,7.4000000000000004,3482.3088747391284,1.3521082280297716,30.688778525463487,0,0.0031725833184695169,5.7430221958540222e-05,2.434216501964512e-05,3.7969213722352643e-05,5.2136561284920692e-05,7.9985158383642018e-05,0.00010557246854465587
743,7.4000000000000004,3461.5202182802109,1.3602285080441268,37.660200706391073,0,0.003163041356310924,5.7257493002456463e-05,2.4268952752492516e-05,3.785501631154832e-05,5.1979753710486409e-05,7.9744592485781236e-05,0.00010525494544164458
744,7.4000000000000004,3808.6689899128478,1.2362477533611058,8.2609614159801108,0,0.0052355229017548733,9.4773631496572437e-05,4.017040677756842e-05,6.2658303360461516e-05,8.6037822564618473e-05,0.00013199468271807727,0.0001742198774237338
745,7.4000000000000004,3667.1323326827155,1.2839619776228162,18.48837222998754,0,0.0033606412743095774,6.0834454112851029e-05,2.5785070480209737e-05,4.021987572259433e-05,5.5227006564227682e-05,8.4726356288706818e-05,0.00011183037909720669
746,7.4000000000000004,3668.487895494336,1.2834875338852376,23.949465993301388,0,0.0033688246777751289,6.0982590388631998e-05,2.5847858983326778e-05,4.0317814015767241e-05,5.5361488301497477e-05,8.4932671066477607e-05,0.00011210269412197708
747,7.4000000000000004,3590.0811500947957,1.3115186774960628,37.747136827245662,0,0.0032968563340594775,5.9679816737419513e-05,2.5295670081393687e-05,3.9456502854016093e-05,5.4178798491316106e-05,8.3118250831335695e-05,0.00010970783953804866
748,7.4000000000000004,3857.8329012981858,1.2204931116875082,3.3388622368094336,0,0.0053364746069126598,9.6601063041254975e-05,4.0944975266175001e-05,6.3866484985340328e-05,8.7696809653195625e-05,0.00013453981307892136,0.00017757919683238565
749,7.4000000000000004,3813.7023815016619,1.2346161317973363,11.476272908275885,0,0.0052754708278197711,9.5496770349170706e-05,4.0476913781751191e-05,6.3136396822559946e-05,8.6694305716176096e-05,0.00013300182449266755,0.00017554920458225432
750,7.4000000000000004,3772.2958486998723,1.2481678720131795,23.174140409290814,0,0.0034788973029976156,6.2975129169657988e-05,2.6692409224675171e-05,4.1635154054631597e-05,5.7170363780762353e-05,8.7707752278961285e-05,0.00011576552582643633
751,7.4000000000000004,3688.0420552388368,1.2766824270313133,37.486729737824362,0,0.0034011515609048337,6.1567772836815067e-05,2.6095892287647896e-05,4.070469946882491e-05,5.5892731252196524e-05,8.5747675940305888e-05,0.00011317841964587094
752,7.4000000000000004,3936.6668703917771,1.196052050400517,3.4272461478382699,0,0.0036471118447339423,6.6020155099262801e-05,2.7983062841181284e-05,4.364833172256289e-05,5.9934712856543799e-05,9.1948670613519802e-05,0.00012136311701114289
753,7.4000000000000004,3853.2171857282465,1.221955123504409,11.528721504621419,0,0.0035696930048298532,6.4618716362073255e-05,2.73890541147268e-05,4.2721789475006405e-05,5.8662452466164459e-05,8.9996835925504839e-05,0.00011878688899123353
754,7.4000000000000004,3795.1493168445968,1.2406517080046344,22.965057654308339,0,0.0035157599837381723,6.3642418795935876e-05,2.6975244178899795e-05,4.2076323556869362e-05,5.7776145637575381e-05,8.8637110805280911e-05,0.00011699218681916686
755,7.4000000000000004,3694.7956087539469,1.2743488356758597,37.313582297525187,0,0.0034228069784277768,6.1959780015226205e-05,2.62620470246548e-05,4.0963869707598047e-05,5.6248604964405327e-05,8.6293638591736601e-05,0.00011389903614535036
756,7.4000000000000004,4101.1762079137898,1.1480751480490514,3.6097697975932062,0,0.0038162909374897013,6.9082641367517784e-05,2.9281117133328664e-05,4.5673053057003982e-05,6.2714912855150285e-05,9.6213906596604438e-05,0.00012699280507777087
757,7.4000000000000004,3951.921121193328,1.1914353393405022,11.989003183271693,0,0.0036773820896969229,6.6568108206386238e-05,2.8215316252394901e-05,4.4010603500812618e-05,6.0432158100120045e-05,9.2711824830331234e-05,0.00012237040481524538
758,7.4000000000000004,3830.2556795449091,1.2292804648057609,23.241145768993288,0,0.0035641761967645362,6.4518850896019342e-05,2.7346725501471516e-05,4.2655764774164736e-05,5.8571792151549521e-05,8.9857749659650875e-05,0.0001186033089280869
759,7.4000000000000004,3790.4987669727525,1.2421738593088207,37.311912383314805,0,0.0035272906665996515,6.385114764860719e-05,2.706371523129716e-05,4.2214321811913895e-05,5.7965634799346076e-05,8.892781506813756e-05,0.00011737588758648954
760,7.4000000000000004,4063.9629856842648,1.1585879346494812,3.3676565880491389,0,0.0037956247587608233,6.870854142677709e-05,2.9122552492956506e-05,4.5425721945977514e-05,6.2375295771636443e-05,9.5692884006215415e-05,0.00012630510698294345
761,7.4000000000000004,3954.5555231520939,1.1906416421542254,11.485306977726328,0,0.003693516322868926,6.6860170699057354e-05,2.8339108798378466e-05,4.4203696663721134e-05,6.069729958014369e-05,9.3118590883770554e-05,0.00012290729562410997
762,7.4000000000000004,3876.9337151494228,1.214480006113388,22.568983734383725,0,0.0036210793467613025,6.5548913846747749e-05,2.7783324237679686e-05,4.3336776948415401e-05,5.9506908512352496e-05,9.1292355785996875e-05,0.00012049684659442737
763,7.4000000000000004,3857.3368046721098,1.2206500807429779,36.901333344706543,0,0.0036027248579876651,6.5216660204087221e-05,2.7642496417027006e-05,4.3117111950823795e-05,5.9205280522559696e-05,9.0829614056547696e-05,0.00011988607345021161
764,7.4000000000000004,3896.1906447564543,1.2084774363935649,3.0635634618193839,0,0.0036511898020230782,6.6093974434720161e-05,2.8014351636245332e-05,4.3697136376789126e-05,6.0001727856239659e-05,9.2051481486209698e-05,0.0001214988171565504
765,7.4000000000000004,3821.3914588100288,1.2321319427301156,10.754883928654261,0,0.0029842182843409495,5.4020431061559061e-05,2.2896903450628036e-05,3.5714876634652121e-05,4.9041069642949306e-05,7.5236218615534756e-05,9.9304339501461988e-05
766,7.4000000000000004,3751.4819886404521,1.25509291963367,21.46785181890499,0,0.0029295752974562456,5.3031281668067316e-05,2.2477646185997575e-05,3.5060913904855662e-05,4.8143095610897783e-05,7.3858594288039783e-05,9.7486012152740275e-05
767,7.4000000000000004,3688.1244317838973,1.2766539115380258,36.226531352070111,0,0.0034560988460263379,6.2562430648377122e-05,2.6517484330328871e-05,4.136230401465222e-05,5.679570596100868e-05,8.7132972041942955e-05,0.00011500687297484534
768,7.4000000000000004,3775.8025697678077,1.2470086544714165,6.7628197688561356,0,0.0029539310966359643,5.347217125628581e-05,2.2664520043452029e-05,3.5352402087072909e-05,4.854334597128523e-05,7.4472637249057994e-05,9.8296487902206547e-05
769,7.4000000000000004,3677.4204453022548,1.2803699093180174,15.807186827353068,0,0.0023015708916054294,4.1663122411543105e-05,1.76591795467481e-05,2.7545009321510728e-05,3.7822802365254565e-05,5.8025745525588862e-05,7.6588223591406504e-05
770,7.4000000000000004,3538.137449687516,1.330773196075725,21.335493418195341,0,0.0022193650578199958,4.0175029331969763e-05,1.7028441825871513e-05,2.6561176728666778e-05,3.6471875041713124e-05,5.5953224184034561e-05,7.3852701169985406e-05
771,7.4000000000000004,3438.8591320678388,1.3691920201583256,36.138341920296526,0,0.0032355743666519898,5.8570488270053726e-05,2.4825474151572934e-05,3.8723085356585754e-05,5.3171722954229091e-05,8.1573248737737831e-05,0.00010766859015448869
772,7.4000000000000004,3700.2820020139143,1.272459363776395,6.899148484970997,0,0.0052346937304259787,9.4758621806146709e-05,4.016404482477115e-05,6.2648379906846921e-05,8.6024196400239132e-05,0.00013197377817644312,0.00017419228550407379
773,7.4000000000000004,3539.0958371491861,1.3304128225780487,16.182866466705242,0,0.0027814821170714567,5.0350493374649868e-05,2.1341377009322447e-05,3.3288547018817332e-05,4.5709410377144781e-05,7.012496295370848e-05,9.2557989447447398e-05
774,7.4000000000000004,3388.0424666623371,1.3897282954408523,28.970072767519813,0,0.0026627647191636962,4.8201466594961678e-05,2.0430498333969748e-05,3.1867747058267879e-05,4.3758471262143014e-05,6.7131935215314253e-05,8.8607489965414379e-05
775,7.4000000000000004,3639.0012503285998,1.2938875691924259,6.875667719707887,0,0.0050604022415881682,9.1603590752693207e-05,3.8826764836532321e-05,6.0562473840599842e-05,8.3159981980295643e-05,0.00012757965170592437,0.00016839247478962817
776,7.4000000000000004,3492.5535948329152,1.3481420840733369,16.218285158070014,0,0.0032378345640054164,5.8611402447128836e-05,2.4842815885873111e-05,3.8750135210837765e-05,5.3208865845685063e-05,8.1630231399860417e-05,0.00010774380161154017
777,7.4000000000000004,3326.1730049634371,1.4155783463607385,29.16261137263551,0,0.0046253826729812566,8.3728850242030897e-05,3.5489005962192442e-05,5.5356195765037871e-05,7.6011099784900613e-05,0.00011661221425756986,0.00015391654614948827
778,7.4000000000000004,3645.9199801625086,1.29143220577924,6.9497167692132047,0,0.0050700234407997083,9.1777754060874708e-05,3.890058506294868e-05,6.0677619553874446e-05,8.3318091694674671e-05,0.0001278222152781072,0.00016871263462442555
779,7.4000000000000004,3425.7984231459031,1.3744120057572167,16.223469558322627,0,0.0031759479826415403,5.7491129235298036e-05,2.4367980956466785e-05,3.8009481743781038e-05,5.2191854401664587e-05,8.0069986162676322e-05,0.00010568443279170854
780,7.4000000000000004,3256.9558445308203,1.4456623629032177,29.096940687908351,0,0.0045291291545803058,8.1986465449840885e-05,3.4750485080803051e-05,5.4204241649154434e-05,7.4429320220031279e-05,0.00011418553160136877,0.00015071356595207648
781,7.4000000000000004,3464.8549115604701,1.3589193782302755,6.8045756779317879,0,0.0047760612764818997,8.6456439961445856e-05,3.6645112221085512e-05,5.7159504780248063e-05,7.8487272498790848e-05,0.0001204110276396685,0.00015893060268689017
782,7.4000000000000004,3320.514607100451,1.4179905945926266,15.841205008581039,0,0.0030513988103901199,5.5236535458198381e-05,2.3412357037512672e-05,3.6518887592123699e-05,5.0145078982318036e-05,7.6929931428388948e-05,0.00010153987227119266
783,7.4000000000000004,3167.8061495598749,1.4863467837923257,28.688757111308714,0,0.0043666002382478399,7.9044360924069952e-05,3.3503455356225939e-05,5.2259109073954874e-05,7.1758405713985411e-05,0.00011008795564832957,0.00014530517248066918
784,7.4000000000000004,3233.644328701444,1.4560842206064999,6.0165722705370159,0,0.003434031790357121,6.2162971980837402e-05,2.6348171232239172e-05,4.1098207324724546e-05,5.6433067604569586e-05,8.657663143065385e-05,0.00011427255859862419
785,7.4000000000000004,3174.5871720509094,1.4831718982326825,14.615695695053152,0,0.0022475432591274038,4.068511218654946e-05,1.7244643689566807e-05,2.6898411102157899e-05,3.6934940743032901e-05,5.6663635123100599e-05,7.4790373083549657e-05
786,7.4000000000000004,3129.602276427483,1.5044910075444762,27.796423462463011,0,0.003323542299638685,6.0162887085003379e-05,2.5500422522111621e-05,3.9775878274218792e-05,5.4617341577566344e-05,8.3791040469687278e-05,0.00011059585506952215
787,7.4000000000000004,3278.259473209383,1.4362677879998125,6.2642701794631872,0,0.0036310425909886379,6.5729268866605514e-05,2.7859768860489407e-05,4.3456016228037596e-05,5.9670639214153481e-05,9.1543542780172575e-05,0.00012082838849016566
788,7.4000000000000004,3227.7550650282392,1.4587409475677415,14.62658889176188,0,0.0023834021702016082,4.3144435279063572e-05,1.8287043431601936e-05,2.8524359268950584e-05,3.9167574446326735e-05,6.0088823819276927e-05,7.9311282127102157e-05
789,7.4000000000000004,3171.7865927966163,1.4844814883728812,27.320333985902678,0,0.0035131118516059166,6.3594482208976716e-05,2.6954925951484954e-05,4.2044630931396205e-05,5.7732627630530408e-05,8.8570347777565861e-05,0.00011690406625047852
790,7.4000000000000004,3314.6893767631936,1.4204825692215233,6.6292761972601451,0,0.0036713928233209174,6.6459690282311435e-05,2.8169362625386083e-05,4.3938924458138857e-05,6.0333733654764591e-05,9.2560827245209435e-05,0.00012217110299316071
791,7.4000000000000004,3233.3768669864376,1.4562046664434245,14.988052477605741,0,0.0023875533572395554,4.3219580222174391e-05,1.8318894093905066e-05,2.8574040330730015e-05,3.9235792865098953e-05,6.0193480913947179e-05,7.9449419102240154e-05
792,7.4000000000000004,3170.7343778264831,1.4849741167229173,27.340289041138913,0,0.0035119464046964649,6.3573385245407294e-05,2.6945983869230926e-05,4.2030682959555902e-05,5.7713475290585475e-05,8.8540965269280728e-05,0.00011686528425648887
793,7.4000000000000004,3205.4965904607916,1.4688702200113799,6.316915171961428,0,0.0031797981615528719,5.7560825318036228e-05,2.4397522084628551e-05,3.8055560365295121e-05,5.2255126211612003e-05,8.016705443137566e-05,0.00010581255326994517
794,7.4000000000000004,3171.2629906521952,1.4847265887297287,14.839126826158589,0,0.0020972260080773606,3.7964063682718168e-05,1.6091309966522226e-05,2.5099426723071854e-05,3.4464706304766973e-05,5.2873931929795195e-05,6.9788341090941383e-05
795,7.4000000000000004,3157.715433418477,1.4910965162489613,27.654516243918252,0,0.003132400065491201,5.6702823209348623e-05,2.4033852431184503e-05,3.7488303887294612e-05,5.1476210894960851e-05,7.8972083696169016e-05,0.00010423531053011973
796,7.4000000000000004,3142.639867008992,1.4982494594766107,6.4828453825107291,0,0.0031174453597223963,5.6432112565871674e-05,2.3919110002348907e-05,3.7309327210406399e-05,5.1230453146291421e-05,7.8595055139492489e-05,0.00010373767026479382
797,7.4000000000000004,3103.38764885316,1.5171995943902969,15.401470681812789,0,0.0020523385507621905,3.7151509250575368e-05,1.5746903599976349e-05,2.4562217361120452e-05,3.3727049501362486e-05,5.174225782626846e-05,6.8294643621164157e-05
798,7.4000000000000004,3070.3131123997737,1.5335434236528773,28.40681342831995,0,0.0030456984478642178,5.5133347282429805e-05,2.3368620072601616e-05,3.6450666126739053e-05,5.0051402230490024e-05,7.6786217503895882e-05,0.00010135018415805298
799,7.4000000000000004,3114.3943797471493,1.5118375863682814,7.3152774773429936,0,0.0029757051021102451,5.3866325118229982e-05,2.2831584665934281e-05,3.5612991576600794e-05,4.890116849535236e-05,7.5021589664702292e-05,9.9021050593639222e-05
800,7.4000000000000004,3027.8349119055019,1.5550578611674388,16.906120572561047,0,0.0019286668497084014,3.4912799489932848e-05,1.4798012222471466e-05,2.3082124711896196e-05,3.1694693980968542e-05,4.8624325339271183e-05,6.4179282270886444e-05
801,7.4000000000000004,2957.6609915466452,1.5919534035622127,29.788964950843699,0,0.0028259513182053537,5.1155476517746859e-05,2.1682574236828298e-05,3.382075072552085e-05,4.6440193779021627e-05,7.1246092247675971e-05,9.4037768815441778e-05
802,7.4000000000000004,3104.3571572445708,1.5167257643302554,7.7545552313382213,0,0.0021631856739182725,3.915806802217934e-05,1.6597396303543845e-05,2.5888826526944211e-05,3.5548652671258794e-05,5.4536865189421145e-05,7.1983247906049061e-05
803,7.4000000000000004,2952.0898252824491,1.5949577285052212,18.117513178467256,0,0.0013713882552180382,2.482492151742803e-05,1.0522200952195869e-05,1.6412660766248146e-05,2.2536671423995164e-05,3.4574570874311051e-05,4.5635001165662198e-05
804,7.4000000000000004,2767.856907318378,1.7011206286085192,31.062080514075966,0,0.0019287047546685194,3.4913485646939421e-05,1.4798303054484886e-05,2.3082578355311478e-05,3.1695316891095024e-05,4.8625280975084084e-05,6.4180543615288796e-05
805,7.4000000000000004,2933.0112521366809,1.6053325668784213,6.3458872437756275,0,0.0020437880052740702,3.6996726956162303e-05,1.5681298139571856e-05,2.4459885142706795e-05,3.3586534345695607e-05,5.1526686896688029e-05,6.8010111394908957e-05
806,7.4000000000000004,2836.1186431994693,1.6601768382877615,15.946951765290738,0,0.0013175140418759238,2.3849688491374059e-05,1.0108842228457148e-05,1.5767898654374859e-05,2.1651331010951877e-05,3.3216328377769809e-05,4.3842255909669294e-05
807,7.4000000000000004,2726.5622772975216,1.726884627312727,29.436626983867701,0,0.0018999297305504312,3.4392599083505886e-05,1.457752197004526e-05,2.2738201255978874e-05,3.1222443318421923e-05,4.789982331785581e-05,6.3223011527512439e-05
808,7.4000000000000004,3195.3274733212511,1.4735448937200351,5.2816220689373727,0,0.0012445489355022302,2.2528871405223833e-05,9.5490055018109171e-06,1.4894658319897703e-05,2.0452260928862437e-05,3.1376778394699682e-05,4.141423255322982e-05
809,7.4000000000000004,3144.5746360469757,1.4973276283862811,13.811375415790261,0,0.00081652079973549023,1.478069007347475e-05,6.264889540780355e-06,9.7720531320384966e-06,1.3418272254031229e-05,2.0585604516727759e-05,2.7170954327439694e-05
810,7.4000000000000004,3142.6451948529498,1.4982469194382564,27.475023652584252,0,0.0012240297010466124,2.2157431455216804e-05,9.3915683154373879e-06,1.4649085825732204e-05,2.0115058650048508e-05,3.0859460470127283e-05,4.0731424249499863e-05
811,7.4000000000000004,3098.6338614737515,1.5195272150793788,5.8367886578745978,0,0.0012068877152675514,2.1847126587139601e-05,9.2600436225572633e-06,1.444393196330041e-05,1.9833356295089902e-05,3.0427287597135636e-05,4.0160998961086671e-05
812,7.4000000000000004,3088.8262303499723,1.5243520130112307,14.776552169045793,0,0.0008020451589661814,1.4518651482546728e-05,6.1538228166000102e-06,9.5988098652854467e-06,1.3180387206942334e-05,2.0220653842966914e-05,2.6689255668531398e-05
813,7.4000000000000004,3086.0292916400003,1.5257335679965849,28.210442975002813,0,0.0012019783580576775,2.1758257219203559e-05,9.2223757754600946e-06,1.4385177183857456e-05,1.9752678507511535e-05,3.030351599696752e-05,3.9997632736282867e-05
814,7.4000000000000004,3060.7730479153829,1.5383232955748503,6.1923887349540223,0,0.0013784133747329912,2.4952090493788801e-05,1.0576102332033613e-05,1.6496736813277542e-05,2.2652118533608638e-05,3.4751683731772141e-05,4.5868772554642643e-05
815,7.4000000000000004,3062.1240129720272,1.5376446094702576,15.392390088331812,0,0.00091934785286709058,1.6642069237360421e-05,7.053846943803176e-06,1.1002678765749796e-05,1.5108077822299078e-05,2.3178014961230087e-05,3.0592678752792979e-05
816,7.4000000000000004,3012.4297332318351,1.5630102273039508,28.742111603499851,0,0.0013566420540582639,2.4557985232186618e-05,1.040905830911557e-05,1.6236179455207786e-05,2.2294340130121619e-05,3.4202799003591333e-05,4.5144299203942099e-05
817,7.4000000000000004,3262.7924638491686,1.4430763017397761,6.247592781443025,0,0.0014693924380348377,2.6598996902388871e-05,1.1274154092986149e-05,1.7585566688495349e-05,2.414722048471189e-05,3.7045390171388696e-05,4.8896237347368702e-05
818,7.4000000000000004,3179.8465498848432,1.4807187731264533,15.323879190251475,0,0.00095469193465031691,1.7281869128482176e-05,7.3250301988579773e-06,1.1425673801761968e-05,1.5688903824636935e-05,2.4069087533823552e-05,3.1768806087440712e-05
819,7.4000000000000004,3106.8878331192573,1.5154903346956901,28.619882347519628,0,0.0013991810813557518,2.5328028296264026e-05,1.073544596179672e-05,1.6745283001707704e-05,2.2993404072992722e-05,3.5275265979026676e-05,4.6559849142422764e-05
820,7.4000000000000004,3540.0922211016132,1.3300383684950114,5.8690599880347794,0,0.0014434641716263574,2.6129642453548887e-05,1.1075215223228421e-05,1.7275259349052928e-05,2.3721129027082464e-05,3.6391703163951488e-05,4.8033435392289631e-05
821,7.4000000000000004,3324.7661316147678,1.416177347724928,14.493006448989089,0,0.00090377698099048602,1.6360204731941292e-05,6.934376879608642e-06,1.081632786404633e-05,1.4852194324731592e-05,2.2785452015453008e-05,3.0074534636029892e-05
822,7.4000000000000004,3177.9159275769107,1.4816183276648118,27.836507015127097,0,0.0012957876505461645,2.3456396542455878e-05,9.9421429332955271e-06,1.5507879006975005e-05,2.1294290952627859e-05,3.2668576379737456e-05,4.3119277650313004e-05
823,7.4000000000000004,3260.4644116033101,1.4441066939174227,5.2724046578236194,0,0.00078377821840080607,1.4187982640828475e-05,6.0136667239111908e-06,9.3801926373808259e-06,1.2880197938238075e-05,1.9760119323416152e-05,2.6081395822260913e-05
824,7.4000000000000004,3209.5045321152211,1.4670359349742887,13.284578787008892,0,0.00051435203221935743,9.3108197358340716e-06,3.9464501920515038e-06,6.1557224127637482e-06,8.4525900687029325e-06,1.2967517203570248e-05,1.7115835359228149e-05
825,7.4000000000000004,3191.4702148636788,1.4753258420357807,26.625815573682537,0,0.00076719280547369771,1.388775287534595e-05,5.886412427376155e-06,9.1816997926265907e-06,1.260764200803573e-05,1.9341978412156229e-05,2.5529491330311447e-05
826,7.4000000000000004,3026.3070923767291,1.5558429261645268,5.1094665389296399,0,0.00072748948669872624,1.3169041913063874e-05,5.5817822126796465e-06,8.7065337702632061e-06,1.1955178603694114e-05,1.8341003521415048e-05,2.4208303846254705e-05
827,7.4000000000000004,3223.7986752110073,1.4605311796549107,12.855418422679897,0,0.00051664279749997425,9.3522872546711194e-06,3.9640264637785288e-06,6.1831381014301837e-06,8.4902352973552288e-06,1.3025270524885155e-05,1.7192064009906354e-05
828,7.4000000000000004,3245.849819599106,1.4506088524629928,26.076426241312099,0,0.00078026503824065927,1.4124386922095735e-05,5.9867112738512405e-06,9.3381471889384846e-06,1.2822464188061004e-05,1.9671547253486978e-05,2.5964489482941281e-05
829,7.4000000000000004,3222.7257205313244,1.4610174400133549,5.1670978486704477,0,0.0016082509914282612,2.9112619632421119e-05,1.2339569081905184e-05,1.9247414325491387e-05,2.6429148728104441e-05,4.0546203947165065e-05,5.3516963988318058e-05
830,7.4000000000000004,3232.1648305798317,1.4567507317475517,12.8871648348828,0,0.0010753076213557027,1.9465258803024652e-05,8.2504738058541503e-06,1.2869192325018404e-05,1.7671038416730728e-05,2.7109973725375508e-05,3.5782473976496896e-05
831,7.4000000000000004,3268.6747026325152,1.4404793717416382,26.060211885984,0,0.001631181114072138,2.9527701570634697e-05,1.2515504202684681e-05,1.9521840129307666e-05,2.6805970272091487e-05,4.1124303655610735e-05,5.4279998212652815e-05
832,7.4000000000000004,3154.6631929120176,1.4925392012228,5.2740785361095472,0,0.0015742854488983752,2.8497774110452418e-05,1.2078962895006644e-05,1.884091753279721e-05,2.5870976912922845e-05,3.9689886231874981e-05,5.2386709615024439e-05
833,7.4000000000000004,3224.8767168209815,1.4600429397863539,12.995285560197967,0,0.0010728829417118763,1.9421367161373305e-05,8.2318700542469998e-06,1.2840173960372556e-05,1.7631192510049342e-05,2.7048844240071839e-05,3.5701789124522003e-05
834,7.4000000000000004,3284.8810445660624,1.4333725995541688,26.108459901213614,0,0.001639268636170592,2.9674102198320303e-05,1.2577557040312147e-05,1.9618630922240594e-05,2.6938876345534695e-05,4.1328201133167956e-05,5.4549122641118617e-05
835,7.4000000000000004,2966.8106553984117,1.587043808646283,5.3437026262793941,0,0.0014805405708363472,2.6800800819558437e-05,1.1359689967406043e-05,1.7718986616186917e-05,2.4330423020523848e-05,3.7326449824769455e-05,4.9267208187651242e-05
836,7.4000000000000004,3158.765808422083,1.4906006863572818,13.034669724172421,0,0.0010508885301077713,1.9023223499418795e-05,8.0631143296422946e-06,1.2576946668584197e-05,1.726974794786953e-05,2.649433508487713e-05,3.4969892088527767e-05
837,7.4000000000000004,3303.412598688059,1.425331635517108,26.091540577135646,0,0.0016485165191348593,2.9841507721823048e-05,1.2648512936690987e-05,1.9729308817665877e-05,2.7090851177563657e-05,4.1561352892903976e-05,5.4856859817843346e-05
838,7.4000000000000004,2890.6494633677403,1.6288583384961175,5.4170989503578078,0,0.00074765456631456821,1.3534070938907744e-05,5.7365020880523458e-06,8.9478677687132512e-06,1.2286560888624561e-05,1.8849392718793149e-05,2.4879327116487039e-05
839,7.4000000000000004,3111.8806861974267,1.5130588081220389,13.052999466630904,0,0.00053658340668098108,9.7132529083032459e-06,4.1170240529830513e-06,6.4217856563548565e-06,8.8179287535276409e-06,1.3528000516032734e-05,1.7855617689731752e-05
840,7.4000000000000004,3323.7086187067816,1.4166279365090313,26.043091352421399,0,0.00085966353145430796,1.5561661417579502e-05,6.5959092144904088e-06,1.0288381762924743e-05,1.4127257157016258e-05,2.1673291705128315e-05,2.8606593436048711e-05
841,7.4000000000000004,2856.8409438889612,1.6481346265173373,5.5698401319126596,0,0.00041050562896388491,7.4309882578589199e-06,3.149671658285279e-06,4.9128972814109251e-06,6.7460330380244166e-06,1.0349407550277516e-05,1.3660190529558923e-05
842,7.4000000000000004,5844.0879675514625,0.80567891999897567,5.6777585499486154,1,0.0040728305931819805,7.3726531815344534e-05,3.1249459649848265e-05,4.874329835475013e-05,6.6930750277968616e-05,0.00010268162168316383,0.00013552954691000595
843,7.4000000000000004,3030.7915283377133,1.5535408615380093,13.132654485414806,0,0.00043550096313904011,7.8834547324981237e-06,3.3414524527157056e-06,5.2120393653502445e-06,7.1567931792864316e-06,1.0979574061969418e-05,1.4491947765249971e-05
844,7.4000000000000004,3338.9174546696113,1.410175167849957,26.020292004529352,0,0.00086359723417407338,1.5632869451423678e-05,6.6260911927493592e-06,1.0335459990442824e-05,1.4191901553187592e-05,2.1772465723110099e-05,2.8737493294290039e-05
845,7.4000000000000004,3217.561881603252,1.4633622150352343,26.257797122472262,1,0.0039879164411915297,7.218941265827056e-05,3.0597941914058142e-05,4.7727052834511714e-05,6.5535315881199834e-05,0.0001005408199408016,0.00013270390113805108
846,7.5,5969.0385108207302,1.1142287608251882,6.4368541916735378,1,0.012657249399316265,0.00018849146176221171,8.3287492072851003e-05,0.00012584317487675768,0.00018973655892734519,0.00026164115475736026,0.0003548313635069162
847,7.5,3282.1614350979871,2.0263702790813674,20.039380529091375,1,0.0092796934888912108,0.00013819297820906256,6.1062429403995494e-05,9.2262232787190652e-05,0.00013910582425418752,0.00019182285531633828,0.00026014548577729625
848,7.5,3738.7863660411535,1.7788859089779836,31.609183943630423,1,0.010570714507305005,0.00015741883299388656,6.9557632385682135e-05,0.00010509805348284615,0.00015845867713784346,0.00021850987233063961,0.0002963377684627113
849,7.5,3729.2922441201213,1.7834146395246633,40.350781374716746,1,0.010543871665136669,0.00015701909001667738,6.9381000565151772e-05,0.00010483117176355558,0.00015805629362273906,0.00021795499725467941,0.00029558526039508121
850,7.5,6169.6382424632166,1.0780007063387012,6.7445145171383132,0,0.0042186818891008036,6.2824511937746488e-05,2.7759857083589081e-05,4.1943735638819068e-05,6.3239504855639304e-05,8.7205424037699826e-05,0.00011826587275687509
851,7.5,3271.2197729047734,2.0331481358477408,20.616344504853501,0,0.0044504812953639694,6.6276463269646224e-05,2.9285148290435166e-05,4.4248373265717686e-05,6.6714258359994733e-05,9.1997007296700889e-05,0.00012476410130476923
852,7.5,3072.2127633493496,2.1648482366106623,31.898225334961474,0,0.0041797330622404365,6.224448691989146e-05,2.7503565214318109e-05,4.1556491627486049e-05,6.2655648430787447e-05,8.6400303137044938e-05,0.00011717398739490969
853,7.5,3118.2998984930714,2.1328527081194677,40.274611253277349,0,0.004242434423553103,6.3178234124789201e-05,2.7916153997910203e-05,4.2179892346532235e-05,6.3595563586142466e-05,8.7696418593187465e-05,0.00011893174761803645
854,7.5,6611.2020735966926,1.0060007709931236,6.8339354541719253,0,0.0045422412413204877,6.7642950236830425e-05,2.9888948968635564e-05,4.516068545625663e-05,6.8089771778738728e-05,9.3893799993369513e-05,0.00012733648537589538
855,7.5,3797.3698353465484,1.7514423592145718,21.160048726351825,0,0.0052179829576056947,7.7706080057373021e-05,3.4335478468278604e-05,5.1879165932638278e-05,7.8219374500996814e-05,0.00010786222531144319,0.00014628012368177694
856,7.5,4003.3867371050665,1.661311989068285,31.368595755631421,0,0.0055010717082321038,8.1921831104902554e-05,3.6198264870748003e-05,5.4693741677084501e-05,8.2462973068138718e-05,0.0001137140233819397,0.0001542161897423591
857,7.5,4563.9006915416257,1.4572785064223277,39.604845640386849,0,0.0062712764521909532,9.3391702122284562e-05,4.1266381922341389e-05,6.235140940781261e-05,9.4008609341700902e-05,0.00012963511747208825,0.000175807989892333
858,7.5,3407.634054676706,1.9517572240780416,6.7215722972365999,0,0.0023412226348815918,3.4865432673187811e-05,1.5405761195952525e-05,2.3277323545725745e-05,3.5095739398896706e-05,4.8395996192314844e-05,6.563347166511281e-05
859,7.5,3665.3629667844325,1.8145199925627886,20.999436482374524,0,0.005036591726224315,7.5004806085812441e-05,3.3141884167562888e-05,5.0075705502043427e-05,7.5500257023248759e-05,0.00010411264199012162,0.00014119503007820693
860,7.5,6453.7466690041001,1.0305446935455755,30.864260137434336,0,0.0066780704641215688,9.9449669025351072e-05,4.3943176222198091e-05,6.6395909785988588e-05,0.00010010659268554919,0.00013804405780912981,0.00018721199003217273
861,7.5,4407.1137783468585,1.50912245921738,39.461838584207896,0,0.0060558348501086956,9.018335082732856e-05,3.9848728674033142e-05,6.0209407275182511e-05,9.0779064996063686e-05,0.00012518167045739778,0.00016976833348585568
862,7.5,3533.7875186365522,1.8820810102911134,6.1666206205301499,0,0.0048952059004965711,7.2899291678762883e-05,3.2211534257561978e-05,4.866999398994251e-05,7.3380834452960105e-05,0.0001011900203728429,0.00013723144180236582
863,7.5,3680.5205235367744,1.8070472208204105,19.495252212097402,0,0.0050984689058688627,7.5926279596601735e-05,3.3549049654040069e-05,5.0690911894303501e-05,7.6427817409514037e-05,0.00010539172058173116,0.00014292968532047647
864,7.5,6584.0147493299337,1.0101548426674589,29.514187621863904,0,0.0045602781265003363,6.7911555108704914e-05,3.0007635650397301e-05,4.5340015010752281e-05,6.8360150944055394e-05,9.4266644939202407e-05,0.00012784212861321115
865,7.5,3951.3274028970418,1.6832000249721928,39.5601859139556,0,0.0054736061847086848,8.1512815171529753e-05,3.6017535669594948e-05,5.4420669023556312e-05,8.2051255343531574e-05,0.00011314627670460308,0.00015344622552234679
866,7.5,3624.1648736075986,1.8351467483346409,6.0768203765602511,0,0.0050204018153591143,7.4763706312196029e-05,3.3035350984064232e-05,4.9914739266807625e-05,7.5257564643570318e-05,0.00010377797631035563,0.00014074116463192243
867,7.5,3389.2867977992123,1.9623226891121355,18.102366796649751,0,0.004695035183514165,6.9918354047239094e-05,3.0894366800563805e-05,4.6679820789769679e-05,7.0380205971995441e-05,9.7052241627429645e-05,0.00013161988701662693
868,7.5,3358.7467207027125,1.98016550108849,28.589557738204952,0,0.0023263646553091538,3.4644167989204167e-05,1.5307992414061819e-05,2.3129599876651911e-05,3.4873013131304993e-05,4.8088863196033367e-05,6.5216945373789919e-05
869,7.5,3956.0087904396332,1.681208191271611,39.01401131811545,0,0.005480091112226298,8.1609388560316962e-05,3.6060207922639545e-05,5.4485144632902068e-05,8.2148466656453294e-05,0.0001132803282564606,0.00015362802297301902
870,7.5,3491.5678723389424,1.9048389223418707,5.5607126072106983,0,0.0048801588235433072,7.2675210961010533e-05,3.2112521173207943e-05,4.8520390242977083e-05,7.3155273550037426e-05,0.00010087897849750563,0.0001368096143844429
871,7.5,3569.5229682860036,1.8632389936471523,16.463323561124998,0,0.0049891165363061332,7.4297806668893301e-05,3.2829486949239822e-05,4.9603689154834232e-05,7.4788587458612967e-05,0.00010313127051511623,0.00013986411797874807
872,7.5,3483.3819405130557,1.9093152852052808,26.227481114202376,0,0.0048687173597397526,7.2504824949880186e-05,3.203723381844571e-05,4.8406634869684476e-05,7.298376203891121e-05,0.00010064246914960274,0.00013648886616546971
873,7.5,3803.5498100852037,1.7485966308616905,37.774870160288074,0,0.0053162154783030057,7.9168956456081191e-05,3.4981870115528236e-05,5.285583091652998e-05,7.9691914060253167e-05,0.00010989281421264309,0.00014903395890774877
874,7.5,6489.8023681145405,1.0248192481032152,3.9320726744210708,0,0.0068743178619928283,0.00010237218068051229,4.523452737432148e-05,6.8347075859302714e-05,0.00010304840925215251,0.00014210073664805173,0.00019271355909939084
875,7.5,6260.1870019536354,1.0624082605126735,12.538888664351246,0,0.0066310979727796969,9.8750155783862713e-05,4.3634086871356228e-05,6.592889145871667e-05,9.9402458746943801e-05,0.00013707307774159781,0.0001858951705065139
876,7.5,6504.5494688683812,1.0224957800784755,21.987066640413651,0,0.0068899387164309857,0.00010260480607913815,4.5337316041048668e-05,6.8502384319677335e-05,0.00010328257127860045,0.00014242363922068469,0.00019315147170619575
877,7.5,3718.1766358656873,1.788746214764247,36.507648853915725,0,0.0052513007561023227,7.8202247932651468e-05,3.4554716929229106e-05,5.2210424123927943e-05,7.8718819857436282e-05,0.00010855094582232303,0.00014721414966930671
878,7.5,6287.5787922314721,1.0577798868217767,3.5647697816914858,0,0.0044678194046354463,6.6534661987050826e-05,2.9399236872634105e-05,4.4420755325061535e-05,6.6974162632059877e-05,9.2355407671694179e-05,0.00012525015516681625
879,7.5,5966.1078670235383,1.1147760871021088,11.651577959066035,0,0.004237329440492741,6.3102210836556377e-05,2.7882562083683175e-05,4.2129136668442903e-05,6.3519038119297526e-05,8.759089221689579e-05,0.00011878863531592082
880,7.5,3647.1150223820491,1.8235987465198473,20.666202281457899,0,0.0025754690739924853,3.8353825160973537e-05,1.6947154418527091e-05,2.5606290501443815e-05,3.8607174774444074e-05,5.3238162676771143e-05,7.2200299951742623e-05
881,7.5,4050.7965840145571,1.6418682709162937,35.152852447051224,0,0.0057210706342625626,8.5198049961413187e-05,3.7645906315562024e-05,5.6881054453164071e-05,8.5760833280562558e-05,0.00011826167597501397,0.00016038360546047413
882,7.5,6036.0845419593898,1.1018524238679155,3.7533044715078074,0,0.0043169912897858429,6.4288533231432227e-05,2.8406754618110622e-05,4.2921164992712104e-05,6.4713196872579141e-05,8.9237602144273841e-05,0.00012102186322448054
883,7.5,5315.0971005119973,1.2513175690786416,12.627413066866783,0,0.0038013430275494402,5.6609511380971239e-05,2.5013675348003662e-05,3.7794394365673877e-05,5.6983450558274432e-05,7.8578508487839568e-05,0.00010656625994078459
884,7.5,4670.4775262386156,1.4240244912570883,22.708795609802202,0,0.0050104692851189727,7.461579130436954e-05,3.2969992744881251e-05,4.98159862833951e-05,7.5108672569964809e-05,0.00010357265850395818,0.00014046271762207103
885,7.5,5408.9640479064892,1.2296022536522118,36.284687014443222,0,0.005802714620527144,8.6413890293668649e-05,3.8183141748338961e-05,5.769278993509937e-05,8.6984704954592306e-05,0.000119949359149402,0.00016267240028899083
886,7.5,6092.2806235103399,1.0916887770342745,3.9478122313804138,0,0.0043831897252358592,6.5274358782520687e-05,2.8842354920659468e-05,4.3579334949397486e-05,6.5705534382286314e-05,9.0606006490893455e-05,0.0001228776598807448
887,7.5,5439.9331519879015,1.2226022264261089,13.703698562034216,0,0.0039140014808856727,5.8287218430842871e-05,2.5754992813051637e-05,3.8914487444135491e-05,5.8672239851724585e-05,8.0907299435552298e-05,0.00010972450952145851
888,7.5,5122.3801982309269,1.2983953017635368,25.003317016205436,0,0.0036872158769377904,5.490993252565469e-05,2.4262693531023875e-05,3.6659698941770498e-05,5.5272644983217417e-05,7.6219357732951846e-05,0.00010336683712883633
889,7.5,5282.1913444785987,1.2591127336160732,37.697430685551637,0,0.003801238685120183,5.6607957515957279e-05,2.5012988751810804e-05,3.7793356953661374e-05,5.6981886429066517e-05,7.8576351599496792e-05,0.00010656333482133116
890,7.5,6280.4066484922769,1.0589878578684504,3.8315332066910148,0,0.0045629720398602551,6.7951672803399243e-05,3.002536219433514e-05,4.5366798919274566e-05,6.8400533639760753e-05,9.4322331493213382e-05,0.00012791764936187565
891,7.5,6109.6641727473807,1.0885826446724092,13.526767162132867,0,0.0044403178034610928,6.6125108786144841e-05,2.9218270272582486e-05,4.4147323973842209e-05,6.6561904090950937e-05,9.1786915224249569e-05,0.00012447917955154186
892,7.5,6167.6355378526914,1.0783507459886583,25.131175247870964,0,0.0044823729415097635,6.6751392917500726e-05,2.9495002354439111e-05,4.4565452109344616e-05,6.7192325198004447e-05,9.2656247457138075e-05,0.00012565814675883158
893,7.5,5814.8342234818147,1.1437771271916313,37.885941292429109,0,0.0042251862470537686,6.292137468412211e-05,2.7802657193182862e-05,4.200840443292375e-05,6.3337007437526798e-05,8.7339877240925868e-05,0.00011844821491735369
894,7.5,6426.8236686595592,1.0348618113894481,3.5549820279515987,0,0.0047046171532431598,7.0061048516139815e-05,3.0957418274282027e-05,4.6775088367600203e-05,7.0523843021939612e-05,9.7250312910190318e-05,0.00013188850646756424
895,7.5,6406.2743684991301,1.0381813204775032,12.413691010677887,0,0.0046888159288409233,6.9825737052231141e-05,3.0853442733418168e-05,4.661798660062191e-05,7.0286977187165032e-05,9.6923681865106797e-05,0.00013144553739720467
896,7.5,6261.7234259619318,1.0621475799544589,23.578025474299636,0,0.0045825648960681571,6.8243449159399931e-05,3.01542875085656e-05,4.5561598527966751e-05,6.8694237350509028e-05,9.4727340303698499e-05,0.00012846691244929024
897,7.5,5812.057107862569,1.1443236464817743,37.169316491573355,0,0.0042538799814623024,6.3348681105244962e-05,2.7991468292790362e-05,4.2293688424976201e-05,6.3767136469332431e-05,8.7933012571367829e-05,0.00011925261061053134
898,7.5,3274.6718685417154,2.0310048304752417,3.4132660952658873,0,0.0024049716450179645,3.5814781439843863e-05,1.5825243739819603e-05,2.3911140386788002e-05,3.6051359173517979e-05,4.9713767858220411e-05,6.7420601512623539e-05
899,7.5,6132.4570819195433,1.0845366374986181,11.252779839603971,0,0.0045226338417895182,6.735095730200306e-05,2.97599279561324e-05,4.4965741252329706e-05,6.7795850058533015e-05,9.3488490554231117e-05,0.00012678681458322107
900,7.5,6030.3321867931036,1.1029034847857206,21.518111552217025,0,0.004448012183907492,6.6239693319635563e-05,2.9268900992592598e-05,4.4223824422994838e-05,6.6677245522799193e-05,9.1945967678825282e-05,0.0001246948826177455
901,7.5,6078.7850326521293,1.0941124496925798,36.092282284059287,0,0.0044847082687334179,6.6786170555847922e-05,2.9510369322529204e-05,4.4588670818475577e-05,6.7227332563144095e-05,9.2704521587816597e-05,0.00012572361495945413
902,7.5,6423.6552864107871,1.0353722431680765,3.2710003175761373,0,0.0071786218240298917,0.00010690386815974432,4.7236914545997831e-05,7.1372581283284412e-05,0.00010761003119727977,0.00014839107963749446,0.00020124436910112794
903,7.5,6078.5126401895131,1.0941614794474213,10.588638249486213,0,0.0045290507431788342,6.7446517647280093e-05,2.9802152582252497e-05,4.5029540520103182e-05,6.7892041636195271e-05,9.3621135921047966e-05,0.00012696670499997965
904,7.5,6048.6649568599041,1.0995607180534488,20.030183086292503,0,0.0045061412002889486,6.7105349270851338e-05,2.9651402738298482e-05,4.4801765154280478e-05,6.7548619641621933e-05,9.314756705410309e-05,0.00012632446243333027
905,7.5,6364.5327477158062,1.0449902053872799,35.162545154382428,0,0.0047413053787949619,7.0607408712225898e-05,3.1198834888461861e-05,4.7139856623196297e-05,7.1073812249039243e-05,9.8008704358168783e-05,0.00013291701848360294
906,7.5,5974.5548263551,1.1131999917200714,3.0950837958084962,0,0.0044778537467270356,6.6684093174585764e-05,2.9465265056249945e-05,4.4520520560522037e-05,6.7124580900634157e-05,9.2562830056230238e-05,0.00012553145635429587
907,7.5,5852.0273907284891,1.1365077329895539,10.128502266999298,0,0.004386020973801895,6.5316521669889641e-05,2.8860985160537076e-05,4.3607484296635168e-05,6.5747975780368947e-05,9.0664531935154884e-05,0.00012295703066324417
908,7.5,5679.1183114941377,1.171110376371048,19.348826556384672,0,0.0042564277922518285,6.3386623043881115e-05,2.8008233449598225e-05,4.2319019726321697e-05,6.3805329036828874e-05,8.7985679002757807e-05,0.00011932403554243274
909,7.5,5826.8614929321902,1.1414162480602847,34.765408085193876,0,0.0043671594497198306,6.5035636294787249e-05,2.8736872172959248e-05,4.3419955869358572e-05,6.5465234991864818e-05,9.0274640673189099e-05,0.00012242826962704153
910,7.5,5563.7910386721733,1.1953853653024455,2.9040469240015172,0,0.00419504691861451,6.2472540510533488e-05,2.760433376608808e-05,4.1708747796652171e-05,6.288520844976608e-05,8.671685967623405e-05,0.00011760329366567457
911,7.5,5631.5109114273419,1.1810106537721161,9.7136442631423172,0,0.0042464324209182044,6.3237772207961533e-05,2.7942461702163163e-05,4.2219641952919896e-05,6.3655494953434317e-05,8.7779062192465724e-05,0.00011904382685512825
912,7.5,5595.076122821798,1.1887013218821649,19.326644946529175,0,0.0042195384098688282,6.2837267224973698e-05,2.7765493179112406e-05,4.1952251493203827e-05,6.3252344399054126e-05,8.7223129391821369e-05,0.00011828988432703556
913,7.5,5484.4020294992633,1.2126890675512436,34.96704760738838,0,0.004135494784341472,6.1585691520989926e-05,2.7212467590846644e-05,4.111665788744876e-05,6.1992501300110349e-05,8.5485842676576547e-05,0.0001159338183841817
914,7.5,5562.8132660014417,1.1955954775397788,2.7702698843016114,0,0.0042477397347249505,6.3257240694568803e-05,2.7951064115284768e-05,4.223263976269759e-05,6.3675092040866562e-05,8.7806086001765543e-05,0.00011908047588731089
915,7.5,5676.4511205647177,1.1716606453519416,9.390448751878111,0,0.004334382028398559,6.4547515703754566e-05,2.8521189512980108e-05,4.3094070312930741e-05,6.4973890076725055e-05,8.9597090433487795e-05,0.00012150939248930452
916,7.5,5699.7704627096946,1.1668670566196373,19.389487063712636,0,0.0043518474078121892,6.4807609725136867e-05,2.8636115560778504e-05,4.3267717740306009e-05,6.5235702172367391e-05,8.9958121641287532e-05,0.00012199901422274675
917,7.5,5518.0834270990981,1.2052870296537053,35.21930819613614,0,0.0042134178338858862,6.2746119750711733e-05,2.7725218439508387e-05,4.1891398405027382e-05,6.3160594842020081e-05,8.7096609441282698e-05,0.00011811830105068862
918,7.5,5708.0299078349399,1.1651786151471464,2.7054128283733374,0,0.0043870702577313066,6.5332147581603856e-05,2.8867889680168156e-05,4.3617916675492409e-05,6.5763704910436893e-05,9.0686221944595208e-05,0.00012298644612592749
919,7.5,5609.2648580915156,1.1856944807367304,9.1898563206947763,0,0.0043111615433011332,6.4201716783249933e-05,2.8368393600735219e-05,4.286320344172914e-05,6.4625806950603884e-05,8.9117094002727349e-05,0.00012085843301711012
920,7.5,5627.7044848328833,1.1818094573292277,19.192625121731652,0,0.0043253338478172112,6.4412770410345171e-05,2.8461650489558208e-05,4.3004109869291498e-05,6.4838254711260037e-05,8.9410053239144063e-05,0.0001212557372004145
921,7.5,5586.6242338887569,1.1904996836703381,35.158181629410208,0,0.0042937604415794924,6.3942579983752084e-05,2.825389051432386e-05,4.269019508755047e-05,6.4364958399860527e-05,8.875739149510778e-05,0.00012037061323450034
922,7.5,6051.3673122892096,1.0990696878906874,2.6788059279679564,0,0.0046766756084614183,6.9644943685331226e-05,3.0773556748282688e-05,4.6497282930149834e-05,7.0104989573552297e-05,9.6672726278864698e-05,0.00013110519754154038
923,7.5,5625.0177809305833,1.1823739305814802,9.2716778955579073,0,0.0043466713441678781,6.4730527906511784e-05,2.860205592063525e-05,4.3216255352087647e-05,6.515811118291326e-05,8.985112594054165e-05,0.00012185390925858222
924,7.5,5634.9407543140287,1.1802918030926584,19.478770297142837,0,0.0043540456829210261,6.4840346386598437e-05,2.8650580695732004e-05,4.3289573825322672e-05,6.526865507876654e-05,9.0003562733566354e-05,0.00012206064032567194
925,7.5,5620.1251157188108,1.1834032599430782,35.33589832955289,0,0.004342375125821675,6.4666548723469922e-05,2.8573785856566516e-05,4.3173540719579953e-05,6.5093709379670519e-05,8.9762317741087902e-05,0.0001217334697408313
926,7.5,6188.0328548661291,1.0747962299520619,2.6992694444699294,0,0.004830744075706524,7.1939327692970527e-05,3.1787361236092355e-05,4.8029090075197257e-05,7.2414529339425593e-05,9.9857513937697077e-05,0.00013542432901958128
927,7.5,5729.2512079339322,1.1608627623134071,9.6931229481958177,0,0.0044729918047025441,6.6611689247769796e-05,2.9433272405631449e-05,4.4472181288605517e-05,6.7051698703220775e-05,9.2462327641723021e-05,0.00012539515742682628
928,7.5,5560.0566886130473,1.1961882325499573,20.645633013262803,0,0.0043404729001804108,6.4638220823749233e-05,2.8561268792390936e-05,4.3154628070672084e-05,6.5065194357481242e-05,8.9722996361087581e-05,0.00012168014304269229
929,7.5,5433.8411114447208,1.2239729220682549,36.101779509536911,0,0.0042417087047123062,6.3167426736800343e-05,2.7911378607910916e-05,4.2172676974525837e-05,6.3584684808988168e-05,8.7681417078281271e-05,0.00011891140292878536
930,7.5,5959.0646741999681,1.1160936735633802,2.7536819411193356,0,0.0046985090468102042,6.9970086738124356e-05,3.0917225587066553e-05,4.6714359256419867e-05,7.0432280387785194e-05,9.7124050720825096e-05,0.00013171727276064464
931,7.5,5696.13156744357,1.1676124935812409,10.323683882636148,0,0.0044915127157545776,6.6887502221602357e-05,2.9555144084363758e-05,4.4656323211930805e-05,6.7329333584255994e-05,9.2845178006911697e-05,0.00012591436977025521
932,7.5,5378.6656479008925,1.2365286891973322,22.067826833741748,0,0.0042410168688973814,6.3157123934039604e-05,2.7906826175693346e-05,4.2165798480415712e-05,6.3574313950144729e-05,8.7667115967841815e-05,0.00011889200811101826
933,7.5,5093.8365554720258,1.3056709438556573,36.947824892224943,0,0.0040160204269623877,5.980648218766503e-05,2.6426299974235014e-05,3.9928798505476199e-05,6.0201539240819019e-05,8.3016158478819822e-05,0.00011258449280834031
934,7.5,5492.9358680588011,1.210805030858666,2.8315750703241207,0,0.0043733368120391801,6.5127629429841691e-05,2.8777520579178671e-05,4.3481373548832674e-05,6.555783579577914e-05,9.0402334468230895e-05,0.00012260144484272224
935,7.5,5332.2137953509455,1.2473007719661164,10.731556518663183,0,0.0042453931992736766,6.322229614355827e-05,2.7935623394585433e-05,4.2209309617115944e-05,6.3639916660507081e-05,8.775758018302236e-05,0.00011901469347697632
936,7.5,5070.7214615171815,1.3116228989709957,22.612486533432815,0,0.0040375219736796721,6.0126682718051065e-05,2.6567784892898829e-05,4.0142575039247444e-05,6.0523854884372151e-05,8.3460622306204266e-05,0.00011318726382900249
937,7.5,4745.039500590784,1.4016478434798147,37.162505085093755,0,0.0037783860945270892,5.6267637271799155e-05,2.4862613666528119e-05,3.7566147829177426e-05,5.6639318169177187e-05,7.8103960007663473e-05,0.00010592268884652316
938,7.5,4928.4537618972208,1.349484991550238,2.8419052891062209,0,0.0039447562959909546,5.8745218417454046e-05,2.5957366278128618e-05,3.922026348231685e-05,5.9133265198103404e-05,8.1543039878411054e-05,0.00011058668523072435
939,7.5,4826.5240626734994,1.3779843002679593,10.540601692590798,0,0.0038631713116963162,5.7530256741153802e-05,2.5420519091324314e-05,3.8409114620348285e-05,5.791027798406918e-05,7.9856576348438785e-05,0.00010829954445426776
940,7.5,4726.0004715800078,1.407294481501834,22.084642321091188,0,0.0037827117825986905,5.6332055317301801e-05,2.4891077647888285e-05,3.760915546087395e-05,5.670416173382584e-05,7.8193377383150691e-05,0.00010604395451397813
941,7.5,4523.2266017831262,1.4703827530125801,36.835945917606615,0,0.0036204106759660532,5.3915071036620489e-05,2.3823100577545426e-05,3.5995496292100234e-05,5.4271211847870344e-05,7.4838410785111253e-05,0.00010149403050218998
942,7.5,4667.4589657715042,1.4249454429065898,2.9420028608089135,0,0.0037570632623779195,5.5950098154577969e-05,2.4722304729130501e-05,3.7354148143435224e-05,5.6319681518990975e-05,7.7663190433627314e-05,0.00010532492788230232
943,7.5,4621.4301704205882,1.4391376993638152,10.45941908359354,0,0.0037200644927127061,5.5399113342824461e-05,2.4478844666206941e-05,3.6986292340463064e-05,5.5765057127912595e-05,7.6898379650936171e-05,0.00010428771012082761
944,7.5,4576.2139277226906,1.4533574016150408,21.666016831776226,0,0.0036836253369207507,5.4856462287771565e-05,2.4239066985968787e-05,3.662400043090046e-05,5.5218821542908117e-05,7.6145136785997009e-05,0.00010326618048774644
945,7.5,4523.0499514154171,1.4704401796730819,36.598600608991603,0,0.0036412297261978364,5.4225107845320941e-05,2.3960094518838673e-05,3.6202487186917222e-05,5.4583296632367638e-05,7.5268766557660824e-05,0.00010207766852239535
946,7.5,4662.8694542515314,1.4263479705968276,3.3080649520178378,0,0.0037865686970019077,5.638949239630835e-05,2.491645699514212e-05,3.7647502366936726e-05,5.676197821858147e-05,7.8273104621385598e-05,0.00010615207865323202
947,7.5,4548.6455906075425,1.4621658800947119,11.101143999947499,0,0.0036936125061643216,5.500519097835808e-05,2.4304784761842671e-05,3.6723296656011612e-05,5.536853267412771e-05,7.6351584048842778e-05,0.00010354615923893245
948,7.5,4483.1355868050377,1.4835318393681325,22.01066997873756,0,0.0036403864566128216,5.4212549894400917e-05,2.3954545619021546e-05,3.6194103080820605e-05,5.457065572878258e-05,7.5251335122043615e-05,0.00010205402843384097
949,7.5,4568.5098134681875,1.4558082733285393,36.667590930807904,0,0.0037098428859396455,5.5246893414036713e-05,2.4411584239693656e-05,3.6884665248503163e-05,5.5611831696806389e-05,7.6687086271529138e-05,0.00010400115918435696
950,7.5,4445.1353146300589,1.4962141560325302,3.4336005298202577,0,0.003633824982922139,5.4114836581796219e-05,2.3911369675279102e-05,3.6128866420385487e-05,5.4472296962174912e-05,7.5115701265177927e-05,0.00010187008509964346
951,7.5,4330.3640259271051,1.5358695812659069,11.442688827404833,0,0.0035402271771859937,5.2720980249796112e-05,2.3295475474465887e-05,3.5198281530751346e-05,5.3069233387834208e-05,7.3180917711265894e-05,9.9246178752944946e-05
952,7.5,4282.1401873618543,1.5531659619315472,22.333110263244887,0,0.0035008852200701726,5.2135100745379617e-05,2.303659672142564e-05,3.4807128869290185e-05,5.2479483804087657e-05,7.2367670317187208e-05,9.8143272438466262e-05
953,7.5,4364.4618349318625,1.5238704414821493,36.77402196566031,0,0.0035680285301105245,5.3134997346748865e-05,2.3478414507131345e-05,3.5474693127577523e-05,5.3485985311653462e-05,7.3755606401794814e-05,0.00010002555756222094
954,7.5,3969.3682958161462,1.6755498325110989,3.1997507732103436,0,0.003267219236087394,4.8655352381773955e-05,2.1499023021589096e-05,3.2483933018643289e-05,4.8976749652253725e-05,6.7537502565252761e-05,9.1592716540731222e-05
955,7.5,3997.4428806584392,1.6637822182299977,11.129226199138319,0,0.0027420761960725878,4.0834934522899375e-05,1.8043466020025334e-05,2.7262761709222356e-05,4.1104673325588561e-05,5.6682139992584586e-05,7.6870938131696595e-05
956,7.5,3991.9964868584029,1.666052163403499,22.308151091923488,0,0.0027383694316287679,4.0779733473573324e-05,1.801907469261361e-05,2.7225907651013174e-05,4.1049107640806953e-05,5.6605516541556833e-05,7.6767023273080422e-05
957,7.5,3959.9448436007051,1.6795371263762582,36.828675665995505,0,0.003259505104974865,4.8540473721825574e-05,2.1448262337840665e-05,3.2407236200875865e-05,4.8861112151069253e-05,6.7378041839738357e-05,9.1376459787421326e-05
958,7.5,3781.7280394373956,1.7586865882135339,6.9930913587588241,0,0.0026023600481398712,3.8754284918488029e-05,1.7124102958093091e-05,2.587365076712829e-05,3.9010279804610018e-05,5.3794032700858087e-05,7.2954157343796663e-05
959,7.5,3831.9034115886743,1.7356581491891556,16.601417521004436,0,0.0021095102011899863,3.1414776534787821e-05,1.3881042287805458e-05,2.09735506331254e-05,3.1622289643557229e-05,4.360621076500195e-05,5.9137681292779651e-05
960,7.5,3790.1010067304151,1.7548013552723447,29.5724494136159,0,0.0026081218256501807,3.8840089174294631e-05,1.7162016724629239e-05,2.5930936544784691e-05,3.9096650848082554e-05,5.3913135838806353e-05,7.3115682119496907e-05
961,7.5,3733.7937606632768,1.7812645286675228,7.1148631431580673,0,0.0046561182872915767,6.9338804539694407e-05,3.0638285041930381e-05,4.6292894244949889e-05,6.9796828198479707e-05,9.6247780772940958e-05,0.00013052889679320096
962,7.5,3709.7933093650854,1.7927883923991108,16.813555478275571,0,0.0030841261510452349,4.5928734445335588e-05,2.0294230148513023e-05,3.066355211337882e-05,4.6232120797807067e-05,6.375273980304426e-05,8.6459913435997691e-05
963,7.5,3607.7915598063155,1.8434752321408121,29.791826076916923,0,0.0044989909285633161,6.6998867591693283e-05,2.9604352373651362e-05,4.4730674440429666e-05,6.7441434588233463e-05,9.2999762006410467e-05,0.00012612401282648377
964,7.5,3674.6939712147828,1.8099124540242897,7.2774404410082498,0,0.0046166577659437647,6.8751159379510572e-05,3.0378626110099266e-05,4.590056277291861e-05,6.9205301295769135e-05,9.5432082508093094e-05,0.00012942266666746019
965,7.5,3622.7613824794084,1.8358577010881596,16.984261598535543,0,0.0030342752533223417,4.5186356043401417e-05,1.9966200248972269e-05,3.0167915577983991e-05,4.5484838549114735e-05,6.2722259480312102e-05,8.5062401112979589e-05
966,7.5,3557.6803133486073,1.8694412643753211,29.870328242276962,0,0.0044696490581327061,6.6561909144101828e-05,2.9411276396099395e-05,4.4438946434184499e-05,6.7001589772637375e-05,9.2393228894830927e-05,0.00012530144738874348
967,7.5,3677.1084995978126,1.808723997118131,7.1881751968212395,0,0.0046479991626738604,6.9217894725947233e-05,3.0584859411613486e-05,4.6212170828125324e-05,6.9675119704172016e-05,9.6079948325812842e-05,0.00013030128651487756
968,7.5,3660.6133244262878,1.8168743305527832,16.921169072649175,0,0.0030847657733727727,4.593825968606442e-05,2.029843900447009e-05,3.0669911481190899e-05,4.6241708958363241e-05,6.376596159548161e-05,8.6477844508970152e-05
969,7.5,3657.8248042933119,1.8182594134697907,29.861548729582186,0,0.0046236238689781814,6.8854898422830219e-05,3.0424464604147505e-05,4.596982241177956e-05,6.9309725596593521e-05,9.5576080558900406e-05,0.00012961795331782556
970,7.5,3746.2748802352507,1.7753300534134755,7.1652327027437597,0,0.0047712124117657287,7.1052783547135537e-05,3.1395629760150949e-05,4.7437203689802133e-05,7.152212904715073e-05,9.8626920085375714e-05,0.00013375542760020269
971,7.5,3721.1419213512336,1.7873208073758504,17.032120856368088,0,0.0031594689104389958,4.7050737054535635e-05,2.0790002119008723e-05,3.141263840748303e-05,4.7361534895330925e-05,6.531016874739725e-05,8.8572060649238661e-05
972,7.5,3741.8223098325584,1.7774426021654746,30.087039103895385,0,0.0047655416695354469,7.0968334986588072e-05,3.1358315025831397e-05,4.738082301943272e-05,7.1437122654103305e-05,9.8509698760374217e-05,0.0001335964548934015
973,7.5,3596.1799653300404,1.8494275724099429,6.9038733126148246,0,0.004606560833505244,6.860079609799429e-05,3.0312186068198942e-05,4.5800175240486153e-05,6.9053944776183574e-05,9.5223366302906809e-05,0.00012913961083191734
974,7.5,3564.9614817429215,1.8656230697836249,16.744534037059399,0,0.0030443808139145054,4.5336847815179763e-05,2.0032697066026138e-05,3.0268388894792938e-05,4.5636324407716247e-05,6.2931154040211275e-05,8.5345698828841369e-05
975,7.5,3530.4742280746291,1.8838473115994714,29.913662612248125,0,0.0045223944462011003,6.7347392228504332e-05,2.9758352680371959e-05,4.4963361090578319e-05,6.7792261435623263e-05,9.3483541948398877e-05,0.00012678010340448262
976,7.5,3473.3868727455265,1.9148095581913827,6.3878382384816099,0,0.0044759519008825575,6.6655770930789941e-05,2.9452750491220962e-05,4.4501611687697882e-05,6.7096071571730431e-05,9.252351652710388e-05,0.00012547814030332096
977,7.5,3460.2333938020147,1.9220883756404075,15.997065488304795,0,0.0029726678510847114,4.426890005144073e-05,1.9560809957320691e-05,2.9555391415039738e-05,4.4561322219757091e-05,6.1448757524671922e-05,8.333530876862883e-05
978,7.5,3413.5991533917577,1.9483466231298101,29.366010909450726,0,0.0043989069398991587,6.5508419175363687e-05,2.8945777658916295e-05,4.3735601459683362e-05,6.5941140881933694e-05,9.0930900949739873e-05,0.0001233182738351329
979,7.5,3485.0092185771591,1.9084237561773203,6.4748285174246947,0,0.0044909289428372006,6.6878808688982267e-05,2.9551302729840794e-05,4.4650519120140233e-05,6.7320582625730673e-05,9.2833110691541677e-05,0.00012589800437097168
980,7.5,3461.8005531355225,1.9212182449984263,15.983145929633011,0,0.0029740141892180263,4.4288949687405749e-05,1.9569669159116296e-05,2.9568777219475504e-05,4.4581504295381013e-05,6.1476588015545671e-05,8.3373051802720523e-05
981,7.5,3416.2273252769819,1.9468477211745177,29.278113421579427,0,0.0044022937123424522,6.5558854911308559e-05,2.8968063368403743e-05,4.376927403603887e-05,6.5991909775631497e-05,9.1000909766427289e-05,0.00012341321808771329
982,7.5,3518.9625071984383,1.8900100156294615,6.754300399781612,0,0.0045702822607379826,6.8060536441586067e-05,3.0073465059673119e-05,4.5439479908269953e-05,6.8510116386420852e-05,9.4473442889666024e-05,0.00012812258295840577
983,7.5,3479.7033764175703,1.9113337154837686,16.208940928144436,0,0.0030128627554929276,4.4867481626969009e-05,1.9825301291626638e-05,2.9955024402035392e-05,4.5163857779279248e-05,6.22796364046674e-05,8.4462126475007271e-05
984,7.5,3427.9350676120021,1.9401984728557882,29.278481897380189,0,0.0044520596051878672,6.6299967422597201e-05,2.9295533917106432e-05,4.4264065420696416e-05,6.6737917771724715e-05,9.2029632932165726e-05,0.00012480834739720068
985,7.5,3526.3613573759894,1.886044483024454,6.7765275118350603,0,0.004622184405285985,6.8833461963222311e-05,3.0414992615639522e-05,4.5955510717711526e-05,6.9288147536539414e-05,9.5546325046405098e-05,0.00012957759961628213
986,7.5,3523.9919641014394,1.8873125849835684,16.280495105259924,0,0.003079385812565223,4.5858141435657403e-05,2.0263037676031761e-05,3.0616421870030106e-05,4.616106147970618e-05,6.3654751085691659e-05,8.6327023523404377e-05
987,7.5,3506.5500681705325,1.8967002478021258,29.363479371844061,0,0.0045962167228127942,6.8446751843706679e-05,3.024411953888297e-05,4.5697330168089557e-05,6.8898882968832683e-05,9.500954061447117e-05,0.00012884962563960008
988,7.5,3591.0679322895721,1.8520603086974141,7.0390735694186883,0,0.0047310927064543396,7.0455321834796879e-05,3.1131633252484125e-05,4.7038318360752853e-05,7.0920720748174392e-05,9.7797595664639886e-05,0.00013263071801362339
989,7.5,3559.6478370621735,1.8684079683339316,16.596765443447858,0,0.0031264652998332291,4.6559248057973094e-05,2.057283108366105e-05,3.1084503991387045e-05,4.6866799324358095e-05,6.4627942892661264e-05,8.7646842556235915e-05
990,7.5,3546.4962027981364,1.8753366711579056,29.549221107440573,0,0.0046723711817471909,6.9580842263464887e-05,3.0745232671342342e-05,4.6454486686933517e-05,7.0040464724025619e-05,9.6583748402191138e-05,0.00013098452791167532
991,7.5,3746.8989269954109,1.7750343718406247,7.1779011171518174,0,0.0049614599091875001,7.3885944825254101e-05,3.2647500244290376e-05,4.9328716476869979e-05,7.4374005024825299e-05,0.00010255957348776653,0.00013908879639023319
992,7.5,3637.3532712319511,1.8284928318158649,16.765677025893314,0,0.0032109366140532021,4.7817192891955582e-05,2.1128670957833027e-05,3.1924349840361773e-05,4.8133053625156969e-05,6.6374070467391632e-05,9.0014898257462223e-05
993,7.5,3566.9816998632823,1.8645664438044436,29.593510394478535,0,0.0047232223354550136,7.0338116454111724e-05,3.1079844475828423e-05,4.6960068146763498e-05,7.0802741156891763e-05,9.7634905265512272e-05,0.00013241008125559705
994,7.5,3738.1857738765634,1.7791717120394841,6.9536828470290653,0,0.0049827051302686479,7.4202328160267086e-05,3.2787298483746545e-05,4.9539944523933243e-05,7.469247825818083e-05,0.00010299873874408574,0.00013968438161782905
995,7.5,3623.0307218193875,1.8357212217868584,16.644407621214469,0,0.0032194750531815038,4.7944347127578696e-05,2.1184855770091793e-05,3.2009242241111608e-05,4.8261047789426344e-05,6.6550570669202856e-05,9.0254263533639823e-05
996,7.5,3510.7227224010603,1.8944459329675947,29.657234062183925,0,0.0046795149246202502,6.9687226715103246e-05,3.0792240074699858e-05,4.6525512488455413e-05,7.0147551907649361e-05,9.6731418490346129e-05,0.00013118479448968298
997,7.5,3756.1669809496989,1.7706546106605785,6.9356387295052819,0,0.0050306642130674281,7.4916533698636702e-05,3.3102879823926221e-05,5.0016771917719276e-05,7.5411401544945149e-05,0.00010399011288934471,0.0001410288590951356
998,7.5,3637.1099560403882,1.8286151542336695,16.516665119025724,0,0.0032474734638869274,4.8361298804391603e-05,2.1369091486408355e-05,3.228761306114651e-05,4.86807536777348e-05,6.7129332790199979e-05,9.1039166630134773e-05
999,7.5,3503.634847459889,1.8982784087934985,29.548068609624838,0,0.0046924459248390542,6.9879794867661071e-05,3.0877328907529199e-05,4.6654077397823025e-05,7.0341392086317023e-05,9.6998718416473713e-05,0.00013154730014113946
1000,7.5,3849.7074756349698,1.7276311058238565,3.3384960188598862,0,0.0052027545271206297,7.7479298627070386e-05,3.4235272037695403e-05,5.1727759100065786e-05,7.7991095045726178e-05,0.00010754743463208201,0.00014585321222711461
1001,7.5,3688.0115999634659,1.8033767527454345,16.775550851224139,0,0.0049682297327488401,7.3986760879255387e-05,3.2692047176124564e-05,4.9396024630753755e-05,7.4475487028264635e-05,0.00010269951419670036,0.00013927858057234002
1002,7.5,3618.2161099417635,1.8381639407759582,29.654181053458373,0,0.0048742061595201027,7.2586564027722354e-05,3.2073351331324936e-05,4.846120659919938e-05,7.3066041051523625e-05,0.00010075592949690698,0.00013664273832589212
1003,7.5,3793.5313943529486,1.7532145359677533,7.5658416951975171,0,0.0034289555923737243,5.1063926413518255e-05,2.256328391012126e-05,3.4091977225243952e-05,5.1401233734622611e-05,7.0880795068226532e-05,9.6126808429038252e-05
1004,7.5,3732.720719027463,1.7817765870687625,17.237164450113482,0,0.0033739891024314656,5.024536673200373e-05,2.2201592285747831e-05,3.3545479531476551e-05,5.0577266984111868e-05,6.9744569064634609e-05,9.4585886388389015e-05
1005,7.5,3719.7274172883226,1.7880004734535335,29.885934358548898,0,0.0050433667750595526,7.5105699954470287e-05,3.3186465482851541e-05,5.0143065607582427e-05,7.5601817355356313e-05,0.0001042526907119936,0.00014138496074483052
1006,7.5,3670.0764613150436,1.8121895969563808,7.9342405665674152,0,0.0049760478686951366,7.41031883767536e-05,3.274349223461309e-05,4.9473755504031262e-05,7.4592683597983524e-05,0.0001028611248320371,0.00013949775298100384
1007,7.5,3641.6862471274162,1.8263172420402385,17.740222699521318,0,0.003291703461673325,4.9019970896050621e-05,2.1660134624913298e-05,3.2727364477163715e-05,4.9343776686652396e-05,6.8043622090399253e-05,9.2279103517473268e-05
1008,7.5,3587.5219354463916,1.8538909316528118,30.191552229316322,0,0.004864116883924143,7.2436314771726258e-05,3.2006961673137063e-05,4.8360895194000177e-05,7.291479931066399e-05,0.0001005473715682203,0.00013635989714108423
1009,7.5,3655.6809428138104,1.8193257254311619,8.15791349459165,0,0.0049765871206596309,7.411121890438554e-05,3.2747040631448859e-05,4.9479116951619875e-05,7.4600767171982121e-05,0.00010287227184370166,0.00013951287028681009
1010,7.5,3591.1497997688111,1.8520180872593439,18.220348028778208,0,0.0032591593051029761,4.8535324078228204e-05,2.1445986898431983e-05,3.2403798127375247e-05,4.8855928491041721e-05,6.7370893724461354e-05,9.13667656875287e-05
1011,7.5,3482.3088747391284,1.9099036364853903,30.688778525463487,0,0.0047405705714696255,7.0596465978738031e-05,3.119399969423022e-05,4.7132550890029024e-05,7.1062797232349166e-05,9.7993514972935085e-05,0.00013289641900918805
1012,7.5,3884.2618412600896,1.7122621118333274,3.6346183896284772,0,0.0053296814652185496,7.9369491618003392e-05,3.5070479278791e-05,5.2989714866576224e-05,7.9893773875076287e-05,0.00011017117298202317,0.00014941146229315784
1013,7.5,3782.4167294020162,1.7583663723592624,12.286947555684202,0,0.0051900600746135322,7.7290253137497983e-05,3.4151739740969772e-05,5.1601546037778994e-05,7.7800800799308518e-05,0.00010728502444261787,0.00014549733791746321
1014,7.5,3551.0398352215061,1.872937137246939,31.041010952044523,0,0.0032417344750009826,4.8275833916245588e-05,2.1331327674045605e-05,3.2230553856638085e-05,4.8594724243646198e-05,6.7010700721581708e-05,9.0878280707190016e-05
1015,7.5,7258.5690455891317,0.91627899954622538,30.848301410273521,0,0.0060867054592221043,9.0643075215598147e-05,4.005186408921711e-05,6.0516334581317494e-05,9.1241826134789893e-05,0.00012581980450703827,0.00017063375534635811
1016,7.5,3857.8329012981858,1.7239923432120523,3.3388622368094336,0,0.0035439656915339608,5.2776654117951493e-05,2.3320075723248009e-05,3.5235451258551438e-05,5.3125275014692108e-05,7.3258197472469931e-05,9.935098368344201e-05
1017,7.5,3813.7023815016619,1.7439416393606464,11.476272908275885,0,0.0035034529343142299,5.2173339085794731e-05,2.3053492847353194e-05,3.4832658058330729e-05,5.2517974731271451e-05,7.2420748177842964e-05,9.8215255340720228e-05
1018,7.5,3772.2958486998723,1.763083981210499,23.174140409290814,0,0.0023103441118642173,3.4405590431245623e-05,1.5202573705535384e-05,2.2970317556555513e-05,3.4632859628004945e-05,4.7757698552394434e-05,6.4767827947455914e-05
1019,7.5,7460.3379039387091,0.8914977402991705,30.330435073557588,0,0.007424717768639828,0.00011056872320603778,4.8856280127667422e-05,7.3819360517616471e-05,0.00011129909477050651,0.00015347819020136824,0.00020814338458423782
1020,7.5,3936.6668703917771,1.6894684265137514,3.4272461478382699,0,0.0036330836937314499,5.4103797320521252e-05,2.3906491828944136e-05,3.612149624205407e-05,5.4461184780074826e-05,7.5100377891691147e-05,0.00010184930391362217
1021,7.5,3853.2171857282465,1.7260574897941068,11.528721504621419,0,0.0035559626355304869,5.2955312327112385e-05,2.3399018260167847e-05,3.5354729426636131e-05,5.3305113366590894e-05,7.3506189289790044e-05,9.968730414785772e-05
1022,7.5,3795.1493168445968,1.7524671173568869,22.965057654308339,0,0.0029185308841103235,4.3462693606545508e-05,1.9204576776992342e-05,2.9017141153286722e-05,4.3749790306272116e-05,6.032967879695047e-05,8.1817641446004324e-05
1023,7.5,4101.1762079137898,1.6216992506676067,3.6097697975932062,0,0.0038016120606634129,5.6613517815806748e-05,2.501544564521757e-05,3.7797069194946902e-05,5.6987483457972645e-05,7.8584069738344092e-05,0.00010657380197331061
1024,7.5,3951.921121193328,1.6829471488088055,11.989003183271693,0,0.0036632375080541592,5.4552847217547123e-05,2.410491057634628e-05,3.6421296902473936e-05,5.4913200916253199e-05,7.5723694897687644e-05,0.00010269463126030771
1025,7.5,3830.2556795449091,1.736404809409442,23.241145768993288,0,0.003550467047164451,5.2873472153811105e-05,2.3362856076897868e-05,3.5300090202427183e-05,5.3222732590724283e-05,7.3392588613940336e-05,9.9533241677278718e-05
1026,7.5,3790.4987669727525,1.7546172132226467,37.311912383314805,0,0.0052705850887371872,7.8489429762824679e-05,3.4681612090317046e-05,5.240215627422293e-05,7.9007898692806883e-05,0.00010894957706518877,0.00014775476365480025
1027,7.5,4063.9629856842648,1.6365489564393207,3.3676565880491389,0,0.003781025371757769,5.6306941326535836e-05,2.4879980692687862e-05,3.7592388524577374e-05,5.6678881850353566e-05,7.8158517164639244e-05,0.00010599667793442765
1028,7.5,3954.5555231520939,1.6818260217341281,11.485306977726328,0,0.0036793096829540622,5.479219366992439e-05,2.4210669031231545e-05,3.6581092562081278e-05,5.5154128392972646e-05,7.6055926827991554e-05,0.00010314519611482993
1029,7.5,3876.9337151494228,1.7154986058288271,22.568983734383725,0,0.0036071513264452492,5.3717613113943588e-05,2.373585113390526e-05,3.5863666809417468e-05,5.4072449599270885e-05,7.4564323468783117e-05,0.00010112231995740638
1030,7.5,3857.3368046721098,1.7242140678962472,36.901333344706543,0,0.0035888674358739844,5.3445329843562254e-05,2.3615539102201333e-05,3.5681881433622359e-05,5.3798367737457898e-05,7.4186372612984912e-05,0.00010060975220931701
1031,7.5,3896.1906447564543,1.7070197507353613,3.0635634618193839,0,0.003637145965677479,5.4164292579248161e-05,2.3933222474112662e-05,3.6161884890706969e-05,5.4522079645629763e-05,7.5184350126840041e-05,0.0001019631850143314
1032,7.5,3821.3914588100288,1.7404326290352559,10.754883928654261,0,0.0035672878427445978,5.3123967047834171e-05,2.3473540620936022e-05,3.546732893281619e-05,5.3474882151115322e-05,7.37402954687776e-05,0.00010000479324766154
1033,7.5,3850.6523053313317,1.7272071991598139,29.190620600003051,0,0.0035884291826685268,5.3438803387085609e-05,2.3612655299471062e-05,3.5677524154008531e-05,5.3791798169890798e-05,7.4177313371823219e-05,0.00010059746628703265
1034,7.5,3797.705739017797,1.7512874457065568,3.0074083779641594,0,0.0035596811178894745,5.301068787935681e-05,2.3423486694045267e-05,3.5391699988802938e-05,5.3360854706985469e-05,7.3583054964760706e-05,9.9791547504687468e-05
1035,7.5,3677.4204453022548,1.8085705679169248,15.807186827353068,0,0.0034390772886491927,5.1214658477514656e-05,2.2629886903529323e-05,3.4192610969137154e-05,5.1552961472713861e-05,7.1090023172854056e-05,9.6410558490139315e-05
1036,7.5,3588.9541150930172,1.8531511325987613,28.50376257097205,0,0.0050345170361146925,7.4973909849266175e-05,3.3128232249155704e-05,5.0055078145969175e-05,7.5469156698855882e-05,0.00010406975555414172,0.00014113686853795224
1037,7.5,3700.2820020139143,1.7973966253409355,6.899148484970997,0,0.0034763727653246228,5.1770061843118728e-05,2.287529936400639e-05,3.4563416745756503e-05,5.2112033604794428e-05,7.1860967260051453e-05,9.7456094089848526e-05
1038,7.5,3539.0958371491861,1.8792580617390187,16.182866466705242,0,0.0033249402006233675,4.9514931634458835e-05,2.1878839696172982e-05,3.3057816743692432e-05,4.9842006932371359e-05,6.8730666999202887e-05,9.3210857094265715e-05
1039,7.5,3388.0424666623371,1.9630433941347809,28.970072767519813,0,0.004774540921120821,7.11023516305348e-05,3.1417532085670555e-05,4.7470296992433465e-05,7.157202455694663e-05,9.8695724531255876e-05,0.00013384873851441891
1040,7.5,3639.0012503285998,1.8276647700049673,6.875667719707887,0,0.0050409380491530367,7.5069531425124279e-05,3.3170483930833058e-05,5.0118918293316981e-05,7.5565409911563283e-05,0.00010420248591387969,0.000141316874220041
1041,7.5,3492.5535948329152,1.9043013092395478,16.218285158070014,0,0.0032253806459138887,4.803229307630589e-05,2.1223715872501608e-05,3.2067957884260155e-05,4.8349574672963114e-05,6.6672646647425373e-05,9.0419820002935741e-05
1042,7.5,3326.1730049634371,1.99955756158953,29.16261137263551,0,0.0046075917278873791,6.8616148153000943e-05,3.0318969580553899e-05,4.5810424783488566e-05,6.9069398240559059e-05,9.5244676177435263e-05,0.00012916851076488891
1043,7.5,3645.9199801625086,1.8241964769981491,6.9497167692132047,0,0.0050505222416477253,7.5212258995399682e-05,3.323355003083968e-05,5.0214207970727205e-05,7.5709080281536223e-05,0.00010440060314398363,0.00014158555598364653
1044,7.5,3425.7984231459031,1.9414085599123274,16.223469558322627,0,0.0031637321033997543,4.7114224424310553e-05,2.0818054868758872e-05,3.1455024689080915e-05,4.7425441636590309e-05,6.5398294270883146e-05,8.8691574338464112e-05
1045,7.5,6424.7619940906952,1.0351938934620279,28.892848899608531,0,0.0068922879691525165,0.00010263979109567374,4.5352774641985474e-05,6.8525741481390622e-05,0.00010331778739178362,0.00014247220120879809,0.00019321733029206261
1046,7.5,3464.8549115604701,1.9195246418656671,6.8045756779317879,0,0.004757690765338848,7.0851419505073423e-05,3.1306654345030222e-05,4.7302766351780532e-05,7.1319434876946017e-05,9.8347410764374201e-05,0.00013337636386469886
1047,7.5,3320.514607100451,2.0029649527840219,15.841205008581039,0,0.0025330516613913112,3.7722146045462232e-05,1.6668038490230541e-05,2.5184560494916686e-05,3.7971323046186047e-05,5.2361341776379458e-05,7.1011176795923064e-05
1048,7.5,6297.408425987358,1.0561287966941468,28.242590286885864,0,0.0042558685469324163,6.3378294775675754e-05,2.8004553492078401e-05,4.2313459497214291e-05,6.3796945755504954e-05,8.7974118703474169e-05,0.00011930835774602046
1049,7.5,6511.9038019108266,1.0213410064930635,6.140421225000102,0,0.0052784246047175125,7.8606175651289154e-05,3.4733197834143952e-05,5.2480099715908971e-05,7.9125415756651991e-05,0.00010911162965253384,0.00014797453542801688
1050,7.5,6402.3422370791486,1.0388189410917599,14.621142293407516,0,0.0030754220585344255,4.5799113303417931e-05,2.0236955300469451e-05,3.0577012723861822e-05,4.6101643431873562e-05,6.3572815338905461e-05,8.6215904258627165e-05
1051,7.5,6301.3888692240989,1.055461664286804,27.558378724182845,0,0.0035943555225319101,5.3527058301601961e-05,2.3651651922577754e-05,3.5736446073003599e-05,5.388063606011781e-05,7.4299818219157902e-05,0.00010076360437817615
1052,7.5,3278.259473209383,2.0287821746820032,6.2642701794631872,0,0.0018085381241615809,2.6932707409108931e-05,1.1900579654193535e-05,1.7981172073803292e-05,2.7110613810443729e-05,3.7384742000414995e-05,5.0700276837806469e-05
1053,7.5,6461.1319320146758,1.0293667507816651,14.807320684683811,0,0.0025743275214102504,3.8336825186641396e-05,1.6939642750814458e-05,2.559494075263939e-05,3.8590062505264997e-05,5.3214565359027818e-05,7.2168297843978895e-05
1054,7.5,6342.5209706230989,1.0486168534616949,27.330311513520797,0,0.0034990186324197524,5.2107303565784341e-05,2.3024314163088277e-05,3.4788570546806055e-05,5.2451503007742903e-05,7.2329085618971634e-05,9.8090944810226628e-05
1055,7.5,3314.6893767631936,2.0064849605075854,6.6292761972601451,0,0.0032509078032250034,4.8412442905420093e-05,2.1391690196552355e-05,3.232175856561377e-05,4.8732235615684963e-05,6.720032487401649e-05,9.1135444365654517e-05
1056,7.5,6404.6398576386327,1.0384462719316372,14.913589651882166,0,0.0026060587192094906,3.8809365441474947e-05,1.7148441029317923e-05,2.5910424357941067e-05,3.9065724166905003e-05,5.3870488851732001e-05,7.3057845314017706e-05
1057,7.5,6328.4498112449601,1.050948428383162,27.497402642528581,0,0.0033093949190502428,4.9283431665169954e-05,2.1776548315562137e-05,3.2903259657409465e-05,4.9608977769384288e-05,6.8409326612085253e-05,9.2775063085419787e-05
1058,7.5,6348.1364574697836,1.0476892593264275,6.399880277236079,0,0.004356265261426291,6.4873400297740932e-05,2.8665186011731569e-05,4.3311641716787767e-05,6.5301927330467668e-05,9.0049444193658585e-05,0.00012212286364470334
1059,7.5,6274.6506395053548,1.0599593133290228,15.12029875398569,0,0.0022390353848925036,3.3343662538442405e-05,1.4733346557913364e-05,2.2261339143044512e-05,3.3563917075776068e-05,4.6283658096956748e-05,6.2768770172495541e-05
1060,7.5,6228.0285458182507,1.0678940108094519,28.030664836119101,0,0.0030771676223128679,4.582510819834475e-05,2.0248441495042463e-05,3.0594367781102054e-05,4.6127810038397707e-05,6.3608898322521084e-05,8.6264839122439393e-05
1061,7.5,6257.0342467561404,1.0629435801278615,6.8990614299268618,0,0.0030348569674796089,4.5195018917014145e-05,1.997002805639974e-05,3.0173699200800588e-05,4.5493558646111887e-05,6.2734284238539145e-05,8.5078708797302021e-05
1062,7.5,6131.2225607586624,1.0847550088618292,16.153795627186916,0,0.0019828464852250311,2.9528503441697177e-05,1.3047567106387374e-05,1.9714211920910495e-05,2.9723556605284354e-05,4.0987913545329606e-05,5.5586810355123505e-05
1063,7.5,6027.9741039464188,1.1033349295371704,29.097889189581824,0,0.0029245326066995943,4.355207111885115e-05,1.924406943505787e-05,2.9076812555937934e-05,4.3839758209708246e-05,6.0453741899386853e-05,8.1985892804775539e-05
1064,7.5,6218.7515369917201,1.0694870736782847,7.5349163543406075,0,0.002559562343723263,3.8116942506163493e-05,1.6842484625793579e-05,2.5448139755113787e-05,3.836872737012646e-05,5.2909350693633798e-05,7.1754373146297055e-05
1065,7.5,5979.9247371879519,1.1122003495912174,17.51181687551415,0,0.0016436809317261433,2.4477657958487498e-05,1.081578297563076e-05,1.6342099330363098e-05,2.4639347311672459e-05,3.3976937916125219e-05,4.6078695913680226e-05
1066,7.5,5725.5178988650232,1.1616196998612163,30.425522732459832,0,0.0023681839470595435,3.5266939903006951e-05,1.5583172575269748e-05,2.3545383138791844e-05,3.5499898820539047e-05,4.8953320191350054e-05,6.6389300902589552e-05
1067,7.5,6037.3684093812517,1.1016181111119627,7.050221237556924,0,0.0020953960454900855,3.1204588858501892e-05,1.3788168031015198e-05,2.0833222343151406e-05,3.1410713553825706e-05,4.3314453537247023e-05,5.8742007244355256e-05
1068,7.5,5788.2084684819183,1.1490385011951625,17.032232471878999,0,0.0013392798885115856,1.9944524748632785e-05,8.812756988399315e-06,1.3315628688488381e-05,2.0076270086019924e-05,2.7684588137483398e-05,3.7545164353293657e-05
1069,7.5,5494.4191846158992,1.2104781524226851,30.249353748971831,0,0.0019069540652545574,2.8398315300055675e-05,1.2548178248092319e-05,1.8959660692846633e-05,2.8585902905054313e-05,3.9419122430296515e-05,5.3459254042658225e-05
1070,7.5,6128.338725457932,1.0852654660880598,5.8137546563565001,0,0.0016378443858637215,2.4390740254131486e-05,1.0777377216850692e-05,1.6284070177387676e-05,2.4551855464666789e-05,3.3856289222948578e-05,4.5915075093611237e-05
1071,7.5,5980.6932792464449,1.1120574275742838,14.879163590540498,0,0.0010629132742539734,1.5828879598549496e-05,6.9942037255217627e-06,1.0567886973768212e-05,1.5933438674759835e-05,2.197174502208665e-05,2.9797545619470197e-05
1072,7.5,5869.2074721504714,1.133180998420684,28.455825318225976,0,0.0015559717598462826,2.3171495024028681e-05,1.023863728408305e-05,1.5470061472298205e-05,2.332455640143324e-05,3.2163879779284035e-05,4.3619870613779396e-05
1073,7.5,6293.9613347950026,1.0567072197379859,5.5592053634059848,0,0.0012210037560250705,1.8183159352358889e-05,8.0344739557990218e-06,1.2139682512927433e-05,1.8303269833497567e-05,2.523967274491177e-05,3.4229429627960534e-05
1074,7.5,6233.400866396948,1.066973635384687,14.293963792418028,0,0.0008061701754881103,1.2005467381804235e-05,5.3047775217230016e-06,8.015249693970397e-06,1.2084770567547704e-05,1.6664544482867428e-05,2.2600049470662129e-05
1075,7.5,6228.6744864929497,1.0677832655490687,27.842733313793534,0,0.0012083383641112132,1.7994546632460739e-05,7.9511328841850016e-06,1.201375838208236e-05,1.8113411215452851e-05,2.4977863274208352e-05,3.3874369998465813e-05
1076,7.5,6159.4069093891349,1.0797913632059775,6.01458869641431,0,0.0012876785293860805,1.9176078516467312e-05,8.4732086668385503e-06,1.280258840181598e-05,1.9302747813718297e-05,2.6617923591126612e-05,3.609857986722814e-05
1077,7.5,6150.9502433219996,1.0812759200012017,15.084471128688802,0,0.00085738594647499214,1.2768171444435529e-05,5.6417885883063384e-06,8.5244563171011943e-06,1.2852512739902059e-05,1.7723238440775862e-05,2.4035824438746025e-05
1078,7.5,6098.459024871835,1.0905827777320165,28.476277289251328,0,0.00127438950235772,1.8978178637042597e-05,8.3857639386545368e-06,1.2670463854095346e-05,1.91035406889863e-05,2.6343222803648264e-05,3.5726037347807758e-05
1079,7.5,6323.565511764551,1.0517601772063756,6.2199907581985237,0,0.0014184260452855956,2.112316746258612e-05,9.333556152336788e-06,1.4102529802112093e-05,2.1262698429561612e-05,2.9320638056360535e-05,3.9763935417879872e-05
1080,7.5,6241.9705628568709,1.0655087710291267,15.358134639291645,0,0.00093341576613071068,1.3900405738973319e-05,6.1420815668280394e-06,9.2803736249563901e-06,1.3992226109073873e-05,1.9294869778923518e-05,2.6167232592644047e-05
1081,7.5,6119.3175663510929,1.0868653752832573,28.680996975509739,0,0.0013726116064327783,2.0440899911656018e-05,9.0320870422327974e-06,1.3647025271977209e-05,2.0575924099461868e-05,2.8373596380255209e-05,3.8479580555809476e-05
1082,7.5,3262.7924638491686,2.0383994559627814,6.247592781443025,0,0.00073187030362460779,1.0898995429291934e-05,4.8158679811414915e-06,7.2765321832966708e-06,1.097098971584977e-05,1.5128673326394774e-05,2.0517138404444223e-05
1083,7.5,6504.6126814996114,1.0224858433379123,14.908442819620282,0,0.0010027986322030508,1.4933653756345374e-05,6.5986361250643553e-06,9.9702043988576936e-06,1.5032299338396021e-05,2.0729100284053882e-05,2.8112301082311014e-05
1084,7.5,6284.803760696168,1.0582469455645966,28.228194681323362,0,0.0013423014390313052,1.9989521608241247e-05,8.8326394570952762e-06,1.3345670089937939e-05,2.0121564176398493e-05,2.7747047360826178e-05,3.7629870031201456e-05
1085,7.5,3540.0922211016132,1.8787291312879915,5.8690599880347794,0,0.0012781440627677723,1.9034091462778931e-05,8.4104697740634665e-06,1.2707793117931536e-05,1.915982285188076e-05,2.6420834256998106e-05,3.5831292111116752e-05
1086,7.5,3324.7661316147678,2.0004036735057276,14.493006448989089,0,0.00052517541882791138,7.8209000434013888e-06,3.4557700612937834e-06,5.2214932318632693e-06,7.8725616963048825e-06,1.0856031883178165e-05,1.4722686111651557e-05
1087,7.5,6369.3861424405895,1.0441939355683594,27.231161294404814,0,0.00108460732851617,1.6151946946787973e-05,7.1369553862805612e-06,1.0783577490575991e-05,1.6258640073186465e-05,2.2420188220878051e-05,3.0405713366742686e-05
1088,7.5,6286.7715039800387,1.0579157169970412,5.1909355983766297,0,0.0011290911048261116,1.6814398302278931e-05,7.42966844343063e-06,1.1225852068941567e-05,1.6925467310200378e-05,2.3339723440143773e-05,3.1652764641788737e-05
1089,7.5,6433.3032073262275,1.0338195121373439,13.069998604844393,0,0.00068468615964951951,1.0196330261744276e-05,4.5053859093019559e-06,6.8074095252578791e-06,1.0263683030856323e-05,1.4153318134567192e-05,1.9194385441743528e-05
1090,7.5,6437.320034462784,1.0331744184883682,26.351120907497318,0,0.00081357247615450106,1.2115702270048339e-05,5.3534862923747184e-06,8.0888461751538422e-06,1.2195733622179657e-05,1.6817559283564985e-05,2.2807564417684147e-05
1091,7.5,6249.0328129080535,1.0643046023844696,5.1382821938000438,0,0.001163378174996812,1.7325000548638078e-05,7.6552849257287309e-06,1.1566747126894379e-05,1.7439442385246349e-05,2.4048480007205913e-05,3.2613963040864619e-05
1092,7.5,6455.963505790839,1.0301908270181421,12.871291628781348,0,0.00079291359220646997,1.1808050653896206e-05,5.2175462805465139e-06,7.8834477142867332e-06,1.1886049785832833e-05,1.6390514348157999e-05,2.2228416474197547e-05
1093,7.5,6514.5245222316207,1.0209301324344819,26.068319063648048,0,0.0012010854159749779,1.7886535898599532e-05,7.9034068861151433e-06,1.1941646820408495e-05,1.8004687007053977e-05,2.4827935776859492e-05,3.3671041977074035e-05
1094,7.5,6377.3889134433421,1.0428836116940849,5.2205881923899975,0,0.0015851476097109272,2.3605981097238141e-05,1.0430620809702094e-05,1.5760138839098992e-05,2.37619125111578e-05,3.27669810383953e-05,4.4437781856762731e-05
1095,7.5,6457.0415474008132,1.0300188305133056,12.941225197540383,0,0.0011591275701336643,1.7261700640518103e-05,7.6273150084366413e-06,1.1524486000938056e-05,1.7375724343936593e-05,2.3960614695420928e-05,3.2494802244412168e-05
1096,7.5,3268.6747026325152,2.0347311948396545,26.060211885984,0,0.00081245349187947713,1.2099038382418883e-05,5.3461231291000235e-06,8.0777208090206771e-06,1.2178959659753957e-05,1.6794428480920899e-05,2.2776194986339056e-05
1097,7.5,6121.4738483104293,1.0864825282338335,5.3088905811944702,0,0.0015215380103450603,2.2658708432513006e-05,1.001205561944614e-05,1.5127708072800613e-05,2.2808382552343955e-05,3.1452091167248612e-05,4.2654560229136555e-05
1098,7.5,6383.6425252430636,1.0418619709562089,13.014977642185194,0,0.0012341015490185342,1.8378211379012498e-05,8.1206603218647719e-06,1.2269905739331195e-05,1.8499610293712939e-05,2.5510420486025872e-05,3.4596611122152556e-05
1099,7.5,3284.8810445660624,2.0246926123037738,26.108459901213614,0,0.0014515230206525813,2.161604684498717e-05,9.5513415484009649e-06,1.4431592486080723e-05,2.1758833570690633e-05,3.0004793877329176e-05,4.0691770884095525e-05
1100,7.5,5857.460118766151,1.1354536349161841,5.3804007883186014,0,0.0011098123342341934,1.6527299301919081e-05,7.3028098818117493e-06,1.1034175218587437e-05,1.663647185178286e-05,2.2941207171653072e-05,3.1112306581743177e-05
1101,7.5,6270.6464946195092,1.0606361543321494,13.043834595401663,0,0.00092246345814971033,1.3737304224901849e-05,6.0700129652410103e-06,9.1714816244059715e-06,1.3828047213401663e-05,1.9068471892858164e-05,2.5860197292015779e-05
1102,7.5,3303.412598688059,2.0133344487064635,26.091540577135646,0,0.0014597117425732861,2.1737993100141255e-05,9.6052251443182842e-06,1.451300786569235e-05,2.1881585352711407e-05,3.0174064987641329e-05,4.0921332242399767e-05
1103,7.5,5747.4904072567006,1.1571788575466448,5.4934695411352337,0,0.00074042340837615617,1.1026368065033137e-05,4.8721492964351077e-06,7.361570395236026e-06,1.1099203722898694e-05,1.5305476684956759e-05,2.075691481442579e-05
1104,7.5,6142.6722145351405,1.0827330762484659,13.092826976022856,0,0.00061548115065950372,9.1657308878787561e-06,4.050001689886253e-06,6.1193470739366151e-06,9.226275940891667e-06,1.2722764157482776e-05,1.7254302969894453e-05
1105,7.5,3323.7086187067816,2.0010401470804595,26.043091352421399,0,0.00076120617352650095,1.1335864517150202e-05,5.0089044738913379e-06,7.5682005300091232e-06,1.1410744581438983e-05,1.5735082399550719e-05,2.1339535624294579e-05
1106,7.5,5844.0879675514625,1.1380517234096619,5.6777585499486154,1,0.0032218662991165539,4.7979957506067004e-05,2.1200590695633395e-05,3.2033016915283244e-05,4.8296893395446401e-05,6.6600000709491798e-05,9.0321299350731328e-05
1107,7.5,6005.1056848333483,1.1075366083942921,13.284457556580666,1,0.002310075723029284,3.4401593590998489e-05,1.5200807647819625e-05,2.2967649132949093e-05,3.4628836386273012e-05,4.7752150619942401e-05,6.476030397654841e-05
1108,7.5,6556.4793362728633,1.0143972156572687,26.139044563500807,1,0.0045023676087497383,6.7049153033985076e-05,2.9626571673863176e-05,4.4764246675739006e-05,6.7492052195500048e-05,9.3069562203542522e-05,0.00012621867415430271
1109,7.5999999999999996,5969.0385108207302,1.5738899579640604,6.4368541916735378,1,0.012595375643314619,0.00015444284186713833,6.9948047251238419e-05,0.00010243096065385552,0.00014935029780756233,0.00020501302823461081,0.00027683431705010438
1110,7.5999999999999996,6553.3812080027601,1.4335515473156251,20.327862516972438,1,0.013828407690618888,0.00016956211888528785,7.6795654369086395e-05,0.00011245850256281036,0.00016397103709205567,0.00022508290475809067,0.00030393518282678715
1111,7.5999999999999996,6810.9991293905032,1.3793291692465968,31.753704639295947,1,0.0143720119053423,0.00017622772236948405,7.9814544346983008e-05,0.0001168793236249562,0.00017041685130653528,0.00023393106851100722,0.00031588308384936526
1112,7.5999999999999996,6847.5921426131927,1.3719581387474848,40.312696313997051,1,0.01444922748145645,0.0001771745296223354,8.0243358772174916e-05,0.00011750727358554441,0.00017133243886935259,0.00023518789478870893,0.00031758020840400584
1113,7.5999999999999996,6169.6382424632166,1.5227164708332586,6.7445145171383132,0,0.0041980592652099543,5.1476051338717552e-05,2.331379834648018e-05,3.4140406415390723e-05,4.9778698089539913e-05,6.8331177016215291e-05,9.2269329834328233e-05
1114,7.5999999999999996,7068.5896082513218,1.3290642534848762,20.888196615602663,0,0.0048106004439910349,5.8986950822037851e-05,2.6715527721613994e-05,3.9121852238000542e-05,5.7041935809560368e-05,7.830141732794131e-05,0.00010573239943185406
1115,7.5999999999999996,7075.5995004544166,1.3277475315382317,31.633410545296449,0,0.0048167405400212993,5.9062239873123404e-05,2.6749626563872825e-05,3.9171786114742104e-05,5.7114742305901245e-05,7.8401358744256588e-05,0.00010586735287344216
1116,7.5999999999999996,7682.2005900346976,1.2229060749947256,39.939728446832099,0,0.0052311578016449667,6.4143769905769033e-05,2.9051080606902277e-05,4.254200383763976e-05,6.2028715750825142e-05,8.5146765960694693e-05,0.00011497584815331547
1117,7.5999999999999996,6611.2020735966926,1.4210138589472197,6.8339354541719253,0,0.004520036928408612,5.5424099156452563e-05,2.5101891805305851e-05,3.6758865942481318e-05,5.3596564364264828e-05,7.3571958841670183e-05,9.9346091101412771e-05
1118,7.5999999999999996,7462.7328021309804,1.2588699099877823,21.079742604363176,0,0.0051022230869623361,6.2562789368560237e-05,2.8335045470647127e-05,4.1493451808658985e-05,6.049986591093927e-05,8.3048115070859425e-05,0.00011214198636991074
1119,7.5999999999999996,7231.8653774819459,1.2990576124569113,31.32914926248862,0,0.004944380492928219,6.0627344211491884e-05,2.7458471278783566e-05,4.0209808589364228e-05,5.8628239443154948e-05,8.0478934992096426e-05,0.00010867275703064567
1120,7.5999999999999996,4563.9006915416257,2.0584606032933026,39.604845640386849,0,0.0031203099578130059,3.8260830882543733e-05,1.7328549346081778e-05,2.5375689901414233e-05,3.6999231674255669e-05,5.078881421225397e-05,6.8581430250101076e-05
1121,7.5999999999999996,6941.4215733132587,1.353412938784712,6.4440964588833749,0,0.0047654158681810447,5.8432903487978387e-05,2.6464596512153647e-05,3.8754392017835466e-05,5.6506157437828173e-05,7.7565954807518647e-05,0.00010473928564630399
1122,7.5999999999999996,7345.8834903212064,1.278894469706694,20.247344347235963,0,0.0050427581776131825,6.1833638460216379e-05,2.8004808849943165e-05,4.1009857832399827e-05,5.9794757768721236e-05,8.2080213716854367e-05,0.00011083500450336696
1123,7.5999999999999996,6453.7466690041001,1.4556830710448714,30.864260137434336,0,0.0044302835692289393,5.4323555254358762e-05,2.460344917154531e-05,3.602895338861762e-05,5.2532309410516927e-05,7.2111056961429715e-05,9.7373398059530722e-05
1124,7.5999999999999996,4407.1137783468585,2.1316921330779635,39.461838584207896,0,0.0060262314792592503,7.3892858916042677e-05,3.3466498832201383e-05,4.9007881703843122e-05,7.1456341721923058e-05,9.8088060204971596e-05,0.00013245080759715641
1125,7.5999999999999996,7157.9523922441513,1.3124716757072634,6.1217204985452005,0,0.0049335681068154395,6.0494764153071089e-05,2.7398425011317397e-05,4.0121877659167616e-05,5.8500031033046032e-05,8.0302943415330751e-05,0.00010843511111916369
1126,7.5999999999999996,7069.8073213359867,1.3288353336772678,18.798809504373576,0,0.0048728147395428797,5.9749814342895925e-05,2.7061032977526929e-05,3.9627805394162331e-05,5.7779644936440404e-05,7.9314070026182735e-05,0.00010709981017906667
1127,7.5999999999999996,6584.0147493299337,1.4268816411502725,29.514187621863904,0,0.0045379856419962413,5.5644183925087797e-05,2.5201569456983736e-05,3.6904832527944584e-05,5.3809392134987004e-05,7.3864107343606195e-05,9.9740586669363281e-05
1128,7.5999999999999996,7907.336193336675,1.1880878137947535,39.287098616035522,0,0.008175113394631511,0.00010024216672911664,4.5400251187858381e-05,6.6483504913231797e-05,9.6936816707556274e-05,0.00013306508679511482,0.00017968117803705299
1129,7.5999999999999996,7115.7327459465414,1.3202589397744191,5.8187664918854747,0,0.0049260813464387949,6.0402962480640545e-05,2.7356847508318337e-05,4.0060992134251015e-05,5.8411256396740584e-05,8.0181082546711285e-05,0.00010827055928248335
1130,7.5999999999999996,6958.8097660852163,1.3500311240964669,17.282845178887374,0,0.0048184058340739102,5.9082659490077519e-05,2.6758874725291579e-05,3.9185328995431862e-05,5.7134488613573036e-05,7.8428464484196008e-05,0.00010590395444490755
1131,7.5999999999999996,6842.1286612157683,1.3730536556750721,27.408519426203664,0,0.0047374509933977181,5.8090001866279783e-05,2.6309294404609332e-05,3.8526969742411599e-05,5.6174562533847853e-05,7.7110774761612313e-05,0.00010412464442945843
1132,7.5999999999999996,7759.5586005248369,1.2107144561349237,38.394440739201762,0,0.0053717649379436119,6.5867876143782604e-05,2.9831938192432034e-05,4.3685480971924553e-05,6.3695971914893367e-05,8.7435407095370359e-05,0.00011806625860647786
1133,7.5999999999999996,6765.8502150454933,1.3885335134955139,4.9363356628346882,0,0.0047290356757636372,5.7986814346714861e-05,2.6262560186260291e-05,3.8458532794290583e-05,5.6074777483335103e-05,7.6973799906667457e-05,0.00010393968379184323
1134,7.5999999999999996,6550.5402893510218,1.4341732675324472,15.012782212518676,0,0.0045771667526251078,5.6124617557588848e-05,2.5419160599577299e-05,3.7223470011641226e-05,5.427398411751817e-05,7.4501852367422355e-05,0.0001006017500287875
1135,7.5999999999999996,6340.8163869993878,1.4816088650892525,24.76770605678589,0,0.0044304180161862244,5.4325203825290792e-05,2.4604195818758324e-05,3.6030046768551785e-05,5.253390362204967e-05,7.2113245334260386e-05,9.7376353075137524e-05
1136,7.5999999999999996,7521.7264459508915,1.2489964688809998,37.1412595071019,0,0.0052579289697946043,6.4472034453506253e-05,2.9199753499853718e-05,4.2759718382171731e-05,6.2346156218583387e-05,8.5582516223899288e-05,0.00011556425283938548
1137,7.5999999999999996,6489.8023681145405,1.4475956643978483,3.9320726744210708,0,0.0045604756100233656,5.5919952959213729e-05,2.5326466831289135e-05,3.708773052918963e-05,5.4076068057774303e-05,7.4230173158609304e-05,0.0001002348946690276
1138,7.5999999999999996,6260.1870019536354,1.5006915556914981,12.538888664351246,0,0.0043991216553623987,5.3941451959319522e-05,2.4430392401719413e-05,3.5775531429356191e-05,5.2162805455413236e-05,7.1603839192918253e-05,9.6688488979602109e-05
1139,7.5999999999999996,6504.5494688683812,1.4443136785791728,21.987066640413651,0,0.0045708386056111626,5.6047022650039939e-05,2.5384017421725422e-05,3.7172006824186292e-05,5.4198947797215615e-05,7.4398850073629599e-05,0.00010046266340633111
1140,7.5999999999999996,7768.9732198802449,1.2092472846786708,35.830250650483478,0,0.0054593669998739833,6.6942041121555919e-05,3.0318433660351163e-05,4.439789826005436e-05,6.4734717753712551e-05,8.8861292634994892e-05,0.00011999166819118899
1141,7.5999999999999996,6287.5787922314721,1.4941538040825624,3.5647697816914858,0,0.004445978895771272,5.4516009287003449e-05,2.4690612704709914e-05,3.6156594470633334e-05,5.2718417531438954e-05,7.2366527422549514e-05,9.7718366334179302e-05
1142,7.5999999999999996,5966.1078670235383,1.5746630768793692,11.651577959066035,0,0.0042166156598261615,5.1703587412312642e-05,2.3416850736832354e-05,3.4291314921864601e-05,4.9998731468507548e-05,6.8633216650531748e-05,9.2677181650420489e-05
1143,7.5999999999999996,6046.3685622406392,1.5537606869601874,20.852217132361663,0,0.004270430555078618,5.2363458589873215e-05,2.3715710170845127e-05,3.4728960576452246e-05,5.0636844285468524e-05,6.9509153577882577e-05,9.3859981607819466e-05
1144,7.5999999999999996,6995.8048483367447,1.3428919151618515,35.215408954987112,0,0.0049425175241929378,6.0604500733541373e-05,2.7448125336843184e-05,4.019465813394099e-05,5.8606149198028512e-05,8.0448611731183666e-05,0.00010863181075860725
1145,7.5999999999999996,6036.0845419593898,1.5564079173470105,3.7533044715078074,0,0.0042958880897699002,5.2675615536676127e-05,2.3857087839119037e-05,3.4935992094062525e-05,5.0938708278672047e-05,6.9923522027561777e-05,9.4419513886142669e-05
1146,7.5999999999999996,5315.0971005119973,1.7675330465696524,12.627413066866783,0,0.0037827605248630463,4.6383712729740575e-05,2.1007449037352261e-05,3.0763020131985268e-05,4.4854272466486908e-05,6.1571422103647009e-05,8.314146049470054e-05
1147,7.5999999999999996,4670.4775262386156,2.0114880583629478,22.708795609802202,0,0.0033239840560605333,4.0758255924787003e-05,1.8459647445218919e-05,2.7032054438257197e-05,3.9414307499731399e-05,5.4103986767416503e-05,7.3057992242841455e-05
1148,7.5999999999999996,5408.9640479064892,1.7368593482364947,36.284687014443222,0,0.0038495657358457542,4.720286945264304e-05,2.1378449806743977e-05,3.1306308568267388e-05,4.5646418603125575e-05,6.2658800439416336e-05,8.4609775174747609e-05
1149,7.5999999999999996,6092.2806235103399,1.5420513846042063,3.9478122313804138,0,0.0043617629204845193,5.3483364058927037e-05,2.4222921769124868e-05,3.5471714281640948e-05,5.1719822384663255e-05,7.0995756704136478e-05,9.5867379697223284e-05
1150,7.5999999999999996,5439.9331519879015,1.726971546966243,13.703698562034216,0,0.0038948682580994109,4.7758363030503715e-05,2.1630036028301488e-05,3.1674727979160286e-05,4.6183595530723491e-05,6.3396182756300057e-05,8.5605481310387546e-05
1151,7.5999999999999996,5122.3801982309269,1.8340321115027802,25.003317016205436,0,0.0036691912739377605,4.4991141491030979e-05,2.0376745551011531e-05,2.9839426600323484e-05,4.3507619383021619e-05,5.9722872548168885e-05,8.0645316917237568e-05
1152,7.5999999999999996,5282.1913444785987,1.7785440091452862,37.697430685551637,0,0.0037826566925017978,4.6382439550964241e-05,2.1006872407395641e-05,3.0762175722988597e-05,4.4853041269060671e-05,6.1569732039975139e-05,8.3139178358650933e-05
1153,7.5999999999999996,6280.4066484922769,1.4958601085388061,3.8315332066910148,0,0.0045406663864177386,5.5677054861096388e-05,2.5216456892084801e-05,3.6926633483639553e-05,5.3841179196289069e-05,7.3907741415930653e-05,9.9799506869294351e-05
1154,7.5999999999999996,6109.6641727473807,1.5376638560245039,13.526767162132867,0,0.0044186117335502035,5.4180436738239953e-05,2.4538629976256106e-05,3.5934033048405184e-05,5.2393910034115208e-05,7.1921076253801943e-05,9.7116862268114383e-05
1155,7.5999999999999996,6167.6355378526914,1.5232109149809299,25.131175247870964,0,0.0044604612890691998,5.4693590491511373e-05,2.4771040248865944e-05,3.6274371462767832e-05,5.289014323563895e-05,7.2602255152326968e-05,9.8036675495527021e-05
1156,7.5999999999999996,5814.8342234818147,1.6156281348389294,37.885941292429109,0,0.0042045318272296772,5.1555417044099894e-05,2.3349743528808465e-05,3.4193044047196787e-05,4.9855446818009678e-05,6.8436529931259485e-05,9.2411590560569095e-05
1157,7.5999999999999996,6426.8236686595592,1.4617811620839021,3.5549820279515987,0,0.0046816190811788888,5.7405398291591687e-05,2.5999233526347036e-05,3.8072920846557363e-05,5.5512532837141366e-05,7.6202007153542868e-05,0.0001028975123671523
1158,7.5999999999999996,6406.2743684991301,1.4664700933004964,12.413691010677887,0,0.0046658950995544747,5.7212592894094064e-05,2.5911910858029009e-05,3.7945046729206425e-05,5.5326084937147741e-05,7.5946070277977144e-05,0.00010255191428119021
1159,7.5999999999999996,6261.7234259619318,1.5003233346158669,23.578025474299636,0,0.0045601634648175142,5.5916125475696597e-05,2.5324733342092269e-05,3.7085192031394544e-05,5.4072366780355247e-05,7.4225092418208003e-05,0.00010022803401577443
1160,7.5999999999999996,5812.057107862569,1.6164001138551167,37.169316491573355,0,0.0042330852950553579,5.190553591637829e-05,2.3508314370458392e-05,3.4425253011995371e-05,5.0194020993482371e-05,6.8901290417275592e-05,9.3039168489864925e-05
1161,7.5999999999999996,6523.182120590016,1.4401881776729795,3.3769505714462311,0,0.0047874701766752294,5.8703330522130746e-05,2.6587074464088604e-05,3.8933747050157576e-05,5.6767667505874034e-05,7.7924929458061373e-05,0.00010522401826586985
1162,7.5999999999999996,6132.4570819195433,1.5319487189857111,11.252779839603971,0,0.0045005253777794154,5.518485108527597e-05,2.499353498419902e-05,3.6600189700391174e-05,5.336520517501313e-05,7.3254372277098946e-05,9.8917245869163653e-05
1163,7.5999999999999996,6030.3321867931036,1.557892580355096,21.518111552217025,0,0.0044262685007519465,5.4274323012031235e-05,2.4581151607145577e-05,3.5996301141250336e-05,5.24847005348678e-05,7.2045704297853171e-05,9.7285150692305301e-05
1164,7.5999999999999996,6078.7850326521293,1.5454749132299384,36.092282284059287,0,0.0044627852002685469,5.4722085985416279e-05,2.4783946021189289e-05,3.6293270498681044e-05,5.2917699129129516e-05,7.264008110415392e-05,9.8087752842322768e-05
1165,7.5999999999999996,6423.6552864107871,1.4625021661351834,3.2710003175761373,0,0.0047623532107925002,5.8395349585328146e-05,2.644758813465107e-05,3.8729485183188678e-05,5.6469841824382817e-05,7.7516104395474464e-05,0.00010467197136441783
1166,7.5999999999999996,6078.5126401895131,1.5455441695994556,10.588638249486213,0,0.0045069109107585582,5.5263149651993078e-05,2.5028996853316556e-05,3.6652119574962847e-05,5.3440921952273453e-05,7.3358308633585538e-05,9.9057593780281356e-05
1167,7.5999999999999996,6048.6649568599041,1.5531707968428459,20.030183086292503,0,0.0044841133589831814,5.4983609066343989e-05,2.4902391321734575e-05,3.6466720171639188e-05,5.3170598839779143e-05,7.2987236324337972e-05,9.855652538384168e-05
1168,7.5999999999999996,6364.5327477158062,1.4760878988725712,35.162545154382428,0,0.0047181279598406747,5.7853065366682183e-05,2.6201984507504141e-05,3.8369826601464853e-05,5.5945438695225241e-05,7.679625666097027e-05,0.0001036999426222567
1169,7.5999999999999996,5974.5548263551,1.5724367829783348,3.0950837958084962,0,0.0044559641859389697,5.4638447603576072e-05,2.4746065719232604e-05,3.6237799104242472e-05,5.2836818609935738e-05,7.2529056483456688e-05,9.7937833467387752e-05
1170,7.5999999999999996,5852.0273907284891,1.6053598426018321,10.128502266999298,0,0.0043645803287620825,5.3517910749189331e-05,2.4238568162920961e-05,3.5494626646035426e-05,5.1753229944486443e-05,7.1041615233418464e-05,9.5929303638077297e-05
1171,7.5999999999999996,5679.1183114941377,1.6542373755213842,19.348826556384672,0,0.004235620651114937,5.1936624119388277e-05,2.3522394395578431e-05,3.4445871607592409e-05,5.022408410499801e-05,6.8942558025177639e-05,9.3094893192573967e-05
1172,7.5999999999999996,5826.8614929321902,1.612293304427586,34.765408085193876,0,0.004345811007440829,5.328776379630266e-05,2.4134333290390617e-05,3.5341986528884387e-05,5.1530671776444588e-05,7.0736109823262553e-05,9.5516771896539184e-05
1173,7.5999999999999996,5563.7910386721733,1.6885267087822851,2.9040469240015172,0,0.0041745398320217593,5.1187659137996079e-05,2.3183183867757318e-05,3.3949136364879786e-05,4.949981523202177e-05,6.7948354752170098e-05,9.1752395174462379e-05
1174,7.5999999999999996,5631.5109114273419,1.6682218890525733,9.7136442631423172,0,0.0042256741412003713,5.1814661321186183e-05,2.3467156746048044e-05,3.4364982351523028e-05,5.0106142865295905e-05,6.87806601845973e-05,9.2876278412260338e-05
1175,7.5999999999999996,5595.076122821798,1.6790852465012498,19.326644946529175,0,0.0041989115989579306,5.1486502543190087e-05,2.3318531756817882e-05,3.4147337956543227e-05,4.9788804679664459e-05,6.8345050323982175e-05,9.2288063315385224e-05
1176,7.5999999999999996,5484.4020294992633,1.7129688378696852,34.96704760738838,0,0.0041152788126749707,5.0461008302082387e-05,2.2854079544169644e-05,3.3467200508981736e-05,4.8797124725723104e-05,6.6983772084958933e-05,9.0449894615277475e-05
1177,7.5999999999999996,5562.8132660014417,1.6888235002061027,2.7702698843016114,0,0.0042269750643283109,5.18306130697183e-05,2.3474381384280384e-05,3.4375562012622891e-05,5.012156862647085e-05,6.8801835113992994e-05,9.2904871459094073e-05
1178,7.5999999999999996,5676.4511205647177,1.655014651116538,9.390448751878111,0,0.0043131938154162388,5.2887816071625014e-05,2.3953194676223939e-05,3.5076729627659418e-05,5.1143911787662145e-05,7.0205204711828228e-05,9.479987719375894e-05
1179,7.5999999999999996,5699.7704627096946,1.6482435270586775,19.389487063712636,0,0.0043305738169890588,5.3100927368229053e-05,2.404971400249647e-05,3.5218071204733733e-05,5.1349996027172252e-05,7.0488096374139023e-05,9.5181873015240864e-05
1180,7.5999999999999996,5518.0834270990981,1.7025131814326919,35.21930819613614,0,0.0041928209428266873,5.141181971765292e-05,2.3284707477580493e-05,3.409780614612305e-05,4.9716584419403506e-05,6.8245913633440937e-05,9.2154196515519297e-05
1181,7.5999999999999996,5708.0299078349399,1.6458585400868859,2.7054128283733374,0,0.0043656244833671209,5.3530714035817497e-05,2.4244366844732377e-05,3.5503118156117698e-05,5.1765611060035176e-05,7.1058610780322826e-05,9.5952253158215967e-05
1182,7.5999999999999996,5609.2648580915156,1.6748379704926073,9.1898563206947763,0,0.0042900868414446373,5.2604481391645201e-05,2.3824870777598761e-05,3.4888813871215026e-05,5.0869919685971873e-05,6.9829095984196054e-05,9.4292007993214839e-05
1183,7.5999999999999996,5627.7044848328833,1.6693502290677715,19.192625121731652,0,0.0043041898660023331,5.2777410826486525e-05,2.3903191508641879e-05,3.5003505675134067e-05,5.1037147006325528e-05,7.0058648786249644e-05,9.4601978992280903e-05
1184,7.5999999999999996,5586.6242338887569,1.6816255000458595,35.158181629410208,0,0.0042727708033484437,5.2392154406790626e-05,2.3728706670607662e-05,3.4747992472382561e-05,5.066459389659089e-05,6.954724544573984e-05,9.3911418027808159e-05
1185,7.5999999999999996,6051.3673122892096,1.5524771983024033,2.6788059279679564,0,0.0046538141259727809,5.7064457582745174e-05,2.5844819527459457e-05,3.7846799105264893e-05,5.5182834187561009e-05,7.5749430094457102e-05,0.00010228638602975106
1186,7.5999999999999996,5625.0177809305833,1.6701475687295135,9.2716778955579073,0,0.0043254230560380007,5.3037769413945893e-05,2.4021109403428742e-05,3.5176183022335992e-05,5.128892062110571e-05,7.0404258215580454e-05,9.5068664213014212e-05
1187,7.5999999999999996,5634.9407543140287,1.6672064854788615,19.478770297142837,0,0.0043327613460397733,5.3127750562139792e-05,2.4061862380578714e-05,3.52358611229123e-05,5.1375934762501699e-05,7.0523702454317847e-05,9.5229952812773795e-05
1188,7.5999999999999996,5620.1251157188108,1.6716015350985531,35.33589832955289,0,0.0043211478393452608,5.2985347268364626e-05,2.3997367113583518e-05,3.5141415138849073e-05,5.1238227024953103e-05,7.0334671158762269e-05,9.4974699036675538e-05
1189,7.5999999999999996,6188.0328548661291,1.5181900276262736,2.6992694444699294,0,0.0048071294442161459,5.8944389878677774e-05,2.669625162670913e-05,3.9093624589104666e-05,5.7000778255808102e-05,7.8244920388508685e-05,0.00010565611017463984
1190,7.5999999999999996,5729.2512079339322,1.6397622359221629,9.6931229481958177,0,0.0044511260110541651,5.457912253858239e-05,2.4719197057666983e-05,3.6198453004904423e-05,5.2779449708812551e-05,7.2450306241117628e-05,9.7831495008104499e-05
1191,7.5999999999999996,5560.0566886130473,1.6896607889127433,20.645633013262803,0,0.0043192549125525437,5.2962136448648515e-05,2.3986854800454504e-05,3.5126021051739937e-05,5.1215781550659507e-05,7.0303860275070413e-05,9.4933094315170793e-05
1192,7.5999999999999996,5433.8411114447208,1.7289077060230251,36.101779509536911,0,0.0042209735164304334,5.1757022877635224e-05,2.3441051964989571e-05,3.432675486831862e-05,5.0050404971551983e-05,6.8704148824716505e-05,9.2772963173021292e-05
1193,7.5999999999999996,5959.0646741999681,1.5765242172242016,2.7536819411193356,0,0.0046755408336414282,5.7330867618601748e-05,2.5965478157869344e-05,3.8023489948108172e-05,5.5440459712402949e-05,7.6103072435809724e-05,0.00010276391829631666
1194,7.5999999999999996,5696.13156744357,1.6492964847540921,10.323683882636148,0,0.004469556384399687,5.4805113355907927e-05,2.4821549592608235e-05,3.6348336652717108e-05,5.299798878424849e-05,7.2750294646232441e-05,9.8236576997127526e-05
1195,7.5999999999999996,5378.6656479008925,1.7466431984943864,22.067826833741748,0,0.0042202850625888801,5.1748581147051326e-05,2.3437228656880071e-05,3.4321156068381789e-05,5.0042241595629386e-05,6.869294296545088e-05,9.2757831615658965e-05
1196,7.5999999999999996,5093.8365554720258,1.8443092291191381,36.947824892224943,0,0.0039963884942923302,4.9003190833077407e-05,2.2193825666600079e-05,3.2500333789858476e-05,4.7387376818259306e-05,6.5048612317624845e-05,8.7836799061370962e-05
1197,7.5999999999999996,5492.9358680588011,1.7103075653059727,2.8315750703241207,0,0.0043519581723138901,5.3363139524610158e-05,2.4168471389259488e-05,3.5391977892467056e-05,5.1603562091943134e-05,7.0836166298065078e-05,9.5651880704535039e-05
1198,7.5999999999999996,5332.2137953509455,1.7618591698390782,10.731556518663183,0,0.0042246399996916971,5.1801980813830518e-05,2.3461413671672046e-05,3.43565722722062e-05,5.0093880480539033e-05,6.8763827619351109e-05,9.2853548970408479e-05
1199,7.5999999999999996,5070.7214615171815,1.8527165891834629,22.612486533432815,0,0.0040177849327500499,4.9265551151247e-05,2.2312650156685311e-05,3.2674338742776145e-05,4.7641086159383861e-05,6.5396878916881124e-05,8.8307072326376069e-05
1200,7.5999999999999996,4745.039500590784,1.9798802032547496,37.162505085093755,0,0.0037599158146173475,4.6103593893122169e-05,2.0880581612595846e-05,3.0577237215890352e-05,4.458339017006778e-05,6.1199582203095977e-05,8.2639355600160747e-05
1201,7.5999999999999996,4928.4537618972208,1.9061982164696254,2.8419052891062209,0,0.00392547273122551,4.8133631060397685e-05,2.1799997067411896e-05,3.1923616592837747e-05,4.6546489604315692e-05,6.3894327146017926e-05,8.6278138375684273e-05
1202,7.5999999999999996,4826.5240626734994,1.9464545600292009,10.540601692590798,0,0.0038442865673421929,4.7138136981816076e-05,2.1349132100119612e-05,3.1263376120948089e-05,4.5583820598071103e-05,6.2572872210507158e-05,8.4493744097258343e-05
1203,7.5999999999999996,4726.0004715800078,1.9878562914617461,22.084642321091188,0,0.0037642203569755446,4.6156375626161655e-05,2.0904486761659498e-05,3.0612243588182181e-05,4.463443149676797e-05,6.1269646589344484e-05,8.2733965326594534e-05
1204,7.5999999999999996,6815.2563959555473,1.3784675476709349,36.750026272900207,0,0.0048436919380892354,5.9392714376447479e-05,2.6899300358361326e-05,3.9390966365751805e-05,5.7434319858946512e-05,7.8840042582637934e-05,0.00010645971884083932
1205,7.5999999999999996,7011.1885911999434,1.3399453813969706,3.1378831529264684,0,0.0050119779748361969,6.1456215656423494e-05,2.7833871901398078e-05,4.0759540110336447e-05,5.942977997198836e-05,8.1579209002133159e-05,0.00011015848506831913
1206,7.5999999999999996,6868.1167485121223,1.3678581938661283,10.823333972432001,0,0.0049093300099448131,6.0197559792664622e-05,2.726381945502448e-05,3.9924763129423734e-05,5.8212626584903352e-05,7.9908423570999762e-05,0.0001079023809185098
1207,7.5999999999999996,6784.4956069919481,1.3847174963455831,21.886849518209406,0,0.0048494266937222329,5.9463033196818968e-05,2.6931148154675692e-05,3.9437603841698366e-05,5.7502320011216398e-05,7.8933386334487863e-05,0.00010658576328794977
1208,7.5999999999999996,6799.5299707111835,1.3816557631701838,36.651398698703879,0,0.0042534308510861962,5.2155010452251902e-05,2.3621302815971981e-05,3.4590711741317331e-05,5.0435269443573573e-05,6.9232451961886852e-05,9.3486344363638183e-05
1209,7.5999999999999996,6764.275143453151,1.388856835602575,3.317895742171538,0,0.0042655991690992148,5.2304216769545916e-05,2.3688879211265476e-05,3.4689669687385156e-05,5.0579555884131313e-05,6.9430513837532044e-05,9.3753792362187604e-05
1210,7.5999999999999996,6632.3230384431135,1.4164885691525075,11.17883396819858,0,0.0041823917329236468,5.1283938115589758e-05,2.3226789167896878e-05,3.4012991368105994e-05,4.9592919540401392e-05,6.8076158958005629e-05,9.1924972450859282e-05
1211,7.5999999999999996,6556.9940948976346,1.4327616640972682,22.119681864296371,0,0.0041349587276424743,5.0702320834662403e-05,2.2963371371664913e-05,3.3627245961598109e-05,4.9030480303552515e-05,6.7304099090452333e-05,9.0882440334747507e-05
1212,7.5999999999999996,6656.4916291042828,1.4113455397142389,36.708743638269333,0,0.0035980182330779013,4.4118427011843772e-05,1.9981488167185729e-05,2.9260617110683444e-05,4.2663681484755611e-05,5.8564399704757482e-05,7.908100151158499e-05
1213,7.5999999999999996,6313.0979212445864,1.4881140587519051,3.3097150945274216,0,0.0034340171674562829,4.2107467485020464e-05,1.9070713084948042e-05,2.7926890576787266e-05,4.0719030631539739e-05,5.5894979113507614e-05,7.5476414853548467e-05
1214,7.5999999999999996,6244.1294587499733,1.5045507677161816,11.269872049461855,0,0.0031139308020736549,3.8182610512703368e-05,1.7293122892777387e-05,2.5323811889273396e-05,3.6923590515435723e-05,5.068498165713691e-05,6.8441222504618169e-05
1215,7.5999999999999996,6200.2781661276604,1.5151916606265479,22.314939024974251,0,0.003092201782533022,3.7916172128976146e-05,1.7172451423454597e-05,2.5147102245302213e-05,3.6665937577455874e-05,5.0331301685792934e-05,6.7963639425316176e-05
1216,7.5999999999999996,6236.4248628964724,1.5064095178592793,36.804782070039813,0,0.0033925588078034352,4.1599110524080257e-05,1.8840475307046162e-05,2.7589733533866657e-05,4.0227436054600515e-05,5.5220167651049859e-05,7.4565199737339883e-05
1217,7.5999999999999996,5832.7165941763888,1.6106748235053012,3.1805512737802264,0,0.0031951763311768096,3.9178832519813623e-05,1.774431754306761e-05,2.5984535144421734e-05,3.7886963447749148e-05,5.2007402871370553e-05,7.0226921573830474e-05
1218,7.5999999999999996,5867.8883429614743,1.6010205412566039,11.115342136557594,0,0.0025180481326503778,3.087597548320704e-05,1.3983906058173742e-05,2.0477840161672936e-05,2.9857881904833973e-05,4.0985889387837928e-05,5.5344291019343725e-05
1219,7.5999999999999996,5831.3443339204541,1.6110538553235176,22.385279709667326,0,0.0025023016140781028,3.0682893740614735e-05,1.3896458231580287e-05,2.0349782764260735e-05,2.9671166771851826e-05,4.0729585681773536e-05,5.4998197592810133e-05
1220,7.5999999999999996,5728.3885563449694,1.6400091715977767,36.900488846889949,0,0.0031377167371981875,3.847427052516596e-05,1.7425217382145697e-05,2.551724924706664e-05,3.7205633433017607e-05,5.1072141732974805e-05,6.89640146223025e-05
1221,7.5999999999999996,7515.5218001006724,1.2500276122884313,7.0539772509584457,0,0.0034596964513158106,4.2422343490999961e-05,1.921332223068937e-05,2.8135725453104006e-05,4.1023524026616923e-05,5.6312956940928129e-05,7.6040820966625475e-05
1222,7.5999999999999996,7541.6967209537606,1.2456891490716704,16.707486499640005,0,0.002798031054330487,3.4309089296012783e-05,1.5538782958221975e-05,2.2754780559999919e-05,3.3177793427770612e-05,4.5543129144167061e-05,6.1498048009524971e-05
1223,7.5999999999999996,7397.8925665367315,1.2699035146004443,29.682137745266409,0,0.0034053375811281318,4.1755802164229127e-05,1.8911441847913342e-05,2.7693655962597178e-05,4.0378960999604579e-05,5.542816581566278e-05,7.4846064960121708e-05
1224,7.5999999999999996,7408.4877318780591,1.2680873763828118,7.1961517920831586,0,0.0039472967603546823,4.840123443922106e-05,2.1921196169683212e-05,3.210109889525922e-05,4.6805269123252299e-05,6.4249553574094077e-05,8.6757809674925179e-05
1225,7.5999999999999996,7332.5546918444934,1.2812191883587978,16.898908538405557,0,0.0027398214822993306,3.3595331168986744e-05,1.5215517816298968e-05,2.2281395521613558e-05,3.248757051070197e-05,4.4595660726209851e-05,6.0218657257286687e-05
1226,7.5999999999999996,7165.4718731549219,1.3110943615699517,29.831077159596944,0,0.0038178301040626009,4.681373130386216e-05,2.1202206911384664e-05,3.1048220890490915e-05,4.5270111759078343e-05,6.2142244350971601e-05,8.391225632341378e-05
1227,7.5999999999999996,7351.8024708125949,1.2778648240590054,7.2328078189147442,0,0.0046096837686029971,5.652333693673892e-05,2.559974288902239e-05,3.7487912238577099e-05,5.4659556263807328e-05,7.5031126928464816e-05,0.00010131644295781691
1228,7.5999999999999996,7283.3747069056953,1.2898704445308911,16.952715335592359,0,0.0030445643392411105,3.7332048056011916e-05,1.6907898286757999e-05,2.4759694261795661e-05,3.6101074206650873e-05,4.9555914211596151e-05,6.6916613957145317e-05
1229,7.5999999999999996,7215.5051176419192,1.3020030639174054,29.865938485929576,0,0.0045244106650190402,5.5477729340324962e-05,2.5126181222609025e-05,3.6794435031910649e-05,5.3648426165277965e-05,7.3643149492318263e-05,9.9442221651369623e-05
1230,7.5999999999999996,7423.3833798330643,1.2655428515794589,7.1767039497824996,0,0.0046865833286943168,5.7466269242623742e-05,2.6026802328549479e-05,3.8113292222237503e-05,5.557139665079929e-05,7.628280946106152e-05,0.00010300662178234712
1231,7.5999999999999996,7381.7552457775209,1.2726796619618836,16.97664496450863,0,0.0031068551691756838,3.8095850031419005e-05,1.7253828574108744e-05,2.5266269828163222e-05,3.683969084380903e-05,5.0569812648433351e-05,6.8285706856933081e-05
1232,7.5999999999999996,7399.6471141258698,1.2696024048156644,29.974293916738787,0,0.004671633749321235,5.7282959463822301e-05,2.5943780280300403e-05,3.7991715873907743e-05,5.5394131264303834e-05,7.6039477414054573e-05,0.00010267804431763848
1233,7.5999999999999996,7342.4548455652912,1.279491664365586,7.0345530076792926,0,0.0046659654477691674,5.7213455494663122e-05,2.5912301534765034e-05,3.7945618830858278e-05,5.5326919094628399e-05,7.5947215325249543e-05,0.00010255346046770514
1234,7.5999999999999996,7286.1034030941546,1.289387379115692,16.888327446713745,0,0.0030867613984570477,3.784946285397424e-05,1.7142238410902395e-05,2.5102858724266477e-05,3.6601427950673478e-05,5.0242749375345019e-05,6.7844064983647027e-05
1235,7.5999999999999996,7272.2965379071875,1.2918353537856511,30.000350858071755,0,0.0046212664631199328,5.6665362415639505e-05,2.566406704149793e-05,3.7582107644885573e-05,5.4796898644416397e-05,7.5219656698856683e-05,0.0001015710195117046
1236,7.5999999999999996,7069.5668380755669,1.3288805362562834,6.6458557755482168,0,0.0045190568687452203,5.5412081793580668e-05,2.5096449072862987e-05,3.6750895679770449e-05,5.3584943257698275e-05,7.3556006558456684e-05,9.9324550326824814e-05
1237,7.5999999999999996,7025.1948755449366,1.3372739030463932,16.370799762682097,0,0.0029938174483574551,3.6709796345071215e-05,1.6626076924544998e-05,2.434699892577619e-05,3.5499340405221568e-05,4.8729914728280094e-05,6.5801245803147492e-05
1238,7.5999999999999996,6944.0733814663872,1.3528960963971881,29.639836760849427,0,0.0044388452277485417,5.4428537186641606e-05,2.4650996089687125e-05,3.609858044316431e-05,5.2633829705412457e-05,7.2250413784879903e-05,9.7561575129926265e-05
1239,7.5999999999999996,6958.3960913226856,1.3501113830810578,6.4313333779531519,0,0.0044615235511434774,5.4706615809549127e-05,2.4776939489973865e-05,3.6283010230504166e-05,5.2902739061411506e-05,7.2619545431775039e-05,9.8060023000531119e-05
1240,7.5999999999999996,6922.0339469375376,1.3572036547202839,15.990105708968903,0,0.0029588061262746266,3.6280492112063459e-05,1.6431642579692576e-05,2.4062271938962645e-05,3.5084191899310805e-05,4.8160040723251289e-05,6.5031730410173446e-05
1241,7.5999999999999996,6829.8264786687396,1.3755268600488195,29.322062165515078,0,0.0043790884113082658,5.3695806951885351e-05,2.4319138371559713e-05,3.5612612554080949e-05,5.1925260260234847e-05,7.1277761103212317e-05,9.6248177424545979e-05
1242,7.5999999999999996,7003.9717257755974,1.3413260559445175,6.6145644586031533,0,0.0045084581685893611,5.528212192429821e-05,2.5037589504057888e-05,3.6664702534810694e-05,5.345926863953071e-05,7.3383493115758647e-05,9.9091601028419136e-05
1243,7.5999999999999996,6941.5039295530923,1.353396881457408,16.096043428888724,0,0.0029788053340012253,3.652571977051973e-05,1.6542707590110903e-05,2.4224914016322112e-05,3.5321333507029999e-05,4.8485564808791311e-05,6.5471293879284796e-05
1244,7.5999999999999996,6844.162392888984,1.3726456550245509,29.278297659479808,0,0.0044055348280862602,5.4020089440956182e-05,2.4466007767344265e-05,3.5827686082107096e-05,5.2238849972331508e-05,7.1708225437357758e-05,9.6829444385888606e-05
1245,7.5999999999999996,7045.3238645744277,1.3334532168378861,6.7654139558083362,0,0.0045737650849115097,5.6082906754858274e-05,2.5400269538230505e-05,3.7195806200604829e-05,5.4233648672156687e-05,7.4446483935486558e-05,0.00010052698462400775
1246,7.5999999999999996,7003.6953405190097,1.3413789883934768,16.24471801670218,0,0.0030312335961114557,3.7168588234610117e-05,1.683386639785422e-05,2.4651282979459267e-05,3.5943004252026944e-05,4.9338931717780749e-05,6.6623616965663985e-05
1247,7.5999999999999996,6934.4851357825346,1.3547667327750852,29.320980634612127,0,0.0045020223462546357,5.5203206716107929e-05,2.5001848354486941e-05,3.6612363685774985e-05,5.3382955553716711e-05,7.3278738207021768e-05,9.8950147805336011e-05
1248,7.5999999999999996,7117.4292896655616,1.3199442366814067,6.9078005406268739,0,0.0046537772545095822,5.7064005469706117e-05,2.5844614762875767e-05,3.7846499250818058e-05,5.5182396982338611e-05,7.5748829943215898e-05,0.00010228557563023442
1249,7.5999999999999996,7083.6398011636138,1.3262404688248355,16.438630274353891,0,0.0030877572006822755,3.7861673250071749e-05,1.7147768569198237e-05,2.5110957012196895e-05,3.6613235725455814e-05,5.0258957897861385e-05,6.7865951764696245e-05
1250,7.5999999999999996,7053.046270968669,1.3319932139891146,29.456350239642319,0,0.0046116396484737676,5.6547319678829895e-05,2.5610604810214159e-05,3.7503818286936437e-05,5.4682748207378333e-05,7.5062962489906183e-05,0.00010135943132780206
1251,7.5999999999999996,7337.966859284983,1.2802742164192489,7.1084873432852529,0,0.0048225857484958529,5.9133913051731225e-05,2.6782087756785988e-05,3.9219321840251679e-05,5.7184052158274349e-05,7.8496500320337096e-05,0.00010599582496843104
1252,7.5999999999999996,7197.0011082941246,1.3053506077767247,16.681221234670588,0,0.003153211064655664,3.866425993343128e-05,1.7511264672819159e-05,2.5643255718894029e-05,3.7389358197219482e-05,5.1324340562328655e-05,6.9304565129195704e-05
1253,7.5999999999999996,7113.4779026614187,1.3206774378769941,29.571365750959554,0,0.0046748320273852758,5.7322176329383113e-05,2.5961541823225474e-05,3.8017725633665221e-05,5.543205500670444e-05,7.6091535303363607e-05,0.00010274833941233579
1254,7.5999999999999996,7485.0847008719747,1.2551106829542051,7.0657919820904409,0,0.0049477769687398532,6.0668991351802477e-05,2.7477333507055893e-05,4.0237430177641976e-05,5.8668513325278742e-05,8.0534218916227605e-05,0.00010874740832238305
1255,7.5999999999999996,7260.3839930513386,1.2939549450652683,16.70504232355389,0,0.0031994886066774261,3.9231709075629787e-05,1.7768265637909672e-05,2.6019604405922215e-05,3.7938096470573061e-05,5.2077593128810996e-05,7.0321701267342718e-05
1256,7.5999999999999996,7077.7044222643435,1.3273526570746386,29.62537222833123,0,0.0046783864380690945,5.7365760046353339e-05,2.5981281138153652e-05,3.8046631615607501e-05,5.5474201609488813e-05,7.614938990957108e-05,0.00010282646196159797
1257,7.5999999999999996,7494.3527548262628,1.2535585230934712,6.9446607882671731,0,0.0049822099713616123,6.1091204307534827e-05,2.7668556171833438e-05,4.0517454024220589e-05,5.9076804379202001e-05,8.1094679702678547e-05,0.00010950421280640324
1258,7.5999999999999996,7260.1406778597757,1.2939983104639983,16.580536370120097,0,0.0032176677281421586,3.9454619075392389e-05,1.7869222852939303e-05,2.6167444766401187e-05,3.8153656314243043e-05,5.2373491944985468e-05,7.0721260980191088e-05
1259,7.5999999999999996,7014.3575698609493,1.3393400147217949,29.60265133590438,0,0.0046630734565345023,5.7177994277976532e-05,2.589624094671581e-05,3.792209992608258e-05,5.529262716365424e-05,7.5900142820432159e-05,0.00010248989726474593
1260,7.5999999999999996,7553.2238216194582,1.2437880821155429,7.0664483948384689,0,0.0050480976426243145,6.1899110278899847e-05,2.8034461411444435e-05,4.1053280636606403e-05,5.9858070742635506e-05,8.2167123382916285e-05,0.00011095236084045678
1261,7.5999999999999996,7325.1215560038536,1.2825193000628692,16.646107985124932,0,0.0032637802551050009,4.002004482461143e-05,1.8125307411765697e-05,2.6542451480669993e-05,3.8700437913267062e-05,5.3124058586260695e-05,7.1734770245076624e-05
1262,7.5999999999999996,7121.8509574016525,1.3191247369643133,29.601124831541604,0,0.0047599432092217224,5.8365798462595833e-05,2.6434204261988422e-05,3.8709886023698493e-05,5.6441265109999285e-05,7.7476877163665963e-05,0.00010461900183354957
1263,7.5999999999999996,7590.5882350227075,1.2376655774232486,7.381549877684586,0,0.0051042065996936116,6.258711094115744e-05,2.8346060850114934e-05,4.1509582579212185e-05,6.0523385512538311e-05,8.3080400408200395e-05,0.00011218558208375626
1264,7.5999999999999996,7420.7323189909293,1.2659949674830713,17.006357650668811,0,0.0033267288445634796,4.0791912160910799e-05,1.8474890547237925e-05,2.705437622770678e-05,3.9446853966938303e-05,5.4148663275588076e-05,7.3118320070464721e-05
1265,7.5999999999999996,7337.9435272300861,1.2802782872366636,29.770057706003634,0,0.0049345459127853137,6.0506753881449075e-05,2.7403855227939768e-05,4.0129829593882673e-05,5.8511625416328775e-05,8.0318859015515037e-05,0.0001084566023597224
1266,7.5999999999999996,7463.6078556679931,1.2587223166805404,7.7500411308824653,0,0.0050350065693381511,6.1738589257640821e-05,2.7961760521949645e-05,4.0946818451542193e-05,5.9702842685189924e-05,8.1954041958968277e-05,0.00011066463156304125
1267,7.5999999999999996,7374.4069661548783,1.2739478325509315,17.4886935748174,0,0.0033165539810049148,4.0667149320317852e-05,1.8418384742478767e-05,2.6971629902520446e-05,3.9326205012460353e-05,5.3983048557211449e-05,7.289468629533325e-05
1268,7.5999999999999996,7307.2493527347142,1.2856561090755161,30.038743293932608,0,0.0049295259352178768,6.0445199575838848e-05,2.7375976930536736e-05,4.0089004997677296e-05,5.8452100780786686e-05,8.0237149598351581e-05,0.00010834626805125531
1269,7.5999999999999996,7325.7574041288535,1.2824079822226466,8.0460770305795322,0,0.0049519912414182025,6.0720666209883648e-05,2.7500737346114176e-05,4.0271702438440308e-05,5.8718484274726991e-05,8.0602813996522284e-05,0.0001088400340075402
1270,7.5999999999999996,7232.8360468962273,1.2988832748272976,17.980285364149765,0,0.0032594197495945687,3.9966576878749417e-05,1.8101091472986221e-05,2.6506989992182582e-05,3.8648733000685099e-05,5.3053083296230192e-05,7.1638930502050419e-05
1271,7.5999999999999996,7069.83081018552,1.3288309187465508,30.440165377389903,0,0.0047788679285979407,5.8597850886022572e-05,2.6539302133034989e-05,3.8863789904035685e-05,5.6665665918264413e-05,7.7784911964507179e-05,0.00010503494907579485
1272,7.5999999999999996,7464.3499327266582,1.2585971793326325,8.2094374552858795,0,0.0050710748833947758,6.2180854187406386e-05,2.8162064840562358e-05,4.1240141347389771e-05,6.013052452639272e-05,8.2541120462815078e-05,0.00011145737862924838
1273,7.5999999999999996,7258.2821324515262,1.294329649832503,18.354360129382876,0,0.0032872886131649782,4.0308301223565298e-05,1.8255860385090563e-05,2.6733631463519999e-05,3.897918944689742e-05,5.3506700582115547e-05,7.2251461484210678e-05
1274,7.5999999999999996,7033.3487099606346,1.3357235874821396,30.864894738754003,0,0.004778114046272073,5.8588606879957362e-05,2.6535115469767058e-05,3.885765901179036e-05,5.6656726720810625e-05,7.7772641135677982e-05,0.00010501837946288867
1275,7.5999999999999996,7666.6785706621067,1.2253819805139117,7.9607829726563404,0,0.0052341583935259905,6.4180562769317704e-05,2.9067744305438885e-05,4.2566405929138046e-05,6.2064295419405146e-05,8.5195606141840957e-05,0.00011504179829467312
1276,7.5999999999999996,7450.9046248963523,1.26086834335397,18.118206774492794,0,0.0033912940308727041,4.1583601995470886e-05,1.8833451405654227e-05,2.7579447829041616e-05,4.0212438898770145e-05,5.5199581067850328e-05,7.4537401149369576e-05
1277,7.5999999999999996,7258.5690455891317,1.2942784882084148,30.848301410273521,0,0.0049556873293736033,6.0765987154950182e-05,2.7521263461592626e-05,4.0301760600312902e-05,5.8762310822858172e-05,8.0662974662294904e-05,0.00010892127048780617
1278,7.5999999999999996,7671.5352827998468,1.2246062130412032,7.4075675725426589,0,0.0052597259942419889,6.4494069331259669e-05,2.9209733222135681e-05,4.277433255055199e-05,6.2367464526011821e-05,8.5611766119591409e-05,0.00011560374971901035
1279,7.5999999999999996,7585.9982302015342,1.2384144427399786,17.325206658783351,0,0.0034674509807982885,4.251742851303756e-05,1.925638678152231e-05,2.8198788590465091e-05,4.1115473748511905e-05,5.6439176246866906e-05,7.6211258112298549e-05
1280,7.5999999999999996,7460.3379039387091,1.2592740291189199,30.330435073557588,0,0.0051150618998685796,6.2720217206172464e-05,2.8406345439560114e-05,4.1597862504844904e-05,6.0652102778289929e-05,8.3257090490678975e-05,0.0001124241712053047
1281,7.5999999999999996,7789.8840561200241,1.2060012322649065,7.4779838262298446,0,0.0053654275216662118,6.5790167577742636e-05,2.9796743537998868e-05,4.363394240287028e-05,6.3620825683834948e-05,8.7332253927175439e-05,0.00011792696825447097
1282,7.5999999999999996,7648.3665025728433,1.228315845968055,17.246889579464877,0,0.0035118481803511539,4.3061821142845824e-05,1.9502945320155082e-05,2.8559845531466669e-05,4.1641915766822145e-05,5.716182276279678e-05,7.7187066120349367e-05
1283,7.5999999999999996,7489.9449255985437,1.2542962417217969,30.139319975916763,0,0.005158567941875177,6.3253682579192643e-05,2.8647954961036123e-05,4.1951672173026426e-05,6.1167977851342032e-05,8.3965231769737124e-05,0.00011338039242232273
1284,7.5999999999999996,8053.0973291071168,1.1665834134309563,7.7993864904324495,0,0.00557126877289263,6.8314165965180127e-05,3.0939876857304183e-05,4.530793115099506e-05,6.6061598634347486e-05,9.0682700904271211e-05,0.00012245116219816255
1285,7.5999999999999996,7782.1768007382361,1.2071956229509333,17.615074476132492,0,0.0035892205243967289,4.4010550663482485e-05,1.9932630351431745e-05,2.9189070395660019e-05,4.2559362213241494e-05,5.8421200728456177e-05,7.8887636284272306e-05
1286,7.5999999999999996,7620.7544465176607,1.2327663667439654,30.276529076154045,0,0.0052722433640391368,6.4647555675686365e-05,2.9279248066220291e-05,4.2876129134432518e-05,6.2515889865589818e-05,8.5815509458441949e-05,0.00011587886954212546
1287,7.5999999999999996,8018.5185088363596,1.1716141529795925,7.4264817828877323,0,0.0055678994389665509,6.82728516351054e-05,3.0921165360692991e-05,4.5280530292093718e-05,6.6021646588491662e-05,9.0627858764514495e-05,0.00012237710745912546
1288,7.5999999999999996,7831.4892383015167,1.1995942897980651,17.027145356055026,0,0.0036254209199949633,4.4454435159763744e-05,2.0133668180991265e-05,2.9483467434873765e-05,4.2988610217942137e-05,5.9010429103619735e-05,7.9683286376510724e-05
1289,7.5999999999999996,7734.2705198215335,1.214673025310508,29.735158539545132,0,0.0053706312834038905,6.5853975420710235e-05,2.9825642475372328e-05,4.3676261610244386e-05,6.3682529549384558e-05,8.741695477153804e-05,0.00011804134196332549
1290,7.5999999999999996,7717.582103566484,1.2172996211520728,6.9092236952368218,0,0.0053769117158685544,6.5930985258722658e-05,2.986052067188167e-05,4.3727336762657057e-05,6.3757000092028171e-05,8.7519180422814045e-05,0.00011817937986559777
1291,7.5999999999999996,7572.8734474504809,1.2405607773683753,16.111367873779624,0,0.0035173494644955548,4.3129277166488186e-05,1.9533496539441607e-05,2.8604584317803692e-05,4.1707147519217428e-05,5.7251366334466381e-05,7.7307979087309759e-05
1292,7.5999999999999996,7439.6064204243494,1.2627831688904902,28.84719158548755,0,0.0051831187567234439,6.3554721446368691e-05,2.8784297187397152e-05,4.215132985858959e-05,6.1459090368573961e-05,8.4364841677389386e-05,0.00011391999586520624
1293,7.5999999999999996,7476.0845717817228,1.2566216554506613,6.8309841269135667,0,0.0052299003741280653,6.4128351494706774e-05,2.9044097520263341e-05,4.253177790137901e-05,6.2013805741037507e-05,8.5126299002794757e-05,0.00011494821109843604
1294,7.5999999999999996,7216.5162824514409,1.3018206296750932,15.995026647029155,0,0.0033654761175812764,4.1267026133604954e-05,1.8690072385450433e-05,2.7369485559125312e-05,3.9906301698257889e-05,5.4779346790091122e-05,7.396994809389164e-05
1295,7.5999999999999996,6976.9965817553539,1.3465120214403046,28.736917669245933,0,0.0048805536566696589,5.9844707928278469e-05,2.7104010825602838e-05,3.9690741565195651e-05,5.7871409534045397e-05,7.9440035212164292e-05,0.00010726990418008492
1296,7.5999999999999996,7339.2832523425132,1.2800445830841827,6.8874081023394425,0,0.0051026820888081699,6.2568417588908752e-05,2.8337594523863957e-05,4.1497184607214748e-05,6.0505308548325464e-05,8.305558617462358e-05,0.00011215207479173431
1297,7.5999999999999996,7031.6494319821013,1.3360463802634877,16.200575812387626,0,0.0032591501140377364,3.9963270642965351e-05,1.8099594059871754e-05,2.6504797200963418e-05,3.8645535783559324e-05,5.3048694478969684e-05,7.1633004170248819e-05
1298,7.5999999999999996,6714.2154716257746,1.3992118380148879,29.06634207007766,0,0.0046681344943731726,5.7240052059239787e-05,2.5924347271124445e-05,3.7963258441906258e-05,5.535263867341989e-05,7.5982520569432957e-05,0.00010260113403872629
1299,7.5999999999999996,7284.9212304911089,1.2895966165784012,6.9126922444605459,0,0.0050210645750211232,6.1567634354460916e-05,2.7884334067599981e-05,4.0833436214142885e-05,5.9537524788983736e-05,8.172711022183658e-05,0.00011035819985474048
1300,7.5999999999999996,6918.3520179788184,1.3579259549770804,16.220877358196319,0,0.0031789400906267625,3.8979745870649749e-05,1.7654150059910411e-05,2.5852495119253355e-05,3.769444141187705e-05,5.1743128034591266e-05,6.9870064526337866e-05
1301,7.5999999999999996,6583.1288494942573,1.4270736583871102,29.129776030271927,0,0.0045373606677648112,5.563652057314585e-05,2.5198098681017315e-05,3.6899749971241062e-05,5.3801981471722215e-05,7.38539347323731e-05,9.9726850333152944e-05
1302,7.5999999999999996,7110.7748917229792,1.3211794655202667,6.8771462235724954,0,0.0048801332467745236,5.9839552917360769e-05,2.7101676091646298e-05,3.9687322612824037e-05,5.7866424502648336e-05,7.9433192263756697e-05,0.00010726066397244866
1303,7.5999999999999996,6746.3130302463542,1.3925546782015295,16.032337283451831,0,0.0030865346984602139,3.7846683088387744e-05,1.7140979439154396e-05,2.5101015103312765e-05,3.6598739844101752e-05,5.0239059413714032e-05,6.7839082334413212e-05
1304,7.5999999999999996,6424.7619940906952,1.4622502404793172,28.892848899608531,0,0.0044090972209546069,5.4063771034424709e-05,2.4485791411098856e-05,3.5856656978574546e-05,5.2281091224268885e-05,7.1766209968377988e-05,9.6907742375936751e-05
1305,7.5999999999999996,6698.4992402619137,1.4024947132059635,6.410573974234401,0,0.0040692670523411849,4.9896818140034193e-05,2.2598554589846539e-05,3.3093013271869338e-05,4.8251537972052244e-05,6.6234845606895422e-05,8.9438600104578409e-05
1306,7.5999999999999996,6495.1017791513605,1.4464145582810224,15.228450351817095,0,0.0026263783126704793,3.2204305922574564e-05,1.4585514518720388e-05,2.1358827336767937e-05,3.1142412442526713e-05,4.2749163376963427e-05,5.7725284826201524e-05
1307,7.5999999999999996,6297.408425987358,1.4918215772877295,28.242590286885864,0,0.0038115577256516179,4.6736820223598149e-05,2.1167373442824958e-05,3.0997211237073984e-05,4.5195736717779816e-05,6.2040149794311702e-05,8.3774395441542753e-05
1308,7.5999999999999996,6511.9038019108266,1.4426825175342395,6.140421225000102,0,0.0035017476864508943,4.2937970213235333e-05,1.9446852525100478e-05,2.8477704012024877e-05,4.1522148654293993e-05,5.6997418548123233e-05,7.6965066919219453e-05
1309,7.5999999999999996,6402.3422370791486,1.4673707563573593,14.621142293407516,0,0.0022952911134311799,2.8144558170351726e-05,1.274683152009438e-05,1.8666285181721009e-05,2.7216529387748026e-05,3.7360107008343519e-05,5.0448304664510778e-05
1310,7.5999999999999996,6301.3888692240989,1.4908792277151228,27.558378724182845,0,0.0033885330238555165,4.1549746890055599e-05,1.8818118234594595e-05,2.7556994143724761e-05,4.0179700119717961e-05,5.5154640573370431e-05,7.447671685430615e-05
1311,7.5999999999999996,6592.9488499725767,1.4249480747784919,6.4467731883616661,0,0.0036193937865725248,4.4380531241338895e-05,2.0100196673244213e-05,2.943445221818374e-05,4.2917143181383771e-05,5.891232636262177e-05,7.9550815745064633e-05
1312,7.5999999999999996,6461.1319320146758,1.4540191826654312,14.807320684683811,0,0.0023646860002618834,2.8995469158375411e-05,1.3132213977949443e-05,1.9230633965261056e-05,2.8039382735515288e-05,3.8489637107012068e-05,5.1973537944293418e-05
1313,7.5999999999999996,6342.5209706230989,1.4812106754388161,27.330311513520797,0,0.0034819140136927765,4.2694772322821292e-05,1.9336706808248691e-05,2.8316408135550836e-05,4.1286969885758028e-05,5.6674588850279782e-05,7.6529141750484762e-05
1314,7.5999999999999996,6520.1859672239852,1.440849972394471,6.4730956846107865,0,0.0033957380893341947,4.163809445664497e-05,1.8858131353283784e-05,2.7615588805722531e-05,4.0265134544655875e-05,5.5271916336653955e-05,7.4635077306393959e-05
1315,7.5999999999999996,6404.6398576386327,1.4668443471769628,14.913589651882166,0,0.0022228450712715371,2.7256234316422007e-05,1.234450456108561e-05,1.8077123103183026e-05,2.6357496812783514e-05,3.6180913714918881e-05,4.8856009907117588e-05
1316,7.5999999999999996,6328.4498112449601,1.4845041125534895,27.497402642528581,0,0.0032932172577531944,4.0380997484840389e-05,1.8288784938000775e-05,2.6781845727051599e-05,3.9049488647169011e-05,5.3603200235224507e-05,7.2381767425223464e-05
1317,7.5999999999999996,6348.1364574697836,1.4799004138965792,6.399880277236079,0,0.003121178453530053,3.8271480262958315e-05,1.7333372511438164e-05,2.5382752878584598e-05,3.7009529905738305e-05,5.0802950585951973e-05,6.8600518955789448e-05
1318,7.5999999999999996,6274.6506395053548,1.4972323258497937,15.12029875398569,0,0.0020566985298925058,2.5218967247647158e-05,1.142181464249006e-05,1.6725948646405086e-05,2.4387405873270677e-05,3.3476571538597858e-05,4.5204267742737252e-05
1319,7.5999999999999996,6228.0285458182507,1.5084403839461231,28.030664836119101,0,0.0030621251819980366,3.7547376803463856e-05,1.7005421909214231e-05,2.4902506516421667e-05,3.6309302779562931e-05,4.9841749398564965e-05,6.7302584494992527e-05
1320,7.5999999999999996,6257.0342467561404,1.5014477147463243,6.8990614299268618,0,0.0030200213587638735,3.7031105252864467e-05,1.6771599568345482e-05,2.4560100288675332e-05,3.5810054585865997e-05,4.9156431822818654e-05,6.6377182706248383e-05
1321,7.5999999999999996,6131.2225607586624,1.5322571767349171,16.153795627186916,0,0.0019731535293745946,2.4194549424060741e-05,1.0957849945499593e-05,1.6046525110083744e-05,2.3396766843437072e-05,3.2116722175222159e-05,4.3368028489833155e-05
1322,7.5999999999999996,6027.9741039464188,1.5585020122649491,29.097889189581824,0,0.0029102363080949737,3.5684935380683458e-05,1.6161911526548665e-05,2.3667281485655631e-05,3.4508272846555871e-05,4.7369477123736868e-05,6.3964212233202773e-05
1323,7.5999999999999996,6218.7515369917201,1.5106906450592941,7.5349163543406075,0,0.0025470501674256956,3.1231594624507293e-05,1.4144968003152155e-05,2.0713697064005905e-05,3.0201774985388347e-05,4.1457951130387801e-05,5.5981728021419169e-05
1324,7.5999999999999996,5979.9247371879519,1.571024750940142,17.51181687551415,0,0.0016356459543226268,2.005607586687234e-05,9.083511579107431e-06,1.3301769723699059e-05,1.9394753860753659e-05,2.6623162318573454e-05,3.5949934604849171e-05
1325,7.5999999999999996,5725.5178988650232,1.6408314386273777,30.425522732459832,0,0.002356607305793765,2.8896409267859578e-05,1.3087349186426993e-05,1.9164934580134932e-05,2.7943589211060127e-05,3.83581414165306e-05,5.1795975962096791e-05
1326,7.5999999999999996,6037.3684093812517,1.5560769417820433,7.050221237556924,0,0.0020851529018531692,2.5567871019443916e-05,1.1579835158175532e-05,1.6957351721412216e-05,2.4724805014558526e-05,3.3939719056176338e-05,4.5829667639643146e-05
1327,7.5999999999999996,5788.2084684819183,1.623060023155219,17.032232471878999,0,0.0013327329465635069,1.6341796350193347e-05,7.4012931221298552e-06,1.0838352096628577e-05,1.5802947693176466e-05,2.1692693012140866e-05,2.9292196240920466e-05
1328,7.5999999999999996,5494.4191846158992,1.7098458372426222,30.249353748971831,0,0.0018976321022578988,2.3268515603707368e-05,1.0538443926811814e-05,1.543235269088962e-05,2.2501267737245874e-05,3.0887471305041785e-05,4.1708139710763928e-05
1329,7.5999999999999996,6128.338725457932,1.5329782167318922,5.8137546563565001,0,0.0016298379398577614,1.9984858756326267e-05,9.0512569420303762e-06,1.3254536475721779e-05,1.9325885038214118e-05,2.6528626143774688e-05,3.5822279998640461e-05
1330,7.5999999999999996,5980.6932792464449,1.5708228682252701,14.879163590540498,0,0.0010577173241302718,1.2969590908349836e-05,5.874001971984667e-06,8.6018078919619655e-06,1.2541936169956284e-05,1.7216305235902508e-05,2.3247615740074165e-05
1331,7.5999999999999996,5869.2074721504714,1.6006607051223087,28.455825318225976,0,0.0015483655403607615,1.8985854894243743e-05,8.5988023736973755e-06,1.2591968213878638e-05,1.8359821978837868e-05,2.5202512194383627e-05,3.4031594535030914e-05
1332,7.5999999999999996,6293.9613347950026,1.492638621553827,5.5592053634059848,0,0.0012150349956653774,1.4898599534678412e-05,6.747661022227691e-06,9.8811822178655903e-06,1.440733834290626e-05,1.9776941230379473e-05,2.670530778457064e-05
1333,7.5999999999999996,6233.400866396948,1.5071403191034949,14.293963792418028,0,0.00080222928950567486,9.8368301834709185e-06,4.4551567049494704e-06,6.5240703505609333e-06,9.5124739976466033e-06,1.305776505898455e-05,1.7632232953351589e-05
1334,7.5999999999999996,6228.6744864929497,1.508283952107943,27.842733313793534,0,0.0012024315173114271,1.4744057338437666e-05,6.6776679768118518e-06,9.778685362516902e-06,1.4257891966801332e-05,1.9571796315546844e-05,2.6428295377685928e-05
1335,7.5999999999999996,6159.4069093891349,1.5252458408878229,6.01458869641431,0,0.0012813838357585618,1.5712160297673099e-05,7.1161273493408701e-06,1.0420759251649509e-05,1.5194073038855011e-05,2.0856891286063405e-05,2.8163591868698964e-05
1336,7.5999999999999996,6150.9502433219996,1.527342833098202,15.084471128688802,0,0.00085319469708282163,1.046176131740732e-05,4.7381915931766488e-06,6.938542757425062e-06,1.0116798871718209e-05,1.3887321305538256e-05,1.8752403895397958e-05
1337,7.5999999999999996,6098.459024871835,1.5404891190654404,28.476277289251328,0,0.0012681597708708618,1.555000855086308e-05,7.0426878949083012e-06,1.0313215522224099e-05,1.5037268026830392e-05,2.0641645177890572e-05,2.7872939563004862e-05
1338,7.5999999999999996,6323.565511764551,1.4856507382430817,6.2199907581985237,0,0.0014114922049018291,1.7307532031730953e-05,7.8386803410371015e-06,1.1478855938708231e-05,1.6736839545316229e-05,2.297464557240625e-05,3.1023249455282905e-05
1339,7.5999999999999996,6241.9705628568709,1.505071143203486,15.358134639291645,0,0.00092885285221951119,1.1389471678784058e-05,5.1583569268919361e-06,7.5538271071270852e-06,1.1013919237257518e-05,1.511879767706272e-05,2.0415297825651907e-05
1340,7.5999999999999996,6119.3175663510929,1.5352381485380955,28.680996975509739,0,0.001365901725561976,1.6748507561899499e-05,7.5854949582920233e-06,1.1108094738113982e-05,1.6196248152140064e-05,2.2232576221493978e-05,3.0021214298139017e-05
1341,7.5999999999999996,6802.8846849507818,1.3809744256968051,6.0583263847389022,0,0.0014437341128036884,1.770287807178532e-05,8.017734825893723e-06,1.1741060869567401e-05,1.7119149583809013e-05,2.3499442240819238e-05,3.1731895771769794e-05
1342,7.5999999999999996,6504.6126814996114,1.4442996425600561,14.908442819620282,0,0.00092113527394264451,1.1294839747576508e-05,5.1154975834898254e-06,7.4910644727120989e-06,1.0922407666134587e-05,1.4993179820320362e-05,2.0245672832157478e-05
1343,7.5999999999999996,6284.803760696168,1.4948135420923399,28.228194681323362,0,0.0013357397265218107,1.6378665091132889e-05,7.417991185971178e-06,1.0862804512207565e-05,1.5838600737192887e-05,2.1741633915687016e-05,2.935828239030171e-05
1344,7.5999999999999996,6800.5566327049237,1.3814471782649926,5.5707323229291994,0,0.0011039149010285971,1.3536059528707347e-05,6.1305588531200033e-06,8.9775062685393663e-06,1.3089726252851893e-05,1.7968256222140386e-05,2.4262994321244609e-05
1345,7.5999999999999996,6534.2706637299889,1.4377442035005521,13.888792617998989,0,0.00070288431841683562,8.618675195905076e-06,3.903447337267099e-06,5.7161547224025519e-06,8.3344860250785039e-06,1.1440741959430293e-05,1.5448725450076864e-05
1346,7.5999999999999996,6369.3861424405895,1.4749631378576959,27.231161294404814,0,0.0010224997854424466,1.2537758074416014e-05,5.6784224092968452e-06,8.3154038638635274e-06,1.2124342440318866e-05,1.6643074674319943e-05,2.2473567903239341e-05
1347,7.5999999999999996,6286.7715039800387,1.4943456693048163,5.1909355983766297,0,0.000749047767127995,9.1847253409139396e-06,4.1598146885213042e-06,6.0915755540225187e-06,8.8818714312847308e-06,1.2192137446316887e-05,1.6463353926315641e-05
1348,7.5999999999999996,6433.3032073262275,1.4603088752575726,13.069998604844393,0,0.00051100435251536804,6.2658682554529536e-06,2.837847604355139e-06,4.1557050943719211e-06,6.0592597148652119e-06,8.3175407162904343e-06,1.1231387212600428e-05
1349,7.5999999999999996,6437.320034462784,1.4593976562585969,26.351120907497318,0,0.00076698512027199091,9.4046708092814185e-06,4.2594292503104429e-06,6.2374497515183413e-06,9.0945644949772883e-06,1.2484101036026584e-05,1.6857599802574227e-05
1350,7.5999999999999996,6249.0328129080535,1.5033702097828505,5.1382821938000438,0,0.0011576911117916516,1.4195456362139676e-05,6.4292034539615229e-06,9.4148373243787054e-06,1.3727380366541419e-05,1.884356348789615e-05,2.5444944030544026e-05
1351,7.5999999999999996,6455.963505790839,1.4551832212890863,12.871291628781348,0,0.00078903750976653479,9.675074312912223e-06,4.3818965451374785e-06,6.4167891777178352e-06,9.3560518083887489e-06,1.2843044451301795e-05,1.7342290244362308e-05
1352,7.5999999999999996,6514.5245222316207,1.4421021425003817,26.068319063648048,0,0.0011952140245201184,1.4655557389773017e-05,6.6375858434083988e-06,9.719989636318499e-06,1.4172310184381208e-05,1.9454318274771373e-05,2.6269661785145437e-05
1353,7.5999999999999996,6377.3889134433421,1.4731122561896679,5.2205881923899975,0,0.0015773987668671462,1.9341856504453628e-05,8.7600375410345586e-06,1.2828078780657047e-05,1.8704084916906293e-05,2.5675081640032087e-05,3.4669717101539841e-05
1354,7.5999999999999996,6457.0415474008132,1.4549402697684606,12.941225197540383,0,0.0010647334944044377,1.3055622266750893e-05,5.9129660667253096e-06,8.6588663776828971e-06,1.2625130760541714e-05,1.7330506380453518e-05,2.3401824456126784e-05
1355,7.5999999999999996,6553.5557471985776,1.433513367899155,26.084335893598805,0,0.001620972296739634,1.987614940482152e-05,9.0020218543838603e-06,1.3182437288915387e-05,1.9220760230709811e-05,2.6384321408896903e-05,3.5627421637340259e-05
1356,7.5999999999999996,6121.4738483104293,1.5346973627069365,5.3088905811944702,0,0.0015141001169584919,1.8565696772890991e-05,8.4085103551740674e-06,1.2313307192905554e-05,1.7953518003906603e-05,2.4644779069594369e-05,3.3278473282070519e-05
1357,7.5999999999999996,6383.6425252430636,1.4716691502903019,13.014977642185194,0,0.0010526303668692977,1.2907215306534537e-05,5.8457517048285212e-06,8.5604385883538396e-06,1.2481617319341925e-05,1.7133505600377077e-05,2.3135809281967271e-05
1358,7.5999999999999996,6588.293643254121,1.4259549254458044,26.10000023917463,0,0.001629564451796395,1.9981505281637596e-05,9.0497381341455749e-06,1.3252312354294484e-05,1.932264213982279e-05,2.652417461987937e-05,3.5816268992471706e-05
1359,7.5999999999999996,5857.460118766151,1.6038708894974825,5.3804007883186014,0,0.0011043871225306355,1.3541849846743974e-05,6.1331813213077748e-06,8.9813465749712644e-06,1.3095325642973933e-05,1.7975942500253241e-05,2.4273373298475237e-05
1360,7.5999999999999996,6270.6464946195092,1.49818838917845,13.043834595401663,0,0.00078681778590091323,9.6478563504095436e-06,4.3695693740999386e-06,6.3987374375887036e-06,9.3297313214283541e-06,1.2806914340980134e-05,1.7293502835571895e-05
1361,7.5999999999999996,6627.1212173948406,1.417600412411737,26.067315964778523,0,0.0012431594085609487,1.5243457391755691e-05,6.9038491199742588e-06,1.0109901925185168e-05,1.4740824978046508e-05,2.0234718054058565e-05,2.7323455496625036e-05
1362,7.5999999999999996,5747.4904072567006,1.6345585821282962,5.4934695411352337,0,0.00073680391919154326,9.0345928856188569e-06,4.0918188400250765e-06,5.9920033664398355e-06,8.7366893908753073e-06,1.1992846181508251e-05,1.6194245852246247e-05
1363,7.5999999999999996,6142.6722145351405,1.5294011210058445,13.092826976022856,0,0.00052497636838321545,6.4371912789459815e-06,2.9154407825020711e-06,4.269331479812371e-06,6.2249335931145355e-06,8.5449611096734469e-06,1.15384787658914e-05
1364,7.5999999999999996,6662.6260733763929,1.4100460790411169,26.031691678475376,0,0.00085412043433311189,1.0473112585984448e-05,4.7433326477000926e-06,6.9460712471299813e-06,1.0127775847549476e-05,1.3902389391032976e-05,1.8772750715271325e-05
1365,7.5999999999999996,5844.0879675514625,1.6075407870387723,5.6777585499486154,1,0.0032061165131265393,3.9312979594002444e-05,1.780507352094613e-05,2.6073505364808417e-05,3.8016687203398173e-05,5.2185474561685097e-05,7.0467376315651913e-05
1366,7.5999999999999996,6005.1056848333483,1.5644370414010813,13.284457556580666,1,0.002177794552047444,2.6703830766611874e-05,1.2094317830922283e-05,1.7710753088285683e-05,2.5823308023735777e-05,3.5447633213310726e-05,4.7865842557184358e-05
1367,7.5999999999999996,6556.4793362728633,1.4328741522766719,26.139044563500807,1,0.0035579315231095946,4.3626889039183531e-05,1.9758867805362848e-05,2.8934614907352129e-05,4.2188351312680136e-05,5.7911914377181944e-05,7.8199933944318571e-05
1368,7.7000000000000002,5969.0385108207302,2.2231786567289751,6.4368541916735378,1,0.012585926409240515,0.00012717972602344037,5.7944815141382737e-05,8.4142636911811223e-05,0.00011986159182445195,0.00016590464855473864,0.00021791183299322626
1369,7.7000000000000002,6553.3812080027601,2.0249453827353734,20.327862516972438,1,0.013818033417961912,0.00013963006354374401,6.3617358467422383e-05,9.2379832117022847e-05,0.00013159551609521385,0.00018214598618989877,0.00023924444594392301
1370,7.7000000000000002,6810.9991293905032,1.948354237954141,31.753704639295947,1,0.014361229812893832,0.00014511901735120004,6.6118200572035874e-05,9.6011346837862493e-05,0.00013676862631791794,0.00018930627015049912,0.00024864930961832218
1371,7.7000000000000002,6847.5921426131927,1.9379423806315861,40.312696313997051,1,0.01443838746075927,0.00014589868888248558,6.6473429539450163e-05,9.6527180773181247e-05,0.00013750343424495239,0.0001903233436686652,0.0002499852116353131
1372,7.7000000000000002,6169.6382424632166,2.1508941848674477,6.7445145171383132,0,0.0041949098200661731,4.2389210318070607e-05,1.9313101487709519e-05,2.8044878254529616e-05,3.9950064241913705e-05,5.5296290220315777e-05,7.263036970093538e-05
1373,7.7000000000000002,7068.5896082513218,1.8773531572634103,20.888196615602663,0,0.0048069914615422741,4.8574243738395975e-05,2.2131086943331371e-05,3.2136922148993862e-05,4.5779200492065675e-05,6.3364602898621664e-05,8.3227907625329502e-05
1374,7.7000000000000002,7075.5995004544166,1.8754932380779461,31.633410545296449,0,0.0048131269511831583,4.8636242344313006e-05,2.2159334352499591e-05,3.2177940685122449e-05,4.5837631594478515e-05,6.3445479444335036e-05,8.3334137055764943e-05
1375,7.7000000000000002,7682.2005900346976,1.7274007444773083,39.939728446832099,0,0.0052272333109472588,5.2820752222004289e-05,2.4065854038470783e-05,3.4946429864188381e-05,4.9781357773388338e-05,6.8904129673729711e-05,9.0503945060052565e-05
1376,7.7000000000000002,6611.2020735966926,2.0072354271922208,6.8339354541719253,0,0.0045166459309370285,4.5640326612724981e-05,2.0794354346063401e-05,3.0195830348016255e-05,4.30141058660627e-05,5.9537338091230409e-05,7.8200885798066343e-05
1377,7.7000000000000002,7462.7328021309804,1.7782010116536184,21.079742604363176,0,0.0050983953249636223,5.151885522801102e-05,2.3472692038450764e-05,3.4085089385738506e-05,4.8554374110420373e-05,6.7205818394122806e-05,8.8273253351555284e-05
1378,7.7000000000000002,7231.8653774819459,1.8349676502233923,31.32914926248862,0,0.0049406711467402066,4.9925065695045148e-05,2.2746539822609718e-05,3.3030631586690601e-05,4.7052293893489964e-05,6.5126736290358964e-05,8.5542428169010069e-05
1379,7.7000000000000002,8971.0144698884833,1.4792350478300937,39.533342112297376,0,0.0061288243122412283,6.1931253332640104e-05,2.8216722413543837e-05,4.0973975377972511e-05,5.8367625408828755e-05,8.0788684957635668e-05,0.00010611402741028161
1380,7.7000000000000002,6941.4215733132587,1.9117465894116326,6.4440964588833749,0,0.0047618407838585074,4.8117999944265871e-05,2.192321605748437e-05,3.1835069352851806e-05,4.5349209729116699e-05,6.2769437547294493e-05,8.2446172009289966e-05
1381,7.7000000000000002,7345.8834903212064,1.8064864540711218,20.247344347235963,0,0.0050389750270546946,5.0918418123695819e-05,2.3199124716823107e-05,3.3687837694478675e-05,4.7988487161580589e-05,6.6422554348151525e-05,8.7244454547771445e-05
1382,7.7000000000000002,6453.7466690041001,2.056206990922643,30.864260137434336,0,0.0044269599060333502,4.473405688696154e-05,2.0381445517199315e-05,2.9596238519480428e-05,4.2159984416451351e-05,5.8355118526447954e-05,7.6648068353790823e-05
1383,7.7000000000000002,8358.4411812438993,1.5876451997087671,39.511012249081745,0,0.0057322365952482534,5.7923767864236517e-05,2.6390857459206506e-05,3.8322606286053775e-05,5.4590737358545638e-05,7.5560961255029339e-05,9.924753593857811e-05
1384,7.7000000000000002,7157.9523922441513,1.8539155181904592,6.1217204985452005,0,0.0049298668722368121,4.9815889411429275e-05,2.2696797621004575e-05,3.2958400102326668e-05,4.6949399795878336e-05,6.4984316947825813e-05,8.535536373015652e-05
1385,7.7000000000000002,7069.8073213359867,1.8770297994404554,18.798809504373576,0,0.0048691590830243596,4.9202442315960809e-05,2.24173027702342e-05,3.2552540946685032e-05,4.6371251472541128e-05,6.4184081501793616e-05,8.4304273393688369e-05
1386,7.7000000000000002,6584.0147493299337,2.0155238898577021,29.514187621863904,0,0.0045345811791385644,4.582156078478871e-05,2.0876927102947612e-05,3.0315735631765335e-05,4.3184911520672634e-05,5.9773756210395096e-05,7.8511415407385825e-05
1387,7.7000000000000002,7907.336193336675,1.6782186432938655,39.287098616035522,0,0.0054459868704083399,5.5031238510759851e-05,2.5072981694579231e-05,3.6408896807693321e-05,5.1864648983085808e-05,7.1787686372094261e-05,9.429142860047424e-05
1388,7.7000000000000002,7115.7327459465414,1.8649153210552081,5.8187664918854747,0,0.0049223857285367366,4.9740293084613079e-05,2.2662354905017556e-05,3.2908385257366316e-05,4.6878153408174992e-05,6.4885702314624303e-05,8.5225835741229746e-05
1389,7.7000000000000002,6958.8097660852163,1.9069696491955299,17.282845178887374,0,0.0048147909959079388,4.8653057376064101e-05,2.216699550995667e-05,3.2189065580225867e-05,4.5853479061172177e-05,6.3467414480840689e-05,8.3362948207552182e-05
1390,7.7000000000000002,6842.1286612157683,1.9394898394225726,27.408519426203664,0,0.0047338968887311386,4.7835629238227318e-05,2.1794564118418782e-05,3.1648251716616652e-05,4.5083087105891851e-05,6.2401087856567481e-05,8.1962353400299475e-05
1391,7.7000000000000002,7759.5586005248369,1.7101796251081069,38.394440739201762,0,0.0053677349617263772,5.4240509566112873e-05,2.4712714819054863e-05,3.5885747241599529e-05,5.1119419904753095e-05,7.0756188571575819e-05,9.2936580629681588e-05
1392,7.7000000000000002,6765.8502150454933,1.961355719779369,4.9363356628346882,0,0.0047254878843907937,4.7750656957811809e-05,2.1755849590287852e-05,3.1592033701669417e-05,4.5003004272644673e-05,6.2290242388032404e-05,8.18167604983652e-05
1393,7.7000000000000002,6550.5402893510218,2.0258235858838858,15.012782212518676,0,0.00457373289552814,4.621718558044284e-05,2.1057179147564383e-05,3.0577482645812994e-05,4.3557771403729674e-05,6.0289844699769893e-05,7.9189285435055735e-05
1394,7.7000000000000002,6340.8163869993878,2.0928281483844891,24.76770605678589,0,0.0044270942521265717,4.4735414442915124e-05,2.0382064038179299e-05,2.9597136684158568e-05,4.216126385636426e-05,5.8356889444269648e-05,7.6650394412475532e-05
1395,7.7000000000000002,7521.7264459508915,1.7642544053956668,37.1412595071019,0,0.0052539843949770239,5.3091069672393774e-05,2.4189014350118423e-05,3.5125273016239655e-05,5.0036120705458493e-05,6.9256756016051088e-05,9.096711142269728e-05
1396,7.7000000000000002,6489.8023681145405,2.0447832253950913,3.9320726744210708,0,0.0045570542748644407,4.6048649523780311e-05,2.0980391824983049e-05,3.0465978488148038e-05,4.3398933193717627e-05,6.0069991141945396e-05,7.8900512985380757e-05
1397,7.7000000000000002,6260.1870019536354,2.1197831653125805,12.538888664351246,0,0.0043958213702880071,4.4419404606621152e-05,2.0238085653263313e-05,2.9388063259114832e-05,4.1863437754715014e-05,5.794465785304473e-05,7.6108937964786553e-05
1398,7.7000000000000002,6504.5494688683812,2.040147297205293,21.987066640413651,0,0.0045674094959821622,4.6153288160765909e-05,2.102806661298864e-05,3.0535207846585271e-05,4.3497550748477281e-05,6.0206491170976307e-05,7.907980254591371e-05
1399,7.7000000000000002,7768.9732198802449,1.7081071903417508,35.830250650483478,0,0.0054552713033152516,5.5125056923087221e-05,2.5115726640878025e-05,3.6470967460390352e-05,5.195306892701562e-05,7.191007152900415e-05,9.445217861022818e-05
1400,7.7000000000000002,6287.5787922314721,2.1105483457075409,3.5647697816914858,0,0.004442643457713339,4.4892537855376464e-05,2.0453651604642353e-05,2.9701090188844076e-05,4.2309346124815093e-05,5.8561855324753743e-05,7.6919612249989124e-05
1401,7.7000000000000002,5966.1078670235383,2.2242707162233066,11.651577959066035,0,0.0042134522934051382,4.2576580448990421e-05,1.9398469871009576e-05,2.8168843114236882e-05,4.0126652782042066e-05,5.554071263489291e-05,7.2951412763014252e-05
1402,7.7000000000000002,8317.5925486206652,1.5954423038732042,22.027931167020768,0,0.0052288415864867425,5.2837003710836416e-05,2.4073258438099512e-05,3.4957181916947371e-05,4.9796674124365354e-05,6.8925329574275878e-05,9.0531790628139609e-05
1403,7.7000000000000002,6995.8048483367447,1.8968852485364793,35.215408954987112,0,0.004938809575631177,4.9906254675822463e-05,2.2737969266078731e-05,3.3018186137955291e-05,4.7034565291782992e-05,6.510219750866257e-05,8.5510197059481403e-05
1404,7.7000000000000002,6036.0845419593898,2.198484618000772,3.7533044715078074,0,0.0042926652520184965,4.3377020722227402e-05,1.9763161360090834e-05,2.8698417735809484e-05,4.0881034382871283e-05,5.6584878763981476e-05,7.4322900283835936e-05
1405,7.7000000000000002,8126.8713381228226,1.6328841034064119,13.065005525803455,0,0.0051580520331687462,5.2121681238452142e-05,2.3747347778242102e-05,3.4483921587249888e-05,4.9122512503731106e-05,6.79921987436406e-05,8.9306145346361169e-05
1406,7.7000000000000002,7521.6337380895166,1.7642761507050693,23.681622005225435,0,0.0041787736505320564,4.2226155684371968e-05,1.9238811576077908e-05,2.7937000629148003e-05,3.979639204461812e-05,5.5083587122543665e-05,7.2350989211463648e-05
1407,7.7000000000000002,8227.1996088007854,1.6129715637693458,36.890942278008758,0,0.0052215218893324165,5.276303878776343e-05,2.4039559011874762e-05,3.4908246415504374e-05,4.9726965266704604e-05,6.8828843090529721e-05,9.0405057913201482e-05
1408,7.7000000000000002,6092.2806235103399,2.1782054764909553,3.9478122313804138,0,0.0043584906624766148,4.4042180949232827e-05,2.0066217417831715e-05,2.9138490514852739e-05,4.1507920177644023e-05,5.74525734598608e-05,7.5462596749876663e-05
1409,7.7000000000000002,8737.8230871244559,1.5187122566036155,13.506913668219122,0,0.0048878333805454288,4.9391144519134827e-05,2.2503278063793766e-05,3.2677387110948696e-05,4.6549095435257723e-05,6.4430241590967898e-05,8.4627598850262579e-05
1410,7.7000000000000002,8438.8595242327174,1.5725156912902298,24.880569910693634,0,0.0040482233033110153,4.0906955424338119e-05,1.8637765972409626e-05,2.7064212237753475e-05,3.8553100774484821e-05,5.3362703909806611e-05,7.0090649802522515e-05
1411,7.7000000000000002,8278.7900070661162,1.6029201135822424,37.687763716940559,0,0.0046306260192946489,4.6792085802958829e-05,2.1319111518076719e-05,3.0957839029618747e-05,4.4099590905670565e-05,6.103979614527763e-05,8.0174328925820793e-05
1412,7.7000000000000002,6280.4066484922769,2.1129585648145426,3.8315332066910148,0,0.0045372599124265918,4.5848629158985712e-05,2.0889259822855609e-05,3.0333644180974123e-05,4.3210422335334661e-05,5.9809066626988333e-05,7.8557794804651754e-05
1413,7.7000000000000002,6109.6641727473807,2.1720079276440201,13.526767162132867,0,0.0029435312178237127,2.9744134968834112e-05,1.3551832954819942e-05,1.9678843689891554e-05,2.8032607682679766e-05,3.8800919084065548e-05,5.0964089753283028e-05
1414,7.7000000000000002,6167.6355378526914,2.1515926057897521,25.131175247870964,0,0.0029714099907393945,3.0025847620409999e-05,1.3680185075310787e-05,1.9865225954550975e-05,2.8298110116996612e-05,3.91684103494934e-05,5.1446780840940892e-05
1415,7.7000000000000002,8630.2926687568652,1.5376348784196492,37.480695262762175,0,0.0041716293085032842,4.2153962710069345e-05,1.9205919473843777e-05,2.7889237456398206e-05,3.9728353174831133e-05,5.4989412127799686e-05,7.2227292582673785e-05
1416,7.7000000000000002,6426.8236686595592,2.0648207734658017,3.5549820279515987,0,0.0046781068624252289,4.7271875722616684e-05,2.1537710339371153e-05,3.1275270040566806e-05,4.4551772910693253e-05,6.1665677175924534e-05,8.0996408860361971e-05
1417,7.7000000000000002,6406.2743684991301,2.0714440648533947,12.413691010677887,0,0.0038853288976338479,3.9260921178534562e-05,1.7887810353918252e-05,2.5975189118899382e-05,3.7001782092895492e-05,5.1215469113839432e-05,6.7270307670266581e-05
1418,7.7000000000000002,6261.7234259619318,2.1192630392185303,23.578025474299636,0,0.003797285303195386,3.8371248074250279e-05,1.7482463171816987e-05,2.5386577684320583e-05,3.6163302267398298e-05,5.0054899671602373e-05,6.5745927150028411e-05
1419,7.7000000000000002,5812.057107862569,2.2832258479528584,37.169316491573355,0,0.0028199397152495649,2.8495253247686819e-05,1.2982825435083707e-05,1.8852578336961588e-05,2.6855588705067045e-05,3.7171765684291829e-05,4.8824235284680206e-05
1420,7.7000000000000002,6523.182120590016,2.0343198722849194,3.3769505714462311,0,0.0047838785468895632,4.8340689683052315e-05,2.2024676535119658e-05,3.1982401812360646e-05,4.5559085527787586e-05,6.3059934028182509e-05,8.2827732268028005e-05
1421,7.7000000000000002,6132.4570819195433,2.1639350820040608,11.252779839603971,0,0.004497149018157013,4.5443311951663183e-05,2.0704591783489047e-05,3.0065484626961849e-05,4.2828427758191407e-05,5.9280334485973663e-05,7.7863317639517211e-05
1422,7.7000000000000002,6030.3321867931036,2.2005817602408051,21.518111552217025,0,0.0044229478497191501,4.4693515395915162e-05,2.0362974261774489e-05,2.9569416099998645e-05,4.2121775750623114e-05,5.8302232567071895e-05,7.6578603896660554e-05
1423,7.7000000000000002,6078.7850326521293,2.183041339209892,36.092282284059287,0,0.0037161976282303697,3.7551863950221314e-05,1.7109140606332836e-05,2.4844469732092691e-05,3.5391066876643526e-05,4.8986021483397257e-05,6.4341980923883908e-05
1424,7.7000000000000002,6423.6552864107871,2.0658392187580614,3.2710003175761373,0,0.0047587804241200973,4.8087075266939107e-05,2.1909126353354357e-05,3.1814609457416579e-05,4.5320064509458335e-05,6.2729096622809243e-05,8.2393185158856287e-05
1425,7.7000000000000002,6078.5126401895131,2.1831391664320399,10.588638249486213,0,0.0045035297606164032,4.5507788816649102e-05,2.0733968321238598e-05,3.0108142789621541e-05,4.2889194516500342e-05,5.9364443895231468e-05,7.7973793359775872e-05
1426,7.7000000000000002,6048.6649568599041,2.1939120637521712,20.030183086292503,0,0.0044807493118960793,4.5277594301542555e-05,2.0629088565309964e-05,2.9955845138814123e-05,4.267224577889382e-05,5.9064157510584425e-05,7.7579374293936635e-05
1427,7.7000000000000002,6364.5327477158062,2.0850295763208324,35.162545154382428,0,0.004714588351595027,4.7640518097176853e-05,2.1705668825484202e-05,3.1519165372336967e-05,4.4899202986305971e-05,6.2146567373647695e-05,8.1628046764225493e-05
1428,7.7000000000000002,5974.5548263551,2.2211259925027309,3.0950837958084962,0,0.004452621256771064,4.499336267424294e-05,2.0499588765175348e-05,2.9767796309315015e-05,4.2404369314930467e-05,5.86933802671534e-05,7.7092367151869901e-05
1429,7.7000000000000002,8685.9509030598856,1.5277819511707251,9.9376811622719874,0,0.0057767719700418689,5.8373794074499818e-05,2.6595895529171193e-05,3.8620345502790284e-05,5.5014868307805132e-05,7.6148015831954539e-05,0.00010001861824422324
1430,7.7000000000000002,8558.6529928487398,1.5505055561357637,19.399469403379516,0,0.0056928079810507166,5.7525345039561093e-05,2.6209330594463378e-05,3.8059008084341467e-05,5.4215240449738098e-05,7.5041222765485964e-05,9.8564871721992523e-05
1431,7.7000000000000002,8585.6081898379925,1.5456376211247018,34.914941386283779,0,0.0057096969820702049,5.7696006971994696e-05,2.628708649499672e-05,3.8171918730278714e-05,5.4376082209072905e-05,7.526384950645608e-05,9.885728668215621e-05
1432,7.7000000000000002,8362.2230579940569,1.5869271755151242,2.8431139242315049,0,0.005608980942145788,5.6678279873705857e-05,2.5823396169355872e-05,3.7498586239447231e-05,5.341691683061237e-05,7.393623494204724e-05,9.7113496343795806e-05
1433,7.7000000000000002,8474.0385196606621,1.565987573417515,9.5507156924078291,0,0.0049738106945557805,5.0259938033773508e-05,2.2899112220509058e-05,3.3252184521977124e-05,4.7367897117627753e-05,6.5563573822602047e-05,8.6116203938408844e-05
1434,7.7000000000000002,8415.3119041768914,1.5769158849434144,19.310502974371474,0,0.0049397604045006305,4.9915862721442651e-05,2.2742346822508037e-05,3.3024542860990712e-05,4.7043620474384542e-05,6.5114731105657596e-05,8.5526659642772324e-05
1435,7.7000000000000002,8243.7387596925601,1.6097355102194977,35.052901206195152,0,0.0048385621745540737,4.8893263133603734e-05,2.2276436524273405e-05,3.2347986710760929e-05,4.6079862977574008e-05,6.3780760428590975e-05,8.3774520700728819e-05
1436,7.7000000000000002,8472.4111545144988,1.5662883654293553,2.7433725002194724,0,0.0050146893425026332,5.0673013327323004e-05,2.3087314949612174e-05,3.3525476858178333e-05,4.7757203367737693e-05,6.6102426307551921e-05,8.6823973936002612e-05
1437,7.7000000000000002,8443.1883704229131,1.5717094581161473,9.3119171980689739,0,0.0042829539100518298,4.3278888429817542e-05,1.9718450951278963e-05,2.8633493002066585e-05,4.0788548786735771e-05,5.6456866194736525e-05,7.4154758801042381e-05
1438,7.7000000000000002,8507.2391661874863,1.5598760960187041,19.295335113610832,0,0.0043152845012978287,4.3605586330563501e-05,1.9867298963911991e-05,2.8849637695107136e-05,4.1096447943727983e-05,5.6883040256448529e-05,7.4714528354040698e-05
1439,7.7000000000000002,8345.3709307945592,1.5901317183496957,35.176790415761332,0,0.0042336157977069756,4.2780330961221083e-05,1.9491301379106953e-05,2.8303645302504377e-05,4.0318679148937313e-05,5.5806503088933082e-05,7.3300522239671788e-05
1440,7.7000000000000002,8849.7993316110933,1.4994960361473104,2.6929532602091304,0,0.0045260121968774165,4.5734971940961341e-05,2.083747604651148e-05,3.0258448091725838e-05,4.3103305143776719e-05,5.9660801951464757e-05,7.8363052659130577e-05
1441,7.7000000000000002,8467.5453891639045,1.5671884127638875,9.2560714473515571,0,0.0043297156974528,4.3751412351906853e-05,1.9933739285131008e-05,2.8946116798733497e-05,4.1233882891845567e-05,5.7073268806057492e-05,7.4964389055920045e-05
1442,7.7000000000000002,8455.1765356691212,1.5694810111258997,19.411919874780583,0,0.0043232465674175125,4.3686042337912982e-05,1.990395581653031e-05,2.8902867724966877e-05,4.1172274377816784e-05,5.6987994293076768e-05,7.4852382999470674e-05
1443,7.7000000000000002,8379.4618459121066,1.5836624430629509,35.298801687638154,0,0.0042844820605813178,4.329433026217405e-05,1.9725486460391299e-05,2.8643709382726087e-05,4.080310207022528e-05,5.6477009906712096e-05,7.4181217090415956e-05
1444,7.7000000000000002,6051.3673122892096,2.1929323297729004,2.6788059279679564,0,0.003100215177934058,3.1327413185403935e-05,1.4273196071765229e-05,2.0726347158193263e-05,2.952478142194432e-05,4.0866289283368993e-05,5.3676904673543095e-05
1445,7.7000000000000002,8495.9884577921275,1.5619417427855733,9.5136999956141111,0,0.0043748397213170323,4.4207386811436091e-05,2.0141487458465996e-05,2.9247791401980851e-05,4.1663619818157205e-05,5.7668082813159485e-05,7.5745663189627483e-05
1446,7.7000000000000002,8367.5253920908381,1.5859215713875527,20.132765746644274,0,0.0043077442260780205,4.3529392484722128e-05,1.983258401011994e-05,2.8799227529068852e-05,4.1024638419243779e-05,5.678364616580536e-05,7.4583976566194922e-05
1447,7.7000000000000002,8261.1286151401819,1.6063469819522684,35.765104624695191,0,0.0042523700997959104,4.2969841603813144e-05,1.9577645008674908e-05,2.8429026333657163e-05,4.0497285032115364e-05,5.6053717779038829e-05,7.3625232889632994e-05
1448,7.7000000000000002,6188.0328548661291,2.1445004138939789,2.6992694444699294,0,0.0040029358881349337,4.0449329909368065e-05,1.8429265555731324e-05,2.6761445289343721e-05,3.8121807797224554e-05,5.2765736117811258e-05,6.9306546723284771e-05
1449,7.7000000000000002,8554.412098515957,1.5512742273372719,10.011956488645806,0,0.0044492722989811946,4.4959521737920053e-05,2.0484170373732364e-05,2.9745407004770927e-05,4.2372475642697334e-05,5.8649235112709697e-05,7.7034383535338371e-05
1450,7.7000000000000002,8206.1376987371295,1.6171114238665718,21.328721016120653,0,0.004267351996211451,4.3121232404894031e-05,1.9646620719324896e-05,2.85291871187558e-05,4.0639964553234872e-05,5.62512055267567e-05,7.3884628376581671e-05
1451,7.7000000000000002,7886.6741674953746,1.6826153504784986,36.491897196181306,0,0.0037586683003500653,3.7981026513912181e-05,1.7304672914792802e-05,2.5128405473282504e-05,3.5795534708457923e-05,4.9545859647295027e-05,6.5077315114560748e-05
1452,7.7000000000000002,8539.1992991487768,1.5540378615794559,2.7978849685691274,0,0.0059782643278000654,6.04098573742733e-05,2.7523553696163809e-05,3.9967413469666767e-05,5.6933773119105138e-05,7.8804039529645656e-05,0.00010350724256837142
1453,7.7000000000000002,8203.1844722124897,1.6176935997723358,10.486952411017628,0,0.0039487263044438847,3.9901546633231115e-05,1.8179688035274591e-05,2.6399029590304873e-05,3.760554488720313e-05,5.2051158450810192e-05,6.8367965854160734e-05
1454,7.7000000000000002,7803.3060992939918,1.7005918836953717,22.221909904170925,0,0.0037564243601595076,3.7958351687334573e-05,1.729434195501262e-05,2.5113403713494101e-05,3.5774164629335134e-05,4.9516280568521851e-05,6.5038463694001622e-05
1455,7.7000000000000002,7386.043000012156,1.796664197382565,36.982842461722434,0,0.0032320800941094429,3.2659897053971334e-05,1.4880293868380876e-05,2.1607924040369024e-05,3.0780591939553513e-05,4.2604500827233994e-05,5.5960004435685298e-05
1456,7.7000000000000002,7841.2550050072132,1.6923616194060691,2.8202232317973235,0,0.0048359942248635884,4.8867314218326581e-05,2.2264613845094359e-05,3.2330818800240199e-05,4.6055407206292786e-05,6.374691033468026e-05,8.3730059402776426e-05
1457,7.7000000000000002,7651.6849532555261,1.7342897805540107,10.576942318242457,0,0.0031685960048154316,3.2018395680077059e-05,1.4588017106309574e-05,2.1183504057170874e-05,3.017600362790415e-05,4.1767668862651092e-05,5.4860845437440487e-05
1458,7.7000000000000002,9815.7609621079646,1.3519317625681184,29.887495809263285,0,0.0042097606433452086,4.2539276636149793e-05,1.9381473745866791e-05,2.8144162756152946e-05,4.0091495492999196e-05,5.5492050193538565e-05,7.2887495796938696e-05
1459,7.7000000000000002,6976.05965783378,1.9022542336701651,36.981341468227782,0,0.0030737506019635689,3.1059990874815645e-05,1.4151354825237743e-05,2.0549419442703442e-05,2.9272747038487809e-05,4.0517439621232828e-05,5.3218698891020507e-05
1460,7.7000000000000002,9754.9778245707203,1.3603556314628451,6.6912534908485082,0,0.004334861090916688,4.3803406119369187e-05,1.9957428353650888e-05,2.8980516092033232e-05,4.1282884850945847e-05,5.7141094142591753e-05,7.5053476031699913e-05
1461,7.7000000000000002,9552.524534253509,1.3891865936450032,16.312622006840993,0,0.0036113294830656018,3.649218017828622e-05,1.6626334248802349e-05,2.4143378531071863e-05,3.4392359081729187e-05,4.7603674868421459e-05,6.2526301331265554e-05
1462,7.7000000000000002,9249.227073363134,1.4347403208065825,29.460294119348902,0,0.0039874283694180243,4.0292627739214593e-05,1.8357869913000318e-05,2.6657770480325132e-05,3.7974122532094483e-05,5.2561319743598549e-05,6.9038050649265352e-05
1463,7.7000000000000002,9288.8891361920923,1.4286142103629393,6.700710972201227,0,0.0047707881379570518,4.8208412203632979e-05,2.1964409114108634e-05,3.1894886480551085e-05,4.5434419515825858e-05,6.2887379412592852e-05,8.2601085860575612e-05
1464,7.7000000000000002,9197.6440981432788,1.4427867480900687,16.062717957684882,0,0.0034969359373514686,3.5336243036297855e-05,1.6099673545073291e-05,2.3378605699171936e-05,3.3302936496700216e-05,4.6095766719149282e-05,6.0545699632302861e-05
1465,7.7000000000000002,9099.2638791381069,1.4583859963523693,29.132308720383918,0,0.0048557199053449619,4.9066640557737333e-05,2.2355429639805505e-05,3.2462693937326969e-05,4.6243263974673545e-05,6.4006929500640312e-05,8.407158842900519e-05
1466,7.7000000000000002,9211.5150448590739,1.4406141610609478,7.2046044759826691,0,0.0055785230570664099,5.6370505511001437e-05,2.5683169978360009e-05,3.7294961438061596e-05,5.3126852319624911e-05,7.3534746441677109e-05,9.6586150691919798e-05
1467,7.7000000000000002,9031.7811774125803,1.4692826096847049,16.555906989342532,0,0.0036463361161211557,3.6845919256065959e-05,1.6787502589945438e-05,2.4377413779564646e-05,3.4725743421190483e-05,4.806512386830615e-05,6.3132403681463343e-05
1468,7.7000000000000002,9051.6454002732262,1.4660582061742484,29.339130454772732,0,0.0054816083659576294,5.5391190722237725e-05,2.5236980824047185e-05,3.66470426913415e-05,5.2203888942138068e-05,7.2257240341181523e-05,9.4908176636074277e-05
1469,7.7000000000000002,8775.499340557164,1.5121918996813934,7.4381446786125451,0,0.005350220041570688,5.4063522773540535e-05,2.4632077226108796e-05,3.5768652041828022e-05,5.0952617228313025e-05,7.0525311115406962e-05,9.2633328550195885e-05
1470,7.7000000000000002,8612.5042132889594,1.5408107432881344,16.88789954532486,0,0.0035007180341980267,3.5374460806297387e-05,1.6117086081544164e-05,2.3403890735122216e-05,3.3338955152278069e-05,4.6145621408246108e-05,6.0611182587596985e-05
1471,7.7000000000000002,8646.6020222937168,1.5347345678955751,29.553566114452597,0,0.0052718105715280046,5.3271201684617736e-05,2.4271084947970152e-05,3.5244449106444169e-05,5.0205887620349676e-05,6.9491736379005844e-05,9.1275752573231336e-05
1472,7.7000000000000002,7966.8111764745854,1.6656901644206157,7.1644884861743314,0,0.0048905687159488112,4.9418784852938859e-05,2.2515871376287814e-05,3.2695674071017832e-05,4.6575145298014154e-05,6.4466298123003893e-05,8.4674958252520379e-05
1473,7.7000000000000002,7989.4393675168412,1.6609724923132387,16.718688645530904,0,0.0032697381485025929,3.3040428520989948e-05,1.5053669186926609e-05,2.1859685245271799e-05,3.1139226989354919e-05,4.3100900224163874e-05,5.6612013305985463e-05
1474,7.7000000000000002,7951.9413304591089,1.6688049454816323,29.568413378959498,0,0.0048814984298776497,4.9327130376345256e-05,2.2474112348578339e-05,3.2635035087223066e-05,4.6488764773335859e-05,6.434673579807069e-05,8.4517915965820801e-05
1475,7.7000000000000002,7515.5218001006724,1.7657109341725539,7.0539772509584457,0,0.0046438669298933923,4.6925884089035943e-05,2.138007183931175e-05,3.1046360533452892e-05,4.4225690214530771e-05,6.1214334637558698e-05,8.0403581108397766e-05
1476,7.7000000000000002,7541.6967209537606,1.7595826919929141,16.707486499640005,0,0.0031065910341348205,3.1391840675158086e-05,1.430255011348678e-05,2.0768972653993777e-05,2.9585501646154919e-05,4.0950334283143219e-05,5.3787295793468073e-05
1477,7.7000000000000002,7397.8925665367315,1.7937863924215267,29.682137745266409,0,0.0045709023322290732,4.6188582976775699e-05,2.1044147411816271e-05,3.0558559043991005e-05,4.353081464172788e-05,6.0252532896564148e-05,7.9140277263797863e-05
1478,7.7000000000000002,7408.4877318780591,1.7912210290028965,7.1961517920831586,0,0.0046102622036384971,4.6586311161368702e-05,2.1225357789078066e-05,3.0821697668929032e-05,4.3905656881205423e-05,6.077136523524252e-05,7.9821751272648577e-05
1479,7.7000000000000002,7332.5546918444934,1.8097702064479035,16.898908538405557,0,0.0030419622537312075,3.0738772294039479e-05,1.4005003265401693e-05,2.0336899890596572e-05,2.8970011912227781e-05,4.0098413276238984e-05,5.2668317694920783e-05
1480,7.7000000000000002,7165.4718731549219,1.8519700102607664,29.831077159596944,0,0.0044590510664041117,4.5058335358884849e-05,2.0529191205112361e-05,2.981078250832603e-05,4.2465603362602916e-05,5.8778136468068527e-05,7.7203692417676811e-05
1481,7.7000000000000002,7351.8024708125949,1.8050320409361043,7.2328078189147442,0,0.0046062255167675118,4.654552078062109e-05,2.1206773136115916e-05,3.0794710582983368e-05,4.3867213647205747e-05,6.0718154601803206e-05,7.9751860363813277e-05
1482,7.7000000000000002,7283.3747069056953,1.8219904305991343,16.952715335592359,0,0.0030422802627744889,3.0741985748630145e-05,1.400646735907482e-05,2.0339025925549698e-05,2.8973040459265389e-05,4.0102605194803204e-05,5.2673823680835257e-05
1483,7.7000000000000002,7215.5051176419192,1.839128210997204,29.865938485929576,0,0.0045210163863066135,4.5684489696031539e-05,2.0814475648241708e-05,3.0225048828034717e-05,4.3055727731673771e-05,5.9594948380575724e-05,7.8276555550902503e-05
1484,7.7000000000000002,7423.3833798330643,1.7876267921849367,7.1767039497824996,0,0.0046830673856899374,4.732200139229129e-05,2.1560548277098727e-05,3.1308433392582638e-05,4.4599014265477726e-05,6.1731065598049341e-05,8.1082295006686852e-05
1485,7.7000000000000002,7381.7552457775209,1.7977078047989652,16.97664496450863,0,0.0031045243612220943,3.1370957119488509e-05,1.4293035281126272e-05,2.075515600650541e-05,2.9565819765215432e-05,4.09230918989027e-05,5.3751513565925491e-05
1486,7.7000000000000002,7399.6471141258698,1.793361063545472,29.974293916738787,0,0.0046681290217088223,4.7171050482792744e-05,2.14917729870442e-05,3.1208563641588653e-05,4.4456749323843001e-05,6.1534151684390184e-05,8.0823653237205751e-05
1487,7.7000000000000002,7342.4548455652912,1.8073300139482551,7.0345530076792926,0,0.0046624649725990558,4.7113815743724625e-05,2.1465696060487872e-05,3.1170696899626468e-05,4.4402807967410946e-05,6.1459489554134707e-05,8.0725586294531855e-05
1488,7.7000000000000002,7286.1034030941546,1.8213080825636572,16.888327446713745,0,0.003084445665142621,3.1168063587199895e-05,1.4200594224761053e-05,2.0620920799740071e-05,2.937460106620269e-05,4.065841936640984e-05,5.3403872452786648e-05
1489,7.7000000000000002,7272.2965379071875,1.8247659386932598,30.000350858071755,0,0.0046177995217784873,4.6662475126167639e-05,2.1260059128660257e-05,3.0872088065545082e-05,4.3977438244052365e-05,6.0870720346372224e-05,7.9952251861825107e-05
1490,7.7000000000000002,7069.5668380755669,1.8770936497804289,6.6458557755482168,0,0.0045156666065286561,4.5630430622084718e-05,2.0789845597961637e-05,3.0189283119355195e-05,4.3004779307279241e-05,5.9524428872909152e-05,7.8183929845045138e-05
1491,7.7000000000000002,7025.1948755449366,1.8889495954972488,16.370799762682097,0,0.0029915714429467558,3.0229577396398863e-05,1.3773007135694015e-05,2.0000014423634452e-05,2.8490116940848108e-05,3.9434173753318769e-05,5.1795854787780896e-05
1492,7.7000000000000002,6944.0733814663872,1.9110165301346027,29.639836760849427,0,0.0044355151414721553,4.4820506820307281e-05,2.0420833284128301e-05,2.9653434155766201e-05,4.2241459876007132e-05,5.8467891578079331e-05,7.6796193090543596e-05
1493,7.7000000000000002,6958.3960913226856,1.9070830180245577,6.4313333779531519,0,0.0044581764512589056,4.5049497446527311e-05,2.0525164531885384e-05,2.9804935308667641e-05,4.2457273998507697e-05,5.8766607502018044e-05,7.7188549393376624e-05
1494,7.7000000000000002,6922.0339469375376,1.9171011179916277,15.990105708968903,0,0.0029565863868671791,2.9876056352143546e-05,1.3611938133593891e-05,1.9766123427030346e-05,2.8156938088897485e-05,3.897300917593108e-05,5.1190126019807636e-05
1495,7.7000000000000002,6829.8264786687396,1.9429833334560163,29.322062165515078,0,0.0043758031554650542,4.421712223233424e-05,2.014592304880657e-05,2.9254232397031155e-05,4.1672795046650128e-05,5.7680782569898555e-05,7.5762344019813298e-05
1496,7.7000000000000002,7003.9717257755974,1.8946734136024013,6.6145644586031533,0,0.0045050758576718692,4.552341199713866e-05,2.0741086455029994e-05,3.0118479150961853e-05,4.2903918713047938e-05,5.9384824173987134e-05,7.80005623740214e-05
1497,7.7000000000000002,6941.5039295530923,1.9117239078339494,16.096043428888724,0,0.0029765705908971472,3.0077995050232695e-05,1.3703944154494664e-05,1.9899726911508898e-05,2.8347256896467974e-05,3.923643613700117e-05,5.1536131104334721e-05
1498,7.7000000000000002,6844.162392888984,1.938913523185481,29.278297659479808,0,0.0044022297317563783,4.4484160559365977e-05,2.0267589347196507e-05,2.9430906067399245e-05,4.1924467541606308e-05,5.8029131329422383e-05,7.6219891878598627e-05
1499,7.7000000000000002,7045.3238645744277,1.88355273278151,6.7654139558083362,0,0.0045703337797951557,4.6182837802330494e-05,2.1041529832099825e-05,3.0554758012628129e-05,4.3525400054231564e-05,6.0245038375408777e-05,7.9130433387471306e-05
1500,7.7000000000000002,7003.6953405190097,1.8947481826738852,16.24471801670218,0,0.0030289595205622954,3.060738077082479e-05,1.3945139498102674e-05,2.024997071110529e-05,2.8846180877068529e-05,3.9927014381434099e-05,5.2443189299391699e-05
1501,7.7000000000000002,6934.4851357825346,1.9136588742507195,29.320980634612127,0,0.0044986448635847007,4.5458427343687642e-05,2.0711478561940556e-05,3.0075485033336841e-05,4.2842673385271691e-05,5.9300052359883253e-05,7.7889216600660231e-05
1502,7.7000000000000002,7117.4292896655616,1.8644707911209193,6.9078005406268739,0,0.0046502859230993943,4.6990747474593827e-05,2.1409624481097619e-05,3.1089274419734278e-05,4.4286821252371327e-05,6.129894825893941e-05,8.0514719099357583e-05
1503,7.7000000000000002,7083.6398011636138,1.8733644554131732,16.438630274353891,0,0.0030854407203025312,3.1178118535759156e-05,1.4205175396255441e-05,2.0627573195622989e-05,2.9384077436200564e-05,4.0671535943706546e-05,5.3421100766919029e-05
1504,7.7000000000000002,7053.046270968669,1.8814904239423642,29.456350239642319,0,0.004608179929308745,4.6565269954694468e-05,2.1215771128772906e-05,3.0807776718878788e-05,4.388582642076383e-05,6.0743917196882908e-05,7.9785698923283353e-05
1505,7.7000000000000002,7337.966859284983,1.8084353981046755,7.1084873432852529,0,0.0048189677744972636,4.8695263371823056e-05,2.2186225136396184e-05,3.2216989242964323e-05,4.5893256453327212e-05,6.3522471769547235e-05,8.3435264654416075e-05
1506,7.7000000000000002,7197.0011082941246,1.8438567423807639,16.681221234670588,0,0.0031508454798347941,3.1839028120597909e-05,1.4506294803538887e-05,2.1064833732089105e-05,3.0006957177867956e-05,4.153368572046359e-05,5.4553514112804518e-05
1507,7.7000000000000002,7113.4779026614187,1.8655064653374487,29.571365750959554,0,0.0046713249003781238,4.7203344567498932e-05,2.150648661182521e-05,3.1229929542654765e-05,4.4487185152889246e-05,6.1576278986760609e-05,8.0878986452751983e-05
1508,7.7000000000000002,7485.0847008719747,1.7728909623299298,7.0657919820904409,0,0.0049440650744662674,4.9959361048784613e-05,2.2762165252816066e-05,3.3053321535691827e-05,4.7084615835201314e-05,6.5171474227663191e-05,8.5601190391812311e-05
1509,7.7000000000000002,7260.3839930513386,1.8277599409549741,16.70504232355389,0,0.0031970883037711795,3.2306307960599335e-05,1.4719193862176482e-05,2.1373988022185646e-05,3.0447348954146227e-05,4.2143247480471337e-05,5.535415907123701e-05
1510,7.7000000000000002,7077.7044222643435,1.8749354630727082,29.62537222833123,0,0.0046748766444913306,4.7239234642534758e-05,2.152283861877149e-05,3.1253674565913585e-05,4.4521010052965699e-05,6.1623097221644407e-05,8.0940481097235489e-05
1511,7.7000000000000002,7494.3527548262628,1.7706984782513868,6.9446607882671731,0,0.004978472244948449,5.0307042607764083e-05,2.2920573705900956e-05,3.3283349104494349e-05,4.7412291215627953e-05,6.5625021256383964e-05,8.6196913689731635e-05
1512,7.7000000000000002,7260.1406778597757,1.8278211962088178,16.580536370120097,0,0.0032152537869944756,3.2489868638161061e-05,1.4802826606648511e-05,2.1495432531670718e-05,3.06203472432357e-05,4.2382700502203236e-05,5.5668674953317002e-05
1513,7.7000000000000002,7014.3575698609493,1.8918680558101371,29.60265133590438,0,0.0046595751509782941,4.7084614339709162e-05,2.1452391503146455e-05,3.115137712899781e-05,4.4375286861034629e-05,6.14213966220144e-05,8.0675552128914836e-05
1514,7.7000000000000002,7553.2238216194582,1.7568973635425424,7.0664483948384689,0,0.0050443104863214855,5.0972332490083777e-05,2.3223688836368697e-05,3.3723507664034016e-05,4.8039299205131278e-05,6.6492885086291326e-05,8.7336832309318937e-05
1515,7.7000000000000002,7325.1215560038536,1.8116066630421075,16.646107985124932,0,0.0032613317196686408,3.2955482265849555e-05,1.5014966516265439e-05,2.1803484448755072e-05,3.1059168683844984e-05,4.2990088705333342e-05,5.6466464996185346e-05
1516,7.7000000000000002,7121.8509574016525,1.8633132170027169,29.601124831541604,0,0.0047563722305675642,4.806274067397679e-05,2.1898039181406193e-05,3.1798509589268978e-05,4.5297130169685296e-05,6.2697352395805705e-05,8.2351489867292399e-05
1517,7.7000000000000002,7590.5882350227075,1.7482490957975476,7.381549877684586,0,0.0051003773496347852,5.153888342033107e-05,2.3481817155620673e-05,3.4098340121269065e-05,4.8573249847048429e-05,6.723194496564437e-05,8.8307569985475356e-05
1518,7.7000000000000002,7420.7323189909293,1.7882654228733099,17.006357650668811,0,0.0033242330841793868,3.3591095254902454e-05,1.5304560450013527e-05,2.2224008651995234e-05,3.1658207438167644e-05,4.3819239332267487e-05,5.7555534739056888e-05
1519,7.7000000000000002,7337.9435272300861,1.808441148287111,29.770057706003634,0,0.0049308439446424206,4.9825762645771335e-05,2.2701296001026975e-05,3.2964932275325973e-05,4.6958704907799056e-05,6.4997196480789403e-05,8.5372280692162339e-05
1520,7.7000000000000002,7463.6078556679931,1.7779925305658042,7.7500411308824653,0,0.0050312292341489805,5.0840147538952865e-05,2.3163463572505952e-05,3.3636053549325796e-05,4.7914720397225457e-05,6.632045117290519e-05,8.7110344441356809e-05
1521,7.7000000000000002,7374.4069661548783,1.7994991433689813,17.4886935748174,0,0.0033140658539515108,3.3488356250020852e-05,1.5257751160264176e-05,2.2156036098077008e-05,3.1561380207502754e-05,4.3685217353838276e-05,5.7379500039394738e-05
1522,7.7000000000000002,7307.2493527347142,1.8160375235427826,30.038743293932608,0,0.0049258277331351956,4.9775074251097733e-05,2.2678201678126529e-05,3.2931396622104978e-05,4.6910933208153436e-05,6.4931073989673335e-05,8.5285430363574809e-05
1523,7.7000000000000002,7325.7574041288535,1.811449422413407,8.0460770305795322,0,0.0049482761855359336,5.0001913971364965e-05,2.2781552943839944e-05,3.308147472666155e-05,4.7124720191428058e-05,6.5226984078851029e-05,8.5674101268794342e-05
1524,7.7000000000000002,7232.8360468962273,1.8347213917761223,17.980285364149765,0,0.0032569744854728886,3.291145278139072e-05,1.4994906083541536e-05,2.1774354358291193e-05,3.1017672729580441e-05,4.2932652694315013e-05,5.6391024153810804e-05
1525,7.7000000000000002,7069.83081018552,1.8770235631850609,30.440165377389903,0,0.0047752827523439463,4.8253829903349276e-05,2.1985102036608892e-05,3.1924935020016357e-05,4.547722380511955e-05,6.2946626336180407e-05,8.267890529379007e-05
1526,7.7000000000000002,7464.3499327266582,1.77781576936365,8.2094374552858795,0,0.0050672704892315958,5.1204341385150996e-05,2.3329395248516092e-05,3.3877005716187026e-05,4.8257957920240189e-05,6.6795538310993247e-05,8.7734360163605344e-05
1527,7.7000000000000002,7258.2821324515262,1.8282892255068421,18.354360129382876,0,0.0032848224414163477,3.319285403005857e-05,1.5123116324626718e-05,2.1960530597488509e-05,3.1282881679633534e-05,4.3299737737842312e-05,5.6873181678607579e-05
1528,7.7000000000000002,7033.3487099606346,1.8867597165567276,30.864894738754003,0,0.0047745294355915685,4.8246217701032093e-05,2.1981633813568326e-05,3.1919898755230283e-05,4.547004962165843e-05,6.2936696296309695e-05,8.2665862421219747e-05
1529,7.7000000000000002,7666.6785706621067,1.7308980539800971,7.9607829726563404,0,0.0052302316517405939,5.2851050203116057e-05,2.4079658211270736e-05,3.4966475134795261e-05,4.9809912357980333e-05,6.8943653079428353e-05,9.0555858118890591e-05
1530,7.7000000000000002,7450.9046248963523,1.7810238738137858,18.118206774492794,0,0.0033887498327463987,3.4243031563750688e-05,1.5601591510555392e-05,2.2655332431659087e-05,3.2272630241156733e-05,4.466968356250278e-05,5.8672573126368504e-05
1531,7.7000000000000002,7258.5690455891317,1.8282169577919738,30.848301410273521,0,0.004951969500632372,5.0039234609259239e-05,2.2798556734706294e-05,3.3106166216271118e-05,4.7159893337382842e-05,6.527566846831533e-05,8.5738047063193361e-05
1532,7.7000000000000002,7671.5352827998468,1.7298022532989994,7.4075675725426589,0,0.0052557800712705188,5.3109214830057006e-05,2.4197281531055056e-05,3.5137277928191447e-05,5.0053221760394082e-05,6.9280426188170612e-05,9.0998201634085336e-05
1533,7.7000000000000002,7585.9982302015342,1.7493068961732945,17.325206658783351,0,0.0034648496486200425,3.5012013791879601e-05,1.595195028588194e-05,2.3164094279448889e-05,3.2997363945420712e-05,4.5672812994304296e-05,5.9990159915633178e-05
1534,7.7000000000000002,7460.3379039387091,1.778771845098851,30.330435073557588,0,0.005111224506005616,5.1648493021604666e-05,2.3531756782651704e-05,3.4170858290401722e-05,4.867655232849485e-05,6.7374929566618974e-05,8.8495376877925988e-05
1535,7.7000000000000002,7789.8840561200241,1.7035220194354956,7.4779838262298446,0,0.0053614022998708811,5.4176518551578593e-05,2.4683559641387513e-05,3.5843410519624014e-05,5.1059111040248021e-05,7.0672712949250503e-05,9.2826937373572584e-05
1536,7.7000000000000002,7648.3665025728433,1.7350422490849464,17.246889579464877,0,0.0035092135407478117,3.546030718425163e-05,1.615619886041742e-05,2.346068705664493e-05,3.3419861786029297e-05,4.6257607128057858e-05,6.0758273182621472e-05
1537,7.7000000000000002,7489.9449255985437,1.7717405335112646,30.139319975916763,0,0.0051546979091464731,5.2087788097786058e-05,2.3731905601789427e-05,3.4461497744094721e-05,4.9090569631080023e-05,6.7947985489166487e-05,8.9248072282049944e-05
1538,7.7000000000000002,8053.0973291071168,1.6478428704054027,7.7993864904324495,0,0.0055670891259955767,5.6254966600819046e-05,2.5630528877443329e-05,3.7218520413437341e-05,5.3017961711623665e-05,7.3384027118027402e-05,9.6388184424126103e-05
1539,7.7000000000000002,7782.1768007382361,1.7052091411224561,17.615074476132492,0,0.0035865278389350919,3.6241561653841864e-05,1.6512149036080176e-05,2.3977568270544893e-05,3.4156161566450224e-05,4.7276745573011715e-05,6.209688743212206e-05
1540,7.7000000000000002,7620.7544465176607,1.7413287767740435,30.276529076154045,0,0.0052682880503547129,5.3235606904927777e-05,2.4254867481604852e-05,3.5220899451817163e-05,5.0172341023830878e-05,6.9445303353872902e-05,9.1214763892647133e-05
1541,7.7000000000000002,8018.5185088363596,1.6549489788950698,7.4264817828877323,0,0.0055637223197928312,5.6220945307787743e-05,2.5615028313027847e-05,3.7196011784143114e-05,5.2985898060708849e-05,7.3339646690106871e-05,9.6329891781445895e-05
1542,7.7000000000000002,7831.4892383015167,1.6944719726548441,17.027145356055026,0,0.0036227010764698221,3.6607089171599328e-05,1.6678688351015021e-05,2.4219402800069459e-05,3.4500656019331616e-05,4.7753572471974063e-05,6.2723188289141618e-05
1543,7.7000000000000002,7734.2705198215335,1.7157712526916062,29.735158539545132,0,0.005366602157670786,5.4229062676567853e-05,2.4707499460291565e-05,3.5878173931757842e-05,5.1108631688382415e-05,7.0741256221535531e-05,9.291696734098519e-05
1544,7.7000000000000002,7717.582103566484,1.7194814179323665,6.9092236952368218,0,0.0053728778784636342,5.4292478306461259e-05,2.4736392484880803e-05,3.5920129976856347e-05,5.1168398276841434e-05,7.082398126049656e-05,9.3025624723593059e-05
1545,7.7000000000000002,7572.8734474504809,1.7523386744192289,16.111367873779624,0,0.0035147106977488022,3.5515855492620932e-05,1.6181507426181134e-05,2.3497438049026545e-05,3.3472213751806234e-05,4.633006932675862e-05,6.0853450567216527e-05
1546,7.7000000000000002,7439.6064204243494,1.7837286367755227,28.84719158548755,0,0.005179230305616218,5.2335685897302022e-05,2.3844851215182718e-05,3.4625507961667169e-05,4.9324202976494571e-05,6.8271365626804207e-05,8.9672824446381192e-05
1547,7.7000000000000002,7476.0845717817228,1.7750252677100666,6.8309841269135667,0,0.0052259768267707771,5.2808055555257504e-05,2.4060069264194583e-05,3.4938029696540057e-05,4.9769391694086871e-05,6.8887567002144353e-05,9.0482190382556351e-05
1548,7.7000000000000002,7216.5162824514409,1.8388705157805132,15.995026647029155,0,0.0033629512884291815,3.3982339446906728e-05,1.5482816631951272e-05,2.2482857440406704e-05,3.2026938784837317e-05,4.4329613369097757e-05,5.8225898968430132e-05
1549,7.7000000000000002,6976.9965817553539,1.9019987845703188,28.736917669245933,0,0.0048768921943029078,4.9280584753929654e-05,2.2452905529135939e-05,3.2604240309397959e-05,4.6444897463901919e-05,6.4286017510887096e-05,8.4438163931313938e-05
1550,7.7000000000000002,7339.2832523425132,1.8081110323973977,6.8874081023394425,0,0.0050988539824595933,5.1523489923366729e-05,2.3474803668771258e-05,3.408815571950652e-05,4.8558742117651766e-05,6.7211864306692288e-05,8.8281194514757197e-05
1551,7.7000000000000002,7031.6494319821013,1.8872156734795151,16.200575812387626,0,0.0032567050522005745,3.2908730180873255e-05,1.4993665629668731e-05,2.1772553074439126e-05,3.1015106792051493e-05,4.2929101089856289e-05,5.6386359205333411e-05
1552,7.7000000000000002,6714.2154716257746,1.9764392540766504,29.06634207007766,0,0.0046646323919527378,4.7135717333692353e-05,2.1475674723138462e-05,3.1185187082850371e-05,4.4423449303251964e-05,6.1488059953678691e-05,8.076311283877409e-05
1553,7.7000000000000002,7284.9212304911089,1.8216036383354755,6.9126922444605459,0,0.0050172976993189487,5.0699370553202445e-05,2.3099323660662098e-05,3.3542914908695657e-05,4.778204395474607e-05,6.6136809038456703e-05,8.6869134840052262e-05
1554,7.7000000000000002,6918.3520179788184,1.9181213942228434,16.220877358196319,0,0.0031765552035162444,3.2098822712400427e-05,1.4624660757511405e-05,2.1236714917032551e-05,3.0251802754238315e-05,4.1872585101654859e-05,5.499865043658446e-05
1555,7.7000000000000002,6583.1288494942573,2.0157951214139498,29.129776030271927,0,0.0045339566737718964,4.5815250210672e-05,2.0874051919441074e-05,3.03115605296228e-05,4.3178964067547783e-05,5.9765524131165587e-05,7.8500602765968754e-05
1556,7.7000000000000002,7110.7748917229792,1.8662155982320094,6.8771462235724954,0,0.0048764720998053911,4.9276339734424465e-05,2.2450971440439643e-05,3.2601431786797088e-05,4.6440896709920702e-05,6.4280479926469064e-05,8.4430890445119308e-05
1557,7.7000000000000002,6746.3130302463542,1.967035765899728,16.032337283451831,0,0.0030842191352194238,3.1165774521410729e-05,1.4199551295214443e-05,2.0619406344271521e-05,2.9372443717088496e-05,4.0655433303558909e-05,5.3399950329838635e-05
1558,7.7000000000000002,6424.7619940906952,2.0654833643106967,28.892848899608531,0,0.0044057894520657618,4.4520131233192188e-05,2.0283978076049299e-05,2.9454704415153777e-05,4.1958368402683909e-05,5.8076054704601808e-05,7.6281524622374362e-05
1559,7.7000000000000002,6698.4992402619137,1.9810764385383555,6.410573974234401,0,0.0040662142289894631,4.1088752212615313e-05,1.8720595064902542e-05,2.7184489750734768e-05,3.8724436671430071e-05,5.3599855956052957e-05,7.0402143407709747e-05
1560,7.7000000000000002,6495.1017791513605,2.0431148686608913,15.228450351817095,0,0.0026244079654457221,2.6519421389121454e-05,1.2082609532952234e-05,1.7545359742675474e-05,2.499344951708467e-05,3.4594313284071002e-05,4.5438812501908711e-05
1561,7.7000000000000002,6297.408425987358,2.107253987797264,28.242590286885864,0,0.003808698239586527,3.8486574834963149e-05,1.7535007614546249e-05,2.5462878349971411e-05,3.6271992933365404e-05,5.0205342248444366e-05,6.5943529917433964e-05
1562,7.7000000000000002,6511.9038019108266,2.0378432209879986,6.140421225000102,0,0.0034991206243850403,3.5358319114716093e-05,1.6109731707038161e-05,2.3393211324682089e-05,3.3323742280634391e-05,4.6124564737087851e-05,6.058352514792423e-05
1563,7.7000000000000002,6402.3422370791486,2.0727162852362686,14.621142293407516,0,0.0022935691526407105,2.3176323058308894e-05,1.0559448406290463e-05,1.5333551950620649e-05,2.1842718657018127e-05,3.0233275790129818e-05,3.9710692872136189e-05
1564,7.7000000000000002,6301.3888692240989,2.1059228836457984,27.558378724182845,0,0.0033859908970768496,3.4215152751245324e-05,1.5588889543917354e-05,2.2636887693087004e-05,3.224635562216241e-05,4.4633315937446138e-05,5.862480511078401e-05
1565,7.7000000000000002,6592.9488499725767,2.0127926547625421,6.4467731883616661,0,0.0036166784646905746,3.6546231186964374e-05,1.6650960624436179e-05,2.4179138903736017e-05,3.4443299904944095e-05,4.7674183855027744e-05,6.2618913217959019e-05
1566,7.7000000000000002,6461.1319320146758,2.0538566861166223,14.807320684683811,0,0.002362911978417597,2.3877026470774485e-05,1.0878698423362926e-05,1.5797140249333388e-05,2.2503102422898164e-05,3.1147336206998336e-05,4.0911289616359739e-05
1567,7.7000000000000002,6342.5209706230989,2.0922656905533672,27.330311513520797,0,0.0034793018311368119,3.515805187864086e-05,1.6018487226993314e-05,2.3260713686439778e-05,3.3134998756357286e-05,4.5863318181076502e-05,6.0240383973885232e-05
1568,7.7000000000000002,6520.1859672239852,2.0352546821758595,6.4730956846107865,0,0.0033931905572105706,3.4287904710338003e-05,1.5622036327234227e-05,2.2685020692504141e-05,3.2314921311819488e-05,4.4728220122117171e-05,5.8749459513301056e-05
1569,7.7000000000000002,6404.6398576386327,2.0719727125051244,14.913589651882166,0,0.0022211774605560069,2.2444811108664385e-05,1.022616160012097e-05,1.4849580595278644e-05,2.1153299128729167e-05,2.9279025952408071e-05,3.8457308273917259e-05
1570,7.7000000000000002,6328.4498112449601,2.0969177941286974,27.497402642528581,0,0.0032907466382491308,3.3252717539950789e-05,1.5150390954969762e-05,2.2000136545186487e-05,3.1339300543018707e-05,4.3377829072683615e-05,5.6975752800420005e-05
1571,7.7000000000000002,6348.1364574697836,2.0904148969316823,6.399880277236079,0,0.0031188369000401334,3.1515584118438831e-05,1.4358929311414438e-05,2.0850841831918172e-05,2.9702124684694374e-05,4.1111756336094184e-05,5.3999319843128554e-05
1572,7.7000000000000002,6274.6506395053548,2.1148968732856934,15.12029875398569,0,0.0020551555647298006,2.0767173838390277e-05,9.4618072133029765e-06,1.3739648783691166e-05,1.9572195913567174e-05,2.7090565335062045e-05,3.5582817000081641e-05
1573,7.7000000000000002,6228.0285458182507,2.1307286761490722,28.030664836119101,0,0.0030598279311316629,3.0919303459019509e-05,1.4087255722684846e-05,2.0456340061928448e-05,2.9140155011957689e-05,4.0333914329871291e-05,5.2977642760347881e-05
1574,7.7000000000000002,6257.0342467561404,2.1208512683672289,6.8990614299268618,0,0.0030177556947983131,3.0494167055382158e-05,1.3893557787574512e-05,2.0175068045013918e-05,2.873948166821182e-05,3.9779328250480935e-05,5.2249207058483824e-05
1575,7.7000000000000002,6131.2225607586624,2.1643707901557443,16.153795627186916,0,0.0019716732408868822,1.9923591989195026e-05,9.0774598347024314e-06,1.3181531515620089e-05,1.8777155175233442e-05,2.5990121462489931e-05,3.4137409993904639e-05
1576,7.7000000000000002,6027.9741039464188,2.2014426056943641,29.097889189581824,0,0.0029080530064718307,2.9385630632099605e-05,1.3388493496802582e-05,1.9441655726209343e-05,2.7694732285235938e-05,3.8333253852735159e-05,5.0349822530066663e-05
1577,7.7000000000000002,6218.7515369917201,2.1339072544566307,7.5349163543406075,0,0.0025451393333297497,2.571841853983095e-05,1.1717661726559691e-05,1.701541291844065e-05,2.4238537711769205e-05,3.3549413280289013e-05,4.4066361054029984e-05
1578,7.7000000000000002,5979.9247371879519,2.2191314442345731,17.51181687551415,0,0.0017706204413392675,1.7891970388107473e-05,8.1518253661192787e-06,1.1837402195110345e-05,1.6862436479846304e-05,2.3339891915191461e-05,3.0656396149292128e-05
1579,7.7000000000000002,8452.0801761625444,1.5700559793405762,30.095890816262454,0,0.0041502891754371923,4.1938322463304781e-05,1.9107670840775388e-05,2.7746568970198289e-05,3.9525121228617827e-05,5.4708111636971936e-05,7.1857811039436958e-05
1580,7.7000000000000002,6037.3684093812517,2.1980171025889028,7.050221237556924,0,0.0020835885898065993,2.1054487161359489e-05,9.5927110759519576e-06,1.3929736475891955e-05,1.9842976747275808e-05,2.7465362618895759e-05,3.6075104370161815e-05
1581,7.7000000000000002,5788.2084684819183,2.2926332198830353,17.032232471878999,0,0.0014427108701582751,1.4578471797122227e-05,6.6421502840194413e-06,9.6451777143178405e-06,1.3739602141058926e-05,1.9017466978352791e-05,2.497899320026402e-05
1582,7.7000000000000002,6128.338725457932,2.1653892862226463,5.8137546563565001,0,0.0016286152117206498,1.6457019506499597e-05,7.4980422029411506e-06,1.0888032709952299e-05,1.5510055072547782e-05,2.1468013203465117e-05,2.8197727722779035e-05
1583,7.7000000000000002,5980.6932792464449,2.2188462773202065,14.879163590540498,0,0.0010569238092036051,1.0680126048049637e-05,4.8660108721011215e-06,7.0660159156797355e-06,1.0065573728072681e-05,1.393211492054489e-05,1.8299503517567344e-05
1584,7.7000000000000002,5869.2074721504714,2.2609933421876041,28.455825318225976,0,0.0015472039340032003,1.5634365403920249e-05,7.1232297906980658e-06,1.0343761326283899e-05,1.4734737863278886e-05,2.0394869361769898e-05,2.6788178661638406e-05
1585,7.7000000000000002,6293.9613347950026,2.1084080934987459,5.5592053634059848,0,0.0012141234587325059,1.2268615262748047e-05,5.5897481907584593e-06,8.1169670020664268e-06,1.1562658615915832e-05,1.6004282813475876e-05,2.1021247047672939e-05
1586,7.7000000000000002,6233.400866396948,2.1288922857484156,14.293963792418028,0,0.00080162744542001127,8.1003778002814126e-06,3.6906424387654127e-06,5.3592437207480094e-06,7.6342685102359218e-06,1.056685978289184e-05,1.3879320467097283e-05
1587,7.7000000000000002,6228.6744864929497,2.1305077103044683,27.842733313793534,0,0.0012015294356914009,1.2141353720941742e-05,5.5317660992322167e-06,8.0327702354916087e-06,1.1442719916125535e-05,1.5838271437071292e-05,2.0803195030172568e-05
1588,7.7000000000000002,6159.4069093891349,2.1544670150337644,6.01458869641431,0,0.0012804225229604569,1.2938561721193142e-05,5.8949849207233456e-06,8.5602063717825552e-06,1.2194055234364146e-05,1.6878221099192421e-05,2.2169144321332609e-05
1589,7.7000000000000002,6150.9502433219996,2.1574290952617061,15.084471128688802,0,0.00085255461800683163,8.6149925887474391e-06,3.9251079445425652e-06,5.6997150100741449e-06,8.119271502855774e-06,1.1238169497820708e-05,1.4761069904262956e-05
1590,7.7000000000000002,6098.459024871835,2.1759987177627775,28.476277289251328,0,0.0012672083789586498,1.2805033909323032e-05,5.83414783122041e-06,8.4718638148112919e-06,1.2068210836172585e-05,1.6704035437741074e-05,2.1940355573707634e-05
1591,7.7000000000000002,6323.565511764551,2.0985374459648756,6.2199907581985237,0,0.0014104332829120772,1.4252309497328766e-05,6.4935462984743162e-06,9.4293873771002211e-06,1.3432207765644383e-05,1.8591991602591513e-05,2.4420141354741256e-05
1592,7.7000000000000002,6241.9705628568709,2.1259694971032244,15.358134639291645,0,0.00092815601329468889,9.3789383188480261e-06,4.2731720227791267e-06,6.205144689772737e-06,8.8392585176137131e-06,1.2234728869586229e-05,1.6070027075022116e-05
1593,7.7000000000000002,6119.3175663510929,2.1685815247471956,28.680996975509739,0,0.0013648770062131797,1.3791967159321767e-05,6.2838080602220089e-06,9.12482296724359e-06,1.2998354295889783e-05,1.7991479742801523e-05,2.3631383226256187e-05
1594,7.7000000000000002,6802.8846849507818,1.9506782244605931,6.0583263847389022,0,0.001442651002465499,1.4577866839130472e-05,6.6418746569199297e-06,9.6447774715886037e-06,1.3739031993362073e-05,1.9016677816855509e-05,2.4977956655297387e-05
1595,7.7000000000000002,6504.6126814996114,2.0401274708013135,14.908442819620282,0,0.00092044422485733834,9.3010113463930714e-06,4.2376674328997791e-06,6.1535878799420137e-06,8.7658155935206882e-06,1.2133073933046335e-05,1.5936505719549606e-05
1596,7.7000000000000002,6284.803760696168,2.1114802504159664,28.228194681323362,0,0.0013347376351435611,1.3487411353851726e-05,6.1450482877332408e-06,8.9233275767414374e-06,1.2711323140968997e-05,1.7594189817342022e-05,2.3109552303248276e-05
1597,7.7000000000000002,6800.5566327049237,1.9513460052124749,5.5707323229291994,0,0.001103086728007553,1.1146598453419651e-05,5.0785420525247981e-06,7.3746360036581776e-06,1.0505204530859012e-05,1.4540623390355024e-05,1.9098765004230745e-05
1598,7.7000000000000002,6534.2706637299889,2.0308676670082777,13.888792617998989,0,0.00070235700437398167,7.0972583568695402e-06,3.2336075596171857e-06,4.6955757152781229e-06,6.6888702377530504e-06,9.2583007544897925e-06,1.2160559124705826e-05
1599,7.7000000000000002,6369.3861424405895,2.083440809158593,27.231161294404814,0,0.0010217326912257295,1.0324522765672359e-05,4.7039931739561942e-06,6.8307473016539061e-06,9.7304324534650837e-06,1.3468234084877416e-05,1.7690207008570633e-05
1600,7.7000000000000002,6286.7715039800387,2.110819362537482,5.1909355983766297,0,0.00074848582059422605,7.5633861585043135e-06,3.4459817338861877e-06,5.0039678119887781e-06,7.1281762658795679e-06,9.8663596922607125e-06,1.2959230161665091e-05
1601,7.7000000000000002,6433.3032073262275,2.0627411130471578,13.069998604844393,0,0.00051062098961484454,5.1597820811469922e-06,2.3508669833647569e-06,3.4137333344939105e-06,4.8628795882102646e-06,6.7308828188067916e-06,8.8408554280193369e-06
1602,7.7000000000000002,6437.320034462784,2.0614539819997311,26.351120907497318,0,0.00076640971687489963,7.7445056203641087e-06,3.5285022272393363e-06,5.1237972029887439e-06,7.2988738109026002e-06,1.0102628173140555e-05,1.3269563224635682e-05
1603,7.7000000000000002,6249.0328129080535,2.1235668647856731,5.1382821938000438,0,0.001156822595074833,1.1689594862983204e-05,5.3259386113819506e-06,7.7338846918170296e-06,1.101695601861779e-05,1.5248956638993431e-05,2.0029143977487268e-05
1604,7.7000000000000002,6455.963505790839,2.0555009343759263,12.871291628781348,0,0.00078844556234597559,7.9671759823685077e-06,3.6299538765488464e-06,5.2711168427378065e-06,7.508731347763901e-06,1.0393099377215074e-05,1.3651090282876871e-05
1605,7.7000000000000002,6514.5245222316207,2.0370234194627126,26.068319063648048,0,0.0011943173575682013,1.2068476279111577e-05,5.4985621442712852e-06,7.9845542161722464e-06,1.1374035964217605e-05,1.5743203561455854e-05,2.0678325623470574e-05
1606,7.7000000000000002,6377.3889134433421,2.0808263693118496,5.2205881923899975,0,0.0015762153793606177,1.5927523615094234e-05,7.2567966640102799e-06,1.0537716020886577e-05,1.5011027260546862e-05,2.077729124233592e-05,2.7290480759239748e-05
1607,7.7000000000000002,6457.0415474008132,2.0551577562315195,12.941225197540383,0,0.001063934715844744,1.075097066900192e-05,4.8982886461866283e-06,7.1128870122320599e-06,1.013234183101682e-05,1.4024531002168747e-05,1.8420889855564146e-05
1608,7.7000000000000002,6553.5557471985776,2.0248914528761777,26.084335893598805,0,0.0016197562197369877,1.6367500138859023e-05,7.4572559599471181e-06,1.0828806323141499e-05,1.5425686799081459e-05,2.1351236106268708e-05,2.8044343766853885e-05
1609,7.7000000000000002,6121.4738483104293,2.1678176444570831,5.3088905811944702,0,0.0015129642170201392,1.528837594844173e-05,6.9655922830116957e-06,1.0114853260211491e-05,1.4408657219886972e-05,1.994352966471606e-05,2.6195354641670345e-05
1610,7.7000000000000002,6383.6425252430636,2.0787879280481283,13.014977642185194,0,0.0010518406682519851,1.0628761336979109e-05,4.8426084102399931e-06,7.032032808711169e-06,1.0017164628407048e-05,1.3865110181623679e-05,1.8211494377348852e-05
1611,7.7000000000000002,6588.293643254121,2.0142148691319495,26.10000023917463,0,0.0016283419288340064,1.645425800595366e-05,7.4967840256856223e-06,1.0886205689679228e-05,1.5507452473363074e-05,2.146441085431811e-05,2.8192996122353467e-05
1612,7.7000000000000002,8714.3010626551113,1.522811631482321,5.4435472361832877,0,0.0013280095330650817,1.3419424449179335e-05,6.114072528101942e-06,8.8783471571928652e-06,1.2647248316529227e-05,1.7505501597303565e-05,2.2993062423297083e-05
1613,7.7000000000000002,6270.6464946195092,2.116247348632458,13.043834595401663,0,0.0007862275037494958,7.9447626871185749e-06,3.6197420740031541e-06,5.2562881131660451e-06,7.4876077510186677e-06,1.0363861463377232e-05,1.3612686974393324e-05
1614,7.7000000000000002,6627.1212173948406,2.0024138058042888,26.067315964778523,0,0.0012422267722843044,1.2552596878534743e-05,5.7191340822430694e-06,8.3048504229063598e-06,1.1830299454446964e-05,1.6374733919451799e-05,2.1507825815904059e-05
1615,7.7000000000000002,8734.7374309192019,1.5192487608701313,5.5908720167516792,1,0.0027331594198160328,2.7618345673416661e-05,1.2583294402301031e-05,1.8272412630255851e-05,2.6029139859631039e-05,3.6027848745066266e-05,4.7321727433392382e-05
1616,7.7000000000000002,6142.6722145351405,2.1603365042088942,13.092826976022856,0,0.0004983533972994364,5.035819094322646e-06,2.2943877584088351e-06,3.3317189056458555e-06,4.746049639029991e-06,6.5691743735542965e-06,8.6284552088426603e-06
1617,7.7000000000000002,6662.6260733763929,1.9917430262936915,26.031691678475376,0,0.00085347966075556699,8.6243400677902025e-06,3.9293667832907402e-06,5.7058993411757152e-06,8.1280811123166779e-06,1.1250363188387209e-05,1.4777086028497246e-05
1618,7.7000000000000002,5844.0879675514625,2.2707117162046888,5.6777585499486154,1,0.0019459579370756425,1.9663741010651095e-05,8.95906819016264e-06,1.3009613024973469e-05,1.8532256456709108e-05,2.565114852537266e-05,3.3692177056155153e-05
1619,7.7000000000000002,6005.1056848333483,2.2098260571775805,13.284457556580666,1,0.0018618264099365992,1.8813599016842728e-05,8.5717319203386795e-06,1.2447155537879051e-05,1.7731033055458002e-05,2.4542147011417464e-05,3.22355297903704e-05
1620,7.7000000000000002,6556.4793362728633,2.023988536810311,26.139044563500807,1,0.0035552623111119882,3.5925626129254556e-05,1.6368204508589743e-05,2.3768544010436074e-05,3.3858405500487728e-05,4.6864610920646188e-05,6.1555558311332742e-05
1621,7.7999999999999998,9172.6065297407167,2.0435533540985933,6.6066689981514415,1,0.015667141331764573,0.00013057573208178686,5.9681885664081109e-05,8.6462844497666458e-05,0.00012864653453385211,0.00017653190372083743,0.00022247865030811066
1622,7.7999999999999998,10350.751043349308,1.8109517619711646,20.6052579200989,1,0.017682558707466919,0.00014737296354284035,6.7359349397570152e-05,9.7585404476106412e-05,0.00014519559447612399,0.0001992409262917545,0.0002510982515524476
1623,7.7999999999999998,10814.38586649557,1.7333125589453908,31.62533501140777,1,0.018475214293690485,0.00015397924743778513,7.0378865151352017e-05,0.00010195986279243639,0.00015170427350615326,0.00020817229396553053,0.00026235422615865492
1624,7.7999999999999998,11411.492834154818,1.6426168873869877,40.076746089460322,1,0.019501086888953183,0.00016252924786941986,7.4286790001193572e-05,0.00010762138462340247,0.00016012795153771733,0.0002197314698471949,0.00027692196034506878
1625,7.7999999999999998,9577.2722971399235,1.9572076743893003,6.7368671105044085,0,0.0050262215537153695,4.1890383515658366e-05,1.9146720753899973e-05,2.7738398691062618e-05,4.1271471993034573e-05,5.6633717703250283e-05,7.1374028212343036e-05
1626,7.7999999999999998,10733.952575035753,1.7463008811193546,20.925276571193283,0,0.0056335323967753375,4.6951935987453869e-05,2.1460190424628947e-05,3.1089987974219139e-05,4.625824230997136e-05,6.3476685223963142e-05,7.9998045435416418e-05
1627,7.7999999999999998,10304.078140831296,1.8191545700143579,31.518841286646239,0,0.005408274632492301,4.507455473100667e-05,2.0602101010089111e-05,2.9846849444179301e-05,4.4408598514832881e-05,6.0938559019908182e-05,7.6799309794504958e-05
1628,7.7999999999999998,7682.2005900346976,2.4400184061834866,39.939728446832099,0,0.004315522321465216,3.5967154090716704e-05,1.6439406801564121e-05,2.3816236000280598e-05,3.54357556112922e-05,4.8625805743734777e-05,6.1281861261282776e-05
1629,7.7999999999999998,10144.989592233245,1.8476816234517175,6.6114971762913335,0,0.0045905509845238944,3.8259344367289466e-05,1.7487091817957883e-05,2.5334047068865968e-05,3.7694079810375202e-05,5.1724733138300958e-05,6.5187360321872882e-05
1630,7.7999999999999998,7462.7328021309804,2.5117756908468913,21.079742604363176,0,0.0033673245512046614,2.8064524288107711e-05,1.2827373839501516e-05,1.8583381159247602e-05,2.7649883599693565e-05,3.7941842795843485e-05,4.7817135585704244e-05
1631,7.7999999999999998,10457.133406109166,1.792528612930141,31.032372010166696,0,0.0047302661970860718,3.9423782459532936e-05,1.8019318288958224e-05,2.6105098688425296e-05,3.88413138550023e-05,5.3298995598189337e-05,6.7171363099413612e-05
1632,7.7999999999999998,8971.0144698884833,2.089475042381836,39.533342112297376,0,0.0050598617950387082,4.2170753689462638e-05,1.9274868767239265e-05,2.7924050361192551e-05,4.1547699823976249e-05,5.7012764251480313e-05,7.1851730897674754e-05
1633,7.7999999999999998,10565.586446920857,1.7741287654828757,6.3216710981090003,0,0.0047936051697759306,3.9951672809990071e-05,1.8260599659063204e-05,2.6454649868845292e-05,3.9361404863625818e-05,5.4012677130249885e-05,6.8070797709566253e-05
1634,7.7999999999999998,10735.170288120418,1.7461027945147058,19.532351830373894,0,0.0056814353745211453,4.735117706504437e-05,2.1642670430410085e-05,3.1354351946440001e-05,4.6651584780710168e-05,6.4016439329469239e-05,8.0678283751325349e-05
1635,7.7999999999999998,9812.4933897068131,1.9102902896567835,30.106026004357876,0,0.0044516935335296515,3.7102055176196048e-05,1.695813287526666e-05,2.4567729210462803e-05,3.6553889045108034e-05,5.0160135637661971e-05,6.3215538045667994e-05
1636,7.7999999999999998,8358.4411812438993,2.2426084521287168,39.511012249081745,0,0.0056789341911116882,4.7330331280363889e-05,2.1633142505748715e-05,3.1340548571107351e-05,4.6631046983096268e-05,6.3988256864048367e-05,8.0642766109828061e-05
1637,7.7999999999999998,10649.520264583094,1.7601460323069416,5.9347178681003667,0,0.0048585289451909723,4.0492771490650137e-05,1.8507918123813698e-05,2.6812947159910829e-05,3.9894509055330876e-05,5.4744215668650917e-05,6.8992737048809998e-05
1638,7.7999999999999998,10639.33028962199,1.761831838039901,18.020314189957386,0,0.0056632475470946081,4.7199593005712358e-05,2.157338632720564e-05,3.1253978096403763e-05,4.6502240307485821e-05,6.3811505210847172e-05,8.0420010514861408e-05
1639,7.7999999999999998,10067.39668984299,1.8619223436968435,28.418618785976729,0,0.0045936985142816722,3.8285577040734352e-05,1.7499081912841825e-05,2.5351417460198735e-05,3.7719924907901667e-05,5.1760198409749804e-05,6.5232056297832147e-05
1640,7.7999999999999998,7907.336193336675,2.3705468417384385,39.287098616035522,0,0.00539534621937004,4.4966804569547897e-05,2.0552851944325188e-05,2.9775500922472585e-05,4.4302440313411109e-05,6.0792886153861143e-05,7.6615722001355049e-05
1641,7.7999999999999998,10390.015088653092,1.804108144188294,5.3164972340765422,0,0.0047695952601705047,3.9751565371271195e-05,1.8169137110182594e-05,2.632214547403218e-05,3.916425392205956e-05,5.3742141812985747e-05,6.7729848957658026e-05
1642,7.7999999999999998,9939.8270871502336,1.8858186038176286,16.042643740562365,0,0.0045625244295917486,3.8025760725545222e-05,1.7380328394331449e-05,2.517937586180981e-05,3.7463947261584497e-05,5.1408939657401076e-05,6.4789373862055347e-05
1643,7.7999999999999998,9699.5631077020989,1.9325314585348441,26.041656617258909,0,0.0044517822647615847,3.7102794694996751e-05,1.6958470885062251e-05,2.4568218894863182e-05,3.6554617637852012e-05,5.0161135430346607e-05,6.321679805885755e-05
1644,7.7999999999999998,7759.5586005248369,2.4156929285140598,38.394440739201762,0,0.0053178219524718223,4.4320688747268625e-05,2.025753358756597e-05,2.9347664823233078e-05,4.3665870560988386e-05,5.9919369656479594e-05,7.5514851465983504e-05
1645,7.7999999999999998,9981.3702404534833,1.8779696963557055,4.4749526520176142,0,0.0046122983310242826,3.8440594770920352e-05,1.7569935434406395e-05,2.5454064971231324e-05,3.7872652321041814e-05,5.1969774680806649e-05,6.5496179920466761e-05
1646,7.7999999999999998,9829.709970239639,1.9069444466245347,13.847033629942496,0,0.0045415879947260625,3.7851268758448013e-05,1.7300573837618923e-05,2.5063833168104919e-05,3.7292033334600035e-05,5.1173035185378888e-05,6.4492069480065912e-05
1647,7.7999999999999998,9987.9314093814373,1.8767360398642525,23.400538131676559,0,0.0046153805515181537,3.8466283132881365e-05,1.7581676742358583e-05,2.5471074937863129e-05,3.789796114904108e-05,5.2004504070166736e-05,6.5539948483021192e-05
1648,7.7999999999999998,7521.7264459508915,2.4920755858874641,37.1412595071019,0,0.005205129119222978,4.3381465126938826e-05,1.982824526708068e-05,2.8725742628822207e-05,4.2740523546030917e-05,5.8649585975599708e-05,7.3914575518400918e-05
1649,7.7999999999999998,9561.8611349380226,1.9603621695767077,3.8138327606138831,0,0.00445274106903227,3.711078572328435e-05,1.6962123322073288e-05,2.4573510284198638e-05,3.656249060230085e-05,5.0171938903655206e-05,6.3230413400388889e-05
1650,7.7999999999999998,8947.1251880885557,2.095054047598822,12.288465594014809,0,0.0041653597439479028,3.4715643807161813e-05,1.5867382486940631e-05,2.2987528113224988e-05,3.4202735827708141e-05,4.6933826006307243e-05,5.9149502404909578e-05
1651,7.7999999999999998,8903.8030087269708,2.105247703852597,21.670788421364239,0,0.0041435618359283678,3.4533972005189136e-05,1.5784346263127393e-05,2.286723117509459e-05,3.402374814467018e-05,4.6688214754175466e-05,5.8839964815822142e-05
1652,7.7999999999999998,7768.9732198802449,2.4127655365978002,35.830250650483478,0,0.0054045443190304503,4.5043464923309069e-05,2.0587890878399678e-05,2.9826262822411514e-05,4.4377968045021577e-05,6.0896527144216808e-05,7.6746338094904842e-05
1653,7.7999999999999998,9251.6045673673798,2.0261037642913724,3.6862651911330264,0,0.0043264330374547496,3.6058088020378861e-05,1.6480969719164181e-05,2.3876449380627694e-05,3.5525346033157534e-05,4.874874389970103e-05,6.1436797079875613e-05
1654,7.7999999999999998,8594.2667814006145,2.181071558104863,12.256787532841235,0,0.0040173021003659095,3.3481676819079142e-05,1.530337663744731e-05,2.2170436804565746e-05,3.2987000145318247e-05,4.5265563932934686e-05,5.704703431488621e-05
1655,7.7999999999999998,8317.5925486206652,2.2536221545003188,22.027931167020768,0,0.0038851650798077675,3.238039817295473e-05,1.480001827832187e-05,2.1441207239390386e-05,3.190199239448061e-05,4.3776689906896839e-05,5.5170644400032516e-05
1656,7.7999999999999998,9459.7606319210463,1.9815206292246008,35.907408825312558,0,0.0058923338068164908,4.9108882354651554e-05,2.2446059884583544e-05,3.2518245088795432e-05,4.8383320767441242e-05,6.6392769570989085e-05,8.3673112072305358e-05
1657,7.7999999999999998,9164.3393903338219,2.0453968410914016,3.8243257985867785,0,0.0043215962510352122,3.6017776459113128e-05,1.6462544626292442e-05,2.3849756424765159e-05,3.5485630057027781e-05,4.869424467125526e-05,6.1368113093967757e-05
1658,7.7999999999999998,8126.8713381228226,2.3065101020792129,13.065005525803455,0,0.00383256660344982,3.1942023078775883e-05,1.4599651396730311e-05,2.1150930041665049e-05,3.1470094094597933e-05,4.318402855485693e-05,5.4423728432366242e-05
1659,7.7999999999999998,7521.6337380895166,2.4921063019534144,23.681622005225435,0,0.0035484998120372054,2.957450570828895e-05,1.3517536835621634e-05,1.9583239912830703e-05,2.9137555725438563e-05,3.9983262671021571e-05,5.038988492431664e-05
1660,7.7999999999999998,8227.1996088007854,2.2783828922330684,36.890942278008758,0,0.0045263474138707068,3.7724248138642595e-05,1.7242516877207175e-05,2.4979724399016391e-05,3.7166889387162139e-05,5.1001309616863562e-05,6.4275648131281843e-05
1661,7.7999999999999998,9244.4324236281846,2.0276756842062045,3.8641074744660457,0,0.0043889241332989411,3.6578911852605658e-05,1.6719021215491373e-05,2.4221321351081576e-05,3.6038474928170355e-05,4.9452871850127453e-05,6.2324191555056791e-05
1662,7.7999999999999998,8737.8230871244559,2.1452380819313461,13.506913668219122,0,0.0041506138601037348,3.4592746174634461e-05,1.5811210008824334e-05,2.2906149447213086e-05,3.4081653952270862e-05,4.6767674511791806e-05,5.894010591924698e-05
1663,7.7999999999999998,8438.8595242327174,2.221237453455847,24.880569910693634,0,0.0040105800499381479,3.3425652772502365e-05,1.5277769882739323e-05,2.2133339571028786e-05,3.2931803828761122e-05,4.5189822204830509e-05,5.6951578949111258e-05
1664,7.7999999999999998,8278.7900070661162,2.2641848414658794,37.687763716940559,0,0.0039322004332513934,3.2772408149731729e-05,1.4979193185022987e-05,2.1700783020611155e-05,3.2288210600658996e-05,4.4306667923291646e-05,5.5838562160478497e-05
1665,7.7999999999999998,9555.0785170339914,1.9617537214646439,3.6921108362159725,0,0.0045761679182073165,3.8139470589802039e-05,1.7432301444830623e-05,2.5254670697644466e-05,3.7575977113883483e-05,5.1562669745596336e-05,6.498311596652795e-05
1666,7.7999999999999998,9218.0486061099546,2.0334792796876591,12.922524155010857,0,0.0044154107254512779,3.6799660876783479e-05,1.6819918356264718e-05,2.4367493907391991e-05,3.6255962485080389e-05,4.9751313565608088e-05,6.2700310028014335e-05
1667,7.7999999999999998,9112.8796378128336,2.0569470446969698,24.261108581557057,0,0.0043643436514486465,3.6374049054437244e-05,1.6625385147730692e-05,2.4085668117674484e-05,3.5836638885445613e-05,4.9175907523099241e-05,6.1975140486315291e-05
1668,7.7999999999999998,8630.2926687568652,2.1719669956891914,37.480695262762175,0,0.0041328385385106239,3.4444600091002481e-05,1.5743497291583988e-05,2.2808052108697019e-05,3.3935696660206214e-05,4.6567388365542521e-05,5.8687690403672989e-05
1669,7.7999999999999998,9675.3339207078607,1.9373709469147617,3.4835330345099238,0,0.004669879017270979,3.8920493439172633e-05,1.7789281380183194e-05,2.577183767881028e-05,3.8345460702919369e-05,5.261857384240435e-05,6.6313844935973266e-05
1670,7.7999999999999998,9430.3470170560977,1.9877010682402123,11.872967853265626,0,0.0045503306215918301,3.7924133034013139e-05,1.7333877708820275e-05,2.5112081433132274e-05,3.7363821073357668e-05,5.1271544066575095e-05,6.4616217707496514e-05
1671,7.7999999999999998,9346.8115127948931,2.0054658012541049,22.557099601368026,0,0.0045102298475966657,3.758991839902745e-05,1.7181119157790403e-05,2.4890775777380622e-05,3.7034544308863062e-05,5.081970248142944e-05,6.4046773296047533e-05
1672,7.7999999999999998,9075.3836952396468,2.065445546893026,36.61766478261233,0,0.0043810662282475644,3.6513421174824354e-05,1.6689087574062824e-05,2.4177955633740586e-05,3.5973951845615011e-05,4.9364331706868214e-05,6.2212606673484608e-05
1673,7.7999999999999998,9698.3271549525016,1.9327777399328314,3.3184222434727206,0,0.0047224750227130409,3.9358847939827496e-05,1.7989638849150186e-05,2.606210124019881e-05,3.8777338713538098e-05,5.3211207353022775e-05,6.7060725815807018e-05
1674,7.7999999999999998,9186.8970735520888,2.0403745344706152,10.963771546579755,0,0.0044736857130786593,3.7285346108720134e-05,1.7041909150564994e-05,2.4689098282219074e-05,3.673447193677379e-05,5.0407935873872614e-05,6.3527834355491723e-05
1675,7.7999999999999998,8993.9090568200445,2.0841561462603702,20.86044714050475,0,0.0043799533561500485,3.6504146088465626e-05,1.6684848236210677e-05,2.4171813984471219e-05,3.5964813794473889e-05,4.9351792250830121e-05,6.2196803517249657e-05
1676,7.7999999999999998,9179.9911929908576,2.0419094578206498,35.665097837397717,0,0.0044717976230641806,3.7269610070431068e-05,1.7034716723434772e-05,2.4678678408557216e-05,3.6718968391353018e-05,5.0386661531757855e-05,6.3501022845390009e-05
1677,7.7999999999999998,9223.0650784034005,2.032373259901489,3.1769342130811893,0,0.0045209530969633109,3.7679289912738533e-05,1.7221967946289554e-05,2.4949954578596779e-05,3.7122595398768294e-05,5.0940528328639312e-05,6.4199047025854998e-05
1678,7.7999999999999998,8876.1000392854585,2.1118183387652856,10.349508690813231,0,0.0043514712992853465,3.6266766125679229e-05,1.6576349638714105e-05,2.4014628981698984e-05,3.5730941013572178e-05,4.9030866332454894e-05,6.1792348777544816e-05
1679,7.7999999999999998,8764.2063983271,2.1387801687619161,19.737633656091386,0,0.0042960406665531617,3.5804786796107017e-05,1.6365194035087639e-05,2.3708721855641905e-05,3.5275787220227851e-05,4.8406293226650084e-05,6.1005215241513072e-05
1680,7.7999999999999998,9090.1880803092681,2.0620817384716381,35.015059178359344,0,0.0044554620459917125,3.7133463348444755e-05,1.6972488520953497e-05,2.4588526642495542e-05,3.6584833175777801e-05,5.0202597926412414e-05,6.3269052183855334e-05
1681,7.7999999999999998,8738.9360730346598,2.1449648656337019,3.003153145176245,0,0.0043179581361417908,3.5987455068276945e-05,1.6448685712754606e-05,2.3829678622718605e-05,3.5455756651065342e-05,4.8653251656991148e-05,6.1316450644895878e-05
1682,7.7999999999999998,8685.9509030598856,2.1580493660256495,9.9376811622719874,0,0.0042922915832871713,3.5773540553941585e-05,1.6350912402332318e-05,2.3688031648247216e-05,3.5245002627197429e-05,4.8364049859328735e-05,6.0951977004412397e-05
1683,7.7999999999999998,8558.6529928487398,2.1901473111879426,19.399469403379516,0,0.0042299041591141303,3.5253580759644242e-05,1.6113255829411583e-05,2.3343731814559811e-05,3.473272500434335e-05,4.7661090045263797e-05,6.0066054701657853e-05
1684,7.7999999999999998,8585.6081898379925,2.183271170220034,34.914941386283779,0,0.0042424531254403102,3.5358168471608547e-05,1.6161059443205698e-05,2.3412986268904147e-05,3.483576748003558e-05,4.7802487436681832e-05,6.0244254223312128e-05
1685,7.7999999999999998,8362.2230579940569,2.2415942159972486,2.8431139242315049,0,0.0041676184924114316,3.4734469049621067e-05,1.5875986888004592e-05,2.29999935536666e-05,3.4221282935700811e-05,4.6959276799010879e-05,5.9181577389037828e-05
1686,7.7999999999999998,8474.0385196606621,2.2120162418649145,9.5507156924078291,0,0.0042236234337537353,3.5201234878888349e-05,1.6089330243696299e-05,2.3309070138337656e-05,3.4681152510366066e-05,4.7590321014644896e-05,5.9976866299539872e-05
1687,7.7999999999999998,8415.3119041768914,2.2274528921945809,19.310502974371474,0,0.0041947088626462211,3.496025018294131e-05,1.5979184040868229e-05,2.3149498202880803e-05,3.4443728254610318e-05,4.7264521676093444e-05,5.9566269712835492e-05
1688,7.7999999999999998,8243.7387596925601,2.2738118450974985,35.052901206195152,0,0.0041087741052328519,3.4244038231896272e-05,1.5651827042044397e-05,2.2675246812034381e-05,3.3738098012108888e-05,4.6296238694487012e-05,5.8345967397369756e-05
1689,7.7999999999999998,8472.4111545144988,2.2124411218747615,2.7433725002194724,0,0.0042583364588388035,3.549054602808098e-05,1.6221564883718411e-05,2.3500642220724418e-05,3.4966189217817389e-05,4.7981455317477284e-05,6.0469802873321821e-05
1690,7.7999999999999998,8443.1883704229131,2.220098618827735,9.3119171980689739,0,0.0042431279649048489,3.536379283250846e-05,1.6163630154154895e-05,2.3416710530940709e-05,3.4841308743539951e-05,4.7810091293241133e-05,6.0253837169560326e-05
1691,7.7999999999999998,8507.2391661874863,2.2033835505859809,19.295335113610832,0,0.0042751579233678274,3.5630742315269111e-05,1.628564400967154e-05,2.3593475472240901e-05,3.5104314168095051e-05,4.8170993733822621e-05,6.0708673299353874e-05
1692,7.7999999999999998,8345.3709307945592,2.2461207530644329,35.176790415761332,0,0.0041942486333447458,3.4956414462263679e-05,1.59774308587166e-05,2.3146958318055355e-05,3.4439949204975674e-05,4.7259335972268021e-05,5.9559734302727405e-05
1693,7.7999999999999998,8849.7993316110933,2.1180944490710676,2.6929532602091304,0,0.004483926123276586,3.7370693462784086e-05,1.7080918627638316e-05,2.4745612420681622e-05,3.6818558322175668e-05,5.0523321257130575e-05,6.3673251607509294e-05
1694,7.7999999999999998,8467.5453891639045,2.2137124725267259,9.2560714473515571,0,0.0042894549280188638,3.574989882310637e-05,1.6340106542360386e-05,2.367237689169888e-05,3.5221710192272165e-05,4.8332087413588951e-05,6.0911695550245458e-05
1695,7.7999999999999998,8455.1765356691212,2.2169508537878087,19.411919874780583,0,0.0042830459525459051,3.5696484058628621e-05,1.6315692404943655e-05,2.3637007436737475e-05,3.5169084606847917e-05,4.8259873305272471e-05,6.0820685953606996e-05
1696,7.7999999999999998,8379.4618459121066,2.2369826588354056,35.298801687638154,0,0.0042446419056061582,3.537641057247874e-05,1.6169397309370032e-05,2.3425065572659173e-05,3.485374006209315e-05,4.7827149850923297e-05,6.0275335634196686e-05
1697,7.7999999999999998,9097.6307433791844,2.0603947740261712,2.6960388736650187,0,0.0046412221252607891,3.8681656335824832e-05,1.7680116771514442e-05,2.5613687806718434e-05,3.8110152310050835e-05,5.2295677942370265e-05,6.5906907478689581e-05
1698,7.7999999999999998,8495.9884577921275,2.206301354198112,9.5136999956141111,0,0.0039729794102935333,3.311227517895346e-05,1.5134535260120811e-05,2.1925831501128779e-05,3.2623056247814202e-05,4.4766151264674544e-05,5.6417637282171992e-05
1699,7.7999999999999998,8367.5253920908381,2.2401737624120264,20.132765746644274,0,0.0039120471160636102,3.2604442974085047e-05,1.4902421810674392e-05,2.1589562148007769e-05,3.2122727034725156e-05,4.4079587349106996e-05,5.555237831160501e-05
1700,7.7999999999999998,8261.1286151401819,2.2690254216990215,35.765104624695191,0,0.0042128285446225832,3.5111266292967437e-05,1.6048208553067542e-05,2.324949597604782e-05,3.4592513169723604e-05,4.7468687955465551e-05,5.9823575261100385e-05
1701,7.7999999999999998,9100.8340979761215,2.0596695465360502,2.725132668706463,0,0.0046884622474937122,3.9075372931186794e-05,1.786007171761213e-05,2.5874393653189273e-05,3.849805192029432e-05,5.2827963222319527e-05,6.6577733024474531e-05
1702,7.7999999999999998,8554.412098515957,2.1912330881195432,10.011956488645806,0,0.0034528548491415318,2.8777365324757905e-05,1.3153190103884968e-05,1.9055400444307677e-05,2.8352192731539955e-05,3.8905568468630636e-05,4.9031694441241313e-05
1703,7.7999999999999998,8206.1376987371295,2.2842306000498858,21.328721016120653,0,0.0033116757175069862,2.7600726391241916e-05,1.2615387028394475e-05,1.8276269839282462e-05,2.7192938107567193e-05,3.7314811077390962e-05,4.702690352293617e-05
1704,7.7999999999999998,7886.6741674953746,2.3767573557094459,36.491897196181306,0,0.0040622373107970016,3.3856183429700759e-05,1.5474551329399731e-05,2.2418422447236644e-05,3.3355973589681654e-05,4.5771878267727478e-05,5.7685129341689317e-05
1705,7.7999999999999998,11655.196241643538,1.6082707190037882,6.5386829118777428,0,0.0050547382990225346,4.2128052584713324e-05,1.9255351492392342e-05,2.7895775130252196e-05,4.1505629608790129e-05,5.6955034478939898e-05,7.1778975539540197e-05
1706,7.7999999999999998,11074.797215344461,1.6925556716927463,16.195755358188951,0,0.0038711603290283755,3.2263677416633055e-05,1.4746669047784516e-05,2.1363918692410081e-05,3.1786996134689028e-05,4.3618889242189135e-05,5.4971772251928291e-05
1707,7.7999999999999998,10472.502203372918,1.7898980086765819,29.507825862983346,0,0.0045415738650211521,3.7851150996277894e-05,1.7300520012392285e-05,2.5063755189968855e-05,3.7291917312312866e-05,5.1172875976774459e-05,6.449186883352733e-05
1708,7.7999999999999998,10825.149663409746,1.7315890701296801,6.7815657944936527,0,0.0054480531342898124,4.5406083430680542e-05,2.0753631908157557e-05,3.0066376564183969e-05,4.4735229027498461e-05,6.1386769353930008e-05,7.7364177832890883e-05
1709,7.7999999999999998,10402.935256868126,1.8018674899762399,16.672021526047999,0,0.00367184471754895,3.0602507626105372e-05,1.3987402804920944e-05,2.0263948100687469e-05,3.015036937857896e-05,4.1373070200242522e-05,5.2141423863012337e-05
1710,7.7999999999999998,9815.7609621079646,1.9096543723954762,29.887495809263285,0,0.0049405750490411999,4.1176573969215967e-05,1.882046181544714e-05,2.7265738091493154e-05,4.0568208660691334e-05,5.5668682653332608e-05,7.0157819182244851e-05
1711,7.7999999999999998,9754.9778245707203,1.921553403480257,6.6912534908485082,0,0.0057688018333825215,4.8079321343802382e-05,2.1975481304980336e-05,3.1836504522132132e-05,4.7368971056164451e-05,6.500085422543226e-05,8.1918916706507155e-05
1712,7.7999999999999998,9552.524534253509,1.9622782200101541,16.312622006840993,0,0.0037660513457947083,3.138766039837319e-05,1.4346270392613068e-05,2.0783849777462926e-05,3.092392187276398e-05,4.2434557747663004e-05,5.3479189512684538e-05
1713,7.7999999999999998,9249.227073363134,2.0266245699233862,29.460294119348902,0,0.0054697159806753881,4.5586629579200751e-05,2.083615363268692e-05,3.0185928132574776e-05,4.491310768810602e-05,6.1630858778508339e-05,7.7671797501574377e-05
1714,7.7999999999999998,9288.8891361920923,2.0179712089192345,6.700710972201227,0,0.0055243939838190391,4.6042336216299705e-05,2.104444219426027e-05,3.0487681693300456e-05,4.5362081465179204e-05,6.2246951515671105e-05,7.8448243445562813e-05
1715,7.7999999999999998,9197.6440981432788,2.0379904505613871,16.062717957684882,0,0.0036467567843853645,3.0393415541602859e-05,1.3891833669051752e-05,2.0125494376555103e-05,2.994436653531817e-05,4.1090388088170827e-05,5.1785166815790951e-05
1716,7.7999999999999998,9099.2638791381069,2.0600249743997781,29.132308720383918,0,0.0054118889724050594,4.5104677972388551e-05,2.0615869356008543e-05,2.986679603834227e-05,4.4438276698909835e-05,6.0979284145952705e-05,7.6850634630894532e-05
1717,7.7999999999999998,9211.5150448590739,2.0349215898137931,7.2046044759826691,0,0.0055266499905011895,4.6061138607742104e-05,2.105303615087369e-05,3.0500132002569638e-05,4.5380606059768481e-05,6.2272371414935011e-05,7.8480279495477876e-05
1718,7.7999999999999998,9031.7811774125803,2.0754168498409387,16.555906989342532,0,0.003612429895041523,3.0107322590039643e-05,1.3761069961644004e-05,1.9936053276064889e-05,2.9662500478077792e-05,4.0703604628676729e-05,5.1297713498764317e-05
1719,7.7999999999999998,9051.6454002732262,2.0708622588234058,29.339130454772732,0,0.0054306364809724806,4.5260926620694126e-05,2.0687285489884781e-05,2.9970258621825648e-05,4.4592216843909517e-05,6.1190524557164133e-05,7.7116855526870184e-05
1720,7.7999999999999998,8775.499340557164,2.1360278329743667,7.4381446786125451,0,0.0053004698984744029,4.417607033183109e-05,2.0191433251787975e-05,2.9251903387580987e-05,4.3523388817411695e-05,5.972385274240027e-05,7.5268446491925326e-05
1721,7.7999999999999998,8612.5042132889594,2.176453024052575,16.88789954532486,0,0.0034681658733919513,2.8904973045789125e-05,1.3211515409016467e-05,1.9139897972020663e-05,2.8477915106047849e-05,3.9078087768840333e-05,4.9249116109810916e-05
1722,7.7999999999999998,8646.6020222937168,2.1678701981828721,29.553566114452597,0,0.0052227895353328235,4.3528653545909469e-05,1.9895520267205363e-05,2.882320583410866e-05,4.2885537322497667e-05,5.8848577406796688e-05,7.4165359337656573e-05
1723,7.7999999999999998,7966.8111764745854,2.3528498949529606,7.1644884861743314,0,0.004845092737101174,4.0380789178716072e-05,1.8456734680836239e-05,2.6738796250941166e-05,3.9784181231548259e-05,5.4592821145383781e-05,6.8801938397174901e-05
1724,7.7999999999999998,7989.4393675168412,2.3461860059780713,16.718688645530904,0,0.0032393338026043953,2.6997802201143975e-05,1.2339810150487364e-05,1.7877033781699668e-05,2.6598921850441047e-05,3.6499687521272075e-05,4.5999624120305036e-05
1725,7.7999999999999998,7951.9413304591089,2.3572496401449263,29.568413378959498,0,0.004836106792987252,4.0305897007497673e-05,1.84225039250248e-05,2.668920518182816e-05,3.9710395558380997e-05,5.4491570649995475e-05,6.8674334983388345e-05
1726,7.7999999999999998,7515.5218001006724,2.4941329874696407,7.0539772509584457,0,0.0046006849593413033,3.8343804649651172e-05,1.7525695843642458e-05,2.5389973818374789e-05,3.777729223015914e-05,5.1838919244680755e-05,6.5331266155865863e-05
1727,7.7999999999999998,7541.6967209537606,2.4854766153083587,16.707486499640005,0,0.0030777037458945282,2.565071771812332e-05,1.1724102003087205e-05,1.6985039884183698e-05,2.5271739933081497e-05,3.467849621359871e-05,4.3704423221521509e-05
1728,7.7999999999999998,7397.8925665367315,2.5337906263288033,29.682137745266409,0,0.0045283988382903862,3.7741345466083376e-05,1.7250331504973096e-05,2.4991045672428142e-05,3.7183734109301383e-05,5.1024424354292473e-05,6.4304779044601303e-05
1729,7.7999999999999998,7408.4877318780591,2.5301669541843861,7.1961517920831586,0,0.0045673927136810196,3.8066334800003196e-05,1.739887347337577e-05,2.5206242645051735e-05,3.7503921872392486e-05,5.1463793790643017e-05,6.4858505125414893e-05
1730,7.7999999999999998,7332.5546918444934,2.5563683637473282,16.898908538405557,0,0.0030136759297593441,2.5117086292427356e-05,1.1480196575735675e-05,1.663168715742955e-05,2.4745992671016402e-05,3.3957053032990163e-05,4.2795206803906715e-05
1731,7.7999999999999998,10823.296677448234,1.7318855241892592,29.841234349592028,0,0.0060502934915043129,5.0425376604033392e-05,2.3047786239215919e-05,3.3389983165631009e-05,4.9680364408066872e-05,6.8172604402283332e-05,8.5916192459994904e-05
1732,7.7999999999999998,7351.8024708125949,2.549675527069275,7.2328078189147442,0,0.0045633935627894728,3.8033004402050474e-05,1.7383639241347826e-05,2.5184172380008713e-05,3.7471083916036508e-05,5.141873274822296e-05,6.480171584434e-05
1733,7.7999999999999998,7283.3747069056953,2.5736298891646476,16.952715335592359,0,0.0028632914326424015,2.3863726449110968e-05,1.0907326887990742e-05,1.5801754554299231e-05,2.3511150654082114e-05,3.2262572782637777e-05,4.065969661494788e-05
1734,7.7999999999999998,10957.327427474476,1.7107009865085978,29.93963869191818,0,0.0055115962721236584,4.5935675368720069e-05,2.0995691018152795e-05,3.041705447849387e-05,4.5256996483515313e-05,6.2102751347879444e-05,7.8266511656417077e-05
1735,7.7999999999999998,7423.3833798330643,2.5250899597347525,7.1767039497824996,0,0.0046395209014785674,3.8667477709609969e-05,1.7673636186377082e-05,2.5604299198789063e-05,3.8096183166643307e-05,5.2276509144018909e-05,6.5882749531625341e-05
1736,7.7999999999999998,7381.7552457775209,2.5393297685398832,16.97664496450863,0,0.0027680906613359699,2.3070288122050955e-05,1.0544672244879608e-05,1.5276366462673531e-05,2.2729435020439913e-05,3.1189883576704406e-05,3.9307813801099508e-05
1737,7.7999999999999998,7399.6471141258698,2.5331898333225635,29.974293916738787,0,0.0032886908053388658,2.7409161659065604e-05,1.2527829070566171e-05,1.8149422136533051e-05,2.7004203657907346e-05,3.7055825075032767e-05,4.670051007767847e-05
1738,7.7999999999999998,7342.4548455652912,2.5529215002254682,7.0345530076792926,0,0.0046191100642465161,3.8497366266970855e-05,1.7595883823760574e-05,2.5491657140592779e-05,3.7928585043843822e-05,5.2046526923471452e-05,6.5592908811937793e-05
1739,7.7999999999999998,10746.336796896168,1.744288420691624,16.591240127244095,0,0.0039675377355072924,3.3066922255027011e-05,1.5113805925678982e-05,2.1895800324994834e-05,3.2578373392883235e-05,4.470483636432976e-05,5.6340363679016067e-05
1740,7.7999999999999998,10685.895691298945,1.7541543901594789,29.78890420853141,0,0.0053433285637189227,4.4533270249279025e-05,2.0354697621762894e-05,2.9488429121915261e-05,4.3875311267187219e-05,6.0206769287693036e-05,7.5877053882111804e-05
1741,7.7999999999999998,10554.576056652726,1.7759795124943172,6.5888466895070428,0,0.0057942957418777525,4.8291796976395397e-05,2.2072596949737947e-05,3.1977198717657891e-05,4.757830745711879e-05,6.5288110726452234e-05,8.2280938739307606e-05
1742,7.7999999999999998,10486.995428680459,1.7874243358983597,16.241581818332403,0,0.0035429057907008783,2.9527883072046365e-05,1.3496227157312917e-05,1.9552367976037812e-05,2.9091621917618254e-05,3.9920231182695455e-05,5.0310447949162949e-05
1743,7.7999999999999998,10360.30070674337,1.8092825073578838,29.519262314426097,0,0.005104292342361305,4.2541054251676886e-05,1.944412101237754e-05,2.8169250900509269e-05,4.1912529362400453e-05,5.7513392217752278e-05,7.2482659539439218e-05
1744,7.7999999999999998,10477.358598521125,1.7890683671287257,6.5389890518959719,0,0.0050379360261009008,4.1988016247456815e-05,1.9191345474308334e-05,2.7803047792184138e-05,4.1367662245256001e-05,5.6765712306956978e-05,7.1540377640756038e-05
1745,7.7999999999999998,10401.737323355106,1.8020750050658025,16.063050782027414,0,0.0030401408761440989,2.5337654912797704e-05,1.1581011259843913e-05,1.6777740256425015e-05,2.4963302489503848e-05,3.4255250851484248e-05,4.3171017899720304e-05
1746,7.7999999999999998,10257.761546280741,1.8273685496690804,29.307535409470116,0,0.0043520116654588601,3.6271269736593601e-05,1.6578408091593381e-05,2.4017611120906318e-05,3.5735378085666551e-05,4.9036954990704459e-05,6.1800022158055648e-05
1747,7.7999999999999998,10530.333083151587,1.780068179388326,6.6685521430137884,0,0.0044932564634026385,3.7448455957340844e-05,1.7116461314132185e-05,2.4797104121072021e-05,3.6895171910948569e-05,5.0628452287095536e-05,6.3805745559928752e-05
1748,7.7999999999999998,10465.49589365453,1.7910962872809162,16.157527321012456,0,0.0029771151034073077,2.481237488622122e-05,1.1340922983194412e-05,1.6429917544413218e-05,2.4445783238402975e-05,3.3545098347648403e-05,4.2276030833721338e-05
1749,7.7999999999999998,10350.712461059516,1.8109585122954486,29.306691563601223,0,0.004416802853458651,3.681126338485212e-05,1.6825221482266228e-05,2.4375176696796483e-05,3.6267393571325388e-05,4.9766999580188577e-05,6.2720078711629156e-05
1750,7.7999999999999998,10636.391796864,1.7623185754782869,6.8566338270117866,0,0.0045721197378408192,3.8105731562128701e-05,1.7416880441556017e-05,2.5232329851786559e-05,3.7542736565126702e-05,5.1517056256091767e-05,6.4925630450499822e-05
1751,7.7999999999999998,10563.343177581184,1.7745055258131359,16.36206715895074,0,0.0030271759185518379,2.5229600176252598e-05,1.1531622982794788e-05,1.6706190055371694e-05,2.4856844212955263e-05,3.4109166215049552e-05,4.2986911162865886e-05
1752,7.7999999999999998,10480.98133858067,1.7884499775492113,29.397060792221609,0,0.0045054889785778006,3.7550406248742123e-05,1.7163059449465782e-05,2.4864612164499255e-05,3.6995615932777032e-05,5.0766284016920247e-05,6.3979451369330359e-05
1753,7.7999999999999998,10864.328216660973,1.7253446753322845,6.9978340661351881,0,0.0047005718814078891,3.9176299084854673e-05,1.7906201753168423e-05,2.5941223547161208e-05,3.8597486935562486e-05,5.296441036880042e-05,6.6749693878844892e-05
1754,7.7999999999999998,10720.993072395564,1.7484118041212269,16.547645858200365,0,0.0030922180082967759,2.5771684932158605e-05,1.1779392150207608e-05,1.7065140292197476e-05,2.5390919911089255e-05,3.4842037878202049e-05,4.3910530605190981e-05
1755,7.7999999999999998,10620.02797083195,1.7650340367427377,29.502070291254388,0,0.0045945314739667181,3.8292519233848353e-05,1.7502254961685451e-05,2.5356014346267219e-05,3.7726764533243548e-05,5.1769583910002217e-05,6.5243884604130397e-05
1756,7.7999999999999998,7337.966859284983,2.554482896847643,7.1084873432852529,0,0.003182771728013168,2.6526393017974098e-05,1.2124344469978523e-05,1.7564882524729046e-05,2.6134477525332818e-05,3.5862365721809834e-05,4.5196423731209827e-05
1757,7.7999999999999998,10820.031830113512,1.732408105076864,16.668950030185215,0,0.0032428268375305413,2.7026914442044237e-05,1.2353116401236518e-05,1.7896310925452241e-05,2.66276039711125e-05,3.6539045824884601e-05,4.6049226385287001e-05
1758,7.7999999999999998,10624.20062506248,1.7643408197186663,29.599988521367678,0,0.0046218843470663476,3.8520488162824756e-05,1.7606452084207506e-05,2.5506967679954372e-05,3.7951365324115153e-05,5.2077786578138116e-05,6.5632304556461889e-05
1759,7.7999999999999998,7485.0847008719747,2.5042750468133828,7.0657919820904409,0,0.0039184733188078269,3.2658001316992879e-05,1.4926901573083695e-05,2.162502667576161e-05,3.217549407727294e-05,4.4151995568329007e-05,5.5643632541260868e-05
1760,7.7999999999999998,10897.493949091728,1.7200937139534374,16.642249922044499,0,0.0033898190116354011,2.8252001414683027e-05,1.2913063486838821e-05,1.8707522187473257e-05,2.7834590836281543e-05,3.8195302558471687e-05,4.8136564452149308e-05
1761,7.7999999999999998,10581.339269724233,1.7714875557682428,29.599604355429097,0,0.0046284763489149415,3.8575428336595931e-05,1.7631563436195348e-05,2.5543347209486523e-05,3.8005493781598522e-05,5.215206296404805e-05,6.5725913188888682e-05
1762,7.7999999999999998,7494.3527548262628,2.5011780807364534,6.9446607882671731,0,0.0046033669515879918,3.8366157361842447e-05,1.7535912535458104e-05,2.5404775030265259e-05,3.7799314691109537e-05,5.1869139001243019e-05,6.5369351343364006e-05
1763,7.7999999999999998,7260.1406778597757,2.5818660645022202,16.580536370120097,0,0.0023359277885959657,1.946848340913984e-05,8.8984054108122582e-06,1.289137289734292e-05,1.9180845347640049e-05,2.6320422516339643e-05,3.3170956374177771e-05
1764,7.7999999999999998,10632.573679802714,1.7629514174244694,29.61982790842238,0,0.0047820121323888477,3.9855052162239816e-05,1.821643752908787e-05,2.6390670935635395e-05,3.9266211742367265e-05,5.3882050813903375e-05,6.7906172698772461e-05
1765,7.7999999999999998,7553.2238216194582,2.4816834880525653,7.0664483948384689,0,0.0048308247438002376,4.026187446216657e-05,1.8402382663016889e-05,2.6660054937516527e-05,3.9667023426301668e-05,5.4432054355428053e-05,6.8599328117164107e-05
1766,7.7999999999999998,7325.1215560038536,2.5589624276357115,16.646107985124932,0,0.0026386545265480827,2.1991519653708959e-05,1.0051602549928358e-05,1.4562042377790613e-05,2.1666604869660722e-05,2.9731442192886295e-05,3.7469777368101778e-05
1767,7.7999999999999998,10841.578374689974,1.7289651185327826,29.696061340544038,0,0.0050107581914280493,4.1761506153263036e-05,1.9087815137331429e-05,2.7653060449672728e-05,4.1144498735541077e-05,5.6459481910982863e-05,7.1154443292665748e-05
1768,7.7999999999999998,7590.5882350227075,2.4694674851668097,7.381549877684586,0,0.0050529504212060827,4.2113151751829237e-05,1.9248540810267042e-05,2.7885908301431848e-05,4.1490948928991182e-05,5.6934889293045738e-05,7.1753587076188975e-05
1769,7.7999999999999998,7420.7323189909293,2.5259920495592283,17.006357650668811,0,0.0029639898051238853,2.4702983811240941e-05,1.1290923909664005e-05,1.6357482465132728e-05,2.4338008367216872e-05,3.3397207048028949e-05,4.2089647205390446e-05
1770,7.7999999999999998,7337.9435272300861,2.5544910191962216,29.770057706003634,0,0.003473773125784404,2.8951705954531541e-05,1.3232875489269112e-05,1.917084292754263e-05,2.8523957557141541e-05,3.9141268340108682e-05,4.93287409703897e-05
1771,7.7999999999999998,7463.6078556679931,2.5114812034830103,7.7500411308824653,0,0.0049844452939737565,4.1542204764737145e-05,1.8987579663347808e-05,2.7507846468851551e-05,4.0928437426119149e-05,5.6162997326995629e-05,7.0780791342551664e-05
1772,7.7999999999999998,7374.4069661548783,2.5418601015251623,17.4886935748174,0,0.0031190868517084664,2.5995619779261771e-05,1.188174542617962e-05,1.7213422392967641e-05,2.5611546221827808e-05,3.5144786668029208e-05,4.42920771739612e-05
1773,7.7999999999999998,10789.558227473843,1.7373010501901704,30.255421704442899,0,0.0058254737825822666,4.8551646262468646e-05,2.2191365538158368e-05,3.2149262148253924e-05,4.7834317587190131e-05,6.5639414053798531e-05,8.2723677351815574e-05
1774,7.7999999999999998,7325.7574041288535,2.5587403193441318,8.0460770305795322,0,0.0049022636016800222,4.0857272242093857e-05,1.8674519465619768e-05,2.7054307260205891e-05,4.0253624472572796e-05,5.5237002578853594e-05,6.9613783807840978e-05
1775,7.7999999999999998,10899.968379578942,1.7197032309558309,18.149647652762358,0,0.004279725993900938,3.5668814299266144e-05,1.6303045465207645e-05,2.3618685455593635e-05,3.514182365570013e-05,4.8222465165047032e-05,6.0773541429742039e-05
1776,7.7999999999999998,10620.870645407027,1.7648939964996575,30.640447235608107,0,0.005648013872604862,4.7072629946104197e-05,2.1515355675672704e-05,3.1169907441735929e-05,4.637715306981923e-05,6.363985746085936e-05,8.0203687238780387e-05
1777,7.7999999999999998,7464.3499327266582,2.5112315216485346,8.2094374552858795,0,0.004852813031491222,4.0445132958511026e-05,1.8486144112801068e-05,2.678140253112896e-05,3.9847574361017717e-05,5.4679810739535025e-05,6.89115691613014e-05
1778,7.7999999999999998,7258.2821324515262,2.5825271734576631,18.354360129382876,0,0.0026576602286965804,2.2149920182511044e-05,1.0124002237821162e-05,1.4666929863939909e-05,2.1822665102093147e-05,2.9945591839639219e-05,3.7739664699339602e-05
1779,7.7999999999999998,10740.877920328261,1.7451749269211907,30.795127115336843,0,0.0050418362354626017,4.2020522030221657e-05,1.920620280177235e-05,2.7824572024870122e-05,4.1399687769741571e-05,5.6809658510603906e-05,7.1595761918993888e-05
1780,7.7999999999999998,7666.6785706621067,2.4449584871613417,7.9607829726563404,0,0.0050088773376558886,4.1745830424485328e-05,1.9080650275701352e-05,2.7642680510934608e-05,4.112905460858584e-05,5.6438289104331733e-05,7.112773453962674e-05
1781,7.7999999999999998,7450.9046248963523,2.5157630896314225,18.118206774492794,0,0.0027417450459237087,2.2850714050000775e-05,1.0444312136198101e-05,1.5130971920022202e-05,2.2513105056269781e-05,3.0893030338137259e-05,3.8933697245032396e-05
1782,7.7999999999999998,7258.5690455891317,2.5824250925971475,30.848301410273521,0,0.0033796355507790194,2.8167128697427816e-05,1.2874270950687826e-05,1.8651322337492443e-05,2.7750972075143636e-05,3.808055886060264e-05,4.7991955899841183e-05
1783,7.7999999999999998,7671.5352827998468,2.4434106275578684,7.4075675725426589,0,0.0052069080980438722,4.3396291792313018e-05,1.98350220496691e-05,2.8735560346419721e-05,4.2755131154111483e-05,5.8669630890704597e-05,7.3939837613036966e-05
1784,7.7999999999999998,7585.9982302015342,2.4709616679122686,17.325206658783351,0,0.0032609994666435494,2.7178371833027926e-05,1.2422342608492296e-05,1.7996600899981678e-05,2.6776823647456237e-05,3.6743808694191701e-05,4.630728380061234e-05
1785,7.7999999999999998,7460.3379039387091,2.5125820145200088,30.330435073557588,0,0.0043322738544714261,3.6106767542811077e-05,1.6503219532706576e-05,2.3908683318061343e-05,3.5573306337601736e-05,4.8814556195984367e-05,6.1519738636286566e-05
1786,7.7999999999999998,7789.8840561200241,2.4062888105442028,7.4779838262298446,0,0.0053115481762006653,4.4268400782784466e-05,2.0233634473479466e-05,2.9313041497212115e-05,4.3614355127596038e-05,5.9848678925783208e-05,7.54257617432584e-05
1787,7.7999999999999998,7648.3665025728433,2.4508123183391834,17.246889579464877,0,0.0034765823826924192,2.8975119337330748e-05,1.3243576978841129e-05,1.9186346479725389e-05,2.8547025017770028e-05,3.9172922070646457e-05,4.9368633358670949e-05
1788,7.7999999999999998,7489.9449255985437,2.5026500229146018,30.139319975916763,0,0.0051067658696031292,4.2561669539659935e-05,1.9453543584556309e-05,2.8182901648705238e-05,4.1932840068801663e-05,5.754126306308762e-05,7.2517784454100294e-05
1789,7.7999999999999998,8053.0973291071168,2.3276399220865511,7.7993864904324495,0,0.0055153223802363238,4.5966730127487116e-05,2.1009885130125297e-05,3.0437617892042307e-05,4.5287592422228206e-05,6.2144735839157693e-05,7.8319423638651333e-05
1790,7.7999999999999998,7782.1768007382361,2.4086719332693818,17.615074476132492,0,0.0035531777576637718,2.9613493431824021e-05,1.3535356845674232e-05,1.9609056268010845e-05,2.9175967422943035e-05,4.0035972136614127e-05,5.0456313317804304e-05
1791,7.7999999999999998,7620.7544465176607,2.4596922747253434,30.276529076154045,0,0.0052192997690613989,4.3499568547182761e-05,1.9882226467960491e-05,2.8803946729204331e-05,4.2856882041508935e-05,5.8809255933249608e-05,7.4115803488665594e-05
1792,7.7999999999999998,8018.5185088363596,2.3376775671243686,7.4264817828877323,0,0.0055119868809871365,4.5938930846999497e-05,2.0997178990529876e-05,3.0419210146379103e-05,4.5260203863571481e-05,6.2107152592804732e-05,7.8272058433005395e-05
1793,7.7999999999999998,7831.4892383015167,2.3935052796859404,17.027145356055026,0,0.0035890146307630912,2.9912171144712101e-05,1.3671872634839637e-05,1.980683057287314e-05,2.9470232307335807e-05,4.0439769568299924e-05,5.0965208909512205e-05
1794,7.7999999999999998,7734.2705198215335,2.4235913124113004,29.735158539545132,0,0.0053166996820323128,4.4311335331662702e-05,2.0253258447983281e-05,2.9341471306978846e-05,4.3656655337879371e-05,5.9906724303190123e-05,7.5498914850146865e-05
1795,7.7999999999999998,7717.582103566484,2.4288320601106288,6.9092236952368218,0,0.0053229170467192334,4.43631531412058e-05,2.0276942669662216e-05,2.9375783312259642e-05,4.3707707562657852e-05,5.9976779407760062e-05,7.558720350949629e-05
1796,7.7999999999999998,7572.8734474504809,2.4752441685116215,16.111367873779624,0,0.0034820284232261797,2.9020508647006604e-05,1.3264322944015953e-05,1.9216401749275032e-05,2.8591743720867363e-05,3.9234286162717062e-05,4.9445968956902756e-05
1797,7.7999999999999998,7439.6064204243494,2.5195836688641813,28.84719158548755,0,0.0051310701464394055,4.2764230343409181e-05,1.9546127486148485e-05,2.8317030579071281e-05,4.2132408128036509e-05,5.7815115208007469e-05,7.2862913319203884e-05
1798,7.7999999999999998,7476.0845717817228,2.5072898332945166,6.8309841269135667,0,0.0051773819852634004,4.315021028259798e-05,1.9722546260387993e-05,2.8572613472838989e-05,4.2512685387712333e-05,5.8336940913111488e-05,7.3520556929909011e-05
1799,7.7999999999999998,10709.069877284355,1.7503584395726863,16.069446150709442,0,0.004483005266133989,3.7363018699852472e-05,1.7077410745151419e-05,2.4740530451594928e-05,3.6810996950404821e-05,5.0512945358873499e-05,6.366017512789676e-05
1800,7.7999999999999998,10303.169586718792,1.8193149867047713,28.878815570375792,0,0.006312049652971709,5.2606948958986685e-05,2.4044911430707784e-05,3.4834546778482041e-05,5.1829705015430328e-05,7.1121981861514686e-05,8.9633217556017269e-05
1801,7.7999999999999998,7339.2832523425132,2.5540247181079252,6.8874081023394425,0,0.0048830598454007116,4.0697221057146207e-05,1.860136531692648e-05,2.694832676524586e-05,4.0095937971694857e-05,5.5020621326984469e-05,6.9341084041661894e-05
1802,7.7999999999999998,10457.447855128004,1.7924747126983267,16.208207061032628,0,0.003934125954989199,3.2788456157803477e-05,1.4986528203311641e-05,2.1711409470138053e-05,3.2304021506649612e-05,4.4328364033056195e-05,5.58659052135789e-05
1803,7.7999999999999998,9971.1713161565931,1.8798905610322505,29.07654160935456,0,0.0053227545669279255,4.4361798974721355e-05,2.0276323724564178e-05,2.9374886628899711e-05,4.370637340337245e-05,5.997494864193825e-05,7.5584896242081824e-05
1804,7.7999999999999998,10749.77614205158,1.7437303430302782,6.8766533889509596,0,0.0061763413675907713,5.1475906075161227e-05,2.3527948814473994e-05,3.4085608339269309e-05,5.0715372780079108e-05,6.959286806457612e-05,8.7706114485467618e-05
1805,7.7999999999999998,10238.866625079268,1.8307407964241531,16.094319908324557,0,0.0033025645011440568,2.7524790154914425e-05,1.2580679064655704e-05,1.8225987425478269e-05,2.7118123794881922e-05,3.7212149057836741e-05,4.6897521201288253e-05
1806,7.7999999999999998,9750.9349990541305,1.9223500968365181,28.982769723950856,0,0.0044228891766690988,3.6861989046417402e-05,1.6848406518915134e-05,2.4408765518532618e-05,3.6317369784119847e-05,4.98355781549425e-05,6.2806506538156398e-05
1807,7.7999999999999998,10344.419220424423,1.8120602462309354,6.590288239227335,0,0.0049232647717693768,4.1032303736411954e-05,1.8754520622534308e-05,2.7170207210634202e-05,4.0426069955506796e-05,5.5473636464878626e-05,6.9912007451671757e-05
1808,7.7999999999999998,9920.9002022972636,1.88941632890711,15.560123420652269,0,0.0028646275010127875,2.3874861735496669e-05,1.0912416462280794e-05,1.580912796526813e-05,2.3522121421633815e-05,3.2277627136711116e-05,4.0678669232955747e-05
1809,7.7999999999999998,9554.3642705181792,1.9619003744203785,28.527373753893357,0,0.0039970443446032808,3.3312841213844875e-05,1.5226207418274899e-05,2.20586395628555e-05,3.2820659010001396e-05,4.503730658118423e-05,5.6759367403296964e-05
1810,7.7999999999999998,9976.7587134712976,1.8788377446041589,6.3618060426439955,0,0.0038733523164051517,3.2281946247581577e-05,1.4755019131391194e-05,2.1376015695921169e-05,3.1804995051900071e-05,4.3643587794168741e-05,5.5002899206281402e-05
1811,7.7999999999999998,9722.8568441795996,1.9279015561048254,15.027829865132025,0,0.0025129706065538725,2.0944023526838675e-05,9.5728264168695557e-06,1.3868425782382483e-05,2.0634585025612758e-05,2.8315279461355206e-05,3.5685023640945919e-05
1812,7.7999999999999998,9469.1950187839739,1.9795463925386005,27.935171519891469,0,0.0036646950592218526,3.0542919737643386e-05,1.3960167134942659e-05,2.0224491011288914e-05,3.0091661874293071e-05,4.1292510334935305e-05,5.2039896321957235e-05
1813,7.7999999999999998,9826.5931786740202,1.9075492898554771,6.3033728824201161,0,0.0035120043650300413,2.9270339197647295e-05,1.3378512296976218e-05,1.9381831111273803e-05,2.8837883137803415e-05,3.9572044657416538e-05,4.9871637362709273e-05
1814,7.7999999999999998,9635.7191040655853,1.94533595647982,14.743445688140261,0,0.0022958202083151716,1.9134212048060348e-05,8.7456209321449111e-06,1.2670029679485741e-05,1.8851512695154092e-05,2.5868504240332906e-05,3.2601415311194955e-05
1815,7.7999999999999998,9472.123247050582,1.9789344322050504,27.485682163168203,0,0.003385129356947137,2.8212916103510827e-05,1.2895198872677108e-05,1.8681641213052161e-05,2.7796082992953262e-05,3.8142461159241174e-05,4.806996978606681e-05
1816,7.7999999999999998,9798.4454404333683,1.9130290568673365,6.4034871828949207,0,0.0034288420363908921,2.8577233690156477e-05,1.3061716495859804e-05,1.8922880027797446e-05,2.8155017951574388e-05,3.8635000439735154e-05,4.8690704463699441e-05
1817,7.7999999999999998,9632.3949226668719,1.946007300382629,14.817922731842069,0,0.0022466499522371193,1.8724409005623792e-05,8.5583133985507531e-06,1.2398671930477151e-05,1.8447764307836067e-05,2.5314470882996619e-05,3.1903181218842052e-05
1818,7.7999999999999998,9500.236404041576,1.9730783574716051,27.43837975698662,0,0.0033226048460562757,2.7691813777965495e-05,1.2657020086185578e-05,1.8336584833718388e-05,2.7282679719235077e-05,3.7437956699681621e-05,4.7182100806039755e-05
1819,7.7999999999999998,9662.8258342329773,1.9398787850724244,6.4763455839107671,0,0.0032608393141089873,2.7177037062759224e-05,1.2421732528768487e-05,1.7995717060141434e-05,2.6775508597816233e-05,3.6742004151090104e-05,4.6305009581022537e-05
1820,7.7999999999999998,9508.0275064917932,1.9714615704340339,15.076216661859041,0,0.0021383557755391734,1.782184541070306e-05,8.1457811736279667e-06,1.1801024768077887e-05,1.7558535682947019e-05,2.4094249735466065e-05,3.0365367666401632e-05
1821,7.7999999999999998,9398.7629236447337,1.9943806426398631,27.8005395711257,0,0.0031697093094778311,2.6417526005997115e-05,1.207458492846333e-05,1.749279446228881e-05,2.6027218974355504e-05,3.571518292933919e-05,4.5010933016346018e-05
1822,7.7999999999999998,9462.5308372169329,1.9809405287170925,6.7050126772717169,0,0.0030332729957833738,2.5280415465794463e-05,1.1554848985452965e-05,1.6739838225730109e-05,2.4906908729513372e-05,3.4177865962375749e-05,4.3073491700091666e-05
1823,7.7999999999999998,9302.4855514108567,2.0150217633861733,15.715572693510808,0,0.001940910197735088,1.6176261170276976e-05,7.3936385746785092e-06,1.0711374401816478e-05,1.5937264207465358e-05,2.1869501583079914e-05,2.7561574381528613e-05
1824,7.7999999999999998,9185.6895373648968,2.0406427588729072,28.616764874360637,0,0.0028985625389190807,2.4157688852710041e-05,1.1041687463891242e-05,1.5996406540432666e-05,2.3800769895753875e-05,3.2659995350387148e-05,4.1160558128426402e-05
1825,7.7999999999999998,9361.3914040007112,2.0023423902207003,7.1842260303973147,0,0.0027007290196265901,2.2508871364891807e-05,1.0288067053574346e-05,1.4904615226829562e-05,2.2176312942651989e-05,3.0430876008131047e-05,3.8351255944583804e-05
1826,7.7999999999999998,9083.3123860411124,2.0636426496224503,16.808368144280362,0,0.001636183704807318,1.363655823046329e-05,6.2328236356533023e-06,9.0296687980689474e-06,1.3435084233105179e-05,1.8435949362442943e-05,2.3234356197682781e-05
1827,7.7999999999999998,8795.831011264796,2.1310903785750326,29.75261963107987,0,0.0024401947503202713,2.0337482709700911e-05,9.2955964973287579e-06,1.3466794916389543e-05,2.0037005575480095e-05,2.7495266405126227e-05,3.4651582126185225e-05
1828,7.7999999999999998,9149.1921749488592,2.0487831582555076,12.804817591084992,0,0.0020924243643468746,1.7439036095654355e-05,7.9708115877207494e-06,1.1547541354647109e-05,1.7181382202869675e-05,2.3576710556705887e-05,2.9713126255386122e-05
1829,7.7999999999999998,8816.0433803874221,2.1262044696125986,16.990195172106343,0,0.0014259390220281965,1.1884301530351245e-05,5.4319245530833185e-06,7.8693835278559044e-06,1.1708716335416933e-05,1.6066985343274189e-05,2.0248811338626634e-05
1830,7.7999999999999998,8452.0801761625444,2.2177630179780037,30.095890816262454,0,0.0020472104019997935,1.7062206263793541e-05,7.7985750275163974e-06,1.129801735325108e-05,1.6810119861813041e-05,2.3067255342198446e-05,2.9071072858084742e-05
1831,7.7999999999999998,8863.9688995407505,2.1147085523562117,12.373247067566766,0,0.0019771358782911109,1.6478179347856276e-05,7.5316354740021063e-06,1.0911294433072415e-05,1.6234721680145081e-05,2.2277679962065494e-05,2.8075991169245754e-05
1832,7.7999999999999998,8932.7831045288931,2.0984177742068755,15.958613453182755,0,0.0011480235544559243,9.568051560643825e-06,4.3732426398551908e-06,6.3356409421884754e-06,9.426687914313696e-06,1.2935530438700722e-05,1.6302318687802836e-05
1833,7.7999999999999998,8637.0643794688476,2.1702641101340316,29.324577050175975,0,0.0015806313148559075,1.3173564131336125e-05,6.0212042141367216e-06,8.723089725848275e-06,1.2978930662968384e-05,1.781000433860621e-05,2.2445493668388953e-05
1834,7.7999999999999998,9226.9725869316844,2.031512575015856,5.821432656862533,0,0.0018625476328758502,1.5523158663723599e-05,7.0951268336252089e-06,1.0278911955963284e-05,1.5293810995877476e-05,2.0986539435607489e-05,2.6448799734553406e-05
1835,7.7999999999999998,9069.5195095964173,2.0667810262544348,14.844959783375598,0,0.0010015816288973774,8.3475505622577898e-06,3.8153916527135115e-06,5.5274663575987412e-06,8.224219267696237e-06,1.1285473714505473e-05,1.4222794334452483e-05
1836,7.7999999999999998,8955.2367637904717,2.093156365833956,28.374031203818259,0,0.0013925957160783569,1.1606406125425008e-05,5.3049076754525424e-06,7.6853705661847153e-06,1.1434926709759314e-05,1.5691284559638727e-05,1.9775325234975378e-05
1837,7.7999999999999998,9354.734382710385,2.0037672982273733,5.7702664872553306,0,0.0014198192990906545,1.1833297503146413e-05,5.4086122846279532e-06,7.8356103817845959e-06,1.1658465869709706e-05,1.5998030432002785e-05,2.0161909224796617e-05
1838,7.7999999999999998,9295.5248793689752,2.0165306513547607,14.660105891055954,0,0.00085784920572130711,7.1496315556772345e-06,3.2678621535812407e-06,4.7342448061247007e-06,7.0439989741404903e-06,9.6659467215219388e-06,1.2181745821735406e-05
1839,7.7999999999999998,9241.1042197247843,2.0284059560402348,28.142526077028972,0,0.0012373421774188433,1.0312465894755579e-05,4.7134900232459493e-06,6.8285669996263423e-06,1.0160103862392153e-05,1.3941941641323855e-05,1.7570673026566637e-05
1840,7.7999999999999998,9422.1993732383035,1.9894198898951929,6.0922567247572159,0,0.0013263302628195763,1.1054125406960195e-05,5.0524782678712923e-06,7.319668906937857e-06,1.0890805689814641e-05,1.4944628461568079e-05,1.8834333621324807e-05
1841,7.7999999999999998,9330.7967932068423,2.008907840895767,15.164273815876362,0,0.00087537379233612925,7.2956879215582057e-06,3.3346197293577212e-06,4.8309584040477111e-06,7.1878974230913736e-06,9.8634076731738532e-06,1.2430600816703023e-05
1842,7.7999999999999998,9205.3468579910914,2.0362851209029849,28.524145642007426,0,0.0012946359222289949,1.0789973087285003e-05,4.9317429038843465e-06,7.1447561526638214e-06,1.0630556101522029e-05,1.45875076465354e-05,1.8384263377642136e-05
1843,7.7999999999999998,9863.6577328661642,1.9003813136398737,6.103013834810608,0,0.0014037167561191904,1.1699092973273793e-05,5.3472717944789679e-06,7.7467446698160773e-06,1.1526244151235685e-05,1.5816592573921053e-05,1.9933247725486826e-05
1844,7.7999999999999998,9566.7366944716377,1.9593630971897,15.069758575857461,0,0.00090865127516181316,7.5730347322998026e-06,3.4613858625746481e-06,5.0146081051579779e-06,7.461146559795998e-06,1.0238366784721857e-05,1.2903152209961925e-05
1845,7.7999999999999998,9297.2334939280026,2.0161600600781315,28.399500322048862,0,0.0013253218674677367,1.1045721068318825e-05,5.0486369202496514e-06,7.3141038374301541e-06,1.0882525521486089e-05,1.4933266213191435e-05,1.8820014069844193e-05
1846,7.7999999999999998,10063.349096554091,1.8626712300079999,5.796352475767141,0,0.001209205728904276,1.0077966359379438e-05,4.6063079746717706e-06,6.6732893187070223e-06,9.9290689518848657e-06,1.3624909917728594e-05,1.7171126041100109e-05
1847,7.7999999999999998,9714.1172136148325,1.9296360572432287,14.367154808749817,0,0.000776173145920611,6.4689131606494857e-06,2.9567280954084994e-06,4.2834960506123053e-06,6.3733378863748519e-06,8.7456492645888748e-06,1.1021918437648305e-05
1848,7.7999999999999998,9476.2739755598468,1.9780676337580128,27.694068312109753,0,0.0011325072018491548,9.4387325573895235e-06,4.3141351637310518e-06,6.2500102611215951e-06,9.2992795410057254e-06,1.2760697569929486e-05,1.6081981287854841e-05
1849,7.7999999999999998,9826.8637250816519,1.9074967725292793,5.4169770615960138,0,0.00096652195277458549,8.0553502955121083e-06,3.6818364917896829e-06,5.3339811990396913e-06,7.9363361281006355e-06,1.0890433468251731e-05,1.37249351999195e-05
1850,7.7999999999999998,9758.0693389409953,1.9209446242480368,13.544334552892627,0,0.00063288295069690128,5.2746798448662325e-06,2.4108832046889157e-06,3.49271503923858e-06,5.196748829197233e-06,7.1311051424849514e-06,8.9871497098572894e-06
1851,7.7999999999999998,9615.2359620396946,1.9494800661867437,26.846249610040577,0,0.00093005365697523758,7.7514100730466042e-06,3.5429153820497836e-06,5.1327222378786646e-06,7.6368864853358974e-06,1.0479521385020501e-05,1.3207073194549943e-05
1852,7.7999999999999998,9509.497224511364,1.9711568758191085,5.1829896818079026,0,0.0010204253475702362,8.5046010610531973e-06,3.8871742861566349e-06,5.631459899424132e-06,8.3789494162064313e-06,1.1497798187749054e-05,1.449038144612445e-05
1853,7.7999999999999998,9665.4680379060592,1.9393484895056547,13.009054014857194,0,0.00068899231574364524,5.7423159797856609e-06,2.6246243485576167e-06,3.8023679109506285e-06,5.6574758511411574e-06,7.7633259681302076e-06,9.7839214719103682e-06
1854,7.7999999999999998,9705.9947370952996,1.9312508761248319,26.254151233659545,0,0.0010397641683987512,8.6657779237500406e-06,3.9608429452390374e-06,5.7381857802122259e-06,8.5377449634525301e-06,1.1715701300019595e-05,1.4764999174104938e-05
1855,7.7999999999999998,9403.6960058200712,1.9933344110737903,5.1835476412365447,0,0.0012790080630176923,1.0659724746877833e-05,4.8722106582198288e-06,7.058510095887739e-06,1.0502232121598463e-05,1.4411418360096201e-05,1.8162342546591322e-05
1856,7.7999999999999998,9680.8402226118214,1.9362690023429714,12.912622939253554,0,0.00087169328755766246,7.2650132377915857e-06,3.3205993372055669e-06,4.8106466633418114e-06,7.1576759439422028e-06,9.8219370244168219e-06,1.2378336417076673e-05
1857,7.7999999999999998,9799.4055667976827,1.9128416220662483,26.081699342836572,0,0.0013250287778517988,1.1043278351402175e-05,5.0475204344417224e-06,7.3124863526988872e-06,1.0880118894610144e-05,1.4929963781256553e-05,1.8815852099208174e-05
1858,7.7999999999999998,9344.1995688417537,2.006026380491976,5.2616263370197958,0,0.0015253385033912623,1.271273345502007e-05,5.8105736222502518e-06,8.4179431992248398e-06,1.2524908552046437e-05,1.7186984154946974e-05,2.1660317240481568e-05
1859,7.7999999999999998,9615.8073558228953,1.949364223517577,12.972373373084396,0,0.0010464503383780402,8.7215029294406979e-06,3.9863130181632849e-06,5.7750849989632653e-06,8.5926466573177592e-06,1.1791038739699924e-05,1.4859945025503298e-05
1860,7.7999999999999998,9856.9683458866366,1.9016709988219214,26.086737454777751,0,0.0016090424047475087,1.3410352629204322e-05,6.129432472412828e-06,8.8798830805061699e-06,1.3212220717579298e-05,1.8130130625791705e-05,2.2848940653324905e-05
1861,7.7999999999999998,9012.1233116781696,2.0799438923997373,5.3449600375822497,0,0.0012438289207778281,1.0366528805467236e-05,4.7382004070540188e-06,6.864365635157066e-06,1.0213368017982041e-05,1.4015032011153379e-05,1.7662786953213618e-05
1862,7.7999999999999998,9495.5232114404898,1.9740577135438007,13.027651583667099,0,0.00087022833188202698,7.2528037570852592e-06,3.3150187839135022e-06,4.8025619571343271e-06,7.1456468528064693e-06,9.8054304129801678e-06,1.2357533556198933e-05
1863,7.7999999999999998,9912.0022619609044,1.8911124457279944,26.081030610256889,0,0.0013566713905023842,1.1306999551354178e-05,5.1680587477392599e-06,7.4871136340370915e-06,1.1139943732779032e-05,1.5286501743838381e-05,1.9265187788830865e-05
1864,7.7999999999999998,8714.3010626551113,2.1510286028570009,5.4435472361832877,0,0.0011323309801717168,9.4372638609596587e-06,4.3134638707503042e-06,6.2490377398957505e-06,9.2978325439031863e-06,1.2758711965310477e-05,1.6079478881058268e-05
1865,7.7999999999999998,9301.4380229572234,2.015248695246239,13.073441225406043,0,0.00080526335140865388,6.711361658277418e-06,3.0675433539880592e-06,4.4440372661573707e-06,6.6122043168018801e-06,9.0734275903018645e-06,1.143500909133659e-05
1866,7.7999999999999998,9966.0386720644528,1.8808587299807615,26.051641311362133,0,0.0012867652244423254,1.0724375790131298e-05,4.9017605302366297e-06,7.1013198355714882e-06,1.0565927974847419e-05,1.4498823359180747e-05,1.8272496834947394e-05
1867,7.7999999999999998,8734.7374309192019,2.14599591435065,5.5908720167516792,1,0.0035179358505504003,2.9319774384817218e-05,1.3401107500092596e-05,1.9414565424402592e-05,2.8886587942379651e-05,3.9638878574889316e-05,4.995586644221697e-05
1868,7.7999999999999998,9116.9863710307764,2.0560204958997876,13.207304859930746,1,0.0024254066745548765,2.0214233434146575e-05,9.2392632947149126e-06,1.3385183404228694e-05,1.9915577252382953e-05,2.7328639506705373e-05,3.4441586501120637e-05
1869,7.7999999999999998,9880.1879549796449,1.8972018472817527,26.107060159807673,1,0.0039413144789398839,3.2848367966701571e-05,1.5013911926700186e-05,2.1751081048721166e-05,3.2363048145593261e-05,4.4409361822703019e-05,5.5967984659496281e-05
1870,7.9000000000000004,12580.240584417423,2.104698049808321,6.6353948229227306,1,0.018296617855432438,0.00012587507529803662,5.6213797167452571e-05,8.0641182753698895e-05,0.00011893060035133371,0.00016836058295156448,0.00022502140086290016
1871,7.9000000000000004,10350.751043349308,2.5580373552850122,20.6052579200989,1,0.017635549641071103,0.00012132713032168323,5.4182757616340964e-05,7.772756652647109e-05,0.0001146335635859386,0.00016227761008630464,0.00021689123730825408
1872,7.9000000000000004,10814.38586649557,2.4483690660765176,31.62533501140777,1,0.018426097953132697,0.00012676585834747208,5.6611606642780454e-05,8.1211858072171103e-05,0.0001197722392746973,0.00016955202417319817,0.00022661381500187322
1873,7.9000000000000004,11411.492834154818,2.320258024865498,40.076746089460322,1,0.01944924326702497,0.00013380478184932487,5.9755077397999461e-05,8.5721306151214854e-05,0.0001264228283283312,0.00017896673364858461,0.00023919699259444634
1874,7.9000000000000004,9577.2722971399235,2.7646293226986871,6.7368671105044085,0,0.0046547979662249989,3.202357119361016e-05,1.4301215164263398e-05,2.0515726810375813e-05,3.0256844243644618e-05,4.2832205673613841e-05,5.7247146296097357e-05
1875,7.9000000000000004,10733.952575035753,2.4667155587888976,20.925276571193283,0,0.0056185556559730484,3.8653926198269038e-05,1.726222575748536e-05,2.4763427702602718e-05,3.6521405352184034e-05,5.1700446118492486e-05,6.9099943744949848e-05
1876,7.9000000000000004,10304.078140831296,2.5696241296173561,31.518841286646239,0,0.0053938967392534523,3.710834229407998e-05,1.6571992684022258e-05,2.3773257775921215e-05,3.5061090661739281e-05,4.9633194865663371e-05,6.6336970579306795e-05
1877,7.9000000000000004,12089.314368381556,2.1901662093751564,39.780431825957365,0,0.0063309459676056884,4.3554951340012698e-05,1.9450945268303883e-05,2.7903242818502695e-05,4.1152042998790836e-05,5.8255671193596027e-05,7.7861293364389983e-05
1878,7.9000000000000004,10144.989592233245,2.6099196636350861,6.6114971762913335,0,0.0041968180914610364,2.8872811218384307e-05,1.2894136107894909e-05,1.8497209559254924e-05,2.7279910370681059e-05,3.8617997380880013e-05,5.1614669638352422e-05
1879,7.9000000000000004,11143.253325667754,2.3761110916462256,20.551579140274583,0,0.0050281207470033867,3.4591916530013384e-05,1.544819714981297e-05,2.2161123289044166e-05,3.2683495048379025e-05,4.6267422034231383e-05,6.1838465619075089e-05
1880,7.9000000000000004,10457.133406109166,2.5320139655743854,31.032372010166696,0,0.0047176907886620186,3.2456254371589705e-05,1.4494444557351123e-05,2.0792922936354569e-05,3.0665656472731195e-05,4.34109286011314e-05,5.8020635206497146e-05
1881,7.9000000000000004,12922.341872785524,2.0489790538590174,39.542290046183446,0,0.0058297337843830153,4.0106766445845754e-05,1.7911040995932037e-05,2.5694181909814623e-05,3.7894093014533135e-05,5.3643650763561136e-05,7.1697123106834326e-05
1882,7.9000000000000004,10565.586446920857,2.5060234902397918,6.3216710981090003,0,0.0043824562601875328,3.0149944437827889e-05,1.346448339534346e-05,1.9315398014007539e-05,2.848658468771661e-05,4.0326190149172117e-05,5.3897745183271069e-05
1883,7.9000000000000004,10735.170288120418,2.4664357540227444,19.532351830373894,0,0.004856855386024859,3.3413663785191655e-05,1.4922008302238663e-05,2.1406282072860212e-05,3.1570246011780897e-05,4.4691483997945959e-05,5.9732154400729544e-05
1884,7.9000000000000004,9812.4933897068131,2.6983567552684962,30.106026004357876,0,0.0044398587102807315,3.0544855551174872e-05,1.3640844387956957e-05,1.9568395672102111e-05,2.8859708721085138e-05,4.0854392139119101e-05,5.4603710615516198e-05
1885,7.9000000000000004,12314.449971683533,2.1501250876025151,39.345345272092977,0,0.005570620638552415,3.8324148095293388e-05,1.7114952126490124e-05,2.4552157153550323e-05,3.6209820968407065e-05,5.1259360911352133e-05,6.8510413764294101e-05
1886,7.9000000000000004,10649.520264583094,2.4862723546523426,5.9347178681003667,0,0.004845612550366616,3.3336316551062009e-05,1.4887466263470999e-05,2.1356729987761763e-05,3.1497165992017068e-05,4.4588030431805676e-05,5.9593884112227124e-05
1887,7.9000000000000004,10639.33028962199,2.4886536185430881,18.020314189957386,0,0.0048413072645073964,3.3306697515129202e-05,1.4874238875330178e-05,2.1337754713395568e-05,3.1469181025835516e-05,4.4548414343042245e-05,5.9540935449101978e-05
1888,7.9000000000000004,10067.39668984299,2.6300352156437961,28.418618785976729,0,0.0045814861709193378,3.1519208702834604e-05,1.4075974935503271e-05,2.0192609722291125e-05,2.9780307219292459e-05,4.2157610144953221e-05,5.6345519393803171e-05
1889,7.9000000000000004,11710.886003421878,2.2609397629185519,38.783022464119703,0,0.0053283953438390593,3.6657712940334961e-05,1.6370748815614276e-05,2.3484564529990738e-05,3.463532233985399e-05,4.9030468547431075e-05,6.553140007053404e-05
1890,7.9000000000000004,10390.015088653092,2.5483704882256593,5.3164972340765422,0,0.0047569152954676673,3.2726106853982969e-05,1.4614956363794708e-05,2.0965802462326572e-05,3.092062130720172e-05,4.3771862019753679e-05,5.8503038759946389e-05
1891,7.9000000000000004,9939.8270871502336,2.663789580240477,16.042643740562365,0,0.0045503949625054808,3.1305310799346436e-05,1.3980451549854779e-05,2.0055577193134885e-05,2.9578209973149748e-05,4.1871517162382051e-05,5.5963143408958014e-05
1892,7.9000000000000004,9699.5631077020989,2.7297732413450522,26.041656617258909,0,0.004439947205620764,3.0545464371760086e-05,1.3641116277501469e-05,1.9568785709700579e-05,2.8860283953294802e-05,4.0855206449564571e-05,5.460479897761357e-05
1893,7.9000000000000004,11477.735236390525,2.3068669279105474,37.765510110773086,0,0.0052555903308644904,3.615683695534916e-05,1.6147065604626129e-05,2.3163681052888193e-05,3.4162079472233992e-05,4.8360536294211105e-05,6.4636005843096808e-05
1894,7.9000000000000004,9981.3702404534833,2.6527027037662405,4.4749526520176142,0,0.0046000365400658922,3.1646829508580167e-05,1.4132968347992135e-05,2.027436929776653e-05,2.9900887238876981e-05,4.232830567940432e-05,5.657366156110773e-05
1895,7.9000000000000004,9829.709970239639,2.6936306263670304,13.847033629942496,0,0.0045295141871330271,3.1161657519103246e-05,1.3916298290451279e-05,1.996354650002244e-05,2.9442481983940532e-05,4.1679377853250491e-05,5.570634068385666e-05
1896,7.9000000000000004,9987.9314093814373,2.6509601176548956,23.400538131676559,0,0.004603110566479357,3.1667977860112694e-05,1.4142412863839778e-05,2.0287917874216924e-05,2.9920868844752883e-05,4.235659204812387e-05,5.6611467549914668e-05
1897,7.9000000000000004,11572.523029965449,2.287971927606689,36.47845715375167,0,0.0053345111081862257,3.6699787508639722e-05,1.6389538645475288e-05,2.3511519373464825e-05,3.4675075671926769e-05,4.9086744174916931e-05,6.5606614947492201e-05
1898,7.9000000000000004,12525.88691007393,2.1138309817285879,3.8426885729644393,0,0.0054650752206248984,3.759802824440279e-05,1.679067860434462e-05,2.4086972418144084e-05,3.5523760844200832e-05,5.0288160210187182e-05,6.721236086815962e-05
1899,7.9000000000000004,11575.284102465632,2.2874261737129111,12.583150865609015,0,0.0050488669025941487,3.4734643667769973e-05,1.5511936808781541e-05,2.2252560654006924e-05,3.2818347989992978e-05,4.6458322608144146e-05,6.2093612719508557e-05
1900,7.9000000000000004,11175.026995106997,2.3693551555388734,22.347931125107923,0,0.004871728529005308,3.3515986411557633e-05,1.4967703952076878e-05,2.1471834507232781e-05,3.1666923541898892e-05,4.4828342680916526e-05,5.9915072112360122e-05
1901,7.9000000000000004,10713.981484202432,2.4713135693937489,35.646155587963314,0,0.0049730521715416502,3.4213061752722204e-05,1.5279006660304687e-05,2.1918412035364171e-05,3.2325541529761239e-05,4.5760695734305002e-05,6.1161203400897138e-05
1902,7.9000000000000004,12379.859415741812,2.1387648223593567,3.7562910065359496,0,0.005072733569807873,3.4898838960931695e-05,1.5585263802896852e-05,2.2357751476032656e-05,3.2973484697910339e-05,4.6677937295238928e-05,6.2387137508231538e-05
1903,7.9000000000000004,11406.04101901144,2.3213670527758326,12.677638260550125,0,0.0046717305786001875,3.2140062332822891e-05,1.4353238245528733e-05,2.0590356225485976e-05,3.0366908615716514e-05,4.298801504302324e-05,5.7455392442299846e-05
1904,7.9000000000000004,11168.748760471566,2.3706870296744782,22.927767074283551,0,0.0045727482734901599,3.1459094669435931e-05,1.4049128968798666e-05,2.0154097993564158e-05,2.972350965182553e-05,4.2077206350297225e-05,5.6238056149194485e-05
1905,7.9000000000000004,12277.996192815343,2.1565088804667187,36.456419820269375,0,0.0053841209579510302,3.7041087940446849e-05,1.6541957964401957e-05,2.373017163984964e-05,3.4997546702501192e-05,4.9543240741251569e-05,6.6216742894573946e-05
1906,7.9000000000000004,12316.491190451667,2.1497687462050519,3.7924188390994114,0,0.0047258045177190934,3.2512074319520898e-05,1.4519372854104648e-05,2.0828683682568727e-05,3.071839685761929e-05,4.3485588965399462e-05,5.812042210116101e-05
1907,7.9000000000000004,11424.761273259377,2.3175633337841322,13.077090114499825,0,0.0043861079762195715,3.0175067115370365e-05,1.3475702781678142e-05,1.9331492720812428e-05,2.8510321357708544e-05,4.0359792263223218e-05,5.3942655901939159e-05
1908,7.9000000000000004,10838.113064091307,2.4430090060481198,23.919985428836583,0,0.0041631347465899199,2.8641080217308462e-05,1.2790648745833395e-05,1.8348752353066892e-05,2.7060963871441939e-05,3.8308052252055235e-05,5.1200414200077724e-05
1909,7.9000000000000004,11223.798271388303,2.3590594898377262,37.085314153436165,0,0.0046386794634823555,3.1912680877025255e-05,1.4251693320883531e-05,2.0444685531837025e-05,3.0152071699172524e-05,4.2683887523259507e-05,5.7048912497063004e-05
1910,7.9000000000000004,12519.104292169901,2.1149762160463284,3.7513971296660062,0,0.0044643842157556868,3.0713583447924701e-05,1.3716195570404539e-05,1.9676490281978084e-05,2.9019127970757575e-05,4.1080069279646981e-05,5.4905338142660868e-05
1911,7.9000000000000004,11846.207520487031,2.2351126112177275,13.058694786356051,0,0.0042261331879710354,2.9074490020976215e-05,1.2984202638342126e-05,1.862641398784298e-05,2.7470462638583201e-05,3.888774705684209e-05,5.1975202067637026e-05
1912,7.9000000000000004,11384.10362419286,2.325840373402269,24.290671245252536,0,0.0040625289736511911,2.7948943597079512e-05,1.248155159145558e-05,1.7905338789656846e-05,2.6407012137358995e-05,3.7382304842665687e-05,4.9963111648292393e-05
1913,7.9000000000000004,11094.248452341168,2.3866067122875183,37.433373588562489,0,0.0042868325883971894,2.9492083133515278e-05,1.3170693049340609e-05,1.8893942745424376e-05,2.7865017314791028e-05,3.9446286701781085e-05,5.2721715123949009e-05
1914,7.9000000000000004,12803.588769082293,2.0679833054369996,3.6042418890686232,0,0.0046049570422907957,3.1680681042943389e-05,1.4148085902297429e-05,2.0296056099245014e-05,2.993287119833122e-05,4.2373582824587368e-05,5.6634176477708451e-05
1915,7.9000000000000004,12242.121254666923,2.1628284243671487,12.389773500868419,0,0.0044030490949798036,3.0291616775882841e-05,1.3527751997620786e-05,1.9406159627275164e-05,2.86204410224847e-05,4.0515679906112226e-05,5.4151006664125534e-05
1916,7.9000000000000004,12197.967724645796,2.1706573112704071,23.324643400043996,0,0.0043870507953845056,3.0181553419796472e-05,1.3478599461584886e-05,1.9335648136484539e-05,2.851644981544835e-05,4.036846783296405e-05,5.3954251186429992e-05
1917,7.9000000000000004,11893.619256133943,2.2262027440038863,36.989111788244202,0,0.0042787348055623765,2.9436372890664216e-05,1.3145813745122803e-05,1.8858252281173462e-05,2.7812380582599944e-05,3.9371773070384475e-05,5.2622124344288486e-05
1918,7.9000000000000004,9675.3339207078607,2.7366092003784512,3.4835330345099238,0,0.003493098111082552,2.4031435275640107e-05,1.0732054976166269e-05,1.5395608378450818e-05,2.2705631101860214e-05,3.2142554374564631e-05,4.2959952299269836e-05
1919,7.9000000000000004,12484.787008688643,2.1207897103663891,11.501164630082052,0,0.004528276076261958,3.1153139699014609e-05,1.3912494368112899e-05,1.9958089604884108e-05,2.9434434088402613e-05,4.16679850882237e-05,5.5691113747117159e-05
1920,7.9000000000000004,12310.388382821835,2.1508344822889778,21.80410428029607,0,0.0044648259564479273,3.071662248734375e-05,1.3717552756845794e-05,1.9678437226062186e-05,2.9021999347650445e-05,4.1084134059326298e-05,5.4910770901336352e-05
1921,7.9000000000000004,12176.589855578375,2.1744682327468592,36.165930822977892,0,0.0044188839042374325,3.0400555368981472e-05,1.3576402232479868e-05,1.9475950544771714e-05,2.8723369519234143e-05,4.0661387584908703e-05,5.4345751451916489e-05
1922,7.9000000000000004,12497.736946945115,2.1185921848527065,3.2360171836273635,0,0.0049434045801218379,3.4009095487926098e-05,1.5187918585790304e-05,2.1787742156549263e-05,3.2132827997982335e-05,4.5487886529129011e-05,6.0796581774856221e-05
1923,7.9000000000000004,11984.484472648033,2.2093238874456551,10.690641053301633,0,0.0043763757828663907,3.0108112633354829e-05,1.3445801979930365e-05,1.9288598695862609e-05,2.8447060726297072e-05,4.0270239223460057e-05,5.3822964284662957e-05
1924,7.9000000000000004,11709.45049828724,2.2612169399422939,20.433469054300851,0,0.0040622525003424321,2.7947041546174099e-05,1.2480702165915648e-05,1.7904120251083525e-05,2.6405215021801812e-05,3.737976080923825e-05,4.9959711434562744e-05
1925,7.9000000000000004,11905.64652558432,2.2239537993375245,35.428845184626581,0,0.0041310551707489903,2.8420382651429794e-05,1.2692088739618667e-05,1.8207363657162011e-05,2.6852442097422096e-05,3.8012864576819711e-05,5.0805882754329113e-05
1926,7.9000000000000004,11987.446325082959,2.2087780087690696,3.0875236207888275,0,0.0047794657555627973,3.2881247049012899e-05,1.4684239495783169e-05,2.1065192184956181e-05,3.10672024829416e-05,4.3979365321043585e-05,5.8780376143325278e-05
1927,7.9000000000000004,11710.023551616856,2.2611062827868493,10.151141256314265,0,0.0040954074613304718,2.8175137429459645e-05,1.2582566142460531e-05,1.80502486388191e-05,2.6620726951169778e-05,3.7684843890919682e-05,5.0367468530766641e-05
1928,7.9000000000000004,11643.741079681702,2.2739777227051365,19.678414016410841,0,0.0037149573340408289,2.5557758152146233e-05,1.1413686382453867e-05,1.6373438832446991e-05,2.414774738741591e-05,3.4184043594352117e-05,4.5688493362918018e-05
1929,7.9000000000000004,11848.93477721507,2.2345981577228362,35.064796380885404,0,0.0039246544692442611,2.700040962424207e-05,1.2057951476585551e-05,1.7297665656031564e-05,2.5510808384740845e-05,3.6113620536116826e-05,4.8267458693737517e-05
1930,7.9000000000000004,11537.368092356543,2.2949434925010452,2.9326768400550538,0,0.0046436508309398014,3.1946882348465751e-05,1.4266967151495607e-05,2.0466596518601865e-05,3.0184386289822704e-05,4.2729632716705388e-05,5.7110052980966511e-05
1931,7.9000000000000004,11528.478511293206,2.2967131177115516,9.7594755094387047,0,0.0038555073886111387,2.6524699083085995e-05,1.1845506750672573e-05,1.6992904283723361e-05,2.5061342594001951e-05,3.547734759776419e-05,4.741705163640122e-05
1932,7.9000000000000004,11378.888774203831,2.3269062866813597,19.369156810048654,0,0.0034535317003227383,2.3759230599725873e-05,1.0610492717683841e-05,1.5221221932485739e-05,2.2448443843395667e-05,3.1778474847219338e-05,4.247334383170288e-05
1933,7.9000000000000004,11344.944920031288,2.3338683449570965,34.992358140665004,0,0.0037936869554242984,2.6099393611668482e-05,1.1655572123441056e-05,1.6720434645349588e-05,2.4659501046510294e-05,3.4908492509250422e-05,4.6656751531345255e-05
1934,7.9000000000000004,11271.820946507112,2.3490089090128485,2.8047298761874275,0,0.0045672945504366229,3.1421574740592097e-05,1.4032373168138602e-05,2.0130061055102453e-05,2.9688059681670827e-05,4.2027022649691749e-05,5.6170983403230084e-05
1935,7.9000000000000004,11226.58703424914,2.3584734829353886,14.520144604835746,0,0.0033964409778527091,2.3366464076070212e-05,1.0435089464556341e-05,1.4969598194119285e-05,2.2077346083607456e-05,3.1253141291470054e-05,4.1771212189232863e-05
1936,7.9000000000000004,11079.478152321062,2.3897883510511728,27.146846276958776,0,0.0031467137330335022,2.1648417823262036e-05,9.667837462116687e-06,1.3868941201271607e-05,2.0454083719759459e-05,2.8955217989532238e-05,3.8699935579158948e-05
1937,7.9000000000000004,11071.026263388021,2.3916127732172869,35.062614618399294,0,0.0040718562695753451,2.8013112509938528e-05,1.251020840253094e-05,1.7946448254868429e-05,2.6467640878292383e-05,3.7468132124601625e-05,5.0077823624664179e-05
1938,7.9000000000000004,11239.264386566159,2.3558132377231433,6.0803593180898607,0,0.0037943698082914057,2.6104091428322019e-05,1.1657670093288275e-05,1.6723444276052124e-05,2.4663939686595494e-05,3.4914775938662605e-05,4.666514961398292e-05
1939,7.9000000000000004,11376.221583274411,2.3274518371785975,14.389967907795373,0,0.0032714504921590171,2.250656816948547e-05,1.0051073693654702e-05,1.4418710555817e-05,2.1264890272418179e-05,3.010301227849834e-05,4.0234013653002944e-05
1940,7.9000000000000004,11217.853889808794,2.3603095640421246,27.304397629924388,0,0.0034362766461807381,2.3640521160825332e-05,1.0557478979225952e-05,1.5145171375738888e-05,2.2336283554296468e-05,3.1619698454928595e-05,4.2261132127568429e-05
1941,7.9000000000000004,11317.294765926456,2.3395703983835694,5.9476345745340566,0,0.0044154390147148779,3.0376855593893465e-05,1.3565818291643627e-05,1.9460767412689619e-05,2.8700977250766898e-05,4.0629688633069425e-05,5.4303384394118815e-05
1942,7.9000000000000004,11236.9693429244,2.3562943900719135,14.191240721213212,0,0.0038184097436506762,2.6269478752767318e-05,1.1731529429526391e-05,1.6829398766439998e-05,2.4820202661932022e-05,3.5135984992881497e-05,4.6960805345219086e-05
1943,7.9000000000000004,11214.328718721641,2.36105151616789,27.17540337557093,0,0.0043752668435889713,3.0100483473903117e-05,1.3442394919231802e-05,1.9283711116330715e-05,2.8439852464362615e-05,4.0260035060883156e-05,5.3809325967917832e-05
1944,7.9000000000000004,11676.385093219793,2.2676202962437215,5.9752419117629323,0,0.0059102910448800517,4.0660975497539829e-05,1.8158541902259459e-05,2.6049232926194138e-05,3.841772658600912e-05,5.4384917124668154e-05,7.2687858539467225e-05
1945,7.9000000000000004,11259.958535244612,2.3514835992748746,14.375224096350372,0,0.0042742263651616525,2.9405356214281627e-05,1.3131962193091147e-05,1.8838381616050455e-05,2.7783075083204209e-05,3.9330287607876288e-05,5.2566677180080671e-05
1946,7.9000000000000004,11255.06587003284,2.3525058075973382,27.407334313347864,0,0.0056961544644411168,3.9187782014471478e-05,1.7500637234083197e-05,2.5105439529301323e-05,3.7025808567607555e-05,5.2414489595448625e-05,7.005429458316185e-05
1947,7.9000000000000004,11917.284062800063,2.2217820507268931,6.196196196332874,0,0.0068556889743804144,4.7165021026759496e-05,2.1063144702152555e-05,3.0216014339578224e-05,4.4562946659729052e-05,6.3084215967193017e-05,8.4314858029205919e-05
1948,7.9000000000000004,11289.307896546979,2.345370333308161,15.16937798072931,0,0.0043296136505471799,2.9786403617334158e-05,1.3302131874226692e-05,1.9082497563505708e-05,2.8143100261342561e-05,3.9839946591262842e-05,5.3247859060028178e-05
1949,7.9000000000000004,10993.897800057768,2.4083913008545266,28.37370626139986,0,0.0063239937763803411,4.3507122413328465e-05,1.9429585633944195e-05,2.7872601476612538e-05,4.1106852773869439e-05,5.8191698989730889e-05,7.7775791671074026e-05
1950,7.9000000000000004,11655.196241643538,2.2717427725102937,6.5386829118777428,0,0.0067718959009357991,4.6588550582186961e-05,2.080570221349859e-05,2.9846701682860353e-05,4.4018279847054022e-05,6.2313174520959273e-05,8.3284326872131071e-05
1951,7.9000000000000004,11074.797215344461,2.3907984326302003,16.195755358188951,0,0.0042898542808674387,2.9512871443695083e-05,1.3179976776473522e-05,1.8907260663339272e-05,2.7884658742644162e-05,3.9474091507555089e-05,5.275887748247914e-05
1952,7.9000000000000004,10472.502203372918,2.5282981383011887,29.507825862983346,0,0.006084403112675719,4.185881270533664e-05,1.8693476858042306e-05,2.6816620822125189e-05,3.9549479618999454e-05,5.5987049795558333e-05,7.4829180051021047e-05
1953,7.9000000000000004,10825.149663409746,2.4459345734165883,6.7815657944936527,0,0.0063509253778516756,4.3692403506800849e-05,1.951232920953102e-05,2.7991300801988393e-05,4.1281911987365428e-05,5.8439516381959308e-05,7.8107010628503451e-05
1954,7.9000000000000004,10402.935256868126,2.5452054800266155,16.672021526047999,0,0.0040689812463053851,2.7993333238520756e-05,1.25013752959849e-05,1.7933776772151466e-05,2.6448952820957301e-05,3.7441676929572993e-05,5.0042465080870374e-05
1955,7.9000000000000004,9815.7609621079646,2.6974584982616259,29.887495809263285,0,0.00575934607954714,3.9622520793655936e-05,1.7694784625820903e-05,2.5383952565018096e-05,3.7436562991245385e-05,5.2995961933175905e-05,7.0831458202487508e-05
1956,7.9000000000000004,9754.9778245707203,2.7142663264135125,6.6912534908485082,0,0.0057534654789048586,3.9582064078950867e-05,1.7676717303524512e-05,2.5358034190658273e-05,3.7398338256469862e-05,5.2941850219193423e-05,7.075913549208842e-05
1957,7.9000000000000004,9552.524534253509,2.7717916587598657,16.312622006840993,0,0.0037560393016842731,2.5840389390956016e-05,1.1539904977310881e-05,1.6554504999254041e-05,2.4414785979687663e-05,3.4562068870711812e-05,4.6193740943775562e-05
1958,7.9000000000000004,9249.227073363134,2.862683293871739,29.460294119348902,0,0.0054551747456677386,3.7529916036968297e-05,1.6760260780924977e-05,2.4043336702697817e-05,3.5459406358594703e-05,5.0197058688121454e-05,6.7090599635473297e-05
1959,7.9000000000000004,9288.8891361920923,2.8504600965662004,6.700710972201227,0,0.0055097073873892856,3.7905083755785934e-05,1.6927804689037493e-05,2.4283685862408969e-05,3.5813876232203722e-05,5.0698853469139005e-05,6.7761270659478625e-05
1960,7.9000000000000004,9197.6440981432788,2.8787380270006162,16.062717957684882,0,0.0036370618847589788,2.5021861538837667e-05,1.1174363518479998e-05,1.6030119580175783e-05,2.3641415964804013e-05,3.3467270507982364e-05,4.4730494280424059e-05
1961,7.9000000000000004,9099.2638791381069,2.9098626192002288,29.132308720383918,0,0.0053975014704468081,3.7133141730455495e-05,1.658306771601711e-05,2.3789145400029573e-05,3.5084521923643435e-05,4.966636463779789e-05,6.6381303453790606e-05
1962,7.9000000000000004,9211.5150448590739,2.8744031459754211,7.2046044759826691,0,0.0055119573964797029,3.7920563122842474e-05,1.6934717527007493e-05,2.4293602634770478e-05,3.5828501609092157e-05,5.0719557450885908e-05,6.7788942451144194e-05
1963,7.9000000000000004,13189.317133340748,2.0075040698817648,16.649257916247475,0,0.0048098496537670819,3.3090278876891222e-05,1.4777589769823299e-05,2.1199107289224154e-05,3.1264702112818627e-05,4.4258949824279818e-05,5.9154053256310064e-05
1964,7.9000000000000004,13213.485724001919,2.0038321739771532,29.41421275128285,0,0.0070517492388247147,4.8513855043236031e-05,2.1665512419790417e-05,3.1080137520196389e-05,4.583736607099083e-05,6.4888310072250786e-05,8.6726109972455536e-05
1965,7.9000000000000004,12557.22737999456,2.1085552584900564,7.2897935719946387,0,0.0065758463383935725,4.5239790191488697e-05,2.0203367375956777e-05,2.8982625670196826e-05,4.2743929999667304e-05,6.0509178891941516e-05,8.0873206546485071e-05
1966,7.9000000000000004,12444.407624877635,2.1276712096131778,16.792405537218052,0,0.0040107126152354724,2.7592463067793491e-05,1.2322353083570014e-05,1.7676961476338665e-05,2.6070198488897098e-05,3.6905504573991584e-05,4.9325846900761074e-05
1967,7.9000000000000004,12436.703029024133,2.1289893119061198,29.559860547507032,0,0.0058451057829062968,4.0212521044148461e-05,1.7958269309594912e-05,2.5761933018352834e-05,3.7994013176139991e-05,5.3785099781787305e-05,7.188617600552314e-05
1968,7.9000000000000004,11700.604937137861,2.2629264013608901,7.1479467051689101,0,0.0053792002201427372,3.7007234785342731e-05,1.6526839686299673e-05,2.3708483800052307e-05,3.4965561211721648e-05,4.949796142829319e-05,6.615622508064517e-05
1969,7.9000000000000004,11699.232676881926,2.2631918310731165,16.750310923112462,0,0.0032693279922060979,2.2491966025881405e-05,1.0044552609660706e-05,1.4409355771891878e-05,2.1251093722933413e-05,3.0083481601724544e-05,4.0207910035574244e-05
1970,7.9000000000000004,11559.732890265424,2.2905034290575972,29.64288427827864,0,0.0046889192326373796,3.2258314959526845e-05,1.4406047978959404e-05,2.0666114127982243e-05,3.0478637294755829e-05,4.3146180439312326e-05,5.7666787523126125e-05
1971,7.9000000000000004,11190.215771315456,2.3661391670404126,7.1284649809750471,0,0.0045709244707205264,3.1446547470124543e-05,1.4043525590088148e-05,2.0146059698529807e-05,2.9711654676221364e-05,4.2060424205099115e-05,5.6215626066358237e-05
1972,7.9000000000000004,11164.45810343317,2.3715981177806329,16.799744865938518,0,0.003040072724344992,2.0914760646586662e-05,9.3401978907207866e-06,1.3398927719073005e-05,1.9760902100860934e-05,2.7973935955267657e-05,3.738840853333411e-05
1973,7.9000000000000004,10955.57287988534,2.4168163650078296,29.744867910936591,0,0.0044747164964528815,3.0784666345377993e-05,1.3747940056515497e-05,1.9722029153836719e-05,2.9086289254663989e-05,4.1175144162619537e-05,5.5032409948770715e-05
1974,7.9000000000000004,11085.596231475871,2.3884694400977451,7.1934929269958516,0,0.0045590529505463665,3.136487508085393e-05,1.4007052006149715e-05,2.0093736726301125e-05,2.9634488118306036e-05,4.1951185652223655e-05,5.6069623886006172e-05
1975,7.9000000000000004,10993.16801627078,2.4085511824211037,16.906328716486762,0,0.0030140366341163028,2.0735640393658076e-05,9.2602056480717183e-06,1.328417530270223e-05,1.9591663836927901e-05,2.7734358817934586e-05,3.7068203042759633e-05
1976,7.9000000000000004,10823.296677448234,2.4463533259059997,29.841234349592028,0,0.0044514655020790042,3.0624706691047834e-05,1.3676504631017629e-05,1.9619551870804195e-05,2.8935154507165851e-05,4.0961194732297517e-05,5.4746457027481941e-05
1977,7.9000000000000004,11098.077351047845,2.3857833196344518,7.2102827801910827,0,0.0045967462686005763,3.162419345793299e-05,1.4122859449493049e-05,2.0259867634965227e-05,2.9879500009620689e-05,4.2298029481565661e-05,5.6533196077257399e-05
1978,7.9000000000000004,11004.516628256928,2.4060673193182129,16.9791838425176,0,0.0030387113827699463,2.0905395037345697e-05,9.3360153592944926e-06,1.3392927692422677e-05,1.9752053188341545e-05,2.7961409254268497e-05,3.7371666040776736e-05
1979,7.9000000000000004,10957.327427474476,2.4164293710665898,29.93963869191818,0,0.0045387608518890161,3.1225271714448657e-05,1.3944707373549349e-05,2.0004300588474284e-05,2.9502586610892162e-05,4.1764463188746732e-05,5.5820061015840557e-05
1980,7.9000000000000004,11019.563345163104,2.4027819428766071,7.0857604040599407,0,0.004593439523903434,3.1601444076542775e-05,1.411269993929513e-05,2.0245293367439445e-05,2.9858005702030778e-05,4.2267601701454504e-05,5.6492527996963751e-05
1981,7.9000000000000004,10946.716727520443,2.4187716265258952,16.899274655358884,0,0.0030420209531868262,2.0928163858814264e-05,9.3461835511207561e-06,1.3407514414128984e-05,1.9773565863508867e-05,2.7991863035896763e-05,3.7412368873253483e-05
1982,7.9000000000000004,10930.121342200498,2.4224440877810292,29.954083481908565,0,0.0045560349629475772,3.1344112259044579e-05,1.3997779661715749e-05,2.0080435137372211e-05,2.9614870772640684e-05,4.1923414937685724e-05,5.603250709192804e-05
1983,7.9000000000000004,10815.841718310818,2.4480395066541369,6.8189814179467314,0,0.0045370940571936033,3.1213804682156175e-05,1.3939586380168603e-05,1.9996954296568985e-05,2.9491752209946907e-05,4.1749125789846146e-05,5.5799561900633795e-05
1984,7.9000000000000004,10746.336796896168,2.4638728828776606,16.591240127244095,0,0.0030053088911478226,2.0675596219810222e-05,9.2333908795261676e-06,1.3245708329116752e-05,1.9534932274889767e-05,2.76540484619095e-05,3.6960864683033459e-05
1985,7.9000000000000004,10685.895691298945,2.4778089351651076,29.78890420853141,0,0.0044824401837297813,3.0837802926424834e-05,1.3771670004498182e-05,1.9756070815642757e-05,2.9136494312889815e-05,4.1246215466767059e-05,5.5127399905089826e-05
1986,7.9000000000000004,10554.576056652726,2.5086377398790511,6.5888466895070428,0,0.0044453012398979388,3.0582298472636688e-05,1.3657565798350774e-05,1.9592383276203125e-05,2.889508593232269e-05,4.0904472840717847e-05,5.4670645698730944e-05
1987,7.9000000000000004,10486.995428680459,2.5248039826288387,16.241581818332403,0,0.0029445724823730477,2.0257748501272054e-05,9.0467867655570407e-06,1.2978016459586025e-05,1.9140137039188689e-05,2.7095168276046649e-05,3.6213896478643504e-05
1988,7.9000000000000004,10360.30070674337,2.5556794704722181,29.519262314426097,0,0.004363476502085956,3.001936956879737e-05,1.3406170745396925e-05,1.9231745933946426e-05,2.8363213579275745e-05,4.0151543492423344e-05,5.3664322165432406e-05
1989,7.9000000000000004,10477.358598521125,2.5271262384662627,6.5389890518959719,0,0.004433420009747252,3.0500559281728957e-05,1.3621062381868682e-05,1.954001750786874e-05,2.881785625818846e-05,4.0795144939235911e-05,5.4524524099995785e-05
1990,7.9000000000000004,10401.737323355106,2.5454986028816986,16.063050782027414,0,0.002934250320351627,2.0186735217180366e-05,9.0150733676609669e-06,1.2932522185149095e-05,1.907304152810401e-05,2.70001865024217e-05,3.6086949117314411e-05
1991,7.9000000000000004,10257.761546280741,2.581226684270419,29.307535409470116,0,0.0043404418463664149,2.9860898257538025e-05,1.3335399990131031e-05,1.9130222149811833e-05,2.8213485063587369e-05,3.9939584752525466e-05,5.3381029890359457e-05
1992,7.9000000000000004,10530.333083151587,2.5144131353742947,6.6685521430137884,0,0.004481311145142091,3.0830035489931226e-05,1.3768201191482349e-05,1.9751094649675617e-05,2.9129155402599682e-05,4.1235826355713845e-05,5.511351439648721e-05
1993,7.9000000000000004,10465.49589365453,2.5299907518187292,16.157527321012456,0,0.0029692004455866058,2.0427181275593429e-05,9.1224527350642615e-06,1.3086562645446613e-05,1.9300222278633608e-05,2.7321788205276531e-05,3.6516784084784839e-05
1994,7.9000000000000004,10350.712461059516,2.5580468903715015,29.306691563601223,0,0.004405060787051272,3.0305456595513625e-05,1.353393263991011e-05,1.9415026032490663e-05,2.8633517305089066e-05,4.0534190958403287e-05,5.4175747508122128e-05
1995,7.9000000000000004,10636.391796864,2.4893411534491818,6.8566338270117866,0,0.0045599647616362156,3.1371148059308156e-05,1.4009853418086326e-05,2.0097755475848957e-05,2.9640415019178079e-05,4.1959575893952571e-05,5.6080837816929438e-05
1996,7.9000000000000004,10563.343177581184,2.5065556783516088,16.36206715895074,0,0.0030191281740991685,2.0770668614927719e-05,9.2758486919461797e-06,1.3306615942251038e-05,1.9624759565966985e-05,2.7781209806811854e-05,3.7130821471397455e-05
1997,7.9000000000000004,10480.98133858067,2.5262527399679953,29.397060792221609,0,0.0044935111401866778,3.0913967684777666e-05,1.3805683968479668e-05,1.9804865354062528e-05,2.9208457093567951e-05,4.1348087446476199e-05,5.5263556333043167e-05
1998,7.9000000000000004,10864.328216660973,2.4371141313218203,6.9978340661351881,0,0.0046880754152953171,3.2252509757040292e-05,1.4403455468294981e-05,2.0662395056565348e-05,3.0473152362848122e-05,4.3138415857861438e-05,5.7656409814968058e-05
1999,7.9000000000000004,10720.993072395564,2.4696973167828498,16.547645858200365,0,0.0030839973495071079,2.1216948490449716e-05,9.475150152883623e-06,1.3592522718600976e-05,2.004641836851292e-05,2.8378118605670836e-05,3.7928616607003995e-05
2000,7.9000000000000004,10620.02797083195,2.4931768444361873,29.502070291254388,0,0.0045823169161818104,3.1524923973454204e-05,1.4078527284033007e-05,2.0196271179346313e-05,2.9785707180836473e-05,4.216525444062465e-05,5.6355736334671633e-05
2001,7.9000000000000004,11076.152633161546,2.3905058643621406,7.0568858445331903,0,0.0048061459285729776,3.3064798392389948e-05,1.4766210592618506e-05,2.1182783355336088e-05,3.1240627375927277e-05,4.4224869135832439e-05,5.9108502901694054e-05
2002,7.9000000000000004,10820.031830113512,2.4470914910298442,16.668950030185215,0,0.0031298765664232436,2.1532583321409408e-05,9.6161076246034287e-06,1.3794732457316823e-05,2.0344639758640768e-05,2.8800286886518897e-05,3.8492863275023925e-05
2003,7.9000000000000004,10624.20062506248,2.4921976493631144,29.599988521367678,0,0.0046095970716929432,3.1712603010981159e-05,1.4162341743115895e-05,2.0316506734545899e-05,2.9963032044822387e-05,4.2416279133885102e-05,5.6691241992459108e-05
2004,7.9000000000000004,11241.251681821674,2.3553967630633172,7.0224075645620552,0,0.0049042555769180764,3.3739762446975398e-05,1.5067638753594388e-05,2.1615195407913838e-05,3.1878353947588519e-05,4.5127647874453227e-05,6.0315106804295965e-05
2005,7.9000000000000004,10897.493949091728,2.4296969512288347,16.642249922044499,0,0.0031695067320435259,2.1805226611056822e-05,9.737865760970127e-06,1.396939989878583e-05,2.0602241432703362e-05,2.916495306903507e-05,3.8980255833297034e-05
2006,7.9000000000000004,10581.339269724233,2.5022926823546507,29.599604355429097,0,0.0046161715487105593,3.1757833380668959e-05,1.4182540903445443e-05,2.0345483325021616e-05,3.0005767074043591e-05,4.247677571265356e-05,5.6772098358380615e-05
2007,7.9000000000000004,11291.409595496023,2.3449337835290618,7.0288598789020007,0,0.0049545818036216549,3.4085991330686718e-05,1.522225904038571e-05,2.1837005060220829e-05,3.2205481529449053e-05,4.5590736349739459e-05,6.0934045130628275e-05
2008,7.9000000000000004,10948.152277823243,2.41845447087691,16.645541197154778,0,0.003202655142476629,2.2033277428549203e-05,9.8397096118519265e-06,1.4115499415365983e-05,2.0817710782539011e-05,2.9469975874262318e-05,3.9387932367341306e-05
2009,7.9000000000000004,10632.573679802714,2.4902350664579767,29.61982790842238,0,0.0046656187409762646,3.2098014779160273e-05,1.4334460479975216e-05,2.0563418688795534e-05,3.0327180807899441e-05,4.2931775548194227e-05,5.738022585824325e-05
2010,7.9000000000000004,11346.755215972407,2.333495992481736,7.232912828291485,0,0.0050072202974437959,3.4448127897444052e-05,1.5383983444223519e-05,2.2069005883199728e-05,3.2547639174174551e-05,4.6075101688492853e-05,6.1581420930503471e-05
2011,7.9000000000000004,11057.842275031317,2.3944642332193022,16.843126806787783,0,0.0032532584832538607,2.2381412771430349e-05,9.9951812928436236e-06,1.4338530430376928e-05,2.1146639645019047e-05,2.993561427912313e-05,4.0010278787865933e-05
2012,7.9000000000000004,10841.578374689974,2.442228143270698,29.696061340544038,0,0.0047847801976177943,3.2917808767639011e-05,1.4700567375072023e-05,2.1088615251250573e-05,3.1101747106933162e-05,4.4028267395159752e-05,5.8845735938532733e-05
2013,7.9000000000000004,11260.664696337752,2.3513361367339196,7.5657801073121957,0,0.0049893334483210559,3.4325071904366021e-05,1.5329028604127105e-05,2.1990170730146212e-05,3.2431372128463171e-05,4.5910511687801714e-05,6.1361439080391902e-05
2014,7.9000000000000004,11062.418566118346,2.3934736934685961,17.250979333619647,0,0.0032677438045655848,2.2481067304592506e-05,1.0039685414892654e-05,1.4402373565341784e-05,2.1240796279512772e-05,3.0068904330844818e-05,4.0188426865246562e-05
2015,7.9000000000000004,10925.465462676479,2.4234764106477216,29.910555880441194,0,0.0048410024252165517,3.3304600315035066e-05,1.4873302299281009e-05,2.1336411153555287e-05,3.1467199527388246e-05,4.4545609293435883e-05,5.9537186375649935e-05
2016,7.9000000000000004,11119.288798481803,2.3812321366954716,7.8859985854521932,0,0.0049439613823611065,3.4012926115222785e-05,1.518962928272828e-05,2.179019622710423e-05,3.2136447291182661e-05,4.5493010074383805e-05,6.0803429620773636e-05
2017,7.9000000000000004,10965.556765923689,2.4146159095563706,17.732578392804335,0,0.0032503883222204616,2.2361666950697183e-05,9.9863631248387908e-06,1.4325880377659224e-05,2.1127983192908374e-05,2.9909203825094628e-05,3.9974980042407038e-05
2018,7.9000000000000004,10789.558227473843,2.4540029597061679,30.255421704442899,0,0.0047972367790833359,3.3003506197749877e-05,1.4738838477930296e-05,2.1143516844014114e-05,3.1182716645878973e-05,4.4142889525527942e-05,5.899893350944373e-05
2019,7.9000000000000004,11134.4263940417,2.3779947782771864,8.1177051590463929,0,0.0049675255728664656,3.4175040462127542e-05,1.5262026959498372e-05,2.1894053902222117e-05,3.2289617857772569e-05,4.5709841451724181e-05,6.1093234392322818e-05
2020,7.9000000000000004,10899.968379578942,2.4291453793341784,18.149647652762358,0,0.0032417835540768723,2.2302468805632638e-05,9.9599261792284824e-06,1.42879554078149e-05,2.1072050984601511e-05,2.983002505051102e-05,3.9869154091563559e-05
2021,7.9000000000000004,10620.870645407027,2.4929790323350782,30.640447235608107,0,0.0047380362332064604,3.2596224741208768e-05,1.4556953087722125e-05,2.0882594192795357e-05,3.0797904735945962e-05,4.3598141939190705e-05,5.8270854152356012e-05
2022,7.9000000000000004,11322.359513475916,2.3385238556176469,8.0264931466347758,0,0.0050750465980882314,3.4914751880535586e-05,1.5592370258506407e-05,2.2367946001476902e-05,3.2988519708434481e-05,4.6699221162713321e-05,6.2415584342941335e-05
2023,7.9000000000000004,11042.054424665163,2.3978878210379535,18.1522538592546,0,0.0032995835309529431,2.2700114780368891e-05,1.013750851723584e-05,1.4542705139992253e-05,2.1447758998207058e-05,3.0361884975571045e-05,4.0580008516641637e-05
2024,7.9000000000000004,10740.877920328261,2.4651251062104653,30.795127115336843,0,0.0048144566665265526,3.3121973700632937e-05,1.479174417162887e-05,2.1219412405766487e-05,3.1294648346468989e-05,4.4301342323263969e-05,5.9210712715075641e-05
2025,7.9000000000000004,11480.204272712695,2.3063707922930852,7.6920321870218098,0,0.0051700819723629202,3.5568565879785273e-05,1.5884353142743349e-05,2.2786808386071982e-05,3.3606263064414697e-05,4.7573711253741593e-05,6.3584379210921324e-05
2026,7.9000000000000004,11253.130562884249,2.3529103902404618,17.712928515851413,0,0.0033787133508865583,2.3244503482213399e-05,1.0380623812247842e-05,1.4891464802622433e-05,2.1962114004403114e-05,3.1090016410470105e-05,4.1553188536696787e-05
2027,7.9000000000000004,11011.377739160214,2.4045681159387935,30.567293699719897,0,0.0049593249883052026,3.4118622975174872e-05,1.5236831811366417e-05,2.1857910345881971e-05,3.2236312899839408e-05,4.5634381866341422e-05,6.0992379303122698e-05
2028,7.9000000000000004,11647.893636869281,2.2731670334224905,7.5388573939307522,0,0.0052687946556067324,3.6247678628073719e-05,1.6187634044031622e-05,2.3221878276718944e-05,3.4247909448092754e-05,4.8482038958181618e-05,6.4798399552930223e-05
2029,7.9000000000000004,11432.138794786481,2.3160677367053757,17.413940159309274,0,0.0034473925677430141,2.3716995265204308e-05,1.0591631092199421e-05,1.5194164095008758e-05,2.2408538614510634e-05,3.1721984191508757e-05,4.2397841559966768e-05
2030,7.9000000000000004,11197.474135966171,2.3646054014179003,30.311410606778683,0,0.0050648780783451031,3.4844795607827199e-05,1.5561128905003265e-05,2.2323128895636944e-05,3.2922422893859777e-05,4.6605653164232151e-05,6.229052655491843e-05
2031,7.9000000000000004,11866.623031157707,2.2312672910078688,7.5844345322058819,0,0.0053919739233070892,3.7095113914718007e-05,1.6566085101186281e-05,2.376478308659024e-05,3.5048592086501329e-05,4.9615501627700151e-05,6.6313322780502075e-05
2032,7.9000000000000004,11584.402738726134,2.2856256314043195,17.377506983611209,0,0.0035089920325281523,2.41407805423202e-05,1.0780886824948261e-05,1.5465659829166723e-05,2.2808943836180723e-05,3.2288805987901637e-05,4.3155424079746027e-05
2033,7.9000000000000004,11373.563140088745,2.3279958530160538,30.186112143640248,0,0.0051676877098774448,3.5552094093959954e-05,1.5876997106409882e-05,2.277625582602088e-05,3.3590700020083433e-05,4.7551679890842796e-05,6.3554933315358979e-05
2034,7.9000000000000004,11994.876862905792,2.2074097238984556,7.5514668674941356,0,0.0054716398097891415,3.7643190588715754e-05,1.6810847385628799e-05,2.411590542853319e-05,3.5566431600978513e-05,5.034856580357401e-05,6.7293095628075304e-05
2035,7.9000000000000004,11677.629802886462,2.2673785923234306,17.215232624157053,0,0.0035513711461087625,2.4432335744225423e-05,1.0911090719120404e-05,1.5652443084421687e-05,2.3084414060258385e-05,3.2678767254173784e-05,4.3676624641543053e-05
2036,7.9000000000000004,11471.406751848992,2.3081395679631984,29.914559584103714,0,0.0052330983189107939,3.6002098865465773e-05,1.6077962046370548e-05,2.306454893673494e-05,3.4015878217668887e-05,4.815357081708312e-05,6.4359387285610616e-05
2037,7.9000000000000004,11794.321078604167,2.2449454824640416,7.2052611115438667,0,0.0053995330208981129,3.7147118169601256e-05,1.658930937039867e-05,2.3798099329794706e-05,3.5097727288521623e-05,4.9685058421587862e-05,6.6406288526555879e-05
2038,7.9000000000000004,11508.909683603772,2.300618264635816,16.620492513154371,0,0.0035126130740214239,2.4165692188517563e-05,1.079201196805646e-05,1.5481619339887494e-05,2.2832481117338072e-05,3.2322125843052789e-05,4.319995754685108e-05
2039,7.9000000000000004,11323.22463491455,2.3383451868031107,29.324693216687439,0,0.0051838474858362455,3.5663268357514325e-05,1.592664575596889e-05,2.2847479013642167e-05,3.3695740846290153e-05,4.7700377826291155e-05,6.3753674714048695e-05
2040,7.9000000000000004,11417.864105580398,2.3189632999049361,6.9058652918148802,0,0.0052469451559642799,3.6097360824288928e-05,1.6120504514912311e-05,2.3125577992826821e-05,3.4105884614301874e-05,4.8280985707462334e-05,6.4529682948771705e-05
2041,7.9000000000000004,11111.969284599667,2.3828006671003648,16.135200738088162,0,0.003404098662139558,2.3419146576947253e-05,1.0458616627591311e-05,1.5003348951932842e-05,2.2127122113075413e-05,3.1323605253759687e-05,4.1865390406169327e-05
2042,7.9000000000000004,10827.648887086685,2.4453700060149419,28.888151979498303,0,0.0049752812991671318,3.4228397461754527e-05,1.52858553428967e-05,2.192823677399336e-05,3.2340031174178201e-05,4.5781207570397598e-05,6.1188618381356996e-05
2043,7.9000000000000004,11115.085822110323,2.3821325582095936,6.8458786578450068,0,0.0050933188199777431,3.5040459119128969e-05,1.5648509102483559e-05,2.2448479660558095e-05,3.3107291731561536e-05,4.6867357260512681e-05,6.2640305709422454e-05
2044,7.9000000000000004,10709.069877284355,2.4724470124437299,16.069446150709442,0,0.0032715272200040087,2.2507096033342174e-05,1.0051309429217937e-05,1.4419048728927415e-05,2.1265389014247987e-05,3.010371830760238e-05,4.0234957292275602e-05
2045,7.9000000000000004,10303.169586718792,2.5698507242153492,28.878815570375792,0,0.0047214518059912596,3.2482129008271525e-05,1.4505999756621269e-05,2.0809499381694552e-05,3.0690103616593115e-05,4.3445536476480008e-05,5.8066890169834223e-05
2046,7.9000000000000004,10985.203232505022,2.4102974941597868,6.9081776579640293,0,0.005012720340730502,3.4485966495174345e-05,1.5400881557316005e-05,2.2093246975151312e-05,3.2583390232387314e-05,4.6125711615492765e-05,6.1649063346985025e-05
2047,7.9000000000000004,10457.447855128004,2.5319378294732839,16.208207061032628,0,0.0031813516902823914,2.1886716262422996e-05,9.7742577370805554e-06,1.4021605800969368e-05,2.0679235334287556e-05,2.9273947206087574e-05,3.912593134104016e-05
2048,7.9000000000000004,9971.1713161565931,2.65541599724,29.07654160935456,0,0.0045502320246054379,3.1304189836958806e-05,1.3979950945965237e-05,2.0054859054674613e-05,2.9577150853785435e-05,4.1870017851413602e-05,5.5961139513221053e-05
2049,7.9000000000000004,10749.77614205158,2.4630845772281944,6.8766533889509596,0,0.0048630959760225132,3.345659711538774e-05,1.4941181641437481e-05,2.1433787077471886e-05,3.1610810728212751e-05,4.4748908237675314e-05,5.9808904448994134e-05
2050,7.9000000000000004,10238.866625079268,2.5859901094216915,16.094319908324557,0,0.0030879230966180892,2.1243956417111368e-05,9.4872114613489966e-06,1.3609825200006164e-05,2.0071936279223278e-05,2.8414242280403923e-05,3.7976897503578777e-05
2051,7.9000000000000004,9750.9349990541305,2.7153916856907827,28.982769723950856,0,0.0044111309297769465,3.0347217301164326e-05,1.3552582303725285e-05,1.9441779801561532e-05,2.8672974090178364e-05,4.0590046787932472e-05,5.4250401306455871e-05
2052,7.9000000000000004,10344.419220424423,2.5596031309195615,6.590288239227335,0,0.0043325084795368023,2.9806319145981187e-05,1.3311025831073956e-05,1.9095256338675925e-05,2.8161917058652893e-05,3.986658403322555e-05,5.328346118494822e-05
2053,7.9000000000000004,9920.9002022972636,2.6688715020046003,15.560123420652269,0,0.0027648502174661867,1.90213148714814e-05,8.4946152644754983e-06,1.2185901975708354e-05,1.7971916932567832e-05,2.5441412072131035e-05,3.4003577821111521e-05
2054,7.9000000000000004,12726.150863314795,2.0805668664881907,28.225613811895688,0,0.0048575793591321848,3.3418644496387483e-05,1.4924232608267867e-05,2.14094729384135e-05,3.1574951939235514e-05,4.4698145804808498e-05,5.9741058201644265e-05
2055,7.9000000000000004,9976.7587134712976,2.6539288545077251,6.3618060426439955,0,0.0038630550127610017,2.6576624404240539e-05,1.186869576934307e-05,1.7026169958463603e-05,2.5110403217034142e-05,3.5546798816115619e-05,4.7509876276059115e-05
2056,7.9000000000000004,9722.8568441795996,2.7232333303347103,15.027829865132025,0,0.0024466163079728252,1.6831963941360077e-05,7.5168861245102222e-06,1.0783306203273901e-05,1.5903351572169262e-05,2.2513108768176421e-05,3.0089770324989383e-05
2057,7.9000000000000004,12639.929396610458,2.0947591551613507,27.786450900203331,0,0.0042863310094240015,2.9488632425219523e-05,1.3169152018157413e-05,1.8891732067912179e-05,2.7861756980620188e-05,3.9441671306247913e-05,5.2715546442716122e-05
2058,7.9000000000000004,9826.5931786740202,2.6944849901393475,6.3033728824201161,0,0.0035026677045891298,2.4097271120971183e-05,1.0761456212646376e-05,1.543778575488946e-05,2.2767834811302481e-05,3.223061121403666e-05,4.307764417836755e-05
2059,7.9000000000000004,9635.7191040655853,2.7478600754323756,14.743445688140261,0,0.0021806826403422673,1.5002422509070685e-05,6.6998421565868065e-06,9.6112204297608498e-06,1.4174745170984371e-05,2.0066058298931645e-05,2.6819178628772166e-05
2060,7.9000000000000004,12629.83868046906,2.0964327806568228,27.527890683355714,0,0.0036912163076331795,2.5394427228894302e-05,1.1340745402127797e-05,1.6268801764305396e-05,2.3993427362484074e-05,3.3965585020344489e-05,4.5396513770712338e-05
2061,7.9000000000000004,9798.4454404333683,2.7022253667793841,6.4034871828949207,0,0.0034197264629257569,2.3526661015749473e-05,1.0506630857899341e-05,1.5072227492720865e-05,2.2228705025521814e-05,3.1467408095979192e-05,4.2057589295226448e-05
2062,7.9000000000000004,12735.782571520031,2.0789933932566118,14.963809719334751,0,0.0026114141364975427,1.7965722062036059e-05,8.0232043839569846e-06,1.1509642180364264e-05,1.6974560734316219e-05,2.4029534300960642e-05,3.2116540437739247e-05
2063,7.9000000000000004,12570.549516441351,2.106320633756869,27.680488174819949,0,0.0033459276523487859,2.3018948010445402e-05,1.0279894342891385e-05,1.4746963915716323e-05,2.1749002333118062e-05,3.0788331183074119e-05,4.1149972823742063e-05
2064,7.9000000000000004,9662.8258342329773,2.7401516159319872,6.4763455839107671,0,0.0032005486237339973,2.2018785230732065e-05,9.8332376278894595e-06,1.4106215067611613e-05,2.0804018113178366e-05,2.9450592252310431e-05,3.9362025295217032e-05
2065,7.9000000000000004,12535.862418397295,2.112148884570161,15.533692639534541,0,0.0023919851030359865,1.6456118138087464e-05,7.3490393947157774e-06,1.0542522632442622e-05,1.5548241023739359e-05,2.2010407034818547e-05,2.9417887118877296e-05
2066,7.9000000000000004,12356.423915191379,2.142821256851704,28.297645916055203,0,0.003135330943641673,2.1570107750705495e-05,9.6328654350935537e-06,1.3818772278968799e-05,2.0380093980959667e-05,2.8850476606574719e-05,3.8559944066251207e-05
2067,7.9000000000000004,12566.887994461504,2.1069343369505713,6.9673983157883432,0,0.0035976798667059088,2.4750925427749411e-05,1.105336778077742e-05,1.5856545833370759e-05,2.3385427284977701e-05,3.3104887712997369e-05,4.4246153571057451e-05
2068,7.9000000000000004,12254.575376693305,2.1606303776547002,16.316057814749918,0,0.0020614709516253169,1.4182282939439958e-05,6.3335809304698474e-06,9.0858024726193149e-06,1.339985235636543e-05,1.896910422984575e-05,2.53530507680782e-05
2069,7.9000000000000004,11953.546444683274,2.2150420334811698,29.228093784289467,0,0.0027387195638607425,1.8841544051750606e-05,8.4143324890885019e-06,1.2070732777252117e-05,1.7802063993329363e-05,2.5200964787901848e-05,3.3682209340542067e-05
2070,7.9000000000000004,9298.294221653463,2.8475768988340833,11.812944122289375,0,0.0023680747383584165,1.6291622219881518e-05,7.2755781462596499e-06,1.0437139216616454e-05,1.5392820276134991e-05,2.1790390255351025e-05,2.9123824915829637e-05
2071,7.9000000000000004,13403.858212956726,1.9753721207337518,23.547303535366279,0,0.0027040017312775586,1.8602696094979437e-05,8.3076668083411044e-06,1.1917716132084463e-05,1.7576393177846423e-05,2.4881500579887896e-05,3.325523122991425e-05
2072,7.9000000000000004,9149.1921749488592,2.8939831318267006,12.804817591084992,0,0.0020084818755497988,1.3817734475145567e-05,6.170779411733668e-06,8.8522564805939747e-06,1.3055415877475276e-05,1.8481512926981533e-05,2.4701363323810808e-05
2073,7.9000000000000004,12945.107637885185,2.0453756403425656,23.771939351747612,0,0.0027117798079709949,1.8656206858400095e-05,8.3315638601925702e-06,1.195199751179429e-05,1.7626951774961924e-05,2.4953072360896595e-05,3.3350890095798937e-05
2074,7.9000000000000004,13633.567273444838,1.9420894981547014,11.566478083432116,0,0.0026433093463446673,1.8185151246865509e-05,8.1211979514636287e-06,1.1650218294844671e-05,1.7181884103335701e-05,2.4323025489641177e-05,3.2508804453817235e-05
2075,7.9000000000000004,13168.976093255409,2.0106048971949724,22.929441039707303,0,0.0022623954950433639,1.5564581691690559e-05,6.950893464344057e-06,9.9713646543023881e-06,1.4705890268007715e-05,2.0817958128769782e-05,2.7824126164903171e-05
2076,7.9000000000000004,12287.745634847066,2.1547978458354851,5.9141716763854051,0,0.002005184340791923,1.3795048455290686e-05,6.160648197784921e-06,8.837722805291379e-06,1.3033981435791447e-05,1.8451169894267749e-05,2.4660808512179818e-05
2077,7.9000000000000004,13514.726226745739,1.9591671617989177,21.976407639178078,0,0.0020404867219448648,1.403791792553582e-05,6.2691098221867421e-06,8.9933158112058491e-06,1.3263451899541904e-05,1.8776012961847197e-05,2.5094975707647172e-05
2078,7.9000000000000004,12617.526846559555,2.0984784218123176,5.8895980608022542,0,0.0016156292148281407,1.1115029601485516e-05,4.9637946038859988e-06,7.1207832947381539e-06,1.0501818094627483e-05,1.4866587835591831e-05,1.9869855296109489e-05
2079,7.9000000000000004,12475.371429253817,2.1223903411849387,14.826049215854834,0,0.0010712663145285267,7.3699811118638799e-06,3.2913157936099748e-06,4.7215383373231974e-06,6.963382354581463e-06,9.8575060503242957e-06,1.3174994892341424e-05
2080,7.9000000000000004,12347.992052844042,2.1442844885897387,28.261865144651637,0,0.001480212912287447,1.0183407297649152e-05,4.5477469701464778e-06,6.5239445299293912e-06,9.6215930013466083e-06,1.3620523245019021e-05,1.8204434597150426e-05
2081,7.9000000000000004,9221.3800719778246,2.8713281111363909,10.910664272645311,0,0.0010121327830162853,6.9631606934370844e-06,3.1096362956563492e-06,4.4609110476662497e-06,6.5790060474839587e-06,9.3133751122433153e-06,1.2447739713051322e-05
2082,7.9000000000000004,12655.56292482161,2.0921714807495273,14.996456974154542,0,0.0010479772427722728,7.2097594969128174e-06,3.2197633806848941e-06,4.6188932306428685e-06,6.8120000987196675e-06,9.6432062421157782e-06,1.2888573675436964e-05
2083,7.9000000000000004,12383.262785568004,2.1381770122007748,28.352235985287347,0,0.0013803275525154986,9.496226897325471e-06,4.2408631843788691e-06,6.0837061418604678e-06,8.972324054601915e-06,1.2701404884871441e-05,1.697599206426421e-05
2084,7.9000000000000004,9863.6577328661642,2.6843599546158443,6.103013834810608,0,0.0012777640657504765,8.7906218111076822e-06,3.9257512283140581e-06,5.631664078927015e-06,8.3056469041323561e-06,1.1757643116563138e-05,1.571461252124684e-05
2085,7.9000000000000004,9278.9343343407018,2.8535181810858417,22.367375160551841,0,0.00091209697839225018,6.2749452790340663e-06,2.8022902891402442e-06,4.0200095834535643e-06,5.9287591879512393e-06,8.3928723988125483e-06,1.121744693048308e-05
2086,7.9000000000000004,12488.703708791681,2.1201245895123115,27.956079134957278,0,0.0011818730520968118,8.1309212774117058e-06,3.6311395118591465e-06,5.2090305180371445e-06,7.6823417713347001e-06,1.0875279660862825e-05,1.4535294551499521e-05
2087,7.9000000000000004,10063.349096554091,2.6310930456749588,5.796352475767141,0,0.0011868483413796621,8.165149729798732e-06,3.6464253917307919e-06,5.2309587899987144e-06,7.7146818544039454e-06,1.0921060941896939e-05,1.4596483268068399e-05
2088,7.9000000000000004,9714.1172136148325,2.7256833783138963,14.367154808749817,0,0.00068656157057374583,4.723331387010924e-06,2.1093643194685421e-06,3.0259765778441695e-06,4.4627471815642997e-06,6.3175559093626583e-06,8.4436942176866496e-06
2089,7.9000000000000004,12722.123795158954,2.0812254502835565,27.289657794410338,0,0.0010405092363866746,7.1583819213662917e-06,3.1968189764500636e-06,4.5859784661489476e-06,6.7634570024007442e-06,9.5744876451324551e-06,1.2796728216794373e-05
2090,7.9000000000000004,9826.8637250816519,2.69441080744435,5.4169770615960138,0,0.00096395245503375191,6.6316949296218976e-06,2.9616089822986887e-06,4.2485593078708517e-06,6.2658271104059487e-06,8.8700326229357365e-06,1.1855192774468098e-05
2091,7.9000000000000004,9758.0693389409953,2.7134064028916147,13.544334552892627,0,0.00058611468680380382,4.0322878751500405e-06,1.8007553298202337e-06,2.5832633083681699e-06,3.8098282495206434e-06,5.3932705555996211e-06,7.2083457682181966e-06
2092,7.9000000000000004,9615.2359620396946,2.7537137859824412,26.846249610040577,0,0.00072881372941609309,5.0140131795590454e-06,2.2391781629787236e-06,3.2122002881422119e-06,4.7373921819116337e-06,6.7063489720951564e-06,8.9633334235393228e-06
2093,7.9000000000000004,12664.16041742338,2.0907511395477032,5.2057618953833131,0,0.001449273472691393,9.9705535167152061e-06,4.4526898729458142e-06,6.3875809122118343e-06,9.420482273956081e-06,1.3335826798509384e-05,1.782392514481194e-05
2094,7.9000000000000004,9665.4680379060592,2.7394025535341786,13.009054014857194,0,0.00065443869551701618,4.5023359359114893e-06,2.0106712824743701e-06,2.884397043391858e-06,4.2539439565259946e-06,6.0219698063263796e-06,8.0486302554766581e-06
2095,7.9000000000000004,9705.9947370952996,2.7279643706119265,26.254151233659545,0,0.00088885710539456163,6.1150621363344272e-06,2.7308890325139254e-06,3.9175813171812306e-06,5.7776967309691577e-06,8.1790253044191189e-06,1.093163078571056e-05
2096,7.9000000000000004,12370.506661218482,2.140381841202196,5.2235863874972566,0,0.0015701961978847984,1.0802464488416699e-05,4.824208019122729e-06,6.9205401541026212e-06,1.0206497067345946e-05,1.4448525367529828e-05,1.9311096229335662e-05
2097,7.9000000000000004,9680.8402226118214,2.7350526622987044,12.912622939253554,0,0.00082797703975037013,5.6962261029395059e-06,2.5438435529228616e-06,3.6492562891098395e-06,5.3819677053261733e-06,7.6188232264737506e-06,1.0182895813808971e-05
2098,7.9000000000000004,9799.4055667976827,2.7019606080856784,26.081699342836572,0,0.0012271128907508997,8.4421573835625251e-06,3.7701325833701257e-06,5.408422237614922e-06,7.9764071124507706e-06,1.1291564553984506e-05,1.5091677810372249e-05
2099,7.9000000000000004,12234.849032209495,2.1641139792111717,5.3004944903542999,0,0.0015760700019377494,1.0842874444688021e-05,4.8422544598498013e-06,6.9464285729260374e-06,1.024467762333084e-05,1.4502574541115451e-05,1.9383335351715144e-05
2100,7.9000000000000004,12727.688042020323,2.0803155873028403,12.992529896471023,0,0.0011751976161831165,8.0849963417256208e-06,3.6106301694538024e-06,5.179608957630171e-06,7.6389504950291216e-06,1.0813854085340305e-05,1.445319654013267e-05
2101,7.9000000000000004,9856.9683458866366,2.6861816833562306,26.086737454777751,0,0.0016047647669638705,1.1040285558417438e-05,4.9304151086479154e-06,7.0728989298427854e-06,1.0431197648969556e-05,1.4766616092708634e-05,1.9736238619118329e-05
2102,7.9000000000000004,11868.964255567131,2.2308271601478231,5.4011800611648519,0,0.0015080412909216918,1.0374857940805466e-05,4.633245768033872e-06,6.646596343773607e-06,9.8024813930660808e-06,1.3876592540802407e-05,1.8546682590386054e-05
2103,7.9000000000000004,12526.314739778205,2.1137587849410577,13.053902309104025,0,0.0011311233925653302,7.7817793067289513e-06,3.4752182869769778e-06,4.9853546123969601e-06,7.3524618162853661e-06,1.0408294869967342e-05,1.3911148626207729e-05
2104,7.9000000000000004,9912.0022619609044,2.6712673306941661,26.081030610256889,0,0.0013530646808327875,9.3086667671955703e-06,4.1571018274393851e-06,5.9635467640384413e-06,8.7951115379419833e-06,1.2450539232776503e-05,1.664069897206205e-05
2105,7.9000000000000004,11701.548086317614,2.2627440086412656,5.5290796691336084,1,0.004584710341105005,3.1541389997109932e-05,1.4085880747073612e-05,2.0206820047894786e-05,2.9801264780894609e-05,4.2187278096499402e-05,5.6385171929453845e-05
2106,7.9000000000000004,12275.752179452858,2.1569030913202241,13.164146075991166,1,0.0032655675004882013,2.2466095005243162e-05,1.0032999025257839e-05,1.4392781643150558e-05,2.1226649995619465e-05,3.004887856291092e-05,4.0161661536481109e-05
2107,7.9000000000000004,9966.0386720644528,2.6567835722293101,26.051641311362133,0,0.0012833443602522296,8.8290125123915708e-06,3.9428959020310672e-06,5.6562588730190673e-06,8.3419196065779432e-06,1.1808991493775794e-05,1.5783241909253606e-05
2108,7.9000000000000004,9880.1879549796449,2.6798688390131336,26.107060159807673,1,0.0039308364979478531,2.7042940070836506e-05,1.2076944894405879e-05,1.7324912555453849e-05,2.5550992444489851e-05,3.6170505910484039e-05,4.8343488524499046e-05
2109,8,12580.240584417423,2.9729650154485356,6.6353948229227306,1,0.018237307872091914,0.00010365119441971923,4.966888915869511e-05,6.9502640976793262e-05,0.00010373943651480438,0.00013738308402985025,0.00017939308353086459
2110,8,14016.114010133741,2.6684011785547663,20.703802560667807,1,0.020320261546603813,0.00011548959939694114,5.5341765654921142e-05,7.74408072032039e-05,0.00011558791996399669,0.0001530741389653027,0.0001998822634659387
2111,8,14042.864506872449,2.6633180947587527,31.541426950892284,1,0.020355508181774347,0.0001156899225948783,5.5437759056347526e-05,7.7575132633639072e-05,0.0001157884137044807,0.00015333965465848311,0.00020022897048057464
2112,8,15818.606612501677,2.3643432104721906,39.923019213147214,1,0.022941389570899196,0.00013038670221226207,6.2480347633278878e-05,8.7429963569072547e-05,0.00013049770523387575,0.0001728193038843979,0.00022566524864694041
2113,8,13111.059815776476,2.8526004509867966,6.5943054880108436,0,0.0058807911277453592,3.3423300675670141e-05,1.6016199580443742e-05,2.2411779045341813e-05,3.3451755167611063e-05,4.4300465141644053e-05,5.7846983853444137e-05
2114,8,14414.473098572527,2.5946571121703119,20.567770481419313,0,0.0064646292981349286,3.6741527473897737e-05,1.76062694292985e-05,2.4636794657828675e-05,3.6772806895028163e-05,4.8698564301071352e-05,6.3589965789362374e-05
2115,8,13529.346169458517,2.7644066960033826,31.248835341365393,0,0.0060668230268357609,3.4480607416123661e-05,1.6522853185279928e-05,2.3120749271835452e-05,3.4509962032394527e-05,4.5701858165451009e-05,5.9676905037370604e-05
2116,8,12089.314368381556,3.0936919997064991,39.780431825957365,0,0.0058596791392428087,3.3303311319773301e-05,1.5958701564606795e-05,2.2331320955392892e-05,3.3331663660338046e-05,4.4141426860839376e-05,5.7639313689431806e-05
2117,8,13769.154465840844,2.716260844933073,6.4778279763585633,0,0.00503941541406378,2.8641366944524769e-05,1.3724732146940642e-05,1.9205284174237994e-05,2.8665750399432714e-05,3.7962315279608918e-05,4.9570708388670343e-05
2118,8,14532.540123466966,2.5735772841944398,19.939276054368374,0,0.0053173746090999334,3.0221139724998001e-05,1.4481747631118417e-05,2.0264590639550206e-05,3.0246868098897838e-05,4.0056203901567089e-05,5.2304881515702873e-05
2119,8,13815.880126811879,2.7070743810824687,30.421668442176262,0,0.0050547470392602661,2.8728503778270012e-05,1.3766487476063107e-05,1.9263713217005473e-05,2.8752961415987056e-05,3.8077809626003448e-05,4.9721519437034883e-05
2120,8,12922.341872785524,2.8942598417214613,39.542290046183446,0,0.0053265998733575473,3.0273571238785325e-05,1.4506872426460184e-05,2.029974825349794e-05,3.0299344249571895e-05,4.0125698547574615e-05,5.239562674044588e-05
2121,8,14057.1543192598,2.6606106964448712,6.1314314753844243,0,0.0047688259842985515,2.7103480004784277e-05,1.2987788049227056e-05,1.8174063989713541e-05,2.7126554199665584e-05,3.5923943682893555e-05,4.6909028686989973e-05
2122,8,14304.693256406423,2.614569531342366,18.765094763061668,0,0.0048523127162873351,2.75779743517311e-05,1.3215162246474564e-05,1.849223311864631e-05,2.7601452501197928e-05,3.6552855844525944e-05,4.7730254187509242e-05
2123,8,13295.875330219869,2.8129486938247608,29.136389781819002,0,0.0045111018278428975,2.5638712461526317e-05,1.2285882227913215e-05,1.7191873545662572e-05,2.566053964562735e-05,3.3982487208550008e-05,4.4373899519284176e-05
2124,8,12314.449971683533,3.0371324118738312,39.345345272092977,0,0.0050898494314310424,2.8928007175427554e-05,1.3862088034992277e-05,1.939748893530683e-05,2.8952634657764727e-05,3.8342238725247103e-05,5.0066807591130347e-05
2125,8,13923.802607289645,2.6860920251640303,5.5290280806899439,0,0.0047546085990545347,2.7022675920519035e-05,1.2949067327025937e-05,1.8119881331331392e-05,2.7045681323895078e-05,3.5816842994274244e-05,4.6769177970175935e-05
2126,8,13620.347610687008,2.7459369035525194,16.905795858446126,0,0.00464998506350588,2.6428051182038481e-05,1.2664127530702762e-05,1.7721159541911558e-05,2.6450550359383971e-05,3.5028705618045795e-05,4.5740038209877454e-05
2127,8,12924.831136329321,2.8937024204728368,27.140946839324897,0,0.0044130184898883429,2.5081258740672042e-05,1.2018754509537924e-05,1.6818076542756631e-05,2.5102611343804506e-05,3.3243617658578811e-05,4.3409093059796079e-05
2128,8,15429.062639287566,2.4240367686475226,38.214179061568714,0,0.0065862643929676381,3.7432836901319272e-05,1.7937539816650918e-05,2.5100347742835971e-05,3.7464704859731582e-05,4.9614851100174674e-05,6.4786441435913267e-05
2129,8,13605.535114061082,2.7489264354436131,4.8754195831532723,0,0.0046679824916277934,2.6530339027064887e-05,1.2713143112870831e-05,1.7789747997731681e-05,2.6552925285835703e-05,3.5164281668926516e-05,4.5917071692508729e-05
2130,8,13218.996768038851,2.829308138861701,14.910866921619309,0,0.0045356030785728618,2.5777964588032557e-05,1.2352610821590039e-05,1.7285248162404825e-05,2.579991032261877e-05,3.4167057070038291e-05,4.4614908496576115e-05
2131,8,13346.678130084149,2.8022414850250859,24.697793033308656,0,0.0045802637431672337,2.6031792140939583e-05,1.247424311595329e-05,1.7455450593534349e-05,2.6053953968308753e-05,3.4503489392167739e-05,4.5054217543191617e-05
2132,8,15528.531820405082,2.408509418401874,37.112345694842617,0,0.0062178642433353519,3.5339045657479853e-05,1.6934210469662502e-05,2.3696369506833712e-05,3.536913109397274e-05,4.6839663607124123e-05,6.1162636909538993e-05
2133,8,13053.429007276965,2.8651946643712485,4.2505527222630874,0,0.0045146840499576835,2.5659071913890583e-05,1.2295638327574909e-05,1.7205525445344765e-05,2.5680916430746354e-05,3.4009472371341626e-05,4.4409136401589996e-05
2134,8,15144.807070751636,2.469533944452067,13.359185404712212,0,0.0050375803846223746,2.8630937609519242e-05,1.3719734486399549e-05,1.9198290850807677e-05,2.8655312185548594e-05,3.7948491857549369e-05,4.955265793998721e-05
2135,8,14658.408935620053,2.5514784931750025,23.123841122926816,0,0.0048736810147245752,2.7699420437484046e-05,1.3273358316532325e-05,1.8573668009419918e-05,2.7723001978495051e-05,3.6713824928360436e-05,4.7940445569556937e-05
2136,8,14517.531294287637,2.5762379556994826,36.178334231044502,0,0.0054375327825312916,3.0904055113760555e-05,1.4808995656952662e-05,2.0722515155986468e-05,3.0930364878786735e-05,4.0961364934827647e-05,5.3486829278742704e-05
2137,8,12525.88691007393,2.9858656246783966,3.8426885729644393,0,0.0043578877858274521,2.4767925031267708e-05,1.186860730313848e-05,1.6607972641565954e-05,2.4789010881825507e-05,3.2828313700245547e-05,4.2866794433920198e-05
2138,8,14387.058340076457,2.599601270762629,12.854558781222574,0,0.0046203640472205583,2.6259701020960272e-05,1.2583455373114472e-05,1.7608273425458102e-05,2.6282056875587634e-05,3.4805568157302302e-05,4.5448668152081076e-05
2139,8,14026.183206957898,2.6664855714165854,23.00379985930072,0,0.0045032486171366418,2.5594078973105649e-05,1.2264494188908521e-05,1.7161944847410608e-05,2.5615868159067335e-05,3.3923328350568964e-05,4.4296650635068721e-05
2140,8,13177.937267786734,2.838123629167979,36.05746883246335,0,0.0045805802068663174,2.6033590752918422e-05,1.2475104997569961e-05,1.7456656641214954e-05,2.6055754111512483e-05,3.450587333826705e-05,4.5057330469682875e-05
2141,8,12379.859415741812,3.0210856107009971,3.7562910065359496,0,0.0043339627620169663,2.4631947873242541e-05,1.1803448050243449e-05,1.6516794033850172e-05,2.4652917961416943e-05,3.2648084601761004e-05,4.263145356974143e-05
2142,8,14703.930954147996,2.5435793503129913,12.764779384557887,0,0.0045491252653031243,2.585481753231514e-05,1.2389438186604607e-05,1.7336781409314192e-05,2.5876828694655033e-05,3.4268920773215328e-05,4.4747920824417229e-05
2143,8,14485.228086473357,2.5819831707257968,23.269228799360846,0,0.0044805501278908566,2.5465072787634102e-05,1.2202675374732335e-05,1.7075440580452456e-05,2.5486752145859131e-05,3.3752338834063825e-05,4.4073374699505625e-05
2144,8,15274.594855402862,2.4485503869302079,36.698821812159181,0,0.0051492527021670832,2.9265623889879736e-05,1.4023871478609382e-05,1.9623875649166737e-05,2.9290538797811816e-05,3.8789728266599096e-05,5.0651133741892134e-05
2145,8,12316.491190451667,3.0366290662712112,3.7924188390994114,0,0.0043481404023048339,2.4712526068236956e-05,1.1842060527969263e-05,1.6570825223636341e-05,2.4733564755608735e-05,3.2754885888479082e-05,4.2770913331361399e-05
2146,8,14533.145706621952,2.5734700455358022,12.804479719753227,0,0.0043288594792029247,2.4602943517838392e-05,1.1789549376699423e-05,1.6497345350101724e-05,2.4623888913532386e-05,3.2609641168301048e-05,4.2581254623352972e-05
2147,8,13783.357164051449,2.7134619453193789,23.640183392855114,0,0.004107249394867449,2.3343429224504704e-05,1.1185999401423098e-05,1.5652786151099801e-05,2.3363302349100851e-05,3.094023485835369e-05,4.0401365099674284e-05
2148,8,14039.256716663354,2.6640025108314762,37.002291963434594,0,0.0045775482635273188,2.6016358793535805e-05,1.2466847569516635e-05,1.7445101861812733e-05,2.6038507481925566e-05,3.4483033469058459e-05,4.5027506459007146e-05
2149,8,12519.104292169901,2.9874833111495946,3.7513971296660062,0,0.0044499125491583788,2.5290945024259056e-05,1.2119234632665196e-05,1.6958680329982585e-05,2.5312476141079449e-05,3.3521543527925677e-05,4.377200512460529e-05
2150,8,14870.280169043999,2.5151251165567854,12.605260136773062,0,0.0042473295686906651,2.4139570707289946e-05,1.1567504537803624e-05,1.6186633695785957e-05,2.4160121616573656e-05,3.1995469897770909e-05,4.1779277590922024e-05
2151,8,14469.191711025822,2.5848448130588251,23.535586567302989,0,0.0041345730430807663,2.3498722362783547e-05,1.1260414729827748e-05,1.5756916964993251e-05,2.3518727694171432e-05,3.1146066063530443e-05,4.067013686909758e-05
2152,8,14357.575039718246,2.6049395555959287,37.049571143788043,0,0.0045124168596848372,2.5646186405711116e-05,1.2289463686934225e-05,1.7196885150808704e-05,2.5668019952657238e-05,3.3992393447525091e-05,4.4386834960124531e-05
2153,8,12803.588769082293,2.9211040605828176,3.6042418890686232,0,0.0045900296973781958,2.6087296649922704e-05,1.2500840467965725e-05,1.7492668784622684e-05,2.6109505730333066e-05,3.4577057098399723e-05,4.5150281318163947e-05
2154,8,15296.561246299469,2.4450341839050114,11.988969792801001,0,0.0044077853302881657,2.5051516234434186e-05,1.2004502119549558e-05,1.6798132896719817e-05,2.5072843516671137e-05,3.3204195853006674e-05,4.3357616567549022e-05
2155,8,15161.544594672738,2.4668077127537633,22.568738383451237,0,0.0043683513386583647,2.4827394321165348e-05,1.189710454897157e-05,1.6647849390966096e-05,2.4848530800128955e-05,3.2907136472109799e-05,4.296972020674756e-05
2156,8,14994.825416472671,2.4942347846419159,36.553435219410275,0,0.0045385058576213472,2.5794462446029049e-05,1.236051647366449e-05,1.7296310694849682e-05,2.5816422225851905e-05,3.4188923934420635e-05,4.4643461969926945e-05
2157,8,12850.478955070346,2.9104452273074131,3.412991172763868,0,0.0046470281591795646,2.641124570464253e-05,1.265607446967716e-05,1.7709890737259247e-05,2.6433730574863605e-05,3.5006431023660512e-05,4.5710952327875367e-05
2158,8,12484.787008688643,2.995695090142132,11.501164630082052,0,0.0036108778391782557,2.0522316317709348e-05,9.8341428689804276e-06,1.3761107057446319e-05,2.0539787724556259e-05,2.7201028632108528e-05,3.551875717439158e-05
2159,8,15025.929824289031,2.4890715969498078,21.273790383374685,0,0.0042122965328397098,2.3940461494703964e-05,1.1472092869218676e-05,1.6053122295410788e-05,2.3960842894951452e-05,3.1731563265175338e-05,4.1434671667129545e-05
2160,8,14902.245188171837,2.5097302232742984,35.87676210364495,0,0.0043238830102746003,2.4574659905364933e-05,1.1775996077860789e-05,1.6478379955884369e-05,2.4595581222173629e-05,3.2572153033881919e-05,4.2532303094300057e-05
2161,8,12497.736946945115,2.9925910028487888,3.2360171836273635,0,0.0045483508890758959,2.5850416388163524e-05,1.2387329190733775e-05,1.7333830250443623e-05,2.5872423803646635e-05,3.4263087335789026e-05,4.474030359603079e-05
2162,8,14818.407984979431,2.5239293709087844,10.46372063320478,0,0.0040843019383408818,2.3213008040931164e-05,1.1123502530575389e-05,1.5565333066275959e-05,2.3232770133150439e-05,3.0767369851611927e-05,4.0175640172817569e-05
2163,8,14588.985179641842,2.5636200656087733,20.246926262914521,0,0.0038794757852695389,2.2048884719488015e-05,1.0565663206643665e-05,1.4784737669223954e-05,2.2067655750471607e-05,2.9224398224644297e-05,3.8160847449848733e-05
2164,8,14664.393222490122,2.5504372786484746,35.385877745393984,0,0.0042872520550991892,2.4366468966039027e-05,1.1676232512692883e-05,1.6338778862123727e-05,2.4387213042201663e-05,3.229620914850955e-05,4.2171979078952711e-05
2165,8,14785.878344404842,2.5294821364164473,3.0142684815693577,0,0.0052326490125956917,2.9739604328590806e-05,1.425099941481434e-05,1.9941700180241228e-05,2.9764922753599322e-05,3.9417959275460097e-05,5.1471469801787211e-05
2166,8,14552.551159850176,2.5700383893227898,9.9658847152391825,0,0.0037260499595793356,2.117689362304133e-05,1.0147811493894471e-05,1.420002965451569e-05,2.1194922295756142e-05,2.8068629333151181e-05,3.6651659133411248e-05
2167,8,14463.976861036794,2.5857767543965724,19.598375019139887,0,0.0035610550507769023,2.0239149988372776e-05,9.6984516489801962e-06,1.3571231698703207e-05,2.0256380325251338e-05,2.682570962266092e-05,3.5028670386138038e-05
2168,8,14608.271507408366,2.5602354888072609,35.096758785470065,0,0.0043080329359344357,2.4484576481401164e-05,1.1732828764402017e-05,1.6417975096019844e-05,2.4505421106859537e-05,3.2452753169042969e-05,4.237639226963131e-05
2169,8,14446.965980869598,2.5888214309443267,2.8840570184550822,0,0.0051528489781872671,2.9286063217195446e-05,1.4033665853759671e-05,1.9637581108483282e-05,2.9310995525882768e-05,3.8816819298572706e-05,5.0686508866829088e-05
2170,8,14295.215761151401,2.6163029483639235,9.6385512256411037,0,0.0035458884922700247,2.0152951306226271e-05,9.6571458751960228e-06,1.351343172744922e-05,2.0170108258978881e-05,2.6711458736707379e-05,3.4879483032599768e-05
2171,8,14186.357477681622,2.6363790142916215,19.316731690720367,0,0.00337888938476063,1.920381686808563e-05,9.2023276411309917e-06,1.2876995741717352e-05,1.9220165787589727e-05,2.5453441238687181e-05,3.3236779786422877e-05
2172,8,14172.232423726749,2.639006616966272,35.012237483534349,0,0.0044230754722546914,2.5138417299481332e-05,1.2046144470047914e-05,1.6856403846304972e-05,2.5159818563808771e-05,3.3319377702945726e-05,4.3508019562017144e-05
2173,8,16836.261577654721,2.221432291895332,6.1969148083196677,0,0.0048710184131695675,2.7684287621096016e-05,1.3266106782345537e-05,1.8563520796835699e-05,2.770785627898078e-05,3.6693767340051067e-05,4.7914254625887129e-05
2174,8,16889.350423837554,2.21444959130055,14.430609333389654,0,0.003775893981800327,2.1460180634157413e-05,1.0283560543714836e-05,1.4389985935648946e-05,2.1478450479581443e-05,2.844410829864318e-05,3.7141954790232821e-05
2175,8,16659.05066386945,2.2450628128837016,27.181702090283313,0,0.0042697711375765278,2.4267116693571818e-05,1.1628623635279893e-05,1.6272158835580132e-05,2.428777618747061e-05,3.2164524012864627e-05,4.200002630394156e-05
2176,8,16915.59952493741,2.2110132773161184,6.0276448491442229,0,0.0047941449859930209,2.7247379794465549e-05,1.305674376887556e-05,1.8270555067070106e-05,2.7270576496559581e-05,3.6114673727137976e-05,4.7158081552563657e-05
2177,8,11376.221583274411,3.2876131033159641,14.389967907795373,0,0.0022785413323151518,1.2950021586825004e-05,6.2055549904628153e-06,8.6835535859448609e-06,1.2961046419125461e-05,1.7164432246163149e-05,2.2413097285156114e-05
2178,8,16852.610096982047,2.2192773064925126,27.236062764686082,0,0.0045655791827518945,2.5948332880545804e-05,1.2434250052902039e-05,1.7399487523896687e-05,2.5970423655960069e-05,3.4392869435997059e-05,4.4909771411576205e-05
2179,8,11317.294765926456,3.304731026004796,5.9476345745340566,0,0.003158872699283282,1.7953358609556546e-05,8.6031172510513961e-06,1.2038509008539112e-05,1.796864296770014e-05,2.3796038128485887e-05,3.1072563888284702e-05
2180,8,16922.721924833026,2.2100827106610907,14.333995661066069,0,0.0040479482460679395,2.3006392917027727e-05,1.1024494084554843e-05,1.5426788625399702e-05,2.3025979110150891e-05,3.0493514609634481e-05,3.9818043481446515e-05
2181,8,16834.638381581226,2.2216464824286839,27.355360781209374,0,0.0052630818650249173,2.9912568536137874e-05,1.4333882589496238e-05,2.0057680215843139e-05,2.9938034211972916e-05,3.9647212362147874e-05,5.1770825566147197e-05
2182,8,11676.385093219793,3.2030988053928193,5.9752419117629323,0,0.0049338233456617505,2.8041237578508666e-05,1.3437154573634249e-05,1.8802871292270158e-05,2.8065110121093061e-05,3.716688186871823e-05,4.8532041559119843e-05
2183,8,16863.513849882966,2.2178423474689057,14.823232871129193,0,0.0045606238156387993,2.5920169199608743e-05,1.2420754224372565e-05,1.738060254899879e-05,2.5942235998239868e-05,3.4355540263222667e-05,4.4861027452616897e-05
2184,8,16628.654007231024,2.2491667171098193,27.948935185669729,0,0.0059716421746078222,3.3939649886179798e-05,1.6263630320123715e-05,2.2758013683520528e-05,3.3968543965299485e-05,4.4984853270245294e-05,5.8740649165943734e-05
2185,8,11917.284062800063,3.1383505626206634,6.196196196332874,0,0.006377901317958355,3.6248611589713541e-05,1.7370067767048796e-05,2.4306273085723232e-05,3.6279471373322519e-05,4.8045235560233969e-05,6.273685743031077e-05
2186,8,16760.549797253087,2.2314670816782209,15.670338752383229,0,0.0047215821335019215,2.6834970990273901e-05,1.2859120506566409e-05,1.799401699904426e-05,2.6857816593501034e-05,3.556805201459424e-05,4.6444309873680417e-05
2187,8,16092.811866232503,2.3240571911411227,28.910309106150979,0,0.0061808015620719277,3.5128401015831293e-05,1.6833271108408746e-05,2.3555123098780746e-05,3.5158307122750589e-05,4.656046749495143e-05,6.079806617780607e-05
2188,8,11655.196241643538,3.2089219578961679,6.5386829118777428,0,0.0062999479633713325,3.5805566027910347e-05,1.7157763596077582e-05,2.4009191737160298e-05,3.5836048630447651e-05,4.7458006768640998e-05,6.1970061544151453e-05
2189,8,16006.49057150648,2.3365905834459761,16.354431157594277,0,0.0045531181231994204,2.5877510820875159e-05,1.2400312643386742e-05,1.7351998247829173e-05,2.5899541302850854e-05,3.4298999287858681e-05,4.4787196966221751e-05
2190,8,15189.349099306148,2.4622921560942532,29.602376182946681,0,0.0058917656004277962,3.3485673763279302e-05,1.6046088304758872e-05,2.2453602917598981e-05,3.3514181355736409e-05,4.4383136713198852e-05,5.7954935339948371e-05
2191,8,15492.939958262737,2.4140424763895276,6.698582775019891,0,0.0076628832628719825,4.3551768082557995e-05,2.0869686583623532e-05,2.920335764476945e-05,4.3588845313377987e-05,5.7725106282000752e-05,7.5376709485026438e-05
2192,8,15023.766434959616,2.4894300177863071,16.432501436457684,0,0.0041719509549817783,2.3711158608342772e-05,1.136221261448351e-05,1.589936472151184e-05,2.3731344794562917e-05,3.1427636833052583e-05,4.1037808398190348e-05
2193,8,14348.141139537869,2.6066523028782709,29.634701011450346,0,0.0056034664402319582,3.1847134099745456e-05,1.5260912162932328e-05,2.1354890697268192e-05,3.1874246742789781e-05,4.2211356315088105e-05,5.5119052122445959e-05
2194,8,14376.076665909821,2.6015870680550428,6.7504373966757001,0,0.0064090254487200893,3.6425504657010277e-05,1.7454833622393648e-05,2.4424887592931166e-05,3.6456515036229388e-05,4.827969610132835e-05,6.3043013022392951e-05
2195,8,14129.337454305298,2.6470183237079272,16.265739557258232,0,0.0038289278858113147,2.1761597243123674e-05,1.0427997163332668e-05,1.4592098901878681e-05,2.1780123695654039e-05,2.8843616896198964e-05,3.7663628034931937e-05
2196,8,13816.110775071335,2.707029188770075,29.35203142121372,0,0.0054353156041805498,3.0891453846846179e-05,1.4802957222633275e-05,2.0714065457600395e-05,3.0917752883947808e-05,4.094466275477972e-05,5.3465019784497883e-05
2197,8,13879.305339712066,2.6947036777400233,6.9806085626792358,0,0.0054921457491897783,3.1214446278106629e-05,1.4957732817426815e-05,2.0930645952536267e-05,3.1241020290610048e-05,4.137276873631985e-05,5.402403512942786e-05
2198,8,13652.61235550407,2.7394475261960198,16.355091745320703,0,0.0036014414113970769,2.0468684662344724e-05,9.8084429746317309e-06,1.3725144696291998e-05,2.0486110410579991e-05,2.712994327456038e-05,3.5425934818753636e-05
2199,8,13584.025577703131,2.7532792050088855,29.269124108456641,0,0.0053754433723042713,3.0551171805764486e-05,1.4639896574120713e-05,2.0485891526131915e-05,3.0577181148180077e-05,4.0493640492031137e-05,5.287608065107476e-05
2200,8,13396.598181896265,2.7917994281519052,7.2483648551850592,0,0.0053446406050390366,3.0376105198298808e-05,1.4556005944878266e-05,2.036850173980257e-05,3.040196550003707e-05,4.026160080759792e-05,5.2573086182825965e-05
2201,8,13189.317133340748,2.8356748696909655,16.649257916247475,0,0.0035079937556307056,1.9937577702707916e-05,9.5539404302346777e-06,1.3369014344465674e-05,1.9954551299946804e-05,2.6425994685515078e-05,3.4506727705826985e-05
2202,8,13213.485724001919,2.830488178865755,29.41421275128285,0,0.0052716678126547359,2.9961366512971817e-05,1.4357266220684501e-05,2.0090401384984226e-05,2.9986873732329208e-05,3.9711890985384159e-05,5.1855282089618223e-05
2203,8,12557.22737999456,2.9784134675289318,7.2897935719946387,0,0.0050419463035536998,2.8655751179325999e-05,1.3731624966343011e-05,1.9214929430259527e-05,2.8680146880064995e-05,3.7981380670504471e-05,4.9595603733578534e-05
2204,8,12444.407624877635,3.005415466191514,16.792405537218052,0,0.0033314263018659001,1.8934061854495645e-05,9.0730630248859686e-06,1.2696113254388601e-05,1.8950181121580472e-05,2.5095898077636488e-05,3.2769904474886566e-05
2205,8,12436.703029024133,3.0072773351679478,29.559860547507032,0,0.004993850052354587,2.8382397572595061e-05,1.3600635930762099e-05,1.9031633929472539e-05,2.8406560557299358e-05,3.7619067802489562e-05,4.9122500199361878e-05
2206,8,15375.298908352645,2.4325130435728264,7.180320139128745,0,0.0058481450872410554,3.3237757879821218e-05,1.592728883886659e-05,2.2287364518351422e-05,3.3266054412318201e-05,4.4054539933970833e-05,5.7525857845580746e-05
2207,8,15321.994059361336,2.4409756979737276,16.80879859196823,0,0.0038851064724625506,2.2080886561922917e-05,1.0580998253901652e-05,1.4806196298599146e-05,2.2099684837258479e-05,2.9266814637045112e-05,3.8216234261599487e-05
2208,8,15117.413203614031,2.474008922006425,29.699745269278221,0,0.0057494853988186599,3.2677028488302441e-05,1.5658591443228379e-05,2.1911371035574431e-05,3.2704847651131277e-05,4.33113286902963e-05,5.6555382057683779e-05
2209,8,14867.324270913268,2.5156251697940131,7.143392534936595,0,0.0053142184032005683,3.0203201523066103e-05,1.4473151776835698e-05,2.0252562293754271e-05,3.0228914625511239e-05,4.0032427952653518e-05,5.2273835184055872e-05
2210,8,14825.071427859457,2.5227949373056746,16.830100917616182,0,0.0035325533440201153,2.0077161389558674e-05,9.6208279051872427e-06,1.346261128686193e-05,2.0094253819552328e-05,2.6611004009210495e-05,3.4748310527278777e-05
2211,8,14613.39768417865,2.5593373937870054,29.774038115597993,0,0.0052233469074017009,2.9686736091637344e-05,1.422566534494705e-05,1.9906249724386632e-05,2.9712009507960543e-05,3.9347885780595419e-05,5.1379968723569843e-05
2212,8,14831.871111711123,2.5216383598336169,7.1864278709328291,0,0.0049576970207145443,2.8176922897403623e-05,1.3502173979366962e-05,1.8893854209136419e-05,2.8200910953917972e-05,3.7346724152945844e-05,4.8766877326162429e-05
2213,8,14714.309937622016,2.5417851942734844,16.937776751457093,0,0.0032789559528597152,1.8635848193561994e-05,8.9301612343813328e-06,1.2496148004337383e-05,1.8651713580328596e-05,2.4700634784547965e-05,3.2253774694757974e-05
2214,8,14565.118987280792,2.5678207762023426,29.902685538167866,0,0.0048690615236893246,2.7673165698200533e-05,1.3260777238787262e-05,1.8556063063055554e-05,2.7696724887581022e-05,3.6679025936671423e-05,4.7895005488873483e-05
2215,8,14694.257316377887,2.5452538592551366,7.1336804132970189,0,0.0045642026226397885,2.5940509242275778e-05,1.2430501023050265e-05,1.7394241433633492e-05,2.5962593357137448e-05,3.4382499699691683e-05,4.4896230741817917e-05
2216,8,14569.478109999851,2.5670524957052994,16.920521391153052,0,0.0030169977712035485,1.7147016694575793e-05,8.2167241426708765e-06,1.149782162972792e-05,1.7161614584026663e-05,2.2727283063165424e-05,2.9676997119195356e-05
2217,8,14487.801655549107,2.5815245150787725,29.933144672000665,0,0.0045002481832096264,2.5577026096524643e-05,1.2256322576015098e-05,1.7150510150827838e-05,2.5598800764741836e-05,3.3900725844255412e-05,4.4267136569841937e-05
2218,8,14492.95021790863,2.5806074388624958,6.9112798626653582,0,0.0045297537834947362,2.5744720294213902e-05,1.2336680400777409e-05,1.7262956415254775e-05,2.5766637726703331e-05,3.4122993867131941e-05,4.4557371326731401e-05
2219,8,14406.950121322458,2.5960119823032834,16.673722363595363,0,0.0029602212516955445,1.6824329042249394e-05,8.0620945956983772e-06,1.1281445502343716e-05,1.6838652215768058e-05,2.22995810467715e-05,2.9118509266814606e-05
2220,8,14343.720495592257,2.6074556566332872,29.807065338794107,0,0.0044414198827581056,2.5242677208506293e-05,1.2096105050763338e-05,1.6926314656940616e-05,2.5264167233150075e-05,3.3457567599576533e-05,4.36884661711792e-05
2221,8,14300.850936887977,2.6152720078304394,6.7329431928162222,0,0.0044912984800482359,2.552616072599484e-05,1.2231948264990466e-05,1.7116402704156561e-05,2.5547892090640977e-05,3.3833307021801631e-05,4.4179101929089685e-05
2222,8,14208.137350031693,2.6323376683373221,16.439216577841325,0,0.0028921660234058561,1.6437539185533348e-05,7.8767477443814197e-06,1.1022086054579492e-05,1.6451533070542547e-05,2.1786915624201077e-05,2.8449077279434128e-05
2223,8,14102.123016575926,2.6521265698389804,29.661206511793416,0,0.0043467267843084779,2.4704491812588968e-05,1.1838210571820791e-05,1.6565437905246578e-05,2.4725523660101787e-05,3.2744236992197809e-05,4.2757008138057676e-05
2224,8,14073.538563851165,2.6575132454225017,6.6302101170756851,0,0.0044421050050702376,2.5246571080698076e-05,1.2097970965646176e-05,1.6928925667864996e-05,2.5268064420339258e-05,3.3462728680194274e-05,4.3695205444597797e-05
2225,8,13966.698805098029,2.677842177691061,16.233421595785408,0,0.0028164515245859994,1.6007218093593126e-05,7.670541045675387e-06,1.073353701734647e-05,1.6020845630342428e-05,2.1216552310350126e-05,2.7704304119571358e-05
2226,8,13788.235774355371,2.7125018570512078,29.459067210164619,0,0.0042311024384280799,2.4047344297256306e-05,1.152331032119946e-05,1.6124791870411609e-05,2.4067816690786394e-05,3.1873229640817217e-05,4.1619657818361363e-05
2227,8,15655.160127802492,2.3890279523221172,11.637600688202143,0,0.0042796297396826477,2.4323147764099053e-05,1.1655473311707074e-05,1.6309730109121184e-05,2.4343854959320354e-05,3.2238789643025675e-05,4.2097001419102446e-05
2228,8,13925.729287456546,2.6857203936232663,16.117411862835542,0,0.0028772981642784948,1.6353038152386158e-05,7.8362554714975427e-06,1.096542443093032e-05,1.6366960098540786e-05,2.1674914864321161e-05,2.8302828111899845e-05
2229,8,13764.311614451275,2.7172165373044592,29.321521400063602,0,0.0042486742027197351,2.4147212894620886e-05,1.1571166617701452e-05,1.6191758115290364e-05,2.4167770309981296e-05,3.2005599132365223e-05,4.1792504216605333e-05
2230,8,14121.401015441159,2.648505987649727,6.7611824996150141,0,0.0048125337244533288,2.7351891640109141e-05,1.3106825075763565e-05,1.8340634812183076e-05,2.7375177317002472e-05,3.6253197549777467e-05,4.7338964198060112e-05
2231,8,14025.143730716707,2.6666831985106234,16.267336851621309,0,0.0029140556746712781,1.6561948364508943e-05,7.9363637068935446e-06,1.1105507828433294e-05,1.6576048163653162e-05,2.1951812100165246e-05,2.8664397000165966e-05
2232,8,13897.208663857653,2.6912321782046988,29.367323949561062,0,0.0043137663323654461,2.4517162068721615e-05,1.1748443537910913e-05,1.643982515176913e-05,2.4538034435495567e-05,3.2495943298265013e-05,4.2432789390965087e-05
2233,8,14383.290723859411,2.6002822206296394,6.9369506495467945,0,0.0049355046213463523,2.8050793058631062e-05,1.3441733489349737e-05,1.8809278657935606e-05,2.8074673736149071e-05,3.7179547051555244e-05,4.8548579593759688e-05
2234,8,14200.696448813134,2.6337169643904828,16.462969625686384,0,0.0029368673931732766,1.6691598085075256e-05,7.9984908983486485e-06,1.1192443613705324e-05,1.670580825982136e-05,2.2123654581621686e-05,2.8888786726512246e-05
2235,8,14047.963038443953,2.6623514769399326,29.446173192785842,0,0.0042061878558896986,2.3905743011765933e-05,1.1455456027834829e-05,1.6029842040239488e-05,2.392609485488492e-05,3.1685546118093069e-05,4.1374583061835264e-05
2236,8,14602.513990537536,2.5612449450577159,6.9867962613586583,0,0.0050432892599616627,2.8663383831947498e-05,1.3735282477278281e-05,1.9220047456325916e-05,2.8687786030645945e-05,3.7991497267446169e-05,4.9608813857175815e-05
2237,8,14344.023794214951,2.607400523030559,16.57183629895389,0,0.0029231861746501255,1.6613841288349144e-05,7.9612304138984108e-06,1.1140304294360129e-05,1.6627985265858556e-05,2.2020592879358434e-05,2.8754210066703622e-05
2238,8,14130.750693233011,2.6467535911810685,29.540861233986774,0,0.0039425339727283673,2.2407274043937161e-05,1.073740073201788e-05,1.5025053322956215e-05,2.2426350185006774e-05,2.9699420543025139e-05,3.8781125550621339e-05
2239,8,16429.561991104441,2.2764219255296574,12.147257685889613,0,0.0045067470760411605,2.5613962359766933e-05,1.2274022161390725e-05,1.7175277524301199e-05,2.5635768473191018e-05,3.3949682518466192e-05,4.4331063572268075e-05
2240,8,14457.141786153901,2.5869992628293019,16.630878802395344,0,0.002855199748255838,1.6227442465150032e-05,7.7760709429634989e-06,1.0881207051602702e-05,1.6241257487051275e-05,2.1508445746913042e-05,2.8085454855975448e-05
2241,8,14127.835472522369,2.6472997378926424,29.587008543431971,0,0.0036031563937671813,2.0478431713407129e-05,9.8131136897310903e-06,1.3731680518617687e-05,2.0495865759667434e-05,2.7142862372527814e-05,3.5442804412540827e-05
2242,8,16614.505297767519,2.2510820799716704,12.121054482200712,0,0.0048423444708032438,2.7521320126340949e-05,1.3188013958825506e-05,1.8454243992624614e-05,2.7544750043970494e-05,3.6477764262118282e-05,4.7632200554411336e-05
2243,8,16105.57960287011,2.3222147892606007,23.388453412489728,0,0.0037601136136101083,2.1370493383014271e-05,1.0240583073354598e-05,1.4329846726918214e-05,2.1388686874364548e-05,2.8325233535750333e-05,3.6986729637005696e-05
2244,8,14199.555379665995,2.6339286085645446,29.613248529936417,0,0.0034870980201239269,1.9818817414251607e-05,9.4970313744653332e-06,1.3289380397774667e-05,1.9835689906464886e-05,2.6268585455648083e-05,3.430118473580657e-05
2245,8,16692.916289304307,2.2405081589825397,12.128748323239655,0,0.0053349864837531477,3.0321236288404136e-05,1.4529713167268956e-05,2.0331709745590183e-05,3.0347049878210218e-05,4.0188875547644215e-05,5.2478122463487384e-05
2246,8,16179.219263817668,2.3116452366177866,23.400737666413118,0,0.0039652716182938964,2.2536502773182109e-05,1.0799326187531641e-05,1.5111706815208592e-05,2.2555688931448124e-05,2.9870705027186873e-05,3.9004786651198257e-05
2247,8,14352.301097091036,2.6058967750460105,29.686354520954009,0,0.0037383529493157448,2.1246817297634978e-05,1.0181318403895885e-05,1.42469165242548e-05,2.1264905498959924e-05,2.8161308728850915e-05,3.6772678709378398e-05
2248,8,16817.698714209087,2.22388424117739,12.309342239832342,0,0.0058829460459769245,3.3435548089057315e-05,1.6022068450758394e-05,2.2419991469523784e-05,3.3464013007674185e-05,4.4316698311285154e-05,5.7868180919865822e-05
2249,8,14699.528522158733,2.5443411390385391,17.067400779971166,0,0.0033421315771355094,1.8994904966651737e-05,9.1022185962295459e-06,1.2736911211457693e-05,1.9011076031728071e-05,2.5176541763768366e-05,3.2875207974401467e-05
2250,8,14429.100310136368,2.5920268304687788,29.819934062737108,0,0.0040679044677471724,2.3119813506714791e-05,1.1078844395991377e-05,1.5502842071464924e-05,2.3139496258980524e-05,3.0643846407458205e-05,4.0014344830734015e-05
2251,8,14916.345639151561,2.5073577703396648,7.7138134541320591,0,0.0061068078761926832,3.4707860112826765e-05,1.6631751004226947e-05,2.3273132104260957e-05,3.4737408197722697e-05,4.6003067201217145e-05,6.0070219964714241e-05
2252,8,14653.568365887157,2.5523213329024879,17.493321507409288,0,0.0032872132572264205,1.8682778336228824e-05,8.9526498131900003e-06,1.2527616709305262e-05,1.8698683676361468e-05,2.4762837712064865e-05,3.2334998486250962e-05
2253,8,14407.774337415605,2.5958634739491329,30.105111541696768,0,0.0043434910151139341,2.4686101415046012e-05,1.1829398028730872e-05,1.6553106342595475e-05,2.4707117606133283e-05,3.271986168668271e-05,4.2725179174184572e-05
2254,8,16553.771257532961,2.2593410626221693,13.025595707734691,0,0.0053905006823150433,3.0636749577347366e-05,1.4680904812134702e-05,2.0543275149805693e-05,3.0662831775284776e-05,4.0607068400414421e-05,5.3024193370970555e-05
2255,8,14632.689098606406,2.5559632198404882,17.921526852100136,0,0.0031825697064588824,1.8088039841849736e-05,8.6676555058778581e-06,1.2128818641600174e-05,1.8103438859107227e-05,2.397454955960799e-05,3.1305661844271356e-05
2256,8,14340.59806269535,2.6080233878592725,30.451819016343308,0,0.0044647513171195011,2.5375280718632076e-05,1.2159647676425915e-05,1.7015231086781403e-05,2.5396883633548028e-05,3.3633325141747193e-05,4.3917968134004184e-05
2257,8,16512.488832036419,2.2649895799376223,13.344643003045332,0,0.0052812747070878551,3.0015967010459761e-05,1.4383430377044886e-05,2.0127013396985672e-05,3.0041520713239921e-05,3.9784260481717051e-05,5.1949781257346265e-05
2258,8,14683.740671792581,2.5470767959860061,18.049246069321278,0,0.0031272398764852446,1.7773574406269539e-05,8.5169659846280938e-06,1.19179558687098e-05,1.7788705707472016e-05,2.3557745570009402e-05,3.0761404496650522e-05
2259,8,14328.399855774653,2.6102436782796508,30.644233393831712,0,0.0044771302286109628,2.544563589225227e-05,1.2193361357583626e-05,1.7062407295414209e-05,2.5467298703129436e-05,3.3726576462038391e-05,4.4039734521827648e-05
2260,8,16763.392025259596,2.2310887371149253,13.325685712291728,0,0.005423749355855564,3.082571742005292e-05,1.4771456810946154e-05,2.0669986319910885e-05,3.0851960493303328e-05,4.0857533290459317e-05,5.3351247238327397e-05
2261,8,14844.28036265306,2.5195303665575861,17.839783394083113,0,0.0032592478901094335,1.8523838007733446e-05,8.8764867780886739e-06,1.242104029549747e-05,1.8539608036086439e-05,2.4552172387582522e-05,3.2059914385331327e-05
2262,8,14493.686613899343,2.5804763232242043,30.597664906155796,0,0.0046312176867157953,2.6321387356760082e-05,1.2613015011019271e-05,1.7649636800711717e-05,2.6343795727246422e-05,3.4887329482891681e-05,4.5555431050982533e-05
2263,8,15456.562626782128,2.4197239739832894,7.7193833994430925,0,0.0062712135100474325,3.5642254620935767e-05,1.7079505972354262e-05,2.3899684324824972e-05,3.5672598190432653e-05,4.724154785687419e-05,6.1687412250653693e-05
2264,8,15099.271127469197,2.4769814931899692,17.682548176978834,0,0.0034466533614895198,1.9588951405257524e-05,9.386881275510886e-06,1.313524522562035e-05,1.960562820403634e-05,2.5963912640192011e-05,3.3903346849005176e-05
2265,8,14748.513971187676,2.5358904101432689,30.493810693095142,0,0.0048478200969148373,2.7552440683752331e-05,1.3202926700789324e-05,1.8475111682002146e-05,2.7575897095463313e-05,3.6519012587116747e-05,4.7686062092490868e-05
2266,8,15724.632611906964,2.3784730662055948,7.6034770314875546,0,0.0060485940551978194,3.4377003600441681e-05,1.6473206999663493e-05,2.3051278400366159e-05,3.4406270014952728e-05,4.5564537878932982e-05,5.9497593954031855e-05
2267,8,15368.175030939772,2.4336406286434502,17.470140567457921,0,0.0035481109644878582,2.0165582660676103e-05,9.6631987272408574e-06,1.3521901600838447e-05,2.0182750366967893e-05,2.6728200795875216e-05,3.4901344600492086e-05
2268,8,15081.092350456371,2.479967251328917,30.303482074855815,0,0.0050638813001504758,2.8780418077137575e-05,1.3791364425823696e-05,1.9298524015819266e-05,2.8804919911417166e-05,3.8146618736439671e-05,4.9811369498149316e-05
2269,8,15808.402564956381,2.3658693526888963,7.4522328045587898,0,0.0057428130023669862,3.2639106122418813e-05,1.5640419324727918e-05,2.1885942437324732e-05,3.2666893000535106e-05,4.3261064999578905e-05,5.6489748369729333e-05
2270,8,15479.855740874362,2.4160829254140266,17.137017467759954,0,0.0035746991751201382,2.0316695961435597e-05,9.7356111082833271e-06,1.3623229651598538e-05,2.0333992316068864e-05,2.6928491891530163e-05,3.5162882165375322e-05
2271,8,15224.215445420077,2.4566530391981627,29.937239257730948,0,0.0051810280442139735,2.944621809705959e-05,1.4110410892933892e-05,1.9744971931890536e-05,2.9471286751519058e-05,3.9029094433860297e-05,5.0963695038220445e-05
2272,8,15770.6794326736,2.3715284622368564,7.3543050928346361,0,0.00538719316937272,3.0617951426357378e-05,1.4671896876595346e-05,2.0530670170706329e-05,3.0644017620733648e-05,4.0582152643567415e-05,5.2991658692623125e-05
2273,8,15355.050248188718,2.4357207914582122,16.86322117495606,0,0.0034968792614563176,1.987440880713264e-05,9.5236703606018999e-06,1.3326656848301273e-05,1.9891328626354587e-05,2.634226832097605e-05,3.4397398884061546e-05
2274,8,15060.36086694201,2.4833810739219686,29.561860330820799,0,0.0051446955462700625,2.9239723430491983e-05,1.4011460169181723e-05,1.9606508262905161e-05,2.9264616288405125e-05,3.8755398850441373e-05,5.0606306826964169e-05
2275,8,15494.603080618081,2.4137833637173061,7.1287329549006504,0,0.0053131964217315716,3.0197393121920537e-05,1.4470368433775317e-05,2.0248667507768162e-05,3.0223101279458966e-05,4.0024729285338311e-05,5.2263782362207351e-05
2276,8,15048.005520752959,2.4854200838655345,16.51108600154209,0,0.0034399608964503091,1.9550914980156214e-05,9.3686545006731552e-06,1.3109740145696694e-05,1.9567559397119657e-05,2.5913497771215889e-05,3.3837515754403555e-05
2277,8,14711.267101576888,2.5423109297899908,29.236038104395533,0,0.0050442275356925173,2.866871649403119e-05,1.3737837849683187e-05,1.9223623238547513e-05,2.8693123232622082e-05,3.7998565372809046e-05,4.961804329924811e-05
2278,8,15056.865355908998,2.4839576006915105,6.8983158987881321,0,0.0051566190583274924,2.9307490355034713e-05,1.4043933580439374e-05,1.9651948937785587e-05,2.9332440905436902e-05,3.8845219610742492e-05,5.0723593633191366e-05
2279,8,14604.522879432581,2.560892639366521,16.155971843083627,0,0.0033344638663207176,1.8951325761322074e-05,9.081335761919136e-06,1.2707689455943553e-05,1.8967459725809243e-05,2.5118780291155561e-05,3.2799783778224277e-05
2280,8,14153.821892050122,2.6424392950999276,28.956766827782605,0,0.0048474359989358912,2.7550257674364585e-05,1.3201880618764709e-05,1.8473647879114253e-05,2.7573712227598945e-05,3.6516119146632692e-05,4.7682283874713092e-05
2281,8,16364.195980662615,2.2855149857404986,11.721723974221616,0,0.0049828885750078265,2.8320098343587963e-05,1.3570782598945238e-05,1.8989859582625382e-05,2.8344208290654627e-05,3.7536494125827238e-05,4.9014676542762962e-05
2282,8,15763.129305450855,2.3726643624287083,22.807702945065209,0,0.0048000038847136935,2.7280678670299693e-05,1.3072700344988113e-05,1.8292883413839176e-05,2.7303903720958198e-05,3.6158809275043946e-05,4.7215713189588598e-05
2283,8,16086.726921793597,2.3249362859967566,11.832081450885317,0,0.0054199147697925323,3.0803923664728615e-05,1.4761013403867105e-05,2.0655372657614746e-05,3.0830148184149123e-05,4.0828647050066165e-05,5.3313527953072342e-05
2284,8,15327.095481996022,2.4401632512390545,22.963202768015492,0,0.0051641681123475768,2.9350395178016733e-05,1.4064493255694425e-05,1.9680718490559069e-05,2.9375382254881454e-05,3.8902087232326825e-05,5.0797850650065898e-05
2285,8,15751.97804306991,2.374344037373342,11.762728284575477,0,0.0057875401335459164,3.2893311436173371e-05,1.5762232639307767e-05,2.2056398173558049e-05,3.2921314728674402e-05,4.359799801975192e-05,5.6929711221480943e-05
2286,8,14987.599723115072,2.4954372837777772,22.873100396242108,0,0.005506635516795636,3.1296798439387495e-05,1.4997195366734979e-05,2.0985866663992707e-05,3.1323442561331391e-05,4.1481921302835147e-05,5.4166565162297362e-05
2287,8,15219.567634888115,2.4574032614214794,11.365580885479984,0,0.0056420467706207022,3.2066404254855367e-05,1.5365984806725151e-05,2.1501920887830377e-05,3.2093703570691886e-05,4.2501984998272595e-05,5.5498551359976917e-05
2288,8,14600.116058351749,2.5616656055281459,22.41960939036866,0,0.0054031014943240604,3.0708365915929425e-05,1.4715222834255894e-05,2.0591297024482656e-05,3.0734509083504418e-05,4.0701991314872002e-05,5.31481425051928e-05
2289,8,14779.008614293827,2.5306579162032596,10.97520822968125,0,0.005066561190490009,2.8795649153815925e-05,1.3798663045618092e-05,1.9308737116208429e-05,2.8820163954874374e-05,3.8166806562531607e-05,4.9837730504658897e-05
2290,8,14389.801962141046,2.5991056195073612,21.907996722097078,0,0.0049253370730806927,2.7993006101836387e-05,1.3414042405152187e-05,1.8770529986164606e-05,2.8016837583180975e-05,3.7102954105515431e-05,4.8448565499129153e-05
2291,8,14590.456432332667,2.5633615587596372,10.776282031118178,0,0.0046076766699607169,2.6187592691361442e-05,1.2548901592520686e-05,1.7559921649372922e-05,2.6209887157501073e-05,3.4709993139956981e-05,4.5323867510203151e-05
2292,8,14343.979097457521,2.6074086478575618,21.578718458034203,0,0.0045300488545167838,2.5746397321551948e-05,1.2337484019929469e-05,1.726408093513742e-05,2.5768316181756773e-05,3.41252166605015e-05,4.456027382203811e-05
2293,8,14561.016533568265,2.568544239832244,10.843281128225918,0,0.0045017773955687967,2.5585717329280109e-05,1.2260487350756e-05,1.715633800098654e-05,2.5607499396665169e-05,3.3912245522023255e-05,4.4282178818533962e-05
2294,8,14370.060233573553,2.6026762960963623,21.596578652923149,0,0.0044420375619108289,2.5246187769516558e-05,1.2097787285750399e-05,1.6928668641020482e-05,2.5267680782830754e-05,3.3462220625535039e-05,4.3694542033286533e-05
2295,8,14377.97999187684,2.6012426755725877,11.026168274429349,0,0.0042865072797490513,2.4362236057587978e-05,1.1674204134131005e-05,1.6335940512618854e-05,2.4382976530119105e-05,3.2290598696833846e-05,4.2164653022522888e-05
2296,8,14191.636272492664,2.6353983730467805,21.875899603500997,0,0.0042302037249194223,2.4042236485880481e-05,1.1520862695598137e-05,1.6121366860384289e-05,2.4062704530941844e-05,3.1866459560806256e-05,4.1610817534002528e-05
2297,8,14086.417873900644,2.6550834625383937,11.489658048866234,0,0.0039903892709799204,2.2679258201789533e-05,1.0867733537779746e-05,1.5207430548615976e-05,2.269856589303137e-05,3.0059918293410074e-05,3.9251858927326163e-05
2298,8,13864.288052092043,2.697622481794534,22.535242114562539,0,0.0039279819108979565,2.2324567835292196e-05,1.0697768525819772e-05,1.4969595207319592e-05,2.234357356550771e-05,2.9589798709184505e-05,3.863798275444779e-05
2299,8,13836.676588349894,2.7030056606865513,12.282839001805423,0,0.003531580823968805,2.0071634100902782e-05,9.6181792691620185e-06,1.3458904999045602e-05,2.0088721825311191e-05,2.6603677938670536e-05,3.4738744237559715e-05
2300,8,13403.858212956726,2.7902872851374876,23.547303535366279,0,0.0034303009853550287,1.9496013164052843e-05,9.3423459546509346e-06,1.3072926086437958e-05,1.9512610841069836e-05,2.5840728896169665e-05,3.3742495083031981e-05
2301,8,13474.778707793181,2.7756014369102835,12.377833518821998,0,0.003058768277057972,1.7384418116632844e-05,8.3304851560801438e-06,1.165700962458881e-05,1.7399218114693997e-05,2.3041943590695873e-05,3.008787683337378e-05
2302,8,12945.107637885185,2.8891698848406722,23.771939351747612,0,0.0029429825736986253,1.6726353530889414e-05,8.0151454520705695e-06,1.1215748654095193e-05,1.6740593294231881e-05,2.2169720720651851e-05,2.8948939304868886e-05
2303,8,13633.567273444838,2.7432743311610701,11.566478083432116,0,0.0023223319076893403,1.3198904013644546e-05,6.3248176168170289e-06,8.8504400946195825e-06,1.3210140728759238e-05,1.7494310117312864e-05,2.2843847613058834e-05
2304,8,13168.976093255409,2.8400549046902626,22.929441039707303,0,0.0022337875874947925,1.2695665015234513e-05,6.0836691942417319e-06,8.5129964247436519e-06,1.2706473304378846e-05,1.6827298743322269e-05,2.1972872645687067e-05
2305,8,13737.002633572833,2.7226183281054945,10.717208123526174,0,0.0019308108270906976,1.0973705649435897e-05,5.2585189453280814e-06,7.3583476602238759e-06,1.0983047970889838e-05,1.4544950820831825e-05,1.8992611761334946e-05
2306,8,13514.726226745739,2.7673971722329647,21.976407639178078,0,0.0018919742486838637,1.0752979116371032e-05,5.152748415942883e-06,7.2103409048020491e-06,1.0762133525164366e-05,1.4252391801040164e-05,1.8610591914817382e-05
2307,8,13990.978445881912,2.6731951084098267,10.591422886817814,0,0.0016557009307023986,9.4101267726999881e-06,4.5092634605818483e-06,6.3098999127852911e-06,9.4181379616311806e-06,1.2472526191164061e-05,1.6286466042400356e-05
2308,8,13900.385035922234,2.6906172056922069,21.790509416742356,0,0.0016450830532692021,9.349780383535985e-06,4.4803459152385972e-06,6.2694350301199965e-06,9.3577401973543243e-06,1.2392540879853078e-05,1.6182022240351659e-05
2309,8,14047.737033456237,2.6623943097970266,10.984077241338634,0,0.0017469916100325939,9.9289746212052152e-06,4.7578915291912616e-06,6.6578099965824523e-06,9.9374275244981064e-06,1.3160226105949989e-05,1.7184455843172007e-05
2310,8,13910.605990980001,2.6886402481423435,22.203040213755369,0,0.0017293192336923428,9.8285341982684008e-06,4.7097612180855358e-06,6.5904603177483932e-06,9.8369015929147131e-06,1.3027098695874558e-05,1.7010619764556097e-05
2311,8,14561.734299767671,2.5684176330559447,10.937176496365932,0,0.0018320676396367094,1.0412501693665745e-05,4.9895941419949337e-06,6.9820359614439873e-06,1.042136624143744e-05,1.3801110572341768e-05,1.8021314626951193e-05
2312,8,14165.893621498135,2.6401874913588039,22.111005325445351,0,0.0017838502071031528,1.0138459356440996e-05,4.8582750718326677e-06,6.7982786368593181e-06,1.0147090601836253e-05,1.3437884835740689e-05,1.7547019080546953e-05
2313,8,14844.336447009224,2.5195208473555017,10.432072559485135,0,0.0015737746530494034,8.9445012213493297e-06,4.2861391248810697e-06,5.9976776976306771e-06,8.9521160060286814e-06,1.1855369055582775e-05,1.548059010536762e-05
2314,8,14409.403838719547,2.5955699182293408,21.472977838266004,0,0.0015242852055809611,8.6632294252458198e-06,4.1513557512562443e-06,5.8090727059475236e-06,8.6706047528430247e-06,1.1482561129773055e-05,1.4993782258185938e-05
2315,8,14658.937285915317,2.5513865305457246,9.826808316768977,0,0.0012679850344366485,7.2065550599608287e-06,3.4533281212351455e-06,4.8323090902719103e-06,7.2126902667994734e-06,9.551831649515332e-06,1.2472660262903605e-05
2316,8,14541.231740147025,2.5720389999795636,20.71156583291717,0,0.0012468003172092881,7.0861523525294252e-06,3.3956320303864381e-06,4.7515738301131845e-06,7.0921850560904458e-06,9.3922454974688004e-06,1.2264274695592914e-05
2317,8,14341.099323321007,2.6079322303123051,9.4327047181329409,0,0.0013581822418567951,7.7191881935346696e-06,3.6989781442097927e-06,5.1760519369902573e-06,7.7257598239183576e-06,1.0231294353833787e-05,1.3359894019029094e-05
2318,8,14539.860676191716,2.5722815353135018,20.198091902083487,0,0.0013755526023267394,7.8179121182958452e-06,3.746285922028717e-06,5.2422506290256923e-06,7.824567796007736e-06,1.0362146654447904e-05,1.353075928865118e-05
2319,8,14252.518737451923,2.6241407453911791,9.3720980241755498,0,0.0017089095850782814,9.7125365701441575e-06,4.654176008805223e-06,6.512678855153448e-06,9.7208052117197702e-06,1.2873351197053413e-05,1.680985823635594e-05
2320,8,14631.423057777654,2.5561843845064494,20.079815258042231,0,0.0017475631809560335,9.9322231274719084e-06,4.7594481894747729e-06,6.6599882615414695e-06,9.9406787963383212e-06,1.3164531794966956e-05,1.7190078157119414e-05
2321,8,14191.308751430013,2.6354591953776003,9.4318938686676557,0,0.0020470472041233508,1.1634331625536904e-05,5.5750860487369089e-06,7.8013261545282004e-06,1.1644236362315873e-05,1.5420568651336246e-05,2.0135982386023095e-05
2322,8,14625.666519121272,2.5571904770631892,20.115264241253644,0,0.0021097018098060051,1.1990427205018873e-05,5.745724428412217e-06,8.040103752342837e-06,1.2000635099133943e-05,1.5892550756246005e-05,2.0752290614718502e-05
2323,8,13856.56561834905,2.6991258998458063,9.491035648389639,0,0.0016858561939673306,9.5815133105252535e-06,4.591390627549797e-06,6.4248220521143366e-06,9.589670407154391e-06,1.2699688176700756e-05,1.6583091273477329e-05
2324,8,14563.083166730514,2.5681797401830995,20.144725839281186,0,0.0017655497439155177,1.0034449220672262e-05,4.8084341806224908e-06,6.7285353100722744e-06,1.0042991918392389e-05,1.3300025997718909e-05,1.7367004763505306e-05
2325,8,13542.614764253041,2.7616982240476302,9.5506942451206811,0,0.0015524763170536864,8.8234527650425312e-06,4.2281335959260673e-06,5.9165094347217264e-06,8.8309644966943576e-06,1.1694927004359129e-05,1.5271086915799004e-05
2326,8,14439.162993423746,2.5902204414779995,20.161725603513631,0,0.0016525218576439135,9.39205860595243e-06,4.5006053281164243e-06,6.2977844199190981e-06,9.4000544127850634e-06,1.2448577982130466e-05,1.6255194775679885e-05
2327,8,13460.58228340709,2.7785287705943245,9.6782143216540319,1,0.004768554224231677,2.7101935464563498e-05,1.298704791692606e-05,1.817302830821426e-05,2.7125008344520596e-05,3.5921896492794819e-05,4.6906355492200524e-05
2328,8,14271.329473522535,2.6206819212455192,20.258610369339365,1,0.0050376507995849697,2.863133781085538e-05,1.3719926259933054e-05,1.9198559203236608e-05,2.8655712727590931e-05,3.7949022299037283e-05,4.9553350583734594e-05
2329,8.0999999999999996,16114.028103053975,3.2784957767340983,6.5416399824442149,1,0.020412802223877705,9.591831726590788e-05,4.2728915833477064e-05,6.2655863467478551e-05,8.6891207292362629e-05,0.00012801497878007589,0.0001656865638331346
2330,8.0999999999999996,17696.634533670516,2.9853005655691436,20.462092490953726,1,0.022415564126037301,0.00010532915412370628,4.6921179287231105e-05,6.8803220156840605e-05,9.5416367027376111e-05,0.00014057491639151283,0.00018194257484550701
2331,8.0999999999999996,17268.13253549967,3.0593796389638586,31.320905061818401,1,0.02186379485134388,0.0001027364292362964,4.5766193183936799e-05,6.7109597695721527e-05,9.3067649889027476e-05,0.00013711460108464368,0.00017746397586874746
2332,8.0999999999999996,15818.606612501677,3.3397235531658578,39.923019213147214,1,0.022799289248873523,0.00010713225139920186,4.7724408471398692e-05,6.9981041243910366e-05,9.7049770360537661e-05,0.00014298137499129293,0.00018505719362062114
2333,8.0999999999999996,16735.224689384075,3.1568009430760373,6.4908084657207255,0,0.0066510283192451735,3.1252712757078183e-05,1.3922205591482638e-05,2.0414929695517123e-05,2.8311442694472115e-05,4.1710650003648202e-05,5.3985044095688268e-05
2334,8.0999999999999996,17803.759896371739,2.967337988690991,20.074689744465399,0,0.0070734824755916692,3.3237795028210238e-05,1.4806503978938574e-05,2.1711627211664742e-05,3.0109703965415362e-05,4.4359990317982479e-05,5.7414018558596679e-05
2335,8.0999999999999996,16888.092890161228,3.1282261073312152,30.716979820733304,0,0.0067094128882440813,3.1527057727026492e-05,1.4044418568778328e-05,2.0594137603558481e-05,2.8559968381044687e-05,4.207679764371774e-05,5.4458939767248347e-05
2336,8.0999999999999996,16040.641771278599,3.2934949757827536,39.725370347956925,0,0.0071511585982371173,3.3602789647477961e-05,1.4969098828503412e-05,2.1950049378390257e-05,3.0440348038699806e-05,4.4847121241170674e-05,5.8044499847341593e-05
2337,8.0999999999999996,17260.722338179785,3.0606930606363107,6.2944049025289903,0,0.005500471468807072,2.5846327303360636e-05,1.1513812746403623e-05,1.688336493816616e-05,2.3413865541830029e-05,3.4495153121901363e-05,4.4646208155722469e-05
2338,8.0999999999999996,18102.063091752971,2.9184393410994951,19.2440855557197,0,0.0057669573852373521,2.7098525820679157e-05,1.2071632009485347e-05,1.7701327362567181e-05,2.4548216560915152e-05,3.6166368497569216e-05,4.6809220138056247e-05
2339,8.0999999999999996,17299.262067324933,3.053874372007034,29.582830976581487,0,0.0055111505893026781,2.5896507737021048e-05,1.1536166719945705e-05,1.6916143853495226e-05,2.3459323370819251e-05,3.4562125180349849e-05,4.4732888404728524e-05
2340,8.0999999999999996,16878.350663225159,3.1300317273975979,39.410220364166449,0,0.0061365481511837169,2.8835206750508838e-05,1.2845274577406754e-05,1.8835763894896315e-05,2.6121454154900332e-05,3.8484186185754713e-05,4.9809113213122583e-05
2341,8.0999999999999996,17331.436661966349,3.04820506876798,5.7675369239992751,0,0.0049261418467334388,2.3147592935531993e-05,1.0311602397569158e-05,1.5120494853436646e-05,2.096911573734854e-05,3.089335491819749e-05,3.9984491427891147e-05
2342,8.0999999999999996,17285.71057747144,3.0562685199004989,17.724523983231805,0,0.0049111836987136125,2.3077305653475355e-05,1.0280291387902087e-05,1.5074581721580586e-05,2.0905443365175151e-05,3.0799547758340362e-05,3.986307918279462e-05
2343,8.0999999999999996,16153.309776706201,3.2705231195541078,27.970698025329078,0,0.0045906689745673262,2.1571229581122248e-05,9.6093768059042808e-06,1.409078113530266e-05,1.9541107835412744e-05,2.8789501065079725e-05,3.7261526357303366e-05
2344,8.0999999999999996,16117.999781768736,3.2776879139676764,38.952726494141757,0,0.0054321279486547174,2.5525185924673569e-05,1.1370753283605439e-05,1.6673588631092366e-05,2.3122947572238302e-05,3.4066549827453859e-05,4.4091477703229352e-05
2345,8.0999999999999996,17139.322632697636,3.0823722858948197,5.1336597906286476,0,0.0046641058460801894,2.1916304258451311e-05,9.7630978809204534e-06,1.4316191176732759e-05,1.9853706681741771e-05,2.9250046336879672e-05,3.785759850683847e-05
2346,8.0999999999999996,16899.517291575627,3.1261113658182746,15.82774397971493,0,0.0045984233921463709,2.1607667042152913e-05,9.6256086712032579e-06,1.4114582851685043e-05,1.9574116076902694e-05,2.8838131409456065e-05,3.7324467387599357e-05
2347,8.0999999999999996,16571.946158711369,3.1879039779685758,25.845997927751501,0,0.0045111762857436687,2.119769904556508e-05,9.4429794454208847e-06,1.3846783128415995e-05,1.9202731182023921e-05,2.8290977895094367e-05,3.6616300370366508e-05
2348,8.0999999999999996,15429.062639287566,3.424042945260636,38.214179061568714,0,0.0052363749458421279,2.4605356377333486e-05,1.0960995059840088e-05,1.6072736612684645e-05,2.2289685457662245e-05,3.2838922369628551e-05,4.2502590394161274e-05
2349,8.0999999999999996,16677.593880884564,3.1677095304850411,4.6158062531225195,0,0.0045665960844883382,2.1458112769291155e-05,9.5589864438769446e-06,1.4016890853237791e-05,1.9438636726397989e-05,2.8638532546458997e-05,3.7066131604786009e-05
2350,8.0999999999999996,18534.093868550848,2.8504103549232593,14.149715636701799,0,0.0049445946325166563,2.3234301273847451e-05,1.0350228526504163e-05,1.5177134564826955e-05,2.1047663739579002e-05,3.1009078029339413e-05,4.0134268936928783e-05
2351,8.0999999999999996,18017.155656322764,2.9321927439472093,24.034793892139842,0,0.0047065686941115507,2.2115834185054031e-05,9.8519828580873513e-06,1.4446528323956041e-05,2.0034458353660739e-05,2.9516343953936764e-05,3.8202260807669221e-05
2352,8.0999999999999996,18473.540084727269,2.8597536173217435,36.745469648458695,0,0.0063215447444420923,2.9704492688355844e-05,1.3232517042998795e-05,1.9403599763877929e-05,2.6908929444029977e-05,3.9644356881606307e-05,5.1310692933615931e-05
2353,8.0999999999999996,16017.454782412873,3.2982626640559647,4.1862933798136917,0,0.0044146377668261641,2.0744071357198094e-05,9.2409010534258147e-06,1.3550463975645663e-05,1.8791795516897728e-05,2.7685555067050296e-05,3.5832716847557901e-05
2354,8.0999999999999996,17956.58130836246,2.9420841403387832,13.456019577872977,0,0.0046881773556228037,2.2029414583239397e-05,9.8134853531523633e-06,1.4390077221324615e-05,1.9956171914225179e-05,2.9401006197730997e-05,3.8052982053822866e-05
2355,8.0999999999999996,17509.565147470952,3.01719503808852,23.541080068450999,0,0.0043064081131479123,2.0235507851549343e-05,9.014350298072154e-06,1.3218259590886342e-05,1.8331094180070143e-05,2.7006813526959857e-05,3.4954238761789566e-05
2356,8.0999999999999996,16981.487077871938,3.1110215989786849,36.400949098028292,0,0.00584570818655089,2.7468570279175921e-05,1.2236476420568158e-05,1.7943048190552464e-05,2.4883435220574236e-05,3.6660239062154124e-05,4.7448424374968079e-05
2357,8.0999999999999996,18806.293558566205,2.8091539099671903,3.8389701175399646,0,0.0050954934985348648,2.3943364397423373e-05,1.0666096229269488e-05,1.5640309519590133e-05,2.1689995179602125e-05,3.1955411360716237e-05,4.1359084340647715e-05
2358,8.0999999999999996,17684.948275213013,2.9872732597178437,12.897689631116966,0,0.0044208689675106962,2.0773351329523863e-05,9.2539444585727787e-06,1.3569590269774541e-05,1.881831987864002e-05,2.7724632848466889e-05,3.5883294236132565e-05
2359,8.0999999999999996,17342.662532959686,3.0462319716845201,23.275679166028937,0,0.0039432314508928267,1.8528966342367988e-05,8.2541339953820483e-06,1.2103510762417726e-05,1.6785159511343393e-05,2.4729220661360057e-05,3.2006407661802493e-05
2360,8.0999999999999996,15996.17282868103,3.3026508057798427,36.466665626998648,0,0.0055444469620115136,2.6052965042895209e-05,1.1605864054561121e-05,1.7018345058382558e-05,2.3601056092833428e-05,3.4770937003392405e-05,4.5003148289761902e-05
2361,8.0999999999999996,18806.683084401371,2.8090957265002818,3.689188013674499,0,0.0049840221740797908,2.3419568509535638e-05,1.0432759875531856e-05,1.5298155022182311e-05,2.1215495017686577e-05,3.1256340303337796e-05,4.0454294272516581e-05
2362,8.0999999999999996,17812.315387510571,2.9659127369302922,12.589655843926046,0,0.0042448972818127165,1.994647279548058e-05,8.885593300079278e-06,1.3029455809433888e-05,1.8069260927699721e-05,2.6621060131528972e-05,3.4454967854705254e-05
2363,8.0999999999999996,17430.472186433497,3.0308859402647479,23.144519874288914,0,0.003683720421817408,1.7309542328562514e-05,7.7109148529239014e-06,1.1306957333460557e-05,1.5680498506218393e-05,2.3101746955597843e-05,2.9900009421485888e-05
2364,8.0999999999999996,18090.053300677911,2.9203768614687986,36.694052044037363,0,0.0063367833875541081,2.9776097997058169e-05,1.3264415196510911e-05,1.9450373858477212e-05,2.6973795800102913e-05,3.9739923112701222e-05,5.1434381900325067e-05
2365,8.0999999999999996,18839.673311041683,2.804176707834642,3.6539294165483511,0,0.0048857251914614193,2.2957677924320369e-05,1.0227000595109684e-05,1.4996438371295571e-05,2.0797074097362578e-05,3.0639889607052848e-05,3.9656437657506991e-05
2366,8.0999999999999996,17557.21835517892,3.0090058694550339,12.468986689534539,0,0.0039831954086234555,1.8716754159776215e-05,8.3377881927585938e-06,1.2226177716798999e-05,1.6955274152993787e-05,2.4979846966594616e-05,3.233078697831863e-05
2367,8.0999999999999996,16868.445250884412,3.1318697305115997,23.119360803296729,0,0.0033710551501966841,1.5840350279747828e-05,7.0564310672775787e-06,1.0347250167593121e-05,1.4349575753352068e-05,2.1140926600175316e-05,2.7362169005622082e-05
2368,8.0999999999999996,15767.614544218202,3.3505241350162942,3.6692447132581201,0,0.0040270868356052413,1.8922996878062475e-05,8.4296635300467863e-06,1.2360899800822658e-05,1.7142106859175147e-05,2.5255103642874371e-05,3.2687044763927232e-05
2369,8.0999999999999996,17176.682611357173,3.0756680016376463,19.193741789456379,0,0.003447512319480114,1.6199617123180173e-05,7.2164743536107081e-06,1.0581930830600223e-05,1.4675031105945582e-05,2.1620413090861732e-05,2.7982756297853897e-05
2370,8.0999999999999996,16717.649531298834,3.160119667727749,31.284166813817095,0,0.0044295507945369406,2.0814146622106323e-05,9.2721176154091912e-06,1.3596238613438417e-05,1.8855275825380709e-05,2.7779079263532671e-05,3.595376286028302e-05
2371,8.0999999999999996,15978.733803444778,3.3062552847990823,3.5236666287600387,0,0.0043469221033008015,2.0425880232497953e-05,9.0991558459011599e-06,1.3342614836565097e-05,1.8503550145596402e-05,2.7260889255163971e-05,3.5283082579604526e-05
2372,8.0999999999999996,18330.92824392279,2.8820020666193793,18.591816368283954,0,0.0035281015964437803,1.6578300449028937e-05,7.3851671374183747e-06,1.0829294748547354e-05,1.5018075607792587e-05,2.2125813303299865e-05,2.8636883067685017e-05
2373,8.0999999999999996,17743.172306569697,2.9774705542636224,30.870901922159618,0,0.0046637774364459506,2.1914761084753519e-05,9.7624104403884574e-06,1.4315183143196815e-05,1.9852308739935817e-05,2.9247986778770152e-05,3.7854932872633525e-05
2374,8.0999999999999996,19105.680937763958,2.7651342683952507,7.6782504438877739,0,0.0042292319898114758,1.987286269375332e-05,8.8528020675925954e-06,1.2981372141839256e-05,1.8002578454629809e-05,2.6522818253656039e-05,3.4327815865739617e-05
2375,8.0999999999999996,18777.158529850993,2.8135126514510107,17.215033727316825,0,0.0036143011187556198,1.6983345921894251e-05,7.5656035171644201e-06,1.1093878975724886e-05,1.5385001249826159e-05,2.2666397094715572e-05,2.9336547057923455e-05
2376,8.0999999999999996,18422.195208034544,2.8677240950631218,29.587382191990173,0,0.0053245283325723631,2.5019582921230734e-05,1.1145521348818979e-05,1.6343318108678595e-05,2.2664928117434884e-05,3.3391759447453288e-05,4.3218113504481772e-05
2377,8.0999999999999996,18885.22422850459,2.7974130697531208,7.1410968950262372,0,0.0047049164574660728,2.2108070441643342e-05,9.8485243284946316e-06,1.44414568833699e-05,2.0027425275336475e-05,2.9505982268324431e-05,3.8188849938871007e-05
2378,8.0999999999999996,18180.806130372133,2.9057992645211534,15.912109343542253,0,0.0038788608168841181,1.8226493275332017e-05,8.1193907409998398e-06,1.1905928989394575e-05,1.6511152932440236e-05,2.4325532561298726e-05,3.1483924318080703e-05
2379,8.0999999999999996,18173.900249810904,2.9069034360187329,28.262772488951239,0,0.0059081451905232518,2.7761957355113412e-05,1.236717212115692e-05,1.8134694802972714e-05,2.5149210913464183e-05,3.7051800771857259e-05,4.7955212836971372e-05
2380,8.0999999999999996,18099.165117688859,2.9189066312459304,6.76322145194721,0,0.0053740987475320526,2.5252510803299979e-05,1.1249284176940904e-05,1.6495471503282473e-05,2.2875934580662771e-05,3.3702630808944329e-05,4.3620466480441452e-05
2381,8.0999999999999996,17640.306437612559,2.9948330698719436,15.043571173452307,0,0.0040682465873717374,1.9116403647266688e-05,8.515820812602544e-06,1.2487237172769574e-05,1.7317311639176457e-05,2.5513229141333262e-05,3.3021130097416538e-05
2382,8.0999999999999996,17854.394478636368,2.9589226980086258,27.376346417225363,0,0.006381612461164257,2.9986746650688153e-05,1.3358253254224524e-05,1.9587973992191605e-05,2.7164619788160152e-05,4.0021060060191008e-05,5.1798250372905467e-05
2383,8.0999999999999996,17424.886976094545,3.0318574321035747,6.4704171537241164,0,0.0060254407307093064,2.8313120821748163e-05,1.2612699962424569e-05,1.8494726378776887e-05,2.564850302363092e-05,3.7787397282479933e-05,4.8907276879587025e-05
2384,8.0999999999999996,17244.603895908625,3.063553874645458,14.668575282825751,0,0.0042097557744986639,1.9781345332294332e-05,8.8120336539407754e-06,1.2921591075324276e-05,1.7919674018313041e-05,2.6400676900271967e-05,3.416973138736852e-05
2385,8.0999999999999996,17144.261182686732,3.0814843823884108,27.157205394831646,0,0.0062777051971735932,2.9498493749181539e-05,1.314075030245681e-05,1.9269036921500604e-05,2.6722317574305662e-05,3.9369425559010125e-05,5.0954856245088111e-05
2386,8.0999999999999996,16836.261577654721,3.1378565151395197,6.1969148083196677,0,0.006217601699430495,2.9216071654356672e-05,1.3014939192928774e-05,1.908455286550439e-05,2.6466474921047469e-05,3.8992497986607011e-05,5.0467008378529265e-05
2387,8.0999999999999996,16889.350423837554,3.1279931883865308,14.430609333389654,0,0.0041584497783939212,1.9540262076891916e-05,8.7046378360972124e-06,1.2764110419226924e-05,1.7701279704098623e-05,2.6078921174105352e-05,3.3753291052259239e-05
2388,8.0999999999999996,16659.05066386945,3.1712355132345875,27.181702090283313,0,0.0061525755384663535,2.8910518312412927e-05,1.2878823762605307e-05,1.8884958992086186e-05,2.6189677959523369e-05,3.8584698874820335e-05,4.9939204255839717e-05
2389,8.0999999999999996,16915.59952493741,3.1231392658684087,6.0276448491442229,0,0.0062992725169673525,2.959983706304235e-05,1.3185895901875945e-05,1.9335236506914534e-05,2.6814123218351342e-05,3.9504680873565204e-05,5.1129913793215356e-05
2390,8.0999999999999996,16950.427536610398,3.1167221574755328,14.303626155839902,0,0.0042078244024094805,1.9772269951130246e-05,8.8079908265750504e-06,1.2915662845353811e-05,1.7911452743707069e-05,2.6388564670196861e-05,3.4154054832947894e-05
2391,8.0999999999999996,16852.610096982047,3.1348125173499235,27.236062764686082,0,0.0062755188163487307,2.9488220099962622e-05,1.3136173680334042e-05,1.9262325957618816e-05,2.6713010803613934e-05,3.935571409049981e-05,5.0937109836626939e-05
2392,8.0999999999999996,17317.344720774996,3.0506855371804802,5.9745123537803435,0,0.0065007527388994254,3.0546578408896383e-05,1.3607642575881119e-05,1.9953667878478332e-05,2.7671764395550054e-05,4.076822548896684e-05,5.2765287775000844e-05
2393,8.0999999999999996,16922.721924833026,3.1218248055304083,14.333995661066069,0,0.0042346052795172997,1.9898111402926721e-05,8.8640496582502107e-06,1.2997865130037883e-05,1.8025450945361362e-05,2.6556515810714895e-05,3.4371429765393066e-05
2394,8.0999999999999996,16834.638381581226,3.1381590673095818,27.355360781209374,0,0.0063187031175598839,2.9691140084149441e-05,1.3226568832922178e-05,1.9394877561800799e-05,2.6896833486416635e-05,3.9626536162969196e-05,5.1287628026179644e-05
2395,8.0999999999999996,17593.619201171314,3.0027802965361348,6.1048694346395642,0,0.0066504276299276348,3.1249890160361375e-05,1.3920948203936838e-05,2.041308591593932e-05,2.8308885739310538e-05,4.1706882895663971e-05,5.3980168422673718e-05
2396,8.0999999999999996,16863.513849882966,3.1327855838540835,14.823232871129193,0,0.0042491016022063169,1.9966228600341569e-05,8.8943939561707284e-06,1.3042360716935849e-05,1.8087157464923626e-05,2.6647426721479164e-05,3.4489093468211389e-05
2397,8.0999999999999996,16628.654007231024,3.1770324320335148,27.948935185669729,0,0.0062837507332225801,2.9526901296485892e-05,1.3153405066764635e-05,1.9287593329245053e-05,2.6748051617102172e-05,3.9407338980231631e-05,5.1003926631578915e-05
2398,8.0999999999999996,17655.24619649208,2.9922988608640173,6.3685445786761337,0,0.0067400697857225031,3.1671112325041652e-05,1.4108590845455694e-05,2.0688237098653654e-05,2.869046564469927e-05,4.2269056503482345e-05,5.4707775568686852e-05
2399,8.0999999999999996,16760.549797253087,3.1520310324602474,15.670338752383229,0,0.0042657603408079526,2.0044506837543729e-05,8.9292647118756226e-06,1.309349370886498e-05,1.8158068743698022e-05,2.6751898809397435e-05,3.4624309061172494e-05
2400,8.0999999999999996,16092.811866232503,3.2828180383373264,28.910309106150979,0,0.0061425173121300121,2.8863255416594882e-05,1.2857769470213404e-05,1.8854085873876203e-05,2.6146863091677236e-05,3.8521620635150443e-05,4.9857563678438988e-05
2401,8.0999999999999996,16742.383771361267,3.1554510877002566,6.6424186897933781,0,0.0064535311109569678,3.0324687311284163e-05,1.3508796325192773e-05,1.9808723943754181e-05,2.7470756017708072e-05,4.0472084095310307e-05,5.2381999425533542e-05
2402,8.0999999999999996,16006.49057150648,3.3005219255294178,16.354431157594277,0,0.0041135598551057416,1.9329327494918585e-05,8.610672405338854e-06,1.2626323511101213e-05,1.7510196697121322e-05,2.5797402619516432e-05,3.3388928675218654e-05
2403,8.0999999999999996,15189.349099306148,3.4780801163132331,29.602376182946681,0,0.0058552716563040914,2.7513508348721193e-05,1.225649506816386e-05,1.7972402683314414e-05,2.4924144057295715e-05,3.6720214530690624e-05,4.7526049113813418e-05
2404,8.0999999999999996,15492.939958262737,3.4099256322142857,6.698582775019891,0,0.006012172824739561,2.8250775867816675e-05,1.2584927036823762e-05,1.8454001342800823e-05,2.5592025507447268e-05,3.7704190151849619e-05,4.8799583985427851e-05
2405,8.0999999999999996,19600.579355011407,2.6953169151364755,16.36736974186644,0,0.0048390851297129209,2.273851956521664e-05,1.0129371702659602e-05,1.4853279518876456e-05,2.059854127325199e-05,3.0347395394374329e-05,3.9277869762549645e-05
2406,8.0999999999999996,18915.024841246071,2.7930057467773728,29.509902264823602,0,0.0069073747229402285,3.2457266419526093e-05,1.4458800410144423e-05,2.1201769498016585e-05,2.9402632833769285e-05,4.3318277367567148e-05,5.6065755715454637e-05
2407,8.0999999999999996,18966.492869429792,2.785426564928517,6.9479289834155882,0,0.0068860290748688881,3.2356964725447158e-05,1.4414118823077243e-05,2.1136250320565371e-05,2.9311770780092642e-05,4.3184412224754798e-05,5.5892497431611831e-05
2408,8.0999999999999996,18584.305711666089,2.8427089987479994,16.434264498091764,0,0.0043173391722913608,2.0286872127138474e-05,9.0372316399373493e-06,1.3251811816677549e-05,1.8377624436697398e-05,2.7075365570375797e-05,3.5042963945557633e-05
2409,8.0999999999999996,18300.872473636358,2.8867352175772978,29.399712287060815,0,0.0062819247086420707,2.9518320935831453e-05,1.3149582757129989e-05,1.9281988457089339e-05,2.674027877540186e-05,3.9395887416876343e-05,5.0989105161459269e-05
2410,8.0999999999999996,18064.388476749256,2.9245259616750623,7.0694278254068861,0,0.0061535438166798462,2.8915068183413725e-05,1.2880850602322556e-05,1.8887931063577291e-05,2.6193799630915788e-05,3.8590771246148585e-05,4.9947063573157773e-05
2411,8.0999999999999996,17810.14831143224,2.9662736187393723,16.475308751504869,0,0.0038702411515941309,1.8185990076361922e-05,8.1013477036623313e-06,1.1879471447425492e-05,1.6474461589659922e-05,2.4271475981653904e-05,3.1413960248100191e-05
2412,8.0999999999999996,17745.865901431825,2.977018612418032,29.342937417418256,0,0.0056910430123153933,2.6741809539048146e-05,1.1912724926785098e-05,1.7468312780206035e-05,2.4225071730446177e-05,3.5690286050283292e-05,4.6193038613489593e-05
2413,8.0999999999999996,17178.32622133366,3.0753737239212549,7.1845464810785007,0,0.0054690119328456603,2.5698501163750311e-05,1.1447960353894621e-05,1.6786801792727818e-05,2.3279951685684057e-05,3.4297860668647679e-05,4.4390857500968466e-05
2414,8.0999999999999996,17021.220544929423,3.1037593892040181,16.637297817436718,0,0.0034450426397086963,1.6188012272201753e-05,7.2113047184998014e-06,1.0574350297713595e-05,1.4664518416183028e-05,2.16049249672781e-05,2.7962710409464512e-05
2415,8.0999999999999996,17003.586730732335,3.1069781875227735,29.453771916866113,0,0.0050715194873790885,2.383071221067528e-05,1.061591284466452e-05,1.5566722740407652e-05,2.1587944968655133e-05,3.1805062942320746e-05,4.1164492168238802e-05
2416,8.0999999999999996,16291.021140657835,3.2428767126321314,7.2460609647854959,0,0.0048909277722305146,2.2982124484245782e-05,1.0237890850811056e-05,1.5012407378723941e-05,2.0819219931094995e-05,3.0672516595716773e-05,3.9698665947441992e-05
2417,8.0999999999999996,16154.200934242719,3.2703426989106967,16.797693022482431,0,0.003233499119458388,1.519398419764465e-05,6.768493135221953e-06,9.925030239797744e-06,1.3764040781224888e-05,2.0278270304243728e-05,2.6245654682032863e-05
2418,8.0999999999999996,16044.494588830446,3.2927040979411761,29.617851929859505,0,0.0048168480054786725,2.2634028887553235e-05,1.0082824041081208e-05,1.4785024009189469e-05,2.0503884471592297e-05,3.0207939529581434e-05,3.9097375548012395e-05
2419,8.0999999999999996,17531.949271058314,3.0133427986383836,12.227057706668383,0,0.0046965654046484361,2.2068829433726779e-05,9.8310435618143793e-06,1.441582383116017e-05,1.999187733568917e-05,2.9453610240343359e-05,3.8121066141694704e-05
2420,8.0999999999999996,17427.621233226899,3.0313817574433863,23.467036897704958,0,0.0046684668008005045,2.1936796076960979e-05,9.772226410416515e-06,1.4329576863839663e-05,1.9872269964550256e-05,2.9277395229004293e-05,3.7892995489316247e-05
2421,8.0999999999999996,16743.334184771302,3.1552719726568985,12.250792097623128,0,0.0050182539521241758,2.3580421219076743e-05,1.050441523900654e-05,1.540322739724746e-05,2.1361209481061991e-05,3.1471018341751855e-05,4.073214665240386e-05
2422,8.0999999999999996,16566.912569862656,3.1888725711114807,23.531259740943639,0,0.004965186245125275,2.3331059808493899e-05,1.0393331735577537e-05,1.5240339275970026e-05,2.1135316089316979e-05,3.1138214383193685e-05,4.0301406868286105e-05
2423,8.0999999999999996,16548.722892628823,3.192377649006898,12.334895093925518,0,0.0054932984854735231,2.5812621960821942e-05,1.1498797963142968e-05,1.6861347899080973e-05,2.3383332292406244e-05,3.4450169131013526e-05,4.4587986508937601e-05
2424,8.0999999999999996,16353.338032566067,3.2305192356955947,23.625808901457575,0,0.0054286145770384379,2.5508676839361945e-05,1.1363398949867363e-05,1.6662804549128224e-05,2.3107992197760216e-05,3.4044516390399416e-05,4.4062960380414686e-05
2425,8.0999999999999996,16576.691529465752,3.186991384145017,12.383975786254439,0,0.0060456588289904576,2.8408124238926052e-05,1.2655021315969931e-05,1.8556784610252525e-05,2.5734565434344421e-05,3.7914191212781553e-05,4.9071383071118437e-05
2426,8.0999999999999996,16483.229877313497,3.2050619614756863,23.702094423496803,0,0.0060118002764041256,2.824902528947651e-05,1.2584147203349938e-05,1.8452857828187585e-05,2.5590439680362594e-05,3.7701853786330952e-05,4.8796560086362792e-05
2427,8.0999999999999996,16476.781143023436,3.2063163686801843,12.297485667467694,0,0.0060475927153280512,2.8417211434366007e-05,1.2659069406263672e-05,1.8562720557556624e-05,2.5742797411355553e-05,3.7926319210483922e-05,4.9087080033182026e-05
2428,8.0999999999999996,16419.620271860615,3.2174783708350976,23.661926693417236,0,0.0060265361404476386,2.8318268074813428e-05,1.2614992919070062e-05,1.8498088672804581e-05,2.565316585598483e-05,3.7794266934812339e-05,4.8916168097634557e-05
2429,8.0999999999999996,16171.040898033047,3.2669370769115393,12.033888119476634,0,0.0059730403009905318,2.806689490001969e-05,1.2503013231198981e-05,1.8333886424806419e-05,2.5425450032132431e-05,3.7458778025557479e-05,4.8481953249432628e-05
2430,8.0999999999999996,16077.033308472886,3.2860399097509361,23.432195716338192,0,0.0059381851046140018,2.7903112791725965e-05,1.2430052902871794e-05,1.8226900504825995e-05,2.5277081862963262e-05,3.7240190338498153e-05,4.8199040709742168e-05
2431,8.0999999999999996,15779.469812084062,3.3480068539172025,11.757327669935339,0,0.0058518444700078704,2.7497404242147048e-05,1.224932114107679e-05,1.7961883141984492e-05,2.4909555548004906e-05,3.6698721588360888e-05,4.7498231339712196e-05
2432,8.0999999999999996,15622.402379992491,3.3816676716569392,23.142466211575019,0,0.0057935863400484754,2.7223653400323515e-05,1.2127372831170622e-05,1.7783063330937841e-05,2.4661568074690447e-05,3.6333366886506431e-05,4.7025361948119044e-05
2433,8.0999999999999996,15655.160127802492,3.374591677808199,11.637600688202143,0,0.0058328522884121469,2.7408161320969894e-05,1.2209565926677636e-05,1.7903587787727875e-05,2.4828711498772026e-05,3.6579615759709894e-05,4.7344075664573707e-05
2434,8.0999999999999996,15481.697340354482,3.4124018782056491,22.968782807393524,0,0.0057682011058541437,2.7104369976097075e-05,1.2074235416551775e-05,1.7705144887878144e-05,2.4553510708418379e-05,3.6174168253164788e-05,4.6819315165338861e-05
2435,8.0999999999999996,15740.040018238687,3.3563938224312526,11.733733772444584,0,0.005898086506520457,2.7714692308752995e-05,1.2346116870758803e-05,1.8103820279983196e-05,2.5106394097468543e-05,3.698871966201987e-05,4.7873568544785125e-05
2436,8.0999999999999996,15606.501419626949,3.3851131436541944,23.0214469126404,0,0.005848195603903616,2.7480258477797296e-05,1.2241683184712624e-05,1.7950683167873545e-05,2.4894023413927009e-05,3.6675838423581041e-05,4.7468614235697244e-05
2437,8.0999999999999996,15892.816472545521,3.3241290600252804,11.911016098526408,0,0.0059994233039625594,2.8190866769327187e-05,1.2558239216395049e-05,1.8414867458862771e-05,2.5537754602327889e-05,3.7624233974651425e-05,4.8696098718442332e-05
2438,8.0999999999999996,15787.899840480333,3.3462191688460656,23.166158420263017,0,0.005959940618107628,2.800534041450298e-05,1.2475592437071358e-05,1.8293677739434529e-05,2.5369688591426796e-05,3.7376625873790731e-05,4.8375625787853974e-05
2439,8.0999999999999996,16189.503496715281,3.2632114439306781,12.060977367676783,0,0.0061511262687885364,2.8903708296461363e-05,1.2875790091803803e-05,1.8880510546347822e-05,2.618350885100918e-05,3.8575610057664435e-05,4.9927440828635976e-05
2440,8.0999999999999996,16015.845763173207,3.2985940213980878,23.304056109383183,0,0.0060849146603590872,2.8592584620526607e-05,1.2737193234167486e-05,1.867727801353736e-05,2.5901665793397314e-05,3.8160376639188662e-05,4.9390014669982066e-05
2441,8.0999999999999996,16429.561991104441,3.2155314372130541,12.147257685889613,0,0.006277180956685063,2.9496030380117804e-05,1.3139652940739138e-05,1.9267427796985841e-05,2.6720086038994619e-05,3.9366137885212141e-05,5.0950601091669486e-05
2442,8.0999999999999996,16090.823097233097,3.2832237830718176,23.40329191150111,0,0.0061474403884143906,2.8886388604669224e-05,1.286807465564997e-05,1.8869196959171153e-05,2.6167819158230494e-05,3.8552494764981581e-05,4.9897523287320756e-05
2443,8.0999999999999996,16614.505297767519,3.1797379539874555,12.121054482200712,0,0.0063823913444831428,2.9990406568443424e-05,1.3359883644771189e-05,1.9590364727493399e-05,2.7167935262007183e-05,4.0025944677719057e-05,5.1804572410385564e-05
2444,8.0999999999999996,16105.57960287011,3.2802155765088052,23.388453412489728,0,0.0061867491147916875,2.9071097536183089e-05,1.2950357295851715e-05,1.8989852720490167e-05,2.6335144675549872e-05,3.8799011912302747e-05,5.0216584224211274e-05
2445,8.0999999999999996,16692.916289304307,3.1648018935964344,12.128748323239655,0,0.006449580331003027,3.0306122875058616e-05,1.3500526390360843e-05,1.9796597263317598e-05,2.7453938726471945e-05,4.0447307535658107e-05,5.2349931748207807e-05
2446,8.0999999999999996,16179.219263817668,3.2652856865709636,23.400737666413118,0,0.0062511943019517074,2.9373920923216393e-05,1.3085256607951651e-05,1.9187663329908164e-05,2.6609468604969328e-05,3.9203167558170793e-05,5.0739672700698683e-05
2447,8.0999999999999996,16817.698714209087,3.1413199855579377,12.309342239832342,0,0.0065348857489858489,3.0706967014772369e-05,1.3679091194210453e-05,2.0058437091262225e-05,2.7817058433203661e-05,4.0982284123052974e-05,5.3042338475462039e-05
2448,8.0999999999999996,16428.477151484611,3.2157437719212401,23.538725077249861,0,0.006383997932972273,2.9997955814388494e-05,1.3363246621768576e-05,1.9595296053820837e-05,2.7174774029752617e-05,4.0036020089663414e-05,5.1817612762383215e-05
2449,8.0999999999999996,16746.750202255236,3.1546283573825922,12.647475811602847,0,0.0065335966966932049,3.0700909849008351e-05,1.3676392897018658e-05,2.0054480423110322e-05,2.7811571322284622e-05,4.0974200078536236e-05,5.3031875500186672e-05
2450,8.0999999999999996,16501.79852287734,3.2014554661297221,23.837401069312516,0,0.0064381739453811876,3.0252525073887884e-05,1.3476650075592574e-05,1.9761586051611278e-05,2.7405385146877443e-05,4.0375774573288585e-05,5.2257348436092653e-05
2451,8.0999999999999996,16553.771257532961,3.1914040770616734,13.025595707734691,0,0.0064808577313319798,3.0453093172184016e-05,1.3565997529084879e-05,1.9892601354433326e-05,2.758707728558512e-05,4.0643457760183543e-05,5.2603804045078237e-05
2452,8.0999999999999996,16320.632534346374,3.2369929885289719,24.223736747398263,0,0.0063895026560843579,3.0023822119863611e-05,1.3374769334229275e-05,1.9612192468921241e-05,2.7198205993271065e-05,4.0070541906151667e-05,5.1862293480262674e-05
2453,8.0999999999999996,16512.488832036419,3.199382819841202,13.344643003045332,0,0.0064865531384539253,3.0479855488366271e-05,1.3577919389145147e-05,1.9910083062584447e-05,2.7611320934027882e-05,4.0679175414911358e-05,5.265003250628196e-05
2454,8.0999999999999996,16142.776586991253,3.2726571415607775,24.593890361899238,0,0.006341063743925548,2.9796211089613715e-05,1.3273375014233468e-05,1.9463512153820482e-05,2.6992015999793133e-05,3.9766766547720649e-05,5.1469124682398146e-05
2455,8.0999999999999996,16763.392025259596,3.1514966065597885,13.325685712291728,0,0.0067263856082650023,3.1606811340762473e-05,1.4079946563283206e-05,2.064623434248924e-05,2.8632216185019779e-05,4.2183238805959388e-05,5.4596703883528216e-05
2456,8.0999999999999996,16341.899833209744,3.2327803756743894,24.656897035192419,0,0.0070947854360922744,3.3337896136406444e-05,1.4851096210629796e-05,2.1777015362195967e-05,3.0200384310842602e-05,4.4493587753872382e-05,5.7586930356110179e-05
2457,8.0999999999999996,17051.783996803646,3.0981962410466828,12.974041215414692,0,0.0071563262076542256,3.3627071879488061e-05,1.4979915880734762e-05,2.1965911043366016e-05,3.0462345009823283e-05,4.4879528913699874e-05,5.8086444281925437e-05
2458,8.0999999999999996,16692.928577953513,3.1647995637991135,24.340795052980724,0,0.0097641929191097376,4.5881253538289806e-05,2.0438809568949862e-05,2.9970600395776694e-05,4.1563255337111353e-05,6.1234265420073808e-05,7.9253967957359307e-05
2459,8.0999999999999996,15724.632611906964,3.3596825048893937,7.6034770314875546,0,0.0066206487500143803,3.1109961304929576e-05,1.3858613829681242e-05,2.0321681442727073e-05,2.8182125934404857e-05,4.1520130354862371e-05,5.3738459311229173e-05
2460,8.0999999999999996,15368.175030939772,3.4376087580781842,17.470140567457921,0,0.0057226069765740021,2.6890126379858251e-05,1.197879591289397e-05,1.7565196461995027e-05,2.4359430106688873e-05,3.5888233405598105e-05,4.644923689149198e-05
2461,8.0999999999999996,15808.402564956381,3.3418792863453883,7.4522328045587898,0,0.0062376544749198765,2.931029823140167e-05,1.3056914486017692e-05,1.9146103648656399e-05,2.6551833601973545e-05,3.9118255126690011e-05,5.0629772678585359e-05
2462,8.0999999999999996,15479.855740874362,3.4128078430692796,17.137017467759954,0,0.0056425412661539696,2.651390325625371e-05,1.1811199080074843e-05,1.7319439599929508e-05,2.4018614271370612e-05,3.5386116640441639e-05,4.5799359804805843e-05
2463,8.0999999999999996,15770.6794326736,3.349872991051015,7.3543050928346361,0,0.0058637126316121221,2.7553171896074938e-05,1.2274164064293524e-05,1.7998311747176979e-05,2.4960074770149136e-05,3.6773150490344255e-05,4.7594562793554658e-05
2464,8.0999999999999996,17380.045351338053,3.0396798175195663,23.825101811353232,0,0.010588074084726262,4.9752613000175577e-05,2.2163391456155747e-05,3.2499453870186628e-05,4.5070271589006418e-05,6.640107832390589e-05,8.5941243807127884e-05
2465,8.0999999999999996,15494.603080618081,3.4095596258364851,7.1287329549006504,0,0.0054060072685420766,2.5402446691972103e-05,1.1316076403390501e-05,1.6593412781208274e-05,2.3011759632170474e-05,3.3902738985920825e-05,4.3879461455514694e-05
2466,8.0999999999999996,17142.454138580943,3.0818092120857963,23.274220964652489,0,0.0076342153362536627,3.5872639173590884e-05,1.5980253028457347e-05,2.3432762858502579e-05,3.2496576414237103e-05,4.7876519037149198e-05,6.1965373139533819e-05
2467,8.0999999999999996,16894.737079120408,3.1269958706446772,11.775191555186545,0,0.0059041857892815882,2.7743352408065195e-05,1.235888413989151e-05,1.8122541660014202e-05,2.5132356923979067e-05,3.7026970145450635e-05,4.7923075182406709e-05
2468,8.0999999999999996,16462.745198146342,3.2090500366843746,22.844287117747687,0,0.0065856032714277923,3.0945285073957627e-05,1.3785255194818332e-05,2.0214111462996161e-05,2.8032947790653224e-05,4.1300349349373975e-05,5.3454002289541712e-05
2469,8.0999999999999996,16364.195980662615,3.2283757261563832,11.721723974221616,0,0.0060053119704929795,2.8218537197832943e-05,1.2570565614985019e-05,1.8432942365095093e-05,2.5562820898398292e-05,3.7661163618737866e-05,4.8743895826957066e-05
2470,8.0999999999999996,15763.129305450855,3.3514774927189497,22.807702945065209,0,0.0063149320040255027,2.9673419887751642e-05,1.3218674983217381e-05,1.9383302356586976e-05,2.6880780981510883e-05,3.9602886346849565e-05,5.1257018664638608e-05
2471,8.0999999999999996,16086.726921793597,3.2840597928261936,11.832081450885317,0,0.0061173472579697779,2.8744983108164962e-05,1.2805082479277948e-05,1.8776827912934028e-05,2.6039721682594333e-05,3.8363771462171799e-05,4.9653263468229493e-05
2472,8.0999999999999996,15327.095481996022,3.4468222073838803,22.963202768015492,0,0.0060853002693334757,2.859439656988762e-05,1.273800040670708e-05,1.8678461616992982e-05,2.5903307215724339e-05,3.8162794912002573e-05,4.9393144579597073e-05
2473,8.0999999999999996,15751.97804306991,3.3538500966410068,11.762728284575477,0,0.0062745728379492117,2.948377501421415e-05,1.3134193519503107e-05,1.925942233405977e-05,2.6708984055874688e-05,3.9349781568183049e-05,5.0929431522363286e-05
2474,8.0999999999999996,19707.869949283326,2.6806434798885097,22.565751715849597,0,0.0070461219334185792,3.3109229771174835e-05,1.4749231768545788e-05,2.1627645680075316e-05,2.9993238302567152e-05,4.4188403919050812e-05,5.7191938602716439e-05
2475,8.0999999999999996,15219.567634888115,3.4711743690362336,11.365580885479984,0,0.0054735972282574461,2.5720047143339096e-05,1.1457558482538255e-05,1.6800876080036731e-05,2.3299469919866337e-05,3.4326616470443157e-05,4.4428075411209614e-05
2476,8.0999999999999996,19407.39623429353,2.7221463633892848,22.177350789472118,0,0.0062215868171159646,2.9234797441159708e-05,1.3023281004910361e-05,1.9096784943533862e-05,2.6483438377759332e-05,3.9017489888764607e-05,5.0499354768237762e-05
2477,8.0999999999999996,19681.380540522456,2.6842513904583356,10.980540446766389,0,0.0059472635653550505,2.7945771838146714e-05,1.2449056309687152e-05,1.8254766291720292e-05,2.5315726161060821e-05,3.7297124165925418e-05,4.8272728729083229e-05
2478,8.0999999999999996,19206.230657488533,2.7506580559282536,21.841466219734826,0,0.0053943335859497673,2.5347592881198349e-05,1.1291640571627528e-05,1.6557581117596169e-05,2.2962068249141881e-05,3.3829529721805588e-05,4.3784708548256525e-05
2479,8.0999999999999996,19378.580084579848,2.7261942232844687,10.792982998843621,0,0.0049883368246180382,2.3439842747961121e-05,1.0441791479212608e-05,1.5311398581399188e-05,2.1233861197410519e-05,3.1283398807654813e-05,4.0489315413366451e-05
2480,8.0999999999999996,19090.330459741806,2.7673577046476936,21.60836040836038,0,0.004547691909613333,2.1369283385484659e-05,9.5194154487594497e-06,1.3958865630294703e-05,1.9358167295511439e-05,2.8519978635098024e-05,3.6912690262299652e-05
2481,8.0999999999999996,19248.5009469693,2.744617527753773,10.942181301981011,0,0.0046165801730230971,2.1692984474299694e-05,9.6636151905130372e-06,1.4170313993893943e-05,1.9651404074582705e-05,2.8951998182530939e-05,3.7471842285016284e-05
2482,8.0999999999999996,18998.916448434444,2.7806729518193305,21.769568449321369,0,0.0043769531085360112,2.0566993807026957e-05,9.1620179792337902e-06,1.3434793193224402e-05,1.8631383172756106e-05,2.7449222951623967e-05,3.5526838141006893e-05
2483,8.0999999999999996,18988.789800129271,2.7821558739713566,11.366377811155127,0,0.0041441094695419947,1.9472877977488786e-05,8.6746201127469476e-06,1.2720093707378476e-05,1.7640237288881778e-05,2.5988988674233691e-05,3.3636893682024482e-05
2484,8.0999999999999996,18680.716747439532,2.8280377994210597,22.311900264083921,0,0.0040770851967988691,1.9157935649287919e-05,8.5343221527985086e-06,1.2514366750543122e-05,1.7354934961809291e-05,2.5568658787192278e-05,3.3092871292426582e-05
2485,8.0999999999999996,18624.800240597073,2.8365283063214974,11.922900726859057,0,0.0036555898607675066,1.7177358807159648e-05,7.6520308073986029e-06,1.1220612275438858e-05,1.5560755102807654e-05,2.2925331530788487e-05,2.9671679378998907e-05
2486,8.0999999999999996,18150.209575241013,2.9106976899100361,23.084799216359432,0,0.0035711729727848575,1.678068980721956e-05,7.4753259110313926e-06,1.0961499736661439e-05,1.5201417603123443e-05,2.2395927189078954e-05,2.8986484669035428e-05
2487,8.0999999999999996,18162.263121194217,2.9087659797411489,12.093095594928071,0,0.0032816684602363752,1.5420328530997767e-05,6.8693231773339124e-06,1.0072883121827514e-05,1.3969083289782611e-05,2.0580355097400211e-05,2.6636635423828142e-05
2488,8.0999999999999996,17573.963852746077,3.0061387131954262,23.401088973439716,0,0.0031828371427034406,1.4955927143723125e-05,6.6624454051269857e-06,9.7695263621950166e-06,1.3548387865188417e-05,1.9960553422058149e-05,2.5834441720996945e-05
2489,8.0999999999999996,18244.377081697268,2.8956742587301476,11.771610167907204,0,0.0026801026041980073,1.2593613021633248e-05,5.6101008251529036e-06,8.2264130620457481e-06,1.1408396965398686e-05,1.6807750069880339e-05,2.1753847724560396e-05
2490,8.0999999999999996,17658.056568202272,2.9918226209089283,23.102056341238651,0,0.0025890475333349124,1.2165751668746592e-05,5.4195006117941825e-06,7.946925021871326e-06,1.1020802702219519e-05,1.6236715635875857e-05,2.1014772234315294e-05
2491,8.0999999999999996,18275.38500026926,2.890761156673781,11.343563282854012,0,0.0021204738907477779,9.9639571860889835e-06,4.4386630219178017e-06,6.5086665283825546e-06,9.0262245417477438e-06,1.3298145798436853e-05,1.7211455281965497e-05
2492,8.0999999999999996,17800.64774989471,2.9678567782652472,22.665673359821088,0,0.0020536255899110548,9.6498417374592363e-06,4.2987334135898433e-06,6.30347970668498e-06,8.7416712745656692e-06,1.2878919485496481e-05,1.6668861220540439e-05
2493,8.0999999999999996,18316.564978726234,2.8842620405843644,10.824533508687361,0,0.001883473023429282,8.8503068339996754e-06,3.942563074392354e-06,5.7812066812964156e-06,8.0173825775341139e-06,1.1811840259986709e-05,1.528776744622382e-05
2494,8.0999999999999996,18070.490675711582,2.9235383825545562,22.083493384471776,0,0.0018522170026249347,8.7034369977518e-06,3.877136688167138e-06,5.6852682133401119e-06,7.8843350246769132e-06,1.1615824113054284e-05,1.5034068682606176e-05
2495,8.0999999999999996,18817.335407360322,2.8075055228793389,10.726292959794678,0,0.0017023640205452923,7.9992884090027202e-06,3.5634582726095394e-06,5.2253035361536703e-06,7.2464556004580363e-06,1.0676049842444007e-05,1.3817742506091264e-05
2496,8.0999999999999996,18623.554921297091,2.8367179792093928,21.925381987744469,0,0.0016844381551395862,7.9150560323602224e-06,3.5259351150458664e-06,5.1702811750354842e-06,7.1701505410262542e-06,1.0563631211510442e-05,1.3672241902586054e-05
2497,8.0999999999999996,19203.552026592093,2.7510417348249465,10.871587092554378,0,0.0017550532340834828,8.2468713055212397e-06,3.6737494979843653e-06,5.387029894614932e-06,7.4707378584942761e-06,1.1006480151769221e-05,1.4245410135771296e-05
2498,8.0999999999999996,18797.565278137437,2.8104582854398097,22.051846574124621,0,0.0017182627586494565,8.0739954574950129e-06,3.596738164064946e-06,5.2741037524607911e-06,7.3141317839209795e-06,1.0775755732831454e-05,1.3946789329593064e-05
2499,8.0999999999999996,19423.898792162625,2.7198336259532714,10.610681835656584,0,0.0016173545202609631,7.599834765673411e-06,3.3855128958377938e-06,4.9643720097107664e-06,6.8845955270583433e-06,1.0142929046207929e-05,1.3127737682608153e-05
2500,8.0999999999999996,18965.168287685392,2.7856211071082804,21.705921033787721,0,0.0015781583360355408,7.4156546617899164e-06,3.3034658334897132e-06,4.8440616897292473e-06,6.717749068093641e-06,9.8971176854331728e-06,1.2809590227474135e-05
2501,8.0999999999999996,19485.294247393729,2.7112638080435105,10.152832032258052,0,0.0014133782497172895,6.6413646635216011e-06,2.9585413903826494e-06,4.3382791676981093e-06,6.0163294158136471e-06,8.8637309400927844e-06,1.1472103781920752e-05
2502,8.0999999999999996,19264.401625521885,2.7423521430350077,21.116174299875578,0,0.0013875763431883182,6.5201233253962457e-06,2.904531780122965e-06,4.2590817740747682e-06,5.9064983997601781e-06,8.7019192260240478e-06,1.1262674954548473e-05
2503,8.0999999999999996,19496.914316456863,2.7096479075893933,9.7080577001501052,0,0.0014652524390951402,6.8851178190210563e-06,3.0671265737174136e-06,4.4975038587276843e-06,6.2371423592262671e-06,9.1890499815260722e-06,1.1893156026261395e-05
2504,8.0999999999999996,19426.819963349149,2.7194246501334889,20.548135340370713,0,0.0014545812236825704,6.8349745307880273e-06,3.0447891474197524e-06,4.4647492075735219e-06,6.1917181798164241e-06,9.1221274982915181e-06,1.1806539941206512e-05
2505,8.0999999999999996,19114.683229846876,2.7638319948480903,9.4368729815137957,0,0.0015255581155403024,7.1684899373006309e-06,3.193360892006749e-06,4.682608490038036e-06,6.4938456268831323e-06,9.5672454789289288e-06,1.2382644936223195e-05
2506,8.0999999999999996,19430.69772396491,2.718881937877057,20.18252848323538,0,0.0015511116394126263,7.2885641428489724e-06,3.2468505774901102e-06,4.7610434880994214e-06,6.6026193520918726e-06,9.7274995087477852e-06,1.2590057692090727e-05
2507,8.0999999999999996,18832.266551814519,2.805279594821092,9.4026980141449403,0,0.0017661340544215037,8.2989392983961e-06,3.6969443261317392e-06,5.4210418033471179e-06,7.5179056038337258e-06,1.1075971393828007e-05,1.4335350900695349e-05
2508,8.0999999999999996,19480.664305923608,2.7119081902136548,20.097889102116305,0,0.0018239192175891351,8.570467702638985e-06,3.8179026025277771e-06,5.5984098713942349e-06,7.7638797986627119e-06,1.1438359975051537e-05,1.480438131703782e-05
2509,8.0999999999999996,18694.542648890594,2.8259462707514889,9.4562281988656025,0,0.0019247741172405573,9.044377759498819e-06,4.0290162199202237e-06,5.9079778941125458e-06,8.1931890084394683e-06,1.2070852158003324e-05,1.5623000024342642e-05
2510,8.0999999999999996,19448.671389932642,2.7163692584874299,20.123005345143724,0,0.0019946695386265827,9.3728114125764379e-06,4.1753241861070217e-06,6.1225176682863229e-06,8.4907129584504069e-06,1.250918790374871e-05,1.6190326943503848e-05
2511,8.0999999999999996,18316.198670778915,2.8843197233015374,9.5253651267546022,0,0.0020067594954563659,9.4296212666186137e-06,4.2006313801974976e-06,6.1596270605268704e-06,8.5421762966795683e-06,1.2585007752000917e-05,1.6288458664080387e-05
2512,8.0999999999999996,19330.000041196934,2.7330456787089461,20.155253759307985,0,0.002108790252561955,9.9090565946838051e-06,4.414206350697676e-06,6.4728043066774902e-06,8.9764907807286046e-06,1.322487409972404e-05,1.7116621567179677e-05
2513,8.0999999999999996,18040.330097769685,2.9284260762261969,9.6322852372538037,1,0.0061707283418551435,2.8995817054624559e-05,1.291682195607401e-05,1.8940677925636111e-05,2.6266949026224233e-05,3.8698540703841565e-05,5.0086546868796058e-05
2514,8.0999999999999996,19120.57072166849,2.7629809722241925,20.231985435589156,1,0.0065240959522247658,3.0656266521150106e-05,1.3656505548564733e-05,2.0025318461821264e-05,2.7771129488381327e-05,4.0914617979607186e-05,5.2954759889719875e-05
2515,8.1999999999999993,19738.192976661572,3.7806924899616519,6.4641700481302209,1,0.022323744422683648,8.6792915378507401e-05,3.6168274154463505e-05,5.5267399592745487e-05,8.6996107093032974e-05,0.00010896729847997023,0.00015315339753965227
2516,8.1999999999999993,21085.92133146973,3.5390456399410648,20.068804875236395,1,0.023840738649652884,9.2690866415665756e-05,3.86260635849862e-05,5.9023056553080727e-05,9.2907865879109566e-05,0.00011637209400139632,0.00016356082809920923
2517,8.1999999999999993,20626.879256202381,3.6178055354563261,30.865680507882825,1,0.023314193447026326,9.0643701193325699e-05,3.7772970533805968e-05,5.7719476671220264e-05,9.0855908018918475e-05,0.00011380190652874711,0.0001599484329197285
2518,8.1999999999999993,19769.934015398718,3.7746225098249639,39.850452553308891,1,0.0249623688534262,9.7051674061499423e-05,4.0443295853098827e-05,6.17999018480951e-05,9.7278882652939547e-05,0.00012184702736761626,0.00017125583988748363
2519,8.1999999999999993,20226.792561723018,3.6893658608778153,6.3357924893023876,0,0.007296033283299942,2.8366388154523584e-05,1.1820818543431429e-05,1.8062954819549673e-05,2.843279697394023e-05,3.5613605918785543e-05,5.0054877207980542e-05
2520,8.1999999999999993,21373.282864657744,3.4914635446889832,19.472795380575331,0,0.0077069186441492809,2.9963877253091981e-05,1.2486522920612614e-05,1.9080193011982801e-05,3.0034025969336129e-05,3.7619231270383154e-05,5.287378105412202e-05
2521,8.1999999999999993,20371.474830674284,3.6631632502087341,29.968730036311484,0,0.0073458930057678246,2.8560238728648308e-05,1.1901599799359597e-05,1.8186393663546465e-05,2.8627101373476235e-05,3.5856982619280529e-05,5.0396942846779962e-05
2522,8.1999999999999993,19996.650561718234,3.7318268738035139,39.583098541988633,0,0.0079202582555971679,3.0793324432413079e-05,1.2832169484591968e-05,1.9608362719161075e-05,3.0865414975288355e-05,3.8660590671300722e-05,5.4337410349655106e-05
2523,8.1999999999999993,20535.004680886334,3.6339917673229043,5.9639972051839374,0,0.0059139074040427441,2.2992794360871189e-05,9.5815388432858652e-06,1.464119448176493e-05,2.3046623009068392e-05,2.8867133625863399e-05,4.057271909741603e-05
2524,8.1999999999999993,21083.080412817988,3.5395225219038045,18.297111440418472,0,0.0060680089243881161,2.3591928626243117e-05,9.8312095943005382e-06,1.5022707105342684e-05,2.3647159913331765e-05,2.9619338365612553e-05,4.1629941889437332e-05
2525,8.1999999999999993,20156.696513811265,3.702195838546571,28.537014313712806,0,0.0058013820471640538,2.2555304861233995e-05,9.3992285695317058e-06,1.43626129075819e-05,2.2608109298628614e-05,2.8317871641968523e-05,3.9800732087126582e-05
2526,8.1999999999999993,20681.900473310365,3.6081808849520032,39.083150323390768,0,0.0065649121841138223,2.5523848368562632e-05,1.0636277641386045e-05,1.6252901757915982e-05,2.5583602491219779e-05,3.2044836740481156e-05,4.5038976728511674e-05
2527,8.1999999999999993,20546.956687374339,3.6318779022945571,5.3983118750633068,0,0.0051710231542337146,2.0104520395317973e-05,8.3779396305649056e-06,1.2802019121755281e-05,2.0151587278035573e-05,2.5240945820973725e-05,3.5476116812302104e-05
2528,8.1999999999999993,20564.880258360059,3.6287124950286054,16.689692730158196,0,0.0050637186239059591,1.9687329047660185e-05,8.204087986439889e-06,1.2536362866091026e-05,1.9733419239770655e-05,2.4717167884661377e-05,3.4739947598037432e-05
2529,8.1999999999999993,22199.67833894684,3.361491856454458,25.936846341624108,0,0.0051792362766188904,2.0136452351833544e-05,8.3912462898988721e-06,1.2822352534832005e-05,2.0183593990756351e-05,2.5281035948393775e-05,3.5532463434709253e-05
2530,8.1999999999999993,19836.176417634422,3.7620172547939852,38.463710966096549,0,0.005617435077650593,2.1840133899910319e-05,9.1012030995534138e-06,1.3907211229642744e-05,2.1891264043807866e-05,2.7419984443838269e-05,3.8538752787655517e-05
2531,8.1999999999999993,20211.381399521117,3.6921789994050749,4.8742753143571242,0,0.0047369824004298766,1.841700499904596e-05,7.6747195667374578e-06,1.1727454598626351e-05,1.8460121223519608e-05,2.3122293704344255e-05,3.2498353993615514e-05
2532,8.1999999999999993,22214.614392087624,3.3592317487562484,14.913363718901175,0,0.0046207574935069624,1.7965131947624296e-05,7.4864153908083728e-06,1.1439713964621809e-05,1.8007190287826334e-05,2.2554973371174384e-05,3.1700985996699772e-05
2533,8.1999999999999993,21242.423684949987,3.5129719216149762,24.949654408337416,0,0.0043605286319532699,1.6953383150817397e-05,7.0648002428579194e-06,1.0795459479140461e-05,1.6993072876348573e-05,2.128473682424409e-05,2.9915670167500159e-05
2534,8.1999999999999993,22424.867487624309,3.3277359606901249,37.214589026041516,0,0.0056421340559928016,2.1936161532936463e-05,9.141219657846763e-06,1.3968359049637689e-05,2.1987516488033306e-05,2.7540545801924372e-05,3.8708201621025237e-05
2535,8.1999999999999993,22769.874504394902,3.2773144154955602,4.4249508183390605,0,0.0051036883222239579,1.9842728006640093e-05,8.2688457161139333e-06,1.2635316753338441e-05,1.9889182004722199e-05,2.4912269116977321e-05,3.5014162128544972e-05
2536,8.1999999999999993,21345.868106161673,3.4959476738609352,14.119783466269656,0,0.0040118942968365347,1.5597921012705737e-05,6.4999531467162711e-06,9.932337560800051e-06,1.5634437453014079e-05,1.9582972956331811e-05,2.7523843244958869e-05
2537,8.1999999999999993,20868.311868173667,3.5759499102602352,24.262291164130136,0,0.0038643948688886856,1.5024455149369315e-05,6.2609789116312489e-06,9.5671698868765036e-06,1.5059629043324822e-05,1.8862994538442096e-05,2.651191450676681e-05
2538,8.1999999999999993,20937.495868311569,3.564133859255826,36.836459468042818,0,0.0050199295075721599,1.9517080499903242e-05,8.133142148028784e-06,1.2427953159170437e-05,1.9562772121529433e-05,2.4503423200106095e-05,3.4439529719441502e-05
2539,8.1999999999999993,22297.861430905152,3.3466903623702793,4.0849333303500694,0,0.0050369982371264027,1.9583442341885033e-05,8.1607964016475879e-06,1.2470210599452556e-05,1.9629289323846715e-05,2.4586739570012265e-05,3.4556630769938274e-05
2540,8.1999999999999993,21254.471243499014,3.5109806824812484,13.407065906832401,0,0.0037473833191914649,1.4569523694372932e-05,6.0714002402150253e-06,9.2774817435419334e-06,1.460363254399931e-05,1.8291834422108525e-05,2.5709149699564503e-05
2541,8.1999999999999993,20826.044473472743,3.5832074615672167,23.69736515862515,0,0.0036144145602369049,1.4052551898539189e-05,5.8559681676743396e-06,8.9482879758948798e-06,1.4085450460608123e-05,1.7642783520469017e-05,2.4796909494026719e-05
2542,8.1999999999999993,22796.321301353753,3.2735122902416149,36.82523258214281,0,0.0051216855458366987,1.991269975853318e-05,8.2980042884985631e-06,1.267987288738711e-05,1.9959317568144988e-05,2.5000117678584557e-05,3.5137633168634974e-05
2543,8.1999999999999993,22080.96542710792,3.3795640955383806,3.7781552572150963,0,0.0051724665287767929,2.0110132118969921e-05,8.3802781435488012e-06,1.2805592516797076e-05,2.0157212139346807e-05,2.5247991261992761e-05,3.5486019170571806e-05
2544,8.1999999999999993,20793.332708575588,3.5888445107936828,12.728596561066947,0,0.0034649313821766151,1.3471373374979591e-05,5.6137799190008183e-06,8.5782090868955582e-06,1.3502911334513947e-05,1.6913121964906736e-05,2.3771371118318778e-05
2545,8.1999999999999993,20287.906632919829,3.6782522367877415,23.167864320728977,0,0.0033239070264872821,1.2923082069636766e-05,5.3852964055519931e-06,8.2290718959916832e-06,1.2953336419213948e-05,1.6224749854548303e-05,2.2803865004617029e-05
2546,8.1999999999999993,21808.229936543597,3.4218291979411077,36.66742301687713,0,0.0047909146256926499,1.862668913512889e-05,7.7620989719183459e-06,1.1860975830015065e-05,1.8670296253115375e-05,2.3385549221726275e-05,3.2868359283923106e-05
2547,8.1999999999999993,23785.900434753254,3.1373223879826755,8.2169646335430375,0,0.0045420596749993986,1.7659161185154021e-05,7.3589114998281698e-06,1.1244879993215322e-05,1.7700503214312122e-05,2.2170831333142337e-05,3.1161074857458044e-05
2548,8.1999999999999993,22574.789779483006,3.3056360072996096,17.802702667416838,0,0.0035346086071086206,1.3742272798160041e-05,5.72666890957277e-06,8.7507105705139524e-06,1.3774444962894441e-05,1.7253232424095963e-05,2.424939593025973e-05
2549,8.1999999999999993,23446.744953286907,3.182703530957161,29.692093447276463,0,0.0042239693103420916,1.6422451537360026e-05,6.8435508463022991e-06,1.0457376474215433e-05,1.6460898293872777e-05,2.0618159565676879e-05,2.8978796689894387e-05
2550,8.1999999999999993,21353.379888054988,3.4947178546672455,36.525524804130633,0,0.004727027858693781,1.8378302544736601e-05,7.6585915109876656e-06,1.1702809914227777e-05,1.8421328162528664e-05,2.3073703311081812e-05,3.2430060258524901e-05
2551,8.1999999999999993,23741.252463711044,3.143222459149638,8.4347544767996183,0,0.0043959833273228251,1.7091228142979812e-05,7.1222428975447407e-06,1.0883235471345299e-05,1.7131240578724994e-05,2.1457799295292857e-05,3.0158909247457695e-05
2552,8.1999999999999993,22262.874337350684,3.3519498345764189,18.498537771668204,0,0.003186323183003045,1.2388167197880604e-05,5.1623871087896508e-06,7.8884524590650263e-06,1.2417169253195709e-05,1.5553171670570596e-05,2.1859962732793692e-05
2553,8.1999999999999993,22061.91133547961,3.3824829053804168,30.502649791136378,0,0.0037572278742512297,1.4607798529367595e-05,6.0873500987866221e-06,9.3018541314352449e-06,1.4641996984571937e-05,1.8339887945267026e-05,2.5776688864416127e-05
2554,8.1999999999999993,24365.311812656932,3.06271631268489,8.4050459580110299,0,0.0046254903841109335,1.7983533044049178e-05,7.4940834809668307e-06,1.1451431289067283e-05,1.8025634463231977e-05,2.2578075691885058e-05,3.1733456278676533e-05
2555,8.1999999999999993,23230.31114467989,3.2123563686906675,18.674683015804295,0,0.0032898101174176205,1.2790516040949182e-05,5.33005359629468e-06,8.144657406076825e-06,1.282046003894364e-05,1.6058315048742927e-05,2.2569941099615097e-05
2556,8.1999999999999993,22478.352076534029,3.3198180052612027,30.862022416907514,0,0.0039479274924312541,1.5349223243341397e-05,6.3963160115336865e-06,9.7739734945932472e-06,1.5385157454951285e-05,1.92707363648146e-05,2.7084995118097659e-05
2557,8.1999999999999993,18773.127123143946,3.9750456843324722,8.3073174956134164,0,0.0035925302675258093,1.3967467535923812e-05,5.8205118802583649e-06,8.8941085368559824e-06,1.4000166906187244e-05,1.7535961286227262e-05,2.4646770981508593e-05
2558,8.1999999999999993,24440.088979312721,3.0533455919675108,17.857208450456206,0,0.0037832739179886042,1.470906344385684e-05,6.1295491328149493e-06,9.3663369117335578e-06,1.4743498971309611e-05,1.8467024637410345e-05,2.5955379321326751e-05
2559,8.1999999999999993,24091.586980779739,3.097514414962089,30.156877594144099,0,0.0046174195607680581,1.7952154334717546e-05,7.4810073703560701e-06,1.1431450168951972e-05,1.7994182292907346e-05,2.2538680158612036e-05,3.1678085907447609e-05
2560,8.1999999999999993,19105.680937763958,3.9058559700312827,7.6782504438877739,0,0.00478432569601904,1.8601071908700894e-05,7.7514237818468532e-06,1.1844663467614522e-05,1.8644619053956466e-05,2.3353387150130515e-05,3.2823155533756637e-05
2561,8.1999999999999993,18777.158529850993,3.9741922524456852,17.215033727316825,0,0.0030782686235879429,1.1968059797705959e-05,4.9873202895962704e-06,7.6209393394046741e-06,1.1996078335615823e-05,1.5025732670868427e-05,2.1118647898654245e-05
2562,8.1999999999999993,24486.97823840021,3.0474988471731326,28.985017551636979,0,0.0054312039843578399,2.1116082449805886e-05,8.799476959405817e-06,1.3446154694738769e-05,2.1165517510010141e-05,2.6510947915519019e-05,3.7261103118976846e-05
2563,8.1999999999999993,18885.22422850459,3.951450988844694,7.1410968950262372,0,0.0058282647244032185,2.2659822539209007e-05,9.4427830925535747e-06,1.4429166960386323e-05,2.2712871663927397e-05,2.8449092133441459e-05,3.9985162318730394e-05
2564,8.1999999999999993,23693.934970935275,3.1494995678774997,15.562055053801242,0,0.0045593024865689825,1.7726199843952038e-05,7.3868477960083377e-06,1.1287568412284941e-05,1.7767698817947873e-05,2.2254997437150744e-05,3.1279370208140094e-05
2565,8.1999999999999993,23615.09702387156,3.1600140315681857,27.931157119463716,0,0.0058353373848344468,2.268732047175498e-05,9.4542420089716526e-06,1.4446676905977676e-05,2.2740433972143153e-05,2.8483615405418805e-05,4.0033684732989277e-05
2566,8.1999999999999993,23697.469876699815,3.1490297631162396,6.6193324385515471,0,0.0078685013479830573,3.0592097755662554e-05,1.2748314465087614e-05,1.9480226970935644e-05,3.0663717204862971e-05,3.8407953376517136e-05,5.3982328957521249e-05
2567,8.1999999999999993,23353.764631298556,3.1953750982086886,14.914777636362551,0,0.0046482174860777315,1.8071894180982761e-05,7.5309052631512008e-06,1.1507697290066103e-05,1.8114202463258388e-05,2.2689011870722706e-05,3.1889376935020745e-05
2568,8.1999999999999993,23492.675856896771,3.1764809767453874,27.371605198648119,0,0.006265686179852974,2.4360481830444084e-05,1.0151480469758599e-05,1.5512101163136692e-05,2.4417512384703155e-05,3.0584246227442973e-05,4.2986118645340058e-05
2569,8.1999999999999993,23065.846603649748,3.2352611735686447,6.3460761747468784,0,0.0073029023157467933,2.8393094397911946e-05,1.1831947547778082e-05,1.8079960638728911e-05,2.8459565739567406e-05,3.5647135236033234e-05,5.0102002620148241e-05
2570,8.1999999999999993,22907.367285497043,3.257643579125904,14.564316159743679,0,0.0045273672478821124,1.7602038215129342e-05,7.3351072615287691e-06,1.1208505618688204e-05,1.7643246513162416e-05,2.2099114238520085e-05,3.1060276573419742e-05
2571,8.1999999999999993,22723.833694235123,3.2839545895466498,27.180757475356831,0,0.0063268680612117373,2.4598352043922843e-05,1.0250605554528029e-05,1.5663570532292114e-05,2.4655939478386945e-05,3.0882888973093306e-05,4.3405860639359721e-05
2572,8.1999999999999993,22512.596716025968,3.3147681226464587,6.1282400840529867,0,0.0066551445285061035,2.5874664436107547e-05,1.0782469431965042e-05,1.6476292016256834e-05,2.5935239857576202e-05,3.2485281435500608e-05,4.5658021179567285e-05
2573,8.1999999999999993,22463.55637717354,3.3220046149107465,14.355692663024479,0,0.0042214005729976816,1.6412464494024391e-05,6.839389053605505e-06,1.0451016993002322e-05,1.6450887869775595e-05,2.060562097162988e-05,2.8961173712125318e-05
2574,8.1999999999999993,22293.806871042703,3.3472990227257671,27.161124826264853,0,0.0061743282351025457,2.4005289519613773e-05,1.000346501458414e-05,1.528592423049974e-05,2.4061488529796818e-05,3.0138307219826447e-05,4.2359351945012202e-05
2575,8.1999999999999993,22915.649479785952,3.256466198704278,6.027800614926397,0,0.0064039782126573217,2.4898150085081208e-05,1.0375537154028971e-05,1.5854473880400233e-05,2.4956439379573038e-05,3.1259281245344403e-05,4.3934879492786849e-05
2576,8.1999999999999993,22636.180118519027,3.2966709737049271,14.382596002072873,0,0.0042163272535115466,1.6392739837599782e-05,6.8311694105844507e-06,1.0438456861064199e-05,1.64311170357714e-05,2.0580856939742463e-05,2.8926367897231817e-05
2577,8.1999999999999993,22472.919759841632,3.3206204956789338,27.355865971636124,0,0.006278927483585983,2.4411962949948049e-05,1.0172933640629493e-05,1.5544882958640385e-05,2.4469114027142572e-05,3.0648880057181347e-05,4.3076961409715387e-05
2578,8.1999999999999993,23234.578828726517,3.2117663290722263,6.0719153854334653,0,0.0065482044629553114,2.5458890098067256e-05,1.0609208282952461e-05,1.6211538074294283e-05,2.5518492146303388e-05,3.1963282535060776e-05,4.4924352397928003e-05
2579,8.1999999999999993,22526.277239471379,3.3127550175720661,14.68030935097126,0,0.0042316080331161509,1.6452150274577925e-05,6.8559268802798868e-06,1.0476287833167526e-05,1.6490666559085078e-05,2.0655445917319611e-05,2.9031202609060975e-05
2580,8.1999999999999993,22208.226518779411,3.3601979829040238,27.774554818485392,0,0.0062569533271427443,2.4326529204399781e-05,1.0137331758637663e-05,1.5490481041924839e-05,2.4383480271845114e-05,3.0541619177525208e-05,4.2926206381632814e-05
2581,8.1999999999999993,23331.581334863331,3.1984132100283702,6.2569624118203375,0,0.006625101456505582,2.5757859398543951e-05,1.0733794530300559e-05,1.640191370257397e-05,2.5818161366635172e-05,3.2338634334908935e-05,4.5451908868734121e-05
2582,8.1999999999999993,22334.755750589073,3.3411620339886654,15.28548972726966,0,0.0042275550201654787,1.643639248755998e-05,6.8493603078995584e-06,1.0466253697224284e-05,1.6474871881363007e-05,2.0635662234816495e-05,2.9003396668806752e-05
2583,8.1999999999999993,21727.568073405757,3.4345324658592147,28.457580088165603,0,0.0061668097614423836,2.3976058301239005e-05,9.991283804684265e-06,1.5267310575001987e-05,2.4032188877940431e-05,3.0101607831590834e-05,4.2307771002157639e-05
2584,8.1999999999999993,22742.433726209809,3.281268788145431,6.4888809954132629,0,0.0065192857367656534,2.5346456426210538e-05,1.0562355013302831e-05,1.6139943328996401e-05,2.5405795254914806e-05,3.1822123623334166e-05,4.4725953729469649e-05
2585,8.1999999999999993,21692.243153415107,3.4401254598019677,15.920699753388654,0,0.0041458649779282592,1.6118788200890346e-05,6.7170085040362587e-06,1.0264011809770803e-05,1.6156524048295978e-05,2.0236914468905887e-05,2.8442957197860514e-05
2586,8.1999999999999993,20809.658762165731,3.5860289111493273,29.130601035331573,0,0.0059647948425120782,2.3190640611807931e-05,9.6639851744536352e-06,1.4767177665539342e-05,2.3244932439733166e-05,2.9115526843039574e-05,4.0921835443943867e-05
2587,8.1999999999999993,21410.174066214258,3.4854475130137614,6.6149682013631255,0,0.0061829934314413856,2.4038979103150257e-05,1.0017504110841977e-05,1.5307376853300852e-05,2.409525698433574e-05,3.0180604023533016e-05,4.2418800048095345e-05
2588,8.1999999999999993,20627.32174959797,3.6177279269778526,16.254188682514972,0,0.0039717582321466324,1.5441875234708151e-05,6.4349258751394377e-06,9.8329717965583161e-06,1.5478026354770735e-05,1.9387059651732609e-05,2.7248487347904081e-05
2589,8.1999999999999993,19721.729276736052,3.7838486121146326,29.484059991166124,0,0.0056963732970275165,2.2147039321545125e-05,9.2290964809517722e-06,1.410264036692543e-05,2.2198887964626013e-05,2.7805299933455783e-05,3.9080313211587876e-05
2590,8.1999999999999993,20114.03879960184,3.7100474298456372,6.7411383833474394,0,0.0058548581758489961,2.2763215730658129e-05,9.4858690204513584e-06,1.4495004970344482e-05,2.2816506910154253e-05,2.8578900847716115e-05,4.0167608299302012e-05
2591,8.1999999999999993,19600.579355011407,3.8072363372870726,16.36736974186644,0,0.0038039951596495264,1.4789625957920859e-05,6.163121079125694e-06,9.4176369589500261e-06,1.4824250091036751e-05,1.8568169753668122e-05,2.6097538651836989e-05
2592,8.1999999999999993,23399.786539811095,3.1890905425704226,29.5164727887793,0,0.006603320892343288,2.5673178324148867e-05,1.0698506300828614e-05,1.6347991066652293e-05,2.5733282044576448e-05,3.2232318423420395e-05,4.5302481992192917e-05
2593,8.1999999999999993,23151.576006466981,3.2232811248544522,7.0255203094504379,0,0.0065380559449361945,2.5419433479635652e-05,1.0592765952533915e-05,1.61864131584192e-05,2.5478943155609445e-05,3.1913745299228831e-05,4.4854727876826569e-05
2594,8.1999999999999993,22741.841667594257,3.2813542123377348,16.514603552484886,0,0.0042321289496703761,1.645417555606987e-05,6.8567708539604703e-06,1.0477577478077076e-05,1.6492696581982665e-05,2.0657988630073022e-05,2.9034776388557984e-05
2595,8.1999999999999993,22462.712797365053,3.3221293717040212,29.432645298509271,0,0.0061194614756130469,2.3791971989933307e-05,9.9145715045345099e-06,1.5150089351563214e-05,2.3847671600431423e-05,2.9870490027301797e-05,4.1982935226172274e-05
2596,8.1999999999999993,21846.116516186652,3.4158948981612509,7.0541605320772733,0,0.0059480628595010784,2.3125588013189541e-05,9.6368765076802103e-06,1.4725753916300021e-05,2.3179727545861301e-05,2.9033854209972299e-05,4.0807044663455156e-05
2597,8.1999999999999993,21642.051723020912,3.4481036690666316,16.500530505404782,0,0.0038811296251087032,1.5089518530000393e-05,6.2880920714763643e-06,9.6086005018121909e-06,1.5124844744451248e-05,1.8944680708176384e-05,2.6626724313023563e-05
2598,8.1999999999999993,21535.966908162238,3.4650888102913711,29.388839816657782,0,0.0056470403342715964,2.1955236746637718e-05,9.1491686656165008e-06,1.3980505633876122e-05,2.2006636358897643e-05,2.7564494467502532e-05,3.8741861439622198e-05
2599,8.1999999999999993,20912.119981996937,3.5684587701544093,7.1706098134944138,0,0.0054871353783767169,2.1333539192553291e-05,8.8900953590081938e-06,1.3584625313488532e-05,2.1383483342793308e-05,2.6783961832497157e-05,3.7644823827336855e-05
2600,8.1999999999999993,20731.01385429451,3.5996328243647171,16.672549349604488,0,0.0035808630796989533,1.3922106451932342e-05,5.8016090456826139e-06,8.8652238157473117e-06,1.3954699626933307e-05,1.7479011075981213e-05,2.4566727534424481e-05
2601,8.1999999999999993,20611.378290538651,3.6205263374615413,29.52138274887627,0,0.0051987087296723345,2.0212159676647846e-05,8.4227949856356525e-06,1.287056092781388e-05,2.0259478554704331e-05,2.537608544205559e-05,3.566605537551897e-05
2602,8.1999999999999993,24330.647153847545,3.0670798635324217,12.287736811530143,0,0.0054558176686420462,2.121177846642314e-05,8.8393553267749576e-06,1.3507091350302817e-05,2.1261437561476376e-05,2.6631092933814584e-05,3.7429966787307685e-05
2603,8.1999999999999993,24159.069509883455,3.088862256129095,23.486667133221477,0,0.0052566319618788937,2.0437360525401746e-05,8.5166405028881586e-06,1.3013962785470449e-05,2.0485206623293763e-05,2.565882197645003e-05,3.6063441210123785e-05
2604,8.1999999999999993,23002.275829901089,3.2442023782391587,12.272217145100152,0,0.0052379539962444897,2.0364742103507331e-05,8.4863790123011967e-06,1.2967721322983213e-05,2.0412418193725489e-05,2.5567650557455702e-05,3.5935299898259852e-05
2605,8.1999999999999993,22812.43034142692,3.2712006934553779,23.520358855149979,0,0.0051944648092918048,2.0195659656960907e-05,8.4159191106522088e-06,1.2860054158023405e-05,2.0242939906665353e-05,2.5355369896756634e-05,3.5636939703306497e-05
2606,8.1999999999999993,22248.588910832023,3.3541020624434532,12.273236259273355,0,0.0054012223333968542,2.0999516212283446e-05,8.7509015703031488e-06,1.3371928442514375e-05,2.1048678378167299e-05,2.6364600625058715e-05,3.7055412190896829e-05
2607,8.1999999999999993,22057.204472119349,3.3832047051385947,23.558451452827153,0,0.0053547118381637743,2.0818687163153351e-05,8.6755466338373576e-06,1.3256781356226685e-05,2.0867425988441159e-05,2.6137572268141837e-05,3.673632412792116e-05
2608,8.1999999999999993,22149.833137191083,3.3690564389390087,12.352087108980088,0,0.0057163115268752474,2.222455754891799e-05,9.2613998145517864e-06,1.4152001894064527e-05,2.2276587670653654e-05,2.7902622990100901e-05,3.9217100642239687e-05
2609,8.1999999999999993,21961.466899422849,3.397953255765414,23.665839664725102,0,0.0056680328877042494,2.2036854098958219e-05,9.1831801832803072e-06,1.403247737378977e-05,2.2088444786373083e-05,2.7666963918524747e-05,3.8885882120936597e-05
2610,8.1999999999999993,21947.107701866207,3.4001764134930998,12.325038115699636,0,0.0060019652646723983,2.3335156211165262e-05,9.7242075992259572e-06,1.4859201321413041e-05,2.3389786365926059e-05,2.9296964168672743e-05,4.1176845371223436e-05
2611,8.1999999999999993,21804.429380060639,3.4224256297447164,23.666526201934186,0,0.0059630665850035885,2.3183921286194517e-05,9.6611851024678158e-06,1.4762898979288848e-05,2.3238197383443052e-05,2.9107090823158138e-05,4.0909978628875708e-05
2612,8.1999999999999993,21676.295624093767,3.4426564043226864,12.110558275663486,0,0.0059648322236182218,2.3190785946529598e-05,9.664045738222401e-06,1.4767270210790323e-05,2.3245078114699325e-05,2.9115709308761877e-05,4.0922091899281342e-05
2613,8.1999999999999993,21567.325210729578,3.4600506656779748,23.484153434373066,0,0.0059347012246639269,2.3073639056070995e-05,9.6152283798934186e-06,1.4692674214356881e-05,2.3127656970548242e-05,2.896863301661368e-05,4.0715376360268768e-05
2614,8.1999999999999993,21380.580056646326,3.4902719081786913,11.918911540987454,0,0.0059118892576189705,2.2984947970567508e-05,9.5782691018053656e-06,1.4636198110962278e-05,2.3038758249506208e-05,2.8857282591934155e-05,4.055887348192782e-05
2615,8.1999999999999993,21230.53124684927,3.5149397386536361,23.303332647313184,0,0.0058702684106271465,2.2823129478895807e-05,9.510836229611593e-06,1.4533156437552495e-05,2.2876560923034213e-05,2.8654121725581519e-05,4.0273331146171701e-05
2616,8.1999999999999993,21025.576300202949,3.5492029748339369,11.765256792160416,0,0.0058428934445973581,2.2716697821861666e-05,9.4664841147697637e-06,1.446538361424115e-05,2.2769880097841835e-05,2.852049826001201e-05,4.0085523537572913e-05
2617,8.1999999999999993,20802.896843101622,3.5871945390636335,23.116542489856727,0,0.0057809774287076827,2.2475973352617769e-05,9.3661696068248342e-06,1.4312096731602933e-05,2.2528592066267756e-05,2.8218272035934418e-05,3.966074496924334e-05
2618,8.1999999999999993,20939.554499309019,3.5637834584656876,11.687744354396154,0,0.0058530770835604345,2.2756290987686905e-05,9.482983347108778e-06,1.4490595479832512e-05,2.2809565955601805e-05,2.857020692919809e-05,4.0155389008032591e-05
2619,8.1999999999999993,20754.206358495918,3.5956102904281968,23.003793598790438,0,0.0058013925694688278,2.2555345771105141e-05,9.3992456174604314e-06,1.4362638957890108e-05,2.2608150304274246e-05,2.8317923003742932e-05,3.98008042760343e-05
2620,8.1999999999999993,21102.355631158796,3.5362894672333032,11.826757525274786,0,0.0059316104198088209,2.3061622256417612e-05,9.6102207487702166e-06,1.4685022238785221e-05,2.3115612038251614e-05,2.8953546091731695e-05,4.0694171706796277e-05
2621,8.1999999999999993,20941.397778856724,3.5634697712309182,23.1038046752568,0,0.0058865305476775102,2.2886355354365505e-05,9.5371836657781432e-06,1.4573416978507316e-05,2.2939934817198556e-05,2.8733500933134556e-05,4.0384898520056696e-05
2622,8.1999999999999993,21435.609984834166,3.4813116120826622,11.992994065466499,0,0.0060666050857809285,2.3586470615116861e-05,9.8289351362771886e-06,1.5019231590312673e-05,2.3641689124404075e-05,2.9612485908532293e-05,4.1620310769844792e-05
2623,8.1999999999999993,21196.340226282337,3.5206095559717605,23.237734913212847,0,0.0059987438846881994,2.3322631745955632e-05,9.7189884141189193e-06,1.4851226078037388e-05,2.3377232579572551e-05,2.9281239876743519e-05,4.1154744899187701e-05
2624,8.1999999999999993,21713.956362610967,3.436685452715222,12.069987102661756,0,0.0061852105310645101,2.4047599007424919e-05,1.0021096190444691e-05,1.5312865777044469e-05,2.4103897068749771e-05,3.0191426193497807e-05,4.2434010594029581e-05
2625,8.1999999999999993,21363.332115374531,3.4930898208792822,23.32967542687113,0,0.0060848720281211346,2.3657491011638985e-05,9.8585306990114131e-06,1.5064455473122761e-05,2.3712875787447753e-05,2.9701651028890823e-05,4.1745632231562514e-05
2626,8.1999999999999993,21976.820910687627,3.395579290359851,12.117248057591882,0,0.0062936258533406713,2.4469109024467001e-05,1.0196747507015234e-05,1.5581272045489494e-05,2.45263938868767e-05,3.0720626159174916e-05,4.3177800463576672e-05
2627,8.1999999999999993,21440.475962099881,3.4805215184677065,23.379059550143804,0,0.0061395975963847932,2.3870259601236439e-05,9.947195455189485e-06,1.5199940801744174e-05,2.3926142491601324e-05,2.9968779034773771e-05,4.2121080299465982e-05
2628,8.1999999999999993,22235.709801592948,3.3560447864332277,12.156293234001433,0,0.006403095202185711,2.489471701168233e-05,1.0374106526432911e-05,1.5852287791379723e-05,2.4952998268973582e-05,3.1254971069425923e-05,4.3928821546089842e-05
2629,8.1999999999999993,21587.659649619669,3.4567914801080799,23.413669347825422,0,0.0062164545502849059,2.4169073230787054e-05,1.0071716831473995e-05,1.5390217302955259e-05,2.4225655676564346e-05,3.0343935391938701e-05,4.2648362075832765e-05
2630,8.1999999999999993,22342.151580104772,3.340056023016575,12.256260756778426,0,0.006472068814743874,2.5162880846779262e-05,1.0485855544930565e-05,1.6023047325910754e-05,2.522178990495944e-05,3.15916470358122e-05,4.4402019182823779e-05
2631,8.1999999999999993,21775.963503685933,3.4268994774741848,23.505677152771138,0,0.0063084352719917853,2.4526686848126591e-05,1.0220741291556929e-05,1.5617936058606203e-05,2.4584106506523463e-05,3.0792914316211466e-05,4.327940137510209e-05
2632,8.1999999999999993,22294.009121838422,3.3472686560973535,12.492411651876807,0,0.0064852953309241061,2.521430447347232e-05,1.0507284757443363e-05,1.6055792511535172e-05,2.5273333919990986e-05,3.1656208684125864e-05,4.449276049629973e-05
2633,8.1999999999999993,21851.451387744124,3.4150609324803378,23.704641418502359,0,0.0063569194697535259,2.4715189493285598e-05,1.0299293962811488e-05,1.5737969484938976e-05,2.4773050457006708e-05,3.1029576766248169e-05,4.361203014353799e-05
2634,8.1999999999999993,22174.975761358393,3.365236506022089,12.834699153151922,0,0.0064766983317215412,2.5180880034893858e-05,1.0493356152179987e-05,1.6034508725928671e-05,2.523983123114345e-05,3.1614244766227481e-05,4.4433780263790854e-05
2635,8.1999999999999993,21802.712581095937,3.4226951199173761,24.040131849006826,0,0.0063680118038939235,2.4758315592571139e-05,1.0317265436351345e-05,1.5765431027758409e-05,2.4816277519210894e-05,3.1083720984271377e-05,4.3688129772170216e-05
2636,8.1999999999999993,22161.724122836888,3.3672487545939958,13.168181766632683,0,0.0064997058025851083,2.5270331223454589e-05,1.0530632179805028e-05,1.6091468842554229e-05,2.5329491834727179e-05,3.1726549489726826e-05,4.4591624407892836e-05
2637,8.1999999999999993,21739.520826859516,3.432644102260022,24.400541674385725,0,0.0063756122284192402,2.4787865429291017e-05,1.0329579420632702e-05,1.5784247570868818e-05,2.484589653533281e-05,3.1120820393409172e-05,4.3740272943887108e-05
2638,8.1999999999999993,22239.702432888935,3.3554422851414283,13.254669256221348,0,0.0065460152768248275,2.5450378719197596e-05,1.0605661427969565e-05,1.6206118256616498e-05,2.5509960841364208e-05,3.1952596617233016e-05,4.4909333354196718e-05
2639,8.1999999999999993,21764.874069469257,3.4286455191099554,24.543270386959268,0,0.0064061098783552038,2.4906437829154444e-05,1.0378990816098687e-05,1.5859751293440459e-05,2.4964746526162258e-05,3.1269686392794695e-05,4.394950391411456e-05
2640,8.1999999999999993,22480.0095559068,3.3195732309050636,13.079623206010803,0,0.0066473412197389503,2.5844325801840989e-05,1.0769826740602049e-05,1.6456973188034556e-05,2.5904830197246213e-05,3.2447191702010483e-05,4.560448610824985e-05
2641,8.1999999999999993,21993.842636172107,3.392951344916328,24.417677336757979,0,0.0065037702450372091,2.5286133447451004e-05,1.0537217269927421e-05,1.6101531274772982e-05,2.534533105345955e-05,3.1746388962238561e-05,4.4619508760932249e-05
2642,8.1999999999999993,22920.199839121062,3.2558196907562342,12.96534287423035,0,0.006809488935180184,2.6474743023909216e-05,1.1032533700266007e-05,1.6858405959018778e-05,2.6536723295031485e-05,3.3238671758930345e-05,4.6716910307923263e-05
2643,8.1999999999999993,22384.147886317936,3.3337895340609038,24.298485305447702,0,0.0066502838573976432,2.5855766539401173e-05,1.0774594315591337e-05,1.6464258342722781e-05,2.5916297718825234e-05,3.2461555388944083e-05,4.5624674251718249e-05
2644,8.1999999999999993,23327.184140151749,3.1990161137293951,12.804865717372387,0,0.00696078929711495,2.7062986611611205e-05,1.1277666096808125e-05,1.723298369128662e-05,2.7126344025356492e-05,3.397720340429001e-05,4.7754915583406655e-05
2645,8.1999999999999993,22846.715853151363,3.2662916820049195,24.113200731828471,0,0.0068172990949634084,2.6505108294372948e-05,1.1045187491443746e-05,1.6877741748456684e-05,2.6567159653916899e-05,3.3276794933795674e-05,4.677049238105043e-05
2646,8.1999999999999993,23480.485596950402,3.1781300963371151,12.557162101154534,0,0.0070353234390317836,2.7352769335768541e-05,1.1398424121433084e-05,1.7417509554270177e-05,2.7416805162588264e-05,3.4341021585300335e-05,4.8266261567804615e-05
2647,8.1999999999999993,23031.988154300416,3.2400172079085068,23.793830918878587,0,0.0069009463235887051,2.6830321963650804e-05,1.1180710271130591e-05,1.7084829086571994e-05,2.6893134683989694e-05,3.3685096173769259e-05,4.7344359247476425e-05
2648,8.1999999999999993,23352.417100858966,3.195559484484086,12.354369659872804,0,0.0070233436764884187,2.7306192986523815e-05,1.1379014862494716e-05,1.738785098485753e-05,2.7370119773012103e-05,3.4282545626426e-05,4.8184073682990351e-05
2649,8.1999999999999993,22833.673446945373,3.268157360911248,23.498554739201523,0,0.0068674231602015526,2.6699986611839281e-05,1.112639702775376e-05,1.7001835031835906e-05,2.6762494202854166e-05,3.3521461951766214e-05,4.7114371559398331e-05
2650,8.1999999999999993,22909.674245455022,3.2573155407079901,12.069901495363611,0,0.0069164712306085232,2.6890681548302792e-05,1.1205863268884174e-05,1.7123264450445475e-05,2.6953635577035806e-05,3.3760876793053867e-05,4.7450868810189226e-05
2651,8.1999999999999993,22344.201457492905,3.3397496032356,23.180669878528573,0,0.0067455219870171459,2.6226044695626326e-05,1.0928896332171331e-05,1.6700041536907637e-05,2.6287442736741648e-05,3.292643446569867e-05,4.6278061194803273e-05
2652,8.1999999999999993,22244.711038313788,3.354686775824935,11.789776368385709,0,0.0067073678856020436,2.6077704630771477e-05,1.0867080179201206e-05,1.6605582564027269e-05,2.6138755391558915e-05,3.2740195576809137e-05,4.6016302676556766e-05
2653,8.1999999999999993,21570.499089077915,3.4595415546070343,22.884260011383862,0,0.0065041833306656452,2.5287739491012252e-05,1.0537886539113435e-05,1.6102553960217703e-05,2.5346940856944556e-05,3.1748405327599103e-05,4.4622342759847117e-05
2654,8.1999999999999993,21675.27595634936,3.4428183568485795,11.756627568674263,0,0.0065213648892941409,2.5354540003322299e-05,1.0565723595079949e-05,1.6145090733993986e-05,2.5413897756565349e-05,3.1832272442003083e-05,4.4740217881025581e-05
2655,8.1999999999999993,20780.723577603338,3.591022115933689,22.85213045669822,0,0.0062525856625101845,2.4309548077054932e-05,1.0130255396856498e-05,1.54796679156874e-05,2.4366459389822539e-05,3.0520299608251117e-05,4.2896241754501953e-05
2656,8.1999999999999993,21177.651029983383,3.5237164804833778,11.772390011591744,0,0.0063383545680459549,2.4643010654807309e-05,1.026921565507348e-05,1.5692007937375754e-05,2.470070263996745e-05,3.0938957238120767e-05,4.3484664513576061e-05
2657,8.1999999999999993,20189.347042027031,3.6962085894574774,22.879829452220786,0,0.0060426886621702917,2.3493485491685448e-05,9.7901864501443705e-06,1.4960021158787784e-05,2.3548486312621336e-05,2.9495744378939007e-05,4.1456230700497433e-05
2658,8.1999999999999993,20569.541594081493,3.6278901798059477,11.482568366105788,0,0.0057887730053178699,2.2506281924882515e-05,9.3787997707745198e-06,1.4331396417149112e-05,2.2558971594217498e-05,2.8256324026999261e-05,3.9714226993630685e-05
2659,8.1999999999999993,19707.869949283326,3.7865095590907294,22.565751715849597,0,0.0055389423848831417,2.1534960649750988e-05,8.9740315472644286e-06,1.3712885092676165e-05,2.158537634966821e-05,2.7036843671423925e-05,3.8000248925948697e-05
2660,8.1999999999999993,20090.088589980573,3.7144703278956719,11.196740760268987,0,0.0053496512541275926,2.0799012021129604e-05,8.6673476244177583e-06,1.3244252753730406e-05,2.0847704784756457e-05,2.6112870400896249e-05,3.6701605685351611e-05
2661,8.1999999999999993,19407.39623429353,3.8451339402456788,22.177350789472118,0,0.0051571064153621985,2.0050413238545789e-05,8.3553921395476899e-06,1.2767565136183828e-05,2.009735345048727e-05,2.5173015037957802e-05,3.5380640184345412e-05
2662,8.1999999999999993,19681.380540522456,3.7916058682282499,10.980540446766389,0,0.004929718412409757,1.9166347047647939e-05,7.9869847848270792e-06,1.2204615508029187e-05,1.9211217563874061e-05,2.4063082227434056e-05,3.3820631050011472e-05
2663,8.1999999999999993,19206.230657488533,3.8854077764177131,21.841466219734826,0,0.0048043677964467093,1.8678993976499639e-05,7.7838954035055674e-06,1.1894282149500542e-05,1.8722723545844625e-05,2.3451217222815286e-05,3.2960655574798558e-05
2664,8.1999999999999993,19378.580084579848,3.8508516943229987,10.792982998843621,0,0.0044427739620045295,1.7273146351661203e-05,7.1980517077060689e-06,1.0999076105209761e-05,1.731358467784415e-05,2.1686195076882601e-05,3.0479919224048273e-05
2665,8.1999999999999993,23719.186674602697,3.1461465764415051,21.744395894391506,0,0.0051953537709491038,2.0199115868089104e-05,8.417359380184292e-06,1.286225498052909e-05,2.0246404209162088e-05,2.5359709121772565e-05,3.5643038478472522e-05
2666,8.1999999999999993,19248.5009469693,3.8768753035819072,10.942181301981011,0,0.0042823536399326225,1.6649445095503114e-05,6.9381434199750727e-06,1.0601919881107139e-05,1.6688423268780289e-05,2.0903146821783423e-05,2.9379345910964075e-05
2667,8.1999999999999993,23487.99692338131,3.1771137485969758,22.139635208623638,0,0.004882820683200775,1.8984012464093786e-05,7.9110024632623916e-06,1.2088509737818368e-05,1.9028456115102994e-05,2.3834163692980882e-05,3.3498886344945244e-05
2668,8.1999999999999993,23527.172166825698,3.1718235163638262,11.737628001091606,0,0.0045100807095169839,1.7534829550081762e-05,7.3071001204804992e-06,1.1165708944200653e-05,1.7575880505273863e-05,2.2014734694029135e-05,3.0941681232414643e-05
2669,8.1999999999999993,22966.638270588501,3.2492364390936199,22.796214315617156,0,0.0042238223958294642,1.6421880345600218e-05,6.8433128197298131e-06,1.0457012754629613e-05,1.6460325764890539e-05,2.0617442442364348e-05,2.8977788774003098e-05
2670,8.1999999999999993,22950.386773441398,3.2515372698918745,11.843093656346449,0,0.0038520053824944865,1.4976285826883155e-05,6.2409058301600664e-06,9.5364969548480712e-06,1.5011346951182511e-05,1.8802518623812004e-05,2.6426915686716048e-05
2671,8.1999999999999993,22320.315215030365,3.3433236597853626,23.060328430619556,0,0.0035882569830698345,1.395085335108308e-05,5.8135884304635069e-06,8.8835290697589721e-06,1.3983513825721352e-05,1.7515102408165082e-05,2.4617453855282182e-05
2672,8.1999999999999993,22931.861495098303,3.2541639922353953,11.665064498975019,0,0.0031477071871373235,1.2238031324705818e-05,5.0998226080153158e-06,7.7928499636335699e-06,1.2266681895509207e-05,1.5364678169304487e-05,2.1595035359758418e-05
2673,8.1999999999999993,22286.912783063166,3.3483344543344926,22.939352640694128,0,0.0029164963366884542,1.1339102211487229e-05,4.7252215882139936e-06,7.2204360253629029e-06,1.1365648290847334e-05,1.4236085166462675e-05,2.0008799349177004e-05
2674,8.1999999999999993,22886.19480852169,3.2606572904156139,11.552251910549703,0,0.0025358723679744901,9.8592669615345063e-06,4.1085458285588109e-06,6.2781166467143966e-06,9.8823485846041186e-06,1.237817258593066e-05,1.7397505612346001e-05
2675,8.1999999999999993,22289.728224841572,3.3479115222728848,22.856519137023408,0,0.0024005912831670949,9.3333050295357606e-06,3.8893673936787141e-06,5.9431982015904131e-06,9.3551553181551821e-06,1.1717834693335781e-05,1.6469401555570934e-05
2676,8.1999999999999993,22854.947345422661,3.265115286613153,11.304152559117394,0,0.0020449935367108031,7.9507697105232425e-06,3.3132383832842095e-06,5.0628368081088663e-06,7.9693833326401371e-06,9.9820808232308039e-06,1.402980172876563e-05
2677,8.1999999999999993,22356.412198860555,3.3379254814456147,22.613488811927443,0,0.0019898524828487682,7.7363857464752438e-06,3.2239004695594128e-06,4.9263228523828039e-06,7.7544974722676313e-06,9.7129247371855325e-06,1.3651503196808489e-05
2678,8.1999999999999993,23142.921940204644,3.2244864388812942,10.885807442694945,0,0.0018751184397765987,7.2903090532983504e-06,3.0380117473938063e-06,4.6422731837744501e-06,7.3073764647281983e-06,9.1528816511988009e-06,1.2864363361427272e-05
2679,8.1999999999999993,22793.660561086439,3.2738944125401748,22.132794647727579,0,0.001842214465213648,7.1623810576276569e-06,2.984701695539108e-06,4.5608120688320893e-06,7.1791489756177148e-06,8.992269831358437e-06,1.263862365569253e-05
2680,8.1999999999999993,23973.150400496179,3.1128173271183299,10.687857697076064,0,0.0017184724325333687,6.6812820283684393e-06,2.7842184935426174e-06,4.2544611163632726e-06,6.6969236408739368e-06,8.3882566893745594e-06,1.178968396329082e-05
2681,8.1999999999999993,23510.514208454526,3.174070855729858,21.859958721242048,0,0.0016853481144417683,6.5524973548540031e-06,2.7305514475832799e-06,4.1724544919573112e-06,6.5678374683431127e-06,8.2265693224127139e-06,1.1562432577463366e-05
2682,8.1999999999999993,19203.552026592093,3.885949737264371,10.871587092554378,0,0.0013993530412642827,5.4405716082153246e-06,2.2671906413648377e-06,3.4644100128780959e-06,5.4533085818294888e-06,6.8305620078393811e-06,9.600346096477401e-06
2683,8.1999999999999993,23596.839944324693,3.1624589618079839,21.739610891062668,0,0.0015856253771719512,6.1647834062756635e-06,2.5689836015841415e-06,3.9255686530577633e-06,6.1792158389752349e-06,7.7397998507877788e-06,1.0878278712607813e-05
2684,8.1999999999999993,19423.898792162625,3.8418671117864553,10.610681835656584,0,0.0013477714006441309,5.2400263553821887e-06,2.1836195842893516e-06,3.3367081771185635e-06,5.2522938306094685e-06,6.5787802313094859e-06,9.2464671341462291e-06
2685,8.1999999999999993,23820.16607448773,3.13280930615355,21.373889563971034,0,0.0014912104031245259,5.7977056124340756e-06,2.416015237452363e-06,3.6918233637632153e-06,5.8112786758410084e-06,7.2789387845075878e-06,1.0230539078064775e-05
2686,8.1999999999999993,19485.294247393729,3.8297619222383372,10.152832032258052,0,0.0012286623944603497,4.7769401589633409e-06,1.990642675561474e-06,3.0418273132629081e-06,4.7881234987192735e-06,5.9973819505043856e-06,8.4293125999776026e-06
2687,8.1999999999999993,19264.401625521885,3.8736753626136373,21.116174299875578,0,0.0011370854758512761,4.4208964954556444e-06,1.8422724453814336e-06,2.8151082620854009e-06,4.4312462980257532e-06,5.5503740814386967e-06,7.8010436162608567e-06
2688,8.1999999999999993,19496.914316456863,3.8274794021785246,9.7080577001501052,0,0.0013467750152579905,5.2361524894721403e-06,2.1820052699912178e-06,3.3342414032547563e-06,5.2484108955553239e-06,6.5739166465220555e-06,9.2396313719973313e-06
2689,8.1999999999999993,19426.819963349149,3.8412894180861699,20.548135340370713,0,0.0012644805094350175,4.9161980971995049e-06,2.0486741320040371e-06,3.1305030316138304e-06,4.9277074550308539e-06,6.1722183557029956e-06,8.6750449420958965e-06
2690,8.1999999999999993,23694.431044209472,3.1494336290685112,9.4483979820216586,0,0.0019441684916424009,7.5587700782499014e-06,3.1498846106095567e-06,4.8132219608303887e-06,7.5764659863226521e-06,9.4899307353153874e-06,1.3338085414650166e-05
2691,8.1999999999999993,19430.69772396491,3.8405228166480327,20.18252848323538,0,0.0013655722757363771,5.3092347200853247e-06,2.2124600385758427e-06,3.3807782066886948e-06,5.3216642196693425e-06,6.6656703709139539e-06,9.3685911133468801e-06
2692,8.1999999999999993,23335.5004492751,3.1978760478906452,9.4280046492078409,0,0.0020996840403408167,8.1634019716570165e-06,3.4018463287741272e-06,5.1982353264227178e-06,8.1825133891701691e-06,1.0249037670623128e-05,1.4405009233631175e-05
2693,8.1999999999999993,19480.664305923608,3.830672136246752,20.097889102116305,0,0.001676440705067103,6.5178660665961293e-06,2.7161199248884774e-06,4.1504022168584455e-06,6.5331251044489772e-06,8.1830902215219964e-06,1.1501322757212049e-05
2694,8.1999999999999993,23154.175701320459,3.2229192226446872,9.4906532714623797,0,0.0025342879823994713,9.8531069983788718e-06,4.1059788536482119e-06,6.2741941474676046e-06,9.8761742003005197e-06,1.237043883783753e-05,1.7386635839370978e-05
2695,8.1999999999999993,19448.671389932642,3.8369735626725849,20.123005345143724,0,0.001916642916293405,7.4517528643463684e-06,3.105288482978288e-06,4.7450762706169045e-06,7.4691982334081651e-06,9.3555721112380036e-06,1.3149244541716286e-05
2696,8.1999999999999993,22813.914004295559,3.2709879566578319,9.5957037441343171,1,0.0074501742401808452,2.8965675745960637e-05,1.2070553188361111e-05,1.8444565077051488e-05,2.9033487563221826e-05,3.6366003157277598e-05,5.1112370556736833e-05
2697,8.1999999999999993,19330.000041196934,3.8605296323453828,20.155253759307985,0,0.002040445878259611,7.9330887817484258e-06,3.3058704008118584e-06,5.0515780670986457e-06,7.9516610108758527e-06,9.9598826629914988e-06,1.399860224316579e-05
2698,8.1999999999999993,24011.407769441677,3.1078576761854482,20.212755993809537,1,0.0077281008815495572,3.0046232081359122e-05,1.2520841758662006e-05,1.9132634356790525e-05,3.0116573599270113e-05,3.7722626612202429e-05,5.3019103073758088e-05
2699,8.3000000000000007,26504.043191707067,3.9771009493346972,6.0822114518063373,1,0.024893604914813246,8.0139871300067726e-05,3.3610688321250026e-05,5.5711176610182739e-05,8.088218726390145e-05,0.00010949728109687977,0.00013771170525696827
2700,8.3000000000000007,27636.461620820748,3.8141371636205696,18.804799209556968,1,0.025938785956252982,8.3504617966244967e-05,3.5021864177190693e-05,5.8050261920989388e-05,8.4278100752835459e-05,0.00011409462578372963,0.00014349365865469696
2701,8.3000000000000007,26967.695643201769,3.9087231157445372,29.341186895108592,1,0.023888881067278333,7.6905368297827047e-05,3.2254136700703972e-05,5.3462633343507384e-05,7.7617723854005001e-05,0.00010507789186278763,0.00013215356151563971
2702,8.3000000000000007,27529.492615923555,3.8289574315646986,39.434449177849714,1,0.025868243312051144,8.3277520346320186e-05,3.4926619360871866e-05,5.7892389498609161e-05,8.4048899583380544e-05,0.00011378433614235715,0.00014310341594539014
2703,8.3000000000000007,26716.594929837556,3.9454599516057001,5.7348625355820584,0,0.0082233439311374737,2.6473374449089674e-05,1.1102941931220012e-05,1.8403608783927356e-05,2.6718590820807138e-05,3.6171289978506325e-05,4.5491632069632624e-05
2704,8.3000000000000007,27633.46986661138,3.8145501034710283,17.739318701519309,0,0.0085000641082292657,2.7364218481288156e-05,1.1476562210655666e-05,1.9022900634598131e-05,2.7617686522688378e-05,3.7388474356577979e-05,4.7022451233700122e-05
2705,8.3000000000000007,26876.024299542667,3.9220553666763749,27.973314187337024,0,0.0074761715404739583,2.4068005703516521e-05,1.0094129490001789e-05,1.6731458319703606e-05,2.4290941734752029e-05,3.2884769381418092e-05,4.1358265914296489e-05
2706,8.3000000000000007,27518.377007669125,3.8305040776775958,38.885430246306711,0,0.0078495447695846286,2.527000447509718e-05,1.0598248169240159e-05,1.7567056939496951e-05,2.5504074326017924e-05,3.4527092924427833e-05,4.342377086040955e-05
2707,8.3000000000000007,26822.583473117811,3.9298695983028442,5.3641903493108254,0,0.0066133898336633761,2.1290456401980514e-05,8.9292244014812196e-06,1.4800577508802785e-05,2.1487664675566583e-05,2.9089728389999966e-05,3.6585347708355953e-05
2708,8.3000000000000007,27049.188279841524,3.8969470820498699,16.635728070080368,0,0.0066631627881399312,2.1450690252386071e-05,8.9964265309222557e-06,1.491196795895024e-05,2.1649382732811673e-05,2.9308660248442793e-05,3.6860692258094716e-05
2709,8.3000000000000007,26203.065076051906,4.0227834046515412,26.61581501837502,0,0.0056160128510170928,1.8079605129115654e-05,7.5825923239967319e-06,1.2568476315854487e-05,1.8247072075211705e-05,2.4702655155645265e-05,3.106784690707437e-05
2710,8.3000000000000007,28450.87369319061,3.7049567080315877,38.153750416845824,0,0.0061135313038420663,1.9681264065828208e-05,8.2543286076404128e-06,1.3681908399596743e-05,1.9863566785654003e-05,2.6891045228769776e-05,3.3820124641448046e-05
2711,8.3000000000000007,26583.041229333729,3.9652820168156482,4.9870600241744318,0,0.0056501486069851555,1.8189498216090099e-05,7.6286815207353722e-06,1.264487116248143e-05,1.8357983074886193e-05,2.4852805062799342e-05,3.1256686296977283e-05
2712,8.3000000000000007,25879.977358872056,4.0730041559642274,15.674122814335341,0,0.0054963692458888172,1.7694437004624752e-05,7.4210526861918331e-06,1.2300717345693684e-05,1.7858336232892817e-05,2.4176389493962043e-05,3.0405977123983943e-05
2713,8.3000000000000007,29413.875111988607,3.5836575404504569,34.044558137980374,0,0.0058632901045071982,1.8875663688651124e-05,7.9164595450935459e-06,1.3121875744664035e-05,1.9050504329854282e-05,2.5790331570006547e-05,3.2435787483214803e-05
2714,8.3000000000000007,26831.981265971164,3.9284931773796377,37.535624677208141,0,0.0048128241297928807,1.5493903260348881e-05,6.4981481117345608e-06,1.0770962904174932e-05,1.5637419484491393e-05,2.1169740518223788e-05,2.6624597774557967e-05
2715,8.3000000000000007,26303.662023031458,4.007398484920075,4.6426595436129467,0,0.0050681363983912835,1.6315828908193839e-05,6.8428639981566928e-06,1.1342344467243286e-05,1.6466958427935433e-05,2.2292759837356865e-05,2.8036988145580088e-05
2716,8.3000000000000007,26545.178747016325,3.9709378619570965,22.023371348885512,0,0.0049762603306253298,1.6020052692916219e-05,6.7188153564099141e-06,1.1136728452404376e-05,1.6168442510150669e-05,2.1888632767265134e-05,2.7528728694702995e-05
2717,8.3000000000000007,28353.893775616889,3.7176289145018009,32.677562950446806,0,0.0045097845781459601,1.4518329383004865e-05,6.0889921074406603e-06,1.0092769045171975e-05,1.4652809105699299e-05,1.9836787453221544e-05,2.494817953138213e-05
2718,8.3000000000000007,27707.05883210291,3.8044187936979106,37.335299440919044,0,0.0050115334116191072,1.6133607165274542e-05,6.766440139380041e-06,1.1215668599946458e-05,1.6283048809723448e-05,2.2043785324636618e-05,2.7723859779571691e-05
2719,8.3000000000000007,25922.02630451275,4.0663972060160809,4.3339192111263412,0,0.0047745030406023629,1.5370536348794056e-05,6.4464079885454574e-06,1.0685201401367555e-05,1.5512909855505526e-05,2.1001180958875442e-05,2.6412605073710117e-05
2720,8.3000000000000007,26565.674898122998,3.9678741738420391,19.804329977463983,0,0.0043705332638522675,1.4070038247829775e-05,5.9009786582409167e-06,9.7811285820745804e-06,1.420036555973683e-05,1.9224275108926519e-05,2.4177839678384497e-05
2721,8.3000000000000007,28875.209950489232,3.6505104385279123,30.905069364075636,0,0.0042042015013794018,1.3534567146584941e-05,5.6764019026633038e-06,9.4088828496176223e-06,1.3659934521070367e-05,1.8492646410987595e-05,2.3257690478342164e-05
2722,8.3000000000000007,26752.330091793385,3.9401896947765906,37.098829924139395,0,0.0049789761262757056,1.6028795641743567e-05,6.7224821520171135e-06,1.114280632548194e-05,1.6177266442767736e-05,2.1900578495525402e-05,2.75437525071007e-05
2723,8.3000000000000007,25572.533299446863,4.1219715741352072,4.0009749259645471,0,0.0047472172045321583,1.5282695178402552e-05,6.4095673728580666e-06,1.062413647977562e-05,1.5424255033906381e-05,2.0881161183822103e-05,2.6261659518518389e-05
2724,8.3000000000000007,24903.833105614583,4.2326518529061863,18.071070840183065,0,0.0038921930033251838,1.2530119580065021e-05,5.2551362636540914e-06,8.7106167447903205e-06,1.264618300320431e-05,1.7120242440852749e-05,2.1531655921726233e-05
2725,8.3000000000000007,26904.716243527662,3.9178727768334585,29.49414791280914,0,0.0040273691394642911,1.2965291512378536e-05,5.4376475148686073e-06,9.0131370756021355e-06,1.3085385826348171e-05,1.7714829662232091e-05,2.2279451842866092e-05
2726,8.3000000000000007,25329.475679156225,4.1615253578141722,3.7234652310165313,0,0.0049897023948866073,1.606332667045352e-05,6.7369644767894689e-06,1.1166811408192746e-05,1.6212117323923705e-05,2.1947759177199582e-05,2.7603090346939741e-05
2727,8.3000000000000007,28413.241547034355,3.7098637677244581,17.929179320261646,0,0.0044814618841010337,1.4427150260358754e-05,6.0507515534823349e-06,1.0029383665054765e-05,1.456078541321285e-05,1.9712206943413066e-05,2.4791498066092337e-05
2728,8.3000000000000007,24352.964262893729,4.3283952705320798,29.202699978785638,0,0.0040470800611114941,1.3028746794545106e-05,5.4642606810321995e-06,9.0572495551242696e-06,1.314942887922335e-05,1.7801530336387887e-05,2.2388492885395356e-05
2729,8.3000000000000007,23785.900434753254,4.4315856626110302,8.2169646335430375,0,0.0040352086454744389,1.2990529199120142e-05,5.448232208969816e-06,9.0306816660848117e-06,1.3110857283589462e-05,1.7749312598560168e-05,2.2322820079195226e-05
2730,8.3000000000000007,29189.159040621351,3.6112467369221655,18.017004091959365,0,0.0046175672233595517,1.486531357213121e-05,6.2345173902235565e-06,1.0333983525901276e-05,1.5003007324229585e-05,2.0310881367731091e-05,2.5544434349447395e-05
2731,8.3000000000000007,29759.822941876217,3.5419987392001744,29.984025305760014,0,0.0054065364222922801,1.7405238596190779e-05,7.2997627787937955e-06,1.2099674052932177e-05,1.756645905056249e-05,2.3781249859877825e-05,2.9909020923069627e-05
2732,8.3000000000000007,23741.252463711044,4.439919734650311,8.4347544767996183,0,0.0040798708345228104,1.3134309985171981e-05,5.5085339178218074e-06,9.130634369214223e-06,1.3255969875782833e-05,1.7945764188651945e-05,2.25698918165112e-05
2733,8.3000000000000007,28316.502870673401,3.722537907324543,18.222331556304169,0,0.0044646132495626788,1.4372909526318576e-05,6.0280029718267181e-06,9.9916769023091186e-06,1.4506042260562374e-05,1.9638096356438698e-05,2.4698291228373641e-05
2734,8.3000000000000007,27822.613880714802,3.788617985027289,30.321237678144854,0,0.0053922943609321572,1.7359389191560403e-05,7.280533523446276e-06,1.2067800726491831e-05,1.752018495414715e-05,2.3718604574010834e-05,2.9830233677791629e-05
2735,8.3000000000000007,24365.311812656932,4.326201780195956,8.4050459580110299,0,0.0043337258338122355,1.3951544252428606e-05,5.8512822376857096e-06,9.6987546052020324e-06,1.4080773983531277e-05,1.906237354716642e-05,2.3974220557156975e-05
2736,8.3000000000000007,29339.471880069821,3.5927454921419377,18.070423352038027,0,0.0045547258333151893,1.4663008565375207e-05,6.1496706040034418e-06,1.0193346290307184e-05,1.4798828415835831e-05,2.0034466546585133e-05,2.5196795065649741e-05
2737,8.3000000000000007,28826.766750744071,3.6566450983000087,30.292578855545521,0,0.0058141207850801952,1.8717373117868938e-05,7.8500724277642436e-06,1.3011836212512137e-05,1.8890747552354895e-05,2.5574054867252376e-05,3.2163782249429325e-05
2738,8.3000000000000007,25045.710023749216,4.2086750680652791,7.9970076949685209,0,0.0047617469338728695,1.5329470671280103e-05,6.4291850299203496e-06,1.0656653598938094e-05,1.5471463796697094e-05,2.0945071809194594e-05,2.6342038146333795e-05
2739,8.3000000000000007,24440.088979312721,4.312965285362484,17.857208450456206,0,0.0036844358276730883,1.1861287830890882e-05,4.9746280085724602e-06,8.2456621211271505e-06,1.1971156029649639e-05,1.620639947033407e-05,2.0382340865255786e-05
2740,8.3000000000000007,24091.586980779739,4.3753554061441227,30.156877594144099,0,0.0048588291227769902,1.5642006929123393e-05,6.5602628390189999e-06,1.0873920764149756e-05,1.5786895001209383e-05,2.1372098580299541e-05,2.6879097918504842e-05
2741,8.3000000000000007,25335.26596375899,4.1605742560480472,7.4570779014229593,0,0.0054835339035021729,1.7653116244113048e-05,7.4037227456737636e-06,1.2271992216127214e-05,1.7816632728315421e-05,2.41199318174586e-05,3.03349718640519e-05
2742,8.3000000000000007,24795.175391510478,4.2512002304705065,16.652634455189059,0,0.0038919128850071266,1.2529217796412766e-05,5.2547580552944135e-06,8.7099898479972514e-06,1.2645272866551354e-05,1.7119010309374898e-05,2.153010630400773e-05
2743,8.3000000000000007,24486.97823840021,4.304706538826597,28.985017551636979,0,0.0054041619977061575,1.7397594621708385e-05,7.2965568933874997e-06,1.209436015854373e-05,1.7558744271820078e-05,2.3770805690090454e-05,2.9895885579278401e-05
2744,8.3000000000000007,24482.221419593148,4.305542929800759,6.9633291184644985,0,0.0058639145655036418,1.8877674013152463e-05,7.9173026758490981e-06,1.3123273270533754e-05,1.9052533275498199e-05,2.5793078330931516e-05,3.2439242008542931e-05
2745,8.3000000000000007,29407.393164621277,3.5844474465611307,15.35532344805965,0,0.0047891136753746436,1.5417572300166697e-05,6.4661348819860501e-06,1.0717899584574481e-05,1.5560381489354463e-05,2.1065447455758432e-05,2.6493431271292301e-05
2746,8.3000000000000007,29253.378402131963,3.6033190385717582,27.816402004154249,0,0.0069362288234275241,2.232977052216835e-05,9.3651130845402613e-06,1.5523081944658951e-05,2.2536605707431933e-05,3.0509771478664967e-05,3.8371296668179046e-05
2747,8.3000000000000007,29338.429504255022,3.5928731401133192,6.4900765984042721,0,0.0073255748907795045,2.3583190580675344e-05,9.8907978683894943e-06,1.6394427320105915e-05,2.3801635888387659e-05,3.2222353321539626e-05,4.0525163536943796e-05
2748,8.3000000000000007,29016.52802088697,3.6327314992017388,14.782129867189534,0,0.0047219365733297703,1.520130935510067e-05,6.3754341318583953e-06,1.0567559149390858e-05,1.5342115353692991e-05,2.0769961524690886e-05,2.6121806779440746e-05
2749,8.3000000000000007,29072.248368445158,3.6257689464897576,27.347566902304969,0,0.0069545240681575015,2.2388668321947889e-05,9.3898148410951881e-06,1.5564026179685022e-05,2.2596049063079007e-05,3.0590245140948505e-05,3.8472506169915756e-05
2750,8.3000000000000007,28742.181742020999,3.6674061936237052,6.2613041220480925,0,0.0071850460787151868,2.3130786802623725e-05,9.7010595754177657e-06,1.6079927853494886e-05,2.3345041605146819e-05,3.1604221761668169e-05,3.9747756551762743e-05
2751,8.3000000000000007,28481.573238833029,3.7009632317370156,14.477641458180736,0,0.0046237234500850627,1.4885132285377636e-05,6.2428293650626435e-06,1.0347760985434795e-05,1.502300961335387e-05,2.0337960213505582e-05,2.5578490665646668e-05
2752,8.3000000000000007,28358.589901408373,3.7170132825860653,27.164484587127362,0,0.0068365925073958179,2.200901177425224e-05,9.2305867604068498e-06,1.5300098715904997e-05,2.2212875849938847e-05,3.0071510096220946e-05,3.7820107435715428e-05
2753,8.3000000000000007,28512.64667087451,3.696929876615799,6.1082456496969728,0,0.0068674838648347062,2.2108460183508696e-05,9.2722954558831312e-06,1.5369232691313359e-05,2.2313245425408469e-05,3.0207389156747748e-05,3.7990998776088568e-05
2754,8.3000000000000007,28149.308959082166,3.744648065505582,14.408455238573941,0,0.0043964659965240981,1.4153523378484472e-05,5.9359923494332486e-06,9.8391652969179686e-06,1.4284623992671933e-05,1.9338343108667607e-05,2.4321299850200984e-05
2755,8.3000000000000007,27914.116533902288,3.776198870952058,27.271954979509132,0,0.0064713103186325779,2.0833060452783589e-05,8.7373923902929634e-06,1.4482607613255044e-05,2.1026031979924055e-05,2.8464775891208677e-05,3.5799362216743559e-05
2756,8.3000000000000007,28832.883587737473,3.6558693485578448,6.0950653880196839,0,0.0066874001393143053,2.1528717448945822e-05,9.0291511627641393e-06,1.4966210458437933e-05,2.1728132676147527e-05,2.9415270924705476e-05,3.6994773560202505e-05
2757,8.3000000000000007,28239.735433157381,3.7326573256483431,14.649926885795665,0,0.0042408816441597639,1.3652651366678637e-05,5.7259264633200883e-06,9.4909719612395177e-06,1.3779112526320321e-05,1.8653988085624079e-05,2.3460605445002813e-05
2758,8.3000000000000007,27846.507897039814,3.7853671177976098,27.69112016337159,0,0.0062031257227930948,1.9969694979249959e-05,8.3752966273784694e-06,1.388241814957262e-05,2.015466936385413e-05,2.7285136213589521e-05,3.4315761985154396e-05
2759,8.3000000000000007,28972.540962418534,3.6382468308760574,6.200180577019303,0,0.0065123519416950305,2.0965185566901299e-05,8.7928057065109558e-06,1.4574457593144467e-05,2.1159380936554133e-05,2.8645302020410133e-05,3.6026404941884614e-05
2760,8.3000000000000007,27997.519140177486,3.7649498447053387,15.07869953991522,0,0.0041945896615406169,1.3503623793451754e-05,5.6634242502051441e-06,9.3873718266605292e-06,1.3628704547249716e-05,1.8450367667820937e-05,2.3204517671133821e-05
2761,8.3000000000000007,27307.140584954148,3.8601352276709999,28.21634681391896,0,0.0061348504587277882,1.9749896726088326e-05,8.2831131678754022e-06,1.3729620059160824e-05,1.9932835173405628e-05,2.6984819895125179e-05,3.3938062448527292e-05
2762,8.3000000000000007,28418.768864581059,3.7091422165834871,6.3755479785812001,0,0.0064361886316955377,2.0719993362637047e-05,8.6899720155823907e-06,1.4404006281286743e-05,2.0911917577064894e-05,2.8310289257380355e-05,3.5605068645517034e-05
2763,8.3000000000000007,27266.44910675109,3.8658959560981838,15.562748333096716,0,0.0040792004802196798,1.3132151916553067e-05,5.5076288231348617e-06,9.129134135435271e-06,1.3253791817503829e-05,1.7942815560929461e-05,2.2566183408888985e-05
2764,8.3000000000000007,26444.414969338985,3.9860687204146088,28.724359435107154,0,0.0058173827347604273,1.8727874297929266e-05,7.8544766261275204e-06,1.3019136362705362e-05,1.8901346002269432e-05,2.5588402914563424e-05,3.2181827392126189e-05
2765,8.3000000000000007,27410.224021062801,3.845618162695295,6.497628143545084,0,0.0062552229125033814,2.0137411229779555e-05,8.4456368778868841e-06,1.3999010171771738e-05,2.0323939128859638e-05,2.7514291478388881e-05,3.4603964230616644e-05
2766,8.3000000000000007,26313.074331506596,4.0059650199342789,15.927252054166335,0,0.0039310595664595743,1.2655242533455052e-05,5.3076128713651275e-06,8.7975990027003589e-06,1.2772464939810019e-05,1.7291201327818275e-05,2.1746666190629854e-05
2767,8.3000000000000007,25342.038939595637,4.1594622907097429,29.130303111430152,0,0.005456508435815354,1.7566113276497175e-05,7.3672336725055318e-06,1.2211509991538794e-05,1.7728823873558548e-05,2.4001057301605842e-05,3.0185466669715654e-05
2768,8.3000000000000007,26031.272907553357,4.0493315756510677,6.6657356027565173,0,0.0059896245874594039,1.9282371726285549e-05,8.0870330295391874e-06,1.3404608708242093e-05,1.9460979604246862e-05,2.6346027799595818e-05,3.3134671278456241e-05
2769,8.3000000000000007,25204.13466964976,4.1822207634002764,16.237745877630523,0,0.0037614336962057409,1.2109166725719587e-05,5.0785884984053963e-06,8.4179811511394577e-06,1.2221330965858793e-05,1.6545083131596945e-05,2.0808293948911969e-05
2770,8.3000000000000007,28773.374677009277,3.6634303943211397,29.435750145701661,0,0.005903237715744216,1.9004266855377479e-05,7.9703957554198733e-06,1.3211277357343125e-05,1.9180298716158504e-05,2.5966045566904029e-05,3.2656778122506208e-05
2771,8.3000000000000007,24704.455003121817,4.2668116064744508,6.9009914554050029,0,0.0057285615226748462,1.844193256592167e-05,7.7345525698913893e-06,1.2820357027604493e-05,1.8612755662160125e-05,2.519771296586447e-05,3.1690467437585509e-05
2772,8.3000000000000007,28213.083568300368,3.7361834300658159,16.540879676352578,0,0.0042231340916419032,1.359551674999537e-05,5.7019641863343282e-06,9.4512534457370619e-06,1.3721448685701909e-05,1.8575923508256522e-05,2.3362425782807006e-05
2773,8.3000000000000007,27561.62686353979,3.8244932296934842,29.5244568813666,0,0.0055466369381597016,1.7856263562205528e-05,7.4889227975448031e-06,1.2413215004890608e-05,1.8021661750168882e-05,2.4397497511443318e-05,3.0684058568822684e-05
2774,8.3000000000000007,28175.628927814843,3.7411500417258292,11.981171372248518,0,0.0056703114105146075,1.8254408239585225e-05,7.6559048058895347e-06,1.2689994940746154e-05,1.8423494344001897e-05,2.4941493389512996e-05,3.1368227155213925e-05
2775,8.3000000000000007,27676.042126917397,3.8086824284902416,23.206765806796923,0,0.0050076570296912187,1.6121127946219131e-05,6.761206350813128e-06,1.1206993367936784e-05,1.6270453998723962e-05,2.2026734628964e-05,2.7702415590698943e-05
2776,8.3000000000000007,26252.813804095465,4.0151602843616718,29.455945984360373,0,0.0053571511408413647,1.7246252779828001e-05,7.2330840752398477e-06,1.1989151203940615e-05,1.740600058759329e-05,2.3564023224218416e-05,2.9635820984913865e-05
2777,8.3000000000000007,26922.742591833801,3.915249532227028,12.046139732774776,0,0.0056658262585940582,1.8239969210006983e-05,7.6498490721462328e-06,1.267995729888495e-05,1.8408921569235594e-05,2.492176495153516e-05,3.1343415243824271e-05
2778,8.3000000000000007,26697.660097779521,3.9482581976430584,23.212309596778564,0,0.0048990010591153732,1.5771332264648296e-05,6.6145019271764182e-06,1.0963824409996924e-05,1.5917418245584532e-05,2.1548799296025625e-05,2.7101329526806019e-05
2779,8.3000000000000007,25653.458294997101,4.1089686281986681,12.176167832495842,0,0.0057599612122127657,1.8543017446437854e-05,7.7769476019510099e-06,1.2890628635727869e-05,1.8714776867121208e-05,2.5335827981486108e-05,3.1864170876906712e-05
2780,8.3000000000000007,25549.675201998311,4.1256593089958979,23.340909644425043,0,0.0049869589566221761,1.6054494731882003e-05,6.7332603588543631e-06,1.1160671671734653e-05,1.6203203577272306e-05,2.1935691859836734e-05,2.7587913615286975e-05
2781,8.3000000000000007,24330.647153847545,4.3323654595959651,12.287736811530143,0,0.0058494475923931526,1.8831100551127029e-05,7.8977697505924908e-06,1.3090896598021626e-05,1.9005528414921813e-05,2.572944374579525e-05,3.2359210548906218e-05
2782,8.3000000000000007,24159.069509883455,4.3631339069504786,23.486667133221477,0,0.0052007516425286214,1.6742756572305242e-05,7.0219176005818752e-06,1.1639133594917652e-05,1.6897840618243729e-05,2.2876082691348031e-05,2.8770617183066519e-05
2783,8.3000000000000007,28507.53055596181,3.6975933475550247,12.285887464924929,0,0.0071122866596949417,2.2896552729410793e-05,9.6028217282480517e-06,1.5917094352402441e-05,2.3108637879188021e-05,3.128418139048976e-05,3.9345250618971075e-05
2784,8.3000000000000007,28302.722243683613,3.7243504151785403,23.544292401815522,0,0.0066583529711485975,2.1435206029993156e-05,8.9899324429694977e-06,1.4901203725936025e-05,2.1633755083866111e-05,2.9287503735156475e-05,3.6834084295844285e-05
2785,8.3000000000000007,27849.699155394283,3.7849333578358952,12.299321638247445,0,0.0068421540484221973,2.2026916018479194e-05,9.2380958063109339e-06,1.5312545285833527e-05,2.2230945936786887e-05,3.0095973151016797e-05,3.7850873943869636e-05
2786,8.3000000000000007,27665.333338976132,3.8101567057730263,23.603947553167259,0,0.0066483427154867087,2.1402980058577214e-05,8.9764168599826577e-06,1.487880105974923e-05,2.1601230611184271e-05,2.9243472515820733e-05,3.6778707447775301e-05
2787,8.3000000000000007,27520.249309591538,3.8302434746551537,12.311314707991118,0,0.0065503793592889903,2.1087607062794825e-05,8.8441493220614706e-06,1.4659561867308696e-05,2.1282936392725411e-05,2.8812569832682533e-05,3.6236773048123294e-05
2788,8.3000000000000007,27282.666402169991,3.8635979997381051,23.644636039229347,0,0.006494125666098049,2.0906509799144075e-05,8.7681970702590472e-06,1.4533667709067651e-05,2.110016166955752e-05,2.8565131726504475e-05,3.592557697817534e-05
2789,8.3000000000000007,27146.622182936539,3.882960267712523,12.169985712609879,0,0.0062077966823869315,1.9984732178642287e-05,8.381603233738089e-06,1.3892871623698273e-05,2.0169845849134735e-05,2.7305681947218246e-05,3.4341601786704021e-05
2790,8.3000000000000007,26952.134318929602,3.9109798909288114,23.523387692995463,0,0.0061633698434555313,1.9841709054172573e-05,8.3216192884022676e-06,1.3793445627406891e-05,2.0025497936556817e-05,2.7110265570708528e-05,3.4095832008909439e-05
2791,8.3000000000000007,26885.834782707047,3.9206242317142093,12.003242981634774,0,0.0058849152778496306,1.8945281512764372e-05,7.9456572833718197e-06,1.3170272264791546e-05,1.9120767006790078e-05,2.5885452292471136e-05,3.2555418187873886e-05
2792,8.3000000000000007,26720.823149105963,3.9448356343944737,23.37067143554609,0,0.0058486320959169162,1.8828475226957433e-05,7.8966686887742576e-06,1.3089071540205852e-05,1.9002878773018612e-05,2.5725856694132885e-05,3.2354699213133121e-05
2793,8.3000000000000007,26626.686544765209,3.9587822976670517,11.892938064557093,0,0.0058600275243303798,1.8865160478835946e-05,7.9120544954504189e-06,1.3114574183437462e-05,1.9039903831383772e-05,2.5775980749386363e-05,3.2417738852603656e-05
2794,8.3000000000000007,26411.025709958401,3.9911079750000367,23.250420382790914,0,0.005812397200711905,1.8711824390397677e-05,7.8477452896419736e-06,1.3007978879937246e-05,1.8885147428382564e-05,2.5566473490319841e-05,3.21542473611187e-05
2795,8.3000000000000007,26309.970671709474,4.0064375842231632,11.779840504323969,0,0.0058246035480165569,1.8751120229846651e-05,7.8642259776018547e-06,1.3035296336480072e-05,1.8924807255550285e-05,2.5620164462220351e-05,3.222177301310983e-05
2796,8.3000000000000007,26075.405861243056,4.0424780308259773,23.114999186481615,0,0.0057727771170831442,1.8584275631840116e-05,7.7942512984476444e-06,1.2919310264688249e-05,1.8756417216971279e-05,2.5392200159919279e-05,3.1935068608277905e-05
2797,8.3000000000000007,26301.870112229128,4.0076715035534924,11.771361240270002,0,0.0058563268643500891,1.8853246960662878e-05,7.9070579620191978e-06,1.3106292212126288e-05,1.90278799612151e-05,2.5759702986182018e-05,3.2397266759541765e-05
2798,8.3000000000000007,26089.102717725691,4.0403557178426031,23.073210471653553,0,0.0058091078361033931,1.8701234953580984e-05,7.8433040763661163e-06,1.3000617375917752e-05,1.887445990421098e-05,2.5552004855407345e-05,3.2136050558727071e-05
2799,8.3000000000000007,26645.149143447441,3.9560392314361716,11.909191613477184,0,0.0059657210576651619,1.9205419199406327e-05,8.0547591145139712e-06,1.3351113291466142e-05,1.9383314284993095e-05,2.624088547368342e-05,3.3002436680016583e-05
2800,8.3000000000000007,26349.838164658722,4.0003758156027072,23.173536618617909,0,0.0058994807895151038,1.8992172199520475e-05,7.9653232527845684e-06,1.3202869463774566e-05,1.9168092030471978e-05,2.5949520310366171e-05,3.2635994763916471e-05
2801,8.3000000000000007,26960.062850729853,3.9098297330598535,12.013798513896536,0,0.0060770395860097678,1.9563786441329616e-05,8.2050584533752699e-06,1.3600240977625473e-05,1.9745000994745307e-05,2.6730532362157456e-05,3.3618252043741173e-05
2802,8.3000000000000007,26543.826578483662,3.9711401454223778,23.271494606437273,0,0.0059827885240404397,1.9260364417803322e-05,8.0778031571400166e-06,1.3389309793610983e-05,1.9438768447466127e-05,2.631595861675372e-05,3.309685409794374e-05
2803,8.3000000000000007,27261.215282194153,3.8666381614980585,12.061433516669144,0,0.0061824767865465693,1.9903219950866459e-05,8.347416978660564e-06,1.3836206420175482e-05,2.0087578593593775e-05,2.7194309578223748e-05,3.4201531835202939e-05
2804,8.3000000000000007,26712.984980241315,3.9459931346838859,23.325012834711277,0,0.0060575149311813351,1.9500930807102137e-05,8.1786967797541088e-06,1.3556545357922262e-05,1.9681563144200946e-05,2.6644651003254861e-05,3.3510241431369908e-05
2805,8.3000000000000007,27598.025414513057,3.8194491727482105,12.146200343954227,0,0.0062930311295512839,2.0259127054332587e-05,8.4966845346456317e-06,1.4083623881376264e-05,2.0446782377229944e-05,2.7680595112757345e-05,3.4813119716943736e-05
2806,8.3000000000000007,26922.556008849439,3.9152766663127374,23.401111070881541,0,0.0061386594112374611,1.9762158869918351e-05,8.2882559150215529e-06,1.373814438605893e-05,1.9945210898465175e-05,2.7001573995026078e-05,3.3959133617092262e-05
2807,8.3000000000000007,27884.945092393413,3.7801492880722942,12.252794198680094,0,0.0063948350781665979,2.0586864052159492e-05,8.6341375390815514e-06,1.4311458209924909e-05,2.0777555122450491e-05,2.8128391067439264e-05,3.5376300317490875e-05
2808,8.3000000000000007,27184.403889487934,3.877563612116107,23.495034600629378,0,0.0062344653770721233,2.0070586588524894e-05,8.4176106014160892e-06,1.3952555400501756e-05,2.0256495507349884e-05,2.7422987157468998e-05,3.4489133308741224e-05
2809,8.3000000000000007,27818.461987734107,3.7891834345631223,12.413332583024783,0,0.0064094719362551757,2.0633984424137358e-05,8.6538998385516784e-06,1.434421508016453e-05,2.0825111958872001e-05,2.8192772910486288e-05,3.5457271582756788e-05
2810,8.3000000000000007,27198.937739945446,3.8754916220179338,23.645019810668874,0,0.0062671733477257224,2.0175883212603076e-05,8.4617720401077005e-06,1.4025754904385543e-05,2.0362767468220136e-05,2.7566856792623144e-05,3.4670074174060481e-05
2811,8.3000000000000007,27722.234680941579,3.8023361591196871,12.673203157061273,0,0.006413912736546179,2.0648280672712369e-05,8.6598956898953704e-06,1.43541534643459e-05,2.0839540630089675e-05,2.8212306262904431e-05,3.5481838140427824e-05
2812,8.3000000000000007,27152.365445962721,3.8821389447164814,23.893377972419838,0,0.0062823227030364406,2.0224653464602919e-05,8.4822262998004551e-06,1.4059658728766704e-05,2.0411989467097437e-05,2.7633492911520778e-05,3.4753880579782829e-05
2813,8.3000000000000007,27782.928626662324,3.7940296631575525,12.986947311186867,0,0.0064566548171353004,2.0785880062163232e-05,8.717604918984478e-06,1.444980901959938e-05,2.097841456892209e-05,2.8400312043061548e-05,3.5718287815928865e-05
2814,8.3000000000000007,27221.600873609081,3.8722651113858122,24.218296770275085,0,0.0063260506861229958,2.0365426765567566e-05,8.5412666684199679e-06,1.4157520705643042e-05,2.0554066716607204e-05,2.7825835293116903e-05,3.4995784279102571e-05
2815,8.3000000000000007,27888.937723689403,3.7796081149913903,13.131495016456023,0,0.0065083109875307714,2.0952176541179176e-05,8.7873497168541684e-06,1.4565414053171486e-05,2.1146251411418787e-05,2.862752743551021e-05,3.6004050337530215e-05
2816,8.3000000000000007,27361.618309337522,3.8524495937059995,24.398715431936456,0,0.006385048217676428,2.0555357255823732e-05,8.6209235783593365e-06,1.4289555495750208e-05,2.0745756486391133e-05,2.8085342476533477e-05,3.53221592940503e-05
2817,8.3000000000000007,27956.319963536138,3.7704982442765327,13.072022542410684,0,0.0065486350006006416,2.1081991456647633e-05,8.8417941350005694e-06,1.465565804239902e-05,2.1277268770596382e-05,2.880489707760003e-05,3.6227123236038044e-05
2818,8.3000000000000007,27416.81687243162,3.8446934167962419,24.374619957858346,0,0.0064222657219280598,2.0675171401305757e-05,8.6711736702916644e-06,1.4372847206992844e-05,2.0866680440903814e-05,2.8249047795176989e-05,3.5528046950476096e-05
2819,8.3000000000000007,28348.425398224215,3.7183460406781168,13.051548134944108,0,0.0066713164927777674,2.1476939437368763e-05,9.0074354477176994e-06,1.4930215716985295e-05,2.1675875057554061e-05,2.9344525222269016e-05,3.6905798644802485e-05
2820,8.3000000000000007,27685.06194453653,3.8074415563931154,24.36845308197611,0,0.0065152486285723664,2.0974510858048991e-05,8.7967167366784036e-06,1.4580940295620059e-05,2.116879260558557e-05,2.8658043418787055e-05,3.6042429446605343e-05
2821,8.3000000000000007,28935.137005455672,3.6429499303587622,12.96308056256324,0,0.0068410141358083891,2.2023246302884503e-05,9.2365567263862993e-06,1.530999419397016e-05,2.2227242229517087e-05,3.0090959119006281e-05,3.7844567934337124e-05
2822,8.3000000000000007,28265.604145664503,3.7292411934918466,24.276751876532408,0,0.0066827765278118728,2.1513832677053023e-05,9.0229084845478418e-06,1.4955862947988146e-05,2.1713110030264976e-05,2.9394933456906132e-05,3.6969195688832541e-05
2823,8.3000000000000007,29207.699197802922,3.6089544275666579,12.642679284073505,0,0.0069335815348681457,2.2321248117913573e-05,9.3615387853991698e-06,1.551715738849385e-05,2.2528004362237698e-05,3.0498127086439623e-05,3.8356651837787194e-05
2824,8.3000000000000007,28654.085636778425,3.6786815212016348,23.913346827530745,0,0.0068021538224690842,2.1898143469431925e-05,9.1840885569836325e-06,1.5223025922922972e-05,2.2100980599214874e-05,2.9920027722457334e-05,3.7629592239370929e-05
2825,8.3000000000000007,29069.034631506169,3.6261697945998956,12.351782865331849,0,0.0069276249665235013,2.2302072164002382e-05,9.3534963840362021e-06,1.5503826758712639e-05,2.2508650786170655e-05,3.0471926460188897e-05,3.8323700034019608e-05
2826,8.3000000000000007,28485.616249907736,3.7004379478463059,23.538847439652152,0,0.0067885399790012374,2.1854316483860892e-05,9.1657075048532598e-06,1.5192558530177887e-05,2.2056747655030375e-05,2.9860145722638148e-05,3.7554280302611505e-05
2827,8.3000000000000007,28778.090087772442,3.6628301258857152,12.243770766426353,0,0.0068850007690960495,2.2164852275288233e-05,9.2959463176806058e-06,1.5408435022607156e-05,2.2370159863297162e-05,3.0284439202187734e-05,3.8087902489508442e-05
2828,8.3000000000000007,28035.420765857336,3.7598599364457415,23.378847115392585,0,0.0067071950631849772,2.1592443159095835e-05,9.0558777465127263e-06,1.5010510932536319e-05,2.1792448661914201e-05,2.9502341091954272e-05,3.7104279303986524e-05
2829,8.3000000000000007,28259.648204648402,3.7300271601260526,12.022627357887528,0,0.0067599319015920652,2.1762218627822805e-05,9.127081633808858e-06,1.5128534470244658e-05,2.1963796719149977e-05,2.9734309922462443e-05,3.7396020093307862e-05
2830,8.3000000000000007,27451.955348424483,3.8397722129835685,23.145371641281336,0,0.0065667753980100515,2.1140390757138541e-05,8.8662868207902641e-06,1.4696255733545518e-05,2.1336209009478233e-05,2.88846896267766e-05,3.6327476120637829e-05
2831,8.3000000000000007,27555.791014000533,3.8253031925445251,11.80408876511501,0,0.0065846866409899401,2.1198052341796309e-05,8.8904701083174538e-06,1.4736340583625495e-05,2.139440469924619e-05,2.8963474214789253e-05,3.6426561320329607e-05
2832,8.3000000000000007,26588.093361230403,3.9645285544487052,22.904490607426542,0,0.0063537817484997459,2.0454701251022441e-05,8.5787084169152798e-06,1.4219582030989287e-05,2.0644168129715456e-05,2.7947813445440481e-05,3.5149192831281255e-05
2833,8.3000000000000007,26766.200064539145,3.9381479285360368,11.723965193681616,0,0.0063742445080165753,2.0520576921490205e-05,8.6063366947266446e-06,1.4265377102184275e-05,2.0710653990354767e-05,2.8037821161819832e-05,3.5262393049448486e-05
2834,8.3000000000000007,25642.975137634345,4.1106484241075609,22.807646266325907,0,0.0061070991887963357,1.9660557186542705e-05,8.2456441356730837e-06,1.3667513509884467e-05,1.9842668103626548e-05,2.6862752857631889e-05,3.3784542107926373e-05
2835,8.3000000000000007,25995.214580994965,4.0549484602450798,11.546329731412738,0,0.0059047743737547153,1.9009213811658622e-05,7.9724705105075348e-06,1.3214716354069607e-05,1.9185291494881838e-05,2.5972804727527861e-05,3.2665278932081466e-05
2836,8.3000000000000007,24909.617268195285,4.231669005751165,22.632604696711038,0,0.0056524057732078,1.819676470124581e-05,7.6317290869941829e-06,1.2649922636002384e-05,1.8365316867710911e-05,2.4862733458674872e-05,3.1269172966169336e-05
2837,8.3000000000000007,25440.062549173948,4.14343538405996,11.32409876981183,0,0.0055159056716165052,1.7757330532855717e-05,7.4474302525704912e-06,1.2344439308333144e-05,1.7921812328443522e-05,2.4262322628470017e-05,3.0514052853103634e-05
2838,8.3000000000000007,24515.150125225107,4.299759732267928,22.342716370036172,0,0.0053056026628509447,1.7080302994491431e-05,7.1634846808130555e-06,1.187378718289433e-05,1.723851365011445e-05,2.3337281528752903e-05,2.9350654218920975e-05
2839,8.3000000000000007,24992.460516209198,4.2176421673480844,11.156700027819552,0,0.0051732656701389493,1.6654271103952896e-05,6.9848067661182812e-06,1.1577620773960474e-05,1.6808535530709824e-05,2.2755182594505005e-05,2.8618564471481333e-05
2840,8.3000000000000007,28970.176291925305,3.6385438002434976,22.008094021645903,0,0.0056822283160971702,1.8292772280588916e-05,7.6719946972756933e-06,1.2716664634984051e-05,1.8462213741703976e-05,2.4993911219909362e-05,3.143415161230951e-05
2841,8.3000000000000007,24469.504192769633,4.3077805953294632,10.953049537817101,0,0.0046809371824719937,1.5069320198931159e-05,6.3200778364484916e-06,1.0475803683968961e-05,1.5208903614356225e-05,2.0589621158523857e-05,2.5894997683335841e-05
2842,8.3000000000000007,28581.438234633708,3.6880318783683799,21.891948162799036,0,0.005284219234936314,1.7011463420355946e-05,7.1346133408308376e-06,1.1825931682127777e-05,1.7169036431894998e-05,2.3243224150354091e-05,2.9232360852715466e-05
2843,8.3000000000000007,28676.874306233312,3.6757581810802105,11.132970039992204,0,0.0049624666014588311,1.5975646602117639e-05,6.7001914273570737e-06,1.110585848060489e-05,1.6123625096628998e-05,2.1827959520257041e-05,2.7452421628214568e-05
2844,8.3000000000000007,28208.267149549567,3.7368213644640402,22.056980286298376,0,0.004985575558741631,1.6050041165253827e-05,6.7313925315490617e-06,1.1157575666800495e-05,1.6198708758349228e-05,2.1929606830885996e-05,2.7580260642492131e-05
2845,8.3000000000000007,28397.693121918157,3.7118950080345821,11.563060065015671,0,0.0046146031265829135,1.4855771268595277e-05,6.2305153449892672e-06,1.032734996199689e-05,1.4993376632677406e-05,2.0297843459438556e-05,2.5528036932397739e-05
2846,8.3000000000000007,27773.918446530279,3.7952604902285394,22.571941094144719,0,0.0049412927945431248,1.5907481859929276e-05,6.6716031121149272e-06,1.1058472105645237e-05,1.6054828961159409e-05,2.1734824183062044e-05,2.7335287887757051e-05
2847,8.3000000000000007,27852.758699670027,3.7845175939500306,11.702000896625675,0,0.0041992903023954763,1.3518756545595342e-05,5.6697709314199971e-06,9.3978917266003838e-06,1.364397747036327e-05,1.8471043957766944e-05,2.3230521669756701e-05
2848,8.3000000000000007,27136.743910377849,3.8843737364759718,22.823919477624305,0,0.0047766751727178506,1.5377529084027771e-05,6.4493407439971512e-06,1.0690062570986045e-05,1.5519967362729893e-05,2.1010735322803166e-05,2.6424621333255123e-05
2849,8.3000000000000007,27719.985147345484,3.8026447264904171,11.528068066149173,0,0.0035917416367050826,1.1562877835236959e-05,4.8494747584715822e-06,8.0382151699351361e-06,1.1669981935427201e-05,1.5798673794635257e-05,1.9869555547528535e-05
2850,8.3000000000000007,27033.264145347453,3.8992426061537002,22.732341577134921,0,0.0042125323796871157,1.3561386705973039e-05,5.6876500346715451e-06,9.4275271172641607e-06,1.3687002503456331e-05,1.8529290702843486e-05,2.3303776991804938e-05
2851,8.3000000000000007,27573.679221922728,3.8228215571297173,11.500023562665799,0,0.0031174225677949091,1.0035904571713772e-05,4.209061670671721e-06,6.976702644607489e-06,1.0128864693239307e-05,1.3712328783705882e-05,1.7245617068588171e-05
2852,8.3000000000000007,27465.757153675095,3.8378426907791088,11.484628202819904,0,0.002677704767170695,8.6203230168942846e-06,3.6153663020555244e-06,5.9926267691749454e-06,8.7001709538205133e-06,1.1778181287470802e-05,1.4813093198982989e-05
2853,8.3000000000000007,27681.304306901075,3.8079584029090339,11.275277662385374,0,0.0023335014031131036,7.5122306618086903e-06,3.1506320047106979e-06,5.2223094740120984e-06,7.5818146111437463e-06,1.0264164629872199e-05,1.2908956277803304e-05
2854,8.3000000000000007,28298.736933340504,3.7248749153449592,10.827192309946055,0,0.0022142875566985463,7.1284460576285399e-06,2.9896726157781321e-06,4.9555122915747542e-06,7.1944751043447752e-06,9.7397893095373225e-06,1.2249463924800554e-05
2855,8.3000000000000007,27680.619848243878,3.8080525622923647,22.043706482311716,0,0.0023458842284470559,7.5520946361904661e-06,3.1673509686478285e-06,5.250021883342671e-06,7.6220478357387474e-06,1.0318631859950174e-05,1.297745820825786e-05
2856,8.3000000000000007,24965.5188994036,4.2221936489156695,17.075731602726947,0,0.0019391355498523388,6.2426504289090965e-06,2.618169638418225e-06,4.3397299611123012e-06,6.3004745680652666e-06,8.5295027021491939e-06,1.0727319896350888e-05
2857,8.3000000000000007,28309.788874641781,3.7234207505293444,21.631743627504182,0,0.0019423048851774647,6.2528534559890034e-06,2.6224487913236743e-06,4.3468228430247118e-06,6.3107721032814851e-06,8.5434433749514325e-06,1.0744852695382921e-05
2858,8.3000000000000007,25345.554379907921,4.1588853713338638,17.194346762931978,0,0.0019496612116963684,6.2765356451489757e-06,2.6323811092287078e-06,4.3632860916100118e-06,6.3346736547487187e-06,8.5758009927186163e-06,1.0785547977276081e-05
2859,8.3000000000000007,28451.837731127027,3.7048311724210912,21.457303023336269,0,0.0018337432000149752,5.9033613070289597e-06,2.475871669363535e-06,4.1038648931462862e-06,5.9580426943009436e-06,8.0659227668568424e-06,1.0144288219468055e-05
2860,8.3000000000000007,25612.825853261158,4.1154871369074151,16.925720337760566,0,0.001883831499717432,6.0646103469141192e-06,2.5434995696054502e-06,4.2159610769001646e-06,6.1207853444766831e-06,8.286241706237175e-06,1.0421377262579799e-05
2861,8.3000000000000007,25811.779984089771,4.0837654514303017,16.457144392984052,0,0.0017749262101707359,5.7140120338921533e-06,2.3964585220747514e-06,3.9722341502263707e-06,5.7669395253079345e-06,7.8072097161642681e-06,9.8189119633070965e-06
2862,8.3000000000000007,25933.500110285186,4.0645981024806153,16.002123718695529,0,0.0020343043399418843,6.549026890480594e-06,2.7466640269391406e-06,4.552714994441125e-06,6.6096889196243325e-06,8.9481131764354608e-06,1.1253794724537583e-05
2863,8.3000000000000007,28197.664941670057,3.7382263941711669,9.4618701832612899,0,0.0026985007118428351,8.6872713088468453e-06,3.6434444376695963e-06,6.0391674992287019e-06,8.7677393713742477e-06,1.1869654555695023e-05,1.4928136601215416e-05
2864,8.3000000000000007,29102.943842922232,3.6219447732804277,20.171408870682338,0,0.0026816194777831864,8.632925627313131e-06,3.6206518410007513e-06,6.0013877796857406e-06,8.7128902991273528e-06,1.1795400576112033e-05,1.4834749422574493e-05
2865,8.3000000000000007,27795.133501704964,3.7923637003751085,9.4613961346481172,0,0.0030413950081790283,9.7911493880541611e-06,4.1064112663281526e-06,6.8065551382300142e-06,9.8818424023693363e-06,1.3377913133788658e-05,1.6825031744885274e-05
2866,8.3000000000000007,29070.586051201401,3.6259762755828491,20.120770430777931,0,0.003126996076005912,1.0066724524008563e-05,4.2219875687777636e-06,6.9981278824767077e-06,1.0159970123189874e-05,1.3754438920958028e-05,1.7298577824796057e-05
2867,8.3000000000000007,27651.891034837103,3.812008922143757,9.5550540951608465,1,0.0093260188119728294,3.0023210776064493e-05,1.2591744451636596e-05,2.0871363664751193e-05,3.0301308410651018e-05,4.10215276921068e-05,5.1591642040205433e-05
2868,8.3000000000000007,28896.99599264381,3.6477582433059679,20.186937305296503,1,0.0097028438369053064,3.1236321898542513e-05,1.3100523654487851e-05,2.1714687304978866e-05,3.1525656283793986e-05,4.2679034341728973e-05,5.3676242360027791e-05
2869,8.4000000000000004,32791.621983938538,4.5406272001402534,5.5787231177833672,1,0.02711280789294318,7.2326367862695924e-05,2.9286345751297341e-05,4.3293925714835584e-05,7.1511602559868836e-05,9.0737379528760601e-05,0.00012771018710044048
2870,8.4000000000000004,33602.569487844288,4.4310459880412107,17.374154959458782,1,0.024874960459496345,6.6356666113944452e-05,2.6869098008704237e-05,3.9720514914768666e-05,6.5609150225084096e-05,8.3248062572069474e-05,0.0001171691942399363
2871,8.4000000000000004,33014.06420544241,4.5100333539801793,27.643392942559206,1,0.020676373711591724,5.515647870320314e-05,2.2333925419739237e-05,3.3016181542555047e-05,5.4535134283436284e-05,6.9196815621427987e-05,9.7392478333212007e-05
2872,8.4000000000000004,31247.669251789244,4.7649803739670187,39.068599137357964,1,0.025990535173896712,6.9332583159889498e-05,2.8074104400013397e-05,4.1501872603920776e-05,6.8551543204706179e-05,8.6981513074611523e-05,0.00012242391577461264
2873,8.4000000000000004,32752.679471796946,4.546025947135111,5.338550922767209,0,0.0093100474057969222,2.4835565395868357e-05,1.0056400958681367e-05,1.4866350338176476e-05,2.4555789740618239e-05,3.1157573506446807e-05,4.3853366305810061e-05
2874,8.4000000000000004,34691.852786532974,4.2919163652968049,25.395834782599351,0,0.0099739941073054891,2.6606715531411156e-05,1.0773573917586676e-05,1.5926545183624543e-05,2.6306987655149785e-05,3.3379578105879384e-05,4.698077228342734e-05
2875,8.4000000000000004,36884.743451879462,4.0367511546132633,35.150039181360967,0,0.0096536457310410287,2.5752151349146906e-05,1.0427544345688683e-05,1.5415010603376528e-05,2.5462050242006164e-05,3.230748065609455e-05,4.5471826724133019e-05
2876,8.4000000000000004,34514.181856005867,4.3140101462691653,38.069869959346796,0,0.00893630495747391,2.3838566711333346e-05,9.6526969009259545e-06,1.4269555721474724e-05,2.3570022367140705e-05,2.9906784192650948e-05,4.2092917215063845e-05
2877,8.4000000000000004,32914.864096628153,4.5236258694515286,5.0809147257247433,0,0.0079240216069245088,2.1138190627741707e-05,8.5592623765664307e-06,1.2653134421471435e-05,2.090006634752451e-05,2.6519014879633639e-05,3.7324731765301813e-05
2878,8.4000000000000004,35401.325159077904,4.2059027465192962,24.413458266150592,0,0.0072384468977747815,1.9309345426347801e-05,7.818727569187449e-06,1.1558403818610358e-05,1.9091823309053624e-05,2.4224628668324647e-05,3.4095450802497882e-05
2879,8.4000000000000004,30694.23079003704,4.8508963047647935,34.915944403171359,0,0.0066606937575056846,1.7768126002600599e-05,7.1946580042928985e-06,1.0635843468716327e-05,1.7567965908972485e-05,2.2291084707495159e-05,3.1374044671012767e-05
2880,8.4000000000000004,34617.147239437792,4.3011785369581075,11.746030453615541,0,0.007102576413322916,1.8946896111656715e-05,7.6719648288336806e-06,1.1341444856487188e-05,1.8733457029835914e-05,2.3769916203162588e-05,3.3455456410943487e-05
2881,8.4000000000000004,33439.020354177643,4.452718086233844,22.847611004280445,0,0.0052960489482403658,1.4127787352816888e-05,5.720614450055958e-06,8.4567688692593671e-06,1.3968636115433495e-05,1.7724081006912422e-05,2.4946121580011949e-05
2882,8.4000000000000004,35989.486194340629,4.1371674469862869,33.217204495712807,0,0.0065410703058925027,1.7449017417442504e-05,7.0654447639033234e-06,1.0444827884924976e-05,1.7252452120714941e-05,2.189074555514972e-05,3.0810579114533236e-05
2883,8.4000000000000004,34038.839924273256,4.3742539712938644,10.48070188517179,0,0.0059471672067686878,1.5864716219586699e-05,6.4239305551063031e-06,9.496479165131574e-06,1.5685998267933767e-05,1.9903153155229725e-05,2.8013101398166753e-05
2884,8.4000000000000004,33471.463450286996,4.4484021721408107,20.836870953733211,0,0.0046041180165163134,1.2281986235460938e-05,4.9732138642331157e-06,7.3518886046942558e-06,1.2143628171449613e-05,1.5408422672761224e-05,2.1686900731327346e-05
2885,8.4000000000000004,36051.805382013496,4.1300159351041259,31.723955833208358,0,0.0061758720476390401,1.6474811290450745e-05,6.670969853698017e-06,9.8616766920849325e-06,1.628922054385656e-05,2.0668550749903764e-05,2.9090375951715716e-05
2886,8.4000000000000004,32583.528835058332,4.569625698637803,9.4510118405431776,0,0.0051663522642281922,1.3781807323176439e-05,5.5805204418744634e-06,8.2496682758698852e-06,1.3626553592773586e-05,1.7290030159530535e-05,2.433520780645873e-05
2887,8.4000000000000004,31651.866624116508,4.7041311176112819,19.126049125631923,0,0.0040688840097599125,1.0854191231042977e-05,4.3950720413125909e-06,6.4972231115419714e-06,1.0731917450862385e-05,1.361717584212974e-05,1.9165773616228011e-05
2888,8.4000000000000004,34219.471754670012,4.3511639158096713,30.355675235879353,0,0.0058007043506022767,1.5474010599750469e-05,6.2657262900833331e-06,9.2626062280352419e-06,1.5299693994274168e-05,1.9412991611677576e-05,2.7323213473679755e-05
2889,8.4000000000000004,31162.261853164506,4.7780399066850245,8.7727393922629524,0,0.0048242307763402999,1.2869160994385353e-05,5.2109722850477802e-06,7.7033662351313234e-06,1.2724188335525635e-05,1.6145065484016134e-05,2.2723703774793463e-05
2890,8.4000000000000004,35466.146455833412,4.1982156393114005,18.498549823161984,0,0.0045648347295607072,1.2177193789233098e-05,4.9307813751832176e-06,7.2891607708968108e-06,1.2040016224833573e-05,1.527695482436638e-05,2.1501863609874259e-05
2891,8.4000000000000004,31639.896013491991,4.7059108744698888,29.762395110477552,0,0.0056817714733855326,1.5156744197004114e-05,6.1372589849956618e-06,9.0726933583831988e-06,1.4986001636020152e-05,1.9014963577802412e-05,2.6763000748324316e-05
2892,8.4000000000000004,36491.241833779219,4.080281273934605,8.3683298743284649,0,0.0058739007060477025,1.5669269849587607e-05,6.3447905383077872e-06,9.3794866923443538e-06,1.5492753624988647e-05,1.9657955007221065e-05,2.7667992232335684e-05
2893,8.4000000000000004,35027.6108081727,4.2507760958177636,18.086684398572952,0,0.0044116602503500545,1.1768584183975281e-05,4.7653274400485362e-06,7.0445706660821541e-06,1.1636009656318842e-05,1.4764331753043886e-05,2.0780361747129292e-05
2894,8.4000000000000004,36335.434024228234,4.0977776849371477,29.97131940924044,0,0.006646039671922334,1.7729034633356298e-05,7.1788291525281645e-06,1.061244371996402e-05,1.752931490874216e-05,2.2242042449294766e-05,3.1305019138171421e-05
2895,8.4000000000000004,30235.942170007653,4.9244217322482973,8.254575890957053,0,0.0049524412458321135,1.321117638493173e-05,5.3494609341504315e-06,7.908093630536485e-06,1.3062350881231539e-05,1.6574142475074196e-05,2.33276169921809e-05
2896,8.4000000000000004,35242.787573944064,4.2248227500332627,17.867087859107475,0,0.0044375295456451332,1.18375933465544e-05,4.7932705851977066e-06,7.0858789419797528e-06,1.1704241422314833e-05,1.4850907517332103e-05,2.0902214583446953e-05
2897,8.4000000000000004,35520.525487111408,4.1917885131236217,29.919285959163137,0,0.0066073096778860585,1.7625718156248934e-05,7.1369943119328728e-06,1.0550599388260592e-05,1.7427162304275506e-05,2.21124262847908e-05,3.1122588207214284e-05
2898,8.4000000000000004,36396.891666220603,4.0908584195164988,8.0614580530414468,0,0.0064121974247669635,1.7105234971721076e-05,6.926240599970501e-06,1.0239042745881589e-05,1.6912542425924771e-05,2.1459451696843868e-05,3.020354572183918e-05
2899,8.4000000000000004,34425.663606063332,4.3251027030533091,17.794173746415634,0,0.0043125328812527574,1.1504151131120641e-05,4.6582533805758729e-06,6.8862833735615415e-06,1.1374555473864491e-05,1.4432586042788252e-05,2.0313439438522324e-05
2900,8.4000000000000004,34171.028554924844,4.3573324249711307,29.936832166803637,0,0.0063874588809548433,1.7039242211870905e-05,6.8995188546490235e-06,1.0199540062045811e-05,1.6847293082515278e-05,2.1376660174559174e-05,3.0087019094596687e-05
2901,8.4000000000000004,30637.894713262202,4.8598159929225346,8.1372524250155926,0,0.0055660320189115705,1.4847996597214189e-05,6.0122411080507502e-06,8.887879769025105e-06,1.4680732115374442e-05,1.862762284760128e-05,2.6217830087869789e-05
2902,8.4000000000000004,35357.488741729307,4.2111172488690185,17.552925566499315,0,0.0044313190481027791,1.1821026167985795e-05,4.7865622140459198e-06,7.0759619750498601e-06,1.1687860875021409e-05,1.4830123086785913e-05,2.0872961110097656e-05
2903,8.4000000000000004,34891.549781109738,4.267352171258378,29.773469651384165,0,0.0065422239802039638,1.7452094969312967e-05,7.0666909242015576e-06,1.0446670080323427e-05,1.7255495003590462e-05,2.1894606512091731e-05,3.0816013297623064e-05
2904,8.4000000000000004,31275.295049744247,4.7607714165499457,7.7563182107805186,0,0.0059461850330038311,1.5862096164102124e-05,6.4228696439465653e-06,9.4949108230335276e-06,1.5683407727691882e-05,1.9899866152495928e-05,2.8008475038707037e-05
2905,8.4000000000000004,35971.234681535352,4.1392666122027366,16.817693770868136,0,0.0044288202820795281,1.1814360437482557e-05,4.7838631307935521e-06,7.0719719275779582e-06,1.1681270234780442e-05,1.4821760563734057e-05,2.0861191105396938e-05
2906,8.4000000000000004,35597.566785206065,4.1827165214805433,29.123624169692491,0,0.0065079642525866684,1.7360703414727093e-05,7.0296847154640804e-06,1.0391963902035647e-05,1.7165132985947313e-05,2.1779950814325673e-05,3.0654638782622956e-05
2907,8.4000000000000004,30932.263154847547,4.8135673090462001,7.2516674788942241,0,0.0060669365675282355,1.6184214033283436e-05,6.553301401662145e-06,9.6877277376922501e-06,1.6001896900023273e-05,2.0303980616039666e-05,2.8577254234416632e-05
2908,8.4000000000000004,36021.762425759618,4.1334604608494123,15.941804505071289,0,0.0044357195966960973,1.1832765110614487e-05,4.7913155390467155e-06,7.0829888025424573e-06,1.1699467577038158e-05,1.4844850231588595e-05,2.0893689132308277e-05
2909,8.4000000000000004,35566.456390721272,4.1863751924364516,28.372293793410915,0,0.0063774126519990162,1.7012442802014093e-05,6.8886672550707443e-06,1.0183498171739014e-05,1.6820795571259667e-05,2.1343038850895569e-05,3.0039698072566489e-05
2910,8.4000000000000004,35721.485806159311,4.168206538914883,6.669005851672952,0,0.0071642752691732431,1.9111484529151448e-05,7.7386098636093824e-06,1.1439966031144633e-05,1.8896191338852856e-05,2.3976401364046222e-05,3.3746078188504904e-05
2911,8.4000000000000004,35070.156554209694,4.245619220057792,15.171359338465953,0,0.0043573158234197955,1.1623614506582762e-05,4.70662641273259e-06,6.9577930961667072e-06,1.1492673079918284e-05,1.4582459373351063e-05,2.052438173360454e-05
2912,8.4000000000000004,34832.950913680354,4.2745310635887392,27.722237289617269,0,0.0063008632890425255,1.680823903947103e-05,6.8059812005891336e-06,1.0061263601035665e-05,1.661889218885933e-05,2.1086854075541638e-05,2.9679125552590146e-05
2913,8.4000000000000004,35014.764642626273,4.2523356143233135,6.3954331505457178,0,0.0069032678743339232,1.8415218877560786e-05,7.456678429613598e-06,1.1023187554794443e-05,1.8207769204242656e-05,2.3102898068523939e-05,3.2516648047549127e-05
2914,8.4000000000000004,34590.733974222952,4.3044628896265911,14.673598664646105,0,0.0042986885833603576,1.1467219958734505e-05,4.6432992343154881e-06,6.8641766995905426e-06,1.1338040335612822e-05,1.4386253869553666e-05,2.0248228270387547e-05
2915,8.4000000000000004,34707.004575618412,4.2900426740251305,27.306204590955726,0,0.0063249848619511958,1.6872585962243032e-05,6.8320365146332504e-06,1.0099781101316585e-05,1.6682514235744882e-05,2.1167580805302977e-05,2.9792746045218098e-05
2916,8.4000000000000004,34742.231696869538,4.2856927561853952,6.22246475375223,0,0.0069071387000436447,1.8425544726706295e-05,7.4608595657218734e-06,1.1029368516994798e-05,1.8217978731445636e-05,2.3115852410357494e-05,3.2534880901836065e-05
2917,8.4000000000000004,34167.325820741658,4.35780463177485,14.501285471945913,0,0.0042808832909303771,1.1419722402034417e-05,4.6240665546031416e-06,6.8357450811894423e-06,1.1291077844647568e-05,1.4326665589976758e-05,2.0164359523314591e-05
2918,8.4000000000000004,33978.899564267958,4.3819703588507375,27.25628308802051,0,0.006243864740177101,1.6656189202760702e-05,6.7444132797752399e-06,9.9702479102161469e-06,1.6468555211994078e-05,2.0896099249209662e-05,2.9410643757240889e-05
2919,8.4000000000000004,34429.880778826031,4.3245729392289034,6.1508921214796155,0,0.0067264218796078343,1.7943462926642377e-05,7.2656553173365272e-06,1.074079860456586e-05,1.7741327641307072e-05,2.2511054457011503e-05,3.1683645609601317e-05
2920,8.4000000000000004,33752.864273720515,4.4113154222859698,14.626921102259423,0,0.0042306505449910114,1.128572108148106e-05,4.5698068271921623e-06,6.7555330729113495e-06,1.1158586065216574e-05,1.4158553613118087e-05,1.9927746871175563e-05
2921,8.4000000000000004,33287.704671100473,4.4729587752637938,27.565318637976517,0,0.0063015035002007497,1.6809946872459866e-05,6.8066727352102474e-06,1.0062285894795699e-05,1.662058078290249e-05,2.1088996645321639e-05,2.9682141156400843e-05
2922,8.4000000000000004,34570.84572142949,4.3069392029565803,6.1980947139101792,0,0.0066396960866079834,1.771211242866154e-05,7.1719770244286891e-06,1.0602314237527173e-05,1.7512583334734935e-05,2.2220812619078948e-05,3.1275138777915769e-05
2923,8.4000000000000004,33710.977333863484,4.4167966191659565,14.986982454111564,0,0.0042320583155250301,1.128947646269837e-05,4.5713274537078867e-06,6.7577810109767834e-06,1.1162299141609167e-05,1.4163264944004178e-05,1.9934377930525961e-05
2924,8.4000000000000004,32945.421963214547,4.5194300708376938,28.073185935418532,0,0.0064290235957457512,1.7150120615315709e-05,6.9444156655299592e-06,1.026591089614095e-05,1.6956922427302372e-05,2.1515763188746388e-05,3.0282802486847436e-05
2925,8.4000000000000004,34059.728492136259,4.3715712751898579,6.3084655217868608,0,0.0064212586749634419,1.712940684346502e-05,6.93602825852807e-06,1.0253511815055054e-05,1.6936441998602922e-05,2.1489776630407717e-05,3.0246227171968785e-05
2926,8.4000000000000004,32929.212496339504,4.5216547688026223,15.344213409330171,0,0.0041380695692660651,1.1038751245903364e-05,4.4698039622812596e-06,6.6076991081862846e-06,1.0914398374779302e-05,1.384871646291706e-05,1.9491660215066011e-05
2927,8.4000000000000004,32023.987480887376,4.6494688022799151,28.478868482078024,0,0.0064367683180017619,1.7170780505397712e-05,6.9527812547611774e-06,1.0278277724075471e-05,1.6977349581217794e-05,2.1541682149462787e-05,3.0319282660065258e-05
2928,8.4000000000000004,33086.559159434051,4.5001515569966353,6.401726104829728,0,0.0062766752650729634,1.6743714851257031e-05,6.7798541083377392e-06,1.0022639991225063e-05,1.655509487344848e-05,2.100590495659966e-05,2.9565192053745614e-05
2929,8.4000000000000004,31887.280284842578,4.6694020119290176,15.627867153793439,0,0.00403294161167554,1.0758310969729489e-05,4.3562482683715494e-06,6.4398300330079373e-06,1.0637117292317123e-05,1.349688881656481e-05,1.8996473173340705e-05
2930,8.4000000000000004,30976.795146768891,4.8066473633415638,28.791818098560039,0,0.0063973574212405826,1.7065647646115746e-05,6.9102109258791957e-06,1.0215346122027066e-05,1.6873401056341955e-05,2.1409787234295453e-05,3.0133644454718168e-05
2931,8.4000000000000004,32031.322862401903,4.6484040436481502,6.5594909876759182,0,0.0062938046487575599,1.6789409347766775e-05,6.7983566940925805e-06,1.0049992313703431e-05,1.6600274615915037e-05,2.1063231198670202e-05,2.9645877049704456e-05
2932,8.4000000000000004,35344.855508919172,4.2126224191075083,16.106867749930959,0,0.0045572645730018266,1.2156999572159834e-05,4.9226043459632917e-06,7.2770726907169948e-06,1.2020049498063988e-05,1.5251620075878227e-05,2.1466205698147386e-05
2933,8.4000000000000004,34393.684339868865,4.3291241858724376,29.18996806667089,0,0.007236759944774831,1.9304845295497349e-05,7.8169053791355064e-06,1.1555710079984956e-05,1.9087373872722795e-05,2.4218983008339591e-05,3.4087504702481089e-05
2934,8.4000000000000004,31514.840185695153,4.7245846667682896,11.768723660047575,0,0.00536493717661815,1.4311554204510543e-05,5.7950252039119322e-06,8.5667700854296275e-06,1.4150332811262913e-05,1.7954626561178156e-05,2.5270607652051523e-05
2935,8.4000000000000004,33816.638882938722,4.4029961473228836,16.42350406840033,0,0.004451213312459827,1.1874096284807598e-05,4.8080513311719946e-06,7.1077292787768006e-06,1.1740333150542988e-05,1.4896702447453341e-05,2.0966669597735541e-05
2936,8.4000000000000004,36559.672071630936,4.072644044105787,11.993029078369592,0,0.0065788150567824919,1.7549705651156052e-05,7.1062153778960016e-06,1.050509897332012e-05,1.7352006089268256e-05,2.2017064444740454e-05,3.0988369228240886e-05
2937,8.4000000000000004,35600.117083674166,4.182416882703734,23.273189522827689,0,0.0066524386164415333,1.774610451475907e-05,7.1857410777840293e-06,1.0622661600375429e-05,1.7546192495861374e-05,2.2263457548008064e-05,3.1335160258376276e-05
2938,8.4000000000000004,34434.570572944627,4.3239839568080871,12.05223555530506,0,0.0064148305835353301,1.7112259209508389e-05,6.9290848497587542e-06,1.0243247392650863e-05,1.6919487534821791e-05,2.146826398686813e-05,3.0215948760296175e-05
2939,8.4000000000000004,33921.559898481661,4.3893774685654421,23.262943884991333,0,0.0064375582411033009,1.7172887711300204e-05,6.9536345032022809e-06,1.0279539078938216e-05,1.6979433049190319e-05,2.1544325754379914e-05,3.0323003456062884e-05
2940,8.4000000000000004,32622.608610037001,4.5641515826290489,12.054563737283194,0,0.0063416960081536383,1.691716476471962e-05,6.8500873342871085e-06,1.0126465579189738e-05,1.6726590852606833e-05,2.1223507348260791e-05,2.987146100593348e-05
2941,8.4000000000000004,32401.5265373328,4.5952936984445234,23.24112349881003,0,0.0062990890736621622,1.6803506126717232e-05,6.8040647526405566e-06,1.0058430521216605e-05,1.6614212592941522e-05,2.1080916377942429e-05,2.967076841823957e-05
2942,8.4000000000000004,31226.599902722428,4.7681954225188434,12.192218481428084,0,0.0063354651283863972,1.6900543214346335e-05,6.8433569469395966e-06,1.0116516065777252e-05,1.6710156546013702e-05,2.1202654705315411e-05,2.9842111525642955e-05
2943,8.4000000000000004,31027.912224107662,4.7987286299367025,23.38414279322204,0,0.0061859706213146376,1.6501750335548316e-05,6.6818779942870069e-06,9.8778021668149356e-06,1.6315856117345018e-05,2.0702347253604892e-05,2.9137943534485103e-05
2944,8.4000000000000004,35306.228438751044,4.2172312733796939,12.316535241790014,0,0.0071317073712308769,1.9024606114477645e-05,7.7034311125446015e-06,1.1387961378591767e-05,1.8810291620053498e-05,2.3867407646843677e-05,3.3592672744254692e-05
2945,8.4000000000000004,35034.170520340173,4.2499801909265447,23.544503308141444,0,0.0069729998532050237,1.8601236525586745e-05,7.5320005744539612e-06,1.1134536077791933e-05,1.8391691340910813e-05,2.3336267369745055e-05,3.2845108460195287e-05
2946,8.4000000000000004,34108.640800524074,4.3653023756578619,12.305516746461411,0,0.0068587544101311572,1.8296474363916731e-05,7.4085964785158844e-06,1.095210813653153e-05,1.8090362361941398e-05,2.2953926589381878e-05,3.2306975081758533e-05
2947,8.4000000000000004,33910.851110540403,4.3907636004661654,23.584565660600884,0,0.0068190079453529923,1.8190446340403331e-05,7.3656636803165481e-06,1.0888640697071633e-05,1.7985528756967723e-05,2.2820908641785181e-05,3.2119756241369753e-05
2948,8.4000000000000004,33220.115327794738,4.4820594163443728,12.27413888254541,0,0.0065809505772232739,1.7555402384507615e-05,7.1085220954530559e-06,1.0508508987645851e-05,1.7357638648227943e-05,2.2024211307931159e-05,3.0998428227519969e-05
2949,8.4000000000000004,32986.532841723267,4.5137975376623416,23.596593217180441,0,0.0065347468782733023,1.7432148985594896e-05,7.0586144094700818e-06,1.0434730590440029e-05,1.7235773713797224e-05,2.1869583185908158e-05,3.0780793703610363e-05
2950,8.4000000000000004,32719.763790661866,4.5505991934905881,12.184391606701075,0,0.0063266624377465788,1.687706107837905e-05,6.8338485757433199e-06,1.010245986635461e-05,1.6686938939155063e-05,2.1173195082962265e-05,2.98006479755364e-05
2951,8.4000000000000004,32430.371341038954,4.5912064697381414,23.529002308897887,0,0.0062709238105824131,1.6728372220022687e-05,6.7736415800946961e-06,1.0013456027526085e-05,1.6539925078815131e-05,2.0986656787578874e-05,2.9538100823210282e-05
2952,8.4000000000000004,32356.161341549821,4.6017365640276706,12.070651728094887,0,0.0060940081335033418,1.6256430383838717e-05,6.582543199277005e-06,9.7309558080174771e-06,1.6073299724634035e-05,2.039457997284625e-05,2.870477015860398e-05
2953,8.4000000000000004,32105.632257305988,4.6376451808733918,23.422280317535911,0,0.0060468251406890199,1.6130564611889668e-05,6.5315777129062311e-06,9.6556136673593512e-06,1.5948851845865965e-05,2.0236674486140456e-05,2.8482522840507352e-05
2954,8.4000000000000004,32131.941270825926,4.6338479664836392,11.967543177834919,0,0.0058889716658121968,1.5709473276111144e-05,6.3610696835814773e-06,9.4035521087730636e-06,1.5532504155038131e-05,1.970839240202773e-05,2.7738981378827139e-05
2955,8.4000000000000004,31901.317612215094,4.6673473656140247,23.315354750405376,0,0.0058464875202321083,1.5596142190902608e-05,6.3151797343987972e-06,9.3357131210125478e-06,1.5420449758244738e-05,1.956621236458281e-05,2.7538867167039889e-05
2956,8.4000000000000004,31911.080916271731,4.6659193747669585,11.883810945960606,0,0.0058843527652951691,1.5697151855945633e-05,6.3560805021559809e-06,9.3961766153657407e-06,1.5520321537164631e-05,1.9692934507335522e-05,2.7717224847686686e-05
2957,8.4000000000000004,31683.534728099836,4.6994292775337101,23.226821314489293,0,0.0058423453004566922,1.5585092368529808e-05,6.3107054475230263e-06,9.3290987948254732e-06,1.5409524413460649e-05,1.9552349758786405e-05,2.7519355957997346e-05
2958,8.4000000000000004,31672.286284629583,4.7010982844407501,11.834171884230873,0,0.005874508918049217,1.5670892321340947e-05,6.3454475085130413e-06,9.3804578896219062e-06,1.5494357819400978e-05,1.9659990486668022e-05,2.7670857109659232e-05
2959,8.4000000000000004,31410.302220472826,4.7403087583137271,23.154312315919018,0,0.0058260601524732867,1.5541649962697218e-05,6.2931147768578463e-06,9.303094553957741e-06,1.5366571391596725e-05,1.9497848887497567e-05,2.7442647588132769e-05
2960,8.4000000000000004,31844.663624517776,4.6756509182389934,11.849289027939461,0,0.0059402918110254199,1.5846375352654263e-05,6.4165039832178654e-06,9.4855004839951725e-06,1.5667864013090973e-05,1.9880143535738057e-05,2.7980716036966637e-05
2961,8.4000000000000004,31497.543103527685,4.7271792033935638,23.13641945838835,0,0.0058754249421504243,1.5673335915393494e-05,6.3464369670246943e-06,9.3819206034635449e-06,1.549677388607026e-05,1.9663056108895604e-05,2.767517188258189e-05
2962,8.4000000000000004,32169.602009343129,4.6284231515747223,11.940495729167099,0,0.0060351110662883378,1.6099316042666585e-05,6.5189245626161761e-06,9.6369085495079026e-06,1.5917955295563761e-05,2.0197471449003182e-05,2.8427345721290237e-05
2963,8.4000000000000004,31697.324516860044,4.6973848104369287,23.21236941207075,0,0.0059460702397863257,1.5861789940692502e-05,6.422745648163058e-06,9.4947275204021329e-06,1.5683104953926096e-05,1.9899481978500185e-05,2.8007934325131984e-05
2964,8.4000000000000004,32507.321770313039,4.5803382932938126,12.016035290363561,0,0.0061374936387550896,1.6372432705027725e-05,6.6295147835924756e-06,9.8003937740693541e-06,1.6187995265610719e-05,2.0540111221752961e-05,2.8909601101742976e-05
2965,8.4000000000000004,31893.479443350447,4.668494416906019,23.27730591637637,0,0.0060209454820872848,1.6061527804061393e-05,6.5036233736607846e-06,9.6142888432595045e-06,1.5880592746047904e-05,2.015006403937697e-05,2.8360621189628049e-05
2966,8.4000000000000004,32882.419786019593,4.5280892247562923,12.094862845458218,0,0.0062459953404122503,1.6661872810927891e-05,6.7467146826911889e-06,9.9736500679223055e-06,1.6474174793626183e-05,2.0903229646139561e-05,2.9420679580743255e-05
2967,8.4000000000000004,32195.065026990873,4.6247625402266479,23.352396887898145,0,0.006114837964617442,1.6311996226875889e-05,6.6050428842361363e-06,9.7642170314387937e-06,1.6128239611712584e-05,2.0464290358387395e-05,2.8802885471461145e-05
2968,8.4000000000000004,33247.260705313529,4.4783999511031087,12.228299962860977,0,0.0063507636108276,1.6941353582389088e-05,6.8598818545777991e-06,1.014094479204472e-05,1.67505071803126e-05,2.125385354141393e-05,2.9914172378308363e-05
2969,8.4000000000000004,32519.300248717704,4.5786511265063154,23.471008494375482,0,0.0062116600163787117,1.6570279594668614e-05,6.7096268172403078e-06,9.9188231767359539e-06,1.6383613386052832e-05,2.0788320952787847e-05,2.9258948981913661e-05
2970,8.4000000000000004,33361.255500022758,4.4630973410723964,12.384265146901781,0,0.0064022759742173741,1.70787684218523e-05,6.915523781841705e-06,1.0223200102627028e-05,1.6886374024949075e-05,2.1426247964218733e-05,3.015681244688666e-05
2971,8.4000000000000004,32607.378125747447,4.5662834387600846,23.612927240901122,0,0.0062579991036540231,1.6693894156684083e-05,6.7596807451515348e-06,9.9928177629887781e-06,1.650583541504016e-05,2.0943402173652863e-05,2.9477221229087806e-05
2972,8.4000000000000004,33246.687546837267,4.4784771567762593,12.577172015487175,0,0.0064094386491127106,1.7097875637209946e-05,6.9232606630351701e-06,1.0234637513169774e-05,1.6905265995209157e-05,2.1450219009673911e-05,3.0190550986791305e-05
2973,8.4000000000000004,32499.851798164047,4.5813910673094096,23.812237206905692,0,0.0062658180058539409,1.6714751929845265e-05,6.7681264610702451e-06,1.0005303041988704e-05,1.6526458222857882e-05,2.0969569389502051e-05,2.9514050814087427e-05
2974,8.4000000000000004,33330.187546245506,4.4672575127396996,12.826992621438837,0,0.0064545464948574452,1.7218205728350253e-05,6.9719846451395957e-06,1.0306666044133442e-05,1.7024240553283939e-05,2.1601179682401948e-05,3.0403023683920442e-05
2975,8.4000000000000004,32571.253738475862,4.5713478490114703,24.066307719574549,0,0.0063076364258554396,1.6826307119569909e-05,6.8132973158106581e-06,1.0072078994380117e-05,1.6636756729845322e-05,2.1109521469048807e-05,2.9711029240804575e-05
2976,8.4000000000000004,33510.142227514836,4.443267644347169,12.986580761947287,0,0.0065181305330165402,1.7387823074965515e-05,7.0406659906182246e-06,1.0408197491395517e-05,1.7191947139925163e-05,2.1813973909587643e-05,3.0702525286335186e-05
2977,8.4000000000000004,32843.698356087079,4.5334276640435993,24.247149052252464,0,0.0063883922254514072,1.7041732009964398e-05,6.9005270220708334e-06,1.0201030433218731e-05,1.6849754832731385e-05,2.1379783762280157e-05,3.0091415452242714e-05
2978,8.4000000000000004,33605.555254336607,4.4306523010886556,12.999818461574691,0,0.0065642427620901528,1.7510832468021224e-05,7.0904748739085588e-06,1.0481829828848034e-05,1.7313570817254431e-05,2.196829591293347e-05,3.0919728957229865e-05
2979,8.4000000000000004,33013.561112299889,4.5101020823080695,24.282265900189493,0,0.0064485266735634207,1.7202147199440282e-05,6.9654822360761762e-06,1.0297053550401728e-05,1.7008362925649074e-05,2.1581033380639031e-05,3.0374668358024037e-05
2980,8.4000000000000004,33824.735805853554,4.4019421636168827,13.049893427121791,0,0.0066331919516974822,1.7694761940433873e-05,7.1649514760401135e-06,1.0591928388345989e-05,1.7495428301860728e-05,2.2199045483774823e-05,3.1244502176586008e-05
2981,8.4000000000000004,33108.036180796043,4.4972323306615536,24.340775975356731,0,0.0064925079550768438,1.7319472057801429e-05,7.0129893412817018e-06,1.0367283175536977e-05,1.7124366105256314e-05,2.1728223824675759e-05,3.0581834569401885e-05
2982,8.4000000000000004,34363.362564558825,4.3329441476298678,13.035295331769223,0,0.0067698606650875987,1.8059340617751453e-05,7.3125764365212325e-06,1.0810161968151417e-05,1.7855899956176782e-05,2.2656429350674647e-05,3.1888256487343731e-05
2983,8.4000000000000004,33566.518203883097,4.4358050427691884,24.338680595125297,0,0.0066129278277144892,1.7640705182779097e-05,7.1430628489507904e-06,1.0559570490120911e-05,1.744198050013478e-05,2.2131228328284216e-05,3.1149051529219893e-05
2984,8.4000000000000004,34815.652063106849,4.2766549495354047,12.801556060615699,0,0.0068885714317567029,1.837601451642231e-05,7.440803825244694e-06,1.0999720170091138e-05,1.8169006484985548e-05,2.3053714055819784e-05,3.2447422999422107e-05
2985,8.4000000000000004,34072.973929291569,4.3698718822130171,24.082948432166976,0,0.0067417969325831066,1.7984477554923922e-05,7.2822629338975371e-06,1.0765349599210215e-05,1.7781880234828408e-05,2.2562509548737922e-05,3.1756067134509559e-05
2986,8.4000000000000004,34796.248232358681,4.2790397896553785,12.457277057068104,0,0.0069638423038756656,1.8576807765418074e-05,7.5221088968028259e-06,1.1119913237473783e-05,1.8367537773687186e-05,2.3305620155619086e-05,3.280197340967408e-05
2987,8.4000000000000004,34107.713732385739,4.3654210271974652,23.680941276733353,0,0.0068259842984736106,1.8209056522134942e-05,7.3731993029779971e-06,1.0899780587670833e-05,1.8003929292745827e-05,2.2844256131404541e-05,3.2152617144815496e-05
2988,8.4000000000000004,34494.707618419641,4.3164456520130372,12.260048253216631,0,0.007045612352147239,1.8794938274614782e-05,7.6104341604655719e-06,1.125048423585752e-05,1.8583211016251637e-05,2.3579276795440371e-05,3.3187137063885374e-05
2989,8.4000000000000004,33687.363568819696,4.4198926524129076,23.432375636402931,0,0.0068804326818900962,1.8354303514776189e-05,7.4320126206037759e-06,1.0986724156047597e-05,1.8147540060405214e-05,2.302647641822607e-05,3.2409086827368951e-05
2990,8.4000000000000004,34128.064046965817,4.3628179586186056,12.175397440019161,0,0.0071639063376643958,1.9110500364171915e-05,7.738211356167095e-06,1.1439376918670524e-05,1.8895218260611137e-05,2.3975166675316432e-05,3.3744340400511565e-05
2991,8.4000000000000004,33143.174656788906,4.4924643537878319,23.316402378209219,0,0.0069572218484652976,1.8559146979588751e-05,7.5149577029115601e-06,1.11093416468858e-05,1.8350075938751424e-05,2.3283463735022747e-05,3.2770788900770142e-05
2992,8.4000000000000004,33570.728180335143,4.435248765447005,11.995745856911642,0,0.0073249763558847951,1.9540172179627512e-05,7.9121937877321463e-06,1.1696574676691602e-05,1.9320049770972189e-05,2.4514213439918513e-05,3.4503032832679478e-05
2993,8.4000000000000004,32469.549620576963,4.5856666463469935,23.118711866333989,0,0.0070849816778451894,1.8899960238558155e-05,7.6529595856793023e-06,1.1313349456934598e-05,1.8687049895038316e-05,2.3711032586347446e-05,3.3372579455936994e-05
2994,8.4000000000000004,32646.715122190319,4.5607813882562178,11.768959919881011,0,0.0074944021015674635,1.9992133808096308e-05,8.0952017958597544e-06,1.1967114920134084e-05,1.9766919996900425e-05,2.5081223992593614e-05,3.5301083472296078e-05
2995,8.4000000000000004,31450.34492126141,4.7342733788694034,22.858693756994896,0,0.0072202450514980421,1.9260790019073504e-05,7.7990665453098248e-06,1.152933898018825e-05,1.904381488432913e-05,2.4163713257414125e-05,3.4009714157191553e-05
2996,8.4000000000000004,34953.792294642786,4.2597532611592719,17.871407293102443,0,0.0087801612412686525,2.3422036343018036e-05,9.4840356955747438e-06,1.4020224317773515e-05,2.3158184263924639e-05,2.938422409137737e-05,4.1357429275567849e-05
2997,8.4000000000000004,33952.282214910883,4.3854056635874139,17.726048632419626,0,0.0089555965745128554,2.3890029200800848e-05,9.6735350586311638e-06,1.4300360713650417e-05,2.362090512542504e-05,2.997134669698094e-05,4.2183787036855893e-05
2998,8.4000000000000004,33314.003812240633,4.4694276784071141,17.497586923707132,0,0.0091077192427951956,2.4295832985856514e-05,9.8378528628776978e-06,1.4543271279245962e-05,2.4022137481642374e-05,3.0480449713583477e-05,4.2900334526340093e-05
2999,8.4000000000000004,32834.253311538276,4.5347317420087467,17.290715538312703,0,0.0091930945848745418,2.4523581008931669e-05,9.9300724439938899e-06,1.4679599236588364e-05,2.4247319895625404e-05,3.0766172049950848e-05,4.3302480292790029e-05
3000,8.4000000000000004,32294.589510724214,4.6105100876895904,17.083192934188514,0,0.0089416679821251437,2.3852873163668103e-05,9.6584898602840906e-06,1.427811943762593e-05,2.3584167655555396e-05,2.9924732418637817e-05,4.2118178814096219e-05
3001,8.4000000000000004,31874.881429012639,4.6712183400144056,17.022825536347529,0,0.008601675040087086,2.294590496274764e-05,9.2912408872952417e-06,1.3735216274136353e-05,2.268741656137919e-05,2.8786891264721898e-05,4.0516700929107002e-05
3002,8.4000000000000004,31583.690195177507,4.7142854364662892,17.351950205866199,0,0.0083566692964196446,2.2292325458369675e-05,9.026593900217006e-06,1.3343989348916e-05,2.2041199709358068e-05,2.7966940072736905e-05,3.9362643795371492e-05
3003,8.4000000000000004,31005.858193734457,4.8021418980454618,17.875153363871028,0,0.0075743611140931116,2.0205433182204039e-05,8.1815708394499587e-06,1.2094794043675472e-05,1.9977816527698403e-05,2.5348819709530517e-05,3.5677716556200115e-05
3004,8.4000000000000004,30180.007968578986,4.9335484229164397,18.05644826279546,0,0.0067440324173118566,1.7990440953900576e-05,7.2846776295257592e-06,1.076891923722651e-05,1.7787776455392587e-05,2.2569990958522709e-05,3.1766596998258683e-05
3005,8.4000000000000004,36339.431765987669,4.0973268838052679,17.783077380539495,0,0.0061991796025420449,1.6536986731539364e-05,6.6961458927937099e-06,9.8988943625877264e-06,1.6350695571063161e-05,2.0746553237269589e-05,2.9200162153472092e-05
3006,8.4000000000000004,36199.681567726118,4.1131447645035522,17.786814174508091,0,0.0051922396034247828,1.3850864619827972e-05,5.608483077440874e-06,8.2910053643985742e-06,1.3694832950605829e-05,1.7376666310642062e-05,2.4457145635450232e-05
3007,8.4000000000000004,36497.306493400742,4.0796032645288713,17.600416899572753,0,0.0043504119117402035,1.160519757028456e-05,4.699169038886129e-06,6.9467688805790689e-06,1.1474463612640351e-05,1.4559354320684525e-05,2.0491862053023794e-05
3008,8.4000000000000004,30625.092428837797,4.8618475540267569,17.238836704945889,0,0.0033274215649752733,8.8762594082078519e-06,3.5941691763158233e-06,5.3132505723789713e-06,8.7762672698160882e-06,1.1135752319918399e-05,1.5673243151464069e-05
3009,8.4000000000000004,31683.527048082124,4.6994304166650966,17.031141982497743,0,0.0030495828256876119,8.1350943122290868e-06,3.2940570885522817e-06,4.8695956847362063e-06,8.0434514885024298e-06,1.0205920218644281e-05,1.4364531876767467e-05
3010,8.4000000000000004,31797.489006374908,4.6825876938627875,16.945299433496203,0,0.0028379147831332232,7.5704467563206436e-06,3.0654203681054261e-06,4.5316026392818653e-06,7.4851647557692051e-06,9.4975390141890099e-06,1.3367506211829206e-05
3011,8.4000000000000004,31884.982765236993,4.6697384725991631,16.659165548232625,0,0.0027274612820523372,7.2758000128906462e-06,2.9461122007304764e-06,4.3552296981382809e-06,7.1938372436269384e-06,9.1278885785930257e-06,1.2847234119590096e-05
3012,8.4000000000000004,32303.180407253607,4.6092839416998856,16.288446487852688,0,0.0028481169001104401,7.5976620144520045e-06,3.0764403526960935e-06,4.5478934526970502e-06,7.5120734307181366e-06,9.5316820422299928e-06,1.3415561517392748e-05
3013,8.4000000000000004,32373.044347763265,4.5993366925120815,15.939952818688742,0,0.0030353080069586984,8.0970146786242817e-06,3.2786379081235047e-06,4.8468015520118276e-06,8.0058008265869632e-06,1.0158147238072732e-05,1.4297292814775333e-05
3014,8.4000000000000004,31925.259453171209,4.6638471626327975,15.712920438714054,0,0.0032938805822161315,8.7867851838083409e-06,3.5579393316681874e-06,5.259692091025411e-06,8.6878009834022991e-06,1.1023502017611054e-05,1.5515254159670357e-05
3015,8.4000000000000004,31687.682908778748,4.698814083239224,15.66911744584136,0,0.0037424732133574407,9.9834548828130566e-06,4.0424940465086226e-06,5.9760080154232446e-06,9.8709900531634099e-06,1.2524789526687847e-05,1.7628272076558513e-05
3016,8.4000000000000004,31611.284395361487,4.7101702308191129,15.709541381461387,0,0.004753984626933442,1.2681771740457851e-05,5.1350947504394229e-06,7.5911966809419439e-06,1.2538910044262713e-05,1.5909975428263443e-05,2.2392821450865285e-05
3017,8.4000000000000004,37816.093300627239,3.9373324349852603,15.761573992089225,1,0.016928975829795006,4.5159886730991327e-05,1.8286111911550635e-05,2.703230978131757e-05,4.4651155131778934e-05,5.6655544898436443e-05,7.9741009458657837e-05
3018,8.5,40824.114308131306,5.1518353402425259,13.26648746168331,1,0.034549955283863773,7.6425999957551144e-05,2.9916679852713049e-05,4.8944947898001842e-05,7.8487068179900442e-05,0.00010193540150297981,0.00012939778058966889
3019,8.5,41712.800587672114,5.0420760980716688,25.467242691559616,1,0.023527478080223933,5.2043802198501551e-05,2.0372357176291806e-05,3.3330034130196452e-05,5.3447327529424831e-05,6.941493569979462e-05,8.8115988036456896e-05
3020,8.5,44352.822062040737,4.7419556422483549,35.288363094329746,1,0.03752925523807922,8.3016340706291419e-05,3.2496444781007871e-05,5.316555194317405e-05,8.5255138260271676e-05,0.00011072546026096031,0.00014055596584979372
3021,8.5,41600.075426380754,5.0557387858330003,12.904293934938861,0,0.011228357467083687,2.4837613833424909e-05,9.7225936431659759e-06,1.5906572575601078e-05,2.5507438456190576e-05,3.3127890245366435e-05,4.2052862991305807e-05
3022,8.5,41744.757695332031,5.0382162081695272,24.720762708443406,0,0.0075104486506959584,1.6613438238727837e-05,6.5032700038847782e-06,1.0639623550268827e-05,1.7061472018290073e-05,2.2158656715650298e-05,2.8128412284418118e-05
3023,8.5,44171.675202477723,4.7614022756133547,34.625228590675007,0,0.011921297942313733,2.6370428226248474e-05,1.0322608265011988e-05,1.6888221760900931e-05,2.7081590025335851e-05,3.5172326047957176e-05,4.4648089492724622e-05
3024,8.5,41618.085093704321,5.0535509827804868,12.130554322801208,0,0.008967384573842491,1.9836243706512498e-05,7.7648254884167215e-06,1.2703581441480304e-05,2.0371190603863884e-05,2.6457167294603729e-05,3.3584983019968976e-05
3025,8.5,41239.776926629253,5.0999091290167646,23.417062877065636,0,0.0059221129899255532,1.309997085084644e-05,5.1279359673713259e-06,8.3895191573044184e-06,1.345325289686976e-05,1.7472467342266379e-05,2.2179718352790798e-05
3026,8.5,44556.773622987319,4.7202500927541466,33.595457196095531,0,0.0095975762228476813,2.1230254973514451e-05,8.3105061312494739e-06,1.3596337949351114e-05,2.180279578295872e-05,2.8316470388844522e-05,3.5945200278064826e-05
3027,8.5,41111.836945734402,5.1157800393191453,11.04400230261075,0,0.0077423469539294396,1.7126407345850117e-05,6.704069896076349e-06,1.0968140628688862e-05,1.7588274955866958e-05,2.2842844190098488e-05,2.8996926455113355e-05
3028,8.5,40365.305057448313,5.2103932951182488,21.721487399087707,0,0.0050686240675520203,1.1212016327919621e-05,4.3889030326337446e-06,7.1804301586681602e-06,1.1514383723501907e-05,1.4954353056279893e-05,1.8983199821706532e-05
3029,8.5,43687.397800737235,4.8141827028933788,32.332591640469765,0,0.0082294942135253072,1.8203998217829717e-05,7.1258889255574851e-06,1.1658254321852163e-05,1.869492646564213e-05,2.4280112374383902e-05,3.0821408533140384e-05
3030,8.5,39797.836877231653,5.2846870918015911,10.014332603171612,0,0.0069793467533208154,1.5438617801110509e-05,6.0433908143924163e-06,9.8872418327822969e-06,1.585496884086843e-05,2.0591705768735056e-05,2.6139309658302643e-05
3031,8.5,43457.038077037607,4.8397020168261902,19.931509063619291,0,0.0050137162882119756,1.1090557937972836e-05,4.3413585874255412e-06,7.102645444421407e-06,1.1389649824853948e-05,1.4792354394149106e-05,1.8777557159499459e-05
3032,8.5,41396.067186194276,5.0806544950452093,31.129646314856,0,0.0072593170001104572,1.6057924132868746e-05,6.285816026601088e-06,1.028385968740828e-05,1.6490976721850693e-05,2.1417723611042348e-05,2.7187864664179634e-05
3033,8.5,44115.742610556568,4.7674390678035099,9.2723671423043594,0,0.0073710383464069412,1.6305056597647952e-05,6.3825551315407404e-06,1.0442128936345048e-05,1.6744773893276202e-05,2.1747343727700047e-05,2.7606287615424569e-05
3034,8.5,42214.179974335348,4.9821911726011878,19.191037315199896,0,0.0046878864785322993,1.0369808263591116e-05,4.0592237475228716e-06,6.6410609668913928e-06,1.0649462861448048e-05,1.3831033541532853e-05,1.7557247208991489e-05
3035,8.5,38954.651524634341,5.399075761048171,30.435626680091332,0,0.0066134255621416891,1.4629184251580441e-05,5.7265409939545274e-06,9.3688621854024971e-06,1.50237063618122e-05,1.9512100216865831e-05,2.4768847971151895e-05
3036,8.5,43552.332674404162,4.8291125161784185,8.7459996185912328,0,0.0071817287396345308,1.5886295534709342e-05,6.218632635771309e-06,1.017394483121556e-05,1.631471961703244e-05,2.1188808973713563e-05,2.6897278218469039e-05
3037,8.5,42080.515716971757,4.9980165699800656,18.55221553272877,0,0.0046128994782029756,1.0203933765725632e-05,3.9942927783353258e-06,6.5348311673448692e-06,1.0479115034393041e-05,1.360979360292015e-05,1.7276403099759804e-05
3038,8.5,43622.365774826496,4.8213596647273533,30.261298870383975,0,0.0073142726252937674,1.6179488359896514e-05,6.3334019013498934e-06,1.0361712182127875e-05,1.6615819311810456e-05,2.1579863436459844e-05,2.739368652042265e-05
3039,8.5,42874.298135683508,4.9054823978957822,8.2533759091410221,0,0.0069724892338210998,1.5423448670479565e-05,6.0374529133511222e-06,9.8775271766600091e-06,1.5839390626769536e-05,2.0571473499321834e-05,2.61136266206164e-05
3040,8.5,41081.239341495413,5.119590309299455,17.948230440897962,0,0.0044414412150845482,9.8246606493887576e-06,3.8458276957130076e-06,6.2919360409673041e-06,1.0089613621820493e-05,1.3103927046845525e-05,1.6634251220575003e-05
3041,8.5,42096.136569463422,4.9961619275840414,29.917643668803059,0,0.0069622602861824064,1.5400821794543617e-05,6.0285957050212497e-06,9.8630364108945024e-06,1.5816153545733381e-05,2.0541294245081519e-05,2.6075316784573484e-05
3042,8.5,42891.581372517212,4.9035057252865348,7.9860871236907816,0,0.0068709019178270778,1.5198733120370796e-05,5.9494888281672273e-06,9.7336142295209017e-06,1.5608614912846696e-05,2.0271752594956522e-05,2.5733158017468101e-05
3043,8.5,41351.948309333995,5.0860751046948378,17.550844550231115,0,0.0044033662741196269,9.740437228181381e-06,3.8128587436579378e-06,6.2379974472285752e-06,1.0003118850324936e-05,1.2991591607839206e-05,1.6491651532197275e-05
3044,8.5,41868.94016132145,5.0232729564295102,29.64721719501091,0,0.0068261713940229044,1.5099787261185976e-05,5.9107568312862184e-06,9.670247051790628e-06,1.550700066638252e-05,2.0139780675862705e-05,2.5565631592113316e-05
3045,8.5,42626.476692215634,4.9340018492576814,7.8803297988967413,0,0.0067354931986504706,1.4899203159159045e-05,5.8322389137291478e-06,9.5417884326253096e-06,1.530100718117675e-05,1.9872245792621576e-05,2.522602023422107e-05
3046,8.5,40443.680467722814,5.2002961252396993,17.390068445328509,0,0.0042500796189468741,9.4013604969533849e-06,3.6801283898609756e-06,6.0208449997290738e-06,9.6548978452103016e-06,1.253933815015149e-05,1.5917556636548253e-05
3047,8.5,40235.81158529051,5.2271622353361531,29.542702375914171,0,0.0064802850260525799,1.4334671609758096e-05,5.6112550909520205e-06,9.18024959391133e-06,1.472125125737926e-05,1.9119285410274635e-05,2.4270205071764538e-05
3048,8.5,42464.476930345787,4.9528248086445652,7.7014068839836796,0,0.0065978710800301908,1.4594777062354691e-05,5.7130724248122168e-06,9.3468270391838497e-06,1.4988371274170034e-05,1.9466208626958418e-05,2.4710592744859617e-05
3049,8.5,40870.617582292449,5.1459734955865706,17.118492226224873,0,0.0042222965287142169,9.3399030960538429e-06,3.656071113694322e-06,5.9814862829750173e-06,9.5917830515897923e-06,1.24573675532407e-05,1.5813502371224575e-05
3050,8.5,40332.746555170394,5.2145993712339909,29.368161274186594,0,0.0063902738404150398,1.413556296220142e-05,5.5333147346836271e-06,9.0527358893328372e-06,1.4516773016928779e-05,1.8853718457370152e-05,2.3933091823598275e-05
3051,8.5,42470.596999843765,4.9521111000042017,7.3427546058637763,0,0.0065226942086490649,1.4428482561485508e-05,5.6479770469757048e-06,9.2403282601650976e-06,1.481759211740517e-05,1.9244408497117094e-05,2.4429037523486122e-05
3052,8.5,41684.692875221357,5.0454759366057722,16.490651378614583,0,0.0042920404555670836,9.4941796879308242e-06,3.7164621247444214e-06,6.0802885198511364e-06,9.7502201985284902e-06,1.2663138447232617e-05,1.6074709926204658e-05
3053,8.5,41235.848163466464,5.1003950250516947,28.871303794438763,0,0.0063829930801764592,1.411945760469479e-05,5.5270103510353015e-06,9.042421652234486e-06,1.4500233327642585e-05,1.8832237468116506e-05,2.3905823648917952e-05
3054,8.5,42171.527541413707,4.9872301784703383,6.9170080043786912,0,0.0065305439914337482,1.444584662154984e-05,5.654774145164494e-06,9.2514485989976739e-06,1.4835424454134896e-05,1.9267568317536356e-05,2.44584368226199e-05
3055,8.5,41684.525815348032,5.0454961574564194,15.700337974417886,0,0.0042833649320689919,9.4749890535855894e-06,3.7089500206934989e-06,6.067998401322378e-06,9.7305120281793061e-06,1.2637542380211381e-05,1.6042218032166492e-05
3056,8.5,41146.02890226966,5.1115288750290553,28.212168068199695,0,0.006142338350063046,1.358711890143684e-05,5.3186283008505201e-06,8.7014998440864485e-06,1.3953538431656755e-05,1.8122215231151149e-05,2.3004514581822715e-05
3057,8.5,41397.820944530562,5.0804392605238942,6.5623215744700945,0,0.0064594202606447172,1.428851784350647e-05,5.5931883669351443e-06,9.1506916727099438e-06,1.467385280919981e-05,1.9057726481423888e-05,2.4192061574497479e-05
3058,8.5,40644.36250754568,5.174619599155613,15.022728383246383,0,0.0041887360260959633,9.2656658083177285e-06,3.6270111972840873e-06,5.9339430361434263e-06,9.5155437211620386e-06,1.2358351410356393e-05,1.5687810325646038e-05
3059,8.5,40467.707120853607,5.1972085840848363,27.633259538844726,0,0.0059336483613116149,1.3125487592787732e-05,5.1379244032434882e-06,8.4058606589600971e-06,1.3479457778265979e-05,1.7506501039388799e-05,2.222292105575728e-05
3060,8.5,41014.814597474811,5.1278816420562414,6.3429809736496034,0,0.0064537821714976094,1.4276046145717651e-05,5.5883063661739492e-06,9.1427045139051863e-06,1.4661044772730364e-05,1.9041091991561364e-05,2.4170945592829533e-05
3061,8.5,40276.486556131575,5.2218833570206993,14.665871075521205,0,0.004164593173823246,9.2122607717088505e-06,3.6061059898463351e-06,5.8997412365495149e-06,9.4606984492414981e-06,1.2287120888648714e-05,1.5597389615242026e-05
3062,8.5,40327.314238478,5.2153018071820183,27.364643305460085,0,0.0058055253357509138,1.2842073901927277e-05,5.0269831442471085e-06,8.2243560879966808e-06,1.3188400943026182e-05,1.712848978163165e-05,2.1743069923859256e-05
3063,8.5,40659.465804821055,5.1726974435998017,6.2427018575580293,0,0.006453221382771838,1.4274805656727727e-05,5.5878207812683807e-06,9.1419100765538454e-06,1.4659770830040932e-05,1.90394374532718e-05,2.416884530598695e-05
3064,8.5,39770.881135380012,5.2882689249656174,14.675280464623187,0,0.0041271390870991848,9.1294107070165783e-06,3.5736746332065536e-06,5.8466821715459611e-06,9.3756140711525858e-06,1.2176617203860222e-05,1.5457115173313298e-05
3065,8.5,39352.48770146614,5.3444935024754647,27.509976494062357,0,0.0055614246826645843,1.2302112667559864e-05,4.8156172819696389e-06,7.8785526376298853e-06,1.2633877950329491e-05,1.6408300771977107e-05,2.0828855057578034e-05
3066,8.5,40167.842912518048,5.2360072031945446,6.2312277246057644,0,0.0064514468682409674,1.4270880353602245e-05,5.5862842356295258e-06,9.1393962231915434e-06,1.4655739668731854e-05,1.9034201965998634e-05,2.4162199328010071e-05
3067,8.5,39224.106174426619,5.3619861697155899,14.919112415606801,0,0.0041264042281414183,9.1277851671218484e-06,3.5730383215240702e-06,5.8456411388411498e-06,9.3739446934458133e-06,1.2174449092721074e-05,1.5454362952148315e-05
3068,8.5,43103.465633208441,4.8794014990918528,28.145862930798209,0,0.006138163885806412,1.3577884805401721e-05,5.3150136475261887e-06,8.695586119050791e-06,1.3944055309087331e-05,1.8109898986844502e-05,2.2988880222660125e-05
3069,8.5,39658.033251147222,5.3033168209532269,6.2912083612979606,0,0.006610599056004955,1.4622931897384575e-05,5.7240935326336762e-06,9.3648580356298218e-06,1.5017285393158491e-05,1.9503760957508434e-05,2.4758262034993326e-05
3070,8.5,42018.947475396657,5.0053399112359847,21.61554660828763,0,0.0052902442345233013,1.1702249751736818e-05,4.5808031242463427e-06,7.4943867886097889e-06,1.2017837838339494e-05,1.5608216151492809e-05,1.981321993329229e-05
3071,8.5,42194.649036577684,4.9844973149180616,28.419962981401124,0,0.0061027472040426451,1.3499541568869706e-05,5.2843464723861136e-06,8.6454133292626292e-06,1.3863599299999618e-05,1.8005406415267167e-05,2.28562363457454e-05
3072,8.5,42806.38314598854,4.9132652508727732,10.95821460413455,0,0.0060833745999364251,1.3456688528151268e-05,5.2675718053801097e-06,8.6179692677338328e-06,1.3819590591831558e-05,1.794824992515014e-05,2.2783681346614679e-05
3073,8.5,41470.817541561621,5.0714967125003456,22.038603349767772,0,0.0052890748749766982,1.1699663077689782e-05,4.5797905800939401e-06,7.4927302237427059e-06,1.2015181406465502e-05,1.5604766099708226e-05,1.9808840404323336e-05
3074,8.5,41123.251360025482,5.1143600729774867,28.642228541654497,0,0.0062345461811412371,1.3791086624004603e-05,5.3984707243678564e-06,8.8321254107718445e-06,1.4163006787406979e-05,1.8394263116754757e-05,2.3349854788386672e-05
3075,8.5,41857.015718189075,5.0247040124109166,11.291916672840697,0,0.0062205958087312961,1.3760227795029274e-05,5.3863911479462561e-06,8.8123627151286127e-06,1.4131315752744905e-05,1.8353104255591555e-05,2.3297607333551649e-05
3076,8.5,40272.617222482062,5.222385067869924,22.483187158349345,0,0.0053535693118265948,1.184232756994325e-05,4.6356360769597647e-06,7.5840958080218687e-06,1.2161693296876725e-05,1.579504901790561e-05,2.00503873736375e-05
3077,8.5,40342.362191379943,5.213356467055636,11.542115275066346,0,0.0064632117893900021,1.4296904869577716e-05,5.5964714378014627e-06,9.156062914882822e-06,1.4682466017891175e-05,1.9068912921515786e-05,2.4206261749306706e-05
3078,8.5,38722.975100785101,5.431377994054678,22.828006931028035,0,0.0054926298814633769,1.2149935582799967e-05,4.7560481153482051e-06,7.781094972843294e-06,1.2477596930341497e-05,1.6205330156699988e-05,2.0571202203373e-05
3079,8.5,38410.79293457004,5.4755212990524456,11.777007960242027,0,0.0066391551453644044,1.4686099205887355e-05,5.7488201459156075e-06,9.4053118160872944e-06,1.5082156207435728e-05,1.9588012193444763e-05,2.4865211365464925e-05
3080,8.5,43844.67589773389,4.796913434080186,23.17554782770938,0,0.0069665860397889788,1.5410390549184138e-05,6.0323413592400843e-06,9.8691644589094338e-06,1.5825980352033387e-05,2.0554056850041961e-05,2.6091517758249697e-05
3081,8.5,42818.61371676073,4.9118618416271858,12.050272946563197,0,0.0078461319137169243,1.7355984179369703e-05,6.7939369129792331e-06,1.1115166852244269e-05,1.7824043053045738e-05,2.314904897268033e-05,2.9385625755727522e-05
3082,8.5,41845.634855238422,5.0260705938460077,23.308933968651239,0,0.0070047004781468546,1.549470134033823e-05,6.0653445119431809e-06,9.9231590063483744e-06,1.591256484968194e-05,2.0666508821257251e-05,2.6234265373736027e-05
3083,8.5,40134.436591147831,5.2403654489850258,12.058239588640362,0,0.0076060508821314257,1.6824914522144079e-05,6.5860516262504558e-06,1.0775057770026763e-05,1.7278651426922495e-05,2.2440719362790875e-05,2.8486465325747147e-05
3084,8.5,39625.426338034944,5.3076808065747949,23.278516421982097,0,0.0069384438785554028,1.5348138867653101e-05,6.0079731648076726e-06,9.8292970667812052e-06,1.5762049857498104e-05,2.0471026858224694e-05,2.5986118686826814e-05
3085,8.5,43666.076776605107,4.8165333446996019,12.133847889138357,0,0.0083370528750555326,1.844192264331754e-05,7.2190235769904176e-06,1.1810626533084356e-05,1.8939267273944258e-05,2.4597451000675186e-05,3.1224241242209231e-05
3086,8.5,43264.572667642176,4.8612317621255592,23.349002515706459,0,0.0078560200790170343,1.7377857229988653e-05,6.8024990391291404e-06,1.1129174851138749e-05,1.7846505979486813e-05,2.317822279046716e-05,2.9422659281051231e-05
3087,8.5,42202.181187625923,4.9836076929691719,12.244193801679987,0,0.0079882221904853112,1.7670294035838343e-05,6.9169723636864167e-06,1.1316458030079439e-05,1.8146829266480577e-05,2.3568268890421287e-05,2.9917787557563142e-05
3088,8.5,41903.01323456438,5.019188325417284,23.463009326010415,0,0.0077189615575039526,1.7074677834435776e-05,6.6838205668849789e-06,1.0935011873522162e-05,1.7535150394964315e-05,2.2773848448878192e-05,2.8909342596587181e-05
3089,8.5,40907.338683313305,5.1413541334216317,12.328982086411983,0,0.0077175637267499486,1.7071585772166273e-05,6.6826101903501254e-06,1.0933031646547543e-05,1.7531974945479876e-05,2.2769724320844682e-05,2.890410738873461e-05
3090,8.5,40642.299387196959,5.1748822777725429,23.57899311476805,0,0.0075639143747747058,1.6731706739876413e-05,6.5495657787190921e-06,1.0715365387207917e-05,1.7182930002723885e-05,2.2316400770768078e-05,2.8328654107499163e-05
3091,8.5,39479.056972924525,5.3273591355277867,12.283046511829101,0,0.0075350941055491328,1.6667955054048936e-05,6.5246104130577902e-06,1.0674537358226043e-05,1.7117459051543606e-05,2.2231370104569073e-05,2.8220715360744038e-05
3092,8.5,39232.050613287538,5.3609003745396446,23.581030785835946,0,0.0074879040814140856,1.6563568673432509e-05,6.4837487438402505e-06,1.060768594688213e-05,1.7010257562821899e-05,2.2092141731692193e-05,2.8043977523057172e-05
3093,8.5,44095.473338564392,4.7696305063312145,18.478294194470038,0,0.0090983400251424644,2.0125922845986441e-05,7.8782193344961286e-06,1.2889098548179138e-05,2.0668681855307299e-05,2.6843535276778838e-05,3.4075442258341685e-05
3094,8.5,43410.630318533869,4.8448758583663585,18.410653225766506,0,0.0094643595155550139,2.0935573837685325e-05,8.1951542718805354e-06,1.3407617450467337e-05,2.1500167640546485e-05,2.7923430848468468e-05,3.544627209944615e-05
3095,8.5,42970.281541918419,4.8945249432811071,18.314507619010602,0,0.0098121914510071167,2.170499316878683e-05,8.4963406719778505e-06,1.3900371082652659e-05,2.2290336791524409e-05,2.8949666272061862e-05,3.6748985231660593e-05
3096,8.5,42684.804832165464,4.9272596103858444,18.221592086833649,0,0.01038678049753684,2.2976009066923151e-05,8.9938752247919804e-06,1.4714358560034274e-05,2.3595629643566534e-05,3.0644920713811507e-05,3.8900957550038816e-05
3097,8.5,42382.782953820861,4.9623715142983764,18.145782333273289,0,0.010908697261518274,2.4130511590997898e-05,9.4458010408896055e-06,1.5453728223765668e-05,2.4781266970801384e-05,3.2184772052271292e-05,4.085565967213624e-05
3098,8.5,42032.249898840768,5.003755814473589,18.090450905791631,0,0.011347647637095611,2.5101488864618524e-05,9.8258865648644651e-06,1.6075564144707516e-05,2.5778429710158728e-05,3.3479841247201832e-05,4.2499632983303923e-05
3099,8.5,42219.476332294791,4.9815661656099888,18.086607204688917,0,0.01185125771966598,2.6215496215219097e-05,1.0261960692517322e-05,1.6788999778698834e-05,2.6922479783799388e-05,3.4965680969597519e-05,4.43857722396873e-05
3100,8.5,42581.398802435127,4.9392251250962609,18.15802951812897,0,0.012020617678323796,2.659012779105903e-05,1.0408608860985458e-05,1.7028922357017942e-05,2.7307214482090859e-05,3.5465356735961687e-05,4.5020065470779107e-05
3101,8.5,42939.964086990578,4.8979806876562177,18.218926634806138,0,0.012199124959666867,2.6984993641514119e-05,1.056317766269424e-05,1.7281803424821558e-05,2.7712729136054124e-05,3.5992020554927894e-05,4.5688617595814042e-05
3102,8.5,43408.339462791657,4.8451315445275389,18.28714803617849,0,0.012407123194130914,2.7445094759669379e-05,1.0743282572795141e-05,1.7576462641167166e-05,2.8185238332536441e-05,3.6605693810589268e-05,4.6467620337932993e-05
3103,8.5,43888.686848886406,4.7921031574921207,18.3964621336841,0,0.012615424057421644,2.790586530591811e-05,1.0923649528089666e-05,1.7871550574483108e-05,2.8658435010352907e-05,3.7220259935451221e-05,4.7247756496815986e-05
3104,8.5,44008.721110560131,4.7790326444242943,18.524586976936138,0,0.012709357615512245,2.8113650411503986e-05,1.1004986252312149e-05,1.8004620880040512e-05,2.8871823696898641e-05,3.7497399366744228e-05,4.7599559960523834e-05
3105,8.5,43832.830301254384,4.7982097752130004,18.697527019304868,0,0.012564957988923377,2.7794232173046659e-05,1.0879951144045944e-05,1.7800058178242056e-05,2.8543791337837215e-05,3.7071365995867732e-05,4.7058749095645434e-05
3106,8.5,43943.630630111111,4.7861114753366847,18.921781640872506,0,0.012386537062321139,2.7399557343024593e-05,1.0725457116591253e-05,1.7547299444266549e-05,2.8138472855775644e-05,3.6544956955962925e-05,4.639052038960527e-05
3107,8.5,44249.367592818402,4.7530422753627297,19.074489062431255,0,0.012167975341932919,2.6916089335732735e-05,1.0536205322683249e-05,1.7237675540877731e-05,2.7641966608265728e-05,3.5900117431919879e-05,4.5571954886184658e-05
3108,8.5,44400.429037828551,4.7368712281483241,19.100186544159204,0,0.012007239092002906,2.6560533777718298e-05,1.0397024392046047e-05,1.700996967806236e-05,2.7276822372807616e-05,3.5425884859458303e-05,4.4969959490521617e-05
3109,8.5,44600.664812284187,4.7156049290279656,19.152105098840988,0,0.011853218242531513,2.6219832976850393e-05,1.0263658302092506e-05,1.6791777139442661e-05,2.6926933499891088e-05,3.4971465251626593e-05,4.4393114863013754e-05
3110,8.5,40243.877622209999,5.2261145608558222,12.886529363070476,0,0.0094531987874707114,2.0910885822980555e-05,8.1854902382724458e-06,1.3391806684574824e-05,2.1474813835631459e-05,2.7890502490414406e-05,3.5404472524540534e-05
3111,8.5,39373.887987510163,5.34158869181136,24.163716397298803,0,0.0096628636320735765,2.1374673555064895e-05,8.367038259993975e-06,1.3688826892294823e-05,2.1951109067219178e-05,2.8509092874687193e-05,3.6189717117084466e-05
3112,8.5,40404.201097662612,5.2053773893056485,12.619943183676469,0,0.0092290962525342479,2.0415161293532601e-05,7.9914406733224484e-06,1.3074333425748404e-05,2.0965720530174662e-05,2.7229315473270767e-05,3.4565155355906151e-05
3113,8.5,39526.602024898886,5.3209510570690011,23.859514873678322,0,0.0095260829809600805,2.1072108820890661e-05,8.248600394712013e-06,1.3495057557799286e-05,2.1640384720358736e-05,2.8105538355599144e-05,3.5677441123200262e-05
3114,8.5,40221.921219272153,5.2289674001439286,12.363576790721311,0,0.0091416901235309364,2.0221815144265175e-05,7.9157560260610313e-06,1.2950510156083244e-05,2.0767160191961197e-05,2.6971434420153021e-05,3.4237798662965797e-05
3115,8.5,39309.461051297701,5.3503433830413281,23.569380611508137,0,0.0095104668099557452,2.1037565173157727e-05,8.2350784093831309e-06,1.3472935020450289e-05,2.1604909494175195e-05,2.805946476018672e-05,3.5618954857366702e-05
3116,8.5,39844.681577613017,5.2784739769359978,12.199117189611854,0,0.0092015007193200302,2.0354118776894572e-05,7.9675458020917416e-06,1.3035240410307708e-05,2.0903031809478791e-05,2.7147898240317246e-05,3.4461803536120272e-05
3117,8.5,44884.5390235839,4.6857808813904152,18.297680169954663,0,0.011367187771420607,2.5144712489448806e-05,9.8428062956738686e-06,1.6103245536726667e-05,2.5822818996408446e-05,3.353749201466233e-05,4.2572815422855714e-05
3118,8.5,44073.920262180334,4.7719629562248285,18.128668398887474,0,0.011417746140090612,2.5256549794304372e-05,9.8865846020985482e-06,1.6174868689348144e-05,2.5937672347049989e-05,3.3686658274571201e-05,4.2762168510070516e-05
3119,8.5,42746.22413377279,4.9201799477901309,17.913360096053751,0,0.011298419985291483,2.499259516320034e-05,9.7832605213044967e-06,1.6005826142649394e-05,2.566659934650869e-05,3.3334601104038862e-05,4.23152637465058e-05
3120,8.5,41317.038899771709,5.0903724087520104,17.710589055335372,0,0.010976580081472108,2.4280671333674417e-05,9.504580526286123e-06,1.5549893936818313e-05,2.4935476244711759e-05,3.2385051978838384e-05,4.1109896940173937e-05
3121,8.5,40402.328280916889,5.2056186802994437,17.570424207463514,0,0.010717747789108155,2.370812307412691e-05,9.2804585914651911e-06,1.5183221014668664e-05,2.4347487414884894e-05,3.16213990760406e-05,4.014050858925836e-05
3122,8.5,39799.427566830316,5.2844758752765548,17.412119539622534,0,0.010419671403932861,2.3048765178766811e-05,9.0223553402836184e-06,1.4760953228150187e-05,2.3670347853520597e-05,3.0741961295245807e-05,3.9024141798882556e-05
3123,8.5,39197.465335417546,5.3656304821499248,17.239882233250558,0,0.0098862587711545259,2.1868833294191724e-05,8.5604752934612345e-06,1.4005298023824495e-05,2.2458595382846734e-05,2.9168192807203342e-05,3.7026384920388282e-05
3124,8.5,38507.542490132982,5.4617641434953361,17.143465679392985,0,0.0091500223324541673,2.0240246351876913e-05,7.9229708552778624e-06,1.2962313920466501e-05,2.0786088455238926e-05,2.6996017579668512e-05,3.426900476245905e-05
3125,8.5,43819.150864869378,4.7997076774791667,17.582080966934015,0,0.0091208964761274203,2.0175818694124452e-05,7.8977508828638782e-06,1.2921052983695821e-05,2.0719923302417932e-05,2.6910085316243218e-05,3.4159921519499979e-05
3126,8.5,43115.477789174656,4.8780420770273336,17.722760859408535,0,0.0083525597547574586,1.8476224533948194e-05,7.2324509273804696e-06,1.1832594243688769e-05,1.8974494223282482e-05,2.4643202145517116e-05,3.128231818618251e-05
3127,8.5,43003.404391342861,4.8907549949480602,17.663620970562516,0,0.0072343433421372238,1.6002681318007746e-05,6.2641914275474006e-06,1.0248480932840303e-05,1.6434244110189045e-05,2.1344041899110044e-05,2.7094332389292694e-05
3128,8.5,42702.643789866939,4.9252012559615528,17.669168570168118,0,0.0061375573831961815,1.3576543195316181e-05,5.3144884791353465e-06,8.6947269214508575e-06,1.394267751825289e-05,1.8108109575350953e-05,2.2986608726473199e-05
3129,8.5,42412.63454713489,4.9588788122321246,17.737959207494843,0,0.0053129018529542021,1.1752369386654174e-05,4.6004222731353362e-06,7.5264845422676979e-06,1.2069309107346052e-05,1.5675064673086522e-05,1.9898078090540773e-05
3130,8.5,42569.361864694547,4.9406217432909729,17.73637465878998,0,0.0045726642331508907,1.0114931658157672e-05,3.9594532268763152e-06,6.4778321942186325e-06,1.0387712704181839e-05,1.3491084451916687e-05,1.7125712559976304e-05
3131,8.5,43215.314642079262,4.8667727301918386,17.493612128431064,0,0.0039038798096316077,8.635551499672569e-06,3.3803552418131593e-06,5.5304035074025182e-06,8.8684363920955897e-06,1.1517918114355131e-05,1.4620956203988958e-05
3132,8.5,43795.035203983309,4.8023506282648727,16.999439591723355,0,0.0034372127543146132,7.6032637280439799e-06,2.9762699462745202e-06,4.8693029496581816e-06,7.8083097237092843e-06,1.0141074258520441e-05,1.2873177350551835e-05
3133,8.5,44407.61858652495,4.7361043334701742,16.671109488337525,0,0.0029898220278019761,6.6136160319894276e-06,2.5888759533102997e-06,4.2355100657224606e-06,6.7919730550695885e-06,8.8211028443439698e-06,1.1197592922395646e-05
3134,8.5,44561.046341514579,4.7197974934172731,16.561871203561299,0,0.0032059546050500856,7.0917106692726225e-06,2.7760243610621709e-06,4.5416927407955659e-06,7.282961022694909e-06,9.4587754797684652e-06,1.2007060708366769e-05
3135,8.5,38376.383188400832,5.4804308627577978,16.484913768081729,0,0.0027636774595449572,6.1133744362475265e-06,2.393058199180383e-06,3.9151439749470723e-06,6.278240866374326e-06,8.1538910585804297e-06,1.0350627854439857e-05
3136,8.5,38742.724644731694,5.4286092874299436,16.188916942987504,0,0.0032011081207761172,7.0809900358051294e-06,2.7718278080639323e-06,4.5348270033921762e-06,7.2719512735210385e-06,9.4444765229019242e-06,1.1988909474781609e-05
3137,8.5,38643.267601849737,5.4425810206760072,15.902897615858535,0,0.0038839700249528918,8.5915101922234375e-06,3.3631154321151195e-06,5.5021984528444507e-06,8.8232073718353119e-06,1.1459176738906503e-05,1.4546389336151441e-05
3138,8.5,44335.375933804309,4.7438216186720057,15.727109059025839,0,0.0059262316984647866,1.3109081612815838e-05,5.1315023420239847e-06,8.3953538964004185e-06,1.3462609359281244e-05,1.7484619086173748e-05,2.2195143893561946e-05
3139,8.5,44088.250212603074,4.7704119309005737,15.737484334665172,1,0.018853070214378851,4.1703809210912895e-05,1.6324804510172926e-05,2.6708067543899563e-05,4.2828484006967538e-05,5.5623669150279165e-05,7.0609221430199156e-05
3140,8.5999999999999996,54140.504812527812,5.4872714444257982,12.443505330681651,1,0.038310355039744053,7.032083650705143e-05,2.6099842325407241e-05,4.5659979791105031e-05,6.9582833293917347e-05,9.6584278212290441e-05,0.00012754919499413197
3141,8.5999999999999996,48765.705496471172,6.0920608657262063,24.878408355288766,1,0.024975216491620465,4.584343094219444e-05,1.7014961406595194e-05,2.9766570398599006e-05,4.5362313239150096e-05,6.2965045756855273e-05,8.3151637592645026e-05
3142,8.5999999999999996,51639.753812638999,5.75300275679992,34.818764886174812,1,0.039672287784035851,7.2820741552190974e-05,2.7027691462982413e-05,4.7283191622911204e-05,7.2056502332099585e-05,0.00010001784835134667,0.00013208356761976682
3143,8.5999999999999996,54350.06479644894,5.4661139256634685,11.737090618550685,0,0.012609878788122692,2.3146150008617509e-05,8.5907804240150519e-06,1.5029012653019066e-05,2.2903235761197681e-05,3.1790779277085988e-05,4.1982902187412754e-05
3144,8.5999999999999996,54509.494166154043,5.4501266355365683,22.856316444428167,0,0.0084963323812178929,1.5595501520916785e-05,5.7883289064793899e-06,1.0126305653457396e-05,1.5431829829785526e-05,2.1420112907863135e-05,2.8287400482262897e-05
3145,8.5999999999999996,50747.286284829745,5.8541779825848685,33.951308781527516,0,0.012622439980735534,2.316920679238119e-05,8.5993380358219413e-06,1.5043983639329674e-05,2.2926050568594936e-05,3.1822447313593041e-05,4.2024722995501639e-05
3146,8.5999999999999996,53871.771752959336,5.51464405898738,10.999959209695596,0,0.01001471055749425,1.838257105809636e-05,6.8227602227655433e-06,1.1935976087785393e-05,1.8189649625695876e-05,2.5248097797504754e-05,3.3342637216033493e-05
3147,8.5999999999999996,53252.25335589343,5.5787995309630043,21.625771544227693,0,0.006680620163230312,1.2262658432083499e-05,4.5513316886611775e-06,7.9622593246314836e-06,1.2133964267253197e-05,1.6842518838749567e-05,2.2242229887914025e-05
3148,8.5999999999999996,52254.685229383926,5.6853016096157614,32.783181505832538,0,0.010351036080216468,1.8999915691732928e-05,7.0518899999224901e-06,1.2336823758207607e-05,1.8800515350009614e-05,2.6096008442623999e-05,3.4462387989282558e-05
3149,8.5999999999999996,52463.018588205785,5.6627249830296407,10.330591419254887,0,0.0084106189970021127,1.5438169727158909e-05,5.7299346208903347e-06,1.0024148641676649e-05,1.5276149201956397e-05,2.1204020800676308e-05,2.8002029251805656e-05
3150,8.5999999999999996,50350.879684198917,5.9002672427550849,20.708141633899402,0,0.0054589588933459396,1.0020229659564619e-05,3.7190458357642128e-06,6.5062292555645792e-06,9.9150693393463213e-06,1.3762587268048035e-05,1.8174872345348642e-05
3151,8.5999999999999996,53766.839374882344,5.5254065423709209,31.62362905838301,0,0.008918258443728037,1.6369970815943137e-05,6.0757760912697776e-06,1.0629175842667797e-05,1.6198171223373363e-05,2.2483831167958076e-05,2.9692146785563464e-05
3152,8.5999999999999996,51330.0506527299,5.7877138687136975,9.717188301555538,0,0.0074619681612377552,1.3696867140564329e-05,5.0836436322103985e-06,8.8935045130884627e-06,1.3553121240178269e-05,1.8812376135605131e-05,2.4843623376769352e-05
3153,8.5999999999999996,49119.968526499331,6.0481237052159385,19.913037008151175,0,0.0048369902205061691,8.8785707709978299e-06,3.2953148555730862e-06,5.7649394136118629e-06,8.7853919340768898e-06,1.2194541363107583e-05,1.6104110968953648e-05
3154,8.5999999999999996,51800.638728903796,5.7351348040195926,31.184828198861634,0,0.0078201507106449974,1.4354331590330331e-05,5.3276640296602017e-06,9.3204023570393867e-06,1.4203685731119123e-05,1.9715390554731422e-05,2.6036144192367223e-05
3155,8.5999999999999996,50565.784345810978,5.8751910978553363,9.163948864592955,0,0.0069138264255726792,1.2690721795881228e-05,4.7102090123017151e-06,8.2402048882960578e-06,1.2557535191063013e-05,1.7430455403147278e-05,2.3018658897733977e-05
3156,8.5999999999999996,48828.549235473685,6.0842202092039965,19.151433874566095,0,0.0045286889201183378,8.3126661920140881e-06,3.0852772477124264e-06,5.3974922539424742e-06,8.2254264112586045e-06,1.1417282615727723e-05,1.5077663089801476e-05
3157,8.5999999999999996,50937.121285968846,5.8323603404422482,30.703859577606007,0,0.0072506379066989805,1.3308958433819177e-05,4.9396698602020714e-06,8.6416317454913188e-06,1.3169283558270142e-05,1.8279591198533361e-05,2.4140027604389744e-05
3158,8.5999999999999996,49935.388976308459,5.9493608067322938,8.5982061810193748,0,0.0066112239285903074,1.2135277694806017e-05,4.5040538500663099e-06,7.8795498152063115e-06,1.2007920365515102e-05,1.6667563915298658e-05,2.2011184421100319e-05
3159,8.5999999999999996,54243.304985684408,5.4768721434467542,18.070711124546932,0,0.0048422432356721081,8.8882129792276889e-06,3.298893597336814e-06,5.7712001900017008e-06,8.7949329492463581e-06,1.2207784745418035e-05,1.6121600179247115e-05
3160,8.5999999999999996,49383.068320061691,6.0159009180863761,30.178085164858331,0,0.006816389082152219,1.2511870007918333e-05,4.6438275001167641e-06,8.1240747421029017e-06,1.2380560417094087e-05,1.7184806009519232e-05,2.2694254315663326e-05
3161,8.5999999999999996,49146.881036288782,6.0448117923337294,8.1049637071276237,0,0.0064273222525498067,1.1797715704560801e-05,4.3787664507964316e-06,7.6603676436276768e-06,1.167390102131631e-05,1.620392919763615e-05,2.1398908426458579e-05
3162,8.5999999999999996,53208.416938544833,5.5833956944764944,17.361826046896052,0,0.0046723414376651186,8.5763485616959577e-06,3.1831439486012369e-06,5.5687036938083476e-06,8.4863414868390669e-06,1.1779445135658441e-05,1.5555934903073993e-05
3163,8.5999999999999996,54509.334274039138,5.4501426223814979,29.401803769144035,0,0.007349130733627229,1.3489747621816871e-05,5.0067704456793936e-06,8.759019863728467e-06,1.3348175399645276e-05,1.8527901572793375e-05,2.4467946277405478e-05
3164,8.5999999999999996,49121.166398512243,6.0479762152712082,7.8370212674829984,0,0.0064391140362690625,1.1819360194521494e-05,4.3867998844591741e-06,7.6744216143038481e-06,1.169531835665355e-05,1.6233657476535633e-05,2.1438167590707402e-05
3165,8.5999999999999996,52883.094011556626,5.6177432806722543,16.925915630555753,0,0.0045752251978439205,8.3980861776600702e-06,3.1169811958953401e-06,5.4529562531223045e-06,8.3099499311199922e-06,1.1534605276667546e-05,1.523259939242158e-05
3166,8.5999999999999996,53374.91996574778,5.5659782953347472,29.07163944518388,0,0.0070449218577036659,1.2931354920793297e-05,4.7995208995095022e-06,8.3964502369908739e-06,1.2795642919119857e-05,1.7760960241229934e-05,2.3455123577279975e-05
3167,8.5999999999999996,53821.778642315148,5.5197664131265185,7.5311110866023352,0,0.0070340254940483788,1.2911354025308774e-05,4.7920974921036388e-06,8.3834634676492491e-06,1.2775851929061187e-05,1.7733489406838221e-05,2.3418845594182367e-05
3168,8.5999999999999996,51670.267501971961,5.7496053418582243,16.752307591885671,0,0.0044354358718683195,8.1414949159199178e-06,3.0217463863261485e-06,5.2863491362622152e-06,8.0560515437117227e-06,1.1182182253254442e-05,1.4767189557966564e-05
3169,8.5999999999999996,51315.289737611572,5.7893787127315726,29.010289909479646,0,0.0066613332281355358,1.2227256165304326e-05,4.5381920045107221e-06,7.9392723002161207e-06,1.2098933540232834e-05,1.6793894525476468e-05,2.2178016621221753e-05
3170,8.5999999999999996,53703.741316911954,5.5318985001707164,7.3411740915628299,0,0.0069835552012603762,1.2818712931173098e-05,4.7577134024099397e-06,8.3233107348865112e-06,1.268418308480956e-05,1.7606248696199146e-05,2.3250811515418296e-05
3171,8.5999999999999996,52246.839165566867,5.6861553883315787,16.512153488796095,0,0.0044437444984930102,8.1567458728444069e-06,3.0274068362128732e-06,5.2962517258722996e-06,8.0711424448721914e-06,1.1203129140973144e-05,1.4794852017277803e-05
3172,8.5999999999999996,51550.600444979187,5.7629521960983503,28.909547131017209,0,0.0065677214250428155,1.2055426374283484e-05,4.4744167328385499e-06,7.8277016026073863e-06,1.1928907068742652e-05,1.6557889705774804e-05,2.1866348663197381e-05
3173,8.5999999999999996,53787.891765770219,5.523243917762934,7.0327279322349501,0,0.0069575034885739897,1.2770893530213552e-05,4.7399650523172268e-06,8.29226114859189e-06,1.2636865538965955e-05,1.7540569694702079e-05,2.3164075827954166e-05
3174,8.5999999999999996,52921.66221814575,5.6136491862252482,15.979671232525384,0,0.0044743513469117273,8.2129264846245865e-06,3.0482584810743586e-06,5.3327303249042908e-06,8.1267334522894391e-06,1.1280292100173288e-05,1.489675341895014e-05
3175,8.5999999999999996,52450.176882188112,5.6641114235302013,28.494437034690357,0,0.0066423818121210589,1.2192469762887836e-05,4.5252809007293058e-06,7.9166851623173427e-06,1.2064512214200982e-05,1.6746116089725606e-05,2.2114920420360712e-05
3176,8.5999999999999996,53847.912634633496,5.5170875064431986,6.7077266504640782,0,0.0069297867166830318,1.2720017818343347e-05,4.7210823409622213e-06,8.2592270709096844e-06,1.2586523757587703e-05,1.7470692910613659e-05,2.3071796548922162e-05
3177,8.5999999999999996,52944.48435059264,5.6112293790100134,15.405868223736215,0,0.0044511204239835673,8.17028480376717e-06,3.0324318612252432e-06,5.3050426809153985e-06,8.0845392874038087e-06,1.1221724594837094e-05,1.4819409173108942e-05
3178,8.5999999999999996,52401.094772302502,5.6694167809946219,28.033316122677064,0,0.0065989348630486888,1.2112720415765399e-05,4.4956816313116132e-06,7.8649031620051153e-06,1.1985599820638049e-05,1.6636581938650061e-05,2.1970269623640534e-05
3179,8.5999999999999996,53315.105007330618,5.5722228438588557,6.48096037932849,0,0.0069190923522527391,1.2700387703929913e-05,4.713796550342126e-06,8.2464810532009123e-06,1.2567099657326416e-05,1.7443731336690174e-05,2.3036191095184067e-05
3180,8.5999999999999996,51933.670404092649,5.7204438610441359,15.055317182687032,0,0.004403224999874597,8.0823700276000302e-06,2.9998019621795208e-06,5.2479587908122337e-06,7.9975471593523061e-06,1.1100975388455755e-05,1.465994777467857e-05
3181,8.5999999999999996,51461.60492091137,5.7729184020038549,27.797803254968088,0,0.0065337923079436819,1.1993147549305705e-05,4.4513017132672362e-06,7.787263376454972e-06,1.1867281847664185e-05,1.6472350971351683e-05,2.1753386213009527e-05
3182,8.5999999999999996,52670.010839118353,5.6404705697143207,6.3864702932558561,0,0.0070109159643323158,1.2868935168599349e-05,4.7763535742731241e-06,8.3559205054730256e-06,1.2733878249828366e-05,1.7675227946062514e-05,2.3341905510778836e-05
3183,8.5999999999999996,51351.283771476039,5.7853207208346689,15.005845360558478,0,0.0044662270359445777,8.1980138495769419e-06,3.0427236006216664e-06,5.3230474108672935e-06,8.1119773223849088e-06,1.1259809890861464e-05,1.4869704613929491e-05
3184,8.5999999999999996,50799.816441850919,5.8481243999108621,27.840906096020809,0,0.0066136756020985241,1.2139777881028803e-05,4.5057241110683664e-06,7.8824718283989189e-06,1.2012373323177237e-05,1.6673744832075799e-05,2.201934693961619e-05
3185,8.5999999999999996,51756.061225387399,5.7400744765108938,10.616874715528171,0,0.0057908031859249948,1.0629348740294646e-05,3.9451226680962138e-06,6.9017359972075158e-06,1.0517795836297642e-05,1.4599200278926316e-05,1.9279703463148131e-05
3186,8.5999999999999996,51132.395856491748,5.8100865619200937,21.369814160284264,0,0.0056042271343657744,1.028687778161478e-05,3.8180132867725252e-06,6.6793663863057033e-06,1.0178919042312982e-05,1.4128823190203131e-05,1.8658523493480034e-05
3187,8.5999999999999996,51212.718075093762,5.8009740004224026,10.674472867822368,0,0.0058205487983731558,1.0683948504447164e-05,3.9653875754290812e-06,6.9371881370231883e-06,1.0571822586769117e-05,1.4674191975174176e-05,1.937873749502892e-05
3188,8.5999999999999996,50257.731648553265,5.9112028398347602,21.55428170665467,0,0.0056532025451269882,1.0376774934732578e-05,3.8513789524617015e-06,6.7377374523868762e-06,1.0267872742662751e-05,1.4252295152120868e-05,1.8821580562792476e-05
3189,8.5999999999999996,51284.22258635411,5.7928858245699608,10.902739164228699,0,0.0060794972102343799,1.1159263048396517e-05,4.1418023518774106e-06,7.2458143358735037e-06,1.1042148798979147e-05,1.5327027101026936e-05,2.0240871543216241e-05
3190,8.5999999999999996,49943.022432153412,5.9484514868551157,21.936102904731484,0,0.0059187060566565199,1.0864121737103557e-05,4.0322595467703103e-06,7.0541763096704821e-06,1.0750104937131928e-05,1.4921656346954622e-05,1.9705538937194773e-05
3191,8.5999999999999996,50318.21112709937,5.9040979277696142,11.144615311016492,0,0.0064846727491678332,1.1902985804305129e-05,4.4178378433079715e-06,7.7287205083785336e-06,1.1778066332270897e-05,1.6348515597715764e-05,2.1589849222192634e-05
3192,8.5999999999999996,48694.717342263772,6.1009419965712084,22.276416297780212,0,0.0062740420813346826,1.151636122876413e-05,4.2743406814143452e-06,7.4776815392363447e-06,1.1395499304864968e-05,1.5817494389456726e-05,2.0888582630031755e-05
3193,8.5999999999999996,48826.16603322899,6.0845171796286239,11.337955120106015,0,0.0067902838675999305,1.2463952401239705e-05,4.6260427006029305e-06,8.0929613899122645e-06,1.2333145696180918e-05,1.7118992124409212e-05,2.2607340500903866e-05
3194,8.5999999999999996,53993.311272040759,5.5022305364409014,22.604565734474427,0,0.0075536054705495478,1.3865072635903004e-05,5.1460737329411575e-06,9.0027219214613937e-06,1.3719561452249669e-05,1.904340305686477e-05,2.5148717522256173e-05
3195,8.5999999999999996,54037.012823044046,5.4977806974165357,11.712927951780998,0,0.0080807229943209175,1.4832626843392696e-05,5.5051851074799557e-06,9.6309639583198139e-06,1.4676961370492003e-05,2.0372319625601635e-05,2.6903684704225355e-05
3196,8.5999999999999996,52323.266091665864,5.6778498024973514,22.951376846876496,0,0.0075980059947521389,1.3946572324434699e-05,5.1763226481404778e-06,9.055640434894682e-06,1.3800205817736398e-05,1.9155341267249555e-05,2.5296543119630114e-05
3197,8.5999999999999996,51468.432462489058,5.7721525958868138,11.955900887836682,0,0.0080891851047325963,1.4848159528541318e-05,5.5109501218541608e-06,9.6410494767125961e-06,1.4692331043194845e-05,2.0393653461464463e-05,2.693185816724446e-05
3198,8.5999999999999996,50090.193669298154,5.9309741943895338,23.220134737717892,0,0.0075884904646393693,1.3929106027485902e-05,5.1698399664913964e-06,9.0442994041942373e-06,1.3782922826105199e-05,1.9131351653820087e-05,2.5264862436833856e-05
3199,8.5999999999999996,54091.621342689257,5.4922303800518941,12.080789813981639,0,0.0088089188802040943,1.6169271825752547e-05,6.0012859080035768e-06,1.0498860102819074e-05,1.5999578529225181e-05,2.2208175074140852e-05,2.9328115356096926e-05
3200,8.5999999999999996,53027.738316901065,5.6024197047433661,23.345882288406671,0,0.0082599306740052513,1.5161572736241155e-05,5.6272746098719561e-06,9.8445516169126064e-06,1.5002455041525026e-05,2.0824120303889639e-05,2.7500332666813792e-05
3201,8.5999999999999996,51177.904757715929,5.8049200617145429,12.126694258674334,0,0.0084655031464888602,1.5538912706410398e-05,5.7673257556444271e-06,1.0089562004560315e-05,1.5375834903648615e-05,2.1342389290291548e-05,2.8184758675161556e-05
3202,8.5999999999999996,50488.47246834432,5.8841876476031105,23.363562330973455,0,0.0079438745961575106,1.4581433821988498e-05,5.4119538750665765e-06,9.4678619696250095e-06,1.4428404569959475e-05,2.0027310978529352e-05,2.6448066294950085e-05
3203,8.5999999999999996,49171.331502665824,6.0418060069915942,12.159687996024067,0,0.0082904619604830098,1.5217614649779285e-05,5.6480747763604847e-06,9.8809401578729992e-06,1.5057908806310728e-05,2.0901092763797354e-05,2.7601982495126094e-05
3204,8.5999999999999996,48754.864569898869,6.0934154707507897,23.385380524802859,0,0.0077659549885513426,1.4254852258729887e-05,5.2907419024732167e-06,9.2558094924472051e-06,1.4105250415346819e-05,1.9578757660173825e-05,2.5855706795793895e-05
3205,8.5999999999999996,48755.872557098977,6.093289494443173,18.383977624594888,0,0.00830536217782709,1.5244964846525976e-05,5.6582259045056391e-06,9.8986988975690404e-06,1.5084971968174423e-05,2.0938657718126051e-05,2.7651590772718495e-05
3206,8.5999999999999996,52832.341604168301,5.6231398613826045,23.509646530427442,0,0.0088704052866300006,1.6282133623279526e-05,6.0431749876324973e-06,1.0572142328262353e-05,1.6111255864601931e-05,2.2363188520984477e-05,2.9532826109483844e-05
3207,8.5999999999999996,54390.920508010604,5.4620080570400962,18.49324399963627,0,0.0097791943668591192,1.7950267689484006e-05,6.6623092054288341e-06,1.1655277449160874e-05,1.7761883195079881e-05,2.465433767034843e-05,3.2558517609404125e-05
3208,8.5999999999999996,52442.396799330279,5.6649517218170944,18.474270949395244,0,0.0097878507131778699,1.7966156905691941e-05,6.6682065476434682e-06,1.1665594466519992e-05,1.7777605657119379e-05,2.4676161194570142e-05,3.2587337754855705e-05
3209,8.5999999999999996,50982.459364701681,5.8271736935913836,18.392384248683772,0,0.0099854762573190516,1.8328909836714163e-05,6.8028436591034545e-06,1.1901133352607872e-05,1.8136551568174747e-05,2.5174395171190441e-05,3.3245305529869401e-05
3210,8.5999999999999996,50311.866862388008,5.9048424272778135,18.334341474871586,0,0.010268509465582359,1.8848433394867106e-05,6.9956667770532333e-06,1.2238464879713463e-05,1.8650622829764389e-05,2.5887950503733323e-05,3.4187626681243218e-05
3211,8.5999999999999996,49917.179116728861,5.951531142211901,18.271919551806356,0,0.010742466262821557,1.9718408063999956e-05,7.3185611397957589e-06,1.2803347605580866e-05,1.951146728752524e-05,2.7082843506360601e-05,3.5765602345711518e-05
3212,8.5999999999999996,49717.716257711989,5.9754081322771757,18.199936566120204,0,0.011216417148783445,2.0588371882646954e-05,7.641451475339749e-06,1.3368223286125869e-05,2.0372301008673933e-05,2.827772160606015e-05,3.7343558329373903e-05
3213,8.5999999999999996,49520.347088908566,5.9992238243241509,18.166977334009907,0,0.01147942869830002,2.1071144546952311e-05,7.8206343611423521e-06,1.3681692112590555e-05,2.0850007069748041e-05,2.8940800312723167e-05,3.8219220050080907e-05
3214,8.5999999999999996,49346.13052569946,6.0204040900402553,18.132630170080709,0,0.011664268176992551,2.1410427927325621e-05,7.9465606608172245e-06,1.3901991998951404e-05,2.1185729738427408e-05,2.9406799325682811e-05,3.8834618333023179e-05
3215,8.5999999999999996,49468.384828572409,6.0055254901508128,18.117871668962859,0,0.011920769193765149,2.1881250138334785e-05,8.1213080910387995e-06,1.4207701283819282e-05,2.165161076383926e-05,3.0053464321086766e-05,3.9688604107119509e-05
3216,8.5999999999999996,49841.200630844716,5.9606037231119231,18.170004396905554,0,0.012076913948285924,2.2167862719781705e-05,8.2276854260622869e-06,1.4393801525607939e-05,2.1935215403166332e-05,3.0447121033387622e-05,4.020846714991877e-05
3217,8.5999999999999996,50355.237037602099,5.8997566791858844,18.248468480807404,0,0.012278684381692547,2.253822383089186e-05,8.3651463421091024e-06,1.4634280474503905e-05,2.2301689647970623e-05,3.0955804694892267e-05,4.0880234778486374e-05
3218,8.5999999999999996,50921.59827443293,5.8341382853598134,18.349825177706304,0,0.012493036019773692,2.2931678459043579e-05,8.5111785036567245e-06,1.4889754260972909e-05,2.2691015047941598e-05,3.1496206845334661e-05,4.1593889842621388e-05
3219,8.5999999999999996,51146.285245647843,5.8085087630066141,18.491667028578064,0,0.012607489282444533,2.3141763934984093e-05,8.5891525163287123e-06,1.50261647342028e-05,2.289889571853596e-05,3.1784755091693557e-05,4.1974946648358967e-05
3220,8.5999999999999996,51146.710928113062,5.8084604201066572,18.652981124520629,0,0.012665233540749837,2.3247756806710178e-05,8.6284921683732451e-06,1.5094986901591676e-05,2.3003776216123898e-05,3.1930334204795905e-05,4.216719842088193e-05
3221,8.5999999999999996,51192.539126388736,5.8032606140342953,18.83373547140593,0,0.012737632427842521,2.3380649083413313e-05,8.677815635506182e-06,1.5181275105345492e-05,2.3135273814775986e-05,3.2112859118646626e-05,4.2408240816797159e-05
3222,8.5999999999999996,51509.169421227998,5.7675875845543541,18.955541149164652,0,0.012873776477917289,2.3630549233823917e-05,8.7705670139992168e-06,1.5343537620757949e-05,2.3382551312739229e-05,3.2456092032978226e-05,4.2861514193466799e-05
3223,8.5999999999999996,51815.70198844008,5.7334675521883272,19.003834117395744,0,0.013007523818291379,2.3876050087207869e-05,8.8616855768938938e-06,1.550294363128068e-05,2.3625475683424394e-05,3.2793282599848297e-05,4.3306808046254733e-05
3224,8.5999999999999996,52113.923623925453,5.7006578162959602,19.091216945702733,0,0.013138654891412747,2.4116748633185728e-05,8.9510217453757192e-06,1.5659231458488128e-05,2.3863648145965936e-05,3.312387729247099e-05,4.3743391387703684e-05
3225,8.5999999999999996,52561.022001812074,5.6521664672794838,19.135878114952646,0,0.013305257011273412,2.442255630373057e-05,9.0645234097411622e-06,1.5857795251961238e-05,2.4166246425743074e-05,3.3543898080027941e-05,4.4298070827518284e-05
3226,8.5999999999999996,53095.855444180641,5.5952323125654058,19.001624931076702,0,0.01349900050336595,2.4778183507331542e-05,9.1965157807318026e-06,1.608870733629003e-05,2.451814139247128e-05,3.4032345010960151e-05,4.4943113830281342e-05
3227,8.5999999999999996,53322.622311488522,5.5714372843320161,18.745902811060489,0,0.013612021679807604,2.4985640307513712e-05,9.2735141505328389e-06,1.6223410985654262e-05,2.4723420974737312e-05,3.4317282823152095e-05,4.5319402696763194e-05
3228,8.5999999999999996,53051.237955030418,5.5999380503883476,18.500706302808076,0,0.013595659543420742,2.4955606675181853e-05,9.2623670552015397e-06,1.6203909866022549e-05,2.4693702539411973e-05,3.4276032223117277e-05,4.5264927155558646e-05
3229,8.5999999999999996,52450.873419205571,5.6640362052731863,18.33799792384438,0,0.013456995408695098,2.4701080766003568e-05,9.1678988089852423e-06,1.6038643801984364e-05,2.4441847829100622e-05,3.3926445920601571e-05,4.4803263494638107e-05
3230,8.5999999999999996,51787.414848277229,5.7365992667321608,18.258487106898393,0,0.013293633632298013,2.4401220930259336e-05,9.0566047058233409e-06,1.5843941993525745e-05,2.4145134962779129e-05,3.3514594366513355e-05,4.4259372344304394e-05
3231,8.5999999999999996,50706.581323300677,5.8588774532126777,18.074096683992156,0,0.013000175118989855,2.3862561131504224e-05,8.8566791003716156e-06,1.549418512561686e-05,2.3612128291631899e-05,3.2774755785959453e-05,4.328234153637272e-05
3232,8.5999999999999996,49109.470738901713,6.049416570259404,17.769522634688929,0,0.012197541904554918,2.2389282197157249e-05,8.3098660958939994e-06,1.4537571272449767e-05,2.215431112710164e-05,3.0751236306565797e-05,4.0610081770820501e-05
3233,8.5999999999999996,54252.50872036739,5.4759430126233166,17.505077379236837,0,0.012619367040042562,2.316356623489113e-05,8.5972445217451684e-06,1.5040321172359719e-05,2.2920469207635497e-05,3.1814700119433345e-05,4.2014492051119984e-05
3234,8.5999999999999996,53250.964059385835,5.5789346031983884,17.424130446490054,0,0.011698048092454394,2.1472432884208687e-05,7.9695740332175859e-06,1.3942252399976997e-05,2.1247083965602427e-05,2.9491961907694111e-05,3.8947084036346937e-05
3235,8.5999999999999996,52375.592570118351,5.6721772769798759,17.362907793886297,0,0.010833947700605171,1.9886327448279682e-05,7.3808850493334517e-06,1.2912379239355278e-05,1.9677624391216429e-05,2.7313477459739173e-05,3.6070177537826046e-05
3236,8.5999999999999996,51482.473686120109,5.7705783108995474,17.429530502376505,0,0.0099886225110199268,1.833468496440169e-05,6.8049871194139463e-06,1.1904883197271295e-05,1.8142266087044156e-05,2.5182327194854971e-05,3.3255780560089755e-05
3237,8.5999999999999996,50451.811925989728,5.8884633614425601,17.602654145394794,0,0.0088911727039099765,1.6320253399348003e-05,6.0573232855522376e-06,1.0596893856989597e-05,1.6148975581191314e-05,2.241554527952245e-05,2.9601968443284201e-05
3238,8.5999999999999996,49478.724394303586,6.0042705158903438,17.62072798529497,0,0.0078765174627562513,1.4457795971058124e-05,5.3660652227833882e-06,9.3875827514685188e-06,1.4306064273719629e-05,1.9857496835453404e-05,2.6223809742549823e-05
3239,8.5999999999999996,49453.450457348852,6.0073390895302898,17.554706109577566,0,0.0070402613804053339,1.2922800349534406e-05,4.79634583828855e-06,8.3908956735043711e-06,1.2787178126387358e-05,1.7749210706788991e-05,2.3439607142439474e-05
3240,8.5999999999999996,49188.067544456608,6.0397503068416869,17.583620326297037,0,0.0061569753440947521,1.1301478571547228e-05,4.1945861769117821e-06,7.3381562111353516e-06,1.1182871798458979e-05,1.5522357309488225e-05,2.0498824610821225e-05
3241,8.5999999999999996,48775.846571014146,6.0907942543252185,17.643928770050465,0,0.0054432522855468908,9.9913992872547962e-06,3.7083453349049307e-06,6.487509423969509e-06,9.88654153606806e-06,1.3722989321856703e-05,1.8122579298761657e-05
3242,8.5999999999999996,48782.314844103304,6.0899866477019424,17.699931502118154,0,0.0048907258574298236,8.9772055900902255e-06,3.3319235387739525e-06,5.8289839282985797e-06,8.8829916003321906e-06,1.233001433643724e-05,1.6283016573587137e-05
3243,8.5999999999999996,49287.370013373067,6.0275816292079307,17.625925764138849,0,0.0043413655265102024,7.9688234444802158e-06,2.9576587218083868e-06,5.174231927650134e-06,7.8851922250715162e-06,1.0945021402143329e-05,1.4453994944896541e-05
3244,8.5999999999999996,49667.249268546264,5.9814797561724689,17.300549376846316,0,0.0036593469505820072,6.7169395419984005e-06,2.493017314119579e-06,4.3613719486253176e-06,6.6464465955169537e-06,9.22558362050279e-06,1.2183305460540702e-05
3245,8.5999999999999996,50067.192115959144,5.9336989651130168,16.823627941523043,0,0.0033026662260479973,6.0622317772399684e-06,2.2500200706538898e-06,3.9362640461481911e-06,5.9986098587220062e-06,8.3263554537156333e-06,1.0995784769671617e-05
3246,8.5999999999999996,50899.019009688782,5.8367263618190872,16.538927660711238,0,0.0033181347966601158,6.0906252187490359e-06,2.2605584030070329e-06,3.9547001744694735e-06,6.0267053167014894e-06,8.3653532840932794e-06,1.1047285303332525e-05
3247,8.5999999999999996,51000.590578992662,5.8251020757189282,16.453045955448829,0,0.003688624344703198,6.770679864770479e-06,2.5129632365593255e-06,4.3962660450784294e-06,6.6996229242745885e-06,9.2993948910117277e-06,1.2280780622225049e-05
3248,8.5999999999999996,51086.150679965387,5.8153460789342573,16.289796678607431,0,0.0042405740142175824,7.7838148887026771e-06,2.8889921021477849e-06,5.0541041342736022e-06,7.7021252973434017e-06,1.069091580968383e-05,1.4118423106895356e-05
3249,8.5999999999999996,51227.305980892692,5.7993220677150346,16.072652301377765,0,0.0046763916502396558,8.5837829573306992e-06,3.1859032524361959e-06,5.5735309167383146e-06,8.4936978599681227e-06,1.1789656131033247e-05,1.5569419543268568e-05
3250,8.5999999999999996,51053.384082482837,5.8190784290539348,15.867818364345228,0,0.0054967338063324602,1.0089567661716711e-05,3.7447808954310144e-06,6.5512510717755208e-06,9.9836796529366398e-06,1.3857821642711235e-05,1.8300638857755161e-05
3251,8.5999999999999996,50540.184839070062,5.8781669871322082,15.763937557301162,1,0.016879546723935594,3.0983368445831575e-05,1.1499593453572094e-05,2.0117792213054401e-05,3.0658204147417013e-05,4.2555043804492058e-05,5.619818960879582e-05
3252,8.6999999999999993,66394.191471782819,6.3204595858319319,11.476439038621072,1,0.040507885891547954,6.1741479093821341e-05,2.19857912452713e-05,3.9556294362336954e-05,5.7526460640963346e-05,9.0447950693925137e-05,0.0001126689222403038
3253,8.6999999999999993,66616.633693286698,6.2993546906540843,22.508773951008994,1,0.027102899238872168,4.130981042108457e-05,1.4710189675235485e-05,2.6466211128270195e-05,3.8489638054556967e-05,6.0516653487745221e-05,7.5384196919257846e-05
3254,8.6999999999999993,65913.27650138762,6.3665747813728553,33.505407943791198,1,0.043031723929336081,6.5588273119643366e-05,2.3355612824808798e-05,4.2020843625976525e-05,6.1110638544833629e-05,9.6083297327725735e-05,0.00011968874332867128
3255,8.6999999999999993,65701.246438920323,6.3871208946015008,11.027744248678006,0,0.013421974874160922,2.045756185127672e-05,7.2848219843571305e-06,1.3106672376525533e-05,1.9060948067979063e-05,2.9969229322000002e-05,3.7331976481243126e-05
3256,8.6999999999999993,64495.068792904654,6.5065719253493812,21.818674023209432,0,0.0088006963106411224,1.3413882144560258e-05,4.7766075083952263e-06,8.5939546385927183e-06,1.2498132123770069e-05,1.965061687268071e-05,2.4478319380549187e-05
3257,8.6999999999999993,63789.459695407124,6.5785445735889327,32.636309728671272,0,0.013795165541038115,2.1026373164182465e-05,7.4873724733807388e-06,1.3471096229989365e-05,1.9590927298866674e-05,3.0802507344148878e-05,3.8369971659262691e-05
3258,8.6999999999999993,65403.985528457575,6.4161503391685883,10.565118447097939,0,0.010788786113389468,1.6444097182729848e-05,5.8556499323099698e-06,1.0535341203836367e-05,1.532147793092231e-05,2.4089719148605635e-05,3.0008006513378092e-05
3259,8.6999999999999993,63814.566706112266,6.5759563308481486,21.171318793206119,0,0.0070359023419643363,1.0724011085535311e-05,3.8187596490889616e-06,6.8706183504251468e-06,9.9918954109902146e-06,1.5710100246086779e-05,1.9569708870503046e-05
3260,8.6999999999999993,62334.126803529034,6.7321357569355174,32.052861462785913,0,0.010808638173275606,1.6474355378472545e-05,5.8664247045509552e-06,1.0554726908799032e-05,1.5349670435086548e-05,2.4134045780179587e-05,3.0063223174094714e-05
3261,8.6999999999999993,64853.089409445434,6.4706524816730218,10.000303172286298,0,0.0092223675655862362,1.4056586803138635e-05,5.005470999572613e-06,9.0057201977582041e-06,1.3096960088180996e-05,2.0592144677376116e-05,2.5651158811409121e-05
3262,8.6999999999999993,62628.179394798994,6.7005269510714838,20.432307548119905,0,0.0059491974637749887,9.0676726950916686e-06,3.2289469232149085e-06,5.8094418140407957e-06,8.4486333022029946e-06,1.3283653467193624e-05,1.6547140184823469e-05
3263,8.6999999999999993,65749.309136216849,6.3824519138595512,31.60061490073641,0,0.0094142203690019601,1.4349005812190264e-05,5.1095997535888349e-06,9.1930660885427786e-06,1.3369415994028601e-05,2.1020522819604895e-05,2.6184779564847177e-05
3264,8.6999999999999993,64163.148689888585,6.5402308412199455,9.3706179451073801,0,0.0082002909366319637,1.2498753768163325e-05,4.4507354732353098e-06,8.0076536952499618e-06,1.164547848963491e-05,1.8310002953451739e-05,2.2808347598313738e-05
3265,8.6999999999999993,61787.96632096039,6.7916429188094991,19.529601255018694,0,0.0052661339489281419,8.0265580875661192e-06,2.8582119042388252e-06,5.1424244946528178e-06,7.478594369356241e-06,1.1758476486170834e-05,1.4647262461125086e-05
3266,8.6999999999999993,63874.41926272829,6.5697944306204903,31.022596755676609,0,0.0081758661380937504,1.2461525876479337e-05,4.437478831718479e-06,7.9838026721848472e-06,1.1610792102506888e-05,1.8255466091671095e-05,2.2740412289751729e-05
3267,8.6999999999999993,63221.423548320534,6.6376519283950568,8.7941321327793833,0,0.0074839126096916085,1.1406861250877367e-05,4.0619187279992014e-06,7.3081041791108397e-06,1.0628128195445101e-05,1.6710439061947407e-05,2.0815807819052566e-05
3268,8.6999999999999993,67009.355365845811,6.2624360679237174,18.267981729741408,0,0.0052117623714407584,7.9436857889790477e-06,2.8287015477735642e-06,5.0893301877864032e-06,7.4013796655158789e-06,1.1637073019870561e-05,1.4496032968368791e-05
3269,8.6999999999999993,63046.238505414076,6.6560958096707683,30.32412704571243,0,0.0074267521672035973,1.1319738208358787e-05,4.0308947056793657e-06,7.2522865219022965e-06,1.054695294098205e-05,1.6582808484097939e-05,2.0656821357326435e-05
3270,8.6999999999999993,62437.556902908756,6.7209837275333992,8.2645288015217329,0,0.0070086878765890839,1.0682531227773436e-05,3.8039889065181471e-06,6.8440431940178426e-06,9.953247334527626e-06,1.5649334482378137e-05,1.9494014362737697e-05
3271,8.6999999999999993,65774.450687907025,6.3800122926536851,17.464884449482394,0,0.0048465077907287411,7.386970533106884e-06,2.6304583961952914e-06,4.7326559898161966e-06,6.8826707080176651e-06,1.0821515071588102e-05,1.3480111276915038e-05
3272,8.6999999999999993,61796.2660246374,6.7907307500437737,29.661740955954155,0,0.0068535434920020174,1.044606261020224e-05,3.7197837702259314e-06,6.6925433857627269e-06,9.7329221524751968e-06,1.5302920658533083e-05,1.9062494666798511e-05
3273,8.6999999999999993,66571.768012383312,6.3036001064795366,7.659178283472122,0,0.0071635505867077816,1.0918570521574278e-05,3.8880411630457349e-06,6.9952679447640326e-06,1.0173172502240588e-05,1.599511936995891e-05,1.9924750607305001e-05
3274,8.6999999999999993,64435.003972793973,6.5126372011798654,16.845156693794181,0,0.0045640922993801947,6.9565173072448607e-06,2.4771764388538592e-06,4.4568748656623436e-06,6.4816040196459992e-06,1.0190924215647538e-05,1.2694598818442211e-05
3275,8.6999999999999993,65588.812426360193,6.3980698598948278,28.991811497837617,0,0.0068911941094640982,1.050344908594003e-05,3.7402187694256696e-06,6.729309533254136e-06,9.7863909207377302e-06,1.5386988763220735e-05,1.9167216362284962e-05
3276,8.6999999999999993,65957.42797616696,6.3623130374796251,7.389719505892999,0,0.0069924065323179177,1.0657715460304631e-05,3.7951521521810628e-06,6.8281443231577572e-06,9.930125710434363e-06,1.5612980715908767e-05,1.9448729315856531e-05
3277,8.6999999999999993,64259.315594831038,6.5304430968005214,16.464834226417501,0,0.004473149067865668,6.8179030719250593e-06,2.4278166942203841e-06,4.3680680282558669e-06,6.3524528157967253e-06,9.9878618059726724e-06,1.2441648666779765e-05
3278,8.6999999999999993,64592.773855556567,6.4967298798748061,28.750322751500335,0,0.0066366177019684669,1.0115427751445967e-05,3.6020465684336177e-06,6.4807135107521421e-06,9.4248593482156763e-06,1.4818558349087327e-05,1.8459135729858624e-05
3279,8.6999999999999993,65139.073408241602,6.4422439862077638,7.2432062662262844,0,0.0069601582989720131,1.0608563213004699e-05,3.7776493151218769e-06,6.7966536496056696e-06,9.8843290294799303e-06,1.5540975313616341e-05,1.9359033850016508e-05
3280,8.6999999999999993,62907.236844896361,6.6708033125990944,16.286659069945223,0,0.0044037668846647381,6.7121518454835504e-06,2.3901592810420997e-06,4.3003157375156042e-06,6.2539211017058357e-06,9.8329419392090521e-06,1.2248668568414296e-05
3281,8.6999999999999993,62529.618456333206,6.7110885095907342,28.676674176041697,0,0.0064251703949240327,9.7931431098262788e-06,3.4872828317009707e-06,6.2742334208761545e-06,9.1245767015503918e-06,1.4346428659250595e-05,1.7871014684512197e-05
3282,8.6999999999999993,65380.126410131743,6.4184917798868,7.0928227861446667,0,0.0071984232464399741,1.0971722878070137e-05,3.9069684163487605e-06,7.0293213929557601e-06,1.0222696209621927e-05,1.6072984717374669e-05,2.002174567138211e-05
3283,8.6999999999999993,63506.797700811476,6.6078249750267029,16.123620871987782,0,0.0045548572309160327,6.9424413619329621e-06,2.4721640743988874e-06,4.4478567429293334e-06,6.4684890226317741e-06,1.0170303711794586e-05,1.266891233326107e-05
3284,8.6999999999999993,62805.666315012022,6.6815914638435459,28.6364175278046,0,0.0065258912880508434,9.9466603023539075e-06,3.541949435044627e-06,6.372588227829753e-06,9.2676134551764592e-06,1.457132310078655e-05,1.8151160493801306e-05
3285,8.6999999999999993,63227.217717338295,6.6370436511603055,12.109311728209875,0,0.0058312176108629484,8.887849668988479e-06,3.1649129614274051e-06,5.6942334863806348e-06,8.28108658344453e-06,1.3020222392374404e-05,1.6218990181901628e-05
3286,8.6999999999999993,62163.920321193276,6.7505685253303405,23.027161457734874,0,0.0055104069502138727,8.3988751332506663e-06,2.9907918968729149e-06,5.3809591535461374e-06,7.8254937664695725e-06,1.2303900960686765e-05,1.5326685126157581e-05
3287,8.6999999999999993,63444.074682245882,6.6143577005911096,28.472485985001175,0,0.006757981197243669,1.0300408071730972e-05,3.6679170134887074e-06,6.5992259938968046e-06,9.597211278723493e-06,1.5089544582880985e-05,1.8796697019741351e-05
3288,8.6999999999999993,62897.227828412433,6.6718648566865228,11.523144671695256,0,0.005838726897548871,8.8992952050050881e-06,3.1689886520205803e-06,5.7015663685605339e-06,8.2917507461247542e-06,1.30369894878909e-05,1.6239876565356973e-05
3289,8.6999999999999993,62104.854430618972,6.7569887696975002,22.363198026302261,0,0.0055019575851510544,8.3859967446381698e-06,2.9862059755803654e-06,5.3727082768527811e-06,7.8134945703617163e-06,1.2285034813076819e-05,1.5303184002011248e-05
3290,8.6999999999999993,61614.510609005287,6.8107625912078182,11.023446838124631,0,0.0058556608379676913,8.9251056492021469e-06,3.1781796051106728e-06,5.7181025050973677e-06,8.3157991415312144e-06,1.3074800402342372e-05,1.6286976747809796e-05
3291,8.6999999999999993,60895.379963924541,6.8911927995193309,21.788759492916178,0,0.0055187456734907755,8.4115848834027349e-06,2.9953177669642079e-06,5.3891019875965326e-06,7.8373358368671469e-06,1.2322520062009873e-05,1.5349878510452778e-05
3292,8.6999999999999993,61113.732212825627,6.8665713700810826,10.750054729575217,0,0.0060633971059962368,9.2417339838393056e-06,3.2909291629418382e-06,5.9209587338788609e-06,8.6108116306657847e-06,1.3538643906253949e-05,1.6864775882814339e-05
3293,8.6999999999999993,60504.883179258759,6.9356683606529934,21.498942173512049,0,0.005712147362308473,8.7063646790903476e-06,3.1002871837393259e-06,5.5779603781214796e-06,8.1119913612125569e-06,1.2754356629860846e-05,1.5887807344776152e-05
3294,8.6999999999999993,60405.879971115726,6.9470356881159674,10.727273832663805,0,0.0063976597951148845,9.7512118886432587e-06,3.4723513611706281e-06,6.2473690866808667e-06,9.0855080757186874e-06,1.4285001672373026e-05,1.7794496506323891e-05
3295,8.6999999999999993,67301.029627308235,6.235295451722414,21.805638587596764,0,0.0070503715781591644,1.0746064866530408e-05,3.8266128756757478e-06,6.8847476823693795e-06,1.0012443606190899e-05,1.5742407850720416e-05,1.9609953707078234e-05
3296,8.6999999999999993,67108.589200020695,6.2531757698053507,11.020489494401787,0,0.007799336945666569,1.188762603572495e-05,4.2331163467293055e-06,7.6161187201874839e-06,1.1076071731606083e-05,1.7414733649532391e-05,2.1693131312996677e-05
3297,8.6999999999999993,65405.70640601217,6.4159815250128771,22.041256958090148,0,0.0072475173276658035,1.1046551300312419e-05,3.9336143939764078e-06,7.0772621799328112e-06,1.0292416183132843e-05,1.6182604336872116e-05,2.015829629846004e-05
3298,8.6999999999999993,65765.20088250484,6.3809096345819194,11.132650148403874,0,0.0080546387332457968,1.2276752983071444e-05,4.3716822502002807e-06,7.8654230824973894e-06,1.1438633438086263e-05,1.7984783727111359e-05,2.2403229522752335e-05
3299,8.6999999999999993,64018.773568190052,6.5549803681322638,22.240509672822668,0,0.0075287783862288959,1.1475244957978778e-05,4.0862697790426133e-06,7.351915990674032e-06,1.0691843426968379e-05,1.6810617519913686e-05,2.094059780936369e-05
3300,8.6999999999999993,64183.314191014157,6.5381759920110438,11.280748047943925,0,0.0083743092681299938,1.2763989757148105e-05,4.5451845076630582e-06,8.1775840728462673e-06,1.1892607128353038e-05,1.869855943130182e-05,2.3292363424576098e-05
3301,8.6999999999999993,62415.411391822461,6.7233683888907452,22.434315267031945,0,0.0078683829384575722,1.1992864846060084e-05,4.2705912914324121e-06,7.6835427181392153e-06,1.1174126011637929e-05,1.7568902854222403e-05,2.1885176328962256e-05
3302,8.6999999999999993,62520.816664893093,6.7120333085320878,11.538456250971421,0,0.0086479006624380819,1.3180993433843234e-05,4.6936771566713195e-06,8.4447483913502605e-06,1.2281142452524435e-05,1.9309447420097686e-05,2.4053332476711847e-05
3303,8.6999999999999993,66970.277320261579,6.2660902824786362,22.807241575428996,0,0.0091438003570051187,1.393683590626245e-05,4.9628283829914165e-06,8.9289986517811463e-06,1.2985384444756586e-05,2.04167160453579e-05,2.5432631418052595e-05
3304,8.6999999999999993,65995.820486377037,6.3586118156984446,11.823916411701676,0,0.0096361150257764407,1.4687214139056583e-05,5.2300338245089065e-06,9.4097481040965074e-06,1.3684535234601968e-05,2.1515979853055542e-05,2.6801958943119278e-05
3305,8.6999999999999993,64272.650302783411,6.5290882195535875,23.055963692537816,0,0.009154673482949769,1.3953408552882258e-05,4.968729808650673e-06,8.9396163515459988e-06,1.3000825696205102e-05,2.0440994082527345e-05,2.5462874007973154e-05
3306,8.6999999999999993,62741.440088417592,6.6884311762690727,12.003998560814523,0,0.0095947197127446548,1.4624120057549173e-05,5.2075663791999574e-06,9.3693252296001611e-06,1.3625748512129734e-05,2.1423550412474941e-05,2.6686821724712517e-05
3307,8.6999999999999993,66657.106239160814,6.2955298783260476,23.313472238685616,0,0.010331556109249202,1.5747194440945824e-05,5.6074868104670721e-06,1.0088852224295754e-05,1.4672151922957756e-05,2.3068794063031349e-05,2.8736263724323721e-05
3308,8.6999999999999993,64022.994049866604,6.5545482550306442,18.253794639370653,0,0.010234463754608035,1.559920780939717e-05,5.5547896085847604e-06,9.9940407159686854e-06,1.4534268165391209e-05,2.2852001596279248e-05,2.8466210357814258e-05
3309,8.6999999999999993,60527.703170469445,6.9330534936955512,18.268789859446308,0,0.0099512674150869958,1.5167564427098779e-05,5.4010838432726859e-06,9.7174970869473576e-06,1.413209257116892e-05,2.2219667225083549e-05,2.7678526042674716e-05
3310,8.6999999999999993,65290.976333273,6.427255763328759,18.332448973339929,0,0.011500326063917491,1.7528615123201062e-05,6.2418406324828436e-06,1.1230166004345689e-05,1.6331957102017832e-05,2.5678479681170107e-05,3.1987088798036121e-05
3311,8.6999999999999993,63578.90305105791,6.6003309870632938,18.431857951761323,0,0.011589052879862909,1.7663851132960298e-05,6.289997410115136e-06,1.1316808493138277e-05,1.6457960707808254e-05,2.5876593171845624e-05,3.2233874195653476e-05
3312,8.6999999999999993,61517.574701415273,6.8214946048862384,18.482684494985669,0,0.011548381216720128,1.7601860027170082e-05,6.2679227282161789e-06,1.1277092268900137e-05,1.6400201662193043e-05,2.5785779531449107e-05,3.2120749742200477e-05
3313,8.6999999999999993,66230.619369321706,6.3360694483520144,18.341476909914988,0,0.012684238415402052,1.9333115607225398e-05,6.8844130412756922e-06,1.2386266463399793e-05,1.8013266451816247e-05,2.8321975969268112e-05,3.5280031042069185e-05
3314,8.6999999999999993,64830.593483366261,6.4728977691536782,18.293283539874373,0,0.012571856955039108,1.9161825562513894e-05,6.8234176258646415e-06,1.2276525013577217e-05,1.7853670177805517e-05,2.8071045253875242e-05,3.49674524480447e-05
3315,8.6999999999999993,64291.675862744974,6.5271560944728746,18.269642768280171,0,0.012665725324822363,1.9304898247325448e-05,6.8743649991270697e-06,1.2368188273328669e-05,1.7986975458022438e-05,2.8280639052589048e-05,3.5228538600115159e-05
3316,8.6999999999999993,64087.654677363083,6.5479351061291924,18.251954182545965,0,0.012622375900279125,1.923882573995414e-05,6.8508369532260344e-06,1.2325857192356902e-05,1.7925413643331059e-05,2.8183846378091196e-05,3.5107966202036918e-05
3317,8.6999999999999993,64169.161019658393,6.5396180542680327,18.231045450787363,0,0.012496714496365535,1.9047294615288609e-05,6.7826338038089385e-06,1.2203147764950629e-05,1.7746958124184066e-05,2.7903263567728403e-05,3.4758450678465692e-05
3318,8.6999999999999993,64083.136212044883,6.5483967972921366,18.206667283165672,0,0.012390295650461298,1.8885092693243698e-05,6.7248746174402067e-06,1.2099228858751515e-05,1.7595829537351442e-05,2.7665646463912597e-05,3.4462456542751266e-05
3319,8.6999999999999993,63854.840850386667,6.5718087829021563,18.163969257192949,0,0.012252400340306892,1.867491484215e-05,6.6500314742834989e-06,1.1964572918072282e-05,1.7400000281946483e-05,2.7357747200861408e-05,3.4078913545254792e-05
3320,8.6999999999999993,64143.459607593519,6.5422383902989836,18.165852767680011,0,0.01221120354313145,1.8612123335371546e-05,6.6276717741229422e-06,1.1924343895994453e-05,1.73414954777809e-05,2.7265761016007224e-05,3.3964328480264326e-05
3321,8.6999999999999993,64769.732393097511,6.4789800486517306,18.260182040225235,0,0.012230982771834976,1.8642270522977441e-05,6.638407016994724e-06,1.1943658480689179e-05,1.7369584552203797e-05,2.7309925026623085e-05,3.401934256781106e-05
3322,8.6999999999999993,65126.094246004795,6.4435278791055959,18.392007087829661,0,0.012365997339953977,1.8848057592616145e-05,6.7116866277273636e-06,1.2075501352322066e-05,1.7561322779660269e-05,2.7611392030674684e-05,3.4394873048898986e-05
3323,8.6999999999999993,65317.186488747298,6.4246766661280708,18.548335405768182,0,0.012465063860442129,1.8999053216529784e-05,6.7654553147597904e-06,1.2172240650353404e-05,1.7702010109207824e-05,2.7832592509626382e-05,3.4670417374351584e-05
3324,8.6999999999999993,65643.983888335133,6.3926925069817457,18.724000154898487,0,0.01258762319570352,1.918585621721101e-05,6.8319748059875074e-06,1.2291920881393638e-05,1.7876060287856324e-05,2.810624887230305e-05,3.5011304782086431e-05
3325,8.6999999999999993,66071.958544364315,6.3512844658543006,18.819994694952694,0,0.012729968090251157,1.9402816054472201e-05,6.9092329760320585e-06,1.2430921878996354e-05,1.8078208531177639e-05,2.8424083380824341e-05,3.540722388529587e-05
3326,8.6999999999999993,66324.412313127294,6.3271092693622357,18.841572327326862,0,0.012839042288682552,1.9569065222847893e-05,6.9684333639115532e-06,1.2537433759474137e-05,1.8233108063575046e-05,2.8667629483134277e-05,3.5710603637435801e-05
3327,8.6999999999999993,66788.99840294657,6.2830977251618272,18.922899094033244,0,0.012987250754272933,1.9794962222367316e-05,7.0488740068514497e-06,1.2682160583964047e-05,1.8443583339556346e-05,2.8998556454342571e-05,3.6122831718892933e-05
3328,8.6999999999999993,67489.553764064854,6.2178778866786759,19.01141715426186,0,0.013182406587224121,2.0092415656803576e-05,7.1547954912520248e-06,1.2872731911122717e-05,1.8720729976464973e-05,2.9434309759357283e-05,3.6665639542198939e-05
3329,8.6999999999999993,67866.712652583345,6.1833229801416767,18.977795438039109,0,0.013311203818052689,2.0288726359263694e-05,7.2247006212691101e-06,1.2998503500125138e-05,1.8903638777229386e-05,2.9721894394474642e-05,3.7023877077078989e-05
3330,8.6999999999999993,67718.210525802904,6.1968826505167751,18.856395787265875,0,0.01333178394713019,2.0320094266554356e-05,7.2358705555112992e-06,1.3018600170832269e-05,1.8932865234234141e-05,2.9767846693862965e-05,3.708111879462841e-05
3331,8.6999999999999993,67548.936597717708,6.2124116983592748,18.731030701521821,0,0.013353019075959852,2.0352460514109245e-05,7.2473959930709225e-06,1.3039336454356351e-05,1.896302187598276e-05,2.9815261508116829e-05,3.7140182333152185e-05
3332,8.6999999999999993,67376.121035456803,6.2283461481932632,18.575007761093396,0,0.013343234139434503,2.033754646859397e-05,7.2420851858772191e-06,1.3029781380794878e-05,1.8949125994884276e-05,2.9793413232480885e-05,3.7112966441030529e-05
3333,8.6999999999999993,66919.288035015779,6.2708647424911526,18.39415693270989,0,0.013269697863044182,2.022546363900503e-05,7.2021731246553441e-06,1.2957972582799507e-05,1.8844694928775902e-05,2.9629217907181164e-05,3.6908432118290389e-05
3334,8.6999999999999993,65986.41030501925,6.3595186037793976,18.237331176676854,0,0.013085153922347798,1.9944184682929601e-05,7.1020112804506581e-06,1.2777763858490471e-05,1.8582618557537431e-05,2.9217159344222392e-05,3.6395140287659981e-05
3335,8.6999999999999993,64783.322514526495,6.4776209006151753,18.051397112156558,0,0.012555028042919848,1.9136175200790132e-05,6.8142836772372142e-06,1.2260091438066275e-05,1.7829770936229424e-05,2.8033468851649007e-05,3.4920644392052092e-05
3336,8.6999999999999993,63519.873994435613,6.606464678568968,17.801941859680895,0,0.012043876987538893,1.8357086845399735e-05,6.5368547235640081e-06,1.1760948094362747e-05,1.7103870030225966e-05,2.6892146256388835e-05,3.3498925207151788e-05
3337,8.6999999999999993,62044.940559497394,6.763513674881823,17.57374923830055,0,0.011482662343976756,1.7501692360597264e-05,6.2322535891038908e-06,1.1212917231912089e-05,1.6306872324879272e-05,2.5639039279996166e-05,3.1937958801624917e-05
3338,8.6999999999999993,66828.673723655418,6.2793675311687265,17.447116414724992,0,0.011584462572241189,1.7656854658673306e-05,6.2875060052219531e-06,1.1312326018787861e-05,1.6451441874625061e-05,2.5866343712800764e-05,3.2221106681350821e-05
3339,8.6999999999999993,65535.97241008839,6.4032284636825221,17.538999419142915,0,0.010831434056953021,1.6509100503884976e-05,5.8787972470510738e-06,1.0576987282678025e-05,1.5382043551488024e-05,2.418494552272353e-05,3.0126627807264809e-05
3340,8.6999999999999993,64319.86200597509,6.5242957749568431,17.686370143789084,0,0.0099031356995871612,1.5094202827477437e-05,5.3749601928780613e-06,9.6704960582693098e-06,1.4063739282016869e-05,2.2112196421941701e-05,2.754465214647924e-05
3341,8.6999999999999993,63014.261280117258,6.6594735129236389,17.67358190055408,0,0.0090181113441497925,1.3745262700484526e-05,4.8946102487283785e-06,8.8062622640089533e-06,1.280688971732545e-05,2.013607158842566e-05,2.5083039102774248e-05
3342,8.6999999999999993,62449.358123598133,6.7197136454284516,17.509081313774082,0,0.0079620474124141721,1.2135626756077013e-05,4.3214279995494765e-06,7.7750068718854808e-06,1.1307141733291404e-05,1.7778041384554016e-05,2.2145695363728694e-05
3343,8.6999999999999993,62001.360215591536,6.7682677036795518,17.436776255955927,0,0.0069792123549626793,1.0637605103829361e-05,3.7879909680659007e-06,6.8152600969917704e-06,9.9113882644380908e-06,1.5583520123813969e-05,1.9412030937016369e-05
3344,8.6999999999999993,61711.316391609827,6.8000786317441824,17.49285148622862,0,0.0063736351622981332,9.7145939232237973e-06,3.4593119109443793e-06,6.2239088288389549e-06,9.0513899759035902e-06,1.4231358319810344e-05,1.7727674221548788e-05
3345,8.6999999999999993,61630.950622572258,6.8089458249845194,17.556995034408459,0,0.0057464171262431672,8.7585981113457088e-06,3.1188872133214702e-06,5.61142509345019e-06,8.1606588782348557e-06,1.2830875802620351e-05,1.5983125510189402e-05
3346,8.6999999999999993,61863.535016661102,6.7833466648547072,17.5437951226466,0,0.0051657142894737324,7.8735000306383253e-06,2.803708796483539e-06,5.0443638449368803e-06,7.3359854066804482e-06,1.1534254653628141e-05,1.4367954505317218e-05
3347,8.6999999999999993,61952.25761924882,6.7736321492988827,17.440134563427922,0,0.004605304532898132,7.0193323418524389e-06,2.4995445171411982e-06,4.4971189614596274e-06,6.5401307454233736e-06,1.028294486750769e-05,1.2809226818185602e-05
3348,8.6999999999999993,62011.461551815897,6.7671651889827462,17.254946261898475,0,0.0041537135601215393,6.3310245224986261e-06,2.2544419985279824e-06,4.0561365439039333e-06,5.8988128946029373e-06,9.2746108816542975e-06,1.1553168471116809e-05
3349,8.6999999999999993,62430.806603685938,6.7217104304818429,16.961099627221863,0,0.0040351378314709124,6.1502932720177203e-06,2.1900846231801722e-06,3.940346338527862e-06,5.7304199548811163e-06,9.0098493069030968e-06,1.1223361095172945e-05
3350,8.6999999999999993,62998.136776601066,6.661178018954601,16.58939476181731,0,0.0042475014119949962,6.4739744831853597e-06,2.3053456704241869e-06,4.1477211772331138e-06,6.0320038289272748e-06,9.4840248961168379e-06,1.181403067009966e-05
3351,8.6999999999999993,63608.786501253329,6.5972301471766324,16.3720312106059,0,0.0046136512558688581,7.0320542850113274e-06,2.5040747290932071e-06,4.5052696072789341e-06,6.551984176425476e-06,1.0301581830930893e-05,1.2832442452886161e-05
3352,8.6999999999999993,63485.171915153653,6.6100758849992758,16.307208439668777,0,0.0052056597593082565,7.9343842840719444e-06,2.8253893345231552e-06,5.0833709352463253e-06,7.3927131634528653e-06,1.1623446814772066e-05,1.4479059119532039e-05
3353,8.6999999999999993,63496.26716059848,6.6089208499455223,16.18435346484701,0,0.0062747950165787155,9.5639433361528256e-06,3.4056660895787001e-06,6.1273905876905231e-06,8.9110241279376374e-06,1.4010663301300985e-05,1.7452759536489775e-05
3354,8.6999999999999993,63627.87328471701,6.5952511418008628,16.039802152447159,1,0.018855575299476266,2.8739369693877173e-05,1.0233926881636564e-05,1.8412629306653533e-05,2.6777366590596764e-05,4.2101632989651209e-05,5.2445031392175233e-05
3355,8.8000000000000007,77926.405247281073,7.6066617145411,11.034658431635448,1,0.042057831312863739,5.3265018256714539e-05,1.7408273483382936e-05,3.3273847304507025e-05,5.0277248715336724e-05,7.2892824453965756e-05,9.3719984474722448e-05
3356,8.8000000000000007,77178.947043505526,7.6803302720905329,21.982896257360796,1,0.028059535643962422,3.5536584547892688e-05,1.1614200139640281e-05,2.219916422954061e-05,3.3543247675180604e-05,4.8631580424109121e-05,6.2526743838923335e-05
3357,8.8000000000000007,81662.109848277934,7.2586883249478946,32.700626493247668,1,0.045148355239118206,5.7179076785557604e-05,1.8687480804249261e-05,3.5718900175829567e-05,5.3971757805572907e-05,7.8249187609056561e-05,0.00010060678403965239
3358,8.8000000000000007,78091.31726015998,7.5905980862320179,10.636311904633663,0,0.014372697282630674,1.8202602446679192e-05,5.9490429529917918e-06,1.1370889078388689e-05,1.7181572454689253e-05,2.4910140804914752e-05,3.2027542175624224e-05
3359,8.8000000000000007,76772.368503504724,7.7210045085328787,21.403723553508183,0,0.0095836425824435793,1.2137404169091137e-05,3.96679205356802e-06,7.582051902226007e-06,1.1456586482837342e-05,1.6609957161009031e-05,2.1355804757417099e-05
3360,8.8000000000000007,80507.109226705943,7.3628255819881847,32.298273999957722,0,0.015389639043419247,1.949052956425863e-05,6.3699681347204513e-06,1.217543757292093e-05,1.8397256484040078e-05,2.6672660529187737e-05,3.4293654408654441e-05
3361,8.8000000000000007,78237.083565616267,7.5764557717590373,10.13498812580074,0,0.011728251341920718,1.4853488692738952e-05,4.8544730070178892e-06,9.2787486210823747e-06,1.4020318958609165e-05,2.0326900829932599e-05,2.6134764902731961e-05
3362,8.8000000000000007,82591.72523596324,7.1769877872486898,20.258329931847051,0,0.0081884180843966314,1.0370392983757963e-05,3.3892908159973581e-06,6.4782268723956577e-06,9.7886914223380648e-06,1.4191814065292578e-05,1.824674244455081e-05
3363,8.8000000000000007,80077.299110098727,7.4023451082099907,31.757371577629339,0,0.012624450954081906,1.5988499396175431e-05,5.2254214714821494e-06,9.9877725559491529e-06,1.5091664042097454e-05,2.1880155454951673e-05,2.8131820174393322e-05
3364,8.8000000000000007,77508.728611955012,7.6476522575146433,9.5527301778260991,0,0.010034341095812494,1.2708200707892385e-05,4.1533419239337905e-06,7.9386198242058252e-06,1.199536560066006e-05,1.7391088441228306e-05,2.2360123248342138e-05
3365,8.8000000000000007,80808.985525171127,7.3353204410872008,19.389184885525061,0,0.0070063185811603959,8.8732983962423903e-06,2.9000047355090982e-06,5.543014638630628e-06,8.3755726552677763e-06,1.2143050044733955e-05,1.5612599322268797e-05
3366,8.8000000000000007,77858.426355662086,7.6133031592308882,31.134711903636703,0,0.010743671702841795,1.360654725962973e-05,4.4469429207479873e-06,8.4998032606776754e-06,1.2843321623064502e-05,1.8620469743211828e-05,2.3940767123764659e-05
3367,8.8000000000000007,82262.313807577448,7.2057273362484304,8.7689110620704174,0,0.0093478730605921576,1.1838808937388076e-05,3.8692040375596765e-06,7.3955239994726995e-06,1.1174740212604327e-05,1.6201331565455446e-05,2.0830425410984426e-05
3368,8.8000000000000007,79428.272758572959,7.4628313415304506,18.494363543887989,0,0.0062316611491644225,7.8922173235874435e-06,2.5793641315796135e-06,4.9301482044630682e-06,7.4495229003976727e-06,1.080044709922327e-05,1.3886383770168148e-05
3369,8.8000000000000007,81728.813741364662,7.2527640646067457,30.181154369880161,0,0.010062999808904762,1.2744496133225139e-05,4.1652041312711295e-06,7.9612930247396864e-06,1.2029625123821938e-05,1.7440758490237048e-05,2.2423985175175521e-05
3370,8.8000000000000007,80646.310524415079,7.3501168186342998,8.2578902145358608,0,0.0084835044924909207,1.074411132404821e-05,3.511430848732792e-06,6.7116830392513583e-06,1.0141446956067504e-05,1.4703245137046138e-05,1.8904301161251442e-05
3371,8.8000000000000007,78235.942400094966,7.5765662834987211,17.691391402832846,0,0.0057276250414265654,7.2538702751867631e-06,2.3707371497524083e-06,4.5313825058689541e-06,6.8469823518436261e-06,9.9268733943290185e-06,1.2763209923174204e-05
3372,8.8000000000000007,80190.499688100812,7.391895619204691,29.593298972432251,0,0.0092920943112187841,1.1768166776083845e-05,3.846116500866937e-06,7.3513949150299095e-06,1.1108060548728796e-05,1.6104658235913333e-05,2.0706130283011597e-05
3373,8.8000000000000007,79273.818480563481,7.4773716557080157,7.7873871107827961,0,0.007931908580687071,1.0045531169165739e-05,3.2831182566362891e-06,6.2752906345498358e-06,9.4820519282586681e-06,1.3747242825145061e-05,1.7675146954368558e-05
3374,8.8000000000000007,77150.672271181436,7.6831450186562371,16.99182036614593,0,0.0054191878372327248,6.8632435405312842e-06,2.2430710520139322e-06,4.2873639220520587e-06,6.4782668583375741e-06,9.3923032969522429e-06,1.2075900827908701e-05
3375,8.8000000000000007,77889.062778309788,7.6103085876567613,7.3958638667124186,0,0.0075929785334529184,9.6162861370246128e-06,3.1428307817520716e-06,6.0071477872716107e-06,9.0768843352097049e-06,1.3159823843613862e-05,1.6919888830655312e-05
3376,8.8000000000000007,81381.179622804251,7.2837455305232179,23.685552602630878,0,0.0076006335719111745,9.6259810202486601e-06,3.145999299929241e-06,6.0132040334645103e-06,9.0860354079226121e-06,1.3173091227050139e-05,1.6936947011333347e-05
3377,8.8000000000000007,80912.842174361387,7.3259051025417268,12.456756002640523,0,0.0068186948466825905,8.6356784018111366e-06,2.8223448757444254e-06,5.3945770398092547e-06,8.1512813670872631e-06,1.1817868657254636e-05,1.5194506117425609e-05
3378,8.8000000000000007,80063.335392543813,7.4036361393146572,23.328739672196509,0,0.007101983846011785,8.9944556675466796e-06,2.9396018103322091e-06,5.6186997444871625e-06,8.4899339089085635e-06,1.2308852967506666e-05,1.5825775961595422e-05
3379,8.8000000000000007,79248.876886048311,7.4797249707227387,12.313873058842999,0,0.0065076042784256473,8.2416912588594823e-06,2.6935805167352275e-06,5.1484592600061901e-06,7.7793939590823259e-06,1.1278699863396689e-05,1.4501284372100955e-05
3380,8.8000000000000007,77558.458995850393,7.6427485927488839,23.215265999802096,0,0.0067301804311160974,8.5235774728293406e-06,2.785707628760841e-06,5.3245492933499089e-06,8.0454684626313898e-06,1.1664459278926555e-05,1.499726414384473e-05
3381,8.8000000000000007,79551.821802141596,7.451241089369371,12.122062730549647,0,0.0065219471429497685,8.2598560789865067e-06,2.6995172115284906e-06,5.1598065470437614e-06,7.7965398685231936e-06,1.1303558299347569e-05,1.4533245436154025e-05
3382,8.8000000000000007,77949.359125316405,7.6044217681552553,23.05318707703444,0,0.0067944226984423817,8.6049384330874294e-06,2.8122983236183409e-06,5.3753742485790266e-06,8.1222656809276376e-06,1.1775801213794873e-05,1.5140419035775614e-05
3383,8.8000000000000007,80172.216968097637,7.3935812899146889,11.72116054940766,0,0.0067139325170059204,8.5029999628936971e-06,2.7789824096153174e-06,5.3116948356605166e-06,8.0260451972531555e-06,1.1636299092963424e-05,1.4961057943700344e-05
3384,8.8000000000000007,78987.513898006451,7.5044747466253403,22.61673025022613,0,0.0070343687275032461,8.9088230895139249e-06,2.9116150492971015e-06,5.5652063745605691e-06,8.4091046786783539e-06,1.2191665352025182e-05,1.5675105143365699e-05
3385,8.8000000000000007,80208.553675946256,7.390231791750538,11.29053875359029,0,0.0070195642351831983,8.8900736312300986e-06,2.9054872808638487e-06,5.5534938729526377e-06,8.3914069249130125e-06,1.2166006842631586e-05,1.5642115406446796e-05
3386,8.8000000000000007,78984.938081582397,7.5047194787195313,22.140735244327949,0,0.0073021582435728195,9.2479707111850373e-06,3.022456549826304e-06,5.7770667389517664e-06,8.7292286527994724e-06,1.2655786624476562e-05,1.6271836560681019e-05
3387,8.8000000000000007,79091.851360418397,7.4945748917309434,11.021053126387939,0,0.0072601421325805167,9.1947585304990428e-06,3.0050655449163941e-06,5.7438258984745846e-06,8.6790012778619286e-06,1.258296610788793e-05,1.6178209544095349e-05
3388,8.8000000000000007,77618.528971916254,7.6368337714926087,21.868334084934478,0,0.0074784576780174495,9.471248809489394e-06,3.0954291371893421e-06,5.9165451732519994e-06,8.9399825180667668e-06,1.2961341222161566e-05,1.6664695149516517e-05
3389,8.8000000000000007,78147.594102370073,7.5851318284964355,10.964501282817558,0,0.0075494004653285885,9.5610957831290991e-06,3.1247932628381137e-06,5.972671212057642e-06,9.024789747799282e-06,1.3084296210098955e-05,1.6822781211442398e-05
3390,8.8000000000000007,76673.516950075253,7.7309588359208004,21.857646550405871,0,0.0077253972018395886,9.783990523317791e-06,3.1976405596607936e-06,6.1119101683698624e-06,9.2351817584768442e-06,1.3389326184743497e-05,1.7214965280342967e-05
3391,8.8000000000000007,83270.901411082596,7.1184506628556408,11.077614293335932,0,0.0086447951887952575,1.094838129268687e-05,3.5781911277092397e-06,6.8392873838630753e-06,1.033425890571938e-05,1.4982787235265881e-05,1.9263714879973935e-05
3392,8.8000000000000007,81376.780763344883,7.284139256751093,22.075256865496655,0,0.0087254565037513214,1.1050536498498236e-05,3.611577876061501e-06,6.9031021882276527e-06,1.0430683967762742e-05,1.512258595735358e-05,1.9443457319120598e-05
3393,8.8000000000000007,80973.692263935474,7.3203998332470057,11.154220847266677,0,0.008776467040366118,1.1115139857236824e-05,3.6326917886006122e-06,6.943458924494332e-06,1.0491663560776147e-05,1.5210995225608639e-05,1.9557127153021991e-05
3394,8.8000000000000007,79126.400455570867,7.491302522716671,22.214608001429546,0,0.0088190037898479862,1.1169011411404193e-05,3.6502982924302099e-06,6.9771116655631955e-06,1.0542513323269435e-05,1.5284718090436331e-05,1.9651914339536442e-05
3395,8.8000000000000007,79459.851514168957,7.4598654798720458,11.334112047436625,0,0.0090534240488972639,1.1465897841070965e-05,3.7473278313338753e-06,7.1625721056573321e-06,1.0822746642492657e-05,1.5691005201728865e-05,2.0174287042856003e-05
3396,8.8000000000000007,77619.06455907083,7.6367810758038264,22.444368065557669,0,0.0090300596163089136,1.143630746777952e-05,3.7376569943081521e-06,7.1440874492203883e-06,1.0794816068051033e-05,1.5650510971998855e-05,2.0122222678358657e-05
3397,8.8000000000000007,77240.95371893319,7.6741647378314433,11.505225079719803,0,0.009226562983638496,1.168517325856305e-05,3.8189922475082559e-06,7.2995501260927959e-06,1.1029722347434222e-05,1.5991082157251278e-05,2.0560102900911319e-05
3398,8.8000000000000007,81096.243879596572,7.3093373378226598,22.714919570975585,0,0.010006071879358218,1.2672398568706014e-05,4.1416409342290164e-06,7.9162547720299195e-06,1.1961571693977463e-05,1.7342093451041486e-05,2.2297129260195229e-05
3399,8.8000000000000007,80052.765935951407,7.4046136497090274,11.726256647979682,0,0.010203820139329993,1.2922840979758447e-05,4.2234914643917272e-06,8.0727023396205083e-06,1.2197966157012581e-05,1.7684822230682366e-05,2.2737783551582564e-05
3400,8.8000000000000007,78152.380781924221,7.5846672540960691,22.925329879473356,0,0.0099639421876213715,1.2619042541315545e-05,4.1242029167984474e-06,7.8829240727028481e-06,1.1911208541060778e-05,1.7269076081191169e-05,2.2203249144833823e-05
3401,8.8000000000000007,79362.346866556618,7.4690306770161454,18.007961818392495,0,0.010652563594909275,1.3491161494817932e-05,4.4092321113711429e-06,8.4277235272031152e-06,1.2734408137525223e-05,1.8462565088821653e-05,2.3737745470141126e-05
3402,8.8000000000000007,82655.401615485884,7.1714587523733142,18.214226421220577,0,0.011512002351026875,1.4579615644880833e-05,4.7649647880614309e-06,9.1076642908127187e-06,1.3761808142425332e-05,1.9952107379116915e-05,2.5652884324570844e-05
3403,8.8000000000000007,78596.953654899567,7.5417656255352359,18.311532380808298,0,0.011359343437986407,1.4386277578310966e-05,4.7017773144107958e-06,8.9868889392641736e-06,1.3579314896816611e-05,1.9687525516423759e-05,2.5312705325476695e-05
3404,8.8000000000000007,82583.107948991761,7.1777366832988569,18.360641122428802,0,0.0124463167513607,1.5762897617293688e-05,5.1516894500983776e-06,9.8468425537109571e-06,1.4878716837371207e-05,2.1571420915797429e-05,2.7734873061517764e-05
3405,8.8000000000000007,79905.727716745474,7.4182392211927208,18.369449565247049,0,0.012233882257773854,1.5493855519162527e-05,5.0637601002906367e-06,9.6787760443078197e-06,1.4624765990730295e-05,2.1203238587664477e-05,2.7261492556166666e-05
3406,8.8000000000000007,77592.543270599868,7.6393913430455465,18.374055615048825,0,0.012172596881812103,1.5416239375686441e-05,5.0383933005301416e-06,9.6302904192031592e-06,1.4551503532974909e-05,2.1097021409742399e-05,2.7124926682359804e-05
3407,8.8000000000000007,82252.694846217157,7.2065700030200155,18.3301147865395,0,0.013105750305519762,1.6598051005020299e-05,5.4246374195151705e-06,1.0368550181128395e-05,1.5667024360102488e-05,2.2714322791664461e-05,2.9204328345556521e-05
3408,8.8000000000000007,80210.428369678644,7.3900590658157386,18.287244252695942,0,0.012898421229659188,1.6335474769723937e-05,5.3388212673034891e-06,1.0204522797960418e-05,1.5419176689702639e-05,2.2354988953966428e-05,2.8742324548302512e-05
3409,8.8000000000000007,79001.069044000498,7.5031871153055363,18.27306387628532,0,0.012779018362867121,1.6184254517013516e-05,5.2893988958941378e-06,1.0110057804561091e-05,1.5276438763289567e-05,2.2148045040391117e-05,2.8476251988860601e-05
3410,8.8000000000000007,78743.120624691393,7.5277662180997762,18.282421637160578,0,0.012731498567698469,1.6124072080634793e-05,5.2697298458183857e-06,1.0072462751296908e-05,1.5219632111923656e-05,2.2065685775084502e-05,2.8370360783193849e-05
3411,8.8000000000000007,78650.443800499401,7.5366364727689401,18.268977441212307,0,0.012741461454652025,1.6136689786752903e-05,5.2738536119603287e-06,1.0080344840526346e-05,1.5231542059004867e-05,2.2082953022279392e-05,2.8392561680897413e-05
3412,8.8000000000000007,78677.871344345593,7.5340091593480549,18.238792834659804,0,0.012580630852846837,1.593300251439534e-05,5.2072837719727527e-06,9.9531044974247525e-06,1.5039280120726478e-05,2.1804208340058333e-05,2.8034173218303714e-05
3413,8.8000000000000007,78758.210991066007,7.5263238700730222,18.229779888624652,0,0.012426557197742827,1.5737872718211966e-05,5.1435107185149377e-06,9.8312098796200035e-06,1.4855095648148216e-05,2.1537174507264332e-05,2.769084166473654e-05
3414,8.8000000000000007,78783.372612639461,7.5239201330054417,18.238848263493164,0,0.0123951864268544,1.5698142550679808e-05,5.1305259558212125e-06,9.8063910478404634e-06,1.4817594046160791e-05,2.1482804036320523e-05,2.7620936297083305e-05
3415,8.8000000000000007,78914.316815996222,7.5114355323944588,18.298314484903198,0,0.012369681618088508,1.5665841453306447e-05,5.1199691897617546e-06,9.7862130432711374e-06,1.4787104799004396e-05,2.143860019865057e-05,2.756410240415647e-05
3416,8.8000000000000007,79165.320607411879,7.4876195636958025,18.438898251817871,0,0.012358052199508668,1.5651113133427986e-05,5.1151556248971135e-06,9.7770124857058351e-06,1.4773202627824815e-05,2.1418444590513382e-05,2.7538187874216851e-05
3417,8.8000000000000007,79623.792888692071,7.4445059930131698,18.600217816773348,0,0.012384456668198996,1.5684553623889487e-05,5.1260847716884767e-06,9.7979022518191415e-06,1.4804767356630362e-05,2.1464207680072775e-05,2.7597026533236437e-05
3418,8.8000000000000007,80242.434104998552,7.3871114449328843,18.704009366803948,0,0.012544831775457435,1.5887664025671677e-05,5.1924660766662219e-06,9.9247822326404325e-06,1.4996484782462424e-05,2.1742162918734824e-05,2.7954399990050786e-05
3419,8.8000000000000007,80775.857075073698,7.3383288622414993,18.750364003653324,0,0.012687978704938149,1.6068955442137333e-05,5.251716418847908e-06,1.003803222497167e-05,1.5167607105028241e-05,2.1990259020603263e-05,2.8273382866479638e-05
3420,8.8000000000000007,81351.787526082873,7.2863771205550698,18.817932368792807,0,0.012838908905523213,1.6260104144738037e-05,5.3141883563365867e-06,1.0157439914125865e-05,1.5348033793628089e-05,2.22518447532153e-05,2.8609709672072027e-05
3421,8.8000000000000007,81998.264088752068,7.2289311235262845,18.877278773866209,0,0.013002504614484859,1.6467293344764546e-05,5.3819027094882481e-06,1.0286867858214781e-05,1.5543601227598719e-05,2.2535381800241213e-05,2.8974259788552406e-05
3422,8.8000000000000007,82541.787431604447,7.1813298668565739,18.860702924430186,0,0.013145554216230988,1.6648461498489411e-05,5.4411127664776574e-06,1.0400040850185373e-05,1.5714607201542514e-05,2.2783309217865836e-05,2.9293025783761054e-05
3423,8.8000000000000007,82646.742288055684,7.1722101432662848,18.805379060825551,0,0.013216242710834639,1.6737986417822365e-05,5.4703716371273341e-06,1.0455965706560646e-05,1.5799110441808577e-05,2.2905823476618951e-05,2.9450545190016539e-05
3424,8.8000000000000007,82319.793806120404,7.2006959194088314,18.760732794410135,0,0.013216215518232464,1.6737951979183803e-05,5.4703603817620285e-06,1.0455944193266586e-05,1.579907793492032e-05,2.2905776347570328e-05,2.9450484595112472e-05
3425,8.8000000000000007,81771.709249771186,7.248959435783914,18.69648293252818,0,0.013153637298984621,1.6658698487345066e-05,5.4444584576550585e-06,1.0406435741526616e-05,1.5724269971811573e-05,2.2797318469265996e-05,2.9311037801179238e-05
3426,8.8000000000000007,81416.986677703069,7.280542151391626,18.601976780766265,0,0.013121325249334771,1.661777621768004e-05,5.4310840876613023e-06,1.0380872221664005e-05,1.5685643135713847e-05,2.2741316614454382e-05,2.9239034925686128e-05
3427,8.8000000000000007,80911.657921270482,7.3260123272110063,18.449551361183776,0,0.01305044715623687,1.6528011177376927e-05,5.401746739773572e-06,1.0324797365368387e-05,1.5600913243469924e-05,2.2618473751745081e-05,2.9081093025750326e-05
3428,8.8000000000000007,79915.195701265067,7.4173603423575694,18.200052423228115,0,0.012661400935677299,1.6035295471551334e-05,5.2407155407372572e-06,1.0017005352960572e-05,1.513583520729328e-05,2.1944195573948169e-05,2.8214158031419305e-05
3429,8.8000000000000007,78799.702976154163,7.5223608840972984,17.984980049024969,0,0.012279476920625492,1.5551599831538864e-05,5.0826323135153154e-06,9.7148480385659219e-06,1.4679271278633302e-05,2.1282261296433238e-05,2.7363093874189897e-05
3430,8.8000000000000007,77718.792335122183,7.6269816544541369,17.83996897375377,0,0.011896525653757158,1.506660320702354e-05,4.9241238936479101e-06,9.4118780189266279e-06,1.4221479340980453e-05,2.0618546630248839e-05,2.6509740630212758e-05
3431,8.8000000000000007,82581.462752313324,7.1778796789319754,17.636067039140229,0,0.01201313916931363,1.521429082764499e-05,4.9723917169592107e-06,9.504136230754136e-06,1.4360882789569808e-05,2.0820656160224005e-05,2.6769597511234406e-05
3432,8.8000000000000007,80693.160934079235,7.345849344414102,17.595534122679457,0,0.011320086575730822,1.433655990577597e-05,4.6855283977902257e-06,8.9558310649142212e-06,1.3532386014232882e-05,1.9619487211078837e-05,2.5225226908110119e-05
3433,8.8000000000000007,78772.943159512157,7.5249162919556261,17.702633602837526,0,0.010464402983144118,1.3252861560940927e-05,4.3313500312409998e-06,8.2788611805447047e-06,1.2509475049421527e-05,1.8136453208717331e-05,2.3318455909483461e-05
3434,8.8000000000000007,77067.760004085547,7.6914108223060325,17.724130764829823,0,0.0096665114082606814,1.2242355123105505e-05,4.0010925188568643e-06,7.6476131679990867e-06,1.1555650472498644e-05,1.6753581845982853e-05,2.1540466325229368e-05
3435,8.8000000000000007,82502.071356697241,7.1847869223005798,17.550530556070154,0,0.0089867747591803725,1.1381488457069241e-05,3.719740839169826e-06,7.1098428464500124e-06,1.0743071994247735e-05,1.5575491519171751e-05,2.0025768438768877e-05
3436,8.8000000000000007,81610.099882552415,7.2633142735931751,17.508077527074406,0,0.008212765633340979,1.0401228445277117e-05,3.3993685774377969e-06,6.497489316523761e-06,9.8177972448608108e-06,1.4234012190010003e-05,1.8300997546105792e-05
3437,8.8000000000000007,81076.904354827522,7.3110808566658498,17.462724360606753,0,0.0075229778670574537,9.527632332081604e-06,3.11385661198173e-06,5.9517671028152529e-06,8.9932033463250588e-06,1.3038501699129809e-05,1.6763902153192067e-05
3438,8.8000000000000007,81162.251442385706,7.3033928065325711,17.393964138065268,0,0.0069242156199028244,8.7693173873838259e-06,2.8660212713419802e-06,5.478059282853719e-06,8.2774242040862227e-06,1.2000752723277238e-05,1.5429644376324286e-05
3439,8.8000000000000007,81250.939463723771,7.2954209176985323,17.320318926469348,0,0.0065145933120573079,8.2505426663706773e-06,2.6964733670093999e-06,5.1539885997416603e-06,7.7877488687676327e-06,1.1290812955910322e-05,1.4516858454335008e-05
3440,8.8000000000000007,81073.050309693586,7.3114284103287721,17.228060796272267,0,0.0061053182659938357,7.7322077422891116e-06,2.5270691987631426e-06,4.8301926510880784e-06,7.2984886610588162e-06,1.0581475047729385e-05,1.3604846356573134e-05
3441,8.8000000000000007,81079.026978267764,7.3108894548671568,17.122589430743627,0,0.0059618045951872721,7.5504518586170572e-06,2.4676670576631873e-06,4.7166525131526651e-06,7.126927924426501e-06,1.0332743325567396e-05,1.3285046248482736e-05
3442,8.8000000000000007,81155.359191866592,7.304013059013287,17.023016623876067,0,0.006015545989119922,7.6185137686016627e-06,2.4899113069207958e-06,4.7591697538145585e-06,7.1911720698024494e-06,1.0425885598280015e-05,1.3404801415304125e-05
3443,8.8000000000000007,81212.629466544269,7.2988623473950724,16.890154485129315,0,0.0062367956887942185,7.8987200684647643e-06,2.5814893831034463e-06,4.9342103703496038e-06,7.4556608898742502e-06,1.0809346062488933e-05,1.3897825372347055e-05
3444,8.8000000000000007,81354.932177325012,7.2860954767229185,16.673075557229026,0,0.0064476387574171337,8.1657466732356656e-06,2.6687600217951932e-06,5.1010178316850336e-06,7.7077092972731555e-06,1.1174770201316673e-05,1.4367659610136168e-05
3445,8.8000000000000007,81678.476511320623,7.2572338352093437,16.395133110730097,0,0.0073435708666683575,9.3004185920287547e-06,3.0395977633888514e-06,5.809830132934436e-06,8.7787345994052377e-06,1.2727561201796674e-05,1.6364118789041766e-05
3446,8.8000000000000007,82223.711887152167,7.2091102401195428,16.251323874684463,1,0.020665911615699348,2.6172775084700933e-05,8.5538847334593654e-06,1.6349734782898791e-05,2.4704677958843964e-05,3.5817269235268445e-05,4.6051088592077268e-05
3447,8.9000000000000004,97032.086185045046,8.6290577693351835,10.363376834085914,1,0.04468798386805959,4.7057056272042195e-05,1.5085861525566762e-05,3.1844405591621102e-05,4.7819089062328846e-05,6.6950021168614375e-05,8.6633898155109173e-05
3448,8.9000000000000004,101974.122435016,8.210862296985578,20.650330806817863,1,0.030662499323228624,3.2288029828213352e-05,1.0351109599926038e-05,2.1849924305929481e-05,3.2810895885125422e-05,4.5937516107994379e-05,5.9443537470669899e-05
3449,8.9000000000000004,100084.30505631247,8.3659018933963676,32.077977632996166,1,0.046727091315999482,4.9204264215138292e-05,1.5774227612660695e-05,3.3297462073399518e-05,5.0001068472019536e-05,7.0004942760237813e-05,9.0586992738514904e-05
3450,8.9000000000000004,96976.541488664574,8.6340001851657515,9.9372689027121748,0,0.015579711627493928,1.6405648751613855e-05,5.2594311015365395e-06,1.1102014750345783e-05,1.6671318627399998e-05,2.3340995340967867e-05,3.0203446958075669e-05
3451,8.9000000000000004,100466.30347444001,8.3340926083030755,19.943306428581444,0,0.010726899877982501,1.1295571817988645e-05,3.6212089280117623e-06,7.6439284319410935e-06,1.1478490104686895e-05,1.6070677433667786e-05,2.0795593605049806e-05
3452,8.9000000000000004,98681.009476516832,8.4848693949479284,31.491173697756423,0,0.016198592728072326,1.7057338988112448e-05,5.4683542566218409e-06,1.1543025936663664e-05,1.7333562208469288e-05,2.4268182007229484e-05,3.1403234408678304e-05
3453,8.9000000000000004,101934.55344231607,8.2140495925523709,9.2560742039884403,0,0.013268290014655904,1.397169028025227e-05,4.4791366384560613e-06,9.4549087285173442e-06,1.419794510732285e-05,1.987810190710891e-05,2.5722433332771957e-05
3454,8.9000000000000004,99836.329131871884,8.3866813258317681,19.210250935155557,0,0.0089836886472837961,9.4599466257840026e-06,3.032732094646951e-06,6.4017259278823913e-06,9.6131391561780434e-06,1.3459057514961614e-05,1.7416135165638414e-05
3455,8.9000000000000004,97931.693588735085,8.5497906396482133,30.881166545548535,0,0.013379698698893265,1.408900514365784e-05,4.5167462112690273e-06,9.5342979293763045e-06,1.4317159744742891e-05,2.0045010617738614e-05,2.5938414627258432e-05
3456,8.9000000000000004,100574.57521560475,8.3251206915358935,8.7510666770562935,0,0.011598567206404384,1.2213449398797714e-05,3.9154681779201481e-06,8.2650736603583216e-06,1.2411231615997734e-05,1.7376579849452217e-05,2.2485442464165867e-05
3457,8.9000000000000004,97738.950667836296,8.5666509763890826,26.148627161789218,0,0.011965420785817147,1.2599751219461526e-05,4.039311363943473e-06,8.5264914546819489e-06,1.2803789132993069e-05,1.7926187434792873e-05,2.3196639365116206e-05
3458,8.9000000000000004,103876.12300008963,8.0605191355586285,14.226989998386458,0,0.010708395267518125,1.1276086210884836e-05,3.6149621035438171e-06,7.630742150754583e-06,1.1458688951462524e-05,1.6042954454131171e-05,2.0759719833185228e-05
3459,8.9000000000000004,95307.08226092589,8.7852388018507153,25.453768453695762,0,0.010187854206951999,1.0727949377249867e-05,3.4392367814693752e-06,7.2598075230322489e-06,1.0901675696863631e-05,1.5263097499140098e-05,1.9750578284983259e-05
3460,8.9000000000000004,102629.70882531106,8.1584122838645925,13.53097631738606,0,0.009529974542667104,1.0035193121476748e-05,3.217148411020829e-06,6.7910061798832372e-06,1.0197701081414049e-05,1.4277484507953993e-05,1.8475186671831708e-05
3461,8.9000000000000004,102941.67665063006,8.133687971797178,24.414591847261192,0,0.0096437384992465163,1.0154988118769385e-05,3.2555530815162519e-06,6.8720737345466662e-06,1.0319436015525545e-05,1.4447921807692207e-05,1.8695733990706559e-05
3462,8.9000000000000004,100570.0490657573,8.3254953631612736,12.902001816229475,0,0.0086320541798013788,9.0896707374744278e-06,2.9140266077375798e-06,6.1511531869960615e-06,9.2368670923594622e-06,1.29322506867308e-05,1.6734442638769435e-05
3463,8.9000000000000004,100476.41851484512,8.3332536086181843,23.749074748549049,0,0.0087085575488596838,9.1702298281106599e-06,2.9398527724457577e-06,6.2056690568686206e-06,9.3187307411955433e-06,1.3046865438495975e-05,1.6882755104668285e-05
3464,8.9000000000000004,98503.415724984865,8.5001669333735457,12.405776622640392,0,0.0079966887017899127,8.4206222267970803e-06,2.699538622607032e-06,5.6983953261704668e-06,8.556984140605283e-06,1.1980367685513598e-05,1.5502697920192858e-05
3465,8.9000000000000004,98092.168686552657,8.5358035037984425,23.258321027428892,0,0.0080740910313606071,8.5021279351089442e-06,2.7256682602543094e-06,5.753551790240604e-06,8.6398097364589873e-06,1.2096329229416721e-05,1.5652753146599897e-05
3466,8.9000000000000004,97851.877023637251,8.5567645980629035,12.104024953669056,0,0.0077021919083834402,8.1105130882827935e-06,2.6001217892549036e-06,5.4885385699928748e-06,8.241853155192004e-06,1.153916258190308e-05,1.4931774754755134e-05
3467,8.9000000000000004,96957.640402917328,8.6356833117059963,22.965892702204837,0,0.0077437419922839574,8.1542658931080787e-06,2.6141483520541912e-06,5.5181469257423867e-06,8.2863144844041772e-06,1.1601411507809214e-05,1.5012325395562774e-05
3468,8.9000000000000004,96193.876136807638,8.704249280682447,11.959101852435166,0,0.0075136513612658364,7.9119773216778466e-06,2.5364738834964227e-06,5.3541856381039421e-06,8.0401023391091847e-06,1.1256697531388957e-05,1.4566262571316273e-05
3469,8.9000000000000004,102860.64276659553,8.1400957125049178,22.742015583999098,0,0.0082102203697045645,8.6454739843207554e-06,2.7716230823355042e-06,5.850556789972588e-06,8.7854771036305521e-06,1.2300273585257565e-05,1.5916658881726205e-05
3470,8.9000000000000004,96863.147649675433,8.6441076661901111,11.822854605035696,0,0.0075945762451196464,7.9971923276749955e-06,2.5637926722651353e-06,5.4118522545148347e-06,8.1266973002913518e-06,1.137793644659884e-05,1.4723146761184949e-05
3471,8.9000000000000004,103074.00159033954,8.1232460586679931,22.740854505021968,0,0.0082286948291747149,8.6649278420165771e-06,2.7778597283687924e-06,5.8637215857304449e-06,8.8052459933032178e-06,1.2327951393597656e-05,1.5952474201677382e-05
3472,8.9000000000000004,97649.557719510747,8.5744932872601147,11.592345019571638,0,0.0077927590525995695,8.2058815259003751e-06,2.6306956321126277e-06,5.5530762068262651e-06,8.3387659706857305e-06,1.1674847204426063e-05,1.5107351813039638e-05
3473,8.9000000000000004,95710.66290599815,8.7481943155300321,22.531296596912018,0,0.0076051907728477185,8.00836957008709e-06,2.5673759463716103e-06,5.4194161071857054e-06,8.1380555447868256e-06,1.1393838771890296e-05,1.4743724505682742e-05
3474,8.9000000000000004,97242.415565490679,8.6103936466486033,11.367725201876734,0,0.0080234511218995642,8.4488034200412018e-06,2.70857313544286e-06,5.7174660759966687e-06,8.5856216945957553e-06,1.2020462235273431e-05,1.5554580609396499e-05
3475,8.9000000000000004,102377.47165310105,8.1785129447910361,22.413193497988548,0,0.0085356685434069841,8.9881753482660223e-06,2.88148854632061e-06,6.0824693254100971e-06,9.133728106615978e-06,1.2787848996647678e-05,1.6547585620747289e-05
3476,8.9000000000000004,101956.87280038524,8.2122514566443279,11.239558686850346,0,0.008905777895121661,9.3779055415517116e-06,3.0064308226553366e-06,6.3462071647373706e-06,9.529769514630688e-06,1.3342334269582764e-05,1.7265094291028122e-05
3477,8.9000000000000004,99618.355064709656,8.4050321512132715,22.221779258796115,0,0.0085553800263739651,9.008931808569116e-06,2.8881427892907428e-06,6.0965156171440483e-06,9.1548206929884494e-06,1.2817380071618535e-05,1.6585799083518164e-05
3478,8.9000000000000004,99524.52514739566,8.412956263090237,11.17795190901972,0,0.0091127648349365147,9.5958656111579646e-06,3.0763058996081713e-06,6.4937048921598831e-06,9.7512591870886975e-06,1.3652435079750123e-05,1.7666367383058901e-05
3479,8.9000000000000004,97618.110800336101,8.5772554939362884,22.166693695089126,0,0.0087413674029972362,9.2047790518345738e-06,2.9509287905014063e-06,6.2290491741198914e-06,9.3538394483092467e-06,1.3096020048727079e-05,1.6946361589360657e-05
3480,8.9000000000000004,96965.552042746698,8.6349787066725234,11.254671851707879,0,0.009453393411983594,9.9545521467890038e-06,3.1912959953832445e-06,6.7364348975145626e-06,1.0115754222512096e-05,1.4162753256360385e-05,1.8326723454161683e-05
3481,8.9000000000000004,101222.58952578992,8.2718243140434016,22.366140625056218,0,0.0098354461472105244,1.0356858885744644e-05,3.32027014369377e-06,7.0086835246595061e-06,1.0524575838324147e-05,1.4735131701234735e-05,1.9067386041474956e-05
3482,8.9000000000000004,97558.666547727116,8.5824817701894993,17.294284217563753,0,0.0097736719997292502,1.029180986624163e-05,3.2994162999062787e-06,6.9646636151178649e-06,1.0458473427687809e-05,1.4642583769474036e-05,1.8947628228786152e-05
3483,8.9000000000000004,97807.232943344963,8.5606703305354639,22.502744089136257,0,0.01003123625869907,1.0563028542469995e-05,3.3863653723062783e-06,7.1482024552847527e-06,1.0734084166254908e-05,1.502845780311181e-05,1.9446952517970209e-05
3484,8.9000000000000004,95708.455125625202,8.748396116840933,17.440838352757808,0,0.010000164659630918,1.0530309725032868e-05,3.3758761579728677e-06,7.1260610088049162e-06,1.070083550667036e-05,1.4981907387646719e-05,1.9386715883506362e-05
3485,8.9000000000000004,101893.97035120471,8.2173211455388593,17.718673249724496,0,0.01144352413176631,1.2050186927405512e-05,3.863128417831758e-06,8.1545908386780251e-06,1.2245325303989901e-05,1.714429957563827e-05,2.2184869809612743e-05
3486,8.9000000000000004,98245.267258268927,8.5225019030053293,17.885726940605856,0,0.011508980461378113,1.2119113334893442e-05,3.8852253002377973e-06,8.201234650465357e-06,1.2315367892275857e-05,1.7242364027730552e-05,2.2311766046640106e-05
3487,8.9000000000000004,101508.13551775742,8.2485553783360661,18.124881262273401,0,0.012628852309795843,1.3298353659184161e-05,4.2632739426086474e-06,8.9992490217769588e-06,1.3513704604354686e-05,1.8920118033797731e-05,2.4482794033694563e-05
3488,8.9000000000000004,97222.709203940409,8.6121389130753485,18.275162190529958,0,0.012496862320216948,1.3159366400656269e-05,4.2187164903989629e-06,8.9051936986593649e-06,1.3372466613273145e-05,1.8722375109828671e-05,2.422691300427885e-05
3489,8.9000000000000004,100546.63834226319,8.3274338254819611,18.363629771352286,0,0.013335631077852201,1.4042601337900416e-05,4.501869773102798e-06,9.5028955908409e-06,1.4270004484806588e-05,1.9978990003108505e-05,2.5852983389087533e-05
3490,8.9000000000000004,96596.748168533712,8.667946830974298,18.324341980057138,0,0.013011316302349835,1.3701093457712123e-05,4.3923869240136737e-06,9.2717907085766885e-06,1.3922966292621297e-05,1.949311261044553e-05,2.5224253900775331e-05
3491,8.9000000000000004,100640.84786154734,8.319638545988207,18.266483257270743,0,0.013690376613982055,1.4416153223910867e-05,4.621625500966211e-06,9.7556852617217638e-06,1.4649605597193798e-05,2.0510457728828404e-05,2.6540707157042515e-05
3492,8.9000000000000004,98473.588814810966,8.5027415700719384,18.284878593108523,0,0.013559238587458966,1.4278063094096077e-05,4.5773556561975498e-06,9.6622370426789104e-06,1.4509279262752747e-05,2.0313991187002463e-05,2.6286477777001419e-05
3493,8.9000000000000004,96423.170406851365,8.6835505785274396,18.307339494784898,0,0.01333968515482056,1.4046870336219839e-05,4.5032383567457568e-06,9.5057845032532661e-06,1.4274342614452084e-05,1.9985063683667737e-05,2.5860842783510578e-05
3494,8.9000000000000004,101910.78162790269,8.2159656102629341,18.296071309179048,0,0.013916913883100795,1.4654700056815867e-05,4.6981004183040683e-06,9.9171144436856328e-06,1.4892015410979746e-05,2.0849848179016513e-05,2.6979881292960447e-05
3495,8.9000000000000004,100823.6599955464,8.3045534868189606,18.281194322794665,0,0.01366965165957898,1.4394329564368283e-05,4.614629128223784e-06,9.7409167759510051e-06,1.4627428529565519e-05,2.0479408305339058e-05,2.6500528938344476e-05
3496,8.9000000000000004,100667.10389999012,8.3174686141929044,18.291404977839495,0,0.013477701615185697,1.4192203550648258e-05,4.5498302373610185e-06,9.6041342555080033e-06,1.4422029326606156e-05,2.0191835261690695e-05,2.6128406968243205e-05
3497,8.9000000000000004,100838.7773911618,8.3033084973048314,18.310872364756328,0,0.01324507440130151,1.3947243922877252e-05,4.4712994639411063e-06,9.4383654132069394e-06,1.4173102870405024e-05,1.9843321062886712e-05,2.567742662383447e-05
3498,8.9000000000000004,100864.00150335985,8.3012320024005106,18.345801797349136,0,0.013088402992854154,1.3782266793783791e-05,4.4184100075755973e-06,9.3267222500260183e-06,1.400545413386358e-05,1.9608601274609037e-05,2.5373697216767907e-05
3499,8.9000000000000004,100667.05801702166,8.3174724052061499,18.409979229265272,0,0.01289915496719013,1.358298604262397e-05,4.3545232697540025e-06,9.1918651729099026e-06,1.3802946269091322e-05,1.9325076303741404e-05,2.5006813487355559e-05
3500,8.9000000000000004,100538.6696520882,8.3280938574909165,18.483182820743327,0,0.01271746429422455,1.3391663286889685e-05,4.2931877586032108e-06,9.0623934227586068e-06,1.3608525269970227e-05,1.9052873502265735e-05,2.4654580741660275e-05
3501,8.9000000000000004,100977.55424980041,8.2918969803778868,18.536706409063754,0,0.012694284029225926,1.3367254151815215e-05,4.2853625170589145e-06,9.0458752964874177e-06,1.3583720858123627e-05,1.901814561575078e-05,2.4609642560447434e-05
3502,8.9000000000000004,101656.9026192848,8.2364842484491092,18.586919257150651,0,0.012696507273538098,1.33695952583868e-05,4.286113044447439e-06,9.0474595678614661e-06,1.3586099876118374e-05,1.9021476404944638e-05,2.4613952630059959e-05
3503,8.9000000000000004,102469.16066152755,8.1711948430571066,18.669842713255068,0,0.012716870041599257,1.3391037530773436e-05,4.2929871495794774e-06,9.0619699616850527e-06,1.3607889380481493e-05,1.9051983213145501e-05,2.465342869994879e-05
3504,8.9000000000000004,95522.263086717096,8.7654484945540894,18.720108218230006,0,0.011836768997423018,1.2464279132292958e-05,3.9958808285570348e-06,8.4348149149256272e-06,1.2666123237270173e-05,1.7733445690573726e-05,2.2947229904932974e-05
3505,8.9000000000000004,96449.708850698473,8.681161271994867,18.794609200521009,0,0.012008598423329337,1.2645217860429351e-05,4.0538873596391658e-06,8.5572595959676634e-06,1.2849992051875971e-05,1.7990874706297149e-05,2.3280345245915248e-05
3506,8.9000000000000004,97104.576554740765,8.622616017462942,18.781453567627214,0,0.012145184993813764,1.2789045381318804e-05,4.09999653508695e-06,8.6545904167475075e-06,1.299614868758361e-05,1.8195504071816966e-05,2.3545137389405993e-05
3507,8.9000000000000004,97155.452612742898,8.6181007308697826,18.723575522557894,0,0.012204476760975009,1.2851480420500998e-05,4.1200123718192939e-06,8.6968413960555299e-06,1.3059594787611697e-05,1.8284332985609318e-05,2.3660082761138353e-05
3508,8.9000000000000004,96994.868585141507,8.632368798302883,18.695048766530121,0,0.01230558801368681,1.2957951948118887e-05,4.1541457165141541e-06,8.7688927052114306e-06,1.3167790494379418e-05,1.84358144337191e-05,2.3856101046403412e-05
3509,8.9000000000000004,96700.24101202398,8.6586700137153993,18.677916910884477,0,0.012369798701538051,1.302556667785034e-05,4.175822092612149e-06,8.814648879696479e-06,1.3236500163855165e-05,1.8532012707590312e-05,2.398058243290315e-05
3510,8.9000000000000004,96187.84388610578,8.7047951522989742,18.646963770249535,0,0.012401033314363707,1.3058457150996589e-05,4.1863663374651672e-06,8.8369064888617094e-06,1.3269923258907905e-05,1.8578807344735842e-05,2.4041135092303527e-05
3511,8.9000000000000004,101670.49274071379,8.2353832916418082,18.452700374820786,0,0.012965427877332495,1.3652772320543531e-05,4.3768958150954057e-06,9.2390908753837824e-06,1.3873862652382952e-05,1.9424364129078011e-05,2.5135292779790591e-05
3512,8.9000000000000004,100862.94040995836,8.3013193326177959,18.290515066588004,0,0.012710552687890231,1.3384385271189434e-05,4.2908545243184281e-06,9.0574682510155831e-06,1.3601129395503383e-05,1.9042518768166338e-05,2.4641181627459383e-05
3513,8.9000000000000004,100210.37434699509,8.3553772014720682,18.116331967243145,0,0.012470841964666081,1.3131966611509576e-05,4.2099324852434526e-06,8.8866517398579482e-06,1.3344623117285632e-05,1.8683392296012573e-05,2.4176468910864182e-05
3514,8.9000000000000004,99213.87754573999,8.4392979881655243,17.92595550466654,0,0.012116152050329307,1.2758473296005561e-05,4.0901955342993723e-06,8.6339017047535331e-06,1.2965081523884218e-05,1.8152007900975818e-05,2.3488852973523603e-05
3515,8.9000000000000004,97861.291734031882,8.5559413976005114,17.803579162273525,0,0.011717261221686801,1.2338435815119159e-05,3.9555371477745674e-06,8.3496543470841082e-06,1.253824203796515e-05,1.7554403195862468e-05,2.2715547390401925e-05
3516,8.9000000000000004,102239.22677426695,8.1895716897245432,17.90870952742981,0,0.011632859775921989,1.2249559942031602e-05,3.9270447340840127e-06,8.2895103522377684e-06,1.2447926926325003e-05,1.7427955813557209e-05,2.2551923399708559e-05
3517,8.9000000000000004,100185.30571760425,8.3574679058222134,17.832300044686988,0,0.011055024194109463,1.1641091196392464e-05,3.7319778096618617e-06,7.8777479713964991e-06,1.1829604756507331e-05,1.6562262150836885e-05,2.1431708419929068e-05
3518,8.9000000000000004,98562.92119625058,8.4950351207905914,17.654953821296207,0,0.010304019189848485,1.0850272687989062e-05,3.4784519953682682e-06,7.3425860355250317e-06,1.1025979887436465e-05,1.5437131935039772e-05,1.9975780328717374e-05
3519,8.9000000000000004,96955.152510234315,8.6359049054301842,17.581653268338105,0,0.0096211363469067453,1.0131187744206458e-05,3.2479230004326152e-06,6.8559675680998577e-06,1.0295250222339463e-05,1.4414060029947397e-05,1.865191656162604e-05
3520,8.9000000000000004,102033.27890348915,8.2061018343029239,17.562030974304104,0,0.009525815840352227,1.0030813951241018e-05,3.2157445077381589e-06,6.7880427120382622e-06,1.0193250995749725e-05,1.427125408125054e-05,1.8467124446561754e-05
3521,8.9000000000000004,101662.9625834914,8.2359932849903874,17.494416779012575,0,0.0090442428051189967,9.5237109795568243e-06,3.0531740918199783e-06,6.4448764796740424e-06,9.6779360974579434e-06,1.3549777699628793e-05,1.7533527858006277e-05
3522,8.9000000000000004,101149.72295466636,8.2777831981322016,17.365039939611414,0,0.008523555259542015,8.9754198952083044e-06,2.8773993190342251e-06,6.0738374675580751e-06,9.1207660942395316e-06,1.2769701285764691e-05,1.6524102328151676e-05
3523,8.9000000000000004,100519.00404194887,8.3297231717540861,17.213141043458918,0,0.0080483061647754171,8.4749761190536761e-06,2.7169637519482766e-06,5.7351776395496952e-06,8.6122182291907724e-06,1.2057699217178863e-05,1.5602765581435179e-05
3524,8.9000000000000004,100377.74340399237,8.3414455114814015,17.079827823003104,0,0.0078675719474451001,8.2846605241432722e-06,2.6559511230584418e-06,5.6063874542966884e-06,8.4188207006594853e-06,1.178692934508342e-05,1.5252387058573932e-05
3525,8.9000000000000004,100454.04103634153,8.3351099520919583,17.003876032513201,0,0.0080909016368056492,8.5198297318319741e-06,2.7313432190229484e-06,5.7655309329921137e-06,8.6577981926252261e-06,1.2121514308110934e-05,1.5685342853138268e-05
3526,8.9000000000000004,100274.218224422,8.3500573925784956,16.936708502452234,0,0.0084108704969772553,8.856761303926419e-06,2.8393589650743686e-06,5.9935389404707416e-06,9.0001859688760563e-06,1.2600880797882195e-05,1.6305647177601786e-05
3527,8.9000000000000004,100003.15255190685,8.3726908182745934,16.858290535714115,0,0.0087271658829335009,9.1898246575893381e-06,2.9461346121431564e-06,6.2189292509149784e-06,9.3386428855206172e-06,1.3074743813224918e-05,1.6918829959236506e-05
3528,8.9000000000000004,99835.698926586148,8.3867342661222466,16.78387493323169,0,0.0096148636953283344,1.0124582556575445e-05,3.2458054658087794e-06,6.851497711916871e-06,1.0288538071588367e-05,1.440466255618358e-05,1.8639756150460235e-05
3529,8.9000000000000004,99827.554852443136,8.3874184678517398,16.694931660720009,1,0.025526342734025338,2.6879586915376838e-05,8.6172352925257288e-06,1.8189928050748939e-05,2.7314869702733146e-05,3.824270057575342e-05,4.9486380572039574e-05
3530,9,125829.37071221058,9.3993261728239901,16.223525214311532,1,0.055735723203365971,4.8829295778866273e-05,1.5078746032371488e-05,3.1318623443302125e-05,5.0183485467545088e-05,6.7984872521857124e-05,7.9518885153907805e-05
3531,9,120704.61248811011,9.7983935581728936,27.387888404350011,1,0.056258979772818879,4.9287713618082681e-05,1.5220307897313321e-05,3.161264807456303e-05,5.0654616672806847e-05,6.8623126214927205e-05,8.0265422144206342e-05
3532,9,125133.75502565839,9.4515768123696215,15.702210779749031,0,0.01907279138203553,1.6709408583861008e-05,5.1599541703039943e-06,1.0717248058791758e-05,1.7172812948950776e-05,2.3264456191094208e-05,2.7211400880879447e-05
3533,9,119565.34036657674,9.8917570411221618,26.927263501920532,0,0.018964309569262382,1.6614369168956496e-05,5.1306054939089824e-06,1.065629072569513e-05,1.7075137792661326e-05,2.3132133117337501e-05,2.7056628459972298e-05
3534,9,125181.92325329926,9.447939979737308,15.076316015097449,0,0.015637567122475871,1.3699856149693519e-05,4.2305883848249017e-06,8.7869511352928271e-06,1.4079796176236512e-05,1.9074265951380043e-05,2.2310321507115339e-05
3535,9,128345.18223319428,9.2150813678097343,26.008170572507886,0,0.01599237005863775,1.4010694091992118e-05,4.3265767933076248e-06,8.9863194921666959e-06,1.4399254630659987e-05,1.9507044625433189e-05,2.2816523495918489e-05
3536,9,123370.76055794963,9.5866418598409382,14.400862060534546,0,0.013401286496564468,1.1740681640936422e-05,3.6255848847860909e-06,7.5303561399982912e-06,1.206628760683483e-05,1.6346513541656149e-05,1.9119790694140822e-05
3537,9,125099.74799119927,9.4541461228879289,25.30581447249034,0,0.013530746135342119,1.1854099438894004e-05,3.6606089035370104e-06,7.6031011847371797e-06,1.2182850836444803e-05,1.6504424779425691e-05,1.9304492453736986e-05
3538,9,121381.82352866737,9.7437265569331828,13.708602440644563,0,0.011886431991988982,1.0413538573357148e-05,3.2157560526178521e-06,6.6791398091886732e-06,1.0702338694959615e-05,1.4498736488383679e-05,1.6958527962612413e-05
3539,9,122037.57677884772,9.6913698932954233,24.58768354324781,0,0.011874168195716461,1.0402794431159914e-05,3.2124382044092381e-06,6.6722486235115267e-06,1.0691296583964242e-05,1.4483777453525925e-05,1.694103104409595e-05
3540,9,127881.28230714267,9.2485098374650434,12.896076577304106,0,0.011506573835381792,1.008075009916243e-05,3.1129892032328477e-06,6.46569260002195e-06,1.0360320951469133e-05,1.403539615889518e-05,1.6416579363151197e-05
3541,9,119652.66571437848,9.8845378026803861,23.940928322916381,0,0.010760053615858708,9.4267340658368678e-06,2.9110255764732866e-06,6.0462132373384001e-06,9.6881670000263203e-06,1.3124811725028881e-05,1.5351509203664307e-05
3542,9,125992.88775688219,9.3871274680792407,12.376617485030248,0,0.01074138850839261,9.4103818234898734e-06,2.9059759171350327e-06,6.0357250721426861e-06,9.6713612586554342e-06,1.3102044550248367e-05,1.5324879450757604e-05
3543,9,125772.21698225007,9.4035974384721754,23.215990354391483,0,0.010608814609986153,9.2942356657693388e-06,2.870109366389861e-06,5.9612300846558873e-06,9.5519940032996368e-06,1.2940334625896936e-05,1.5135734536223648e-05
3544,9,124275.93698142897,9.5168165790774957,11.987463387956113,0,0.010216019069926601,8.950112928970812e-06,2.7638424364785879e-06,5.7405131924672402e-06,9.1983276625154444e-06,1.2461213638793821e-05,1.4575328002607944e-05
3545,9,123394.35245729778,9.5848089794429292,22.843451736534863,0,0.010011933095398745,8.7713160310068682e-06,2.7086290041984318e-06,5.6258346448690409e-06,9.0145721651752755e-06,1.2212275288946818e-05,1.4284155873903532e-05
3546,9,123813.02161689939,9.5523983018909195,11.820484221877358,0,0.009955327170530737,8.7217243635922203e-06,2.6933148337534227e-06,5.5940270438600358e-06,8.9636051651127545e-06,1.2143228968831949e-05,1.4203395460654996e-05
3547,9,122082.28286794046,9.6878209487991196,22.716885006514769,0,0.0096664210943069231,8.4686177483470736e-06,2.6151541658691537e-06,5.4316869845282295e-06,8.7034791087097109e-06,1.1790829437005658e-05,1.3791209383662993e-05
3548,9,122055.26003203685,9.6899658165884652,11.829709325018554,0,0.0097379059068999508,8.5312446033905735e-06,2.6344936715274715e-06,5.4718552249105641e-06,8.767842803082582e-06,1.1878024607213701e-05,1.3893197700600994e-05
3549,9,126253.17633811416,9.3677745918873043,22.839726118993347,0,0.010001661561664935,8.7623172824491305e-06,2.7058501428213234e-06,5.6200629372692204e-06,9.0053238530652986e-06,1.2199746360077464e-05,1.4269501342403993e-05
3550,9,121408.83752033068,9.741558535614848,11.825581995653593,0,0.0097346723040670664,8.528411688698103e-06,2.6336188524153429e-06,5.4700382216733622e-06,8.7649313227707573e-06,1.1874080349137461e-05,1.3888584277153284e-05
3551,9,125073.82768313294,9.4561054007364493,22.849106560093784,0,0.00999307529150654,8.7547949699876636e-06,2.7035272127570383e-06,5.6152382010602351e-06,8.9975929232603321e-06,1.2189273068468295e-05,1.4257251198485799e-05
3552,9,120514.57915947758,9.8138441481023246,11.657215808571479,0,0.0098717867846512333,8.6485357876279883e-06,2.6707138125461252e-06,5.547084620988409e-06,8.8883868401357862e-06,1.2041328748326659e-05,1.4084207299657667e-05
3553,9,124579.33171301575,9.4936397649794628,22.710976822693311,0,0.010217145031457476,8.9510993682859735e-06,2.7641470541813914e-06,5.7411458848083523e-06,9.1993414588900864e-06,1.2462587055101021e-05,1.4576934426648314e-05
3554,9,128376.70585195247,9.2128185529950315,17.489200113999654,0,0.010829118492359716,9.4872408483593371e-06,2.9297103924703079e-06,6.0850216843446565e-06,9.7503518256104405e-06,1.3209055125038721e-05,1.5450044966134162e-05
3555,9,122829.6139793163,9.6288774272661506,22.554660277680522,0,0.010398070214990885,9.1096054177789303e-06,2.8130945646210822e-06,5.8428100845141337e-06,9.3622433788209193e-06,1.2683274521443426e-05,1.4835062751965783e-05
3556,9,125417.62055375973,9.4301844686830858,17.356681632553776,0,0.010777685500496183,9.4421811159623448e-06,2.91579570764303e-06,6.0561208212687631e-06,9.704042445353219e-06,1.3146318603571125e-05,1.537666484404989e-05
3557,9,122474.03217890313,9.6568331784619925,17.288612851085674,0,0.010806680838202532,9.467583530064078e-06,2.9236401081149069e-06,6.0724136763901202e-06,9.7301493481577964e-06,1.3181686303573899e-05,1.541803287152945e-05
3558,9,128116.19504922011,9.2315518501847116,17.431502903427674,0,0.012049711994617801,1.0556585924049014e-05,3.2599298347148648e-06,6.7708889536197002e-06,1.0849353197833586e-05,1.4697900857769998e-05,1.7191481677586128e-05
3559,9,124168.7504536253,9.5250318065089488,17.5535353639813,0,0.012135795492740103,1.0632002485455354e-05,3.2832188696669748e-06,6.819260384139001e-06,1.0926861297284516e-05,1.4802903095288769e-05,1.7314298130076704e-05
3560,9,120702.38553464389,9.7985743380837551,17.686835529506066,0,0.012233263058393746,1.0717392470883234e-05,3.3095877509591804e-06,6.8740286693822688e-06,1.1014619415120173e-05,1.4921791299211426e-05,1.745335638058443e-05
3561,9,124039.75900240551,9.5349370795078467,17.884363987316341,0,0.013135421130095842,1.1507760672650335e-05,3.5536576519563266e-06,7.3809629533581009e-06,1.1826907008760951e-05,1.6022218421605479e-05,1.8740477099061399e-05
3562,9,120154.16016719304,9.8432821285548933,18.03148925545695,0,0.013052945665838809,1.1435505059782236e-05,3.5313447347112047e-06,7.3346189237139041e-06,1.1752647520876135e-05,1.5921617162638471e-05,1.8622808275668898e-05
3563,9,123457.82020512101,9.5798815780176447,18.209532836711443,0,0.013795212497653395,1.2085794758998476e-05,3.7321576496947716e-06,7.7517082528544298e-06,1.2420971795264639e-05,1.6827013433428581e-05,1.9681810071290249e-05
3564,9,125625.68315740432,9.4145660960375448,18.254338900336588,0,0.01424568673248054,1.2480449002074749e-05,3.8540289772866091e-06,8.0048355493278874e-06,1.2826571039657081e-05,1.7376489275293232e-05,2.0324507552998908e-05
3565,9,121281.75848706505,9.7517657411884588,18.275556263218437,0,0.013925832505849649,1.220022914054549e-05,3.767495594860587e-06,7.8251053241713837e-06,1.2538579801518902e-05,1.6986340057282094e-05,1.9868167345110158e-05
3566,9,124615.35784783254,9.4908951663041314,18.25931979118986,0,0.01436561145826898,1.2585513394714935e-05,3.8864734200826159e-06,8.0722228031866939e-06,1.2934549197791755e-05,1.7522770093525321e-05,2.0495605727544691e-05
3567,9,122125.20404904027,9.6844161420629202,18.263383680037748,0,0.014140211443131852,1.2388043560735511e-05,3.8254936859264049e-06,7.9455676206130872e-06,1.2731602905290155e-05,1.7247833474516908e-05,2.0174024578377938e-05
3568,9,120173.942073035,9.8416618198849442,18.293045828703878,0,0.013900214971325431,1.2177785973066633e-05,3.7605650254723192e-06,7.8107105003277543e-06,1.2515514214537646e-05,1.6955092506898679e-05,1.9831618473602295e-05
3569,9,125661.0343090088,9.4119175761110476,18.314950051117965,0,0.014297808776303869,1.2526112403358016e-05,3.8681300782740748e-06,8.0341235996083497e-06,1.2873500830434223e-05,1.7440066283022693e-05,2.0398870754524996e-05
3570,9,124099.11521856506,9.530376549117582,18.325791740103529,0,0.01398661355339682,1.2253478575160361e-05,3.7839393032556708e-06,7.8592589805915874e-06,1.2593306010150951e-05,1.7060479074984655e-05,1.9954884460483404e-05
3571,9,123009.79015456061,9.614773718085269,18.361836735338553,0,0.013661643918100227,1.1968777174890572e-05,3.6960219978501178e-06,7.6766543411716283e-06,1.2300708946131602e-05,1.6664090224901896e-05,1.9491246032156769e-05
3572,9,122575.95092594576,9.6488037703234966,18.428929419093858,0,0.013402926745741631,1.1742118640541332e-05,3.6260286379008031e-06,7.5312778172167834e-06,1.206776445895075e-05,1.6348514271615398e-05,1.9122130859091525e-05
3573,9,122594.0744306105,9.6473773543979906,18.499378923445317,0,0.013190797696569601,1.1556275316188719e-05,3.5686392317046655e-06,7.4120797619917048e-06,1.1876767115693422e-05,1.6089765204818103e-05,1.8819483570612461e-05
3574,9,122927.23893716403,9.6212304747999156,18.533744444461494,0,0.013083026569839314,1.1461858523491264e-05,3.5394828243560229e-06,7.3515217725706144e-06,1.1779731848879774e-05,1.5958309005971241e-05,1.8665725094776351e-05
3575,9,123158.64002889456,9.6031532758706533,18.536982237636845,0,0.012960896863446716,1.1354862377858223e-05,3.5064418459698151e-06,7.2828955116033963e-06,1.1669768364176334e-05,1.5809338614218412e-05,1.8491481045567942e-05
3576,9,123384.03742492363,9.5856102793273088,18.561174205380627,0,0.012834626747754669,1.1244238876936531e-05,3.4722807209934453e-06,7.2119427011218306e-06,1.1556076926232736e-05,1.5655317867285223e-05,1.8311329820267612e-05
3577,9,124217.74042104687,9.5212752497054804,18.598218220038927,0,0.012833395688064537,1.1243160362578486e-05,3.4719476700280801e-06,7.2112509527662784e-06,1.1554968501285165e-05,1.5653816255189959e-05,1.8309573451309052e-05
3578,9,125123.18623403957,9.4523751595729308,18.612700545735638,0,0.012832714756301029,1.1242563807683805e-05,3.4717634507063024e-06,7.2108683284049853e-06,1.1554355402050161e-05,1.565298567371586e-05,1.8308601957057468e-05
3579,9,125586.70637504625,9.4174879776945488,18.598395851642231,0,0.012844161439872695,1.1252592088751741e-05,3.4748602371938537e-06,7.2173003678915383e-06,1.1564661798839422e-05,1.5666948017410195e-05,1.8324933090198185e-05
3580,9,125728.13326891206,9.4068945962605355,18.593585232681317,0,0.012818712795163239,1.1230296883302351e-05,3.4679753592666076e-06,7.2030004454183023e-06,1.154174827733929e-05,1.5635906474087726e-05,1.8288625175997629e-05
3581,9,125660.39609865758,9.4119653778322618,18.590593238818503,0,0.012752319989220256,1.1172131064817322e-05,3.4500134454050448e-06,7.1656934694042742e-06,1.1481969338075647e-05,1.5554922390828726e-05,1.8193901691535745e-05
3582,9,125425.70778826321,9.4295764265635373,18.574662732355627,0,0.01271785871302528,1.1141940017648133e-05,3.4406902895934759e-06,7.1463292327801604e-06,1.1450940998373056e-05,1.5512887492303995e-05,1.8144735338136032e-05
3583,9,124744.48822252486,9.4810705811344516,18.537072181697106,0,0.012629077036661581,1.1064159619624253e-05,3.4166712893316195e-06,7.0964416610238132e-06,1.1371003505693084e-05,1.5404594092614181e-05,1.8018069359464203e-05
3584,9,123858.82633137619,9.5488656923083273,18.45478038239672,0,0.012367804737567815,1.0835262574102407e-05,3.3459866652359771e-06,6.9496293783227026e-06,1.1135758426396217e-05,1.5085901467373258e-05,1.7645308753672336e-05
3585,9,123049.07056897257,9.6117044360957564,18.369512641991893,0,0.012131826141841729,1.0628524992064631e-05,3.282145001227311e-06,6.8170299545517345e-06,1.0923287362083256e-05,1.4798061392350137e-05,1.7308635005242536e-05
3586,9,122119.22137295073,9.6848905860058387,18.284751645661569,0,0.011968370844507773,1.0485324068107476e-05,3.2379237948898349e-06,6.7251823097596053e-06,1.0776115026875154e-05,1.4598683203397164e-05,1.707543119502066e-05
3587,9,120969.17458518874,9.7769642679703175,18.182388568077251,0,0.011773385943650752,1.0314500494837946e-05,3.185172567648334e-06,6.6156177731196314e-06,1.0600553979558231e-05,1.4360846088050449e-05,1.6797243687137759e-05
3588,9,125996.58453912986,9.3868520465961289,18.113036659937784,0,0.012200400548098999,1.0688602080394116e-05,3.3006971253739943e-06,6.8555627999870249e-06,1.0985030576705246e-05,1.4881706530507794e-05,1.7406471007401737e-05
3589,9,124730.80878613985,9.4821103860001337,18.112201763419979,0,0.011967921819338635,1.0484930683370797e-05,3.237802315592565e-06,6.7249299967118767e-06,1.0775710732344556e-05,1.4598135495085e-05,1.7074790564939917e-05
3590,9,123030.67349043972,9.6131416978478779,18.014439037298278,0,0.011747742749989158,1.0292034847743928e-05,3.1782350564354402e-06,6.6012085310749778e-06,1.0577465289531502e-05,1.4329567239370659e-05,1.6760658207403056e-05
3591,9,121803.10736749702,9.71002565539521,17.860007074067351,0,0.011436716993814745,1.0019549487005508e-05,3.0940901289574555e-06,6.4264391376062215e-06,1.0297423054176275e-05,1.3950186742101815e-05,1.6316913693765044e-05
3592,9,126494.63890613634,9.3498926727074068,17.757425730089221,0,0.011684730275472561,1.0236830490841578e-05,3.1611876576488454e-06,6.565801006991809e-06,1.0520729942478775e-05,1.4252706389612475e-05,1.6670757485992013e-05
3593,9,125150.82461700785,9.4502876913886862,17.673022477958558,0,0.011450426438223985,1.003156014152918e-05,3.09779908290316e-06,6.4341426516613495e-06,1.0309766801861559e-05,1.3966909138025643e-05,1.6336473137382999e-05
3594,9,123908.47557615851,9.5450395297480473,17.55798391427216,0,0.011223343081313168,9.8326155551173813e-06,3.036363937358484e-06,6.3065415775821429e-06,1.010530485741213e-05,1.3689919225916907e-05,1.6012490342494559e-05
3595,9,122567.97836349549,9.64943138686459,17.443562125058619,0,0.010956636056492549,9.5989572215967191e-06,2.9642090022256671e-06,6.1566754522326479e-06,9.8651664446505017e-06,1.3364597474605738e-05,1.5631975942437928e-05
3596,9,121475.37859061047,9.7362223618265951,17.336175557701083,0,0.010799882312577148,9.461627435847613e-06,2.9218008345681067e-06,6.0685934969469624e-06,9.7240280727474589e-06,1.3173393652623774e-05,1.5408333326114955e-05
3597,9,120878.45454509807,9.7843019411205354,17.214019991442228,0,0.010959719271079305,9.6016583832279597e-06,2.9650431352923063e-06,6.1584079503700666e-06,9.8679425179750238e-06,1.3368358293315728e-05,1.5636374805008248e-05
3598,9,126623.04778137058,9.340410913875191,17.02280655557999,0,0.012560828044047368,1.1004367621684091e-05,3.3982072026122286e-06,7.0580916697216437e-06,1.1309553287912056e-05,1.5321345884894824e-05,1.7920697629205006e-05
3599,9,125934.53003875178,9.3914774373741405,16.90814487672143,0,0.012898187140796945,1.1299923257676655e-05,3.4894763536921579e-06,7.247658107708304e-06,1.1613305609691459e-05,1.5732847052699244e-05,1.8402012264204407e-05
3600,9,125497.62737619002,9.4241725694141909,16.810564860401467,0,0.013830238820266226,1.2116480835514741e-05,3.7416336731994758e-06,7.7713899963658974e-06,1.245250889303242e-05,1.6869737559731816e-05,1.9731782583803466e-05
3601,9,125339.18967632685,9.4360853975477337,16.766326819337888,1,0.036026643686776376,3.156244396583322e-05,9.7466504304520024e-06,2.0243836855498573e-05,3.2437769638388449e-05,4.3944289903606117e-05,5.1399683670678887e-05
3602,9.0999999999999996,153708.50399753521,10.868781288234345,15.37802929478795,1,0.059019319090265768,4.304483116058326e-05,1.3489148370293254e-05,2.8955758766488205e-05,4.5442717304365709e-05,5.7485259122371261e-05,6.1880570611450245e-05
3603,9.0999999999999996,157676.37773519897,10.595272012758587,26.330182947708845,1,0.060479431408110997,4.4109741585947721e-05,1.3822864041641206e-05,2.9672111660747156e-05,4.6566950391348351e-05,5.8907419462966291e-05,6.341146904907678e-05
3604,9.0999999999999996,151997.12654167434,10.99115588631115,14.837051043545207,0,0.02065874459173676,1.5067137111169898e-05,4.721655133223863e-06,1.0135488413580896e-05,1.5906477824821685e-05,2.0121772062171139e-05,2.1660278755464813e-05
3605,9.0999999999999996,155164.9218630963,10.766764111574874,25.741527234126156,0,0.021067721721866276,1.5365418280561913e-05,4.8151288173227302e-06,1.0336138697311364e-05,1.6221375258321419e-05,2.0520118852052972e-05,2.2089083061741907e-05
3606,9.0999999999999996,151165.46322224254,11.051625658929535,14.270775744193413,0,0.017203156386941202,1.2546857088819373e-05,3.931863879789856e-06,8.4401252681445856e-06,1.3245801281423123e-05,1.6756003252316375e-05,1.8037163931251017e-05
3607,9.0999999999999996,154175.39431894093,10.835867289140207,25.147394337158605,0,0.01752628658815357,1.2782527123114393e-05,4.0057168366565726e-06,8.5986577673447553e-06,1.3494599719164135e-05,1.707073449004122e-05,1.8375959456869205e-05
3608,9.0999999999999996,157106.13788163027,10.633729112159935,13.48427610136849,0,0.01556816181822117,1.1354398987915391e-05,3.5581780314601406e-06,7.6379725316148968e-06,1.1986915256884557e-05,1.5163506288690063e-05,1.6322904966245361e-05
3609,9.0999999999999996,150232.83717472939,11.120232723474917,24.55560675095931,0,0.015116245841210702,1.1024801032042092e-05,3.4548904680188053e-06,7.4162558087732871e-06,1.1638956481602786e-05,1.4723336740135053e-05,1.5849080141477923e-05
3610,9.0999999999999996,155632.18422547705,10.734438512220168,12.952831663260001,0,0.014137090659655153,1.031066928467972e-05,3.231099856315143e-06,6.9358676635167003e-06,1.0885042800482862e-05,1.3769632254885972e-05,1.4822455600805969e-05
3611,9.0999999999999996,155811.96544018463,10.722052747176521,23.825310573620111,0,0.014158021532311989,1.032593489420292e-05,3.2358837076224744e-06,6.9461366620203344e-06,1.0901158806965816e-05,1.3790019081723052e-05,1.484440120037176e-05
3612,9.0999999999999996,153842.42690040485,10.85931979721329,12.522798629304756,0,0.013145112600774132,9.5871853692819358e-06,3.004378514514225e-06,6.449188423272034e-06,1.0121255972767688e-05,1.2803438191019053e-05,1.3782386530816975e-05
3613,9.0999999999999996,153199.40829918333,10.904899246270853,23.405070621164771,0,0.013094929101740559,9.5505848073601069e-06,2.9929088351848342e-06,6.4245676496936058e-06,1.0082616513772257e-05,1.2754559086853175e-05,1.3729770140059786e-05
3614,9.0999999999999996,151854.27165211141,11.001495670258123,12.196379703758613,0,0.012484089204053169,9.1050781382321958e-06,2.8532984476471889e-06,6.1248804795429147e-06,9.6122921315749361e-06,1.2159596448481533e-05,1.3089316776588674e-05
3615,9.0999999999999996,150419.44094699851,11.106437449661595,23.109202333084031,0,0.012370805095857444,9.0224561191098748e-06,2.8274068215321644e-06,6.0693016053784182e-06,9.5250675111766208e-06,1.2049256878075474e-05,1.2970540664555945e-05
3616,9.0999999999999996,155790.77716712412,10.723510996409932,11.938854559531997,0,0.01271977398380666,9.2769712015203733e-06,2.907165334146716e-06,6.2405109499154635e-06,9.7937607927585606e-06,1.2389155190333623e-05,1.3336427534225073e-05
3617,9.0999999999999996,153638.73736415087,10.873716751077115,22.907889333597169,0,0.012549352570134476,9.1526769688734739e-06,2.8682147028969161e-06,6.1568996609511091e-06,9.6625425367114013e-06,1.2223163456170053e-05,1.315774410505308e-05
3618,9.0999999999999996,153481.65279497619,10.884845723694136,17.857908356982627,0,0.012700230674204702,9.2627175897352462e-06,2.9026986170288145e-06,6.2309227105549314e-06,9.7787131590833032e-06,1.2370119860311279e-05,1.3315936766651903e-05
3619,9.0999999999999996,150579.87372743268,11.094604283670282,17.856095760785124,0,0.012138933768694356,8.8533443387206363e-06,2.7744115179073284e-06,5.9555420717597519e-06,9.3465350690258585e-06,1.1823412467626885e-05,1.2727428235364048e-05
3620,9.0999999999999996,150313.49117016021,11.114265919083065,17.889025423198625,0,0.011970643575547975,8.7306044789318661e-06,2.7359479873277078e-06,5.8729763913922872e-06,9.2169577748427168e-06,1.1659496558228175e-05,1.255097934810593e-05
3621,9.0999999999999996,149790.16113633383,11.153096434487178,17.777785108665658,0,0.011976130437877786,8.7346062374446472e-06,2.7372020360221868e-06,5.8756683279387585e-06,9.2211824581766636e-06,1.166484080325946e-05,1.2556732213050303e-05
3622,9.0999999999999996,156568.89329293362,10.67021728872567,17.609636034345026,0,0.012898353823139898,9.4072156562391195e-06,2.9479806127002514e-06,6.3281248842677544e-06,9.931260738202998e-06,1.2563093292235509e-05,1.3523664908833559e-05
3623,9.0999999999999996,152880.95147117489,10.927614565545756,17.521292640342526,0,0.012832661047808317,9.3593036425763854e-06,2.9329662139073958e-06,6.2958950282727526e-06,9.8806797036477446e-06,1.2499108036718957e-05,1.34547873533953e-05
3624,9.0999999999999996,156655.94513096908,10.664287976394466,17.563425210522109,0,0.013582766650632733,9.9063816082981208e-06,3.1044064461203703e-06,6.6639080318039527e-06,1.0458233585715368e-05,1.3229716515640157e-05,1.4241258011428975e-05
3625,9.0999999999999996,151376.53287662339,11.036215986347869,17.624285421086896,0,0.013389806723515038,9.765649258085197e-06,3.060304529552498e-06,6.5692390117721602e-06,1.0309661498570996e-05,1.3041772100462652e-05,1.4038943403615139e-05
3626,9.0999999999999996,153649.47240871721,10.872957035914451,17.779830354302803,0,0.013941582900135228,1.0168078712154678e-05,3.1864156204351179e-06,6.8399486388838111e-06,1.0734508975565535e-05,1.3579206231853612e-05,1.4617469641893838e-05
3627,9.0999999999999996,157226.02982704045,10.625620413672642,17.9311188902768,0,0.014492860143254124,1.0570144276761276e-05,3.3124126776736775e-06,7.1104134817735044e-06,1.1158972292010571e-05,1.4116154398274986e-05,1.5195472758417946e-05
3628,9.0999999999999996,152876.42971590642,10.927937780830321,17.996083661060666,0,0.014257693973515199,1.0398629453697813e-05,3.2586643219796668e-06,6.9950374492139823e-06,1.0977902941572081e-05,1.3887100786463879e-05,1.4948905752965084e-05
3629,9.0999999999999996,155504.03169546739,10.743284877414533,18.067447271041139,0,0.014588212856326138,1.0639688309090943e-05,3.3342059974537854e-06,7.1571949458771598e-06,1.1232390393932566e-05,1.4209028655441229e-05,1.5295448162831233e-05
3630,9.0999999999999996,151225.8517754694,11.047212447322446,18.154069435991605,0,0.014313239125869277,1.0439140454870385e-05,3.271359432884094e-06,7.0222887299302622e-06,1.1020670677543312e-05,1.3941202181147579e-05,1.5007143729535322e-05
3631,9.0999999999999996,154056.93691970766,10.844199199946516,18.241122694195482,0,0.014637222818128275,1.0675432969711868e-05,3.3454074592219284e-06,7.1812399645756475e-06,1.1270126272177214e-05,1.425676472554845e-05,1.5346834123372785e-05
3632,9.0999999999999996,157274.8249992452,10.622323770501239,18.271525630426623,0,0.014888206472898133,1.0858484031807509e-05,3.4027709769631464e-06,7.3043762913559101e-06,1.146337450762838e-05,1.4501224686326016e-05,1.5609985444172548e-05
3633,9.0999999999999996,153853.22174998996,10.858557871512456,18.275392704791976,0,0.014520072411644061,1.0589991125494822e-05,3.3186321720945248e-06,7.1237642267691024e-06,1.1179924743491132e-05,1.4142659351632896e-05,1.5224004275242563e-05
3634,9.0999999999999996,151562.44613598025,11.022678471367756,18.295652929423188,0,0.014178546959913829,1.0340904798621315e-05,3.2405748925184146e-06,6.9562067431290116e-06,1.0916962635583952e-05,1.38100110020379e-05,1.4865921698941107e-05
3635,9.0999999999999996,156757.86387801173,10.657354411201833,18.408020805737369,0,0.014430243630043171,1.0524475887485087e-05,3.2981013733388856e-06,7.0796928858858775e-06,1.111075986678624e-05,1.4055165445119397e-05,1.5129820602023749e-05
3636,9.0999999999999996,154929.5901600988,10.783118385355184,18.48653654704097,0,0.014076613626876275,1.0266561292497051e-05,3.217277540491714e-06,6.9061967286592526e-06,1.0838477696948303e-05,1.3710727171705855e-05,1.4759046646671464e-05
3637,9.0999999999999996,153419.95104913064,10.889223341988359,18.515894589174252,0,0.013752876268903451,1.0030448437772302e-05,3.1432858150361348e-06,6.7473663492910259e-06,1.0589211770706063e-05,1.3395404558745905e-05,1.4419614529385214e-05
3638,9.0999999999999996,152639.36198398646,10.944910214353305,18.522074254328359,0,0.013488844402932026,9.8378808638500848e-06,3.0829400660598247e-06,6.6178283753601259e-06,1.038591688981574e-05,1.3138235542466389e-05,1.4142782421225355e-05
3639,9.0999999999999996,152781.02752391557,10.934761594199866,18.55800896712724,0,0.013355540379677389,9.7406576280949175e-06,3.0524727923644325e-06,6.5524274320849224e-06,1.0283277666970247e-05,1.3008396424750927e-05,1.4003015830370878e-05
3640,9.0999999999999996,153399.79939297386,10.890653825505748,18.585874281488433,0,0.013259236204758827,9.6704196617251473e-06,3.0304620114171235e-06,6.5051791665994689e-06,1.0209126974222315e-05,1.2914595436615284e-05,1.3902042837322431e-05
3641,9.0999999999999996,153959.85694754048,10.851037050912206,18.564409508591659,0,0.013150338643722564,9.5909969031969432e-06,3.0055729516884848e-06,6.4517523979374594e-06,1.0125279834716397e-05,1.2808528396018128e-05,1.3787865931878758e-05
3642,9.0999999999999996,153989.68032851012,10.848935516502921,18.521953756530348,0,0.013040323044463944,9.5107587207151209e-06,2.9804283589632357e-06,6.3977771030376468e-06,1.0040571846667033e-05,1.2701372377813102e-05,1.3672516785815722e-05
3643,9.0999999999999996,153589.90760711863,10.877173755220582,18.489023981431576,0,0.012890726667927139,9.4016529080842891e-06,2.9462373898048666e-06,6.3243828880905806e-06,9.9253881076218179e-06,1.2555664385895513e-05,1.351566798979107e-05
3644,9.0999999999999996,153428.42766900599,10.88862173374398,18.470470247323966,0,0.012788591561320416,9.32716224151576e-06,2.9228939214614469e-06,6.2742738804964616e-06,9.8467478107169673e-06,1.2456184026594877e-05,1.3408581381986953e-05
3645,9.0999999999999996,153444.31746756204,10.887494171584899,18.47744187373323,0,0.01272466681723692,9.2805397142065382e-06,2.9082836146878888e-06,6.2429114470183617e-06,9.7975280955640805e-06,1.2393920846764714e-05,1.3341557571799857e-05
3646,9.0999999999999996,153175.74198482826,10.906584100349107,18.471260703500768,0,0.012663122361449668,9.2356532134968212e-06,2.8942173342177008e-06,6.2127168185024867e-06,9.7501411153497926e-06,1.233397608557449e-05,1.3277029446081199e-05
3647,9.0999999999999996,152592.09101514673,10.948300799712312,18.418408642449293,0,0.012524129023661512,9.1342805638329619e-06,2.8624497404059324e-06,6.1445246126082198e-06,9.6431213283773755e-06,1.2198595532864028e-05,1.3131297723213191e-05
3648,9.0999999999999996,152009.22565560619,10.99028104962451,18.357565720584695,0,0.012435160497210357,9.0693927396640873e-06,2.8421155570896096e-06,6.100875325740143e-06,9.5746188166773945e-06,1.2111939521313671e-05,1.3038016010239896e-05
3649,9.0999999999999996,151357.08527510817,11.037634010025773,18.295215019668973,0,0.012379380470840265,9.0287104367462689e-06,2.8293667646026234e-06,6.0735088123262819e-06,9.5316702363034103e-06,1.2057609357578077e-05,1.2979531772981519e-05
3650,9.0999999999999996,156619.3696515375,10.666778418326398,18.192925216844927,0,0.012888105150632963,9.3997409448313784e-06,2.9456382294573481e-06,6.3230967325818016e-06,9.9233696351767942e-06,1.2553111008403661e-05,1.3512919381563597e-05
3651,9.0999999999999996,155442.51652655366,10.747536448983817,18.204137160457968,0,0.012851933502574495,9.3733597105596733e-06,2.9373710258538561e-06,6.3053503822085374e-06,9.895518789004883e-06,1.2517879552101293e-05,1.3474994135113513e-05
3652,9.0999999999999996,154054.92876270704,10.844340557673364,18.257158260600786,0,0.012780514436549671,9.3212713149957854e-06,2.9210478558660219e-06,6.2703111225386683e-06,9.840528720031973e-06,1.2448316846533043e-05,1.3400112678900949e-05
3653,9.0999999999999996,152299.22934152972,10.969353681656159,18.232864513191998,0,0.012731492251165195,9.2855177392933914e-06,2.9098436003395245e-06,6.2462601067682561e-06,9.8027834300759515e-06,1.2400568870565012e-05,1.3348713902178838e-05
3654,9.0999999999999996,151123.94319806265,11.054661999531001,18.126157005641435,0,0.012620758672245644,9.2047559094066533e-06,2.8845349099201234e-06,6.1919325603314621e-06,9.717522623944901e-06,1.2292713534789243e-05,1.3232611968862565e-05
3655,9.0999999999999996,156124.21073556217,10.700608856371101,18.008844509210231,0,0.013156325039042564,9.5953629884006005e-06,3.0069411710430864e-06,6.4546894128240872e-06,1.0129889140184372e-05,1.2814359189925675e-05,1.3794142547129788e-05
3656,9.0999999999999996,155355.90121497767,10.75352850471471,17.922339794186485,0,0.013214570265320049,9.6378432468934129e-06,3.0202533967893149e-06,6.4832653901038482e-06,1.0174735834332241e-05,1.2871090476846853e-05,1.385521149697537e-05
3657,9.0999999999999996,154714.20053852184,10.798130399639307,17.800678807993819,0,0.013306207671495289,9.7046775773738125e-06,3.0411975653636098e-06,6.5282240691956667e-06,1.0245293285816183e-05,1.2960345997250754e-05,1.3951291476732579e-05
3658,9.0999999999999996,153600.59637387193,10.876416833854721,17.661157586986661,0,0.013353041346673514,9.7388349968722154e-06,3.0519016263887633e-06,6.5512013691969549e-06,1.0281353502949383e-05,1.3005962347875805e-05,1.4000395644461581e-05
3659,9.0999999999999996,152306.41889022608,10.968835878775385,17.53128984537528,0,0.01348429090018375,9.83455983676929e-06,3.081899341173079e-06,6.6155943589540749e-06,1.0382410859225686e-05,1.3133800396662711e-05,1.4138008165054876e-05
3660,9.0999999999999996,151084.32472729307,11.057560836350021,17.382431389391073,0,0.013890942225017416,1.0131144715898804e-05,3.1748414513195574e-06,6.8151035678954317e-06,1.0695517507704624e-05,1.3529881834755317e-05,1.4564373911195105e-05
3661,9.0999999999999996,155833.73502932972,10.720554902803775,17.173595690197555,0,0.015878045043320396,1.1580407544257635e-05,3.6290033284181646e-06,7.790005866632387e-06,1.2225514007473529e-05,1.5465334872399414e-05,1.664781130348603e-05
3662,9.0999999999999996,154255.66127227421,10.830228844192064,17.073886150221693,0,0.016543454376554596,1.2065713590536073e-05,3.7810858221054638e-06,8.1164656162718416e-06,1.2737854859383416e-05,1.6113448549971834e-05,1.7345479624053087e-05
3663,9.0999999999999996,153086.66298597195,10.912930489862411,16.997293437651145,0,0.017987448117999672,1.3118868180516658e-05,4.1111175155300686e-06,8.8249104963907396e-06,1.3849677232010292e-05,1.7519909276350214e-05,1.8859478058079783e-05
3664,9.0999999999999996,152203.14742256148,10.976278351542575,16.917590371775436,1,0.045747670842255797,3.3365358966325736e-05,1.0455849526876473e-05,2.2444490066228924e-05,3.5224033510760769e-05,4.4558574262605583e-05,4.7965513996085751e-05
3665,9.1999999999999993,187443.88132121586,12.589470857341723,14.403497782646122,1,0.0643325225643821,3.9992404069406813e-05,1.8091181288865342e-05,2.9881120665509174e-05,3.9225199756865723e-05,4.8099717121198173e-05,5.3919365758578979e-05
3666,9.1999999999999993,191210.96037576051,12.341443590069526,25.315746354463624,1,0.065546955570786797,4.0747358073561641e-05,1.8432696385837666e-05,3.0445199575491903e-05,3.996567091155863e-05,4.9007716399669696e-05,5.4937225075320265e-05
3667,9.1999999999999993,194897.30598421241,12.108013855623144,13.846132941868646,0,0.024196125246908604,1.5041555642714579e-05,6.8042798709135244e-06,1.1238597669119604e-05,1.4753002188003785e-05,1.8090799698405445e-05,2.0279629573405998e-05
3668,9.1999999999999993,188939.31052443324,12.489826890605173,24.862741471766938,0,0.023909894819294186,1.4863620090651329e-05,6.7237879773898459e-06,1.1105649579961009e-05,1.457848010722524e-05,1.7876792815868623e-05,2.003972971401014e-05
3669,9.1999999999999993,193971.84636823111,12.1657824342232,13.482070710846065,0,0.020910605210211271,1.2999107443139708e-05,5.8803469013551457e-06,9.7125418461530709e-06,1.2749735805659409e-05,1.5634303698221153e-05,1.7525918860624086e-05
3670,9.1999999999999993,187722.13690374576,12.570809816055212,24.450622087821287,0,0.020500661605876644,1.2744265418970484e-05,5.7650651780742574e-06,9.522131555698228e-06,1.249978260736872e-05,1.5327799761827135e-05,1.7182330606014793e-05
3671,9.1999999999999993,190479.34975797031,12.38884574248566,13.113101082960164,0,0.018727314465383629,1.1641861649136202e-05,5.2663758164897896e-06,8.6984486380281343e-06,1.1418527076707822e-05,1.4001915241598096e-05,1.5696025557281758e-05
3672,9.1999999999999993,190505.45439721143,12.387148119970101,24.062173514623602,0,0.018727880016063628,1.1642213224520078e-05,5.2665348570414741e-06,8.6987113245735678e-06,1.1418871907557155e-05,1.4002338088808827e-05,1.5696499565337936e-05
3673,9.1999999999999993,186448.24582531708,12.656698757527471,19.104012150379535,0,0.019751809863650945,1.227874066928889e-05,5.5544778718866332e-06,9.1743054736783745e-06,1.2043188368464384e-05,1.4767903219130164e-05,1.6554691437231883e-05
3674,9.1999999999999993,194988.79331487211,12.102332863149629,18.501721213611084,0,0.018658317454042429,1.1598969558990393e-05,5.2469729174457738e-06,8.6664009591984619e-06,1.1376457817729569e-05,1.3950328010203609e-05,1.5638196718267528e-05
3675,9.1999999999999993,191951.40837747266,12.29383676435382,18.17374881660924,0,0.017226864197559196,1.0709104607985958e-05,4.844428771230177e-06,8.0015206501571819e-06,1.0503663814168175e-05,1.2880068459287417e-05,1.4438445043282517e-05
3676,9.1999999999999993,188440.26198611624,12.522903844478481,17.976360142159329,0,0.016090630104943104,1.0002763069709376e-05,4.5249042735620574e-06,7.4737635115847177e-06,9.810872555923576e-06,1.2030536430077763e-05,1.3486127005919347e-05
3677,9.1999999999999993,194613.5561379265,12.125667543981452,17.902992060343095,0,0.015989019636963468,9.9395967779001844e-06,4.4963300264504766e-06,7.4265675594667235e-06,9.7489180305138029e-06,1.1954564984041555e-05,1.340096367375852e-05
3678,9.1999999999999993,189608.93736828057,12.4457175597,17.919489775679331,0,0.01517989694084587,9.4366045040859694e-06,4.2687937073865111e-06,7.0507468710785771e-06,9.2555750351219449e-06,1.1349605451160669e-05,1.2722809283778378e-05
3679,9.1999999999999993,187580.85651322638,12.580277780713065,17.956036061325587,0,0.014720992220919401,9.1513257328347659e-06,4.1397434517526334e-06,6.8375951592617216e-06,8.9757689807196835e-06,1.1006494590056853e-05,1.2338184984034954e-05
3680,9.1999999999999993,193172.24456068274,12.216140505315495,17.901039293582844,0,0.014979425344172365,9.3119810511414282e-06,4.2124183648051741e-06,6.9576319778422145e-06,9.1333423274393503e-06,1.1199718166993001e-05,1.2554786938091134e-05
3681,9.1999999999999993,188904.4090224219,12.492134479510057,17.792373903895577,0,0.014498143528838672,9.012791526732212e-06,4.0770753652589894e-06,6.7340865699389406e-06,8.8398923803007456e-06,1.0839876546450918e-05,1.2151407602111268e-05
3682,9.1999999999999993,190708.59688703271,12.373953349771217,17.767531039200581,0,0.014570970695726757,9.0580646385164347e-06,4.0975553561937188e-06,6.7679132764750037e-06,8.8842969839917133e-06,1.0894327483339791e-05,1.2212446630149844e-05
3683,9.1999999999999993,193179.58942336572,12.215676036606379,17.801918646923223,0,0.014698969538526716,9.1376353010308655e-06,4.1335503736056599e-06,6.827366080660063e-06,8.9623411827475051e-06,1.0990028815809029e-05,1.2319726993898971e-05
3684,9.1999999999999993,194346.81441854182,12.142310067395305,17.821491763350814,0,0.014725335469578611,9.1540257195355702e-06,4.1409648324127458e-06,6.8396125080628089e-06,8.9784171715485241e-06,1.1009741921632978e-05,1.2341825214570015e-05
3685,9.1999999999999993,188999.34393699153,12.485859644397404,17.870570296506902,0,0.014311644121672677,8.8968539052496548e-06,4.0246291926107874e-06,6.6474614685526872e-06,8.7261788772541013e-06,1.0700435896988151e-05,1.1995095843332063e-05
3686,9.1999999999999993,192131.62553247658,12.282305293261466,17.952861754864724,0,0.014534282363648824,9.0352572847456433e-06,4.0872380976695601e-06,6.7508723081725431e-06,8.8619271608114881e-06,1.0866896592644791e-05,1.2181696839569153e-05
3687,9.1999999999999993,188208.92002206392,12.538296702429532,18.026188222372664,0,0.014279574579095297,8.8769178285352363e-06,4.015610800583058e-06,6.6325658320496518e-06,8.7066252492667927e-06,1.0676458352432293e-05,1.1968217223824961e-05
3688,9.1999999999999993,191497.09820764756,12.323002820239218,18.109183458217235,0,0.014538378425740949,9.0378036075657657e-06,4.0883899661013466e-06,6.7527748439468196e-06,8.864424635609236e-06,1.0869959109395085e-05,1.2185129894287225e-05
3689,9.1999999999999993,195114.5386243558,12.09453328244139,18.214667610414725,0,0.014797402414256443,9.1988262381025067e-06,4.1612310385108593e-06,6.8730861071705967e-06,9.0223582481327033e-06,1.1063624460582443e-05,1.2402227073447824e-05
3690,9.1999999999999993,190751.7774034091,12.371152255582038,18.305964470646487,0,0.014486603573746164,9.0056176972505447e-06,4.0738301727603591e-06,6.7287265004616605e-06,8.8328561717759534e-06,1.0831248428767743e-05,1.2141735557013892e-05
3691,9.1999999999999993,193958.65380094672,12.166609919360809,18.428773951368097,0,0.014642447009046003,9.1024979902600131e-06,4.1176554687118332e-06,6.8011125395830329e-06,8.9278779373893671e-06,1.0947768422921807e-05,1.2272353459966417e-05
3692,9.1999999999999993,190687.31639219681,12.375334269359064,18.461162756544482,0,0.014323255978582101,8.9040724325979815e-06,4.0278946048793417e-06,6.6528549349306593e-06,8.7332589261728178e-06,1.0709117773748636e-05,1.2004828151888888e-05
3693,9.1999999999999993,188449.61636216758,12.522282225002266,18.471531593061833,0,0.01404801412835326,8.7329679452813701e-06,3.9504928489356131e-06,6.5250108117555556e-06,8.5654368646972886e-06,1.0503326758439495e-05,1.1774138208404944e-05
3694,9.1999999999999993,194923.29766550945,12.106399335239768,18.539743896814763,0,0.014347139417470119,8.9189196063213614e-06,4.0346109530886358e-06,6.6639482962799831e-06,8.7478212754157819e-06,1.0726974786167905e-05,1.2024845707949851e-05
3695,9.1999999999999993,193527.74696159217,12.193699964629882,18.544396531206054,0,0.014133886554401429,8.7863506609599251e-06,3.9746413443688118e-06,6.5648967702459508e-06,8.6177954996625998e-06,1.0567531288850912e-05,1.1846110930196382e-05
3696,9.1999999999999993,191817.32574436799,12.302430305098522,18.509462371813569,0,0.013914974050745961,8.6502633919853042e-06,3.9130801676550119e-06,6.4632164586994641e-06,8.4843188949395708e-06,1.04038562287041e-05,1.1662632607207994e-05
3697,9.1999999999999993,190558.72675227834,12.383685184610696,18.489634646709682,0,0.013745313897771956,8.5447939167999738e-06,3.8653694225668231e-06,6.3844128411657132e-06,8.3808727198805148e-06,1.0277005842002383e-05,1.1520434423797625e-05
3698,9.1999999999999993,189952.07196140257,12.423235276738502,18.479494999016772,0,0.01366843893134418,8.497004484679931e-06,3.8437511352871897e-06,6.3487060158086558e-06,8.3340000683159179e-06,1.021952847299082e-05,1.1456002791595583e-05
3699,9.1999999999999993,189513.36246562633,12.451994152699855,18.462955926652285,0,0.013626207212568135,8.4707510766910402e-06,3.8318750009454468e-06,6.3290902595106504e-06,8.3082502991628683e-06,1.0187952939408458e-05,1.1420606892281668e-05
3700,9.1999999999999993,188913.64924218325,12.491523459245814,18.431139851766808,0,0.013593580497925153,8.4504686331702933e-06,3.8226999245464828e-06,6.3139358281545595e-06,8.2883569489837214e-06,1.0163558812109144e-05,1.1393261287131877e-05
3701,9.1999999999999993,194392.00860942708,12.139487102177242,18.310502745626604,0,0.013987520004396249,8.6953616871606434e-06,3.9334810775983072e-06,6.4969125475268412e-06,8.5285520356599129e-06,1.0458096909929902e-05,1.1723435940471667e-05
3702,9.1999999999999993,193389.33517394893,12.202427187403421,18.249711883251784,0,0.013928363170037917,8.6585867570192409e-06,3.9168453703045206e-06,6.4694354265437213e-06,8.4924825866130923e-06,1.0413866917307218e-05,1.167385450231658e-05
3703,9.1999999999999993,192625.89300442353,12.25078957181668,18.197006244196537,0,0.013912785180229205,8.6489026775181527e-06,3.9124646274623063e-06,6.4621997738031597e-06,8.4829842840796322e-06,1.0402219668400321e-05,1.166079803730017e-05
3704,9.1999999999999993,191951.85995769501,12.29380784224001,18.181002719435398,0,0.013945664054689645,8.6693418765477449e-06,3.9217106146353169e-06,6.477471328157574e-06,8.5030313826090119e-06,1.0426802328892575e-05,1.1688354986524236e-05
3705,9.1999999999999993,191122.67878513463,12.347144233643988,18.206026802568406,0,0.014030649810198781,8.7221733922257404e-06,3.9456097662401406e-06,6.5169454465970694e-06,8.5548493916572001e-06,1.0490343919310234e-05,1.1759584558331877e-05
3706,9.1999999999999993,190047.99527488716,12.416964871779905,18.257579644202711,0,0.014061893689866829,8.7415961944192981e-06,3.9543959706156415e-06,6.5314575798261888e-06,8.5738995916541331e-06,1.0513704137655441e-05,1.1785771160510466e-05
3707,9.1999999999999993,188674.65737877481,12.507346318074926,18.250959409831683,0,0.014126725592505184,8.7818990388213143e-06,3.9726275843808057e-06,6.5615706521648714e-06,8.6134292763336373e-06,1.0562177227984101e-05,1.1840109074396611e-05
3708,9.1999999999999993,194059.72906497508,12.160272987345834,18.138703407293757,0,0.014701507494155155,9.1392130247537495e-06,4.1342640812848707e-06,6.8285449083409026e-06,8.9638886398116979e-06,1.0991926377771905e-05,1.2321854144403165e-05
3709,9.1999999999999993,192819.05121926364,12.238517233429416,18.105901422058462,0,0.01478250931083927,9.1895679191999483e-06,4.1570428950472751e-06,6.8661685699351017e-06,9.0132775385125644e-06,1.1052489283025776e-05,1.2389744635974193e-05
3710,9.1999999999999993,191939.82301995443,12.294578812001591,18.074768533125422,0,0.014944752545275259,9.2904266564365931e-06,4.2026679016547174e-06,6.9415271828434103e-06,9.1122014268706292e-06,1.1173794236883126e-05,1.2525726437257583e-05
3711,9.1999999999999993,191398.02934022335,12.329381286814211,18.025158884268848,0,0.015197885654023616,9.4477872131950849e-06,4.2738523784642127e-06,7.0591022547578588e-06,9.2665432179265267e-06,1.1363055133852002e-05,1.2737886261435929e-05
3712,9.1999999999999993,190434.69101607881,12.391751044357893,17.936708547088063,0,0.015447686498970242,9.6030762634260461e-06,4.3440997773209645e-06,7.1751295593412631e-06,9.4188532417198457e-06,1.1549824585750059e-05,1.2947253197296398e-05
3713,9.1999999999999993,189193.58911641338,12.473040404283671,17.824817774346908,0,0.015818346475644861,9.8334975646379361e-06,4.4483344096227878e-06,7.3472934205951849e-06,9.6448541981161501e-06,1.1826957197926998e-05,1.3257916452174737e-05
3714,9.1999999999999993,188427.39114281579,12.523759242051367,17.701630576824957,0,0.01654124651561582,1.0282889401735202e-05,4.6516237437811752e-06,7.683065475885819e-06,1.008562501421044e-05,1.2367450342661187e-05,1.3863804580113093e-05
3715,9.1999999999999993,193999.16881682741,12.164069030154408,17.504524171084149,0,0.019137629151980657,1.189693435712116e-05,5.3817618931554759e-06,8.8890312884871811e-06,1.1668706533433417e-05,1.4308696626336102e-05,1.6039924829078554e-05
3716,9.1999999999999993,192853.81807376756,12.236310926329832,17.369321032028196,0,0.020371555000690645,1.2664006114394628e-05,5.7287586427962048e-06,9.4621642188909967e-06,1.2421062977289182e-05,1.5231270184866898e-05,1.7074121787374025e-05
3717,9.1999999999999993,191484.03768120924,12.323843333663117,17.253354406831765,0,0.022500319724325334,1.3987355729841427e-05,6.3273962680824656e-06,1.0450931222574842e-05,1.3719025783525704e-05,1.6822890984781003e-05,1.8858314901094212e-05
3718,9.1999999999999993,190122.51219085333,12.412098147070436,17.165141737798855,1,0.057629482475512354,3.5825449673063437e-05,1.6206195148100923e-05,2.6767697753780298e-05,3.5138183175150559e-05,4.308803221790493e-05,4.8301310444729233e-05
3719,9.3000000000000007,242906.07153924237,13.722725464253458,20.28230662122753,1,0.11897869894401519,7.3336297467182103e-05,1.9190877133410789e-05,5.8328853835609171e-05,7.2248722247108586e-05,8.7927426250113358e-05,0.00012002508644198241
3720,9.3000000000000007,240463.9545522501,13.862091470383094,19.857476280218432,0,0.041803854116020979,2.576713233492129e-05,6.7428256920264635e-06,2.0494180203179724e-05,2.5385006490180411e-05,3.0893809836385218e-05,4.2171508416346058e-05
3721,9.3000000000000007,239656.51151166781,13.908795184857926,19.438465431445497,0,0.034726485465203016,2.1404771531955027e-05,5.6012691494590358e-06,1.702452718765523e-05,2.1087339374708383e-05,2.566350545742678e-05,3.5031896102246772e-05
3722,9.3000000000000007,235379.10847390429,14.161551358339389,19.066264564181484,0,0.029879217570964439,1.841700411350081e-05,4.8194206049995689e-06,1.4648172571119012e-05,1.8143880462681122e-05,2.2081286168865264e-05,3.0141997715585213e-05
3723,9.3000000000000007,241311.4296592371,13.813408416005952,18.715497539495694,0,0.02711543433100972,1.6713458591327094e-05,4.3736313582512211e-06,1.3293238368043882e-05,1.6465598472485039e-05,2.003879999983457e-05,2.735390770261106e-05
3724,9.3000000000000007,236120.69665782241,14.117073939367035,18.411279790141791,0,0.024395246702150288,1.5036784607772675e-05,3.9348739417675436e-06,1.1959676747204229e-05,1.4813789516749507e-05,1.8028531781692826e-05,2.4609796713080967e-05
3725,9.3000000000000007,240055.64992040553,13.88566915395891,18.182078175057558,0,0.02283653934585193,1.4076025855489047e-05,3.6834595152596458e-06,1.1195526404622348e-05,1.3867278789625862e-05,1.6876618646544805e-05,2.3037380920691979e-05
3726,9.3000000000000007,241626.37983611604,13.795403198914698,18.047724849119813,0,0.021437571212749015,1.3213727443530287e-05,3.4578105058637035e-06,1.0509687607588337e-05,1.3017768238761054e-05,1.5842755707704417e-05,2.1626109217475036e-05
3727,9.3000000000000007,236137.05441046206,14.116096017439142,18.003674837807242,0,0.019939539648023731,1.2290368141226807e-05,3.216182887174231e-06,9.7752833406438369e-06,1.210810232883069e-05,1.4735683088010505e-05,2.0114902844865642e-05
3728,9.3000000000000007,236511.76068622337,14.093731845139056,18.063386881768828,0,0.018995885428755816,1.170871691168229e-05,3.0639745310640622e-06,9.3126604550722443e-06,1.1535076970591729e-05,1.4038305427078689e-05,1.9162949425940899e-05
3729,9.3000000000000007,240023.25331255666,13.88754334144738,18.107187903679232,0,0.018448722219345327,1.137145550065184e-05,2.9757188851634426e-06,9.04441577640968e-06,1.1202817136761e-05,1.3633941846293071e-05,1.8610974054800989e-05
3730,9.3000000000000007,236582.87487921663,14.089495425377303,18.028442776628758,0,0.017630948019576945,1.0867394416546183e-05,2.8438145667441179e-06,8.6435050907812625e-06,1.0706231264295554e-05,1.3029591813240395e-05,1.7786007738238654e-05
3731,9.3000000000000007,238821.58813915073,13.957420513388213,17.926646685310594,0,0.01722659305732439,1.0618157401372247e-05,2.7785934265925928e-06,8.4452716111730292e-06,1.0460690427017014e-05,1.2730766128997045e-05,1.7378096576590768e-05
3732,9.3000000000000007,240228.94397594128,13.875652442892827,17.875074272418473,0,0.016855858967974278,1.0389643678335169e-05,2.718795223880419e-06,8.263520636406063e-06,1.0235565556038263e-05,1.2456786882383553e-05,1.7004101974900134e-05
3733,9.3000000000000007,235399.0657556605,14.160350733053745,17.867616006407616,0,0.016214815379142513,9.9945161156937461e-06,2.6153969781472069e-06,7.9492514594266044e-06,9.8462977239905368e-06,1.1983043990753552e-05,1.6357420570199149e-05
3734,9.3000000000000007,237286.77850553242,14.047699388592847,17.909810623674215,0,0.016020176816510818,9.8745444598055e-06,2.5840024111025114e-06,7.8538306456903625e-06,9.7281052443705448e-06,1.1839202546754577e-05,1.6161070210746952e-05
3735,9.3000000000000007,239920.9422114245,13.893465499964211,17.99038401680675,0,0.015914255162750385,9.8092562865666408e-06,2.5669175928860958e-06,7.8019029585072513e-06,9.6637852928967692e-06,1.1760924514787755e-05,1.6054217002891184e-05
3736,9.3000000000000007,236140.3466430367,14.115899212988756,18.075374302451454,0,0.015507011064556675,9.5582384607544628e-06,2.5012304445048581e-06,7.6022530910117884e-06,9.4164900543514544e-06,1.1459963706445327e-05,1.5643391296083889e-05
3737,9.3000000000000007,239401.45914845265,13.923613269484445,18.221113420415175,0,0.015590540091277512,9.6097242275775303e-06,2.5147034048170834e-06,7.6432028781070645e-06,9.4672122887067375e-06,1.1521693179047779e-05,1.5727654939421429e-05
3738,9.3000000000000007,235746.4658004659,14.13948379677786,18.308901859089101,0,0.015306181951760572,9.4344510627848859e-06,2.4688373618548666e-06,7.5037973836441105e-06,9.2945384199974222e-06,1.1311547333086225e-05,1.5440795942147794e-05
3739,9.3000000000000007,239715.20343663997,13.905389752279017,18.402155108099979,0,0.015567627150270493,9.5956011091331999e-06,2.5110076219623918e-06,7.6319698960791527e-06,9.4532986157100308e-06,1.1504760098181633e-05,1.5704540484906326e-05
3740,9.3000000000000007,236055.20100845973,14.120990849144111,18.47437992340808,0,0.015334043320380934,9.4516243016513415e-06,2.4733313099876634e-06,7.517456313455419e-06,9.3114569802165422e-06,1.1332137392116428e-05,1.5468902344442749e-05
3741,9.3000000000000007,239921.56728730083,13.893429302842707,18.460957492826243,0,0.015680352565289633,9.6650829965746243e-06,2.5291898647390002e-06,7.687233101296279e-06,9.521750088723197e-06,1.1588066233679658e-05,1.5818257291376427e-05
3742,9.3000000000000007,236173.01555611039,14.113946614453059,18.447610155946812,0,0.015476119830360961,9.5391976680729834e-06,2.4962477889101086e-06,7.5871087811462777e-06,9.3977316360876364e-06,1.1437134521552349e-05,1.5612228381313869e-05
3743,9.3000000000000007,240237.03121044481,13.875185338988697,18.424928111713577,0,0.01593585605517283,9.8225706822215668e-06,2.5704017465718427e-06,7.8124927137156229e-06,9.6769022364401951e-06,1.1776887967845053e-05,1.6076007869686995e-05
3744,9.3000000000000007,237669.52179928223,14.025076956011279,18.422296934172074,0,0.015868725653030137,9.7811927281480854e-06,2.5595738310636804e-06,7.77958228983925e-06,9.6361379162569134e-06,1.1727277377580324e-05,1.6008287072673965e-05
3745,9.3000000000000007,241294.83192736984,13.81435858658039,18.339701400789469,0,0.016211441562831514,9.9924365569258412e-06,2.6148527925503758e-06,7.9475974588347406e-06,9.8442490050204223e-06,1.1980550679030532e-05,1.6354017082028906e-05
3746,9.3000000000000007,238705.07777987453,13.96423303741874,18.29252574336768,0,0.016135765421087342,9.9457911650079923e-06,2.6026464770415269e-06,7.9104975186789346e-06,9.7982953629472299e-06,1.1924624631501345e-05,1.6277675387800814e-05
3747,9.3000000000000007,236721.36634298792,14.08125250723517,18.24814950788263,0,0.01609465736316687,9.9204529087427056e-06,2.5960158810126014e-06,7.8903444499095646e-06,9.7733328723066834e-06,1.1894245027730517e-05,1.6236205794931184e-05
3748,9.3000000000000007,241434.54564752267,13.806364471966511,18.232444529219066,0,0.016698928793998695,1.0292914784655929e-05,2.6934828972705328e-06,8.1865862165354456e-06,1.0140271149120204e-05,1.2340812624628823e-05,1.6845791639823788e-05
3749,9.3000000000000007,239965.17439161602,13.890904552230703,18.260531978121108,0,0.016703002091096705,1.0295425490608366e-05,2.6941399068430831e-06,8.1885831349180438e-06,1.0142744621374279e-05,1.2343822865397623e-05,1.6849900760537259e-05
3750,9.3000000000000007,238392.37363648685,13.982550206980088,18.240454706714612,0,0.016750984151409163,1.0325000756428161e-05,2.7018792570985234e-06,8.2121061571693929e-06,1.0171881286837312e-05,1.2379282482176903e-05,1.6898304810907461e-05
3751,9.3000000000000007,237395.41300076991,14.041271022041705,18.177321203701645,0,0.01677966534933736,1.0342679323109807e-05,2.7065054410319856e-06,8.2261670051752297e-06,1.0189297680874398e-05,1.2400478410002464e-05,1.6927238252701201e-05
3752,9.3000000000000007,236091.97896381587,14.118791108291783,18.130188259969856,0,0.0168461063196991,1.0383632324022597e-05,2.7172221534364195e-06,8.2587394377477988e-06,1.0229643349940358e-05,1.2449579497619977e-05,1.699426355455552e-05
3753,9.3000000000000007,241408.20784852683,13.807870755682242,18.083389160292906,0,0.0176768873255857,1.0895710565914056e-05,2.8512244273749104e-06,8.6660266605183362e-06,1.0734127485968084e-05,1.3063541797371309e-05,1.783235106879886e-05
3754,9.3000000000000007,241239.2299710681,13.817542585147123,18.054127986796189,0,0.017944120014332134,1.1060427915564056e-05,2.8943281908324097e-06,8.7970364679908677e-06,1.0896402081975173e-05,1.3261031623196587e-05,1.8101934001303496e-05
3755,9.3000000000000007,240789.92805368092,13.84332542592982,17.999060533831933,0,0.018228709967219564,1.1235843965885337e-05,2.9402316245372588e-06,8.9365556080754698e-06,1.1069216717224771e-05,1.3471348783462453e-05,1.8389026850687455e-05
3756,9.3000000000000007,240115.18739084632,13.882226149683389,17.929819255018788,0,0.018632873053327326,1.1484962712107297e-05,3.0054218156907517e-06,9.1346950211347871e-06,1.1314641039476554e-05,1.3770032667738918e-05,1.8796744448688493e-05
3757,9.3000000000000007,239573.67638846362,13.913604297361971,17.859637867175575,0,0.019304555946269952,1.1898975782326163e-05,3.1137620815154875e-06,9.4639850002155362e-06,1.1722514307557766e-05,1.426641856333915e-05,1.9474334622413407e-05
3758,9.3000000000000007,238875.65649085399,13.954261318632774,17.785269920896489,0,0.020202882062990566,1.2452687597155815e-05,3.2586591621251132e-06,9.9043859562182811e-06,1.2268014591812942e-05,1.4930297930633876e-05,2.0380561289618914e-05
3759,9.3000000000000007,237831.99911808176,14.015495583831674,17.70903894506484,0,0.021413508394103435,1.3198895561506418e-05,3.4539292514861601e-06,1.0497890902429281e-05,1.3003156313128676e-05,1.5824972846313198e-05,2.1601834772439018e-05
3760,9.3000000000000007,236797.44870387868,14.076728240014752,17.635457136401502,0,0.023051746667056013,1.4208675718573904e-05,3.7181717561573328e-06,1.130103097387951e-05,1.3997961458987832e-05,1.7035660777880941e-05,2.325448093573435e-05
3761,9.3000000000000007,235733.40527402767,14.140267177910186,17.565548919220245,0,0.025813551701926073,1.5911001911255643e-05,4.1636419248601038e-06,1.2654995369449063e-05,1.5675042202313863e-05,1.9076685017312197e-05,2.6040575345811573e-05
3762,9.3000000000000007,234522.94122868188,14.213250592329135,17.496863704603488,1,0.066824313745094094,4.118928677440405e-05,1.0778544445254265e-05,3.2760365205679085e-05,4.0578450814920411e-05,4.9384385362130851e-05,6.7412016645560402e-05
3763,9.4000000000000004,297769.25537316245,15.812439992084682,19.713066430730994,1,0.12297526000577974,5.5108313112662488e-05,0,3.0140240807229618e-05,6.2968824282578077e-05,6.5517373452539919e-05,8.5102999054316569e-05
3764,9.4000000000000004,293216.21751290857,16.05797428946298,19.431744894232846,0,0.043750666374012183,1.9605776164355182e-05,0,1.0722934189588337e-05,2.2402294762551356e-05,2.3308987088044512e-05,3.0276926585707446e-05
3765,9.4000000000000004,299051.57529975043,15.744636948848736,19.122905380531133,0,0.036827603279000275,1.650337712311141e-05,0,9.0261474635631479e-06,1.8857377325446386e-05,1.9620595535059999e-05,2.5485935031795857e-05
3766,9.4000000000000004,299402.10252377088,15.726203798792779,18.847522661347799,0,0.031994297267661495,1.4337450895107072e-05,0,7.841543283259446e-06,1.6382508828176157e-05,1.7045561215633428e-05,2.214112537745681e-05
3767,9.4000000000000004,299267.47268861899,15.733278460819946,18.60906224494191,0,0.028562666336368409,1.2799650594136707e-05,0,7.000478319250831e-06,1.4625360560263583e-05,1.5217295552554124e-05,1.9766321828459448e-05
3768,9.4000000000000004,299699.59970888036,15.710593162785447,18.417159264890227,0,0.026057325201278823,1.167694409430852e-05,0,6.3864394864619496e-06,1.3342514029213709e-05,1.3882528130505495e-05,1.8032541845068897e-05
3769,9.4000000000000004,299385.03274587321,15.727100446175438,18.242084927446257,0,0.024059004980802035,1.0781446443771138e-05,0,5.8966673757764689e-06,1.2319284846225102e-05,1.2817885598693923e-05,1.6649637317560968e-05
3770,9.4000000000000004,298885.14427331451,15.753404183147479,18.1135576051106,0,0.022491529336474584,1.007902110553636e-05,0,5.512491783244472e-06,1.151666732453629e-05,1.198278358579852e-05,1.5564891668146656e-05
3771,9.4000000000000004,300224.70908782521,15.683114479090055,18.075755937892676,0,0.021409253170627446,9.5940258811386001e-06,0,5.2472346554528759e-06,1.0962493601226027e-05,1.1406180684261597e-05,1.4815920309889153e-05
3772,9.4000000000000004,300594.89689826826,15.663800452571811,18.103684494661685,0,0.020551648879716715,9.2097117858640693e-06,0,5.0370427856072827e-06,1.0523361910056561e-05,1.0949275932855029e-05,1.4222429414607261e-05
3773,9.4000000000000004,296751.43996953859,15.86667442139183,18.113733282518957,0,0.019654827229573069,8.8078234035991497e-06,0,4.817239058457642e-06,1.0064149179804534e-05,1.0471477398661867e-05,1.3601798793127149e-05
3774,9.4000000000000004,293839.34846067289,16.023920917133552,18.071824280445128,0,0.018963727368338776,8.4981241393469163e-06,0,4.6478560765597739e-06,9.7102751914776871e-06,1.0103281001277893e-05,1.3123534540347395e-05
3775,9.4000000000000004,297000.78481034515,15.853353670706751,18.050843629534878,0,0.018820820497815687,8.4340839692641955e-06,0,4.612830759350678e-06,9.637100492612903e-06,1.0027144688945193e-05,1.3024638199193815e-05
3776,9.4000000000000004,298735.36372918868,15.76130265697037,18.087464268780504,0,0.018736737720427547,8.3964043577433885e-06,0,4.5922227512187978e-06,9.5940463560792941e-06,9.9823480141765725e-06,1.2966450100838009e-05
3777,9.4000000000000004,294157.14367316605,16.006609335680025,18.104478313686975,0,0.018289532475578879,8.1960004174907972e-06,0,4.4826163655981332e-06,9.3650573018597744e-06,9.7440910425279039e-06,1.2656969091994012e-05
3778,9.4000000000000004,296815.97508006939,15.863224615203787,18.160832143312511,0,0.018524267095736967,8.3011909163394738e-06,0,4.5401479209453296e-06,9.4852519088813616e-06,9.8691503086796059e-06,1.2819413311720729e-05
3779,9.4000000000000004,300274.39605236659,15.68051936487697,18.216806205168552,0,0.018927572870861342,8.4819223978964521e-06,0,4.6389949018797369e-06,9.6917624743785375e-06,1.0084019015467847e-05,1.3098514417076367e-05
3780,9.4000000000000004,296600.95877207816,15.874724416160998,18.243198504335883,0,0.018784265254133833,8.4177026433403102e-06,0,4.6038713650197675e-06,9.6183825755627468e-06,1.00076691980876e-05,1.2999340746126094e-05
3781,9.4000000000000004,299417.87135877513,15.725375578647398,18.268550617780228,0,0.019355166620528715,8.6735379329282905e-06,0,4.743794668776226e-06,9.9107095673618579e-06,1.0311827595678309e-05,1.3394423614356079e-05
3782,9.4000000000000004,295100.2150443648,15.955455950338804,18.306688327271768,0,0.019302952959827733,8.6501396757297871e-06,0,4.7309975231805947e-06,9.8839738416095749e-06,1.0284009789826063e-05,1.3358290012223021e-05
3783,9.4000000000000004,296785.03136506956,15.864878563515173,18.302363892038013,0,0.019907569958387099,8.9210837897595662e-06,0,4.879184255470221e-06,1.0193564742566036e-05,1.0606130822044298e-05,1.3776705227236212e-05
3784,9.4000000000000004,298100.14156795712,15.794888446916406,18.26654207299865,0,0.02052141488512179,9.1961631709580681e-06,0,5.0296326782603841e-06,1.0507880754798839e-05,1.0933168205863887e-05,1.4201506477641736e-05
3785,9.4000000000000004,299385.48432609544,15.727076724091749,18.228188881373732,0,0.021167301470628421,9.4856012269353025e-06,0,5.1879342522551391e-06,1.0838603527064821e-05,1.1277276383627731e-05,1.4648481629172077e-05
3786,9.4000000000000004,294620.66349752247,15.981426510213074,18.233282459988366,0,0.021209927983337998,9.504703241512787e-06,0,5.1983816654810088e-06,1.0860430204954847e-05,1.1299986456792378e-05,1.4677980603767791e-05
3787,9.4000000000000004,296348.41666586866,15.888252534126526,18.251468045166209,0,0.021961188376369407,9.841361956171093e-06,0,5.3825095067544193e-06,1.1245109071883302e-05,1.1700234504473086e-05,1.5197877959664358e-05
3788,9.4000000000000004,299670.88201487379,15.712098721163617,18.187649153644418,0,0.022682760107586093,1.0164716433285157e-05,0,5.5593608973311768e-06,1.1614586018287998e-05,1.2084665361416974e-05,1.5697229767145545e-05
3789,9.4000000000000004,296556.10225297371,15.877125597163992,18.174913309658475,0,0.02284675490045749,1.0238206632809668e-05,0,5.5995546936121799e-06,1.1698558675024739e-05,1.2172036659418883e-05,1.5810719656916802e-05
3790,9.4000000000000004,293850.60464785714,16.023307107767788,18.148536125143298,0,0.023141789669043667,1.037041914779524e-05,0,5.6718653272410469e-06,1.1849629650597232e-05,1.2329221959242895e-05,1.6014893599145505e-05
3791,9.4000000000000004,298673.62396223668,15.764560725560397,18.060239055683862,0,0.024491597204376658,1.0975301920927542e-05,0,6.0026922281676019e-06,1.2540791381043567e-05,1.3048357209514434e-05,1.6949005626211387e-05
3792,9.4000000000000004,297373.95182804472,15.833459699921926,17.997685009263709,0,0.025090893794674961,1.1243861825935732e-05,0,6.1495749714583544e-06,1.2847657995400541e-05,1.336764369456486e-05,1.7363738940497648e-05
3793,9.4000000000000004,296523.76693073905,15.878856965875707,17.931645712921611,0,0.026084349455573575,1.1689054343697231e-05,0,6.3930629124424383e-06,1.3356351654114636e-05,1.3896925808223943e-05,1.8051243534234524e-05
3794,9.4000000000000004,295730.93688365375,15.921426860823388,17.864608151922052,0,0.027478822773508819,1.2313952979637639e-05,0,6.7348370351387381e-06,1.4070384259694662e-05,1.4639857590896912e-05,1.9016265778968423e-05
3795,9.4000000000000004,294666.22683384898,15.978955351170226,17.799323492352421,0,0.029495216619985023,1.3217549877459476e-05,0,7.2290388452601593e-06,1.5102867946228558e-05,1.571412918553128e-05,2.0411677861054927e-05
3796,9.4000000000000004,299588.24612441432,15.716432613716499,17.687953079260115,0,0.036161524568055631,1.6204890466862904e-05,0,8.8628969630681942e-06,1.851631528332614e-05,1.926572962421179e-05,2.502498625311502e-05
3797,9.4000000000000004,298666.40083627542,15.76494198507779,17.63370237659641,1,0.089719763308349132,4.0205686969542435e-05,0,2.1989587752481215e-05,4.5940525030582646e-05,4.779988461476176e-05,6.2089081426825875e-05
3798,9.5,370548.3288965032,17.948736681760199,19.345434000835848,1,0.1224383615519531,4.1453366794673577e-05,0,0,4.9571024419133596e-05,5.1729277398432728e-05,7.7674832415589761e-05
3799,9.5,370808.76078350842,17.936130659848757,19.120659812119897,0,0.044851418181692478,1.5185128791176083e-05,0,0,1.8158775711597917e-05,1.8949383374828974e-05,2.845371619405606e-05
3800,9.5,372229.09224388259,17.86769095111994,18.890351938602688,0,0.038376977671618046,1.299310862811202e-05,0,0,1.553750044658268e-05,1.6213981455854605e-05,2.4346334526821436e-05
3801,9.5,370831.34252160357,17.935038440938005,18.687681151333166,0,0.034219307956859041,1.1585466402975909e-05,0,0,1.3854204914491144e-05,1.4457397593740675e-05,2.1708711038236563e-05
3802,9.5,370685.54220455501,17.942092760551919,18.508906706084442,0,0.031515996797986986,1.0670219354514653e-05,0,0,1.2759728463071941e-05,1.3315269170434113e-05,1.9993731855478695e-05
3803,9.5,370969.71350987849,17.92834870616063,18.357418481275737,0,0.029660947341761227,1.0042164188172388e-05,0,0,1.2008683604845473e-05,1.2531524870914095e-05,1.8816889452423292e-05
3804,9.5,371412.36353573209,17.906981662956287,18.267307632202829,0,0.028385264750775574,9.6102624729957333e-06,0,0,1.1492204193758444e-05,1.1992558669594525e-05,1.8007597085110367e-05
3805,9.5,371562.03958719614,17.89976820726547,18.249818324731095,0,0.027498352669360463,9.3099849181549854e-06,0,0,1.1133124409545571e-05,1.1617845054466016e-05,1.7444940525368275e-05
3806,9.5,366296.66763218946,18.15707040476811,18.243209658231184,0,0.026428780904174415,8.9478651532913357e-06,0,0,1.0700092086848603e-05,1.1165959110897884e-05,1.676640475794851e-05
3807,9.5,367383.89530121483,18.10333677739634,18.28351208964569,0,0.026222077414275076,8.8778825475464807e-06,0,0,1.0616405049424695e-05,1.1078628457067714e-05,1.6635272172261009e-05
3808,9.5,372033.42557273357,17.877088256225363,18.306317703327942,0,0.026482940756848001,8.9662017939484472e-06,0,0,1.0722019523196074e-05,1.1188841237114687e-05,1.6800763740106963e-05
3809,9.5,369070.81779811706,18.020591340461003,18.255519692535955,0,0.026139457848551467,8.8499104388140043e-06,0,0,1.0582955267362352e-05,1.1043722318340587e-05,1.6582858363055413e-05
3810,9.5,371514.8956633549,17.902039624425296,18.192471061267884,0,0.026655364418538385,9.024578443239849e-06,0,0,1.0791827853165138e-05,1.1261688924004476e-05,1.6910149220740008e-05
3811,9.5,372287.31282532483,17.864896691631721,18.142451452898783,0,0.027245962394203859,9.2245343574086633e-06,0,0,1.1030940385401871e-05,1.1511212081019188e-05,1.7284824267051673e-05
3812,9.5,372956.84664932033,17.832825548000248,18.075267626769595,0,0.027797572818971546,9.4112904441107721e-06,0,0,1.1254268217377188e-05,1.1744263294029477e-05,1.7634765631501751e-05
3813,9.5,366821.27282909467,18.131103280720339,18.062919652717014,0,0.027674971388331162,9.3697818677996533e-06,0,0,1.1204631171968699e-05,1.1692465121180275e-05,1.7556987348141901e-05
3814,9.5,367103.06977602199,18.117185419581102,18.049482337680821,0,0.028560270852171065,9.6695134464692302e-06,0,0,1.156305806354085e-05,1.2066497417636856e-05,1.8118620864139233e-05
3815,9.5,368009.14524672949,18.072579089768464,18.118158685536763,0,0.029612097744064803,1.0025625414985498e-05,0,0,1.1988906105623983e-05,1.2510886287074766e-05,1.8785899293239984e-05
3816,9.5,368770.10530706658,18.035286178340233,18.10521905675354,0,0.030675524845545584,1.0385664810631724e-05,0,0,1.2419450668188258e-05,1.296017615691812e-05,1.9460536889224688e-05
3817,9.5,369807.4391022239,17.984696033632638,18.100594841478813,0,0.03193634304014617,1.0812533958664214e-05,0,0,1.2929912003348429e-05,1.3492862263713253e-05,2.0260399291259296e-05
3818,9.5,371584.03620232636,17.898708596857556,18.094097276515857,0,0.03359069821201964,1.1372641027062356e-05,0,0,1.3599702741997458e-05,1.4191814753085318e-05,2.1309921345477656e-05
3819,9.5,372687.76812306105,17.84570075032218,18.026963697633082,0,0.0354951107961528,1.2017408830043502e-05,0,0,1.4370733009926296e-05,1.4996414599056704e-05,2.2518079691013144e-05
3820,9.5,367888.34630107525,18.078513359014138,17.986091622377675,0,0.036558986258916737,1.2377600025211478e-05,0,0,1.4801459098344349e-05,1.5445893898135283e-05,2.3193001727160959e-05
3821,9.5,369761.23759277305,17.9869432137567,17.891368951771586,0,0.040880680067361438,1.3840775098325402e-05,0,0,1.6551162268126871e-05,1.7271776693481782e-05,2.5934682014837752e-05
3822,9.5,372367.31964775512,17.861058240881814,17.802937041084608,0,0.047527997738959625,1.6091325449936828e-05,0,0,1.9242429469384805e-05,2.0080217899579589e-05,3.0151736862762098e-05
3823,9.5,369371.95808073797,18.005899575559685,17.768802568806869,1,0.11356853557876127,3.8450352503963491e-05,0,0,4.5979941082690957e-05,4.7981843322811154e-05,7.2047819465642854e-05
3824,9.5999999999999996,463727.28972345707,20.258910741448826,19.076367289869069,1,0.13546897569316479,4.842213228693382e-05,0,0,1.8907257949885227e-05,0.00012480290580077711,0.0002677000751246018
3825,9.5999999999999996,457333.79021605459,20.542129122895719,18.969158707958378,0,0.052650073558997125,1.8819281785705484e-05,0,0,7.3483136398337553e-06,4.8504701073923031e-05,0.00010404174516667943
3826,9.5999999999999996,460037.8607445028,20.421383917570871,18.840134581555748,0,0.047543819281818944,1.6994098426673716e-05,0,0,6.6356392707960339e-06,4.3800484715242479e-05,9.3951282412299217e-05
3827,9.5999999999999996,460143.48723721434,20.416696164251835,18.724839452423698,0,0.044527185886143954,1.591583072294938e-05,0,0,6.2146110208928866e-06,4.102136417056046e-05,8.7990116894412135e-05
3828,9.5999999999999996,460592.08632102021,20.396811082710851,18.570011662525928,0,0.042764254633778247,1.5285687253730477e-05,0,0,5.9685606188296899e-06,3.9397236270453034e-05,8.4506390629538489e-05
3829,9.5999999999999996,460254.68157129094,20.411763632275672,18.439382051463223,0,0.041694204362833921,1.4903207682240296e-05,0,0,5.8192148635483221e-06,3.8411435776403097e-05,8.2391865614100951e-05
3830,9.5999999999999996,459462.01127455558,20.446978292766111,18.329282522332541,0,0.041153386676842152,1.4709897402892488e-05,0,0,5.7437335259166956e-06,3.7913199051906842e-05,8.1323156454472933e-05
3831,9.5999999999999996,457927.28135446727,20.51550574382447,18.211261763989153,0,0.040740544646735023,1.4562330837978524e-05,0,0,5.6861136117197383e-06,3.75328618955179e-05,8.0507339829974402e-05
3832,9.5999999999999996,457945.0063868126,20.514711679039792,18.142144626333227,0,0.040837661360985815,1.4597044309167496e-05,0,0,5.6996680861533836e-06,3.7622332182558194e-05,8.0699252048751913e-05
3833,9.5999999999999996,461909.62748938485,20.338631653866958,18.167586167853752,0,0.041926387755554295,1.4986199488294841e-05,0,0,5.8516204477448598e-06,3.8625338346655188e-05,8.2850682928957683e-05
3834,9.5999999999999996,462803.9149298541,20.2993308133649,18.135116549078685,0,0.042418432673064124,1.5162076392692048e-05,0,0,5.9202946229992736e-06,3.9078642397826429e-05,8.3823012281180766e-05
3835,9.5999999999999996,458661.21362349053,20.482677610044043,18.086130981101206,0,0.042318086317081942,1.5126208515940056e-05,0,0,5.9062893909734301e-06,3.8986196752991397e-05,8.3624717971376915e-05
3836,9.5999999999999996,459494.67584287579,20.445524757492475,18.023070193876624,0,0.043661400711536402,1.5606363820712898e-05,0,0,6.0937743234739269e-06,4.022374608097666e-05,8.6279239882917151e-05
3837,9.5999999999999996,459901.49889417755,20.427438904788563,17.936870824795655,0,0.045405327697262049,1.6229714390608894e-05,0,0,6.3371723206623286e-06,4.1830366004167923e-05,8.9725411840015161e-05
3838,9.5999999999999996,460521.29738217779,20.399946374434645,17.846872685144039,0,0.04809817309592089,1.7192247069806665e-05,0,0,6.7130098311409223e-06,4.4311191808786685e-05,9.504674029792482e-05
3839,9.5999999999999996,460610.06729892694,20.396014846077126,17.780565629871695,0,0.05228130790921983,1.8687469915238275e-05,0,0,7.296845418215334e-06,4.8164969970057895e-05,0.0001033130278227737
3840,9.5999999999999996,460725.8157231994,20.390890742978701,17.727432082944414,0,0.058915545861267384,2.1058816905154667e-05,0,0,8.2227788108497497e-06,5.4276865110275653e-05,0.00011642293722505778
3841,9.5999999999999996,455892.43066331593,20.607075570902758,17.716588945982746,1,0.13759523187779302,4.9182142892470376e-05,0,0,1.9204017218526637e-05,0.0001267617524589191,0.00027190176733823718
3842,9.6999999999999993,570300.8760943315,23.268838563479544,18.821758337431497,1,0.1111111111111111,0,0,0,0,0,0
3843,9.6999999999999993,574704.89017706015,23.090527408530555,18.71349120831163,0,0.1111111111111111,0,0,0,0,0,0
3844,9.6999999999999993,574274.63371637813,23.107827229930962,18.568539815924218,0,0.1111111111111111,0,0,0,0,0,0
3845,9.6999999999999993,570964.27436772594,23.241802708488443,18.43242256956071,0,0.1111111111111111,0,0,0,0,0,0
3846,9.6999999999999993,575795.30799965491,23.046799503371265,18.264551651790601,0,0.1111111111111111,0,0,0,0,0,0
3847,9.6999999999999993,574167.96186109702,23.112120320047211,18.103181512711643,0,0.1111111111111111,0,0,0,0,0,0
3848,9.6999999999999993,572549.52217011247,23.177451913944971,17.963471661266354,0,0.1111111111111111,0,0,0,0,0,0
3849,9.6999999999999993,570611.61605952238,23.256166970610163,17.849972985518317,0,0.1111111111111111,0,0,0,0,0,0
3850,9.6999999999999993,576816.42496478814,23.006000599341526,17.824223183542404,1,0.1111111111111111,0,0,0,0,0,0
3851,9.8000000000000007,676341.38392618322,27.714866020565918,18.367833263593031,1,1,0,0,0,0,0,0
