Mw,ecp_raw,ecp_edge_corrected,is_edge_touching
7.2000000000000002,0.0041628715086685563,0.020215009953256365,1
7.2000000000000002,0.002504291203690015,0.012160901796519194,1
7.2000000000000002,0.0036946192250581632,0.017941164951288811,1
7.2000000000000002,0.0036729453123875589,0.017835915879956699,1
7.2000000000000002,0.0034366331847521846,0.0025356719712383989,0
7.2000000000000002,0.0018755831207541793,0.0013838729050645428,0
7.2000000000000002,0.0018766268139308714,0.0013846429795509479,0
7.2000000000000002,0.0022774176137633473,0.0016803608938091472,0
7.2000000000000002,0.0017589210706620247,0.0012977954348712211,0
7.2000000000000002,0.0014246731277201712,0.0010511752415604634,0
7.2000000000000002,0.0018058859588280299,0.0013324478240418951,0
7.2000000000000002,0.002904406152226468,0.0021429756617519493,0
7.2000000000000002,0.001956826351844698,0.0014438170925452117,0
7.2000000000000002,0.002961692445158896,0.002185243555797029,0
7.2000000000000002,0.0026471648231831233,0.0019531737268834305,0
7.2000000000000002,0.001802312996189266,0.0013298115632801727,0
7.2000000000000002,0.0027117855792009034,0.0020008532524497693,0
7.2000000000000002,0.0024989441440511871,0.0018438111614224699,0
7.2000000000000002,0.0017224002099209595,0.0012708490259971251,0
7.2000000000000002,0.002586403716788397,0.0019083419900806414,0
7.2000000000000002,0.0025587734430605759,0.0018879553771130042,0
7.2000000000000002,0.0017382040055911627,0.0012825096367070231,0
7.2000000000000002,0.0026210526973369781,0.0019339072582037671,0
7.2000000000000002,0.0027238017416113753,0.0020097192106676171,0
7.2000000000000002,0.0018225835297629924,0.0013447678943931342,0
7.2000000000000002,0.0027348309804271199,0.0020178569810451082,0
7.2000000000000002,0.0029276516451383237,0.0021601270252130642,0
7.2000000000000002,0.0019447332945854098,0.0014348943985332322,0
7.2000000000000002,0.0029166192464359073,0.0021519869233571653,0
7.2000000000000002,0.0030963286083559977,0.0022845829752173728,0
7.2000000000000002,0.0020653472197732729,0.0015238877047716935,0
7.2000000000000002,0.003101807894362056,0.002288625790147289,0
7.2000000000000002,0.0033243350280616497,0.0024528143390635934,0
7.2000000000000002,0.0021995792824114156,0.0016229289642180663,0
7.2000000000000002,0.0032702178083027413,0.002412884701558825,0
7.2000000000000002,0.0030888171246745925,0.0022790407315127314,0
7.2000000000000002,0.0020309370746996033,0.0014984986580801006,0
7.2000000000000002,0.0020177726158653502,0.0014887854453256399,0
7.2000000000000002,0.0020370171103117857,0.0015029847277468731,0
7.2000000000000002,0.0032167869313607694,0.0023734614725503976,0
7.2000000000000002,0.0021029914742629473,0.0015516629940900719,0
7.2000000000000002,0.0017551816205942726,0.001295036333676856,0
7.2000000000000002,0.0020738341442209127,0.0015301496638714829,0
7.2000000000000002,0.0032924444192576493,0.0024292842971467502,0
7.2000000000000002,0.0017930824030122244,0.0013230008985572756,0
7.2000000000000002,0.0014364195310648388,0.0010598421618055701,0
7.2000000000000002,0.0021087337293884153,0.0015558998371252705,0
7.2000000000000002,0.0034320627651772298,0.0025322997507569024,0
7.2000000000000002,0.0018533760222634037,0.0013674877064767425,0
7.2000000000000002,0.0018430178648413853,0.0013598450841668548,0
7.2000000000000002,0.0021526442631037987,0.0015882986133688996,0
7.2000000000000002,0.0035649541095611552,0.0026303517798968142,0
7.2000000000000002,0.0019686012517660359,0.0014525050385928565,0
7.2000000000000002,0.0022662033371191538,0.0016720865958449191,0
7.2000000000000002,0.0021931921892819222,0.0016182163364351525,0
7.2000000000000002,0.0032635943931296671,0.0024079977068447089,0
7.2000000000000002,0.0016291477701656674,0.0012020440110231041,0
7.2000000000000002,0.0023279162430808486,0.0017176206047129689,0
7.2000000000000002,0.0022363246102233814,0.0016500409929967466,0
7.2000000000000002,0.00336710783448723,0.0024843736590590354,0
7.2000000000000002,0.0021388237670590532,0.0015781013526880801,0
7.2000000000000002,0.0024404880019302266,0.0018006801104332338,0
7.2000000000000002,0.002327024882888253,0.0017169629269990158,0
7.2000000000000002,0.0027964884450712613,0.0020633500833085218,0
7.2000000000000002,0.0013212065646535168,0.00097483387784072582,0
7.2000000000000002,0.0026020024312929059,0.0019198512845063382,0
7.2000000000000002,0.0024668261791585097,0.0018201133679794802,0
7.2000000000000002,0.0030272779769068888,0.0022336349277101018,0
7.2000000000000002,0.0028167073691158853,0.0020782683350486324,0
7.2000000000000002,0.0013431806038847183,0.00099104711689709888,0
7.2000000000000002,0.0032929219159031691,0.0024296366114018118,0
7.2000000000000002,0.0047804517344434347,0.0035271897875712036,0
7.2000000000000002,0.0044817730939957353,0.0033068139091239281,0
7.2000000000000002,0.0042618419103551226,0.003144540745833444,0
7.2000000000000002,0.0020216322359590537,0.001491633212301369,0
7.2000000000000002,0.0048502674968068059,0.0035787023762760143,0
7.2000000000000002,0.0046646019184766333,0.0034417116130242369,0
7.2000000000000002,0.00439989191234665,0.0032463990187013301,0
7.2000000000000002,0.0041505153917689337,0.0030624000233126303,0
7.2000000000000002,0.0055070996554803129,0.0040633368440877206,0
7.2000000000000002,0.0053138241645627514,0.003920731212732757,0
7.2000000000000002,0.0049844577974978493,0.0036777128222508777,0
7.2000000000000002,0.0046284123939205352,0.0034150096759433504,0
7.2000000000000002,0.0058659997482579732,0.0043281462830959154,0
7.2000000000000002,0.0055573947947980392,0.0041004464127269704,0
7.2000000000000002,0.0052067989506948157,0.00384176414804142,0
7.2000000000000002,0.0048714895790855431,0.0035943607943592312,0
7.2000000000000002,0.0022613471016737362,0.0016685034901008102,0
7.2000000000000002,0.0020105563969626456,0.0014834610586290631,0
7.2000000000000002,0.0018631263100040369,0.0013746818206013243,0
7.2000000000000002,0.0017267757473138688,0.0012740774553725766,0
7.2000000000000002,0.0064730270417376438,0.0047760329242080369,0
7.2000000000000002,0.0055374721824837129,0.0040857467904735923,0
7.2000000000000002,0.004925930425444325,0.0036345292152471344,0
7.2000000000000002,0.0044722686206799559,0.0032998011657519744,0
7.2000000000000002,0.0071820005315914176,0.0052991391476331943,0
7.2000000000000002,0.0067488045893164322,0.0049795115499732187,0
7.2000000000000002,0.006238439674604147,0.0046029458998825372,0
7.2000000000000002,0.0058451516566571139,0.004312763808829923,0
7.2000000000000002,0.0071644149216885293,0.0052861638500874067,0
7.2000000000000002,0.0068315088743843254,0.0050405337557990907,0
7.2000000000000002,0.00627254407615586,0.0046281093579711762,0
7.2000000000000002,0.0059204778056036371,0.0043683421595926619,0
7.2000000000000002,0.0072170643660296237,0.0053250105099256796,0
7.2000000000000002,0.0068891132947613912,0.0050830363757521395,0
7.2000000000000002,0.0065702304421288221,0.0048477531005057424,0
7.2000000000000002,0.0062518423855306426,0.0046128349036277461,0
7.2000000000000002,0.0076547656857015711,0.005647962337601245,0
7.2000000000000002,0.0071940390856440727,0.0053080216272126252,0
7.2000000000000002,0.0069844251787836969,0.0051533609230193841,0
7.2000000000000002,0.0066545080551750685,0.0049099361644860352,0
7.2000000000000002,0.0087043204185242931,0.0064223616916280514,0
7.2000000000000002,0.0076692139134171469,0.0056586227613598817,0
7.2000000000000002,0.0073412016736950974,0.005416603494893913,0
7.2000000000000002,0.0068279367365241834,0.0050378981035887971,0
7.2000000000000002,0.007785361553823306,0.0057443206815249084,0
7.2000000000000002,0.0075152322553627944,0.0055450095377707048,0
7.2000000000000002,0.0072420443695608051,0.005343441657909842,0
7.2000000000000002,0.006571505621083158,0.0048486939735518297,0
7.2000000000000002,0.0077014526668036359,0.0056824096769121394,0
7.2000000000000002,0.0075145848383966901,0.0055445318501717092,0
7.2000000000000002,0.0071383456462664101,0.0052669289979968047,0
7.2000000000000002,0.0063741661743434153,0.0047030898089474131,0
7.2000000000000002,0.0078930309551074242,0.0058237630509367748,0
7.2000000000000002,0.0080145845516610293,0.005913449680615997,0
7.2000000000000002,0.0071133857861488577,0.0052485127125500722,0
7.2000000000000002,0.0062537548212070445,0.0046142459676781567,0
7.2000000000000002,0.0080750553300853196,0.0059580672029659991,0
7.2000000000000002,0.0076921380308353337,0.0056755370023852487,0
7.2000000000000002,0.0070954861311742015,0.0052353057012183265,0
7.2000000000000002,0.0064512424094946763,0.004759959436462147,0
7.2000000000000002,0.010685793832185691,0.0078843642757466092,0
7.2000000000000002,0.0092670557743561137,0.0068375681429125833,0
7.2000000000000002,0.0084660641787645836,0.0062465676406912732,0
7.2000000000000002,0.0074477963396650275,0.0054952528858102029,0
7.2000000000000002,0.013263901019601274,0.0097865847870838851,0
7.2000000000000002,0.010833499292560738,0.0079933466942175724,0
7.2000000000000002,0.0093813960693441105,0.0069219325384118095,0
7.2000000000000002,0.0079019531513192156,0.0058303461692505078,0
7.2000000000000002,0.013119540706274723,0.0096800705388116401,0
7.2000000000000002,0.011487673962975019,0.008476020371298772,0
7.2000000000000002,0.0094408925117127687,0.0069658311604620078,0
7.2000000000000002,0.0077388035842855677,0.0057099685316014297,0
7.2000000000000002,0.013717924579000089,0.010121579752201898,0
7.2000000000000002,0.011714787231849601,0.0086435927362333593,0
7.2000000000000002,0.0096878892919090541,0.0071480742975266985,0
7.2000000000000002,0.0079618842627433069,0.0058745655058144103,0
7.2000000000000002,0.014535333463156915,0.010724693522328396,0
7.2000000000000002,0.012352974713301211,0.0091144704884159131,0
7.2000000000000002,0.010496234209878835,0.0077445003463360862,0
7.2000000000000002,0.0085293809296727342,0.0062932850242339855,0
7.2000000000000002,0.01566968948662081,0.011561662328561425,0
7.2000000000000002,0.013025113518306335,0.009610398752216363,0
7.2000000000000002,0.011082388621131874,0.0081769862217639742,0
7.2000000000000002,0.0088539836791881703,0.0065327886457974141,0
7.2000000000000002,0.016570225011252739,0.012226109933573511,0
7.2000000000000002,0.013158794655302692,0.0097090335188446172,0
7.2000000000000002,0.011653334696173001,0.0085982508379568584,0
7.2000000000000002,0.009316110519713287,0.0068737625041293427,0
7.2000000000000002,0.018280445654460385,0.013487972435761868,0
7.2000000000000002,0.013618725238762393,0.010048386899463906,0
7.2000000000000002,0.011272916163145829,0.0083175643172608248,0
7.2000000000000002,0.0095110383321862571,0.0070175872779502848,0
7.2000000000000002,0.020095157731850534,0.014826932488560702,0
7.2000000000000002,0.014413554489285626,0.010634840601131667,0
7.2000000000000002,0.011483429796843789,0.008472888872380591,0
7.2000000000000002,0.0099753339704402606,0.0073601613535055187,0
7.2000000000000002,0.016299826209092996,0.079152370753463583,1
7.2000000000000002,0.013120620295016665,0.063714065952876597,1
7.2000000000000002,0.010943905916803356,0.053143885554718731,1
7.2000000000000002,0.0092609158430705784,0.044971242939904704,1
7.2999999999999998,0.004053013511089624,0.019589440627312514,1
7.2999999999999998,0.0037563941099791982,0.018155789313034132,1
7.2999999999999998,0.0036945772321192319,0.017857009638283409,1
7.2999999999999998,0.0036729035657937135,0.017752254251088614,1
7.2999999999999998,0.0022910627493835886,0.0016825187198588796,0
7.2999999999999998,0.0018755618029288089,0.0013773816734303876,0
7.2999999999999998,0.0018766054842429133,0.0013781481357846028,0
7.2999999999999998,0.0022773917286983514,0.001672478947605292,0
7.2999999999999998,0.0017589010788142576,0.0012917079605441583,0
7.2999999999999998,0.0014246569349251888,0.0010462445705746474,0
7.2999999999999998,0.0018058654331786553,0.0013261978082820456,0
7.2999999999999998,0.002904373140827254,0.0021329237622199322,0
7.2999999999999998,0.001956804110611032,0.0014370446850858526,0
7.2999999999999998,0.0029616587826452765,0.0021749933933393269,0
7.2999999999999998,0.0038595378575276302,0.0028343809863092648,0
7.2999999999999998,0.0026435048582387705,0.0019413463953448214,0
7.2999999999999998,0.003973596807688295,0.0029181439992884608,0
7.2999999999999998,0.0025288300506174583,0.0018571311067976247,0
7.2999999999999998,0.0017302824411906271,0.0012706909047906347,0
7.2999999999999998,0.0026036986131606015,0.0019121133450805592,0
7.2999999999999998,0.0026412575715349658,0.0019396960250312807,0
7.2999999999999998,0.0017803735317712356,0.0013074769760681221,0
7.2999999999999998,0.0026779114014698967,0.0019666139935751972,0
7.2999999999999998,0.0028256945762441675,0.0020751435212386297,0
7.2999999999999998,0.0018836370025652942,0.0013833119669409602,0
7.2999999999999998,0.0028256929963187899,0.0020751423609674741,0
7.2999999999999998,0.0014638091847657432,0.0010749973375161243,0
7.2999999999999998,0.00097235559540054738,0.00071408192205172738,0
7.2999999999999998,0.0014582930481115029,0.001070946377679011,0
7.2999999999999998,0.0030962934155715073,0.0022738668485952594,0
7.2999999999999998,0.0020653237450944527,0.0015167397159354982,0
7.2999999999999998,0.0031017726393001541,0.0022778907001882475,0
7.2999999999999998,0.0033242972437625608,0.0024413091018614121,0
7.2999999999999998,0.0021298629731115477,0.0015641362611995765,0
7.2999999999999998,0.0031509079501030536,0.0023139748625509785,0
7.2999999999999998,0.0031458972118726309,0.0023102950589859008,0
7.2999999999999998,0.0031847765912822843,0.0023388474343806111,0
7.2999999999999998,0.0020805038636223165,0.0015278877447704479,0
7.2999999999999998,0.0020533776992237955,0.0015079667367532033,0
7.2999999999999998,0.0020369939576321983,0.0014959347869794098,0
7.2999999999999998,0.0021909902508974064,0.0016090271264525657,0
7.2999999999999998,0.0021484479936870423,0.00157778479397575,0
7.2999999999999998,0.002106194005498789,0.0015467541615172722,0
7.2999999999999998,0.0020738105730799461,0.0015229723025207659,0
7.2999999999999998,0.0022618582673796551,0.0016610714296488582,0
7.2999999999999998,0.0022210955685363575,0.0016311359755045881,0
7.2999999999999998,0.002154604807140846,0.0015823062562942706,0
7.2999999999999998,0.0021087097615797388,0.0015486016913162427,0
7.2999999999999998,0.0023682861381573426,0.0017392303037112816,0
7.2999999999999998,0.0022963387597359866,0.0016863933348978907,0
7.2999999999999998,0.0022115963005821648,0.0016241598696942231,0
7.2999999999999998,0.002152619796209222,0.0015808484969847621,0
7.2999999999999998,0.0024619823826277165,0.001808039281267349,0
7.2999999999999998,0.0023622946520390235,0.001734830255062872,0
7.2999999999999998,0.0022661775795153132,0.0016642434612866271,0
7.2999999999999998,0.0021931672615207488,0.0016106258871709663,0
7.2999999999999998,0.0025292762674540021,0.0018574588010874481,0
7.2999999999999998,0.0024436938799764145,0.0017946085063672364,0
7.2999999999999998,0.0023278897840498421,0.0017095638871025682,0
7.2999999999999998,0.0022362991922203162,0.0016423012661387413,0
7.2999999999999998,0.002678162702315242,0.0019667985447738589,0
7.2999999999999998,0.0025665593486974185,0.0018848388814204488,0
7.2999999999999998,0.0024404602634117531,0.0017922337916614294,0
7.2999999999999998,0.0023269984339884214,0.0017089092943094676,0
7.2999999999999998,0.0029118501146058206,0.0021384147285209284,0
7.2999999999999998,0.0027295292251058962,0.0020045212724436215,0
7.2999999999999998,0.0026019728570059386,0.001910845978205988,0
7.2999999999999998,0.0024667981412810494,0.0018115758950448353,0
7.2999999999999998,0.003903820484456237,0.0028669014176208704,0
7.2999999999999998,0.0036491987543932521,0.002679911415959376,0
7.2999999999999998,0.0034740620725209814,0.0025512939235474608,0
7.2999999999999998,0.0032928844886446354,0.0024182400922751527,0
7.2999999999999998,0.0048153048843822092,0.0035362805370480451,0
7.2999999999999998,0.0045731355275147054,0.003358435353010468,0
7.2999999999999998,0.0043308176868385216,0.0031804811249112361,0
7.2999999999999998,0.0040968433667069705,0.003008654240774821,0
7.2999999999999998,0.00517862471537066,0.0038030966323725837,0
7.2999999999999998,0.0049891563342635984,0.0036639541762701678,0
7.2999999999999998,0.0046921215237938881,0.003445816707447244,0
7.2999999999999998,0.0043894140023207143,0.0032235132931659341,0
7.2999999999999998,0.0027535185309697139,0.0020221386232574102,0
7.2999999999999998,0.0054355476986948509,0.0039917766364978517,0
7.2999999999999998,0.0050955704573265393,0.0037421029542374822,0
7.2999999999999998,0.0047498969986927804,0.0034882460639073755,0
7.2999999999999998,0.0058659330754686559,0.0043078445632145123,0
7.2999999999999998,0.0027786658148020024,0.0020406063740044437,0
7.2999999999999998,0.0035349224520628921,0.0025959887831293431,0
7.2999999999999998,0.0032990951653499917,0.0024228011108777922,0
7.2999999999999998,0.0022613213992657318,0.0016606771625551199,0
7.2999999999999998,0.0020105335450347869,0.0014765026961113998,0
7.2999999999999998,0.0009315525668812147,0.00068411685045812582,0
7.2999999999999998,0.0030994869549143302,0.0022762121312499359,0
7.2999999999999998,0.0064729534694930617,0.0047536303351480673,0
7.2999999999999998,0.005537409243729534,0.0040665820762007645,0
7.2999999999999998,0.004925874437456677,0.0036174809943224141,0
7.2999999999999998,0.0022361088944998558,0.001642161514629488,0
7.2999999999999998,0.0071819189011739495,0.0052742828623897854,0
7.2999999999999998,0.0067487278825919461,0.0049561545185742113,0
7.2999999999999998,0.0062383687686730282,0.004581355197494856,0
7.2999999999999998,0.0088241218008336501,0.0064802896036837013,0
7.2999999999999998,0.0071643334911486124,0.005261368427125197,0
7.2999999999999998,0.0068314312276452453,0.0050168904919929069,0
7.2999999999999998,0.0062724727825950663,0.0046064006231871886,0
7.2999999999999998,0.0029602052568091209,0.0021739259479235311,0
7.2999999999999998,0.0072169823370775927,0.0053000328717713813,0
7.2999999999999998,0.0068890349932920775,0.0050591937480085865,0
7.2999999999999998,0.0065701557650731058,0.0048250140988492941,0
7.2999999999999998,0.0062517713272646856,0.0045911978156119443,0
7.2999999999999998,0.0076546786818485644,0.0056214698528794307,0
7.2999999999999998,0.007193957318396736,0.0052831236775705386,0
7.2999999999999998,0.0069843457940021716,0.0051291884290545842,0
7.2999999999999998,0.0066544324202223561,0.00488690548526979,0
7.2999999999999998,0.0087042214854615042,0.0063922367883756546,0
7.2999999999999998,0.0076691267453459873,0.0056320802725663924,0
7.2999999999999998,0.0073411182338018943,0.0053911962282099163,0
7.2999999999999998,0.006827859130385922,0.0050142672026440736,0
7.2999999999999998,0.0077852730656213093,0.0057173762157519421,0
7.2999999999999998,0.0075151468374428602,0.0055189999662330694,0
7.2999999999999998,0.007241962056686751,0.0053183775661148885,0
7.2999999999999998,0.0065714309295337933,0.0048259505586108527,0
7.2999999999999998,0.0077013651323077055,0.0056557556125699498,0
7.2999999999999998,0.0075144994278352794,0.0055185245192884303,0
7.2999999999999998,0.0071382645120291492,0.0052422237985514462,0
7.2999999999999998,0.0063740937257486911,0.0046810293688344618,0
7.2999999999999998,0.0078929412431380207,0.0057964459506396901,0
7.2999999999999998,0.0080144934581168423,0.0058857118937908339,0
7.2999999999999998,0.0071133049356046701,0.0052238938970307512,0
7.2999999999999998,0.0062536837412043968,0.0045926022608871993,0
7.2999999999999998,0.0080749635492319526,0.0059301201319851473,0
7.2999999999999998,0.0076920506022092961,0.005648915175195863,0
7.2999999999999998,0.007095405484076992,0.0052107488348631485,0
7.2999999999999998,0.006451169084853616,0.0047376322421380287,0
7.2999999999999998,0.010685672377751421,0.0078473816636767946,0
7.2999999999999998,0.0092669504452589854,0.0068054956610628893,0
7.2999999999999998,0.008465967953715561,0.0062172673217633168,0
7.2999999999999998,0.0074477116882198284,0.0054694767041684423,0
7.2999999999999998,0.01326375026247271,0.0097406795680946446,0
7.2999999999999998,0.010833376159310329,0.0079558528862714931,0
7.2999999999999998,0.009381289440658384,0.0068894643346494614,0
7.2999999999999998,0.0079018633379403791,0.0058029981900008173,0
7.2999999999999998,0.013119391589941449,0.0096346649384328551,0
7.2999999999999998,0.011487543394393576,0.00843626252116343,0
7.2999999999999998,0.0094407852067921391,0.0069331570446371383,0
7.2999999999999998,0.0077387156252601529,0.0056831851989509255,0
7.2999999999999998,0.013717768661452428,0.010074103196779306,0
7.2999999999999998,0.011714654081905087,0.0086030488666360462,0
7.2999999999999998,0.0096877791796299191,0.0071145453471197712,0
7.2999999999999998,0.0079617937681891304,0.0058470101101500372,0
7.2999999999999998,0.014535168254962705,0.010674387985162384,0
7.2999999999999998,0.012352834309735605,0.0090717179069133361,0
7.2999999999999998,0.010496114909973937,0.0077081737837920239,0
7.2999999999999998,0.0085292839849672904,0.0062637655714847034,0
7.2999999999999998,0.015669511385367717,0.011507430882901983,0
7.2999999999999998,0.013024965475229843,0.0095653199562019831,0
7.2999999999999998,0.011082262659012307,0.0081386310292889189,0
7.2999999999999998,0.0088538830450569407,0.0065021457708905796,0
7.2999999999999998,0.016570036674538022,0.012168761812027789,0
7.2999999999999998,0.013158645092810129,0.0096634920639292465,0
7.2999999999999998,0.011653202244696291,0.0085579196502925236,0
7.2999999999999998,0.0093160046330612954,0.0068415202480311263,0
7.2999999999999998,0.0182802378794256,0.013424705387873862,0
7.2999999999999998,0.013618570448711663,0.010001253664413691,0
7.2999999999999998,0.011272788035495541,0.0082785497253732784,0
7.2999999999999998,0.0095109302299901909,0.006984670393482521,0
7.2999999999999998,0.020094929330848957,0.014757384878476712,0
7.2999999999999998,0.014413390665227835,0.010584956530505221,0
7.2999999999999998,0.01148329927650142,0.0084331457109386703,0
7.2999999999999998,0.009975220591072937,0.0073256375818242358,0
7.2999999999999998,0.016299640945723514,0.07878109650488703,1
7.2999999999999998,0.013120471166412816,0.063415207033867216,1
7.2999999999999998,0.01094378152867434,0.052894607409440908,1
7.2999999999999998,0.009260810583759738,0.044760299612861841,1
7.4000000000000004,0.0041644365859970917,0.020133946041986307,1
7.4000000000000004,0.0029736193694658449,0.014376660731380983,1
7.4000000000000004,0.0036173460631172597,0.017488908510430938,1
7.4000000000000004,0.0043299985416181902,0.020934394172782565,1
7.4000000000000004,0.0039795780661028238,0.0029234024930315677,0
7.4000000000000004,0.0028902878768442396,0.0021232087031326625,0
7.4000000000000004,0.0030962329821937235,0.0022744962075881094,0
7.4000000000000004,0.0026989983720684682,0.0019826872192307519,0
7.4000000000000004,0.0019453032039027502,0.0014290219067270983,0
7.4000000000000004,0.0026584775091816884,0.0019529205480873944,0
7.4000000000000004,0.0024682925109227086,0.0018132104359065869,0
7.4000000000000004,0.0018802763189081537,0.0013812530843671327,0
7.4000000000000004,0.0028378055154110685,0.0020846551017946781,0
7.4000000000000004,0.0025740218517497078,0.0018908793277906258,0
7.4000000000000004,0.0017630191804031024,0.0012951158594308452,0
7.4000000000000004,0.002650090604263319,0.001946759518365168,0
7.4000000000000004,0.0025298095458326738,0.001858400918473453,0
7.4000000000000004,0.0017309526338639956,0.0012715597385209872,0
7.4000000000000004,0.0026047071073189306,0.0019134207508109372,0
7.4000000000000004,0.0026422806134562046,0.0019410222903935525,0
7.4000000000000004,0.0017810631262954863,0.0013083709622406716,0
7.4000000000000004,0.0026789486405694044,0.0019679586640735528,0
7.4000000000000004,0.0028267890564036453,0.0020765623987011013,0
7.4000000000000004,0.0018843665942714532,0.0013842578052183474,0
7.4000000000000004,0.0028267874758663132,0.0020765612376366111,0
7.4000000000000004,0.0030131225175623307,0.0022134431674253972,0
7.4000000000000004,0.0020057940741162266,0.0014734585675615728,0
7.4000000000000004,0.0030103449173372533,0.0022114027391971383,0
7.4000000000000004,0.0032115387777643346,0.0023591999738248695,0
7.4000000000000004,0.0021332649741052376,0.0015670988330939901,0
7.4000000000000004,0.0031872106679048441,0.0023413285171446324,0
7.4000000000000004,0.0032077816239111795,0.002356439964407145,0
7.4000000000000004,0.0021160534331321544,0.00155445521586778,0
7.4000000000000004,0.0031496220560818283,0.0023137158809083962,0
7.4000000000000004,0.0015449891997223024,0.0011349507920567388,0
7.4000000000000004,0.0024123649345057833,0.0017721259757928129,0
7.4000000000000004,0.0032394651556825441,0.0023797147222407457,0
7.4000000000000004,0.002860441171366281,0.0021012832799461563,0
7.4000000000000004,0.002552735845589643,0.0018752426038863863,0
7.4000000000000004,0.0019549984632557878,0.001436144055078623,0
7.4000000000000004,0.0027904908944352239,0.0020498977283696395,0
7.4000000000000004,0.002927717555509894,0.002150704586893953,0
7.4000000000000004,0.0014350052256501137,0.0010541564418378412,0
7.4000000000000004,0.0020018861380760506,0.0014705877933808202,0
7.4000000000000004,0.0024875601902304076,0.0018273644946503625,0
7.4000000000000004,0.0035538051745178131,0.0026106292512331443,0
7.4000000000000004,0.0016686655374268003,0.0012258035678959656,0
7.4000000000000004,0.0020528040714453827,0.0015079921641154522,0
7.4000000000000004,0.0021724701168469476,0.0015958989747489605,0
7.4000000000000004,0.0024629359856439179,0.0018092755264528973,0
7.4000000000000004,0.0035448144643045192,0.0026040246654667424,0
7.4000000000000004,0.0022994438507367202,0.0016891740215094822,0
7.4000000000000004,0.0022172870154555267,0.001628821518532746,0
7.4000000000000004,0.0025302559355029975,0.0018587288368239444,0
7.4000000000000004,0.0024446403992817766,0.0017958355682728747,0
7.4000000000000004,0.0023920576960766342,0.0017572082557571057,0
7.4000000000000004,0.0022887675702445258,0.0016813312139332135,0
7.4000000000000004,0.0026792000387514513,0.0019681433414589266,0
7.4000000000000004,0.0025675534576534561,0.0018861276382615374,0
7.4000000000000004,0.001627603686823981,0.0011956394865720562,0
7.4000000000000004,0.0023997782591786022,0.0017628797900366192,0
7.4000000000000004,0.0029129779655082508,0.002139876867612832,0
7.4000000000000004,0.0027305864574078968,0.0020058918620088273,0
7.4000000000000004,0.0021691505689373056,0.0015934604311461989,0
7.4000000000000004,0.0016451690730611074,0.0012085430389245208,0
7.4000000000000004,0.0039053325566038503,0.0028688616588123622,0
7.4000000000000004,0.0036506122035566018,0.0026817438029102573,0
7.4000000000000004,0.0034754076857529052,0.0025530383684069183,0
7.4000000000000004,0.0027451332717618885,0.0020165779680838291,0
7.4000000000000004,0.0048171700030337789,0.0035386984655930531,0
7.4000000000000004,0.0045749068463768168,0.0033607316800754543,0
7.4000000000000004,0.0043324951483987373,0.0031826557759374254,0
7.4000000000000004,0.0040984302026725577,0.0030107114053279775,0
7.4000000000000004,0.0051806305591911512,0.00380569699617588,0
7.4000000000000004,0.0049910887910359228,0.0036664594015478544,0
7.4000000000000004,0.0046939389296652891,0.0034481727814324728,0
7.4000000000000004,0.0043911141600722504,0.003225717367397349,0
7.4000000000000004,0.005688687622772407,0.0041789162826441672,0
7.4000000000000004,0.0054376530568471899,0.0039945060100793775,0
7.4000000000000004,0.0050975441316272411,0.0037446616136697928,0
7.4000000000000004,0.0047517367828181908,0.0034906311489258219,0
7.4000000000000004,0.0040652012076838025,0.0029863013484884115,0
7.4000000000000004,0.0037853982231232227,0.0027807577634562648,0
7.4000000000000004,0.0035362916384291758,0.0025977637880576828,0
7.4000000000000004,0.003300373008409557,0.0024244576988954841,0
7.4000000000000004,0.0011310986399938848,0.00083090632451417808,0
7.4000000000000004,0.0037754331719034519,0.0027734374256980477,0
7.4000000000000004,0.0033958045779983468,0.0024945618365240724,0
7.4000000000000004,0.0031006874834517148,0.0022777684891884492,0
7.4000000000000004,0.0064754606474468094,0.0047568806254910867,0
7.4000000000000004,0.0061454479663408338,0.0045144529412863574,0
7.4000000000000004,0.0055842837338887967,0.0041022210692384323,0
7.4000000000000004,0.0051606496124826321,0.003791018970402656,0
7.4000000000000004,0.010763856859467721,0.0079071412735014866,0
7.4000000000000004,0.0067927095659544561,0.0049899320354324086,0
7.4000000000000004,0.0062578436963508424,0.0045970189701114023,0
7.4000000000000004,0.0058850264400299888,0.0043231469971359111,0
7.4000000000000004,0.0071934430815146881,0.0052843113236310029,0
7.4000000000000004,0.0068628902939774266,0.0050414868766384862,0
7.4000000000000004,0.0064238014503072861,0.0047189317215627904,0
7.4000000000000004,0.0060884482543929813,0.0044725808892138591,0
7.4000000000000004,0.007438710639902606,0.0054644851460164427,0
7.4000000000000004,0.0070442235482173834,0.0051746944877744463,0
7.4000000000000004,0.0067798758213862406,0.004980504352335745,0
7.4000000000000004,0.0064556013625514334,0.0047422919726217089,0
7.4000000000000004,0.0038288217895255739,0.0028126567638448335,0
7.4000000000000004,0.0074344205012489752,0.0054613336053688805,0
7.4000000000000004,0.0071655063647263501,0.0052637889802695809,0
7.4000000000000004,0.006743756832551886,0.0049539713027887278,0
7.4000000000000004,0.0087075929035190774,0.006396607474364829,0
7.4000000000000004,0.0038360486193684202,0.0028179656011206363,0
7.4000000000000004,0.007294364387498988,0.0053584482277484365,0
7.4000000000000004,0.0067022400126669351,0.0049234730005219074,0
7.4000000000000004,0.0077882885461258468,0.00572128546644905,0
7.4000000000000004,0.011276600789099665,0.0082838035370064109,0
7.4000000000000004,0.0071928982408073451,0.0052839110830387353,0
7.4000000000000004,0.0064752694315597537,0.0047567401580868446,0
7.4000000000000004,0.0077043481126372387,0.0056596227302366502,0
7.4000000000000004,0.0077675038760428262,0.0057060170245870605,0
7.4000000000000004,0.007128544763796635,0.0052366369469360125,0
7.4000000000000004,0.0063163343006677171,0.0046399862333836939,0
7.4000000000000004,0.0078959984269055677,0.0058004092651948629,0
7.4000000000000004,0.004008798861435345,0.0029448681219260173,0
7.4000000000000004,0.0071071069494974886,0.0052208887046032134,0
7.4000000000000004,0.0063548869070725088,0.0046683070211166015,0
7.4000000000000004,0.0080780912359492089,0.0059341748461381235,0
7.4000000000000004,0.0076950299747290986,0.0056527776157198383,0
7.4000000000000004,0.0077837004229648387,0.0057179150260494825,0
7.4000000000000004,0.0069521321228221949,0.005107044023801824,0
7.4000000000000004,0.010689811273903345,0.0078527473036279771,0
7.4000000000000004,0.009270539825897102,0.0068101489124238659,0
7.4000000000000004,0.0042346235443527988,0.0031107591862708007,0
7.4000000000000004,0.0076777601990638935,0.0056400912192237406,0
7.4000000000000004,0.013268887729071043,0.0097473397487360652,0
7.4000000000000004,0.010837572265770741,0.0079612926933207567,0
7.4000000000000004,0.0093849231083765593,0.0068941749995133066,0
7.4000000000000004,0.0078233185250612767,0.0057470185281077611,0
7.4000000000000004,0.013124473141896967,0.0096412526316693413,0
7.4000000000000004,0.011491992880347227,0.0084420308078560144,0
7.4000000000000004,0.009444441919087089,0.0069378975843510061,0
7.4000000000000004,0.0078532953466535632,0.0057690395347372086,0
7.4000000000000004,0.013723081983620539,0.010080991355518319,0
7.4000000000000004,0.011719191534953119,0.0086089311933380177,0
7.4000000000000004,0.009691531560439455,0.0071194099109176193,0
7.4000000000000004,0.008248732632471183,0.0060595282066503468,0
7.4000000000000004,0.014540798181637539,0.010681686588069996,0
7.4000000000000004,0.012357618950007412,0.0090779206856379281,0
7.4000000000000004,0.010500180384571631,0.0077134442404841463,0
7.4000000000000004,0.0042662938221213172,0.0031340242076991036,0
7.4000000000000004,0.015675580678724536,0.01151529907812009,0
7.4000000000000004,0.013030010452988716,0.0095718602348710356,0
7.4000000000000004,0.011086555167022331,0.00814419581072434,0
7.4000000000000004,0.008857312431731856,0.0065065916070448475,0
7.4000000000000004,0.016576454769591385,0.01217708219165674,0
7.4000000000000004,0.013163741848878804,0.0096700994676861187,0
7.4000000000000004,0.011657715895519854,0.0085637711199345792,0
7.4000000000000004,0.0093196130139253167,0.006846198131170109,0
7.4000000000000004,0.018287318389059504,0.013433884517760645,0
7.4000000000000004,0.013623845348299848,0.010008092012352353,0
7.4000000000000004,0.011277154339961203,0.0082842101760876776,0
7.4000000000000004,0.0095146141116532745,0.0069894461554009966,0
7.4000000000000004,0.020102712727414044,0.014767475226732035,0
7.4000000000000004,0.014418973423621652,0.010592193984738461,0
7.4000000000000004,0.011487747118575061,0.0084389118665151499,0
7.4000000000000004,0.00997908430695898,0.0073306464797422343,0
7.4000000000000004,0.016305954308028021,0.078834963006724379,1
7.4000000000000004,0.01312555313652217,0.063458567122997148,1
7.4000000000000004,0.010948020398598036,0.052930774048312576,1
7.4000000000000004,0.0092643975862368704,0.044790904426304443,1
7.5,0.0058527335084478157,0.027714814372800014,1
7.5,0.0037227364532945602,0.017628506340326661,1
7.5,0.0055215329806141446,0.026146459836268593,1
7.5,0.0034037890076271051,0.0024490338785930535,0
7.5,0.0022496390278499609,0.0016186203614455268,0
7.5,0.0033944819285160036,0.0024423374141521732,0
7.5,0.0030329577209025362,0.0021822199302561542,0
7.5,0.0020453842529293068,0.001471658589571833,0
7.5,0.0031038161322427221,0.0022332027172522182,0
7.5,0.00277370557386132,0.0019956874249277621,0
7.5,0.0018781613004225229,0.0013513412975628991,0
7.5,0.002834613425470158,0.0020395107617233493,0
7.5,0.0025711264774134347,0.0018499313074998179,0
7.5,0.0017610360579654177,0.0012670694210825631,0
7.5,0.0026471096644087619,0.0019046013821542849,0
7.5,0.0025269639034657754,0.0018181562358013852,0
7.5,0.001729005581304987,0.0012440234207831602,0
7.5,0.0026017772168415395,0.0018719845837443661,0
7.5,0.0026393084586268929,0.0018989883969748682,0
7.5,0.001779059707224412,0.0012800374774316048,0
7.5,0.002675935239911277,0.0019253414488321593,0
7.5,0.0028236093582661164,0.0020315933105168782,0
7.5,0.001882246974862055,0.0013542809495498158,0
7.5,0.0028236077795066429,0.0020315921745958712,0
7.5,0.0030097332232548774,0.0021655098517451266,0
7.5,0.0020035378676733417,0.0014415500208682871,0
7.5,0.0030069587473981513,0.0021635136100999382,0
7.5,0.0032079262960168459,0.0023081102152250287,0
7.5,0.002130865382720924,0.0015331624555197472,0
7.5,0.0031836255514980528,0.0022906257746594695,0
7.5,0.0032041733683775575,0.0023054099753124107,0
7.5,0.0021136732020551308,0.0015207926427014218,0
7.5,0.0031460792210185056,0.002263611105079417,0
7.5,0.0031504396132659433,0.0022667484171495834,0
7.5,0.0020654154849125183,0.0014860711062251615,0
7.5,0.0030655148789390241,0.0022056448789951632,0
7.5,0.0032521769709394901,0.002339948675773943,0
7.5,0.0021257511455716315,0.0015294827503401043,0
7.5,0.0031326899618494709,0.0022539775028670725,0
7.5,0.0033597342340672132,0.0024173363695170909,0
7.5,0.0021862356663742799,0.0015730014996645279,0
7.5,0.0031951263455741721,0.0022989006219722805,0
7.5,0.0034958869825908482,0.0025152985795867441,0
7.5,0.0022523042174800107,0.0016205379714037942,0
7.5,0.0032707466465045965,0.0023533095992834558,0
7.5,0.0036155377238414571,0.0026013875581529541,0
7.5,0.0023125283279664672,0.0016638693549175696,0
7.5,0.0033420405545796839,0.0024046057271638697,0
7.5,0.003934029443732996,0.0028305430699423033,0
7.5,0.0025827005097249101,0.0018582588498883795,0
7.5,0.0034206156288008509,0.0024611406705312188,0
7.5,0.0037232810349997719,0.0026789091138743116,0
7.5,0.0035440216539256225,0.0025499315843263612,0
7.5,0.0037714529408635813,0.0027135689089416645,0
7.5,0.0041207725797164051,0.0029649051780498517,0
7.5,0.0044148643631925898,0.0031765048804800362,0
7.5,0.0046429446293177338,0.0033406091470862677,0
7.5,0.002600626443157649,0.0018711565994797344,0
7.5,0.0046488238095219207,0.0033448392305215641,0
7.5,0.0050398185911937413,0.0036261608590131399,0
7.5,0.0047681397337102013,0.0034306873074552301,0
7.5,0.0040097928631876046,0.0028850550213548689,0
7.5,0.0030465071916991656,0.0021919688050963978,0
7.5,0.0053028758383305719,0.0038154311424543107,0
7.5,0.0049826717526557712,0.0035850435796164534,0
7.5,0.0051748031553730377,0.0037232825578086466,0
7.5,0.004154562160195191,0.0029892168575195738,0
7.5,0.0031257726521682584,0.0022490004829283962,0
7.5,0.0045467296732064622,0.0032713822688585498,0
7.5,0.0056822887337579838,0.0040884195776348421,0
7.5,0.0054315365426848691,0.0039080028098230184,0
7.5,0.0042431751559338596,0.0030529741080898461,0
7.5,0.0037394218329342573,0.0026905224544428669,0
7.5,0.0040606284884427014,0.0029216313685403788,0
7.5,0.0037811402387318495,0.0027205389416370671,0
7.5,0.0035323138602108115,0.0025415078003059935,0
7.5,0.0021977737346439005,0.0015813031658437483,0
7.5,0.0043639147104631796,0.0031398464902692219,0
7.5,0.0037711863966451873,0.0027133771297745283,0
7.5,0.0033919848258779635,0.0024405407431642889,0
7.5,0.002580999743477942,0.0018570351447324313,0
7.5,0.0068223978868573202,0.0049087306882758686,0
7.5,0.0061385352929637423,0.0044166900074360605,0
7.5,0.0055780022830151082,0.0040133852407898624,0
7.5,0.0051548446841226331,0.0037089223926669058,0
7.5,0.0071678327961495385,0.0051572718856913689,0
7.5,0.0067850688239235952,0.0048818723431857426,0
7.5,0.0062508045952544382,0.0044974680239993131,0
7.5,0.0058784067003758104,0.0042295268975573157,0
7.5,0.0071853515765907885,0.0051698766877857757,0
7.5,0.0068551706095402766,0.0049323107362648734,0
7.5,0.0064165756725432441,0.0046167406885097894,0
7.5,0.0060815996968286738,0.0043757247174253614,0
7.5,0.0074303432471133444,0.0053461487480510866,0
7.5,0.0070362998920655865,0.0050626336641301879,0
7.5,0.0067722495153224385,0.004872648821694245,0
7.5,0.0064483398148308373,0.0046395950606264074,0
7.5,0.0081734140681180394,0.0058807898820216961,0
7.5,0.0074260579341986046,0.005343065455730365,0
7.5,0.0071574462842648248,0.00514979876693193,0
7.5,0.006736171154734209,0.0048466903597664682,0
7.5,0.008238663074018715,0.0059277366891349464,0
7.5,0.0075865341830083878,0.0054585284791915847,0
7.5,0.0072861593617985923,0.0052424081169215528,0
7.5,0.006694701034815979,0.0048168525148232352,0
7.5,0.0077376049257730055,0.0055672242198105621,0
7.5,0.0075092775777762782,0.0054029421772396821,0
7.5,0.0071848073487445216,0.0051694851146212237,0
7.5,0.0064679857603198044,0.0046537303627769405,0
7.5,0.0077913992877290889,0.0056059293847348672,0
7.5,0.0077587666419885364,0.005582450122422292,0
7.5,0.0071205262593888197,0.005123234725648163,0
7.5,0.0063092294067364392,0.0045395048078155868,0
7.5,0.007978060647935761,0.0057402326549863608,0
7.5,0.0078474767173357385,0.005646277221990164,0
7.5,0.0070991125592972919,0.0051078275200685383,0
7.5,0.0063477386474537541,0.0045672122934864888,0
7.5,0.0093733957689198615,0.0067441794259594113,0
7.5,0.0084732430863289684,0.0060965175378013235,0
7.5,0.0077749449703137397,0.005594090466191734,0
7.5,0.006944312055204232,0.0049964482077499168,0
7.5,0.005338893449214995,0.0038413458948329915,0
7.5,0.010042746796135529,0.0072257790017994589,0
7.5,0.0089170435159202973,0.0064158329492348346,0
7.5,0.0076691239126915325,0.0055179519762310995,0
7.5,0.013253962293618535,0.0095362558049081943,0
7.5,0.0054126908410787981,0.0038944432849536137,0
7.5,0.0094040924598378026,0.0067662657644046807,0
7.5,0.007814518508205727,0.0056225637160835732,0
7.5,0.013109710150399316,0.0094324660620622343,0
7.5,0.01147906617530167,0.008259214039099216,0
7.5,0.0095572242424529722,0.0068764444278510781,0
7.5,0.0078444616105349634,0.0056441078458372568,0
7.5,0.013707645650256494,0.0098626820046727771,0
7.5,0.011706009266749334,0.0084225001059566422,0
7.5,0.010084499704389316,0.0072558203135888151,0
7.5,0.0082394540908944675,0.0059283058275635967,0
7.5,0.014524442044701321,0.010450368855245973,0
7.5,0.012343718550233817,0.0088813333757178491,0
7.5,0.0052441846571810811,0.0037732027050606689,0
7.5,0.0086851695712137997,0.0062489991223211331,0
7.5,0.015657948087931844,0.011265929013422977,0
7.5,0.013015353717327632,0.009364576395359054,0
7.5,0.01107408451636082,0.007967828820822604,0
7.5,0.0090782396154738595,0.0065318139069320182,0
7.5,0.016557808835527679,0.011913380853692774,0
7.5,0.013148934686191877,0.0094606882041553004,0
7.5,0.011644602777851291,0.0083783179985052782,0
7.5,0.0094065207743430999,0.0067680129421756963,0
7.5,0.018266747999454248,0.013142966441851287,0
7.5,0.013608520640719763,0.0097913613364329598,0
7.5,0.011264469294867309,0.0081048110989503167,0
7.5,0.0097358855195297713,0.0070049916202220919,0
7.5,0.020080100301462473,0.01444767751868116,0
7.5,0.014402754320595089,0.010362814262914527,0
7.5,0.011474825189351303,0.0082561626401294764,0
7.5,0.014416376976245154,0.068266769920112935,1
7.5,0.016287612644922168,0.077127749004550966,1
7.5,0.0131107889301985,0.062084337336893197,1
7.5,0.010935705578009569,0.051784529347297756,1
7.5999999999999996,0.0058558793667310132,0.026309563011349596,1
7.5999999999999996,0.0037247374330574103,0.016734670927905728,1
7.5999999999999996,0.0055245008178201171,0.024820730290048547,1
7.5999999999999996,0.0034056185523737518,0.0023248581166399576,0
7.5999999999999996,0.0022508482142172804,0.001536549868892454,0
7.5999999999999996,0.0033963064706853292,0.0023185011895903752,0
7.5999999999999996,0.0038736795390195895,0.0026443816825212894,0
7.5999999999999996,0.0026199545941842615,0.0017885217060706693,0
7.5999999999999996,0.0039654128896277879,0.0027070037940256451,0
7.5999999999999996,0.0031300915122204932,0.0021367685623334101,0
7.5999999999999996,0.0021312574648521118,0.0014549108009636997,0
7.5999999999999996,0.0032114945871494381,0.0021923386728897138,0
7.5999999999999996,0.0023109894150730873,0.0015776054823746632,0
7.5999999999999996,0.0023491675537265261,0.0016036679301096822,0
7.5999999999999996,0.0028380429178889838,0.0019374005078836099,0
7.5999999999999996,0.0028852165042357694,0.0019696037312988976,0
7.5999999999999996,0.0035377202311930125,0.0024150378168916664,0
7.5999999999999996,0.0035628349589225013,0.0024321824787823547,0
7.5999999999999996,0.0038870780696037307,0.0026535282390426824,0
7.5999999999999996,0.0025917450281632941,0.0017692643413593384,0
7.5999999999999996,0.0038895113869585711,0.00265518935214615,0
7.5999999999999996,0.0036346844744910411,0.0024812308166620445,0
7.5999999999999996,0.0024143552474874168,0.0016481685506619789,0
7.5999999999999996,0.0036114842694882441,0.0024653931108006909,0
7.5999999999999996,0.0021397670427244927,0.0014607198958113876,0
7.5999999999999996,0.0014213404853129466,0.00097028334588016832,0
7.5999999999999996,0.0021235578385730308,0.0014496546225706323,0
7.5999999999999996,0.0026715796826998778,0.0018237637639265413,0
7.5999999999999996,0.0017623410887211068,0.0012030686706077454,0
7.5999999999999996,0.0026231418717811749,0.0017906975129254926,0
7.5999999999999996,0.0031521329821061275,0.0021518152533759449,0
7.5999999999999996,0.0020665256506841325,0.0014107213883037407,0
7.5999999999999996,0.0030671626005310385,0.0020938099077270171,0
7.5999999999999996,0.0032539250238531737,0.0022213039676360975,0
7.5999999999999996,0.0021268937419054068,0.001451931889334168,0
7.5999999999999996,0.0031343737902094927,0.0021396918752609531,0
7.5999999999999996,0.0033615400992675214,0.0022947677973933914,0
7.5999999999999996,0.0021874107732828998,0.001493244064913801,0
7.5999999999999996,0.0031968437336400359,0.0021823372134857251,0
7.5999999999999996,0.0034977660302196929,0.0023877629336367745,0
7.5999999999999996,0.0022535148363931417,0.0015383702483959783,0
7.5999999999999996,0.0032725046806633871,0.0022339874391627316,0
7.5999999999999996,0.0036174810840303917,0.0024694868584556008,0
7.5999999999999996,0.0023137713174832741,0.0015795045583570613,0
7.5999999999999996,0.0033438369093848758,0.002282682649260639,0
7.5999999999999996,0.0037289785206168361,0.0025456009964443861,0
7.5999999999999996,0.0023853126622492707,0.0016283425222971611,0
7.5999999999999996,0.0034224542178966926,0.0023363510460558965,0
7.5999999999999996,0.0039327515136878969,0.0026847073847869884,0
7.5999999999999996,0.0025030069934510362,0.0017086869933437547,0
7.5999999999999996,0.0035748758897575753,0.0024404022648075127,0
7.5999999999999996,0.0042301847308104986,0.0028877512719257402,0
7.5999999999999996,0.0026652156434241099,0.0018194193289473002,0
7.5999999999999996,0.0038008147280562811,0.0025946402494804667,0
7.5999999999999996,0.0056636267004395013,0.0038662957408891045,0
7.5999999999999996,0.0035609150846588268,0.0024308718695064801,0
7.5999999999999996,0.0050741906001159302,0.0034639150041730952,0
7.5999999999999996,0.0070399161065031399,0.0048058248006842561,0
7.5999999999999996,0.0044510824585124531,0.0030385479237813214,0
7.5999999999999996,0.0031834356880792157,0.0021731841615302665,0
7.5999999999999996,0.005697542800755055,0.0038894486923693669,0
7.5999999999999996,0.0080478766459811477,0.0054939127956902993,0
7.5999999999999996,0.0050009889442370207,0.0034139436227032163,0
7.5999999999999996,0.0034038788746944622,0.0023236705192297264,0
7.5999999999999996,0.0053073691431823975,0.003623095200116209,0
7.5999999999999996,0.0060584680816262084,0.0041358356719531477,0
7.5999999999999996,0.0067561102929097833,0.0046120837110304449,0
7.5999999999999996,0.0031468654262213798,0.0021482193368441379,0
7.5999999999999996,0.0037414317811286396,0.0025541022608503248,0
7.5999999999999996,0.003385675904986658,0.0023112441945485188,0
7.5999999999999996,0.0058233965843454945,0.0039753632438055929,0
7.5999999999999996,0.0036646225258020709,0.0025016681382576526,0
7.5999999999999996,0.0036893949016366541,0.0025185790923594686,0
7.5999999999999996,0.0036385502708961991,0.0024838698168940421,0
7.5999999999999996,0.0031443445153072238,0.0021464984276730217,0
7.5999999999999996,0.0043415772957380878,0.0029637938188882425,0
7.5999999999999996,0.0040138800549347218,0.0027400900839085257,0
7.5999999999999996,0.0068260649420671064,0.0046598385113373521,0
7.5999999999999996,0.0051181956419923845,0.0034939552089717943,0
7.5999999999999996,0.0058110713150322946,0.0039669493530653651,0
7.5999999999999996,0.0054114840970522476,0.0036941696589393213,0
7.5999999999999996,0.007171685523450687,0.0048957776811387908,0
7.5999999999999996,0.0067887158146726183,0.0046343419912082927,0
7.5999999999999996,0.0063590550100660189,0.0043410324518015778,0
7.5999999999999996,0.0060045494728066468,0.0040990279339683045,0
7.5999999999999996,0.0071892137202783975,0.0049077433696145482,0
7.5999999999999996,0.0068588552801670238,0.0046822229570721305,0
7.5999999999999996,0.0066076640770696016,0.0045107463520534744,0
7.5999999999999996,0.0062742776886789194,0.0042831588994049329,0
7.5999999999999996,0.0074343370744108274,0.0050750777350664798,0
7.5999999999999996,0.0070400819201156539,0.004805937993960889,0
7.5999999999999996,0.0045172597437749167,0.0030837240926368729,0
7.5999999999999996,0.0065766998093451197,0.004489608480022886,0
7.5999999999999996,0.0081778072977621175,0.0055826104362944589,0
7.5999999999999996,0.0074300494581301295,0.0050721507779343412,0
7.5999999999999996,0.0059677445239924585,0.0040739028993623172,0
7.5999999999999996,0.0066832316096291774,0.0045623328080008473,0
7.5999999999999996,0.0082430913751597914,0.0056271768534933387,0
7.5999999999999996,0.0075906119633081283,0.00518175936669744,0
7.5999999999999996,0.0072900756899122723,0.0049765971667023526,0
7.5999999999999996,0.0065898041461662791,0.0044985542040825053,0
7.5999999999999996,0.0077417639069589286,0.0052849438007843211,0
7.5999999999999996,0.0075133138324656092,0.0051289915114233761,0
7.5999999999999996,0.0071886691999083589,0.0049073716507674449,0
7.5999999999999996,0.0063984507894890349,0.0043679261265171798,0
7.5999999999999996,0.0077955871835134471,0.0053216864598453918,0
7.5999999999999996,0.0077629369976476266,0.0052993976895522399,0
7.5999999999999996,0.0071243535593131192,0.0048634663405381119,0
7.5999999999999996,0.0063583715591818048,0.0043405658915244795,0
7.5999999999999996,0.0079823488746484476,0.005449180019924213,0
7.5999999999999996,0.0078516947548728667,0.0053599885012143482,0
7.5999999999999996,0.0071029283493064879,0.0048488403415841439,0
7.5999999999999996,0.0067161723370951316,0.0045848199175932787,0
7.5999999999999996,0.0093784339916031245,0.0064022226950676284,0
7.5999999999999996,0.0084777974747886863,0.0057873998415807195,0
7.5999999999999996,0.0077791240218630662,0.005310447821577532,0
7.5999999999999996,0.0046320297597143966,0.0031620722690401926,0
7.5999999999999996,0.011972306282288344,0.0081729392200653467,0
7.5999999999999996,0.010048144796599599,0.0068594032562060139,0
7.5999999999999996,0.0089218364481742102,0.0060905246911503418,0
7.5999999999999996,0.0063943717376407101,0.004365141546667165,0
7.5999999999999996,0.0066305431650530841,0.0045263648461924162,0
7.5999999999999996,0.011158218275810641,0.0076171990276707119,0
7.5999999999999996,0.0094091471820659783,0.006423189168275765,0
7.5999999999999996,0.0078187188306264831,0.0053374773644094134,0
7.5999999999999996,0.013116756651014359,0.0089542025024637074,0
7.5999999999999996,0.011598768737824804,0.0079179424320338383,0
7.5999999999999996,0.0095623612733811876,0.0065277813351024066,0
7.5999999999999996,0.0078486780274449608,0.0053579291210639878,0
7.5999999999999996,0.013715013542635287,0.0093626047850244656,0
7.5999999999999996,0.012031327301652439,0.0082132301375039251,0
7.5999999999999996,0.010089920147141608,0.0068879213539581475,0
7.5999999999999996,0.0082438828172090098,0.0056277171343391465,0
7.5999999999999996,0.014532248967099069,0.0099204935739629768,0
7.5999999999999996,0.012686351414831192,0.0086603847740844321,0
7.5999999999999996,0.010787021850658952,0.0073638004134071932,0
7.5999999999999996,0.0086898378706668916,0.005932150003065891,0
7.5999999999999996,0.015666364272543563,0.010694701587138868,0
7.5999999999999996,0.013089175885611357,0.0089353743908228353,0
7.5999999999999996,0.011365449321531922,0.007758666068461025,0
7.5999999999999996,0.0090831191910174872,0.0062006249528228641,0
7.5999999999999996,0.016566708697447183,0.011309325043001167,0
7.5999999999999996,0.0065780011350444418,0.0044904968348306639,0
7.5999999999999996,0.01146069287692246,0.0078236844342592145,0
7.5999999999999996,0.0094115768017961395,0.0064248477571820515,0
7.5999999999999996,0.018276566420268765,0.012476565749518501,0
7.5999999999999996,0.013615835253168439,0.0092949003584377726,0
7.5999999999999996,0.011375758454742172,0.0077657036364243157,0
7.5999999999999996,0.0097411185813224659,0.0066498106733517874,0
7.5999999999999996,0.020090893403483884,0.013715122783519423,0
7.5999999999999996,0.0072052479177747908,0.0049186891739141274,0
7.5999999999999996,0.020646248884657391,0.092760412563302613,1
7.5999999999999996,0.01681693236100584,0.075555883907574173,1
7.5999999999999996,0.014424125813409697,0.064805373062762503,1
7.5999999999999996,0.016296367275741866,0.0732170652512215,1
7.7000000000000002,0.006682828921088505,0.028078461863414141,1
7.7000000000000002,0.0043257367524646186,0.018174942957459882,1
7.7000000000000002,0.0064652171366017452,0.027164147841030682,1
7.7000000000000002,0.0037650904478559698,0.0024036283679703041,0
7.7000000000000002,0.0025028606879954527,0.0015978226908650553,0
7.7000000000000002,0.0037800693712679852,0.0024131908912970088,0
7.7000000000000002,0.0028952816862905816,0.0018483436960713242,0
7.7000000000000002,0.0019582173690533057,0.0012501231734257543,0
7.7000000000000002,0.0029638454090669913,0.0018921146788302844,0
7.7000000000000002,0.0024759773820835535,0.0015806604267416366,0
7.7000000000000002,0.0025024741678983365,0.001597575936986739,0
7.7000000000000002,0.0041343985597226988,0.0026393941394698734,0
7.7000000000000002,0.0029263743200837436,0.0018681931891061365,0
7.7000000000000002,0.004280575657934208,0.0027327133903284661,0
7.7000000000000002,0.0032778504057342115,0.0020925750205210251,0
7.7000000000000002,0.0028479538374292751,0.0018181296649096483,0
7.7000000000000002,0.0020722803932018987,0.0013229408452392331,0
7.7000000000000002,0.0034800999460791551,0.0022216908384049988,0
7.7000000000000002,0.0029698582067235538,0.0018959532402721242,0
7.7000000000000002,0.0020662750483071814,0.001319107041629918,0
7.7000000000000002,0.0032947300975790053,0.0021033509917022346,0
7.7000000000000002,0.003104744000319079,0.0019820641383800348,0
7.7000000000000002,0.0020623399422655775,0.0013165948755495635,0
7.7000000000000002,0.0030849264074044444,0.0019694126153491261,0
7.7000000000000002,0.0031582699609417394,0.002016235035243548,0
7.7000000000000002,0.0020909697713902336,0.001334872117599181,0
7.7000000000000002,0.0031214725676266116,0.0019927436318723573,0
7.7000000000000002,0.0031982763411689268,0.0020417750512791875,0
7.7000000000000002,0.0021034721068114506,0.0013428535906874115,0
7.7000000000000002,0.0031238506670183733,0.0019942618071297799,0
7.7000000000000002,0.0031876848951844197,0.0020350134872799265,0
7.7000000000000002,0.0020875701633681892,0.0013327018126901929,0
7.7000000000000002,0.00308761394235718,0.0019711283338270146,0
7.7000000000000002,0.0033016829591017574,0.0021077896885744901,0
7.7000000000000002,0.0021517068539687744,0.0013736465844268418,0
7.7000000000000002,0.0031564539650724617,0.0020150757060725852,0
7.7000000000000002,0.0034173155543949871,0.0021816093723664443,0
7.7000000000000002,0.0022118014838798162,0.0014120109103885493,0
7.7000000000000002,0.0032240385044232677,0.0020582215795302361,0
7.7000000000000002,0.0023238354192906003,0.0014835332148479441,0
7.7000000000000002,0.0023517261573816417,0.0015013386222366119,0
7.7000000000000002,0.0032956164508332005,0.0021039168383546144,0
7.7000000000000002,0.0028840456219384955,0.0018411706086262686,0
7.7000000000000002,0.0016140773504901996,0.0010304246767686158,0
7.7000000000000002,0.0034489051271122105,0.0022017761105010934,0
7.7000000000000002,0.0035922991472893163,0.002293318648314831,0
7.7000000000000002,0.0019413150145950709,0.0012393327344644707,0
7.7000000000000002,0.0023495933135206349,0.0014999770177599686,0
7.7000000000000002,0.00391924467666694,0.0025020402076177763,0
7.7000000000000002,0.0023696900148839481,0.0015128067232261398,0
7.7000000000000002,0.0030480006467546897,0.0019458392624547289,0
7.7000000000000002,0.0042156563743840289,0.0026912690123697966,0
7.7000000000000002,0.0026560620945166491,0.0016956262501227066,0
7.7000000000000002,0.0037877610212812586,0.0024181012296871337,0
7.7000000000000002,0.0056441752597562742,0.0036032334298560557,0
7.7000000000000002,0.0035486853011277414,0.0022654756311756407,0
7.7000000000000002,0.005056763548035346,0.0032282306315104189,0
7.7000000000000002,0.0070157378691645244,0.0044788370420610069,0
7.7000000000000002,0.0044357954399645684,0.0028318054776303257,0
7.7000000000000002,0.0062977723890027598,0.0040204889042830825,0
7.7000000000000002,0.0075981189021446308,0.0048506282622788289,0
7.7000000000000002,0.0048230451286036726,0.0030790251261332362,0
7.7000000000000002,0.006786395812875161,0.0043324254006674601,0
7.7000000000000002,0.008311206445902497,0.0053058623324188188,0
7.7000000000000002,0.0056836226000319444,0.0036284165555845686,0
7.7000000000000002,0.010218419886641324,0.0065234246708068874,0
7.7000000000000002,0.0061900710064427206,0.0039517324953797185,0
7.7000000000000002,0.0039898350401538609,0.002547104994913688,0
7.7000000000000002,0.004648046536365363,0.0029673062746250608,0
7.7000000000000002,0.0070481532113125184,0.004499530950221633,0
7.7000000000000002,0.0047482359834242734,0.003031267074626344,0
7.7000000000000002,0.0050477774283499352,0.0032224939055292066,0
7.7000000000000002,0.0073335067410448687,0.0046817002363155995,0
7.7000000000000002,0.0080669307892563581,0.0051499171018723425,0
7.7000000000000002,0.0063493611946834139,0.0040534231241965346,0
7.7000000000000002,0.0057911134832455378,0.0036970385820056079,0
7.7000000000000002,0.0062917150653495684,0.0040166219175085463,0
7.7000000000000002,0.0071616203111048308,0.0045719681847766289,0
7.7000000000000002,0.0067982655702352674,0.0043400030368243615,0
7.7000000000000002,0.0063372151558750492,0.0040456691103574029,0
7.7000000000000002,0.0059839271500305461,0.0038201305516768103,0
7.7000000000000002,0.0073186341399686695,0.0046722055890163258,0
7.7000000000000002,0.0069461359714331856,0.0044344032898926142,0
7.7000000000000002,0.0065849703875579257,0.0042038356966409103,0
7.7000000000000002,0.0062527289979288801,0.0039917332677122767,0
7.7000000000000002,0.0078300645109353022,0.0049987020078731403,0
7.7000000000000002,0.0072243529138062848,0.0046120165888025389,0
7.7000000000000002,0.0069398908373315363,0.0044304164051958469,0
7.7000000000000002,0.0065541124650515866,0.0041841360429566007,0
7.7000000000000002,0.0080188062500678899,0.0051191944647429278,0
7.7000000000000002,0.0074322983058758667,0.0047447686302977904,0
7.7000000000000002,0.0071630123514978897,0.004572856861376688,0
7.7000000000000002,0.0066602783872324956,0.0042519122161455009,0
7.7000000000000002,0.0080343118379844237,0.005129093209937605,0
7.7000000000000002,0.0075387573279255401,0.0048127319180245676,0
7.7000000000000002,0.0072141321130324747,0.0046054916441767612,0
7.7000000000000002,0.0065671717956878664,0.0041924731009951232,0
7.7000000000000002,0.0077648679843913358,0.0049570806383829481,0
7.7000000000000002,0.0076534611418939951,0.0048859586691444405,0
7.7000000000000002,0.0071384703505936254,0.0045571892830283834,0
7.7000000000000002,0.0063764756324776028,0.0040707329425837113,0
7.7000000000000002,0.0078610805089682299,0.005018502576748002,0
7.7000000000000002,0.0077122147385023394,0.0049234668813597721,0
7.7000000000000002,0.0070897957180396827,0.0045261154670796023,0
7.7000000000000002,0.0063365340522684782,0.0040452342947871131,0
7.7000000000000002,0.0088522340001653075,0.0056512535508476394,0
7.7000000000000002,0.0082942419231105107,0.0052950322052820022,0
7.7000000000000002,0.0075307549736629105,0.0048076232264851228,0
7.7000000000000002,0.0066931059814288579,0.0042728693054253945,0
7.7000000000000002,0.0062308161549037063,0.0039777441400013656,0
7.7000000000000002,0.0056324539375347954,0.0035957505544797919,0
7.7000000000000002,0.0082840020676398698,0.0052884950961649638,0
7.7000000000000002,0.0072405023542114364,0.0046223263685069736,0
7.7000000000000002,0.0099426566660712149,0.0063473778243937776,0
7.7000000000000002,0.0083446957910990119,0.0053272418825926881,0
7.7000000000000002,0.0059274632334635766,0.0037840840679318147,0
7.7000000000000002,0.0076681246275383625,0.0048953198174505061,0
7.7000000000000002,0.013143624803893136,0.0083908713148142158,0
7.7000000000000002,0.011119895937068648,0.0070989256947163746,0
7.7000000000000002,0.0078140266165937344,0.0049884634390164866,0
7.7000000000000002,0.0078388624927837568,0.0050043186269277708,0
7.7000000000000002,0.013369808915081835,0.0085352669285628565,0
7.7000000000000002,0.011558933350707082,0.0073792065529418608,0
7.7000000000000002,0.0095295198251469076,0.0060836318548209145,0
7.7000000000000002,0.0080472425668191277,0.0051373481687695581,0
7.7000000000000002,0.014075124354586391,0.0089855392984407138,0
7.7000000000000002,0.011990006313930837,0.007654402917390335,0
7.7000000000000002,0.010055266824523188,0.0064192679888202195,0
7.7000000000000002,0.0077161461451203898,0.0049259766857334113,0
7.7000000000000002,0.015047448811634464,0.009606269844014444,0
7.7000000000000002,0.012642780779779799,0.0080711332046785756,0
7.7000000000000002,0.010749974367345745,0.0068627682925970169,0
7.7000000000000002,0.0073894807709951153,0.0047174339771436976,0
7.7000000000000002,0.016061185052064133,0.010253437612991644,0
7.7000000000000002,0.013044221770201253,0.008327412559983989,0
7.7000000000000002,0.011326415258199525,0.0072307673345597999,0
7.7000000000000002,0.0068950522815722139,0.0044017915351974917,0
7.7000000000000002,0.019477635402453942,0.081836906090992423,1
7.7000000000000002,0.0082549055853614432,0.0052699199434080362,0
7.7000000000000002,0.013339945497754805,0.0085162021655655531,0
7.7000000000000002,0.011421331704395526,0.0072913618583363938,0
7.7000000000000002,0.007971519737660214,0.005089006822714251,0
7.7000000000000002,0.018213796473303626,0.011627661671873018,0
7.7000000000000002,0.013965038032997926,0.0089152603478656455,0
7.7000000000000002,0.011336688985210933,0.0072373260672201163,0
7.7000000000000002,0.0056628035334011471,0.0036151256931626729,0
7.7000000000000002,0.01001094612093207,0.0063909737149069118,0
7.7000000000000002,0.027196717848660151,0.11426927337820525,1
7.7000000000000002,0.020575340382605178,0.086449004917163771,1
7.7000000000000002,0.016759175453710275,0.070415070383490125,1
7.7999999999999998,0.0066915911032634362,0.027924056713475913,1
7.7999999999999998,0.0043314084364046756,0.018074997853411216,1
7.7999999999999998,0.0064736939973773716,0.027014770558872515,1
7.7999999999999998,0.0043687616007853907,0.0027700422930310837,0
7.7999999999999998,0.0029192054047129799,0.0018509415646864697,0
7.7999999999999998,0.0044052539797725778,0.002793180528166106,0
7.7999999999999998,0.0035671801965127601,0.0022617942827154692,0
7.7999999999999998,0.0036096977793033435,0.0022887528383176321,0
7.7999999999999998,0.0033009621866370133,0.0020929969863855867,0
7.7999999999999998,0.0033466530046464241,0.0021219675528423372,0
7.7999999999999998,0.0031623620193977939,0.0020051166303128726,0
7.7999999999999998,0.0032104342831211084,0.0020355971682326775,0
7.7999999999999998,0.0034752876721343964,0.0022035292176462982,0
7.7999999999999998,0.0035153081995052881,0.0022289044986840293,0
7.7999999999999998,0.0036502737023560959,0.0023144802716741908,0
7.7999999999999998,0.0036632456863681813,0.0023227052442457178,0
7.7999999999999998,0.0039446433107553861,0.0025011272759196141,0
7.7999999999999998,0.0039442751221644805,0.0025008938234994966,0
7.7999999999999998,0.0042743858725302168,0.0027102027360601925,0
7.7999999999999998,0.0042635670301940931,0.0027033429772609693,0
7.7999999999999998,0.0040054415073831479,0.0025396767760728482,0
7.7999999999999998,0.0043892837613296685,0.0027830545051512885,0
7.7999999999999998,0.0029737219171243928,0.0018855081212642009,0
7.7999999999999998,0.0021964970745043302,0.0013927035505444441,0
7.7999999999999998,0.0040946058410480648,0.0025962120137102951,0
7.7999999999999998,0.0029638741079614558,0.001879264052494202,0
7.7999999999999998,0.0020604457456418982,0.0013064393023638462,0
7.7999999999999998,0.0029395328502828276,0.001863830316484609,0
7.7999999999999998,0.003069868245121234,0.001946470338754624,0
7.7999999999999998,0.0020519314871655816,0.0013010407802588736,0
7.7999999999999998,0.002934835935064811,0.0018608522062122726,0
7.7999999999999998,0.0034217961630998344,0.0021696125712636813,0
7.7999999999999998,0.0021619704967038105,0.0013708117447009129,0
7.7999999999999998,0.0029976752911702298,0.0019006959170816318,0
7.7999999999999998,0.0035478669456963452,0.0022495485878330185,0
7.7999999999999998,0.0022788480193336193,0.0014449187137630529,0
7.7999999999999998,0.0032999374939216711,0.0020923472731674635,0
7.7999999999999998,0.0036662338860239401,0.0023245999320732672,0
7.7999999999999998,0.0023463553461112291,0.0014877221824233322,0
7.7999999999999998,0.0033783526510854935,0.0021420669240908323,0
7.7999999999999998,0.0038372402254245597,0.0024330276367186721,0
7.7999999999999998,0.0024448222104231179,0.0015501557513681449,0
7.7999999999999998,0.0035010893755277775,0.0022198889589558402,0
7.7999999999999998,0.0040738338416743151,0.0025830413896218221,0
7.7999999999999998,0.0025801530269637337,0.0016359631539282994,0
7.7999999999999998,0.0036823562906958154,0.0023348224497767799,0
7.7999999999999998,0.0051242613104774534,0.0032490718990053472,0
7.7999999999999998,0.0032268895242946486,0.002046030723129456,0
7.7999999999999998,0.0045999039160919452,0.0029165996123851953,0
7.7999999999999998,0.0037677170750509952,0.0023889460217262418,0
7.7999999999999998,0.0040053101413685078,0.0025395934825792514,0
7.7999999999999998,0.0055081965910167303,0.0034925086122124401,0
7.7999999999999998,0.0056199492355681049,0.0035633661183097575,0
7.7999999999999998,0.0031091279990435694,0.0019713632463372469,0
7.7999999999999998,0.0067483174340584318,0.0042788154647258195,0
7.7999999999999998,0.0073544784600320257,0.0046631558869709043,0
7.7999999999999998,0.0039439845671657425,0.0025007095951738289,0
7.7999999999999998,0.0046812023863529121,0.0029681474471173817,0
7.7999999999999998,0.008322103673084634,0.0052766850764503865,0
7.7999999999999998,0.0049906347142804394,0.0031643450686667522,0
7.7999999999999998,0.0063027997365673501,0.003996332011263341,0
7.7999999999999998,0.006198187109738895,0.0039300016807990281,0
7.7999999999999998,0.0039551498655253118,0.0025077890267145098,0
7.7999999999999998,0.0039415209482460524,0.0024991475212441756,0
7.7999999999999998,0.006680127015298771,0.0042355788770599241,0
7.7999999999999998,0.0070573943879404981,0.0044747877590026758,0
7.7999999999999998,0.0045890533322744441,0.0029097197276890027,0
7.7999999999999998,0.0037707486840564486,0.0023908682335401182,0
7.7999999999999998,0.0059742148036043535,0.0037879905533553027,0
7.7999999999999998,0.0080775077347389774,0.0051215973981025235,0
7.7999999999999998,0.0070187348079739512,0.0044502753957007049,0
7.7999999999999998,0.0043910127213813294,0.0027841507637489655,0
7.7999999999999998,0.0060767211882450127,0.003852985406979106,0
7.7999999999999998,0.0092871308930248253,0.0058885669911513325,0
7.7999999999999998,0.0065075637694585265,0.0041261640055516536,0
7.7999999999999998,0.005092578714021823,0.003228983338412031,0
7.7999999999999998,0.0061535645858331704,0.0039017084733101075,0
7.7999999999999998,0.0085496016168539763,0.0054209316578398108,0
7.7999999999999998,0.0079503750138296501,0.005040988052496748,0
7.7999999999999998,0.0058727151784401157,0.0037236340422604434,0
7.7999999999999998,0.0063986860348105214,0.0040571293551623601,0
7.7999999999999998,0.0091470527044339948,0.0057997494858294521,0
7.7999999999999998,0.011557987084966059,0.0073284184337061012,0
7.7999999999999998,0.0066671169515864891,0.0042273297598017122,0
7.7999999999999998,0.006561062209137959,0.0041600850463556554,0
7.7999999999999998,0.0080293200971255103,0.0050910437066018109,0
7.7999999999999998,0.0080622134166483603,0.0051118999341927367,0
7.7999999999999998,0.00715971436000961,0.0045396644164980736,0
7.7999999999999998,0.0065915716104022132,0.0041794297347501532,0
7.7999999999999998,0.0080448460151728417,0.0051008880180015235,0
7.7999999999999998,0.0069195882795259692,0.0043874108811987585,0
7.7999999999999998,0.0071918790841043476,0.0045600586733213532,0
7.7999999999999998,0.006491617698397476,0.0041160532933445957,0
7.7999999999999998,0.0077750488806325709,0.0049298213539196948,0
7.7999999999999998,0.0070248713032695469,0.0044541662812772331,0
7.7999999999999998,0.0071305939149937979,0.0045212004050328601,0
7.7999999999999998,0.006397664441317597,0.0040564816070267837,0
7.7999999999999998,0.0078713875541319978,0.0049909055293528327,0
7.7999999999999998,0.0077223265985108614,0.0048963924409673393,0
7.7999999999999998,0.0074358829505676719,0.0047147709445620198,0
7.7999999999999998,0.0066162245874415524,0.004195061118489613,0
7.7999999999999998,0.0088638405948994331,0.0056201769678032327,0
7.7999999999999998,0.0083051169072813485,0.0052659145048338301,0
7.7999999999999998,0.0056554716847081431,0.0035858893629867532,0
7.7999999999999998,0.0069972777446340598,0.0044366704022570109,0
7.7999999999999998,0.010649942126756741,0.0067526665003066538,0
7.7999999999999998,0.0092425568148637345,0.0058603045010083834,0
7.7999999999999998,0.0069123863548649512,0.0043828444530607117,0
7.7999999999999998,0.0073676713454985197,0.0046715209235759546,0
7.7999999999999998,0.0079645543736167612,0.0050499785696930489,0
7.7999999999999998,0.010504775498467846,0.0066606226360169047,0
7.7999999999999998,0.0083186002902384329,0.0052744637333011239,0
7.7999999999999998,0.00774444824976758,0.0049104188207912645,0
7.7999999999999998,0.010967381708268921,0.0069539411741439154,0
7.7999999999999998,0.0074229838491395314,0.0047065921836766406,0
7.7999999999999998,0.0094811588738793525,0.0060115917203793692,0
7.7999999999999998,0.008014211789452292,0.0050814641838319219,0
7.7999999999999998,0.013387338722105369,0.0084883309825598916,0
7.7999999999999998,0.0096450740255530475,0.0061155232103748663,0
7.7999999999999998,0.009851902177417023,0.006246663972999604,0
7.7999999999999998,0.0060433452735864836,0.0038318231867389124,0
7.7999999999999998,0.014093578935002257,0.0089361272776042264,0
7.7999999999999998,0.012005726994624865,0.0076123108955446807,0
7.7999999999999998,0.010397787421402639,0.0065927861355616233,0
7.7999999999999998,0.0070238755998067509,0.0044535349488871185,0
7.7999999999999998,0.015067178253957824,0.0095534443885878836,0
7.7999999999999998,0.012659357344839034,0.0080267495579281947,0
7.7999999999999998,0.011051403130809786,0.0070072155148442616,0
7.7999999999999998,0.0081390864266745935,0.0051606417764866689,0
7.7999999999999998,0.016082243653299216,0.010197053343094046,0
7.7999999999999998,0.013061324684076548,0.0082816196176505926,0
7.7999999999999998,0.011309691417407321,0.0071709849174917024,0
7.7999999999999998,0.0092054569601620635,0.0058367810918641379,0
7.7999999999999998,0.01738456772780379,0.011022800567424551,0
7.7999999999999998,0.013357436149398771,0.0084693710578405326,0
7.7999999999999998,0.013350235565460895,0.0084648054797968955,0
7.7999999999999998,0.011174760219098736,0.0070854308955242539,0
7.7999999999999998,0.019142910693566918,0.012137689596833239,0
7.7999999999999998,0.013983348273880921,0.0088662347952037247,0
7.7999999999999998,0.020546416085338859,0.085740338758276496,1
7.7999999999999998,0.017526686320506822,0.073138985221982658,1
7.7999999999999998,0.027232376788783274,0.1136408997737279,1
7.7999999999999998,0.020602317712546201,0.085973616641581735,1
7.9000000000000004,0.0072383062840289817,0.029311020061853439,1
7.9000000000000004,0.0047253585334760999,0.019135012161584534,1
7.9000000000000004,0.0070818015814796235,0.028677265106454502,1
7.9000000000000004,0.0046831691995625193,0.0028814611123637603,0
7.9000000000000004,0.0046893510436256166,0.0028852646783916916,0
7.9000000000000004,0.0035800760489357814,0.0022027497779232518,0
7.9000000000000004,0.0036227473387001777,0.0022290045760804482,0
7.9000000000000004,0.0041667327283637827,0.0025637079957553451,0
7.9000000000000004,0.0042231021107673964,0.0025983909585957973,0
7.9000000000000004,0.0040918313762340957,0.0025176226795456899,0
7.9000000000000004,0.004139958611298079,0.0025472344126206796,0
7.9000000000000004,0.0038913480186935621,0.0023942692464723916,0
7.9000000000000004,0.0039209361494885074,0.0024124742364354129,0
7.9000000000000004,0.0037814369932748049,0.0023266431727457025,0
7.9000000000000004,0.0037919624675752162,0.0023331192882976781,0
7.9000000000000004,0.0029205027625737842,0.0017969274182306739,0
7.9000000000000004,0.0029202301661152004,0.0017967596950369765,0
7.9000000000000004,0.0034101249729812052,0.0020981822520663523,0
7.9000000000000004,0.0032289541171584496,0.0019867114182139903,0
7.9000000000000004,0.0037641455509893735,0.0023160040913034162,0
7.9000000000000004,0.0033962620295549324,0.0020896526579638297,0
7.9000000000000004,0.0041039845460450648,0.0025251002838580718,0
7.9000000000000004,0.0035332706572785547,0.0021739513488761332,0
7.9000000000000004,0.0032955158577634013,0.0020276655368784038,0
7.9000000000000004,0.0040770693688161226,0.0025085399092030576,0
7.9000000000000004,0.002510493108680672,0.0015446566112102724,0
7.9000000000000004,0.0032486601774014043,0.0019988361661887753,0
7.9000000000000004,0.0039443140008751454,0.0024268581646666437,0
7.9000000000000004,0.0024545694147281283,0.0015102478716330131,0
7.9000000000000004,0.0032845643994625115,0.0020209273218208239,0
7.9000000000000004,0.0037858966388454214,0.0023293871042030278,0
7.9000000000000004,0.002388083087150189,0.0014693401531082147,0
7.9000000000000004,0.0033141694858948795,0.0020391427442512169,0
7.9000000000000004,0.0036187187752764372,0.002226525880917078,0
7.9000000000000004,0.0023228456529105906,0.0014292008538812401,0
7.9000000000000004,0.0033524325227628268,0.0020626852318440698,0
7.9000000000000004,0.0037807021220785633,0.0023261910210756829,0
7.9000000000000004,0.0024119527108654539,0.0014840266590983712,0
7.9000000000000004,0.0034644750109652147,0.0021316227523414744,0
7.9000000000000004,0.0028883342868027437,0.0017771347931880158,0
7.9000000000000004,0.0025741613672105286,0.0015838304277494743,0
7.9000000000000004,0.0036169784015079877,0.0022254550634596961,0
7.9000000000000004,0.0033422366325384719,0.0020564119028364069,0
7.9000000000000004,0.0019883512048878816,0.0012233930551006505,0
7.9000000000000004,0.0043824907233137832,0.0026964596102364274,0
7.9000000000000004,0.0046325891812452839,0.0028503402304068635,0
7.9000000000000004,0.002679518868025331,0.0016486548081118251,0
7.9000000000000004,0.0035173586349412454,0.0021641609971655212,0
7.9000000000000004,0.0060652428769118012,0.0037318236309922888,0
7.9000000000000004,0.0035427871765722589,0.0021798066744262816,0
7.9000000000000004,0.0046725687335684909,0.0028749388559102503,0
7.9000000000000004,0.0074088805904064022,0.0045585372634832366,0
7.9000000000000004,0.0045786595471438455,0.0028171583963014853,0
7.9000000000000004,0.006152232019966509,0.0037853463251826687,0
7.9000000000000004,0.0079498576354471561,0.0048913897083857202,0
7.9000000000000004,0.0050275240137086005,0.0030933357988281902,0
7.9000000000000004,0.007069337883261341,0.0043496233710027749,0
7.9000000000000004,0.0066374552870087427,0.0040838945764239227,0
7.9000000000000004,0.0041612925946283765,0.0025603607893793521,0
7.9000000000000004,0.0058276401803127606,0.0035856314049017056,0
7.9000000000000004,0.0039287964745212331,0.0024173105385093285,0
7.9000000000000004,0.0043284758260584413,0.0026632253154037465,0
7.9000000000000004,0.0057739043903600931,0.0035525688392559411,0
7.9000000000000004,0.0048909103537406141,0.0030092801237412824,0
7.9000000000000004,0.0025121691262765208,0.001545687831591233,0
7.9000000000000004,0.0064153290055545958,0.0039472246815792341,0
7.9000000000000004,0.0094156384885522512,0.0057932555918272692,0
7.9000000000000004,0.0047939071805884513,0.0029495959954719143,0
7.9000000000000004,0.0090849883004932245,0.0055898130899469508,0
7.9000000000000004,0.011068337380550479,0.0068101284368623002,0
7.9000000000000004,0.0067487925012668015,0.0041523981558533136,0
7.9000000000000004,0.011040525894835144,0.0067930165813749341,0
7.9000000000000004,0.012183558985314065,0.0074963021685511685,0
7.9000000000000004,0.010136283441606941,0.0062366541366080724,0
7.9000000000000004,0.01236346066846614,0.0076069921056347804,0
7.9000000000000004,0.010467083627938144,0.0064401889294498707,0
7.9000000000000004,0.0097682280550771133,0.0060101969580844397,0
7.9000000000000004,0.010243074518962897,0.0063023605681795311,0
7.9000000000000004,0.0094891968549770372,0.0058385145955723887,0
7.9000000000000004,0.0086358601776493626,0.0053134734649416416,0
7.9000000000000004,0.0081062984864273754,0.0049876446608069789,0
7.9000000000000004,0.0094443947540314883,0.0058109487515625559,0
7.9000000000000004,0.008617131275426293,0.0053019499429134221,0
7.9000000000000004,0.0080312050360457458,0.0049414411503533968,0
7.9000000000000004,0.0076881333636879805,0.0047303559555787016,0
7.9000000000000004,0.0085143180795309512,0.0052386910228987569,0
7.9000000000000004,0.0076963432275398121,0.0047354073219545026,0
7.9000000000000004,0.0078736894250372065,0.0048445249194058312,0
7.9000000000000004,0.0076938716549555227,0.0047338866123699166,0
7.9000000000000004,0.00779147874295628,0.0047939423174662692,0
7.9000000000000004,0.0069594850830129937,0.0042820331220684753,0
7.9000000000000004,0.0085997162949665272,0.0052912348508829922,0
7.9000000000000004,0.0081323824782047367,0.0050036936235411684,0
7.9000000000000004,0.0059702117611084987,0.0036733528704916149,0
7.9000000000000004,0.0068945077053373929,0.0042420538304868034,0
7.9000000000000004,0.0099920904582430949,0.0061479350541804182,0
7.9000000000000004,0.0089631624590703479,0.0055148560662772088,0
7.9000000000000004,0.0068206021824891881,0.0041965812282806067,0
7.9000000000000004,0.0071677810197243522,0.0044101934801339558,0
7.9000000000000004,0.0080163323613061041,0.0049322902886029564,0
7.9000000000000004,0.0098325350188408732,0.0060497637572845975,0
7.9000000000000004,0.0077461666666633943,0.0047660626957411762,0
7.9000000000000004,0.0075098397896875366,0.0046206554561573658,0
7.9000000000000004,0.010310057444298431,0.0063435738334539811,0
7.9000000000000004,0.0079070637919295365,0.0048650595053351623,0
7.9000000000000004,0.0087929851715200253,0.005410149356912617,0
7.9000000000000004,0.0062179564056382523,0.0038257852359665913,0
7.9000000000000004,0.012268721552285472,0.0075487010067097609,0
7.9000000000000004,0.0094664133887298156,0.0058244963807271184,0
7.9000000000000004,0.009763959490779987,0.0060075705951443733,0
7.9000000000000004,0.0068367066375229994,0.0042064899800122492,0
7.9000000000000004,0.013808407709717556,0.0084960393579057367,0
7.9000000000000004,0.010877927188577774,0.0066929728227498909,0
7.9000000000000004,0.01018974646996946,0.0062695488774579637,0
7.9000000000000004,0.0074533441464870584,0.0045858948075531338,0
7.9000000000000004,0.0094296861216996743,0.0058018988218516794,0
7.9000000000000004,0.012379958886504141,0.0076171431319321525,0
7.9000000000000004,0.0078265326515492527,0.0048155102920883338,0
7.9000000000000004,0.0082425038955065283,0.0050714491472201194,0
7.9000000000000004,0.012601373498684213,0.0077533751507892932,0
7.9000000000000004,0.012861904605481032,0.0079136747728627936,0
7.9000000000000004,0.0092427962415113016,0.0056869091857506774,0
7.9000000000000004,0.0098194407449041926,0.0060417071102715648,0
7.9000000000000004,0.016140383200324838,0.0099308576198207654,0
7.9000000000000004,0.013284356067385567,0.0081736007775548396,0
7.9000000000000004,0.010404696064108371,0.0064018030989555557,0
7.9000000000000004,0.012568060612049601,0.0077328783924430029,0
7.9000000000000004,0.017447415357445529,0.010735048579588779,0
7.9000000000000004,0.016039048860000023,0.0098685086103038194,0
7.9000000000000004,0.013398498523366151,0.0082438303665708576,0
7.9000000000000004,0.019849807100365244,0.08038041930147162,1
7.9000000000000004,0.019212114977525615,0.011820833250947415,0
7.9000000000000004,0.025180861301009144,0.10196815412428224,1
7.9000000000000004,0.020620694236444751,0.083502073376943292,1
7.9000000000000004,0.027330825617507874,0.1106742857440797,1
8,0.0095603996143395313,0.03793741149943456,1
8,0.0094339830737127702,0.03743576758123484,1
8,0.0055749706731215787,0.003361345653235006,0
8,0.0055957510975928838,0.0033738749011117289,0
8,0.0042150134855339595,0.0025413796930331459,0
8,0.0041781371367865605,0.0025191456470018609,0
8,0.0045263149008498071,0.0027290742515467471,0
8,0.0043356367381808406,0.0026141076892392022,0
8,0.0049972895113970578,0.0030130413883748632,0
8,0.0049583574828949376,0.0029895679008087044,0
8,0.0032700249274906779,0.001971612896366388,0
8,0.0036950824396562716,0.0022278950016303965,0
8,0.0034530360748082352,0.002081956745795999,0
8,0.0038605115159858097,0.0023276380028483053,0
8,0.0036875473671070481,0.0022233518417027116,0
8,0.0041672574460644802,0.0025125858992899098,0
8,0.0042175095217503959,0.0025428846409473811,0
8,0.0042556933638889924,0.0025659070206731052,0
8,0.0045703065637704553,0.0027555983704358072,0
8,0.0042799250267787758,0.0025805171414254756,0
8,0.0047517428325635725,0.0028649926702815926,0
8,0.0041156517198697173,0.0024814709941903866,0
8,0.0025915366703867975,0.0015625284926075185,0
8,0.0032126276424361655,0.0019370060569877251,0
8,0.0025716943441748659,0.0015505648571243562,0
8,0.0043096688337327721,0.0025984507274616321,0
8,0.0032260698967137807,0.0019451108642835884,0
8,0.002557865186137623,0.0015422267719608768,0
8,0.0040564148833088657,0.0024457550245898288,0
8,0.0037458273462755189,0.0022584908883694589,0
8,0.0025944439613403308,0.0015642814004490726,0
8,0.0038552941670649725,0.0023244922799118572,0
8,0.0038785584382973214,0.0023385191262519744,0
8,0.0020664429618702167,0.0012459310505486935,0
8,0.0036950021167207908,0.0022278465721110564,0
8,0.004125460800633478,0.0024873852335506874,0
8,0.0022298323596203961,0.0013444442579024344,0
8,0.0029149915479174935,0.0017575508004103841,0
8,0.0047076075526550389,0.0028383819596656409,0
8,0.002753021790317963,0.0016598935439717842,0
8,0.0037065277163661737,0.0022347957610019896,0
8,0.0055808276301901171,0.0033648770183914963,0
8,0.003369122450474491,0.0020313622740149497,0
8,0.0045899304771322858,0.0027674303171393612,0
8,0.0066415301082104767,0.0040044118021454302,0
8,0.0041404353007578488,0.0024964138856914237,0
8,0.0056868172384512616,0.003428781876355026,0
8,0.0055464169404025971,0.0033441296047593931,0
8,0.0049427258638045125,0.0029801430485604306,0
8,0.0068485356864127281,0.0041292227368181916,0
8,0.0064867130408426156,0.0039110671539031531,0
8,0.0038533036798559725,0.0023232921452528447,0
8,0.006035957752643371,0.0036392909567715443,0
8,0.0059679555512054949,0.0035982900407818597,0
8,0.0034366272317052152,0.0020720632778886477,0
8,0.0044319216278648453,0.0026721612314707208,0
8,0.006812561116261967,0.0041075324047799879,0
8,0.0038078108003690237,0.0022958628901620769,0
8,0.0048713272484388797,0.0029370943153063981,0
8,0.0075489310330416528,0.0045515156943915355,0
8,0.0044430524661517321,0.0026788724048716636,0
8,0.0058168462865852578,0.0035071809570617171,0
8,0.0099785293388167939,0.0060164058584955974,0
8,0.0060889244050637784,0.0036712264120983542,0
8,0.0084138313485096136,0.0050729944763152398,0
8,0.01050214576733057,0.0063321125965476776,0
8,0.006587958979137872,0.0039721118866112987,0
8,0.009269304463986227,0.0055887892682108227,0
8,0.010731512873443443,0.0064704060819008296,0
8,0.0067863807571344149,0.0040917473466131693,0
8,0.0096579149292164521,0.0058230961685862906,0
8,0.011325571539822644,0.0068285849196169819,0
8,0.0071039240016180132,0.004283205323191445,0
8,0.010151658177657211,0.0061207913170042089,0
8,0.011624002781404507,0.0070085195982901938,0
8,0.0073201209688063739,0.0044135580691538343,0
8,0.0098216404746251755,0.0059218120511713712,0
8,0.01171575783751373,0.0070638419447380512,0
8,0.0073991529116702532,0.0044612092036957623,0
8,0.0092158195270525128,0.0055565413209449363,0
8,0.011857108769557445,0.0071490673869626332,0
8,0.0079133163012264415,0.004771216372499317,0
8,0.0086987871413112088,0.0052448043335609025,0
8,0.0093335799552689887,0.0056275432197382272,0
8,0.012627166758948418,0.0076133623989270462,0
8,0.0091560064682859425,0.0055204779267353432,0
8,0.0083566926342674361,0.0050385435383622623,0
8,0.0090139868109685318,0.0054348492865526482,0
8,0.012467088001435552,0.0075168452928666757,0
8,0.011659337158617661,0.0070298239355179809,0
8,0.0091241064542980591,0.0055012442877364369,0
8,0.0087460228543233699,0.0052732844042052886,0
8,0.013159465343143493,0.007934303913621224,0
8,0.010141556066304415,0.0061147003992083667,0
8,0.0096901694678194691,0.0058425435629291993,0
8,0.0085619343784223301,0.0051622909955289092,0
8,0.010291051226573845,0.006204836282716065,0
8,0.011180139090340078,0.0067408985871552848,0
8,0.009963451048977473,0.0060073146278898527,0
8,0.006856531813195634,0.0041340438825390154,0
8,0.011132822371065396,0.0067123696749896832,0
8,0.011010996601890359,0.0066389166393274824,0
8,0.0077967679878932971,0.0047009453003476719,0
8,0.0071001299056261142,0.0042809177294410765,0
8,0.012634373042410121,0.0076177073203643466,0
8,0.011531203773879556,0.0069525678168624629,0
8,0.0086453177349956715,0.0052125657502502662,0
8,0.0080513691193679817,0.0048544532659980022,0
8,0.014632510098551477,0.0088224543409379675,0
8,0.012555647648647646,0.0075702410150439393,0
8,0.009651377263060458,0.0058191543800094102,0
8,0.0098594600710654699,0.0059446148143705736,0
8,0.015582726721688945,0.0093953733216985205,0
8,0.0096286456124094547,0.0058054486693273795,0
8,0.011490439258281141,0.0069279894584553785,0
8,0.013386145005383389,0.0080709770446603553,0
8,0.01542784379376059,0.0093019889638108078,0
8,0.011049889031503732,0.0066623662513326087,0
8,0.015155248009434706,0.0091376313898505219,0
8,0.021413206083039878,0.084971512014626188,1
8,0.01677928769866905,0.010116821966835632,0
8,0.014865947064393511,0.0089632016876855583,0
8,0.023607990344186185,0.093680816753593646,1
8,0.011186407247720687,0.0067446778794243338,0
8,0.028839778129437204,0.11444150606506182,1
8,0.02513444129462555,0.099738052870969249,1
8.0999999999999996,0.010207369727045201,0.039280739612273893,1
8.0999999999999996,0.0097526523241251179,0.037530863162325429,1
8.0999999999999996,0.0062442069563809583,0.0036510857809585592,0
8.0999999999999996,0.0058849490836941883,0.0034410220659300749,0
8.0999999999999996,0.0055360915602815728,0.0032370395983069259,0
8.0999999999999996,0.0046408214549506464,0.0027135611206516143,0
8.0999999999999996,0.0049958968227698328,0.0029211792594592101,0
8.0999999999999996,0.0050727758063588641,0.0029661316074190455,0
8.0999999999999996,0.0054935582957352271,0.0032121697311664377,0
8.0999999999999996,0.0050815693532519548,0.0029712733322609401,0
8.0999999999999996,0.0049887264677638578,0.002916986640382101,0
8.0999999999999996,0.0048816578541495811,0.0028543819420617554,0
8.0999999999999996,0.0048658200196252145,0.002845121311714775,0
8.0999999999999996,0.0046487745895234999,0.0027182114432235333,0
8.0999999999999996,0.0046160240356041809,0.0026990616804804602,0
8.0999999999999996,0.0044599448544839805,0.0026077997343482485,0
8.0999999999999996,0.0044142344595540497,0.002581072149222307,0
8.0999999999999996,0.0034210772096462173,0.002000357522252924,0
8.0999999999999996,0.0033769348743359702,0.0019745468061899579,0
8.0999999999999996,0.0036555900797963885,0.0021374808770101032,0
8.0999999999999996,0.003587738157734304,0.0020978067935624968,0
8.0999999999999996,0.0039988675755119078,0.0023382006148863778,0
8.0999999999999996,0.0038989560158165281,0.0022797807582888283,0
8.0999999999999996,0.004349718548083528,0.0025433486835106382,0
8.0999999999999996,0.004216019448280749,0.0024651727220752068,0
8.0999999999999996,0.0047284269719253596,0.0027647854409847249,0
8.0999999999999996,0.0045587811025924367,0.0026655908393889483,0
8.0999999999999996,0.004928060969685461,0.0028815145717949998,0
8.0999999999999996,0.004721281644649202,0.0027606074560139328,0
8.0999999999999996,0.0054915217031350737,0.0032109789035183519,0
8.0999999999999996,0.0034759717356201082,0.0020324552129021615,0
8.0999999999999996,0.0049656381300260764,0.0029034865270435705,0
8.0999999999999996,0.006060020051834235,0.0035433888079198761,0
8.0999999999999996,0.0038345860216151234,0.0022421426126938994,0
8.0999999999999996,0.0054574529845925548,0.0031910583892376778,0
8.0999999999999996,0.0067491740074468618,0.0039463479388079613,0
8.0999999999999996,0.0042670648776464261,0.0024950197855440905,0
8.0999999999999996,0.0060434215239274242,0.0035336833882166634,0
8.0999999999999996,0.0056517720925119619,0.0033046798205658119,0
8.0999999999999996,0.0047112074276756209,0.0027547169032818603,0
8.0999999999999996,0.0065833897805039759,0.0038494113001080179,0
8.0999999999999996,0.0064702365181457172,0.0037832488121970218,0
8.0999999999999996,0.0039432799920407048,0.0023056976826441723,0
8.0999999999999996,0.0060685213300188902,0.0035483596386621614,0
8.0999999999999996,0.0060211047710594491,0.0035206344326579168,0
8.0999999999999996,0.0036028051903845841,0.0021066167239595758,0
8.0999999999999996,0.0048216629698061286,0.0028193019918476155,0
8.0999999999999996,0.0067995387511074557,0.0039757969946649114,0
8.0999999999999996,0.0039724102233654243,0.0023227305859621879,0
8.0999999999999996,0.0052566237681479031,0.0030736303953091916,0
8.0999999999999996,0.0051336123608646872,0.0030017036953831917,0
8.0999999999999996,0.0045974112923652848,0.0026881785174689078,0
8.0999999999999996,0.0059837696443180103,0.0034988039982523666,0
8.0999999999999996,0.0061780256402247935,0.0036123885269964732,0
8.0999999999999996,0.0051667714570134832,0.003021092339177996,0
8.0999999999999996,0.0066933268223358022,0.0039136932134137018,0
8.0999999999999996,0.008840329041275595,0.005169079097964979,0
8.0999999999999996,0.0065904056278817775,0.0038535135761506609,0
8.0999999999999996,0.0087231092469211898,0.0051005388449906763,0
8.0999999999999996,0.01001350944867173,0.0058550560897374909,0
8.0999999999999996,0.0071999424364138859,0.0042099193119227961,0
8.0999999999999996,0.0095186977586800576,0.0055657319308489855,0
8.0999999999999996,0.010232204726299699,0.0059829306499639568,0
8.0999999999999996,0.0074710565189485302,0.00436844396984566,0
8.0999999999999996,0.0099099595598821141,0.0057945088450320177,0
8.0999999999999996,0.010798623456399413,0.0063141245687405182,0
8.0999999999999996,0.0057150543196060914,0.0033416819316657112,0
8.0999999999999996,0.010335575876244283,0.0060433733832622721,0
8.0999999999999996,0.011267888994565826,0.0065885114918296708,0
8.0999999999999996,0.0061943378641905614,0.0036219265402931597,0
8.0999999999999996,0.010589785666047787,0.0061920138359915907,0
8.0999999999999996,0.011543010626920994,0.0067493794270123081,0
8.0999999999999996,0.0065698667062668208,0.0038415041464202834,0
8.0999999999999996,0.010823484982017477,0.006328661492854523,0
8.0999999999999996,0.011612642466147875,0.0067900942559536281,0
8.0999999999999996,0.0070735604872012936,0.004136021803245832,0
8.0999999999999996,0.011209480890432416,0.0065543593569014217,0
8.0999999999999996,0.011990010906831047,0.0070107475042500925,0
8.0999999999999996,0.007750826415261188,0.0045320298178969584,0
8.0999999999999996,0.012398525653846559,0.0072496124865543748,0
8.0999999999999996,0.013918673319550788,0.0081384666782845713,0
8.0999999999999996,0.010095310582343373,0.0059028864960807056,0
8.0999999999999996,0.010527350275411754,0.0061555068834558717,0
8.0999999999999996,0.011281417898190592,0.0065964220540518067,0
8.0999999999999996,0.017079721381751598,0.0099867810780874099,0
8.0999999999999996,0.011225295199653769,0.0065636062316346113,0
8.0999999999999996,0.011223107840917245,0.0065623272486610212,0
8.0999999999999996,0.011188701596130592,0.0065422093774895095,0
8.0999999999999996,0.01418612132886354,0.0082948477256727573,0
8.0999999999999996,0.012251260673508024,0.0071635043419167729,0
8.0999999999999996,0.011717613223217927,0.0068514723046365399,0
8.0999999999999996,0.011359991806041336,0.0066423654508213567,0
8.0999999999999996,0.01412248383465182,0.0082576378843149511,0
8.0999999999999996,0.012484024794936785,0.0072996051758581291,0
8.0999999999999996,0.0095222683018295982,0.0055678196834514629,0
8.0999999999999996,0.0094469808558744518,0.0055237979325178837,0
8.0999999999999996,0.013555272584491254,0.0079259805666239223,0
8.0999999999999996,0.0097216190232920652,0.0056843831781658166,0
8.0999999999999996,0.009954181401482581,0.0058203660496703551,0
8.0999999999999996,0.010470572555791707,0.0061223080599338287,0
8.0999999999999996,0.014375274793445728,0.0084054487242910588,0
8.0999999999999996,0.010684534712312014,0.0062474150899844922,0
8.0999999999999996,0.011748423019071356,0.0068694872756873858,0
8.0999999999999996,0.013630606023276629,0.0079700292102869788,0
8.0999999999999996,0.01627314522202862,0.009515163342064847,0
8.0999999999999996,0.012828856974234441,0.0075012339616183522,0
8.0999999999999996,0.015872347344964923,0.0092808105347014971,0
8.0999999999999996,0.021662917042040219,0.083364806637311717,1
8.0999999999999996,0.012637251433936854,0.0073891991958554212,0
8.0999999999999996,0.017404223073047769,0.01017652230852144,0
8.0999999999999996,0.025410588747469983,0.097786868377979841,1
8.0999999999999996,0.018325661089568498,0.010715301574432151,0
8.0999999999999996,0.028303380202563688,0.10891911801121032,1
8.0999999999999996,0.031912084836064385,0.12280639659881387,1
8.1999999999999993,0.011969652327451955,0.043744236056767714,1
8.1999999999999993,0.011908954211346761,0.043522409002274484,1
8.1999999999999993,0.010217772085386196,0.005673805565883731,0
8.1999999999999993,0.0079069666304267937,0.0043906431756426103,0
8.1999999999999993,0.0068512911693559726,0.0038044393283912939,0
8.1999999999999993,0.0064582470226522675,0.003586186655639373,0
8.1999999999999993,0.0065041307659747805,0.0036116653447382614,0
8.1999999999999993,0.0068638976556846054,0.0038114395581576171,0
8.1999999999999993,0.0053800482968755451,0.0029874759112306038,0
8.1999999999999993,0.0053493568668066807,0.0029704333303925837,0
8.1999999999999993,0.0051138404660550944,0.0028396539144617439,0
8.1999999999999993,0.0050672765608523913,0.0028137975396766539,0
8.1999999999999993,0.0049081737290340996,0.0027254496566768371,0
8.1999999999999993,0.0048434413245470086,0.0026895045334344439,0
8.1999999999999993,0.0039652472314883232,0.0022018539486020603,0
8.1999999999999993,0.0039023939053129367,0.002166952254875865,0
8.1999999999999993,0.0039627964415795058,0.002200493054533445,0
8.1999999999999993,0.0038748823736693356,0.0021516754332692543,0
8.1999999999999993,0.0040896220507929456,0.0022709177852319289,0
8.1999999999999993,0.0039742125436735606,0.0022068322782957937,0
8.1999999999999993,0.0043499762618685366,0.0024154893375779338,0
8.1999999999999993,0.0042076574342938189,0.0023364614096426082,0
8.1999999999999993,0.0046516242034783644,0.0025829908002980751,0
8.1999999999999993,0.0044693674569131229,0.0024817858277815397,0
8.1999999999999993,0.005006360161772804,0.0027799713981985432,0
8.1999999999999993,0.0047796300387196212,0.0026540708962708736,0
8.1999999999999993,0.0040648741092753756,0.0022571755518807487,0
8.1999999999999993,0.005579719592544545,0.0030983509727652305,0
8.1999999999999993,0.0050567607568349415,0.0028079582405745249,0
8.1999999999999993,0.0041927815009136669,0.0023282009833085018,0
8.1999999999999993,0.0058474066372766849,0.0032469943591731569,0
8.1999999999999993,0.0061604646882880585,0.0034208317179857954,0
8.1999999999999993,0.0046915150020862325,0.0026051416794992828,0
8.1999999999999993,0.0064602654180386417,0.0035873074462463338,0
8.1999999999999993,0.0078515313694903031,0.0043598606440477311,0
8.1999999999999993,0.0045328586588190192,0.0025170417262051839,0
8.1999999999999993,0.0061508252629470508,0.0034154790613895548,0
8.1999999999999993,0.0075466768345866407,0.0041905785987577261,0
8.1999999999999993,0.004029615665012776,0.0022375969631600575,0
8.1999999999999993,0.0066090039096791571,0.0036699001361868442,0
8.1999999999999993,0.0077088464709050902,0.004280629441296771,0
8.1999999999999993,0.0041419775422620094,0.0022999901579976723,0
8.1999999999999993,0.0053928983631346449,0.0029946113979936258,0
8.1999999999999993,0.0059757743869748485,0.0033182754218775302,0
8.1999999999999993,0.0045517058717459216,0.0025275073561597801,0
8.1999999999999993,0.0058960359344615897,0.0032739976212078767,0
8.1999999999999993,0.0065163925755437092,0.0036184741796583021,0
8.1999999999999993,0.0049588875530690961,0.0027536104313224713,0
8.1999999999999993,0.0064743384007234089,0.0035951220037465565,0
8.1999999999999993,0.0073098030505481882,0.0040590454442639484,0
8.1999999999999993,0.0054200945056820946,0.0030097130878401811,0
8.1999999999999993,0.0071018332916309981,0.0039435623462050779,0
8.1999999999999993,0.0094135858128940354,0.0052272506309386478,0
8.1999999999999993,0.0066949684397358137,0.0037176352026013345,0
8.1999999999999993,0.0088295766745447174,0.0049029574022383835,0
8.1999999999999993,0.010345679747349793,0.0057448311474198642,0
8.1999999999999993,0.0057130263149818544,0.0031723745874450184,0
8.1999999999999993,0.0098801112481620833,0.0054863065767094465,0
8.1999999999999993,0.010893714461632063,0.0060491482124520228,0
8.1999999999999993,0.0061036549754795895,0.0033892859698485918,0
8.1999999999999993,0.010218029837115407,0.0056739486923092939,0
8.1999999999999993,0.01123932163630283,0.0062410597069412089,0
8.1999999999999993,0.0064653555059933435,0.0035901339106778046,0
8.1999999999999993,0.010496420566790779,0.0058285357058307317,0
8.1999999999999993,0.011553037887640954,0.0064152625564543805,0
8.1999999999999993,0.0067842505086243461,0.0037672124583044528,0
8.1999999999999993,0.010657282067625168,0.0059178601565175832,0
8.1999999999999993,0.011860994148147239,0.006586266952550505,0
8.1999999999999993,0.0070816336296054992,0.0039323457175827609,0
8.1999999999999993,0.010815214816302472,0.0060055583064657705,0
8.1999999999999993,0.011886309825831299,0.0066003244429454384,0
8.1999999999999993,0.0072922863674245338,0.0040493186414568118,0
8.1999999999999993,0.011315393629822489,0.0062833015671660041,0
8.1999999999999993,0.013126169209715235,0.0072888034004331605,0
8.1999999999999993,0.0082339871060072983,0.0045722337003676963,0
8.1999999999999993,0.0091520980964399992,0.0050820496567312587,0
8.1999999999999993,0.015585344410723507,0.0086543537206365106,0
8.1999999999999993,0.01036953855969858,0.0057580796580705912,0
8.1999999999999993,0.01081589934629411,0.0060059384177115604,0
8.1999999999999993,0.014230605076968373,0.0079020833129636869,0
8.1999999999999993,0.011977602966920669,0.0066510184227789402,0
8.1999999999999993,0.01182055758434696,0.0065638130165223789,0
8.1999999999999993,0.01535967317935211,0.008529041208484656,0
8.1999999999999993,0.01513443148466331,0.0084039672128704643,0
8.1999999999999993,0.01326048416296874,0.0073633868735213026,0
8.1999999999999993,0.013398964036782092,0.0074402830767483072,0
8.1999999999999993,0.01722095040784484,0.0095625859979381923,0
8.1999999999999993,0.015580916341710811,0.008651894867336557,0
8.1999999999999993,0.014418016142597032,0.0080061504166714422,0
8.1999999999999993,0.015060419798147101,0.0083628694162679439,0
8.1999999999999993,0.020504354926420446,0.011385820914205943,0
8.1999999999999993,0.015572116377565538,0.0086470083534145592,0
8.1999999999999993,0.012231178063127098,0.0067918256144252741,0
8.1999999999999993,0.013176243495402721,0.0073166090471501865,0
8.1999999999999993,0.02762265107909239,0.10094961292620695,1
8.1999999999999993,0.012187422800830997,0.0067675288451611217,0
8.1999999999999993,0.013725679201909943,0.0076217040662624755,0
8.1999999999999993,0.016355770026221721,0.0090821617700610115,0
8.1999999999999993,0.015291060882891375,0.0084909416280385657,0
8.1999999999999993,0.018329103018308823,0.010177929773132751,0
8.1999999999999993,0.025658351366716053,0.093770892278877763,1
8.1999999999999993,0.021932904474215451,0.012179077243245859,0
8.1999999999999993,0.029845628152799852,0.1090736946623172,1
8.1999999999999993,0.036482323552822805,0.13332813098789342,1
8.3000000000000007,0.020877292632276067,0.070706082911362406,1
8.3000000000000007,0.012755919688375127,0.0065640716518625035,0
8.3000000000000007,0.0096262914575043993,0.0049535955393601077,0
8.3000000000000007,0.0081446664184925167,0.0041911657691154174,0
8.3000000000000007,0.0074514065843693141,0.0038344210313220198,0
8.3000000000000007,0.0072572833779496358,0.0037345271257975664,0
8.3000000000000007,0.0072096437943239312,0.0037100122614817451,0
8.3000000000000007,0.0071319514900668197,0.0036700325607309848,0
8.3000000000000007,0.005550340464139312,0.0028561509784390238,0
8.3000000000000007,0.0054846681064605017,0.0028223566247678176,0
8.3000000000000007,0.0053271221452014794,0.0027412850122592951,0
8.3000000000000007,0.0052385937807163177,0.0026957291807787648,0
8.3000000000000007,0.0044478756694598769,0.0022888333656974911,0
8.3000000000000007,0.0050571435194848744,0.0026023566490390262,0
8.3000000000000007,0.0043591291785270575,0.0022431652884779959,0
8.3000000000000007,0.0041961634165375763,0.0021593046994626704,0
8.3000000000000007,0.0044209375785352507,0.002274971287281085,0
8.3000000000000007,0.0042332592349056042,0.0021783938451848815,0
8.3000000000000007,0.0045539251538160999,0.0023434053942899659,0
8.3000000000000007,0.0043342641146253179,0.0022303699695149968,0
8.3000000000000007,0.0047519781654487446,0.0024453215391845281,0
8.3000000000000007,0.0044349376112853235,0.0022821755673600548,0
8.3000000000000007,0.0041089660900525578,0.0021144338071333525,0
8.3000000000000007,0.0051631190988392067,0.0026568906468395475,0
8.3000000000000007,0.0050800050785495248,0.0026141209839862282,0
8.3000000000000007,0.0045284071911170032,0.0023302740999843834,0
8.3000000000000007,0.0060897355954805527,0.0031337184433719036,0
8.3000000000000007,0.0054029938941448745,0.00278032787303165,0
8.3000000000000007,0.0073170363978386109,0.0037652754460714734,0
8.3000000000000007,0.0063615672194396638,0.0032736003413847805,0
8.3000000000000007,0.0086451799006689624,0.0044487251172448576,0
8.3000000000000007,0.0073770694595675628,0.0037961678731403465,0
8.3000000000000007,0.0067117971084123158,0.0034538252206567505,0
8.3000000000000007,0.0084103231889856682,0.0043278701478603387,0
8.3000000000000007,0.0049258718083111542,0.0025348055089364297,0
8.3000000000000007,0.0075518976375368689,0.0038861327455282564,0
8.3000000000000007,0.0088817850677543782,0.0045704798246976614,0
8.3000000000000007,0.0052509992258747114,0.0027021129016614825,0
8.3000000000000007,0.0079980540341392375,0.0041157204684663098,0
8.3000000000000007,0.0092438849219407485,0.0047568128721042231,0
8.3000000000000007,0.0054613084582227408,0.0028103359779982472,0
8.3000000000000007,0.0068763058661208912,0.0035384798201947253,0
8.3000000000000007,0.0075979573059050207,0.0039098346008876236,0
8.3000000000000007,0.0056512167741399281,0.0029080609420477619,0
8.3000000000000007,0.0072253283546428008,0.0037180833829905191,0
8.3000000000000007,0.0079107237346576782,0.0040707811495320602,0
8.3000000000000007,0.0058540191529207032,0.0030124210648775052,0
8.3000000000000007,0.0076122324066940422,0.0039171804282921415,0
8.3000000000000007,0.0092821666047118463,0.004776512252062875,0
8.3000000000000007,0.0067005450090031815,0.0034480350002289153,0
8.3000000000000007,0.008828497947829415,0.0045430587933762102,0
8.3000000000000007,0.010173193162846119,0.0052350258139376785,0
8.3000000000000007,0.0071622557926979127,0.0036856268588051173,0
8.3000000000000007,0.0095536590793947086,0.0049162196271715364,0
8.3000000000000007,0.010672263800214254,0.0054918426882247266,0
8.3000000000000007,0.0061147351504194109,0.0031465829701086854,0
8.3000000000000007,0.0099824593747711698,0.0051368760699802823,0
8.3000000000000007,0.011230401777779956,0.0057790550387152766,0
8.3000000000000007,0.0064725107376355428,0.0033306907919785655,0
8.3000000000000007,0.010387818710186155,0.0053454700238008126,0
8.3000000000000007,0.011568551747071464,0.0059530637093348779,0
8.3000000000000007,0.0067467030424256252,0.0034717874732842382,0
8.3000000000000007,0.010368092626499599,0.0053353191738509508,0
8.3000000000000007,0.01177763775455549,0.0060606573261070005,0
8.3000000000000007,0.0069277849843279969,0.0035649704714955559,0
8.3000000000000007,0.010604789067340796,0.005457120849886774,0
8.3000000000000007,0.012389758503459209,0.0063756486833399456,0
8.3000000000000007,0.0073823275031245595,0.0037988736109859839,0
8.3000000000000007,0.011201205329989432,0.005764030831918841,0
8.3000000000000007,0.013902435331801704,0.0071540574010117231,0
8.3000000000000007,0.008305702021261914,0.0042740331170529021,0
8.3000000000000007,0.0094558814133954387,0.0048659041954934902,0
8.3000000000000007,0.011597594502321017,0.0059680088274512381,0
8.3000000000000007,0.0097889868857773382,0.005037317017285943,0
8.3000000000000007,0.010984669326090858,0.0056526035197750103,0
8.3000000000000007,0.013921327180794404,0.0071637789619382374,0
8.3000000000000007,0.0083730931062832147,0.0043087119110233364,0
8.3000000000000007,0.014281621035756146,0.00734918265978763,0
8.3000000000000007,0.029934513065561198,0.015404007976392922,0
8.3000000000000007,0.017299897075377844,0.0089023580225356478,0
8.3000000000000007,0.015422982407161471,0.0079365160709097046,0
8.3000000000000007,0.019961745483873083,0.010272119208448586,0
8.3000000000000007,0.03844000466368451,0.13018652392991445,1
8.3000000000000007,0.01977514628474351,0.010176097083569351,0
8.3000000000000007,0.019149618199226622,0.0098542064418991014,0
8.3000000000000007,0.024975142226293091,0.012851964193396978,0
8.3000000000000007,0.021691733775486374,0.01116235428208124,0
8.3000000000000007,0.024990478480948836,0.0128598560802143,0
8.3000000000000007,0.03511079482309553,0.1189113365210792,1
8.3000000000000007,0.018329175481680018,0.0094320146348173556,0
8.3000000000000007,0.036767947822826677,0.12452369246490778,1
8.3000000000000007,0.024120223358657277,0.012412031296296281,0
8.3000000000000007,0.037809349787159496,0.12805065618243192,1
8.4000000000000004,0.021576982027245409,0.060735903690705952,1
8.4000000000000004,0.014591541885593846,0.0062407232142499512,0
8.4000000000000004,0.011401753644894435,0.0048764681082197926,0
8.4000000000000004,0.0098413562734269676,0.0042090946273414011,0
8.4000000000000004,0.0089268846923472658,0.003817980098831537,0
8.4000000000000004,0.0074457359056593984,0.0031845008072450107,0
8.4000000000000004,0.0075300269899079304,0.0032205516461726951,0
8.4000000000000004,0.0077352269685444378,0.0033083145625444586,0
8.4000000000000004,0.00786777640193328,0.0033650052352966042,0
8.4000000000000004,0.0068849885826119195,0.0029446722227329156,0
8.4000000000000004,0.007202390210762839,0.0030804231752075014,0
8.4000000000000004,0.0074343924464797002,0.0031796492713629439,0
8.4000000000000004,0.0061469836656763309,0.0026290315280440494,0
8.4000000000000004,0.0060619113783150075,0.0025926465727879279,0
8.4000000000000004,0.0062305046980224961,0.0026647530199554316,0
8.4000000000000004,0.0065871567864623391,0.0028172911811167782,0
8.4000000000000004,0.0066858744140005462,0.002859512174255386,0
8.4000000000000004,0.0071285475127906032,0.0030488410543424568,0
8.4000000000000004,0.0071573828274655296,0.0030611737618173045,0
8.4000000000000004,0.0061467439731278167,0.0026289290128428786,0
8.4000000000000004,0.0076502308347227424,0.0032719621777436278,0
8.4000000000000004,0.0068564101144799761,0.0029324493671295058,0
8.4000000000000004,0.006618252938762963,0.0028305908365649766,0
8.4000000000000004,0.007704751197432207,0.003295280240761094,0
8.4000000000000004,0.007280951576500827,0.0031140234446477232,0
8.4000000000000004,0.0076478631435405496,0.0032709495290845114,0
8.4000000000000004,0.0071094862837960127,0.0030406886702276487,0
8.4000000000000004,0.0068521901476061775,0.00293064451021725,0
8.4000000000000004,0.008046907275729492,0.003441618537115831,0
8.4000000000000004,0.0076218868494282591,0.0032598396091762663,0
8.4000000000000004,0.0065650994758773371,0.0028078573891782001,0
8.4000000000000004,0.0089990960343221699,0.0038488644975968149,0
8.4000000000000004,0.010377782513271863,0.0044385212166614778,0
8.4000000000000004,0.0059437758723532011,0.0025421206585107743,0
8.4000000000000004,0.0094893071156544294,0.0040585251146268231,0
8.4000000000000004,0.010717118555198926,0.004583653398776975,0
8.4000000000000004,0.0061929238176466339,0.0026486798815295916,0
8.4000000000000004,0.0098815042391328916,0.0042262656942204423,0
8.4000000000000004,0.0092690993344699772,0.0039643434426163346,0
8.4000000000000004,0.0064262179741581575,0.0027484585251921745,0
8.4000000000000004,0.0086250487360963225,0.0036888864996876161,0
8.4000000000000004,0.010756057109121002,0.0046003072068046755,0
8.4000000000000004,0.0071870756555249384,0.0030738732231093313,0
8.4000000000000004,0.0095700457722843815,0.0040930565995561403,0
8.4000000000000004,0.0108169902582447,0.0046263679837421044,0
8.4000000000000004,0.0073234741514069364,0.0031322101189846037,0
8.4000000000000004,0.0097782859254032933,0.0041821197820420992,0
8.4000000000000004,0.010614736741600451,0.0045398652531614776,0
8.4000000000000004,0.0072605380270958026,0.0031052926804381546,0
8.4000000000000004,0.0095192414052659383,0.0040713278477132455,0
8.4000000000000004,0.010840603417239313,0.004636467203595283,0
8.4000000000000004,0.0073472482456020255,0.0031423781699489459,0
8.4000000000000004,0.0095016094252511861,0.004063786745624515,0
8.4000000000000004,0.011305762114250781,0.0048354130519168894,0
8.4000000000000004,0.0064742754898734082,0.0027690124636515125,0
8.4000000000000004,0.0098746170403708963,0.0042233200767159912,0
8.4000000000000004,0.012220823879390977,0.0052267799989439926,0
8.4000000000000004,0.006863945238910563,0.0029356720989233715,0
8.4000000000000004,0.010496054565545861,0.0044891055310547394,0
8.4000000000000004,0.013236494955390232,0.0056611770017918374,0
8.4000000000000004,0.0074416410040281994,0.0031827494400577558,0
8.4000000000000004,0.011194947990122096,0.0047880184528855526,0
8.4000000000000004,0.011349921338753916,0.004854299712397374,0
8.4000000000000004,0.0082857718252412633,0.0035437796076104588,0
8.4000000000000004,0.012213319060508107,0.0052235702286682877,0
8.4000000000000004,0.013003421577859567,0.0055614927841002634,0
8.4000000000000004,0.0096436178512988198,0.0041245229781627316,0
8.4000000000000004,0.010754386265926523,0.0045995925962451535,0
8.4000000000000004,0.030162942828240249,0.012900526825348042,0
8.4000000000000004,0.014990096241659456,0.0064111827476934155,0
8.4000000000000004,0.0085994147475741672,0.0036779229820211264,0
8.4000000000000004,0.013591433976921972,0.0058129824935406731,0
8.4000000000000004,0.013143162810046963,0.0056212593501381389,0
8.4000000000000004,0.012010089042706522,0.0051366498538462846,0
8.4000000000000004,0.018749143386867607,0.0080189067953981771,0
8.4000000000000004,0.016673061822604401,0.0071309779860675212,0
8.4000000000000004,0.029568428840855331,0.012646256421893806,0
8.4000000000000004,0.023010256572528091,0.0098413617617614316,0
8.4000000000000004,0.042195917297152087,0.1187750523156921,1
8.4000000000000004,0.039616168943342793,0.11151345533399312,1
8.4000000000000004,0.046436268356687814,0.1307109918850696,1
8.4000000000000004,0.044293519010688738,0.12467948026089565,1
8.4000000000000004,0.045625124475163599,0.12842774594245573,1
8.5,0.023056722880780183,0.085328847767063509,1
8.5,0.015292004267445215,0.0085988752673016085,0
8.5,0.012088287167042329,0.0067973871656580162,0
8.5,0.010296548777835307,0.0057898714305737306,0
8.5,0.0093024444325280325,0.0052308747733351641,0
8.5,0.0087882624791938667,0.0049417441659869461,0
8.5,0.0086211041266860567,0.0048477490429171535,0
8.5,0.0075866708213822081,0.0042660749334227826,0
8.5,0.0077820818006599443,0.0043759568434251026,0
8.5,0.0080171025723917138,0.0045081118092492184,0
8.5,0.0070896165985450633,0.0039865754519610103,0
8.5,0.007338178331388976,0.0041263446607297588,0
8.5,0.0077057679324694,0.0043330446507354381,0
8.5,0.0080979249807940253,0.0045535592075431038,0
8.5,0.0077307039302236787,0.0043470664578579505,0
8.5,0.008412572741465037,0.004730489373126809,0
8.5,0.0084793636833335167,0.004768046711463113,0
8.5,0.0090226192350126872,0.0050735257477921257,0
8.5,0.0089730637848210622,0.0050456601307310636,0
8.5,0.0081852738223853767,0.0046026764965819457,0
8.5,0.0084311550865343761,0.0047409384460299188,0
8.5,0.0077788422656931552,0.0043741352145126138,0
8.5,0.007454262328262789,0.0041916200682035045,0
8.5,0.0084329304256926061,0.0047419367402830323,0
8.5,0.0077549749063897475,0.0043607143154584076,0
8.5,0.0074782003761482696,0.0042050807162853365,0
8.5,0.0083960667897134585,0.0047212078807993395,0
8.5,0.0081695239022197292,0.0045938201297770617,0
8.5,0.0086415383693919778,0.00485923945981326,0
8.5,0.0090545284504546294,0.0050914686778792467,0
8.5,0.0073971229929380745,0.0041594899426345673,0
8.5,0.0099500233960072727,0.0055950161007438277,0
8.5,0.0079807039179896622,0.0044876444144181056,0
8.5,0.0094333381285894424,0.0053044778502126851,0
8.5,0.012079013328935781,0.0067921723765608701,0
8.5,0.0087168672469811834,0.0049015977806119515,0
8.5,0.0097516134078551794,0.0054834478125019319,0
8.5,0.013178738696502186,0.00741056098662178,0
8.5,0.007925109286931244,0.0044563828943686573,0
8.5,0.010705789639859457,0.0060199924183320323,0
8.5,0.013419654832556863,0.0075460309856868885,0
8.5,0.00814535544784885,0.0045802299213973073,0
8.5,0.011039483852409149,0.0062076326295791495,0
8.5,0.013194669471467907,0.0074195190502245566,0
8.5,0.0080781755121597937,0.0045424538472246543,0
8.5,0.011307264354387539,0.0063582087800468532,0
8.5,0.013389472833170872,0.0075290592896620299,0
8.5,0.0081985756645314295,0.0046101562800974884,0
8.5,0.011684583466011075,0.0065703797891621856,0
8.5,0.011561154047562999,0.0065009739640663816,0
8.5,0.0083499831400974719,0.0046952944983558419,0
8.5,0.010357877296896325,0.0058243571838151615,0
8.5,0.011950626213394858,0.0067199787796224202,0
8.5,0.0084987509986066603,0.0047789484286537435,0
8.5,0.010567796437475505,0.0059423972048935165,0
8.5,0.01244793604250456,0.0069996219915211457,0
8.5,0.0073514328266556222,0.0041337978205337727,0
8.5,0.010840642712442594,0.0060958218995612115,0
8.5,0.010957571900940431,0.0061615725683038429,0
8.5,0.0078452747129935177,0.0044114909671037587,0
8.5,0.011630573679527597,0.0065400094460035902,0
8.5,0.012210392852835589,0.0068660486401908097,0
8.5,0.0086201324560899965,0.0048472026610230402,0
8.5,0.012958575905100916,0.0072867608392604083,0
8.5,0.013923036797300014,0.0078290886314299288,0
8.5,0.0077073816403468477,0.004333952057803429,0
8.5,0.011851424238432877,0.0066641963331850983,0
8.5,0.012486697640319799,0.0070214180974432529,0
8.5,0.0091820527170920138,0.005163177084651238,0
8.5,0.014477132445000306,0.0081406631822474925,0
8.5,0.015010970901961622,0.008440846874588695,0
8.5,0.041458831898178818,0.02331279261930418,0
8.5,0.011351964938874706,0.006383344448573895,0
8.5,0.018195815716364486,0.010231722866106966,0
8.5,0.01847425364436053,0.010388291813554943,0
8.5,0.014621723509822901,0.0082219684519447209,0
8.5,0.024509758702683446,0.013782127851265988,0
8.5,0.024459527543655244,0.013753882275116428,0
8.5,0.020706277573051556,0.011643385326529294,0
8.5,0.038330027692321342,0.14185264379404927,1
8.5,0.037921463618149666,0.14034062051700555,1
8.5,0.040149044814941727,0.14858450399570619,1
8.5999999999999996,0.024920741865627854,0.086293668886458924,1
8.5999999999999996,0.016933455057494402,0.0089092774546045191,0
8.5999999999999996,0.013470912905759812,0.0070875140505428204,0
8.5999999999999996,0.01155845591841567,0.0060813041623425327,0
8.5999999999999996,0.010426097589347365,0.005485531208893381,0
8.5999999999999996,0.0097734712727623671,0.0051421618900573543,0
8.5999999999999996,0.008542552325296009,0.0044945327801165606,0
8.5999999999999996,0.0083939213029132539,0.00441633284913535,0
8.5999999999999996,0.0083369515090364072,0.004386359066557776,0
8.5999999999999996,0.0074420754461940099,0.0039155337621956587,0
8.5999999999999996,0.0076119158207726351,0.004004892668276981,0
8.5999999999999996,0.0078542780149631099,0.0041324078165570141,0
8.5999999999999996,0.0071052088986785803,0.0037382965990296344,0
8.5999999999999996,0.00807154673412421,0.0042467204181283096,0
8.5999999999999996,0.009059988517341435,0.0047667738900574663,0
8.5999999999999996,0.010236566985655395,0.0053858125910036959,0
8.5999999999999996,0.0086318842266973443,0.0045415333888186591,0
8.5999999999999996,0.0092779093062594319,0.0048814295681222607,0
8.5999999999999996,0.0092360591537507947,0.0048594107527682173,0
8.5999999999999996,0.0085865278361168251,0.0045176698201228882,0
8.5999999999999996,0.0085499422302724969,0.0044984208651869225,0
8.5999999999999996,0.0094356486384844663,0.0049644216965169258,0
8.5999999999999996,0.0094344606147007785,0.0049637966360389788,0
8.5999999999999996,0.010164922785565971,0.0053481180948454889,0
8.5999999999999996,0.010293114588750702,0.0054155642443820757,0
8.5999999999999996,0.0094013925340730078,0.004946398373002656,0
8.5999999999999996,0.010710525408081043,0.0056351785398310083,0
8.5999999999999996,0.0098002942279455871,0.0051562743762019921,0
8.5999999999999996,0.00942831256174354,0.0049605619323464557,0
8.5999999999999996,0.010337979158395563,0.0054391690490418658,0
8.5999999999999996,0.0099966689879358531,0.0052595939418721037,0
8.5999999999999996,0.010865737955648207,0.0057168412392633863,0
8.5999999999999996,0.010711988048379301,0.0056359480855728084,0
8.5999999999999996,0.009537519136093537,0.0050180192951497079,0
8.5999999999999996,0.012480943548584943,0.0065666568690236895,0
8.5999999999999996,0.011166447637608686,0.0058750550226156556,0
8.5999999999999996,0.013415975347145151,0.0070586094973541904,0
8.5999999999999996,0.012185590598490148,0.0064112614479181849,0
8.5999999999999996,0.013953846550932293,0.0073416021750511689,0
8.5999999999999996,0.0097273482827175042,0.005117894986820512,0
8.5999999999999996,0.014481253419521327,0.0076190892034083404,0
8.5999999999999996,0.015415822636005874,0.0081107984512802395,0
8.5999999999999996,0.010109572760522698,0.005318996528776692,0
8.5999999999999996,0.013469087189416811,0.0070865534779131958,0
8.5999999999999996,0.016267076485695947,0.0085586725977812809,0
8.5999999999999996,0.0092861611974739654,0.0048857711740205182,0
8.5999999999999996,0.013786303011426982,0.0072534517134878801,0
8.5999999999999996,0.014670009359547874,0.0077184002439013386,0
8.5999999999999996,0.0096125856485185478,0.0050575143884117263,0
8.5999999999999996,0.014281139502101926,0.0075138023374519327,0
8.5999999999999996,0.015318314482131919,0.0080594960328429083,0
8.5999999999999996,0.010061820861663621,0.0052938726001705537,0
8.5999999999999996,0.015074651068568248,0.0079312962679630276,0
8.5999999999999996,0.01616930972685289,0.0085072341183089727,0
8.5999999999999996,0.0089994148752809856,0.0047349039980761724,0
8.5999999999999996,0.016153705953085903,0.0084990244322551249,0
8.5999999999999996,0.014436333867665076,0.0075954554707019896,0
8.5999999999999996,0.0097960842032891841,0.005154059336351751,0
8.5999999999999996,0.014681294692176839,0.0077243378484373043,0
8.5999999999999996,0.016073315852205467,0.0084567284146429087,0
8.5999999999999996,0.011075253253385525,0.0058270744971654544,0
8.5999999999999996,0.017059502144552454,0.0089755951946718579,0
8.5999999999999996,0.014316626696262229,0.0075324733799406679,0
8.5999999999999996,0.010113882216256326,0.0053212638827619752,0
8.5999999999999996,0.021205141101277195,0.011156759497330306,0
8.5999999999999996,0.01763905170742211,0.0092805163012487073,0
8.5999999999999996,0.012838993795721492,0.006755039510581381,0
8.5999999999999996,0.028289122912571362,0.097957445202415061,1
8.5999999999999996,0.023251626578482898,0.012233486418170653,0
8.5999999999999996,0.017443337882318902,0.0091775444763242536,0
8.5999999999999996,0.027179377269182643,0.094114701530692374,1
8.5999999999999996,0.033399041154433748,0.017572392837273368,0
8.5999999999999996,0.026691426925713992,0.09242506381447356,1
8.5999999999999996,0.054285180040511326,0.18797463482894083,1
8.6999999999999993,0.027132502372294493,0.097365158884498842,1
8.6999999999999993,0.019086596971291416,0.010406894877399375,0
8.6999999999999993,0.015507864863627083,0.0084556047184016579,0
8.6999999999999993,0.012716396083697906,0.0069335669140743166,0
8.6999999999999993,0.011477830478161786,0.0062582436977375085,0
8.6999999999999993,0.010687566503708085,0.0058273552517821769,0
8.6999999999999993,0.0094192381184921535,0.0051358039922874982,0
8.6999999999999993,0.0091569489980427923,0.0049927918404561516,0
8.6999999999999993,0.0090279265630721431,0.0049224428453165121,0
8.6999999999999993,0.0081054904647469752,0.0044194880482498807,0
8.6999999999999993,0.008637419343117618,0.0047095202592187958,0
8.6999999999999993,0.0078048924763916058,0.0042555881309478405,0
8.6999999999999993,0.008568431557467315,0.0046719049297723183,0
8.6999999999999993,0.0095471089695424918,0.0052055250906459993,0
8.6999999999999993,0.01065694869209919,0.0058106610056958231,0
8.6999999999999993,0.010040013715674078,0.0054742795409693443,0
8.6999999999999993,0.010129616299719039,0.0055231350113448029,0
8.6999999999999993,0.0095410678990349683,0.0052022312197787454,0
8.6999999999999993,0.010191816386662444,0.0055570493737195498,0
8.6999999999999993,0.010390183784903482,0.0056652084480533762,0
8.6999999999999993,0.010923121216702115,0.0059557905689679525,0
8.6999999999999993,0.011163607939762159,0.0060869150460059768,0
8.6999999999999993,0.010316332586187671,0.0056249413610099724,0
8.6999999999999993,0.010533827595389816,0.005743529692944168,0
8.6999999999999993,0.011118666877975719,0.0060624111018825859,0
8.6999999999999993,0.01108108796776628,0.0060419213430877054,0
8.6999999999999993,0.011594445437468794,0.0063218275636548133,0
8.6999999999999993,0.011674018701246822,0.0063652145850518231,0
8.6999999999999993,0.010516829681745055,0.0057342616447581965,0
8.6999999999999993,0.0121227033557055,0.0066098581974819021,0
8.6999999999999993,0.010861741160906793,0.005922323325478103,0
8.6999999999999993,0.010889584403370789,0.0059375047482222712,0
8.6999999999999993,0.011212887157644244,0.0061137843533482289,0
8.6999999999999993,0.012125365744274528,0.0066113098547889819,0
8.6999999999999993,0.0122006281602146,0.0066523464026914461,0
8.6999999999999993,0.012690265296144948,0.0069193192008996573,0
8.6999999999999993,0.012575696283824343,0.0068568508798458119,0
8.6999999999999993,0.013182133494446913,0.0071875084774356331,0
8.6999999999999993,0.013214439820735439,0.0072051233797707816,0
8.6999999999999993,0.014161049262461669,0.0077212586009847099,0
8.6999999999999993,0.014296871684927097,0.0077953152636112385,0
8.6999999999999993,0.017625066129140297,0.0096100007083014822,0
8.6999999999999993,0.016593329683636859,0.0090474503099415224,0
8.6999999999999993,0.011250293226890523,0.0061341798712610486,0
8.6999999999999993,0.016848402549920254,0.0091865278264564344,0
8.6999999999999993,0.017721661471060499,0.0096626689534853663,0
8.6999999999999993,0.012208337364147387,0.0066565498170055651,0
8.6999999999999993,0.018826756136603826,0.010265217644128469,0
8.6999999999999993,0.0163788901806017,0.0089305279811992475,0
8.6999999999999993,0.011454633110980498,0.00624559542093619,0
8.6999999999999993,0.021476274811200683,0.011709857689900356,0
8.6999999999999993,0.018105917679262305,0.0098721831990451793,0
8.6999999999999993,0.012899785367226434,0.0070335592279579095,0
8.6999999999999993,0.020498340112426721,0.011176642490647724,0
8.6999999999999993,0.020323091532251189,0.011081088864506644,0
8.6999999999999993,0.014999366419195645,0.0081783478630031419,0
8.6999999999999993,0.02678091832677669,0.014602194522480448,0
8.6999999999999993,0.018857917067424752,0.010282208023912935,0
8.6999999999999993,0.014206986470850376,0.0077463056902789158,0
8.6999999999999993,0.04039701995480928,0.14496496535375239,1
8.6999999999999993,0.022986626001004411,0.012533370969081784,0
8.6999999999999993,0.019453507322204786,0.010606951359816253,0
8.6999999999999993,0.02123227841169719,0.011576819575043312,0
8.6999999999999993,0.030497810733630518,0.1094415895358566,1
8.6999999999999993,0.030693153309823525,0.016735325864096342,0
8.6999999999999993,0.051402472256585133,0.18445810156563225,1
8.8000000000000007,0.028913462808252532,0.094253429517454579,1
8.8000000000000007,0.020698634733406246,0.010252214677124135,0
8.8000000000000007,0.017003854562406159,0.0084221577682624602,0
8.8000000000000007,0.014908017638850505,0.0073840714236661463,0
8.8000000000000007,0.013604605043514493,0.0067384797741509494,0
8.8000000000000007,0.011973400488133959,0.0059305299021203328,0
8.8000000000000007,0.011968540855549447,0.0059281228836309445,0
8.8000000000000007,0.010789596368529138,0.0053441813759412182,0
8.8000000000000007,0.01102633900160244,0.0054614420710912175,0
8.8000000000000007,0.010031593235457218,0.0049687357996373955,0
8.8000000000000007,0.010548031564593781,0.00522453221742036,0
8.8000000000000007,0.0096597097187701691,0.0047845386437831428,0
8.8000000000000007,0.010420768050654743,0.0051614974867594809,0
8.8000000000000007,0.010283843390003921,0.005093677505699618,0
8.8000000000000007,0.0096228721182387567,0.0047662926583013718,0
8.8000000000000007,0.010555911332958702,0.0052284351355559597,0
8.8000000000000007,0.0099824861536596306,0.004944412632856574,0
8.8000000000000007,0.011366399644652374,0.0056298770795201545,0
8.8000000000000007,0.012768006088472651,0.0063241050003450226,0
8.8000000000000007,0.013071168252838061,0.0064742638698109169,0
8.8000000000000007,0.012155666461656106,0.0060208078317012734,0
8.8000000000000007,0.012579190512424432,0.0062305829953933156,0
8.8000000000000007,0.012914374964796053,0.006396602783964301,0
8.8000000000000007,0.013115958175338838,0.0064964487098626436,0
8.8000000000000007,0.013356261828963902,0.0066154732096131152,0
8.8000000000000007,0.013589076824324196,0.0067307885114786603,0
8.8000000000000007,0.01381443821431917,0.0068424119774667183,0
8.8000000000000007,0.013950866467074965,0.0069099860833578631,0
8.8000000000000007,0.012808620868112021,0.0063442218556492465,0
8.8000000000000007,0.014239617400262241,0.007053006944075701,0
8.8000000000000007,0.013187781795854768,0.0065320235767996008,0
8.8000000000000007,0.013796295500763139,0.0068334257328859678,0
8.8000000000000007,0.014696831275512662,0.0072794689722626088,0
8.8000000000000007,0.014562667862199953,0.0072130166611409632,0
8.8000000000000007,0.01597329727011957,0.0079117137349395354,0
8.8000000000000007,0.015453836666785683,0.0076544203583337718,0
8.8000000000000007,0.017297232793567912,0.0085674705701068686,0
8.8000000000000007,0.01665778209841412,0.0082507450523811848,0
8.8000000000000007,0.01595291973972051,0.0079016205660454725,0
8.8000000000000007,0.015223170526237822,0.007540169403036528,0
8.8000000000000007,0.018486752431884225,0.0091566500426539937,0
8.8000000000000007,0.035382577309285707,0.017525299763818905,0
8.8000000000000007,0.017405216797982861,0.0086209559912091022,0
8.8000000000000007,0.018214353167761096,0.0090217283065274195,0
8.8000000000000007,0.034746810393706591,0.017210398854310582,0
8.8000000000000007,0.022679055237892067,0.011233134260684799,0
8.8000000000000007,0.017740816915584285,0.008787181662401073,0
8.8000000000000007,0.046589073108869686,0.15187319304061525,1
8.8000000000000007,0.026239597569141061,0.012996701994359448,0
8.8000000000000007,0.021230787186084604,0.010515794437629374,0
8.8000000000000007,0.025480539977811266,0.012620734135665168,0
8.8000000000000007,0.028449237152271389,0.092740125475099452,1
8.8000000000000007,0.032357563281245769,0.016026983878920258,0
8.8000000000000007,0.028223191587663225,0.092003251796812555,1
8.8000000000000007,0.031867212050625433,0.015784108629017995,0
8.8000000000000007,0.050384087535197776,0.16424435477664726,1
8.9000000000000004,0.031641563447265833,0.08451708453840584,1
8.9000000000000004,0.023252733392787054,0.0094371209796446833,0
8.9000000000000004,0.020196846199222483,0.0081968892761856201,0
8.9000000000000004,0.018522860198914422,0.0075175021204356186,0
8.9000000000000004,0.016203106110421105,0.006576030010196415,0
8.9000000000000004,0.0158588846197983,0.0064363277310738798,0
8.9000000000000004,0.014347072728510097,0.0058227589314170675,0
8.9000000000000004,0.01445705131733589,0.0058673937375874931,0
8.9000000000000004,0.013263633734415872,0.0053830452560990789,0
8.9000000000000004,0.012590467189252781,0.0051098406388679638,0
8.9000000000000004,0.011594683726469875,0.0047057019576612711,0
8.9000000000000004,0.011970499970509285,0.0048582269662787838,0
8.9000000000000004,0.011142646881854394,0.0045222428211445969,0
8.9000000000000004,0.011956793276900701,0.0048526641051892892,0
8.9000000000000004,0.011224154636427572,0.0045553227402961617,0
8.9000000000000004,0.012121992224718221,0.0049197100919956211,0
8.9000000000000004,0.011469727777187797,0.0046549885903086358,0
8.9000000000000004,0.012546880994071653,0.0050921511831803889,0
8.9000000000000004,0.013754527297244289,0.0055822743902522965,0
8.9000000000000004,0.013219638407421561,0.0053651897542803919,0
8.9000000000000004,0.014678553286130172,0.0059572903033559511,0
8.9000000000000004,0.015703004799195296,0.0063730639116997591,0
8.9000000000000004,0.016067095826050558,0.0065208302413606841,0
8.9000000000000004,0.015149955820950025,0.0061486090045193209,0
8.9000000000000004,0.015411204571903302,0.0062546368003436126,0
8.9000000000000004,0.016124525832656608,0.0065441382073983968,0
8.9000000000000004,0.016666276017118248,0.0067640074995434342,0
8.9000000000000004,0.017545604933534326,0.0071208831074533619,0
8.9000000000000004,0.015847470257656805,0.0064316952126247506,0
8.9000000000000004,0.017292308167761752,0.0070180826245178803,0
8.9000000000000004,0.018222827532078458,0.0073957338737977952,0
8.9000000000000004,0.019230896627867946,0.007804858678701696,0
8.9000000000000004,0.020520798359519109,0.0083283652483517497,0
8.9000000000000004,0.021456703885110485,0.0087082024709839723,0
8.9000000000000004,0.02352739187057179,0.0095485911126030575,0
8.9000000000000004,0.0403867783155143,0.016390972472071871,0
8.9000000000000004,0.020298984937453673,0.0082383422792848167,0
8.9000000000000004,0.02255670888035257,0.0091546394572495568,0
8.9000000000000004,0.023853435858579512,0.0096809160529676662,0
8.9000000000000004,0.028720419830409679,0.01165618131629367,0
8.9000000000000004,0.022642716680414843,0.0091895457196949238,0
8.9000000000000004,0.04702356963535477,0.12560362312034593,1
8.9000000000000004,0.046110648862680764,0.018714005120018147,0
8.9000000000000004,0.069120151207987146,0.184625316403499,1
8.9000000000000004,0.057243274285754063,0.1529012515493221,1
8.9000000000000004,0.05726292958666452,0.15295375239149586,1
9,0.038342371578743616,0.13099725188536801,1
9,0.027988226977047469,0.01452906068938343,0
9,0.02459595418141574,0.012768086785495321,0
9,0.021403698874558678,0.011110944618991949,0
9,0.01893773155620369,0.0098308282023358458,0
9,0.017031644136946762,0.0088413528841470544,0
9,0.016772980968265377,0.0087070773947077983,0
9,0.015400768463931347,0.007994743641999924,0
9,0.015689732940611045,0.0081447489432359844,0
9,0.014541999432102191,0.0075489452214053971,0
9,0.014931165796676063,0.0077509666546958112,0
9,0.013920275634712449,0.0072262001332039439,0
9,0.014486926509818837,0.0075203561353281443,0
9,0.013643135596763847,0.0070823330553031047,0
9,0.01435881287292488,0.0074538506433190791,0
9,0.013608916948194952,0.0070645696999403701,0
9,0.014526446760895182,0.007540871623030126,0
9,0.015392825893150906,0.0079906205479220675,0
9,0.014762038079619694,0.0076631702084477508,0
9,0.015774796198615892,0.0081889064112671897,0
9,0.016944189099318139,0.0087959538115176747,0
9,0.016096175551357544,0.0083557387055789179,0
9,0.017295878653675809,0.0089785205344213859,0
9,0.017650647307870183,0.009162685658982794,0
9,0.018868337541542744,0.0097948048468258428,0
9,0.019216451606548397,0.009975515485675629,0
9,0.020639958793926581,0.010714476990245112,0
9,0.019139246511442175,0.0099354372944687411,0
9,0.023525542798013555,0.012212422006700611,0
9,0.021286039526730832,0.011049866087412728,0
9,0.022965877616367193,0.011921892370916854,0
9,0.023807565191702615,0.012358823580370637,0
9,0.026180459804525793,0.013590624718309522,0
9,0.02291689017919803,0.011896462341060664,0
9,0.030773074514748918,0.015974712066983227,0
9,0.026806088436420478,0.013915396858011984,0
9,0.069101497728092431,0.23608623908285967,1
9,0.029982612459915483,0.015564372706195991,0
9,0.025916870775242226,0.013453792149149026,0
9,0.039295752370420656,0.020398947439329834,0
9,0.032492532500699257,0.016867305565356837,0
9,0.058527890854946994,0.19996136245508803,1
9,0.044459970776095287,0.023079761865009929,0
9.0999999999999996,0.042179713854621013,0.12999945192933696,1
9.0999999999999996,0.03334412722226919,0.015614791291319185,0
9.0999999999999996,0.027736861269028783,0.01298895295429732,0
9.0999999999999996,0.025778935979871884,0.012072072013003329,0
9.0999999999999996,0.023028034182815755,0.010783846439197978,0
9.0999999999999996,0.022403319095628187,0.010491297300396191,0
9.0999999999999996,0.0205996070181774,0.0096466331875440826,0
9.0999999999999996,0.019060820698370395,0.008926031713540698,0
9.0999999999999996,0.01915743747188349,0.0089712765851065693,0
9.0999999999999996,0.017889149438569202,0.0083773473211774807,0
9.0999999999999996,0.018242686223843712,0.0085429058040571437,0
9.0999999999999996,0.017136102710596689,0.0080247014890787935,0
9.0999999999999996,0.017586207978330642,0.0082354822292055006,0
9.0999999999999996,0.016660130989855353,0.007801807693406662,0
9.0999999999999996,0.017272389677465673,0.0080885235987174838,0
9.0999999999999996,0.016455764740044742,0.0077061045935321185,0
9.0999999999999996,0.017313565876667339,0.0081078060874273522,0
9.0999999999999996,0.018320523132522908,0.0085793562133206804,0
9.0999999999999996,0.017647526542585341,0.0082641972283037848,0
9.0999999999999996,0.019297220755635166,0.009036735992313364,0
9.0999999999999996,0.018684657177818479,0.0087498773093281582,0
9.0999999999999996,0.02081126652632069,0.0097457516626641479,0
9.0999999999999996,0.020004235380705337,0.0093678253543707391,0
9.0999999999999996,0.02283890246168661,0.010695277548721002,0
9.0999999999999996,0.028896854188453266,0.013532168472144925,0
9.0999999999999996,0.024618122725717319,0.011528472338883952,0
9.0999999999999996,0.032982312944580469,0.015445356524151084,0
9.0999999999999996,0.028450446431043688,0.013323119246885218,0
9.0999999999999996,0.033439540524535662,0.01565947258681015,0
9.0999999999999996,0.028107634723909612,0.013162583233348644,0
9.0999999999999996,0.041388835596101216,0.019382064653118886,0
9.0999999999999996,0.032712013306553156,0.015318777339583409,0
9.0999999999999996,0.056801156266401191,0.17506328300460502,1
9.0999999999999996,0.039509359656219732,0.018501920922180105,0
9.0999999999999996,0.03919781269084803,0.018356025940155382,0
9.0999999999999996,0.052409011522036697,0.16152652902069561,1
9.0999999999999996,0.052037713018286004,0.16038217317807088,1
9.1999999999999993,0.053053546772869789,0.12837154462686437,1
9.1999999999999993,0.042365298933388286,0.015575555920613016,0
9.1999999999999993,0.035753958890721846,0.013144903968725479,0
9.1999999999999993,0.033275071870746437,0.012233543860982205,0
9.1999999999999993,0.030056372464999263,0.011050192536949674,0
9.1999999999999993,0.027559675182419547,0.010132284505595847,0
9.1999999999999993,0.027124897001344489,0.009972438781786731,0
9.1999999999999993,0.025350750138437329,0.0093201756237233594,0
9.1999999999999993,0.025413828076401909,0.0093433661587805777,0
9.1999999999999993,0.023989040438314589,0.0088195445384747738,0
9.1999999999999993,0.02269625291842001,0.0083442526175739294,0
9.1999999999999993,0.023237235434497912,0.0085431442492485653,0
9.1999999999999993,0.022178920928885126,0.0081540560761735742,0
9.1999999999999993,0.023436407500952681,0.0086163696421289026,0
9.1999999999999993,0.022529327561135546,0.0082828826921299854,0
9.1999999999999993,0.02448489771528066,0.0090018459252340487,0
9.1999999999999993,0.023706067550462617,0.0087155098650576052,0
9.1999999999999993,0.026293371934489222,0.0096667294983810003,0
9.1999999999999993,0.025655490030250427,0.0094322129123930194,0
9.1999999999999993,0.029245497477006895,0.010752075232502947,0
9.1999999999999993,0.028733620455351421,0.01056388420409058,0
9.1999999999999993,0.033730635797075546,0.01240103144135098,0
9.1999999999999993,0.033056075905456526,0.012153030233328478,0
9.1999999999999993,0.041284355359858957,0.015178148195413075,0
9.1999999999999993,0.040681315225789855,0.014956441148205983,0
9.1999999999999993,0.082122182522340922,0.19870775960850887,1
9.1999999999999993,0.090176138495301594,0.21819559466375968,1
9.1999999999999993,0.082809767417800717,0.20037148127202281,1
9.3000000000000007,0.063347793216888909,0.22445124167883582,1
9.3000000000000007,0.048697177837988055,0.026216411928998973,0
9.3000000000000007,0.043815709837725744,0.023588444937998682,0
9.3000000000000007,0.039039597189778716,0.021017196620191553,0
9.3000000000000007,0.035560535292795986,0.019144223198174617,0
9.3000000000000007,0.035169487219873841,0.018933700169553213,0
9.3000000000000007,0.032891282455121788,0.017707215243259269,0
9.3000000000000007,0.030963047696979478,0.01666913872713233,0
9.3000000000000007,0.03154390540887405,0.016981846890587435,0
9.3000000000000007,0.030001714282366077,0.016151599232698717,0
9.3000000000000007,0.028611474248296985,0.015403155338586463,0
9.3000000000000007,0.029804653136721364,0.016045510206623943,0
9.3000000000000007,0.028668274597999772,0.01543373414071897,0
9.3000000000000007,0.027626781847582927,0.014873040396682444,0
9.3000000000000007,0.029655526338542959,0.01596522691826369,0
9.3000000000000007,0.028775631013806657,0.015491530098205008,0
9.3000000000000007,0.027962798867860877,0.015053937134642677,0
9.3000000000000007,0.031157463485379983,0.016773803609585393,0
9.3000000000000007,0.030502785407620515,0.016421353818253982,0
9.3000000000000007,0.035059866085641912,0.018874684987591143,0
9.3000000000000007,0.034556222614231115,0.018603545564362466,0
9.3000000000000007,0.041183061915537049,0.022171143454497073,0
9.3000000000000007,0.040571611972774146,0.021841965783734187,0
9.3000000000000007,0.052501593603555941,0.028264541518584787,0
9.3000000000000007,0.052044350117842419,0.028018381800393354,0
9.3000000000000007,0.090287654308212575,0.31990342660184384,1
9.4000000000000004,0.077840677474015962,0.21370087623128697,1
9.4000000000000004,0.064743704544298702,0.027006989688327789,0
9.4000000000000004,0.056470367732901136,0.023555875429016344,0
9.4000000000000004,0.051148252773992625,0.02133582477193675,0
9.4000000000000004,0.050407737980362403,0.021026928709587677,0
9.4000000000000004,0.047338701233194669,0.019746720164722183,0
9.4000000000000004,0.044870172003182079,0.018717005477718589,0
9.4000000000000004,0.042805200299214183,0.017855629535327284,0
9.4000000000000004,0.044424900577397369,0.018531266325328154,0
9.4000000000000004,0.042830141243243094,0.017866033323972786,0
9.4000000000000004,0.041415261047745483,0.017275834553003817,0
9.4000000000000004,0.040143522083809544,0.016745345274903234,0
9.4000000000000004,0.043545128978781662,0.018164281107859774,0
9.4000000000000004,0.042583464064292552,0.017763135164604954,0
9.4000000000000004,0.041730821904453916,0.017407466637747029,0
9.4000000000000004,0.047892272932950807,0.019977635360142226,0
9.4000000000000004,0.047303869980116507,0.01973219076299371,0
9.4000000000000004,0.057689644505236656,0.15837898615869384,1
9.4000000000000004,0.057479295186520646,0.15780150102902915,1
9.4000000000000004,0.057336863454289816,0.15741047429379773,1
9.5,0.1855182518997934,0.21598565984118717,1
9.5,0.16633560858081231,0.029424049532155327,0
9.5,0.1678494577673891,0.19541514389353404,1
9.5,0.16280843821429161,0.18954624461651737,1
9.5,0.1596924481153647,0.18591851973940468,1
9.5,0.15779579542234901,0.18371038237720147,1
9.5999999999999996,1,1,1
9.6999999999999993,1,1,1
9.8000000000000007,1,1,1
