event_id,Mw,area_km2,slip_m,mean_depth_km,is_edge_touching,conditional_probability,rate_mean,rate_p0.025,rate_p0.16,rate_p0.5,rate_p0.84,rate_p0.975
1,7.2000000000000002,3162.8647653082608,0.74610185903742654,5.3337303100102869,1,0.020215009953256365,0.00011293325263321666,1.6019387000421791e-05,3.8687827154973663e-05,8.7691345697513297e-05,0.00018913815458300689,0.00034718895355598597
2,7.2000000000000002,2834.4420295497303,0.83255161216168538,8.6288789234927936,1,0.012160901796519194,6.7938140916562299e-05,9.6369080501582581e-06,2.3273739060244958e-05,5.2753169347823722e-05,0.00011378132037418562,0.00020886117685786648
3,7.2000000000000002,2787.6450016408144,0.84652790433913661,19.723037660084497,1,0.017941164951288811,0.00010023018136836116,1.4217478262819342e-05,3.4336104221532776e-05,7.7827559897201111e-05,0.00016786332719116292,0.00030813609785088877
4,7.2000000000000002,2771.0619917425693,0.8515938251516727,35.807976464209794,1,0.017835915879956699,9.9642196500204013e-05,1.4134073623939484e-05,3.413467677285312e-05,7.7370996545519959e-05,0.00016687858292591836,0.00030632846505609766
5,7.2000000000000002,2573.2419237855411,0.91706079380554162,2.2638614283427203,0,0.0025356719712383989,1.4165794822015588e-05,2.0093935500064881e-06,4.852811805278384e-06,1.0999573481265726e-05,2.3724564982993256e-05,4.354968413526258e-05
6,7.2000000000000002,2527.8788701421913,0.93351754672791321,8.7376628005085148,0,0.0013838729050645428,7.7311497130745666e-06,1.0966502453814414e-06,2.6484793170712189e-06,6.0031470476663501e-06,1.2947961343900751e-05,2.3767754103254567e-05
7,7.2000000000000002,2529.285541965518,0.93299836737557207,19.775770255808808,0,0.0013846429795509479,7.7354518141727445e-06,1.0972604909982085e-06,2.6499530986174751e-06,6.0064875786953391e-06,1.2955166409225323e-05,2.3780979986185784e-05
8,7.2000000000000002,2557.887109266534,0.92256584457206114,35.801968883643013,0,0.0016803608938091472,9.387510655415582e-06,1.3316021867190429e-06,3.2159030328448188e-06,7.2892918863917631e-06,1.5721998615059674e-05,2.8859878954648782e-05
9,7.2000000000000002,2370.6437531739584,0.99543395253757616,5.4925578877506362,0,0.0012977954348712211,7.2502689858402646e-06,1.0284381440650151e-06,2.483742802151018e-06,5.6297488048287769e-06,1.2142592763762303e-05,2.2289389913958098e-05
10,7.2000000000000002,2400.1876113700778,0.98318117721365661,14.246941107607697,0,0.0010511752415604634,5.8724996619557611e-06,8.3300394304808925e-07,2.0117569147438327e-06,4.5599270893011283e-06,9.8351346742753275e-06,1.8053734970461812e-05
11,7.2000000000000002,2433.9422266565389,0.96954613607329021,27.785158802990907,0,0.0013324478240418951,7.4438581569366594e-06,1.055898433913887e-06,2.5500611292674467e-06,5.7800685249296734e-06,1.2466811695872089e-05,2.2884538111371824e-05
12,7.2000000000000002,2174.727203290021,1.0851104808503942,5.5629694172185316,0,0.0021429756617519493,1.1971956103661601e-05,1.6982013136510722e-06,4.101262981857672e-06,9.2960834553423534e-06,2.0050371625702335e-05,3.6805199662034035e-05
13,7.2000000000000002,2197.8142569054226,1.0737118816415141,14.455072758507351,0,0.0014438170925452117,8.0660341422339402e-06,1.1441530237574664e-06,2.7632015145650606e-06,6.2631808779280622e-06,1.3508818500255756e-05,2.47972841292749e-05
14,7.2000000000000002,2217.6213624007537,1.064121820474246,28.017568996082009,0,0.002185243555797029,1.2208090083684602e-05,1.7316965112278553e-06,4.182155990706147e-06,9.479438720424273e-06,2.0445843678215897e-05,3.7531142708139858e-05
15,7.2000000000000002,1982.1130554194858,1.1905573573758865,5.8669816864756754,0,0.0019531737268834305,1.0911607881704535e-05,1.5477927481782727e-06,3.7380168362039093e-06,8.4727355013666468e-06,1.827452349204693e-05,3.354538750748759e-05
16,7.2000000000000002,2024.2722072382796,1.1657618342248426,15.03505725156996,0,0.0013298115632801727,7.429130412389461e-06,1.0538093287651036e-06,2.5450158089376129e-06,5.7686326040797933e-06,1.2442145989714894e-05,2.2839260833879529e-05
17,7.2000000000000002,2030.4990278501341,1.1621868559961899,28.530589885404837,0,0.0020008532524497693,1.1177974503272677e-05,1.5855763937866515e-06,3.8292667167732003e-06,8.6795660579085062e-06,1.8720628514891994e-05,3.4364274296348972e-05
18,7.2000000000000002,1871.1301122277282,1.2611732694905522,6.1079892678228092,0,0.0018438111614224699,1.0300642551369398e-05,1.461128370395175e-06,3.5287169130496997e-06,7.9983280904190621e-06,1.7251292048699688e-05,3.1667106232910598e-05
19,7.2000000000000002,1934.517967776025,1.2198487274808725,15.456844496684619,0,0.0012708490259971251,7.0997300740132133e-06,1.0070844592029304e-06,2.4321723101562644e-06,5.5128571059699179e-06,1.1890473469293953e-05,2.1826590463415057e-05
20,7.2000000000000002,1936.6170662041641,1.2185265339553133,28.876695148945448,0,0.0019083419900806414,1.0661150727835081e-05,1.5122658331084515e-06,3.6522171018236557e-06,8.2782584598374125e-06,1.7855063299584118e-05,3.2775410949343454e-05
21,7.2000000000000002,1915.928393628471,1.2316844873368864,6.0738250079909637,0,0.0018879553771130042,1.0547258797139351e-05,1.4961104592792247e-06,3.6132008579241447e-06,8.1898227118719025e-06,1.7664319571838599e-05,3.2425274746633121e-05
22,7.2000000000000002,1952.2680391630181,1.2087578313745155,15.381810410372578,0,0.0012825096367070231,7.1648732868141728e-06,1.0163249115230157e-06,2.4544885836930624e-06,5.5634400464270441e-06,1.1999573904865378e-05,2.2026859235953606e-05
23,7.2000000000000002,1962.5611238241709,1.2024182343336216,28.805670442277744,0,0.0019339072582037671,1.0803973753411668e-05,1.5325250328209862e-06,3.7011443433439462e-06,8.3891588635482459e-06,1.809426019562368e-05,3.3214489570010492e-05
24,7.2000000000000002,2039.4963491280732,1.1570598213080101,6.1042931229013497,0,0.0020097192106676171,1.122750509967441e-05,1.5926022234127404e-06,3.846234537213974e-06,8.7180259849042767e-06,1.8803581280179338e-05,3.4516545443533336e-05
25,7.2000000000000002,2047.0391061209616,1.1527963848977016,15.343430460938306,0,0.0013447678943931342,7.5126855095153983e-06,1.0656614751038385e-06,2.5736394877935115e-06,5.8335121567006366e-06,1.2582082248592781e-05,2.309613297790286e-05
26,7.2000000000000002,2047.7546933220469,1.1523935405818371,28.728533875744354,0,0.0020178569810451082,1.1272967599076456e-05,1.5990510004996198e-06,3.8618087394784911e-06,8.7533270823081179e-06,1.8879720885115369e-05,3.4656310102970715e-05
27,7.2000000000000002,2192.132691069527,1.0764947262973972,6.1214000210834207,0,0.0021601270252130642,1.2067773976976385e-05,1.7117929136306822e-06,4.1340875506602638e-06,9.3704849098026837e-06,2.0210845315357633e-05,3.7099771069413612e-05
28,7.2000000000000002,2184.2319103528116,1.0803886117107837,15.339477803574482,0,0.0014348943985332322,8.0161865854257149e-06,1.1370822338446857e-06,2.7461251122041221e-06,6.2244748348953404e-06,1.3425334896575274e-05,2.4644038555610446e-05
29,7.2000000000000002,2183.8719808526398,1.0805666733079902,28.700049327439647,0,0.0021519869233571653,1.2022298452528063e-05,1.705342288963466e-06,4.1185088863730289e-06,9.3351736986032248e-06,2.013468389635747e-05,3.695996636727774e-05
30,7.2000000000000002,2318.4326509414009,1.0178511246907525,6.3033331013809395,0,0.0022845829752173728,1.276306006766067e-05,1.8104180457594451e-06,4.3722734478380743e-06,9.9103664018809121e-06,2.1375295333691562e-05,3.9237278354630229e-05
31,7.2000000000000002,2319.6997325789953,1.0172951473580885,15.610590349712748,0,0.0015238877047716935,8.5133569335646932e-06,1.2076049897759195e-06,2.9164420033490912e-06,6.6105217772498986e-06,1.4257984979414909e-05,2.617248167475131e-05
32,7.2000000000000002,2322.5353665078328,1.0160531095932006,28.902851994326202,0,0.002288625790147289,1.278564567315309e-05,1.8136217749232281e-06,4.3800106552690776e-06,9.9279038595635988e-06,2.141312121440758e-05,3.9306712932608863e-05
33,7.2000000000000002,2489.1566259882552,0.9480396920959373,6.5389313385362238,0,0.0024528143390635934,1.3702902054283851e-05,1.943733009704207e-06,4.694237470689304e-06,1.0640142677940902e-05,2.2949322246091421e-05,4.2126620051919717e-05
34,7.2000000000000002,2470.4627988683569,0.95521344517368512,15.977042423088125,0,0.0016229289642180663,9.0666612158793002e-06,1.2860902474012837e-06,3.1059888368917056e-06,7.0401560609090038e-06,1.5184646953986245e-05,2.787349648036183e-05
35,7.2000000000000002,2448.6353683515081,0.96372833284245418,29.193026601587711,0,0.002412884701558825,1.347983098727444e-05,1.912090763796116e-06,4.6178194566632271e-06,1.0466930611555399e-05,2.2575727676101921e-05,4.1440836117446949e-05
36,7.2000000000000002,2616.1274102420584,0.90202765814915886,6.4196750679806946,0,0.0022790407315127314,1.2732097747587694e-05,1.8060260940878606e-06,4.3616666083167625e-06,9.8863245236049474e-06,2.1323440313636215e-05,3.9142091372451339e-05
37,7.2000000000000002,2580.2062416489935,0.91458552544711391,15.868529246714962,0,0.0014984986580801006,8.3715183873177078e-06,1.187485436757402e-06,2.8678520173780147e-06,6.5003858101882485e-06,1.4020436867938658e-05,2.5736429623675359e-05
38,7.2000000000000002,2563.4814404352019,0.9205525127109333,29.148309507683813,0,0.0014887854453256399,8.3172545154513985e-06,1.1797882001747371e-06,2.8492627069085665e-06,6.4582505503266668e-06,1.3929556915878338e-05,2.5569607040867546e-05
39,7.2000000000000002,2587.9306295837223,0.91185569439318881,36.6622882411272,0,0.0015029847277468731,8.3965802814339766e-06,1.1910404231892194e-06,2.8764375332038582e-06,6.5198460769346768e-06,1.4062409982968832e-05,2.5813477017507341e-05
40,7.2000000000000002,2724.5136647343361,0.86614330910708448,6.3086067960947876,0,0.0023734614725503976,1.3259589023925383e-05,1.8808498213601455e-06,4.5423706157625428e-06,1.0295915310970135e-05,2.2206871227374024e-05,4.0763749652642658e-05
41,7.2000000000000002,2671.7478328719076,0.88324925438186175,15.731005349677003,0,0.0015516629940900719,8.6685264720811851e-06,1.229615521042965e-06,2.9695988207245734e-06,6.7310091034049877e-06,1.4517859546720821e-05,2.6649516989374496e-05
42,7.2000000000000002,2675.8469058061501,0.88189622364420239,21.480938152448452,0,0.001295036333676856,7.23485498045791e-06,1.0262516940010248e-06,2.478462387728393e-06,5.6177800104918482e-06,1.2116777722888384e-05,2.2242002875384197e-05
43,7.2000000000000002,2634.7048708316361,0.8956674075360852,36.635895753992912,0,0.0015301496638714829,8.548340018442247e-06,1.2125672799965178e-06,2.9284262463380563e-06,6.6376857322236069e-06,1.4316573888890941e-05,2.6280029632041137e-05
44,7.2000000000000002,2788.5930905753648,0.84624009478326956,6.3029499853558688,0,0.0024292842971467502,1.3571449031287096e-05,1.9250866252367416e-06,4.6492052794248384e-06,1.0538070947836485e-05,2.2729167583011692e-05,4.1722496054497634e-05
45,7.2000000000000002,2733.6282146865215,0.86325538659655632,15.728232392724546,0,0.0013230008985572756,7.3910819265598923e-06,1.0484122167093347e-06,2.5319814438683305e-06,5.7390884012311955e-06,1.2378423213413969e-05,2.2722288961808678e-05
46,7.2000000000000002,2737.3511610852438,0.86208131233878638,21.492608590814825,0,0.0010598421618055701,5.9209183120507075e-06,8.3987204500941373e-07,2.0283438129538241e-06,4.5975236030354193e-06,9.9162251760790882e-06,1.8202587678296719e-05
47,7.2000000000000002,2679.0430872155539,0.88084409412508946,36.635768110581708,0,0.0015558998371252705,8.6921960357355089e-06,1.2329730078014593e-06,2.9777073624174811e-06,6.7493882418830201e-06,1.4557500816984268e-05,2.6722283963181236e-05
48,7.2000000000000002,2906.8452780600319,0.8118145465435167,6.3285265022635837,0,0.0025322997507569024,1.4146955562057152e-05,2.0067212334917425e-06,4.8463579928183227e-06,1.0984945016936749e-05,2.3693013400273677e-05,4.3491766889471551e-05
49,7.2000000000000002,2825.5483286052718,0.83517215309684889,15.75853468201656,0,0.0013674877064767425,7.6396120993983795e-06,1.0836657928452479e-06,2.6171210475313799e-06,5.932069164597895e-06,1.2794656139968687e-05,2.3486341431944504e-05
50,7.2000000000000002,2809.7568896098151,0.83986600050944993,21.546213404314464,0,0.0013598450841668548,7.5969157961020372e-06,1.0776093959024195e-06,2.6024944679937306e-06,5.8989159860161586e-06,1.2723149300090322e-05,2.3355080846452382e-05
51,7.2000000000000002,2734.8292730988996,0.86287626964241915,36.648571389241837,0,0.0015882986133688996,8.8731951641549052e-06,1.2586474218228663e-06,3.0397126870868504e-06,6.8899319415559852e-06,1.4860634219522152e-05,2.7278726786931031e-05
52,7.2000000000000002,3019.3999145418957,0.78155241043599877,6.3825267613985517,0,0.0026303517798968142,1.4694733406523335e-05,2.0844225754451189e-06,5.0340116207082396e-06,1.1410288086444641e-05,2.4610419816967265e-05,4.5175791852597687e-05
53,7.2000000000000002,3001.2139521610998,0.78628825498469379,10.252458880081182,0,0.0014525050385928565,8.1145702551585023e-06,1.15103778761847e-06,2.7798286523107372e-06,6.3008686001714358e-06,1.359010572625109e-05,2.4946497951271896e-05
54,7.2000000000000002,2879.1005236562992,0.81963768263416759,21.773149195062068,0,0.0016720865958449191,9.3412854304704841e-06,1.3250452183300948e-06,3.200067541781049e-06,7.2533985415523032e-06,1.5644581613977667e-05,2.8717769459859838e-05
55,7.2000000000000002,2786.3434305359001,0.84692333881706783,36.743381442987321,0,0.0016182163364351525,9.0403336313169006e-06,1.2823557249638474e-06,3.0969697303202677e-06,7.0197130003806749e-06,1.5140554088132704e-05,2.7792557993948411e-05
56,7.2000000000000002,3109.6778163139334,0.75886295001380133,6.5926232466890697,0,0.0024079977068447089,1.3452529283741141e-05,1.9082180642636666e-06,4.6084666437166003e-06,1.044573115907487e-05,2.2530003376988433e-05,4.1356902912133131e-05
57,7.2000000000000002,3104.6288662870638,0.76009706245586106,10.576852569019074,0,0.0012020440110231041,6.7153437117773803e-06,9.5255991704404271e-07,2.3004921114887635e-06,5.2143856054482208e-06,1.1246711552365181e-05,2.0644877409428347e-05
58,7.2000000000000002,2957.5037529519259,0.79790914176358996,22.166779029170613,0,0.0017176206047129689,9.5956659001704373e-06,1.3611286489801217e-06,3.28721129628988e-06,7.4509219917942153e-06,1.6070612490439437e-05,2.9499807407239656e-05
59,7.2000000000000002,2841.1410621892815,0.8305885662227821,36.925609622692392,0,0.0016500409929967466,9.2181253805045835e-06,1.307575177776116e-06,3.1578762950545095e-06,7.1577662077103026e-06,1.5438315841711671e-05,2.8339140421285711e-05
60,7.2000000000000002,3208.3093904328134,0.7355335767546155,6.8199124848708603,0,0.0024843736590590354,1.387921147318689e-05,1.9687421965236125e-06,4.7546362298259768e-06,1.0777044873195717e-05,2.3244601425158607e-05,4.2668645374167511e-05
61,7.2000000000000002,3260.7252104268628,0.72370995069883326,10.659858631007488,0,0.0015781013526880801,8.8162271082748114e-06,1.2505666014043774e-06,3.0201969975281516e-06,6.8456969145341279e-06,1.4765225358906609e-05,2.7103590772993969e-05
62,7.2000000000000002,3100.5206678701452,0.7611041931552448,22.344453980486119,0,0.0018006801104332338,1.0059686455430454e-05,1.4269491639970996e-06,3.4461719798766582e-06,7.8112285089031535e-06,1.6847744021357975e-05,3.0926338630354431e-05
63,7.2000000000000002,2956.3713234142788,0.79821477856683432,37.029383441038696,0,0.0017169629269990158,9.5919917153150814e-06,1.3606074721988225e-06,3.2859526215833164e-06,7.4480690303608458e-06,1.606445904557767e-05,2.9488511917511354e-05
64,7.2000000000000002,1776.4009113230179,1.3284271958197402,2.7943759626791644,0,0.0020633500833085218,1.1527119539781053e-05,1.6351020147060211e-06,3.9488742062371144e-06,8.950673082466318e-06,1.9305369026187496e-05,3.5437645487191272e-05
65,7.2000000000000002,1678.5283340848232,1.4058858783382417,10.575092512714223,0,0.00097483387784072582,5.4460107047273928e-06,7.7250722044472316e-07,1.8656535246790449e-06,4.2287634177300092e-06,9.1208602472189441e-06,1.674258655924755e-05
66,7.2000000000000002,3305.7168524046174,0.71386007533098528,22.247206850903709,0,0.0019198512845063382,1.0725448596498654e-05,1.5213863748214342e-06,3.6742437837024512e-06,8.328185000489729e-06,1.7962747971185187e-05,3.2973080893462465e-05
67,7.2000000000000002,3133.9820341156387,0.75297792252544682,37.012082419759039,0,0.0018201133679794802,1.0168252367049165e-05,1.4423490512112061e-06,3.4833636760838693e-06,7.8955286655420665e-06,1.7029567848223876e-05,3.1260101134912506e-05
68,7.2000000000000002,1923.0043186781213,1.2271523565285667,2.6853554079485376,0,0.0022336349277101018,1.247843350880108e-05,1.770044259556912e-06,4.274768214825455e-06,9.689357218264173e-06,2.0898608965126093e-05,3.8362255322701393e-05
69,7.2000000000000002,1789.2444884749791,1.3188914631179356,10.374887720202819,0,0.0020782683350486324,1.1610461902535638e-05,1.6469239850412892e-06,3.977425008146703e-06,9.01538744934368e-06,1.9444949002168399e-05,3.5693863625223871e-05
70,7.2000000000000002,1706.4452764090813,1.3828859992781595,22.180980760957873,0,0.00099104711689709888,5.5365876486215593e-06,7.8535540363013654e-07,1.896682695166007e-06,4.2990953519836355e-06,9.2725565422999929e-06,1.7021045858290755e-05
71,7.2000000000000002,3299.7509303998286,0.71515072835952798,37.033194626553254,0,0.0024296366114018118,1.3573417271464328e-05,1.9253658167093476e-06,4.6498795443910976e-06,1.0539599263242028e-05,2.2732463948840336e-05,4.172854698486178e-05
72,7.2000000000000002,1991.7910762840238,1.1847724941528777,2.760892588754654,0,0.0035271897875712036,1.9705012081921525e-05,2.7951219594594708e-06,6.7503953329669891e-06,1.5300710695560168e-05,3.3001525541063634e-05,6.0578814166892848e-05
73,7.2000000000000002,1867.3456297514203,1.2637292441649406,10.570934531273883,0,0.0033068139091239281,1.8473859348754348e-05,2.6204850688238499e-06,6.3286362581899673e-06,1.4344735042567713e-05,3.0939617727982769e-05,5.679390034275863e-05
74,7.2000000000000002,1775.7105723747859,1.328943645430072,22.384982746922148,0,0.003144540745833444,1.7567303468354032e-05,2.4918916816059445e-06,6.0180751401004971e-06,1.3640805037465608e-05,2.9421337662126804e-05,5.4006889607502116e-05
75,7.2000000000000002,1684.6395574288408,1.4007858659582415,37.074940804402921,0,0.001491633212301369,8.3331638614301633e-06,1.1820449134475335e-06,2.8547128113997051e-06,6.4706039708252008e-06,1.3956201542406709e-05,2.5618516897383119e-05
76,7.2000000000000002,2020.8800453154242,1.1677186316677894,2.8088763217113555,0,0.0035787023762760143,1.9992792508814376e-05,2.8359431163999841e-06,6.8489809944494826e-06,1.5524168820702456e-05,3.3483493939197016e-05,6.1463533086583615e-05
77,7.2000000000000002,1943.5218660817193,1.2141974435502667,10.68269002770975,0,0.0034417116130242369,1.9227479382058383e-05,2.7273847700480509e-06,6.5868057601672483e-06,1.4929912156696079e-05,3.2201764164328168e-05,5.9110742766410716e-05
78,7.2000000000000002,1833.2295637426025,1.2872470136597696,22.47431855178225,0,0.0032463990187013301,1.8136345288722721e-05,2.572609281846472e-06,6.2130132214632585e-06,1.4082659334785437e-05,3.0374356523052021e-05,5.5756286083180067e-05
79,7.2000000000000002,1729.3260090340257,1.364589018468892,37.10050484578386,0,0.0030624000233126303,1.7108415790862504e-05,2.42679925644277e-06,5.860872839304302e-06,1.3284484139723191e-05,2.8652802563226254e-05,5.2596138311199146e-05
80,7.2000000000000002,2112.8047024669863,1.1169131148397473,2.9305047188915765,0,0.0040633368440877206,2.2700253297342332e-05,3.2199917570670432e-06,7.7764826166300668e-06,1.7626480358123233e-05,3.8017890365475215e-05,6.9787037953797604e-05
81,7.2000000000000002,2038.6543526225134,1.1575377053225375,10.837609302419388,0,0.003920731212732757,2.1903572126768128e-05,3.1069839078304097e-06,7.5035615530271273e-06,1.700786677611281e-05,3.6683626073249248e-05,6.7337813341204969e-05
82,7.2000000000000002,1912.2925918585347,1.2340262632022156,22.388703469392162,0,0.0036777128222508777,2.0545924648470113e-05,2.9144039558862489e-06,7.0384688566503774e-06,1.5953669437606583e-05,3.4409867612988339e-05,6.316401867667786e-05
83,7.2000000000000002,1775.6953900589795,1.3289550079882149,36.981598885864344,0,0.0034150096759433504,1.9078306237294918e-05,2.7062248168870716e-06,6.5357031424155363e-06,1.4814080959938441e-05,3.1951932226824875e-05,5.8652142072447794e-05
84,7.2000000000000002,2250.4971088467905,1.0485768997453619,3.1832019989658473,0,0.0043281462830959154,2.4179638731449198e-05,3.4298400279630724e-06,8.2832793893768581e-06,1.8775205791043019e-05,4.0495532905646366e-05,7.4335089734805631e-05
85,7.2000000000000002,2132.1004867290299,1.1068049071649495,11.225675073000284,0,0.0041004464127269704,2.2907569756742392e-05,3.2493992390730118e-06,7.8475035352757021e-06,1.778745915653861e-05,3.8365099461391017e-05,7.0424387741532907e-05
86,7.2000000000000002,1997.5940142795012,1.1813307731258971,22.282434034371587,0,0.00384176414804142,2.1462414418356821e-05,3.0444064481851772e-06,7.3524330521370281e-06,1.666531299134703e-05,3.5944784740838704e-05,6.5981569014886605e-05
87,7.2000000000000002,1868.9522134338736,1.2626429206259433,36.73996096033715,0,0.0035943607943592312,2.0080269887718342e-05,2.8483516316403659e-06,6.878948339196014e-06,1.5592093979106367e-05,3.3629999150265277e-05,6.1732463440871099e-05
88,7.2000000000000002,2655.2846326273616,0.88872554463039399,3.3043013432418258,0,0.0016685034901008102,9.3212680380899374e-06,1.3222057857643411e-06,3.1932101335469389e-06,7.237855271219815e-06,1.5611056920708479e-05,2.8656230299767698e-05
89,7.2000000000000002,2360.8049820985843,0.99958247257795929,11.526267842691576,0,0.0014834610586290631,8.2875092761805875e-06,1.1755688893146589e-06,2.8390728058053907e-06,6.4351537210143699e-06,1.3879740236272171e-05,2.5478161711392746e-05
90,7.2000000000000002,2187.6918655857044,1.0786799175891619,22.23303004192886,0,0.0013746818206013243,7.6798027651354841e-06,1.089366769424204e-06,2.6308892645359005e-06,5.9632767450118957e-06,1.2861966592574413e-05,2.3609898974604708e-05
91,7.2000000000000002,2027.5883797062806,1.163855201035584,36.511063542479107,0,0.0012740774553725766,7.1177660300235955e-06,1.0096428284388829e-06,2.4383509327712575e-06,5.5268618142078731e-06,1.1920679696037666e-05,2.1882038124291025e-05
92,7.2000000000000002,3058.8019759944918,0.77148481653940082,3.286319575966731,0,0.0047760329242080369,2.6681803969493522e-05,3.7847678490665352e-06,9.140452400739941e-06,2.0718107742112023e-05,4.4686104810295966e-05,8.2027457663339537e-05
93,7.2000000000000002,2616.7094227446337,0.90182702778105273,11.580167657740631,0,0.0040857467904735923,2.282544879032228e-05,3.2377505217000606e-06,7.8193711501669585e-06,1.7723693189585118e-05,3.8227565053418916e-05,7.0171924523378701e-05
94,7.2000000000000002,2327.72791181106,1.0137865638447576,22.215874142876274,0,0.0036345292152471344,2.0304674942897661e-05,2.8801831014683338e-06,6.9558233408899461e-06,1.5766341871654989e-05,3.4005827854620072e-05,6.2422348434562188e-05
95,7.2000000000000002,2113.3519149399008,1.1166239113316703,36.422026061102379,0,0.0032998011657519744,1.8434681929563954e-05,2.6149278195190147e-06,6.3152151515922621e-06,1.4314314236209472e-05,3.0874004238649717e-05,5.6673457808300564e-05
96,7.2000000000000002,2579.5402322648843,0.91482166153636701,3.1895370608948808,0,0.0052991391476331943,2.9604191216429545e-05,4.1993034369664967e-06,1.014158191798282e-05,2.2987307152894741e-05,4.9580455393268725e-05,9.1011707620651487e-05
97,7.2000000000000002,2423.9503855868011,0.9735427322738669,11.23304299321696,0,0.0049795115499732187,2.781855844560484e-05,3.9460145098390852e-06,9.5298732282111059e-06,2.1600784256013771e-05,4.6589916476147425e-05,8.5522164384423471e-05
98,7.2000000000000002,2240.6439621403165,1.0531879768289076,21.82455924353518,0,0.0046029458998825372,2.5714835331294331e-05,3.647605016407383e-06,8.809195532929449e-06,1.9967267939362568e-05,4.3066646771992331e-05,7.9054720920263664e-05
99,7.2000000000000002,2099.3877396296662,1.1240511872746013,36.2810533112131,0,0.004312763808829923,2.4093702941339663e-05,3.4176501844329055e-06,8.253840150563984e-06,1.8708477658251525e-05,4.0351609513952873e-05,7.4070898663128654e-05
100,7.2000000000000002,2548.0222327827764,0.92613763369844437,2.9839319940600411,0,0.0052861638500874067,2.9531703369076618e-05,4.1890211609096352e-06,1.0116749574595577e-05,2.2931021189877816e-05,4.945905432353636e-05,9.0788859351597151e-05
101,7.2000000000000002,2429.6242869308312,0.97126921803265986,10.468868965967218,0,0.0050405337557990907,2.8159465336212589e-05,3.9943715639787776e-06,9.6466585554043913e-06,2.1865494456932536e-05,4.71608599199141e-05,8.6570209170617086e-05
102,7.2000000000000002,2230.8286073398181,1.0578218665101602,20.947420360161683,0,0.0046281093579711762,2.58554136033813e-05,3.6675458017111206e-06,8.8573537836256285e-06,2.0076425318324937e-05,4.3302084203723367e-05,7.9486898529962895e-05
103,7.2000000000000002,2105.6163332622364,1.1207261474954433,35.962483388254512,0,0.0043683421595926619,2.4404197170238858e-05,3.4616932549914772e-06,8.3602069360782766e-06,1.8949572784165521e-05,4.0871618493534805e-05,7.5025446273359949e-05
104,7.2000000000000002,2536.9000833551686,0.93019795961356744,2.6011442486508245,0,0.0053250105099256796,2.9748724268874174e-05,4.2198052010393205e-06,1.0191094967689438e-05,2.3099535372405977e-05,4.9822516205104281e-05,9.1456043350496085e-05
105,7.2000000000000002,2421.6206486929418,0.97447933579281665,9.2067253134562126,0,0.0050830363757521395,2.8396910636899076e-05,4.0280527701287677e-06,9.7280007866562836e-06,2.2049867947124781e-05,4.7558528143746342e-05,8.7300183589576492e-05
106,7.2000000000000002,2309.5288209919308,1.0217752035962631,19.453719382807957,0,0.0048477531005057424,2.7082476183232544e-05,3.841602511157134e-06,9.2777116843389052e-06,2.1029225015254674e-05,4.5357141917014327e-05,8.3259238058957906e-05
107,7.2000000000000002,2197.6109210872123,1.0738112277459047,35.348138318002569,0,0.0046128349036277461,2.5770081277788094e-05,3.6554415585812149e-06,8.8281212751632728e-06,2.0010165768650325e-05,4.3159171481273115e-05,7.9224562679923907e-05
108,7.2000000000000002,2677.3639990688189,0.88139650869332931,2.2285531308865365,0,0.005647962337601245,3.1552928195935239e-05,4.4757284146311608e-06,1.0809165624957775e-05,2.450047855422122e-05,5.2844157690664174e-05,9.700267960538502e-05
109,7.2000000000000002,2516.2182680229353,0.93784363275235461,7.9182693668375164,0,0.0053080216272126252,2.9653814111133669e-05,4.2063423589475033e-06,1.0158581357284172e-05,2.302583874843944e-05,4.9663562737744907e-05,9.116426251908073e-05
110,7.2000000000000002,2442.9028001203146,0.96598983846768072,17.854097476315168,0,0.0051533609230193841,2.8789786024109507e-05,4.0837814658310407e-06,9.8625890918670193e-06,2.2354931075943063e-05,4.8216507295019008e-05,8.8507994321872476e-05
111,7.2000000000000002,2327.5095580938446,1.0138816715378318,34.664381240364186,0,0.0049099361644860352,2.7429868328486603e-05,3.8908794874769923e-06,9.3967186814563463e-06,2.1298970940319039e-05,4.5938946724172235e-05,8.4327220363302253e-05
112,7.2000000000000002,3005.802452169828,0.7850879486697343,2.079541633774622,0,0.0064223616916280514,3.5879190616262236e-05,5.089401273250442e-06,1.2291224175845909e-05,2.7859770566390452e-05,6.0089687871929739e-05,0.00011030284131595041
113,7.2000000000000002,2648.356319478462,0.89105052213864655,7.4194934710692877,0,0.0056586227613598817,3.161248376045364e-05,4.4841762686848059e-06,1.0829567723830176e-05,2.4546722751343171e-05,5.2943900054454433e-05,9.7185770357147348e-05
114,7.2000000000000002,2535.0861332844884,0.93086355145773969,17.350967533586847,0,0.005416603494893913,3.0260417992239455e-05,4.2923880726838424e-06,1.0366387167854213e-05,2.3496859545230473e-05,5.0679489720808638e-05,9.3029135457683868e-05
115,7.2000000000000002,2357.8439210748093,1.000837782428261,34.511015696292183,0,0.0050378981035887971,2.8144740991401152e-05,3.9922829410766443e-06,9.6416143997305511e-06,2.1854061175937588e-05,4.7136199907560399e-05,8.6524942344879917e-05
116,7.2000000000000002,2659.3464226937913,0.88736813720195318,2.1031686040934767,0,0.0057443206815249084,3.2091244092034835e-05,4.5520875955369435e-06,1.0993577849501729e-05,2.4918474531833327e-05,5.3745717442083472e-05,9.8657615846851259e-05
117,7.2000000000000002,2567.0748719688336,0.91926390891380194,7.7885628939250777,0,0.0055450095377707048,3.0977771687012202e-05,4.3941434563711377e-06,1.0612132819424927e-05,2.4053876272978588e-05,5.1880898082376652e-05,9.5234484837166959e-05
118,7.2000000000000002,2473.7585600919592,0.95394082484458143,18.210246411904606,0,0.005343441657909842,2.9851691791345284e-05,4.2344109664138152e-06,1.0226368809707219e-05,2.3179488445554026e-05,4.9994963971621909e-05,9.1772594813802489e-05
119,7.2000000000000002,2244.7139858979845,1.0512783793862432,35.024852122073007,0,0.0048486939735518297,2.7087732468223512e-05,3.8423481061124862e-06,9.2795123430507214e-06,2.1033306458881597e-05,4.536594502876373e-05,8.3275397374686926e-05
120,7.2000000000000002,2612.255374877519,0.90336469549464027,2.186394831524578,0,0.0056824096769121394,3.1745371834693517e-05,4.5030262126946819e-06,1.0875091524192562e-05,2.4649908781901349e-05,5.3166458110135783e-05,9.7594306110432129e-05
121,7.2000000000000002,2548.8716847781379,0.9258289836139294,8.5388579134152831,0,0.0055445318501717092,3.0975103035627821e-05,4.3937649127774754e-06,1.0611218612837508e-05,2.4051804096488159e-05,5.1876428683096117e-05,9.5226280643451226e-05
122,7.2000000000000002,2421.2551305508678,0.974626445393872,19.69909195680496,0,0.0052669289979968047,2.9424245870142237e-05,4.1737785001220457e-06,1.0079937590097256e-05,2.2847581702684004e-05,4.927908684212003e-05,9.0458504423027619e-05
123,7.2000000000000002,2162.0531307117371,1.091471457273405,35.846628874914252,0,0.0047030898089474131,2.6274299680223812e-05,3.7269640688518205e-06,9.0008526359179735e-06,2.0401685442476077e-05,4.4003625492114502e-05,8.077467352348458e-05
124,7.2000000000000002,2653.1547309684493,0.88943899642788316,2.5892824989593191,0,0.0058237630509367748,3.2535057139632496e-05,4.6150417104635191e-06,1.1145615996586231e-05,2.5263090156323947e-05,5.4489005878794901e-05,0.00010002202344140062
125,7.2000000000000002,2694.0136230210319,0.87594927550299351,10.011859873137793,0,0.005913449680615997,3.3036100811181797e-05,4.6861138906364276e-06,1.1317259781831211e-05,2.5652144688863448e-05,5.5328142919415807e-05,0.0001015623742588523
126,7.2000000000000002,2391.0856626645145,0.98692377196172676,21.723802379306878,0,0.0052485127125500722,2.9321361378780103e-05,4.1591845125670746e-06,1.0044692192254399e-05,2.2767693102217923e-05,4.910677813429732e-05,9.0142208220976558e-05
127,7.2000000000000002,2102.130257004218,1.1225847082585103,36.801225005128401,0,0.0046142459676781567,2.5777964333658717e-05,3.6565597564529043e-06,8.830821793353128e-06,2.0016286869047108e-05,4.3172373851744869e-05,7.9248797436780086e-05
128,7.2000000000000002,2818.9042287626244,0.83714063684821427,2.9749192810148388,0,0.0059580672029659991,3.3285361233762464e-05,4.7214710514380979e-06,1.1402649548977083e-05,2.5845692482587403e-05,5.5745598852351723e-05,0.00010232867172448688
129,7.2000000000000002,2685.23242714653,0.87881378811894373,11.228909202852051,0,0.0056755370023852487,3.1706976924653604e-05,4.4975799609624896e-06,1.0861938483714049e-05,2.4620095584717788e-05,5.3102155150104028e-05,9.747626923176427e-05
130,7.2000000000000002,2476.9484595076051,0.95271230704153542,23.225990793722289,0,0.0052353057012183265,2.9247579038296142e-05,4.148718614893445e-06,1.001941639111367e-05,2.2710401980472198e-05,4.8983209075631538e-05,8.991538031169164e-05
131,7.2000000000000002,2252.0507619487953,1.0478535036387968,37.472000871885079,0,0.004759959436462147,2.6592007760809931e-05,3.7720304118234502e-06,9.1096906886691343e-06,2.0648382039589549e-05,4.4535716073560249e-05,8.1751398566490491e-05
132,7.2000000000000002,3544.0250711294966,0.66585851790500528,3.1559850845393842,0,0.0078843642757466092,4.4046819895914404e-05,6.2479653919309371e-06,1.5089229391044543e-05,3.4201838876574298e-05,7.3768655698073585e-05,0.00013541245780636938
133,7.2000000000000002,3073.4897674097961,0.76779799506839441,11.815098196090673,0,0.0068375681429125833,3.8198784579672771e-05,5.418431674104994e-06,1.308585328847409e-05,2.9660908064695985e-05,6.3974493377764541e-05,0.00011743393319592001
134,7.2000000000000002,2807.8347921107115,0.84044092904288692,23.99790346091768,0,0.0062465676406912732,3.4897098892747562e-05,4.9500932570367534e-06,1.1954786554828604e-05,2.7097187865322824e-05,5.8444902019351056e-05,0.00010728361190536702
135,7.2000000000000002,2470.118492548198,0.95534659102367803,37.838790349366384,0,0.0054952528858102029,3.0699800983112883e-05,4.3547137917089053e-06,1.0516907699313225e-05,2.3838035282649697e-05,5.1415358794896742e-05,9.4379923797298002e-05
136,7.2000000000000002,4298.2546524029758,0.54901802524919985,3.6807207672215099,0,0.0097865847870838851,5.4673772346973367e-05,7.7553802584936598e-06,1.8729731103555811e-05,4.2453542775721133e-05,9.156644446771602e-05,0.00016808273352184261
137,7.2000000000000002,3510.6669348059818,0.67218546364634946,13.084624186434265,0,0.0079933466942175724,4.4655661495607881e-05,6.3343285221873751e-06,1.5297801782474726e-05,3.4674597235594984e-05,7.4788330363545144e-05,0.00013728421012865002
138,7.2000000000000002,3040.1033030556709,0.77622996524774812,25.253334713507179,0,0.0069219325384118095,3.8670095037208708e-05,5.4852862491798406e-06,1.3247311292138449e-05,3.0026875105394508e-05,6.476383387841882e-05,0.00011888287565296003
139,7.2000000000000002,2560.6800627911489,0.92155959487897043,38.349431294294426,0,0.0058303461692505078,3.2571834413814313e-05,4.6202585033407473e-06,1.1158214879498056e-05,2.5291647278242363e-05,5.4550599657484114e-05,0.00010013508724714522
140,7.2000000000000002,4251.4737402519249,0.55505912195535145,4.2229768998389234,0,0.0096800705388116401,5.4078719436438991e-05,7.6709730299997041e-06,1.8525882337899639e-05,4.1991491172058793e-05,9.0569862798867352e-05,0.00016625337155358466
141,7.2000000000000002,3722.6565535793052,0.63390733131465471,14.381305895874753,0,0.008476020371298772,4.7352168123072291e-05,6.7168233340108445e-06,1.6221550810269045e-05,3.676840299546794e-05,7.9304380999188116e-05,0.00014557403878776712
142,7.2000000000000002,3059.3835178156114,0.77133816912414099,26.400876459292803,0,0.0069658311604620078,3.8915339248599586e-05,5.5200737173548976e-06,1.3331325215759892e-05,3.021730435824918e-05,6.5174563548229034e-05,0.00011963682614259127
143,7.2000000000000002,2507.8103689881273,0.94098792734182191,38.742547463256976,0,0.0057099685316014297,3.1899332238675726e-05,4.5248652303146075e-06,1.0927834125322796e-05,2.4769457229276552e-05,5.3424307645229084e-05,9.8067624201439785e-05
144,7.2000000000000002,4395.6187688278787,0.53685713101769494,4.4741562418297196,0,0.010121579752201898,5.654525651215598e-05,8.0208470577595085e-06,1.9370850120476424e-05,4.390672827308261e-05,9.4700765432362049e-05,0.00017383620837319245
145,7.2000000000000002,3753.7557764366074,0.62865551778667228,15.102381131843435,0,0.0086435927362333593,4.8288328543832055e-05,6.8496160741910509e-06,1.6542253629883296e-05,3.7495320578828402e-05,8.0872242105174485e-05,0.00014845206230400926
146,7.2000000000000002,3104.279204671504,0.76018267871307166,27.07454138932497,0,0.0071480742975266985,3.9933459461569416e-05,5.6644923126244943e-06,1.368010520663015e-05,3.1007862758679985e-05,6.6879689131126968e-05,0.00012276681738160412
147,7.2000000000000002,2551.2174016560157,0.92497773014118267,38.946316499311258,0,0.0058745655058144103,3.2818870330145385e-05,4.6553001217696786e-06,1.1242842591967535e-05,2.5483467768962192e-05,5.4964330035748613e-05,0.00010089454594758915
148,7.2000000000000002,4563.6063616456349,0.51709527384161103,4.4888248782208127,0,0.010724693522328396,5.9914614228316574e-05,8.4987846353951537e-06,2.0525099430637156e-05,4.6522995009205278e-05,0.00010034369243309549,0.00018419457273757375
149,7.2000000000000002,3878.419035226264,0.60844876735780495,15.361480955438989,0,0.0091144704884159131,5.0918936011726341e-05,7.2227632039497452e-06,1.744342741756311e-05,3.9537956414447014e-05,8.527792626204309e-05,0.00015653929819511606
150,7.2000000000000002,3295.4648983417333,0.71608084263556271,27.485648929686,0,0.0077445003463360862,4.3265455528005765e-05,6.1371302047206573e-06,1.4821555442886131e-05,3.3595118612131638e-05,7.2460043653726163e-05,0.00013301032140354037
151,7.2000000000000002,2677.9390490226447,0.88120724112138404,39.112992852467826,0,0.0062932850242339855,3.5158090407972718e-05,4.9871144530860432e-06,1.2044195071757972e-05,2.7299844714851971e-05,5.8882004931031382e-05,0.00010808597408785287
152,7.2000000000000002,4852.6271368981215,0.48629726016594432,4.4069188431432504,0,0.011561662328561425,6.4590427391852029e-05,9.1620406637290958e-06,2.21269044549494e-05,5.0153709072425049e-05,0.00010817464259441149,0.00019856935289682065
153,7.2000000000000002,4033.6484889556255,0.58503344744634933,15.425728609645153,0,0.009610398752216363,5.3689490764518176e-05,7.6157616145682336e-06,1.8392543297077546e-05,4.1689259674878375e-05,8.9917991087025369e-05,0.00016505677186175549
154,7.2000000000000002,3432.0207691717915,0.68758886964717714,27.729154522297758,0,0.0081769862217639742,4.5681582789032797e-05,6.4798536872574301e-06,1.5649254209011462e-05,3.5471213083474171e-05,7.65065210262723e-05,0.00014043818410876575
155,7.2000000000000002,2741.9229658613394,0.8606439023494451,39.210344755795859,0,0.0065327886457974141,3.6496102264664189e-05,5.1769091259899311e-06,1.2502561144070666e-05,2.8338795223552652e-05,6.1122878079409763e-05,0.0001121994032642793
156,7.2000000000000002,5131.5071445907352,0.45986865355298567,4.5874937931473481,0,0.012226109933573511,6.8302432946728243e-05,9.6885822459892317e-06,2.3398535493256303e-05,5.3036037835246843e-05,0.00011439142874092736,0.00020998111421726296
157,7.2000000000000002,4075.0471850583021,0.57909005076875086,15.855161139916063,0,0.0097090335188446172,5.4240524132486052e-05,7.6939247469123637e-06,1.8581312177805718e-05,4.2117130620190394e-05,9.0840849783653836e-05,0.0001667508052304794
158,7.2000000000000002,3608.8327232194861,0.65390098745703085,27.908808960784448,0,0.0085982508379568584,4.8035021319904382e-05,6.8136848816017536e-06,1.6455477539866229e-05,3.729863049133697e-05,8.0448008677383058e-05,0.00014767332381952365
159,7.2000000000000002,2885.0355175769246,0.8179515527290373,39.14114161401573,0,0.0068737625041293427,3.8400988137753721e-05,5.4471138998820294e-06,1.3155122667711428e-05,2.9817916755223404e-05,6.4313139497785169e-05,0.00011805556447013315
160,7.2000000000000002,5583.5729509116309,0.42263606153747479,5.0907329388169931,0,0.013487972435761868,7.5351958872144125e-05,1.0688545333349455e-05,2.5813509242509477e-05,5.8509912008843451e-05,0.00012619782139437028,0.00023165336284238625
161,7.2000000000000002,4159.6986915085072,0.56730534019152312,16.763373862332077,0,0.010048386899463906,5.6136357038531233e-05,7.9628453730516609e-06,1.9230772403856218e-05,4.3589222629163767e-05,9.4015949489775798e-05,0.00017257913503963281
162,7.2000000000000002,3443.1955848449243,0.68535731506717457,28.176371739792607,0,0.0083175643172608248,4.6466936919955937e-05,6.5912548154663001e-06,1.5918294940276668e-05,3.6081031352088307e-05,7.7821815038916849e-05,0.0001428525861783815
163,7.2000000000000002,2905.0482340796339,0.81231672975237057,39.003730816277525,0,0.0070175872779502848,3.9204480174334152e-05,5.5610878587083353e-06,1.3430376946737467e-05,3.0441818894780218e-05,6.5658810480224099e-05,0.00012052572762284906
164,7.2000000000000002,6078.5356031374304,0.3882216762969109,5.4600556243744602,0,0.014826932488560702,8.2832198271390987e-05,1.1749604383703002e-05,2.837603358505877e-05,6.4318230141589613e-05,0.00013872556360336889,0.00025464974724483911
165,7.2000000000000002,4359.9211959415579,0.54125273720018385,17.810582646474259,0,0.010634840601131667,5.9412641551933688e-05,8.4275806774897575e-06,2.0353137393879981e-05,4.6133219115311914e-05,9.9502999515390346e-05,0.00018265136589491694
166,7.2000000000000002,3473.5948728388607,0.67935938636155946,28.923686581504413,0,0.008472888872380591,4.7334673679128641e-05,6.7143417773270865e-06,1.6215557694798772e-05,3.6754818764996599e-05,7.9275081685072852e-05,0.0001455202558890706
167,7.2000000000000002,3017.4146180699599,0.78206662987199527,39.073159559404615,0,0.0073601613535055187,4.1118305827140117e-05,5.8325607249260943e-06,1.4086000993102126e-05,3.1927882060516175e-05,6.8864044047178594e-05,0.00012640937225535004
168,7.2000000000000002,4891.0003231234405,0.4824819311754745,6.5480941148186069,1,0.079152370753463583,0.00044219293997324946,6.272430545582527e-05,0.00015148314275863648,0.00034335762992793471,0.00074057511570843853,0.0013594269227131229
169,7.2000000000000002,3937.0332713551907,0.59939023082428233,20.187274824854242,1,0.063714065952876597,0.0003559452467836432,5.0490219011992786e-05,0.00012193705452657521,0.0002763873080541247,0.00059612935552207612,0.0010942769722165253
170,7.2000000000000002,3283.8784100322155,0.71860738633660837,30.474292666903263,1,0.053143885554718731,0.00029689383617122629,4.2113878319907847e-05,0.0001017076649202175,0.00023053458052526058,0.00049723133772540395,0.00091273613301732126
171,7.2000000000000002,2778.8727192446322,0.84920020443466948,39.335111956867628,1,0.044971242939904704,0.00025123651939354603,3.5637466724485636e-05,8.6066723579480511e-05,0.00019508220971490439,0.00042076545688702406,0.00077237254953230476
172,7.2999999999999998,3058.8997765123045,1.0897164264511905,2.2138177276180917,1,0.019589440627312514,8.8995558986123093e-05,1.2976383577485364e-05,3.2801251027146179e-05,7.0803505999430838e-05,0.00014618498401623768,0.00026313663827461022
173,7.2999999999999998,2834.4420295497303,1.176010410014579,8.6288789234927936,1,0.018155789313034132,8.2482427624551452e-05,1.2026708202655912e-05,3.0400694648855415e-05,6.5621758273052435e-05,0.00013548645012495137,0.00024387900889793392
174,7.2999999999999998,2787.6450016408144,1.195752447449846,19.723037660084497,1,0.017857009638283409,8.11250604248439e-05,1.1828791389282686e-05,2.9900407412493829e-05,6.4541857682923995e-05,0.00013325682535879474,0.00023986562838879005
175,7.2999999999999998,2771.0619917425693,1.202908250795639,35.807976464209794,1,0.017752254251088614,8.0649152795954769e-05,1.1759399612768537e-05,2.9725001293595691e-05,6.4163232849942373e-05,0.00013247509478802311,0.00023845849375171618
176,7.2999999999999998,2573.2419237855411,1.2953828019518694,2.2638614283427203,0,0.0016825187198588796,7.6437452619084648e-06,1.1145294396384071e-06,2.8172687489104234e-06,6.0812468585544363e-06,1.2555691448721792e-05,2.2600559566794783e-05
177,7.2999999999999998,2527.8788701421913,1.3186285833172995,8.7376628005085148,0,0.0013773816734303876,6.2574962856913354e-06,9.1240139354012053e-07,2.3063365049530295e-06,4.9783683686333944e-06,1.0278625191264768e-05,1.8501783183242049e-05
178,7.2999999999999998,2529.285541965518,1.3178952229897247,19.775770255808808,0,0.0013781481357846028,6.2609783527371949e-06,9.1290911143238797e-07,2.3076198965802725e-06,4.9811386479347514e-06,1.0284344868979494e-05,1.8512078746606476e-05
179,7.2999999999999998,2557.887109266534,1.3031588928446325,35.801968883643013,0,0.001672478947605292,7.5981342023177368e-06,1.1078789212151549e-06,2.8004577997766255e-06,6.0449593969309166e-06,1.2480770271831672e-05,2.2465699568997382e-05
180,7.2999999999999998,2370.6437531739584,1.4060878311515466,5.4925578877506362,0,0.0012917079605441583,5.8682774144747652e-06,8.5564964743007442e-07,2.1628814152303173e-06,4.6687117857968146e-06,9.6392904298921892e-06,1.7350964575080526e-05
181,7.2999999999999998,2400.1876113700778,1.388780325980683,14.246941107607697,0,0.0010462445705746474,4.7531280839467759e-06,6.930504613137922e-07,1.7518688485346448e-06,3.7815160289095379e-06,7.8075351275363551e-06,1.405375908132019e-05
182,7.2999999999999998,2433.9422266565389,1.3695203184474396,27.785158802990907,0,0.0013261978082820456,6.0249660783919974e-06,8.7849631785270459e-07,2.2206324340093407e-06,4.7933708910611169e-06,9.8966687765334841e-06,1.7814252055361984e-05
183,7.2999999999999998,2174.727203290021,1.5327592942648269,5.5629694172185316,0,0.0021329237622199322,9.6899521586589161e-06,1.4128855135102515e-06,3.5714428542076879e-06,7.7091777793854176e-06,1.5916811103490428e-05,2.8650659258951251e-05
184,7.2999999999999998,2197.8142569054226,1.5166583449261768,14.455072758507351,0,0.0014370446850858526,6.5285475716413066e-06,9.5192320222055079e-07,2.4062383581799093e-06,5.1940126273980901e-06,1.072385671018085e-05,1.9303211085908597e-05
185,7.2999999999999998,2217.6213624007537,1.5031120234721818,28.017568996082009,0,0.0021749933933393269,9.8810760610224392e-06,1.4407531632688386e-06,3.6418857298987236e-06,7.8612330338475014e-06,1.6230753112849449e-05,2.9215762751022181e-05
186,7.2999999999999998,3853.2431676472142,0.86507214528292087,5.9874854771492423,0,0.0028343809863092648,1.2876698475225317e-05,1.8775428856197095e-06,4.7459875964439489e-06,1.0244504423930182e-05,2.1151392072004862e-05,3.8073036311563876e-05
187,7.2999999999999998,3958.7901750143046,0.842008084785976,15.245950874127288,0,0.0019413463953448214,8.8196090397048802e-06,1.2859813591430254e-06,3.2506589471251761e-06,7.0167461013728744e-06,1.4487176901712145e-05,2.6077281833424719e-05
188,7.2999999999999998,3967.1160940542982,0.8402409342971221,28.70364251717514,0,0.0029181439992884608,1.325723696554096e-05,1.9330289511334162e-06,4.8862433427815944e-06,1.0547255028443822e-05,2.1776468353991355e-05,3.919818929915697e-05
189,7.2999999999999998,3787.0585058561992,0.88019060919675829,6.0909071379068864,0,0.0018571311067976247,8.4370158446247801e-06,1.2301956984869787e-06,3.1096458946080601e-06,6.712360805164788e-06,1.3858725541389472e-05,2.4946053620162778e-05
190,7.2999999999999998,3886.7860069390431,0.85760660025593494,15.419327453528599,0,0.0012706909047906347,5.7727961467544652e-06,8.417275869529175e-07,2.1276897150312988e-06,4.5927483490940724e-06,9.4824519566632192e-06,1.7068651388980583e-05
191,7.2999999999999998,3899.1781900283349,0.85488099565644882,28.841182795611594,0,0.0019121133450805592,8.6868022026627767e-06,1.266616882097158e-06,3.2017100956367715e-06,6.9110870124205575e-06,1.4269027079727499e-05,2.5684606681571442e-05
192,7.2999999999999998,3955.4247427565442,0.84272449866163446,6.0890590654461567,0,0.0019396960250312807,8.81211134585124e-06,1.284888125362601e-06,3.2478955088028628e-06,7.0107810507816322e-06,1.4474861115748893e-05,2.6055113109749791e-05
193,7.2999999999999998,3999.3071452839795,0.83347770307265134,15.362620435655444,0,0.0013074769760681221,5.9399166398061589e-06,8.6609531548008377e-07,2.1892856115773706e-06,4.7257068581165115e-06,9.7569657288544488e-06,1.7562783065093493e-05
194,7.2999999999999998,4010.3158171462178,0.83118973300845111,28.767102159011053,0,0.0019666139935751972,8.9344006803407972e-06,1.3027190523195217e-06,3.292967905720557e-06,7.1080725755143192e-06,1.4675734784181041e-05,2.6416690751836839e-05
195,7.2999999999999998,4231.6290401976003,0.78771870163214497,6.1128465719923852,0,0.0020751435212386297,9.4274543700638479e-06,1.3746108846202594e-06,3.4746935786722627e-06,7.5003385523344773e-06,1.5485629643794766e-05,2.7874521815326722e-05
196,7.2999999999999998,4231.2710164737728,0.78778535346838729,15.341454132256395,0,0.0013833119669409602,6.284437830167564e-06,9.1632972231603101e-07,2.3162663977869132e-06,4.9998026494861501e-06,1.0322879638267505e-05,1.8581442297968281e-05
197,7.2999999999999998,4231.6266741746867,0.78771914206809091,28.714291601592002,0,0.0020751423609674741,9.4274490989087382e-06,1.3746101160366202e-06,3.4746916358732742e-06,7.5003343586840675e-06,1.5485620985343332e-05,2.7874506229896941e-05
198,7.2999999999999998,2192.132691069527,1.5205892174834645,6.1214000210834207,0,0.0010749973375161243,4.8837529759504175e-06,7.1209679039714752e-07,1.8000134966701032e-06,3.8854391957508965e-06,8.0221008650542549e-06,1.4439982791226679e-05
199,7.2999999999999998,2184.2319103528116,1.5260894768243318,15.339477803574482,0,0.00071408192205172738,3.2441007900079652e-06,4.7302018993701371e-07,1.1956839822423823e-06,2.5809569866728177e-06,5.3287919929614191e-06,9.5919592598975639e-06
200,7.2999999999999998,2183.8719808526398,1.5263409955156413,28.700049327439647,0,0.001070946377679011,4.8653493144067814e-06,7.0941336468308816e-07,1.7932304264923475e-06,3.870797524016248e-06,7.9918708288676583e-06,1.4385567967771373e-05
201,7.2999999999999998,2318.4326509414009,1.4377529284621795,6.3033331013809395,0,0.0022738668485952594,1.0330261853858339e-05,1.5062486465468791e-06,3.8074429342861407e-06,8.2185983826383865e-06,1.6968590131843573e-05,3.0543887893828287e-05
202,7.2999999999999998,2319.6997325789953,1.4369675896058327,15.610590349712748,0,0.0015167397159354982,6.8906050675042485e-06,1.00471456615989e-06,2.5396825316123395e-06,5.4820600352970379e-06,1.1318575928180661e-05,2.0373720596819736e-05
203,7.2999999999999998,2322.5353665078328,1.4352131646310891,28.902851994326202,0,0.0022778907001882475,1.0348542361638427e-05,1.5089141152921526e-06,3.8141806134628274e-06,8.2331420751217604e-06,1.6998617874442029e-05,3.0597938583750412e-05
204,7.2999999999999998,2489.1566259882552,1.3391416588781029,6.5389313385362238,0,0.0024413091018614121,1.1090958252026071e-05,1.6171652850970701e-06,4.0878141550077993e-06,8.8237968060767147e-06,1.8218117547303699e-05,3.2793068586009487e-05
205,7.2999999999999998,2542.5493849784834,1.3110200938580951,10.202103409212892,0,0.0015641362611995765,7.1059293393931908e-06,1.0361108557883348e-06,2.6190449804236109e-06,5.6533687337332043e-06,1.1672269703499283e-05,2.1010378264789653e-05
206,7.2999999999999998,2508.1196555388665,1.3290168696585454,21.643468260590197,0,0.0023139748625509785,1.0512474056326018e-05,1.5328168872395154e-06,3.8746012089398621e-06,8.3635636249220089e-06,1.7267893694951196e-05,3.1082641815441768e-05
207,7.2999999999999998,2503.9971532478439,1.3312049213034398,36.697867848681327,0,0.0023102950589859008,1.0495756571561465e-05,1.5303793218460621e-06,3.8684396159283484e-06,8.350263449651388e-06,1.7240433389392815e-05,3.1033212576595845e-05
208,7.2999999999999998,2697.4326091574467,1.2357429512852638,2.6731057909620679,0,0.0023388474343806111,1.0625471077298349e-05,1.5492929081101609e-06,3.9162487213827139e-06,8.4534623270985953e-06,1.7453503717438929e-05,3.1416744511940825e-05
209,7.2999999999999998,2643.2084658189469,1.2610936202871781,10.055176073113415,0,0.0015278877447704479,6.9412509780554923e-06,1.0120992128707043e-06,2.558349184694981e-06,5.5223531473625591e-06,1.1401767400977362e-05,2.0523467334709081e-05
210,7.2999999999999998,2608.7456087019536,1.2777533087988278,21.54435852327855,0,0.0015079667367532033,6.8507490960573972e-06,9.9890319333140642e-07,2.5249927455235437e-06,5.4503512338062771e-06,1.1253108115906812e-05,2.0255876892468951e-05
211,7.2999999999999998,2587.9306295837223,1.2880304036084274,36.6622882411272,0,0.0014959347869794098,6.7960874997319378e-06,9.9093302213457834e-07,2.5048460240124681e-06,5.4068633035380754e-06,1.1163320438002736e-05,2.0094256819920749e-05
212,7.2999999999999998,2783.5776135574215,1.1974996914396512,2.6332571914975564,0,0.0016090271264525657,7.3098702135899952e-06,1.0658473397303937e-06,2.6942118301567319e-06,5.8156209750160989e-06,1.2007264997358452e-05,2.161337819708178e-05
213,7.2999999999999998,2729.529141752279,1.2212118501850577,9.9782995899530995,0,0.00157778479397575,7.1679351325582315e-06,1.045151879467519e-06,2.64189856559027e-06,5.7026995947152105e-06,1.1774121031655544e-05,2.1193713210408048e-05
214,7.2999999999999998,2675.8469058061501,1.2457115263584568,21.480938152448452,0,0.0015467541615172722,7.0269618126011094e-06,1.0245966529506495e-06,2.5899397790089666e-06,5.5905433768201116e-06,1.1542556864191175e-05,2.077689190019287e-05
215,7.2999999999999998,2634.7048708316361,1.2651638406396455,36.635895753992912,0,0.0015229723025207659,6.9189199406870977e-06,1.0088431390859367e-06,2.5501185946434988e-06,5.5045869154707731e-06,1.1365086218478428e-05,2.0457440286064776e-05
216,7.2999999999999998,2873.6129864288469,1.1599799099863477,2.6373180036931698,0,0.0016610714296488582,7.5463094230148714e-06,1.1003223844315906e-06,2.7813566489472361e-06,6.0037283949113466e-06,1.2395642377582301e-05,2.231246722391816e-05
217,7.2999999999999998,2821.8253822065499,1.1812684634393662,9.9941584839262827,0,0.0016311359755045881,7.4103115389630758e-06,1.0804926229323942e-06,2.7312316676025013e-06,5.8955305577487902e-06,1.2172250910268141e-05,2.1910356978985267e-05
218,7.2999999999999998,2737.3511610852438,1.217722220196187,21.492608590814825,0,0.0015823062562942706,7.1884763044133583e-06,1.0481469741459483e-06,2.6494694617348386e-06,5.7190418369714404e-06,1.1807862163387577e-05,2.1254448093920855e-05
219,7.2999999999999998,2679.0430872155539,1.2442253539109041,36.635768110581708,0,0.0015486016913162427,7.0353552093463772e-06,1.025820488577117e-06,2.5930333481347573e-06,5.5972210349367577e-06,1.1556343940569224e-05,2.0801708983521705e-05
220,7.2999999999999998,3008.8259288114123,1.1078518372945929,2.6567056242947551,0,0.0017392303037112816,7.9013881013316619e-06,1.1520961716016186e-06,2.9122286272183367e-06,6.2862235622757429e-06,1.2978898120965412e-05,2.3362342192958367e-05
221,7.2999999999999998,2917.4192637905148,1.1425623237307463,10.05434763936738,0,0.0016863933348978907,7.6613477824608941e-06,1.1170960515145624e-06,2.8237565411320632e-06,6.0952511547658147e-06,1.258460552280501e-05,2.2652605625453148e-05
222,7.2999999999999998,2809.7568896098151,1.1863422581717475,21.546213404314464,0,0.0016241598696942231,7.3786188302251777e-06,1.0758715300387969e-06,2.7195506297295428e-06,5.8703163232541018e-06,1.2120192153931734e-05,2.1816649911687593e-05
223,7.2999999999999998,2734.8292730988996,1.2188451272339405,36.648571389241837,0,0.0015808484969847621,7.1818536495308064e-06,1.0471813292189841e-06,2.6470285380781581e-06,5.7137729540063699e-06,1.1796983725079189e-05,2.1234866632080501e-05
224,7.2999999999999998,3127.8637786947293,1.0656900585115465,2.7226911280064376,0,0.001808039281267349,8.2139898512932142e-06,1.1976764259503414e-06,3.0274448086641199e-06,6.5349247349071384e-06,1.3492380842375174e-05,2.4286623972192648e-05
225,7.2999999999999998,3001.2139521610998,1.1106616810617858,10.252458880081182,0,0.001734830255062872,7.8813985163056668e-06,1.1491815034338224e-06,2.9048610304097321e-06,6.2703201540670833e-06,1.2946063031205798e-05,2.3303238207723949e-05
226,7.2999999999999998,2879.1005236562992,1.1577689997083476,21.773149195062068,0,0.0016642434612866271,7.5607200809859475e-06,1.102423592936453e-06,2.7866680107158535e-06,6.0151932940561448e-06,1.2419313466669945e-05,2.2355075778064391e-05
227,7.2999999999999998,2786.3434305359001,1.1963110134963622,36.743381442987321,0,0.0016106258871709663,7.3171334431291142e-06,1.0669063864242364e-06,2.696888851550772e-06,5.8213994893836356e-06,1.201919564992335e-05,2.1634853670978616e-05
228,7.2999999999999998,3213.3583404596829,1.0373363254770047,2.835683162540855,0,0.0018574588010874481,8.4385045719985844e-06,1.2304127688404306e-06,3.1101945974967824e-06,6.7135452139009489e-06,1.3861170939674774e-05,2.4950455398419051e-05
229,7.2999999999999998,3104.6288662870638,1.0736656382763667,10.576852569019074,0,0.0017946085063672364,8.1529733402762632e-06,1.1887796488466743e-06,3.0049558449734742e-06,6.4863809316761633e-06,1.3392154518844463e-05,2.4106214075663432e-05
230,7.2999999999999998,2957.5037529519259,1.1270766199387867,22.166779029170613,0,0.0017095638871025682,7.7666124648325476e-06,1.1324446252094559e-06,2.8625541318219968e-06,6.1789981265781015e-06,1.2757514329550905e-05,2.2963845815007331e-05
231,7.2999999999999998,2841.1410621892815,1.1732375339240586,36.925609622692392,0,0.0016423012661387413,7.4610358705115521e-06,1.0878887041569326e-06,2.7499272244511888e-06,5.935886060360665e-06,1.22555711981693e-05,2.2060335587293959e-05
232,7.2999999999999998,3402.5134254137911,0.97966794441904526,2.8447880915600661,0,0.0019667985447738589,8.9352391033156499e-06,1.3028413022187955e-06,3.2932769247635113e-06,7.1087396120137401e-06,1.467711198603891e-05,2.6419169749728063e-05
233,7.2999999999999998,3260.7252104268628,1.0222674767791811,10.659858631007488,0,0.0018848388814204488,8.5628932975716358e-06,1.2485498066223065e-06,3.1560407707098151e-06,6.812506982080262e-06,1.4065493088632027e-05,2.5318240391956308e-05
234,7.2999999999999998,3100.5206678701452,1.0750882482015884,22.344453980486119,0,0.0017922337916614294,8.1421849228478858e-06,1.1872065968389163e-06,3.0009795388264558e-06,6.477797831723574e-06,1.3374433357841658e-05,2.4074315541323658e-05
235,7.2999999999999998,2956.3713234142788,1.1275083433983879,37.029383441038696,0,0.0017089092943094676,7.763638625372882e-06,1.1320110116452948e-06,2.861458058537642e-06,6.1766321853735911e-06,1.2752629471487979e-05,2.2955052947957565e-05
236,7.2999999999999998,3699.405230001139,0.90104574278614702,2.739865685313851,0,0.0021384147285209284,9.7148978232456728e-06,1.4165228243599258e-06,3.5806371220506122e-06,7.7290241687148404e-06,1.5957787098477527e-05,2.8724417077809479e-05
237,7.2999999999999998,3467.7728225598021,0.96123174841446812,10.474990116458521,0,0.0020045212724436215,9.1066148612722658e-06,1.3278294881065216e-06,3.3564411918431635e-06,7.2450835447321159e-06,1.4958615498383441e-05,2.6925883133454309e-05
238,7.2999999999999998,3305.7168524046174,1.008354158012241,22.247206850903709,0,0.001910845978205988,8.6810445077092166e-06,1.2657773564051939e-06,3.1995879717953003e-06,6.9065062783498729e-06,1.4259569433139898e-05,2.5667582680469016e-05
239,7.2999999999999998,3133.9820341156387,1.0636095858392336,37.012082419759039,0,0.0018115758950448353,8.2300568195151954e-06,1.2000191399570956e-06,3.0333666396397143e-06,6.5477073691627988e-06,1.3518772603036914e-05,2.4334129803420207e-05
240,7.2999999999999998,3914.7953949621451,0.85147063819041957,2.7231239983515958,0,0.0028669014176208704,1.3024440006905959e-05,1.8990849806102266e-06,4.8004409548249838e-06,1.0362045327587483e-05,2.1394073770881956e-05,3.8509869457204862e-05
241,7.2999999999999998,3656.5901182263997,0.91159611155710829,10.472911125738351,0,0.002679911415959376,1.2174937459116068e-05,1.7752195761365989e-06,4.4873382940214109e-06,9.6861940893436503e-06,1.9998672497097249e-05,3.5998112160798603e-05
242,7.2999999999999998,3482.1558487838674,0.957261385787052,22.28298175394001,0,0.0025512939235474608,1.1590623396741425e-05,1.6900211292761848e-06,4.2719766236527714e-06,9.2213227554005074e-06,1.9038872448175492e-05,3.4270447996187662e-05
243,7.2999999999999998,3299.7509303998286,1.0101772538721387,37.033194626553254,0,0.0024182400922751527,1.0986154881554994e-05,1.6018839749852022e-06,4.0491865908632917e-06,8.7404168469591307e-06,1.8045966496041115e-05,3.2483192375333539e-05
244,7.2999999999999998,4012.6711215994483,0.8307018522875278,2.784884455233005,0,0.0035362805370480451,1.6065454298248332e-05,2.3424932625361438e-06,5.9212729860391918e-06,1.2781429801086753e-05,2.6389273875668683e-05,4.7501354950246737e-05
245,7.2999999999999998,3810.8674958331394,0.87469148087096982,10.626812279491816,0,0.003358435353010468,1.5257496997806238e-05,2.224685543092514e-06,5.6234827307394982e-06,1.2138631326411675e-05,2.5062115235434206e-05,4.5112436106095055e-05
246,7.2999999999999998,3608.9401361173886,0.92363220436220317,22.429650649352197,0,0.0031804811249112361,1.4449044306127318e-05,2.1068055909803869e-06,5.3255098882129716e-06,1.1495438726043045e-05,2.3734142860662163e-05,4.272205251936325e-05
247,7.2999999999999998,3413.9655664628663,0.97638165014854728,37.087722825093394,0,0.003008654240774821,1.3668428366474427e-05,1.9929844972647493e-06,5.0377968867547904e-06,1.0874392619966189e-05,2.2451895409654279e-05,4.0413974942415097e-05
248,7.2999999999999998,4133.6847477824103,0.80638305451850445,2.8696905203014662,0,0.0038030966323725837,1.7277609765147934e-05,2.5192368492187976e-06,6.3680392764773594e-06,1.3745802156860722e-05,2.8380372415558111e-05,5.1085382268687275e-05
249,7.2999999999999998,3982.1762187042327,0.83706324136955768,10.760149665064569,0,0.0036639541762701678,1.6645480400398665e-05,2.4270664847531088e-06,6.1350542353023908e-06,1.3242889699437761e-05,2.7342030478782645e-05,4.921634073571905e-05
250,7.2999999999999998,3745.5221556011375,0.88995157279969428,22.431511010587208,0,0.003445816707447244,1.5654473748241011e-05,2.2825684604388561e-06,5.7697971557658315e-06,1.2454459959337344e-05,2.5714193165819181e-05,4.6286192738140854e-05
251,7.2999999999999998,3505.0213990930051,0.95101654277942516,37.041051865824102,0,0.0032235132931659341,1.4644541050576072e-05,2.1353108419504069e-06,5.3975644700674813e-06,1.1650972946807981e-05,2.4055267743611928e-05,4.3300085364079658e-05
252,7.2999999999999998,2112.8047024669863,1.5776817087926838,2.9305047188915765,0,0.0020221386232574102,9.1866511427239053e-06,1.3394995253540432e-06,3.3859403060583334e-06,7.3087591865112405e-06,1.5090083884649225e-05,2.7162529526612745e-05
253,7.2999999999999998,4170.7548393515435,0.79921584023183445,11.031642187709835,0,0.0039917766364978517,1.8134790057127301e-05,2.644221740493199e-06,6.6839717370748804e-06,1.4427761690990043e-05,2.9788385227765703e-05,5.3619840650614742e-05
254,7.2999999999999998,3909.8866061380359,0.85253964350281008,22.335568751881873,0,0.0037421029542374822,1.7000513211779033e-05,2.4788335840954819e-06,6.2659093083153799e-06,1.3525348375768839e-05,2.7925210880683055e-05,5.0266080088200458e-05
255,7.2999999999999998,3644.6476034928528,0.91458316303031029,36.86077992310075,0,0.0034882460639073755,1.5847231896236628e-05,2.3106743984718633e-06,5.8408423682681533e-06,1.260781539463693e-05,2.6030819603191556e-05,4.6856128267974597e-05
256,7.2999999999999998,2250.4971088467905,1.4811542393144486,3.1832019989658473,0,0.0043078445632145123,1.9570698429953216e-05,2.8535905903570147e-06,7.2132070329213625e-06,1.5570148437567652e-05,3.2147022500475782e-05,5.7865446907829139e-05
257,7.2999999999999998,2132.1004867290299,1.5634034859431882,11.225675073000284,0,0.0020406063740044437,9.2705508227717931e-06,1.3517328821949105e-06,3.4168633599466419e-06,7.3755084891427044e-06,1.522789832760003e-05,2.7410598980994839e-05
258,7.2999999999999998,4185.2858798652051,0.79644101478694918,22.257732038150223,0,0.0025959887831293431,1.1793673809868082e-05,1.7196277756787227e-06,4.3468152745698547e-06,9.3828665594710197e-06,1.9372405061887586e-05,3.4870815067523772e-05
259,7.2999999999999998,3896.5405931401542,0.85545967086847619,36.625512251408125,0,0.0024228011108777922,1.1006875759083373e-05,1.6049052724289575e-06,4.0568237214465954e-06,8.7569020603013254e-06,1.8080002814086617e-05,3.2544458601615327e-05
260,7.2999999999999998,2655.2846326273616,1.2553581986557325,3.3043013432418258,0,0.0016606771625551199,7.5445182529113127e-06,1.100061215103805e-06,2.780696474205165e-06,6.0023033673637017e-06,1.2392700183882502e-05,2.2307171201453694e-05
261,7.2999999999999998,2360.8049820985843,1.4119477714632076,11.526267842691576,0,0.0014765026961113998,6.7078067865676978e-06,9.7806086975344919e-07,2.4723082449778172e-06,5.3366285179446398e-06,1.1018309666792582e-05,1.9833233794152178e-05
262,7.2999999999999998,2187.6918655857044,1.5236758822252647,22.23303004192886,0,0.00068411685045812582,3.1079683527798367e-06,4.5317080932819493e-07,1.1455094083947893e-06,2.4726521010604708e-06,5.1051795072711108e-06,9.1894511763433641e-06
263,7.2999999999999998,4140.9402946461814,0.80497015077541623,36.466544801790747,0,0.0022762121312499359,1.0340916560381321e-05,1.5078022022559826e-06,3.8113699583675938e-06,8.2270751042390656e-06,1.698609165799279e-05,3.0575391079922072e-05
264,7.2999999999999998,3058.8019759944918,1.0897512684682977,3.286319575966731,0,0.0047536303351480673,2.1595919808963563e-05,3.1488867797709144e-06,7.9596464687230947e-06,1.71813836013503e-05,3.547367113657383e-05,6.3853497901674209e-05
265,7.2999999999999998,2616.7094227446337,1.2738645354962805,11.580167657740631,0,0.0040665820762007645,1.8474633958146171e-05,2.6937741548645441e-06,6.8092286064553274e-06,1.4698136302473877e-05,3.0346616175516772e-05,5.4624670359771115e-05
266,7.2999999999999998,2327.72791181106,1.4320115836648084,22.215874142876274,0,0.0036174809943224141,1.6434351002475087e-05,2.3962818469222811e-06,6.0572378986289925e-06,1.307491837858939e-05,2.6995227244863651e-05,4.8592086215117461e-05
267,7.2999999999999998,2113.3519149399008,1.5772731979794883,36.422026061102379,0,0.001642161514629488,7.4604009741956351e-06,1.0877961303451479e-06,2.7496932195899142e-06,5.9353809465591985e-06,1.2254528311211212e-05,2.2058458364608619e-05
268,7.2999999999999998,2579.5402322648843,1.292219943554284,3.1895370608948808,0,0.0052742828623897854,2.3961263648073032e-05,3.4937760000713601e-06,8.831445442919562e-06,1.9063214993961904e-05,3.935900828431893e-05,7.0847202231166391e-05
269,7.2999999999999998,2423.9503855868011,1.3751656606314508,11.23304299321696,0,0.0049561545185742113,2.2515994723562618e-05,3.2830422943592445e-06,8.2987601119358917e-06,1.7913381135585663e-05,3.6984995276977028e-05,6.6573919265914937e-05
270,7.2999999999999998,2240.6439621403165,1.4876675588161066,21.82455924353518,0,0.004581355197494856,2.0813267436874762e-05,3.0347687551890738e-06,7.6711828957499857e-06,1.6558717340764212e-05,3.4188078621537082e-05,6.1539399125563283e-05
271,7.2999999999999998,4205.004072891903,0.79270632692655241,36.121768349733806,0,0.0064802896036837013,2.9440197228894186e-05,4.2926556807011169e-06,1.0850825710800101e-05,2.3422170778717889e-05,4.8358758688305458e-05,8.7046978716776819e-05
272,7.2999999999999998,2548.0222327827764,1.3082041790871242,2.9839319940600411,0,0.005261368427125197,2.390259288726735e-05,3.4852212552540805e-06,8.8098210565449472e-06,1.9016537433732814e-05,3.9262635113249391e-05,7.0673728105723492e-05
273,7.2999999999999998,2429.6242869308312,1.3719542364075115,10.468868965967218,0,0.0050168904919929069,2.2791920514798683e-05,3.323274851430532e-06,8.4004585702219893e-06,1.8132903476225456e-05,3.7438233706411479e-05,6.7389759808367632e-05
274,7.2999999999999998,2230.8286073398181,1.4942131019685156,20.947420360161683,0,0.0046064006231871886,2.0927049739388641e-05,3.0513592774417604e-06,7.7131198408034614e-06,1.6649240800928404e-05,3.4374978555239565e-05,6.1875823694606269e-05
275,7.2999999999999998,2105.6163332622364,1.583067760577727,35.962483388254512,0,0.0021739259479235311,9.8762266167083698e-06,1.4400460690017321e-06,3.6400983616064163e-06,7.8573748900985681e-06,1.6222787367731196e-05,2.9201424209988877e-05
276,7.2999999999999998,2536.9000833551686,1.3139395418856403,2.6011442486508245,0,0.0053000328717713813,2.4078246900551303e-05,3.5108332507206489e-06,8.874562167778947e-06,1.9156285080975683e-05,3.9551166130042111e-05,7.1193091173741186e-05
277,7.2999999999999998,2421.6206486929418,1.3764886482663932,9.2067253134562126,0,0.0050591937480085865,2.2984105783774632e-05,3.351297258352691e-06,8.4712926356879163e-06,1.828580313773624e-05,3.7753919127049002e-05,6.7958001484473286e-05
278,7.2999999999999998,2309.5288209919308,1.4432958372442755,19.453719382807957,0,0.0048250140988492941,2.1920218908360335e-05,3.1961726169019759e-06,8.0791739629978326e-06,1.7439391006341485e-05,3.6006368039676487e-05,6.4812365689942807e-05
279,7.2999999999999998,2197.6109210872123,1.5167986750285403,35.348138318002569,0,0.0045911978156119443,2.0857982817874255e-05,3.0412886753095068e-06,7.6876637230367442e-06,1.6594292214195347e-05,3.4261528547928463e-05,6.1671610835556682e-05
280,7.2999999999999998,2677.3639990688189,1.2450056602287394,2.2285531308865365,0,0.0056214698528794307,2.553854708761424e-05,3.7237586548810637e-06,9.412787597862585e-06,2.0318077582012759e-05,4.1949869637685574e-05,7.5510817658895832e-05
281,7.2999999999999998,2516.2182680229353,1.3247393422480906,7.9182693668375164,0,0.0052831236775705386,2.4001427800989531e-05,3.4996323086360445e-06,8.8462488159992488e-06,1.9095168979917867e-05,3.94249823185181e-05,7.0965957147681326e-05
282,7.2999999999999998,2442.9028001203146,1.3644969145596642,17.854097476315168,0,0.0051291884290545842,2.3302094228889236e-05,3.3976629431579145e-06,8.588494200920653e-06,1.8538789882669571e-05,3.8276250087110449e-05,6.8898210315238359e-05
283,7.2999999999999998,2327.5095580938446,1.4321459268520582,34.664381240364186,0,0.00488690548526979,2.2201393783932769e-05,3.2371705394876247e-06,8.1828070856080985e-06,1.7663089438221511e-05,3.646822866687625e-05,6.5643726404660593e-05
284,7.2999999999999998,3005.802452169828,1.1089662033268579,2.079541633774622,0,0.0063922367883756546,2.9040170006691846e-05,4.2343279760844976e-06,1.0703386967983767e-05,2.310391523709524e-05,4.7701670022871864e-05,8.5864202635949364e-05
285,7.2999999999999998,2648.356319478462,1.2586423166765428,7.4194934710692877,0,0.0056320802725663924,2.5586750619766249e-05,3.7307871800133306e-06,9.4305540592065679e-06,2.0356427575167482e-05,4.2029049235605359e-05,7.565334292136897e-05
286,7.2999999999999998,2535.0861332844884,1.3148797153549281,17.350967533586847,0,0.0053911962282099163,2.4492405427058023e-05,3.5712214314688066e-06,9.0272093104874741e-06,1.9485783272237185e-05,4.0231467015471842e-05,7.2417649832839416e-05
287,7.2999999999999998,2357.8439210748093,1.4137209437568936,34.511015696292183,0,0.0050142672026440736,2.2780002813501164e-05,3.321537139288934e-06,8.3960660419163091e-06,1.8123421935293175e-05,3.7418657572573615e-05,6.7354522276392821e-05
288,7.2999999999999998,2659.3464226937913,1.2534408096997101,2.1031686040934767,0,0.0057173762157519421,2.5974253269150883e-05,3.7872886849534916e-06,9.5733765980046169e-06,2.0664718758155367e-05,4.2665564914049213e-05,7.6799087109542189e-05
289,7.2999999999999998,2567.0748719688336,1.2984947847574126,7.7885628939250777,0,0.0055189999662330694,2.5073022572911e-05,3.6558808333770278e-06,9.2412084017764929e-06,1.9947713395921039e-05,4.1185194472808286e-05,7.4134383180266046e-05
290,7.2999999999999998,2473.7585600919592,1.3474772304413656,18.210246411904606,0,0.0053183775661148885,2.416158753077092e-05,3.522985092875916e-06,8.9052791716804614e-06,1.9222589612111569e-05,3.9688062272224415e-05,7.1439507663704441e-05
291,7.2999999999999998,2244.7139858979845,1.4849701807332274,35.024852122073007,0,0.0048259505586108527,2.1924473279964582e-05,3.1967929440109554e-06,8.0807420042859989e-06,1.7442775719341064e-05,3.6013356312485284e-05,6.4824944756299209e-05
292,7.2999999999999998,2612.255374877519,1.2760365488728771,2.186394831524578,0,0.0056557556125699498,2.569430857192469e-05,3.7464701338586386e-06,9.4701968844093961e-06,2.0441999037358353e-05,4.2205724989948927e-05,7.5971363711092732e-05
293,7.2999999999999998,2548.8716847781379,1.3077681992545958,8.5388579134152831,0,0.0055185245192884303,2.5070862599718737e-05,3.6555658891148738e-06,9.2404122966258712e-06,1.9945994954274971e-05,4.1181646479513081e-05,7.4127996703333382e-05
294,7.2999999999999998,2421.2551305508678,1.3766964461010582,19.69909195680496,0,0.0052422237985514462,2.3815618126021378e-05,3.4725395228581534e-06,8.7777646145251806e-06,1.8947341643517726e-05,3.9119769511556373e-05,7.0416566438897277e-05
295,7.2999999999999998,2162.0531307117371,1.5417444122827899,35.846628874914252,0,0.0046810293688344618,2.1266090912726291e-05,3.1007946466209805e-06,7.838080847418641e-06,1.6918976774542658e-05,3.4931890934574578e-05,6.2878279947537499e-05
296,7.2999999999999998,2653.1547309684493,1.2563659761059647,2.5892824989593191,0,0.0057964459506396901,2.6333470022150382e-05,3.8396658420553106e-06,9.7057737538012376e-06,2.0950506114466733e-05,4.3255617899769381e-05,7.7861197285297696e-05
297,7.2999999999999998,2694.0136230210319,1.2373112388330749,10.011859873137793,0,0.0058857118937908339,2.673900852936448e-05,3.8987971434933011e-06,9.8552438007097346e-06,2.1273146350177942e-05,4.3921759456386893e-05,7.906026879734764e-05
298,7.2999999999999998,2391.0856626645145,1.3940668815766399,21.723802379306878,0,0.0052238938970307512,2.3732344700147212e-05,3.4603974797240355e-06,8.7470723802484702e-06,1.8881090579131538e-05,3.8982983759895554e-05,7.0170348654641833e-05
299,7.2999999999999998,2102.130257004218,1.5856930474345219,36.801225005128401,0,0.0045926022608871993,2.0864363265111858e-05,3.0422190041000026e-06,7.690015375792122e-06,1.6599368400461417e-05,3.4272009133567471e-05,6.1690476152612036e-05
300,7.2999999999999998,2818.9042287626244,1.1824925796775017,2.9749192810148388,0,0.0059301201319851473,2.694075681084331e-05,3.9282139269417421e-06,9.9296025226557841e-06,2.1433654198218858e-05,4.4253153175795796e-05,7.9656785805283918e-05
301,7.2999999999999998,2685.23242714653,1.24135747045015,11.228909202852051,0,0.005648915175195863,2.566323220994998e-05,3.7419389100788152e-06,9.458743014556162e-06,2.0417275158924601e-05,4.2154678650892126e-05,7.5879479020294794e-05
302,7.2999999999999998,2476.9484595076051,1.3457419029203257,23.225990793722289,0,0.0052107488348631485,2.3672626192724287e-05,3.4516899636656709e-06,8.7250618240447463e-06,1.8833579447713672e-05,3.8884889549886092e-05,6.999377661593487e-05
303,7.2999999999999998,2252.0507619487953,1.4801324151542916,37.472000871885079,0,0.0047376322421380287,2.1523239876073835e-05,3.1382893668403429e-06,7.9328586969453599e-06,1.712356055800947e-05,3.535428636109933e-05,6.3638602311057057e-05
304,7.2999999999999998,3544.0250711294966,0.94055015594767932,3.1559850845393842,0,0.0078473816636767946,3.5650947417184126e-05,5.1982410567057389e-06,1.3139932923720237e-05,2.8363348667000175e-05,5.8560598278363884e-05,0.00010541054589168324
305,7.2999999999999998,3073.4897674097961,1.08454349472018,11.815098196090673,0,0.0068054956610628893,3.0917620469953041e-05,4.5080777860362909e-06,1.1395362215266216e-05,2.4597586119704964e-05,5.0785588693531716e-05,9.1415333603132713e-05
306,7.2999999999999998,2807.8347921107115,1.187154366310702,23.99790346091768,0,0.0062172673217633168,2.8245277197707894e-05,4.1184251814970855e-06,1.0410411915473321e-05,2.2471510672069971e-05,4.6395971245317575e-05,8.3513912082941954e-05
307,7.2999999999999998,2470.118492548198,1.3494629279483004,37.838790349366384,0,0.0054694767041684423,2.484803654732164e-05,3.6230757698336132e-06,9.1582849032667849e-06,1.9768717953967715e-05,4.0815630205452142e-05,7.3469158228517837e-05
308,7.2999999999999998,4298.2546524029758,0.77550857333913548,3.6807207672215099,0,0.0097406795680946446,4.4252270371551607e-05,6.452394266160896e-06,1.631013778119807e-05,3.5206429696443013e-05,7.268921630073925e-05,0.00013084241274786436
309,7.2999999999999998,3510.6669348059818,0.94948720435011902,13.084624186434265,0,0.0079558528862714931,3.6143736224806545e-05,5.270094266722624e-06,1.3321560968606289e-05,2.8755403907671074e-05,5.9370058040023412e-05,0.00010686759376794114
310,7.2999999999999998,3040.1033030556709,1.0964539691736563,25.253334713507179,0,0.0068894643346494614,3.1299093284074204e-05,4.5637000846859441e-06,1.1535962326986073e-05,2.4901080057952588e-05,5.1412199705027541e-05,9.254324914234125e-05
311,7.2999999999999998,2560.6800627911489,1.3017375273738767,38.349431294294426,0,0.0058029981900008173,2.6363237089809341e-05,3.8440061584971665e-06,9.7167450547262171e-06,2.0974188338361806e-05,4.3304513579053936e-05,7.794921073455636e-05
312,7.2999999999999998,4251.4737402519249,0.78404184924727149,4.2229768998389234,0,0.0096346649384328551,4.3770641957195392e-05,6.3821683457025854e-06,1.6132623142253354e-05,3.4823253494013807e-05,7.1898088711266965e-05,0.00012941836324140545
313,7.2999999999999998,3722.6565535793052,0.89541790529356224,14.381305895874753,0,0.00843626252116343,3.8326255103876376e-05,5.5883259005542593e-06,1.4125975823003891e-05,3.0491782557443786e-05,6.2955085103022255e-05,0.00011332073241162174
314,7.2999999999999998,3059.3835178156114,1.0895441234884213,26.400876459292803,0,0.0069331570446371383,3.1497590894238243e-05,4.5926428899005772e-06,1.1609122943239909e-05,2.5059001721597777e-05,5.1738253839634599e-05,9.3130154763690888e-05
315,7.2999999999999998,2507.8103689881273,1.3291807764070676,38.742547463256976,0,0.0056831851989509255,2.581892220531908e-05,3.7646399653011477e-06,9.5161259522970591e-06,2.0541139738761515e-05,4.2410416574714464e-05,7.6339813698352176e-05
316,7.2999999999999998,4395.6187688278787,0.75833085366094855,4.4741562418297196,0,0.010074103196779306,4.5767026345369521e-05,6.6732598325608274e-06,1.6868434077194347e-05,3.6411546388800809e-05,7.517736942145396e-05,0.00013532115078038778
317,7.2999999999999998,3753.7557764366074,0.88799952150792938,15.102381131843435,0,0.0086030488666360462,3.9083971688488445e-05,5.6988080544613045e-06,1.4405248768558037e-05,3.1094610286778169e-05,6.4199717847310362e-05,0.00011556110257291066
318,7.2999999999999998,3104.279204671504,1.0737865744541069,27.07454138932497,0,0.0071145453471197712,3.2321644713849552e-05,4.7127976321550272e-06,1.1912845921160233e-05,2.5714606340810309e-05,5.3091852781208561e-05,9.5566666813507717e-05
319,7.2999999999999998,2551.2174016560157,1.3065657717643506,38.946316499311258,0,0.0058470101101500372,2.6563184883636154e-05,3.8731604140322459e-06,9.7904401677448342e-06,2.1133263745955989e-05,4.3632949799665931e-05,7.8540404170469435e-05
320,7.2999999999999998,4563.6063616456349,0.73041648844825746,4.4888248782208127,0,0.010674387985162384,4.8494142515217387e-05,7.0708988370624639e-06,1.7873572121007491e-05,3.858119831629841e-05,7.9656957372149301e-05,0.0001433845214619517
321,7.2999999999999998,3878.419035226264,0.85945672787233252,15.361480955438989,0,0.0090717179069133361,4.1213152608581384e-05,6.0092625157822035e-06,1.519000475680986e-05,3.2788554071918966e-05,6.7697131452184721e-05,0.00012185653479418654
322,7.2999999999999998,3295.4648983417333,1.0114910752078272,27.485648929686,0,0.0077081737837920239,3.5018520829752884e-05,5.1060273543974294e-06,1.2906838334654188e-05,2.7860199743755926e-05,5.7521768120675952e-05,0.00010354062554882556
323,7.2999999999999998,2677.9390490226447,1.244738312677387,39.112992852467826,0,0.0062637655714847034,2.8456520479461511e-05,4.1492264246538274e-06,1.0488270226511954e-05,2.2639572597152257e-05,4.6742961545940385e-05,8.4138503328302986e-05
324,7.2999999999999998,4852.6271368981215,0.68691313783157348,4.4069188431432504,0,0.011507430882901983,5.227868745216622e-05,7.6227208305142475e-06,1.9268448561074917e-05,4.1592124402960275e-05,8.5873488257728257e-05,0.00015457443299746095
325,7.2999999999999998,4033.6484889556255,0.82638170937804878,15.425728609645153,0,0.0095653199562019831,4.3455605118016089e-05,6.3362330326060444e-06,1.6016509455655461e-05,3.4572615001632947e-05,7.138060608826177e-05,0.00012848688153896197
326,7.2999999999999998,3432.0207691717915,0.97124509364135547,27.729154522297758,0,0.0081386310292889189,3.6974104141775135e-05,5.3911696633354156e-06,1.3627611144588915e-05,2.941603192619937e-05,6.0734028580267755e-05,0.00010932277495553585
327,7.2999999999999998,2741.9229658613394,1.2156918246192268,39.210344755795859,0,0.0065021457708905796,2.9539490611225805e-05,4.3071335830877062e-06,1.0887422448842971e-05,2.3501167075518687e-05,4.8521858978639382e-05,8.7340563330743138e-05
328,7.2999999999999998,5131.5071445907352,0.64958173873870428,4.5874937931473481,0,0.012168761812027789,5.5283138514965034e-05,8.0607978522759754e-06,2.037580441829254e-05,4.3982419730877049e-05,9.0808629242249711e-05,0.00016345781056744435
329,7.2999999999999998,4075.0471850583021,0.81798643842835483,15.855161139916063,0,0.0096634920639292465,4.39016046628858e-05,6.4012639311761157e-06,1.6180892298978525e-05,3.4927445420259236e-05,7.2113209344882648e-05,0.00012980558577820747
330,7.2999999999999998,3608.8327232194861,0.92365969524894576,27.908808960784448,0,0.0085579196502925236,3.8878947976402573e-05,5.6689136826430305e-06,1.4329682815343509e-05,3.0931496556227173e-05,6.3862943873241657e-05,0.00011495490097162322
331,7.2999999999999998,2885.0355175769246,1.1553872779122398,39.14114161401573,0,0.0068415202480311263,3.1081281511402713e-05,4.5319410942140935e-06,1.1455683055599293e-05,2.4727792341927376e-05,5.1054419936359594e-05,9.1899236583845527e-05
332,7.2999999999999998,5583.5729509116309,0.59698930463317401,5.0907329388169931,0,0.013424705387873862,6.098893699660273e-05,8.8927565540029819e-06,2.2478800685057834e-05,4.852186576198936e-05,0.00010018103017259433,0.00018032836734842517
333,7.2999999999999998,4159.6986915085072,0.80134009228550773,16.763373862332077,0,0.010001253664413691,4.5436068204292423e-05,6.6250030449678915e-06,1.6746452248116332e-05,3.6148241152064599e-05,7.4633734310729574e-05,0.00013434259394401549
334,7.2999999999999998,3443.1955848449243,0.96809293901422699,28.176371739792607,0,0.0082785497253732784,3.7609759993697503e-05,5.4838542225627377e-06,1.3861895949396213e-05,2.9921750002897742e-05,6.1778163159697603e-05,0.0001112022433905902
335,7.2999999999999998,2905.0482340796339,1.1474278789003953,39.003730816277525,0,0.006984670393482521,3.1731617958255074e-05,4.6267662212756699e-06,1.1695378713318942e-05,2.5245190075487759e-05,5.2122669005991406e-05,9.3822111706174595e-05
336,7.2999999999999998,6078.5356031374304,0.54837769340576636,5.4600556243744602,0,0.014757384878476712,6.7043349599389411e-05,9.7755464500962462e-06,2.4710286276792696e-05,5.3338663857625559e-05,0.00011012606810088113,0.00019822968509028167
337,7.2999999999999998,4359.9211959415579,0.76453981242509006,17.810582646474259,0,0.010584956530505221,4.8087852083061832e-05,7.0116578979462232e-06,1.772382493578963e-05,3.8257959860600612e-05,7.8989580696197737e-05,0.00014218322670411755
338,7.2999999999999998,3473.5948728388607,0.95962063952757515,28.923686581504413,0,0.0084331457109386703,3.8312095318843037e-05,5.5862612716664735e-06,1.412075692591891e-05,3.0480517248972437e-05,6.2931826100299479e-05,0.00011327886562326946
339,7.2999999999999998,3017.4146180699599,1.1046984770907768,39.073159559404615,0,0.0073256375818242358,3.328064460478881e-05,4.8526287717912738e-06,1.226630621194406e-05,2.647757199106437e-05,5.4667115472129895e-05,9.8402179172577461e-05
340,7.2999999999999998,4891.0003231234405,0.68152384238744723,6.5480941148186069,1,0.07878109650488703,0.00035790545806687463,5.2185958055227771e-05,0.00013191384949745472,0.00028474411011248735,0.00058789903971487507,0.0010582330189143133
341,7.2999999999999998,3937.0332713551907,0.84666120491939501,20.187274824854242,1,0.063415207033867216,0.00028809764942093686,4.200732766048374e-05,0.00010618466164654822,0.00022920608490562878,0.0004732320438852718,0.00085182955000331299
342,7.2999999999999998,3283.8784100322155,1.0150599130436844,30.474292666903263,1,0.052894607409440908,0.00024030217316116037,3.503830088789879e-05,8.856859818653455e-05,0.00019118073477964763,0.00039472272260359574,0.0007105108022926257
343,7.2999999999999998,2778.8727192446322,1.1995271716652851,39.335111956867628,1,0.044760299612861841,0.00020334770962673898,2.9649995008527652e-05,7.4948226015434587e-05,0.00016178032862035669,0.00033402095587891701,0.00060124609948643758
344,7.4000000000000004,3162.8647653082608,1.4886689224656029,5.3337303100102869,1,0.020133946041986307,7.4489362599860413e-05,1.2903752238853139e-05,2.8579458211151044e-05,5.8971492917339712e-05,0.00012099590089005399,0.00021524996063050557
345,7.4000000000000004,4028.0284475377598,1.1689238403850009,8.6611328323243821,1,0.014376660731380983,5.318919063167224e-05,9.2139348994444641e-06,2.0407185642177479e-05,4.2108643021474443e-05,8.6397222549251115e-05,0.00015369941143055722
346,7.4000000000000004,3994.2461950228626,1.1788102816353614,19.738105628465608,1,0.017488908510430938,6.4703543199758849e-05,1.1208560004877579e-05,2.482491653102667e-05,5.1224287688273407e-05,0.00010510042275818883,0.0001869721345478181
347,7.4000000000000004,3998.4030250170599,1.1775847638710162,35.80600965639119,1,0.020934394172782565,7.7450772694678599e-05,1.341675571757057e-05,2.9715667370377974e-05,6.1315972294482833e-05,0.00012580623178591935,0.00022380746983815709
348,7.4000000000000004,3655.6305980716334,1.2880017156437005,2.2669629073489639,0,0.0029234024930315677,1.0815683516517514e-05,1.8735950412233948e-06,4.149671366444566e-06,8.5625246562613989e-06,1.7568325531962547e-05,3.1253797453312695e-05
349,7.4000000000000004,5057.1644121077097,0.93104714389016541,14.256716528158663,0,0.0021232087031326625,7.8552144042214499e-06,1.3607545684024138e-06,3.0138232355541645e-06,6.2187902330580312e-06,1.2759523109747808e-05,2.2699007378216121e-05
350,7.4000000000000004,5087.1726512320511,0.92555507840598639,27.788869569725911,0,0.0022744962075881094,8.4149312998915452e-06,1.4577140253442625e-06,3.2285707521332452e-06,6.6619050590773141e-06,1.366869252228235e-05,2.4316406635669864e-05
351,7.4000000000000004,4545.3709564639794,1.0358799154511171,5.5277636524845839,0,0.0019826872192307519,7.335328449147776e-06,1.2706950038875901e-06,2.8143577225062617e-06,5.8072086347277883e-06,1.1915052606863641e-05,2.119670654684653e-05
352,7.4000000000000004,4598.0018682754999,1.0240227422616941,14.351006933057525,0,0.0014290219067270983,5.2869383255204773e-06,9.158534839542468e-07,2.0284484611689846e-06,4.1855458972396544e-06,8.5877747280885234e-06,1.5277527242880803e-05
353,7.4000000000000004,4651.5635890572921,1.012231348003588,27.901363899536456,0,0.0019529205480873944,7.2252009880149947e-06,1.2516176829983655e-06,2.7721049354841538e-06,5.720023289498259e-06,1.1736168388937465e-05,2.087847410605487e-05
354,7.4000000000000004,4156.840258709507,1.1327013281808462,5.7149755518471039,0,0.0018132104359065869,6.7083168569360052e-06,1.1620781228404074e-06,2.5737911372639661e-06,5.3108181652881206e-06,1.0896573862781696e-05,1.9384847566881153e-05
355,7.4000000000000004,4222.086464143702,1.1151970766261443,14.745065005038654,0,0.0013812530843671327,5.1102084821842753e-06,8.8523866820032646e-07,1.960642226882591e-06,4.0456329977217983e-06,8.3007057310897225e-06,1.4766835642192784e-05
356,7.4000000000000004,4248.1203902508878,1.1083627697749394,28.274079440743421,0,0.0020846551017946781,7.7125780236725595e-06,1.3360457448790253e-06,2.9590976971013159e-06,6.1058683337194855e-06,1.2527833419275924e-05,2.2286834764220844e-05
357,7.4000000000000004,3853.2431676472142,1.2219468840194818,5.9874854771492423,0,0.0018908793277906258,6.9956676940851036e-06,1.211855753884413e-06,2.6840395130804793e-06,5.5383071283600301e-06,1.1363328741584103e-05,2.0215197756823604e-05
358,7.4000000000000004,3958.7901750143046,1.1893680326360963,15.245950874127288,0,0.0012951158594308452,4.791527436340374e-06,8.3003372194675236e-07,1.8383733375472599e-06,3.7933406383573323e-06,7.783060004335449e-06,1.3845951368554007e-05
359,7.4000000000000004,3967.1160940542982,1.1868718662235918,28.70364251717514,0,0.001946759518365168,7.202407086809021e-06,1.2476691077461009e-06,2.7633595613226834e-06,5.7019778889657387e-06,1.1699143389461623e-05,2.0812607166589199e-05
360,7.4000000000000004,3787.0585058561992,1.2433022819148014,6.0909071379068864,0,0.001858400918473453,6.8755076418405757e-06,1.1910404926302652e-06,2.6379375050633155e-06,5.443179214486612e-06,1.1168148204862074e-05,1.9867974400195735e-05
361,7.4000000000000004,3886.7860069390431,1.2114015213777922,15.419327453528599,0,0.0012715597385209872,4.7043770869631861e-06,8.1493671377481185e-07,1.8049362173843169e-06,3.7243457371840182e-06,7.6414983817394779e-06,1.3594115285955957e-05
362,7.4000000000000004,3899.1781900283349,1.2075515025492216,28.841182795611594,0,0.0019134207508109372,7.0790639756374287e-06,1.2263024469051807e-06,2.7160363037684766e-06,5.6043300214986621e-06,1.1498792489226951e-05,2.0456185807926921e-05
363,7.4000000000000004,3955.4247427565442,1.1903799941329527,6.0890590654461567,0,0.0019410222903935525,7.1811811207810737e-06,1.2439921450618282e-06,2.7552157594707906e-06,5.6851737861839127e-06,1.1664665246648008e-05,2.075127104835171e-05
364,7.4000000000000004,3999.3071452839795,1.1773185481960617,15.362620435655444,0,0.0013083709622406716,4.8405672101353662e-06,8.3852885559824058e-07,1.8571885094985489e-06,3.83216428474231e-06,7.8627171715157286e-06,1.3987660318802438e-05
365,7.4000000000000004,4010.3158171462178,1.1740867045794061,28.767102159011053,0,0.0019679586640735528,7.2808373581619968e-06,1.2612555414896851e-06,2.7934510345799102e-06,5.7640693075276382e-06,1.182654065812106e-05,2.1039245068052453e-05
366,7.4000000000000004,4231.6290401976003,1.1126822406568995,6.1128465719923852,0,0.0020765623987011013,7.682637529449849e-06,1.3308591691603684e-06,2.9476103776560454e-06,6.0821651419969193e-06,1.2479199937324543e-05,2.2200316502045402e-05
367,7.4000000000000004,4231.2710164737728,1.1127763888780098,15.341454132256395,0,0.0013842578052183474,5.1213250184325961e-06,8.8716437979854657e-07,1.9649073269193341e-06,4.0544337004765631e-06,8.3187627431407971e-06,1.4798958805907482e-05
368,7.4000000000000004,4231.6266741746867,1.1126828627892091,28.714291601592002,0,0.0020765612376366111,7.6826332338709486e-06,1.3308584250395445e-06,2.947608729564111e-06,6.0821617412871823e-06,1.2479192959852581e-05,2.2200304089223529e-05
369,7.4000000000000004,4510.5653420109284,1.0438732453827433,6.2123665612321801,0,0.0022134431674253972,8.1890539663067455e-06,1.4185854162755026e-06,3.1419080181438271e-06,6.4830832365677386e-06,1.3301791390176444e-05,2.366369481931794e-05
370,7.4000000000000004,4503.9316429318069,1.0454107334122258,15.475034076643615,0,0.0014734585675615728,5.451340203558869e-06,9.4433273290694935e-07,2.0915248044110702e-06,4.315699033848136e-06,8.8548189428192492e-06,1.5752595045050605e-05
371,7.4000000000000004,4506.4073473604731,1.0448364116115125,28.801450660882924,0,0.0022114027391971383,8.1815050140131012e-06,1.4172777153278737e-06,3.1390116990039638e-06,6.4771069069123304e-06,1.3289529340245206e-05,2.3641880809541307e-05
372,7.4000000000000004,4807.5892769296561,0.97938035278315316,6.4211322199585812,0,0.0023591999738248695,8.7283089926511392e-06,1.5120002745940422e-06,3.3488048951294767e-06,6.9099988773624403e-06,1.4177723811192382e-05,2.5221965948767111e-05
373,7.4000000000000004,4790.1625314473513,0.98294336594320242,15.793816386400437,0,0.0015670988330939901,5.7977801750699535e-06,1.0043463429310839e-06,2.2244440071388426e-06,4.5899674879359363e-06,9.4175545468608763e-06,1.6753693559333422e-05
374,7.4000000000000004,4771.1707348593409,0.98685600321839695,29.047939297956958,0,0.0023413285171446324,8.6621901397414416e-06,1.5005465412489606e-06,3.3234369643572316e-06,6.8576541219506906e-06,1.4070324447116728e-05,2.5030904030809806e-05
375,7.4000000000000004,5105.2840362303132,0.92227160108265915,6.4793032032584588,0,0.002356439964407145,8.7180978128919821e-06,1.5102313974137345e-06,3.3448871547296691e-06,6.9019149242471535e-06,1.416113740407347e-05,2.5192458969992748e-05
376,7.4000000000000004,5050.6690405173504,0.93224450945088533,15.922785834901545,0,0.00155445521586778,5.7510027084882414e-06,9.9624310754197093e-07,2.2064968183761068e-06,4.5529348574644855e-06,9.3415721312129918e-06,1.661852193900159e-05
377,7.4000000000000004,5012.11680878671,0.93941515365753303,29.170668054635762,0,0.0023137158809083962,8.5600319404172853e-06,1.4828497312986931e-06,3.2842417573288838e-06,6.7767778556272091e-06,1.3904385003830968e-05,2.4735700157194578e-05
378,7.4000000000000004,2616.1274102420584,1.7997817933646507,6.4196750679806946,0,0.0011349507920567388,4.1989663082544327e-06,7.273846762800542e-07,1.6110244194385632e-06,3.3242237987392628e-06,6.8205404576140284e-06,1.2133642992701347e-05
379,7.4000000000000004,5251.9540745209006,0.89651554740706496,15.799767298195983,0,0.0017721259757928129,6.5563170830093e-06,1.1357472837157942e-06,2.5154731300287852e-06,5.1904834855606729e-06,1.0649674856810329e-05,1.8945617800218734e-05
380,7.4000000000000004,5196.6762382856759,0.90605191976114663,29.103323382202877,0,0.0023797147222407457,8.8042072060569194e-06,1.5251480813006286e-06,3.377924889483349e-06,6.9700857246394233e-06,1.4301008161956783e-05,2.5441287028681282e-05
381,7.4000000000000004,2724.5136647343361,1.72818310402381,6.3086067960947876,0,0.0021012832799461563,7.7740971312095311e-06,1.3467026668059411e-06,2.9827008358808046e-06,6.154571577884504e-06,1.2627761242237347e-05,2.2464604918417085e-05
382,7.4000000000000004,4168.1664433267179,1.1296234318123659,9.989819029071997,0,0.0018752426038863863,6.9378166600976347e-06,1.2018342503665783e-06,2.661843710208623e-06,5.4925078125653855e-06,1.1269359109808142e-05,2.0048027138716315e-05
383,7.4000000000000004,4062.7579328369829,1.158931582908264,21.488695920540078,0,0.001436144055078623,5.3132880678879392e-06,9.204180356593513e-07,2.0385581108502518e-06,4.2064063743757477e-06,8.6305756154192179e-06,1.5353669403442542e-05
384,7.4000000000000004,3986.8311133142888,1.1810027433446226,36.635780051538909,0,0.0020498977283696395,7.583986510281326e-06,1.3137699061430559e-06,2.9097607762980718e-06,6.0040654284923796e-06,1.2318957339973605e-05,2.1915247235091791e-05
385,7.4000000000000004,2788.5930905753648,1.6884709705367533,6.3029499853558688,0,0.002150704586893953,7.9569406555597259e-06,1.3783765522352957e-06,3.0528527163770377e-06,6.2993245362246137e-06,1.2924760923514062e-05,2.2992963063046933e-05
386,7.4000000000000004,2733.6282146865215,1.7224209410700029,15.728232392724546,0,0.0010541564418378412,3.9000522435735563e-06,6.7560395354692947e-07,1.4963395607942172e-06,3.0875804978304889e-06,6.3350029891428149e-06,1.1269878846938825e-05
387,7.4000000000000004,4160.1970236642264,1.1317873781681489,21.524477511178418,0,0.0014705877933808202,5.4407192284928556e-06,9.4249286710593453e-07,2.0874498371611641e-06,4.3072906553358222e-06,8.8375668896187622e-06,1.5721903891508348e-05
388,7.4000000000000004,4061.7461178318008,1.1592202824802087,36.644376784338725,0,0.0018273644946503625,6.7606824891784976e-06,1.1711493931628262e-06,2.5938823468829031e-06,5.3522748163201426e-06,1.0981633348159403e-05,1.9536167163199045e-05
389,7.4000000000000004,3008.8259288114123,1.5648823140579191,2.6567056242947551,0,0.0026106292512331443,9.6585194230372032e-06,1.6731401273831868e-06,3.7057002852216609e-06,7.6464248030589785e-06,1.5688699944073099e-05,2.7909970672263846e-05
390,7.4000000000000004,2825.5483286052718,1.666387523585565,15.75853468201656,0,0.0012258035678959656,4.5350934315008781e-06,7.856117971433317e-07,1.7399868744411543e-06,3.590327811124659e-06,7.3665245105217662e-06,1.3104940739391663e-05
391,7.4000000000000004,4266.0115506871316,1.1037144241481189,21.683503282282487,0,0.0015079921641154522,5.5791038118557667e-06,9.6646515408849588e-07,2.1405440814834439e-06,4.4168465059005877e-06,9.0623502244317468e-06,1.6121790198506919e-05
392,7.4000000000000004,4138.4696730185533,1.1377293671555588,36.707437177535184,0,0.0015958989747489605,5.9043317765389709e-06,1.022804219573081e-06,2.2653248381089376e-06,4.6743219083800321e-06,9.5906303601186203e-06,1.7061592932087169e-05
393,7.4000000000000004,3127.8637786947293,1.5053272185787867,2.7226911280064376,0,0.0018092755264528973,6.6937589110429216e-06,1.1595562576994734e-06,2.5682056658386494e-06,5.2992929786955512e-06,1.0872926838334669e-05,1.9342779851827929e-05
394,7.4000000000000004,3001.2139521610998,1.5688513238736033,10.252458880081182,0,0.0026040246654667424,9.6340845018871495e-06,1.6689072791281957e-06,3.6963252981963047e-06,7.6270802452692078e-06,1.5649009373573659e-05,2.783936172043522e-05
395,7.4000000000000004,4380.3496155309085,1.0749047211623528,21.973924470082277,0,0.0016891740215094822,6.2494205517435157e-06,1.0825837625874156e-06,2.3977256250920988e-06,4.9475206518321126e-06,1.0151171164679047e-05,1.8058786929783515e-05
396,7.4000000000000004,4223.8440928055279,1.1147330201168615,36.837604459079181,0,0.001628821518532746,6.0261349887113942e-06,1.0439041245382009e-06,2.312057280041153e-06,4.77075067368603e-06,9.7884799439212383e-06,1.741356448493319e-05
397,7.4000000000000004,3213.3583404596829,1.4652765061372859,2.835683162540855,0,0.0018587288368239444,6.8767208381440711e-06,1.1912506539737243e-06,2.6384029741161773e-06,5.4441396737350445e-06,1.1170118845696877e-05,1.9871480141786881e-05
398,7.4000000000000004,3104.6288662870638,1.5165930244367289,10.576852569019074,0,0.0017958355682728747,6.6440352296487756e-06,1.1509426511022418e-06,2.5491280979160687e-06,5.2599278985980006e-06,1.0792158774065235e-05,1.9199094631698071e-05
399,7.4000000000000004,4556.7753289474622,1.033287389036897,22.215663666396924,0,0.0017572082557571057,6.5011261405787529e-06,1.1261865864283413e-06,2.4942979289292554e-06,5.1467901022768378e-06,1.0560026112784593e-05,1.8786133979030042e-05
400,7.4000000000000004,4360.0117233339324,1.0799187664742089,36.961311878733092,0,0.0016813312139332135,6.2204045935139989e-06,1.0775573437418435e-06,2.386593023916122e-06,4.9245493937155209e-06,1.0104039441656691e-05,1.7974940275058997e-05
401,7.4000000000000004,3402.5134254137911,1.3838177527553059,2.8447880915600661,0,0.0019681433414589266,7.2815206072724494e-06,1.2613739003657847e-06,2.7937131779077422e-06,5.7646102199300478e-06,1.1827650485602008e-05,2.1041219435116325e-05
402,7.4000000000000004,3260.7252104268628,1.44399119159737,10.659858631007488,0,0.0018861276382615374,6.9780879149620187e-06,1.2088104181975362e-06,2.6772946498507003e-06,5.5243896268019304e-06,1.133477323864777e-05,2.0164397929411145e-05
403,7.4000000000000004,3100.5206678701452,1.5186025143674575,22.344453980486119,0,0.0011956394865720562,4.4234956758228406e-06,7.6627977792043999e-07,1.6971699770541886e-06,3.501978467958569e-06,7.1852520373217125e-06,1.2782459626951654e-05
404,7.4000000000000004,4571.4826963852665,1.0299630983617007,37.01673844359366,0,0.0017628797900366192,6.522109060298674e-06,1.1298214463313327e-06,2.5023484807980472e-06,5.1634017909590915e-06,1.0594109466248814e-05,1.8846767772715297e-05
405,7.4000000000000004,3699.405230001139,1.2727609411079361,2.739865685313851,0,0.002139876867612832,7.9168814487863007e-06,1.3714371173811404e-06,3.0374831335803241e-06,6.2676105955213847e-06,1.2859691232442487e-05,2.2877205022168152e-05
406,7.4000000000000004,3467.7728225598021,1.3577759337188164,10.474990116458521,0,0.0020058918620088273,7.4211784383298153e-06,1.2855667513619783e-06,2.8472959313003918e-06,5.8751740710303913e-06,1.2054502005004975e-05,2.1444785012638074e-05
407,7.4000000000000004,3305.7168524046174,1.4243381064687628,22.247206850903709,0,0.0015934604311461989,5.8953099207009313e-06,1.0212413683362666e-06,2.2618634076051574e-06,4.6671795153042291e-06,9.5759758170171077e-06,1.7035522711505687e-05
408,7.4000000000000004,3133.9820341156387,1.502388472818583,37.012082419759039,0,0.0012085430389245208,4.4712348218404486e-06,7.7454960452124904e-07,1.715486134972941e-06,3.5397724376342132e-06,7.2627965454033687e-06,1.2920410187168198e-05
409,7.4000000000000004,3914.7953949621451,1.2027342445878708,2.7231239983515958,0,0.0028688616588123622,1.0613899327358514e-05,1.8386400746114171e-06,4.0722524894336426e-06,8.4027768148717157e-06,1.7240559809441679e-05,3.067070696553861e-05
410,7.4000000000000004,3656.5901182263997,1.2876637331065346,10.472911125738351,0,0.0026817438029102573,9.9216212320395877e-06,1.7187171123172369e-06,3.8066449958920133e-06,7.854716375500927e-06,1.6116066205441888e-05,2.8670249080521889e-05
411,7.4000000000000004,3482.1558487838674,1.3521676474418243,22.28298175394001,0,0.0025530383684069183,9.4454509989765222e-06,1.6362303988254199e-06,3.6239519669514564e-06,7.4777434957977089e-06,1.5342604810209053e-05,2.7294272426367574e-05
412,7.4000000000000004,3299.7509303998286,1.4269132978183146,37.033194626553254,0,0.0020165779680838291,7.460713720114193e-06,1.2924154269719347e-06,2.862464498921144e-06,5.9064732325261942e-06,1.2118720664817374e-05,2.1559029081194773e-05
413,7.4000000000000004,4012.6711215994483,1.1733975547438042,2.784884455233005,0,0.0035386984655930531,1.3092087988387482e-05,2.267935364125855e-06,5.0230632737557316e-06,1.036470104097558e-05,2.1265975776919406e-05,3.7831863848930306e-05
414,7.4000000000000004,3810.8674958331394,1.2355345566919267,10.626812279491816,0,0.0033607316800754543,1.2433666018371902e-05,2.1538772802174478e-06,4.7704454163786132e-06,9.8434437072275358e-06,2.0196475963156892e-05,3.5929239122693503e-05
415,7.4000000000000004,3608.9401361173886,1.3046651660842949,22.429650649352197,0,0.0031826557759374254,1.1774840343267084e-05,2.0397492626934577e-06,4.5176726687953651e-06,9.32186676956586e-06,1.9126320395884593e-05,3.4025447820431183e-05
416,7.4000000000000004,3413.9655664628663,1.3791757387155488,37.087722825093394,0,0.0030107114053279775,1.1138699442590051e-05,1.9295509164486115e-06,4.2736034265202633e-06,8.8182488393088481e-06,1.8093012569317526e-05,3.2187208116841044e-05
417,7.4000000000000004,4133.6847477824103,1.1390463398549704,2.8696905203014662,0,0.00380569699617588,1.4079899831964471e-05,2.4390534787564412e-06,5.4020586942916764e-06,1.1146728663497804e-05,2.2870516073035285e-05,4.0686317867854783e-05
418,7.4000000000000004,3982.1762187042327,1.1823832556581246,10.760149665064569,0,0.0036664594015478544,1.3564763869438757e-05,2.3498167528971787e-06,5.2044156188212969e-06,1.0738907523602468e-05,2.2033761163458699e-05,3.9197742965574375e-05
419,7.4000000000000004,3745.5221556011375,1.2570900094756448,22.431511010587208,0,0.0034481727814324728,1.2757171003014818e-05,2.2099178747959014e-06,4.8945651143731637e-06,1.009955506655107e-05,2.0721957396922931e-05,3.6864063005966883e-05
420,7.4000000000000004,3505.0213990930051,1.3433465722332765,37.041051865824102,0,0.003225717367397349,1.1934154890633818e-05,2.0673472360887787e-06,4.5787971473783586e-06,9.4479923850062069e-06,1.9385101066180803e-05,3.4485814896368821e-05
421,7.4000000000000004,4363.3018113137769,1.0791044685167375,3.0568533589287119,0,0.0041789162826441672,1.5460695563761056e-05,2.6782479810812926e-06,5.9318308998480461e-06,1.2239872474585909e-05,2.5113395024911051e-05,4.4676367138440726e-05
422,7.4000000000000004,4170.7548393515435,1.1289223805846924,11.031642187709835,0,0.0039945060100793775,1.4778434687946045e-05,2.5600602963366751e-06,5.6700667296510135e-06,1.1699742434515219e-05,2.4005172771020683e-05,4.270485575032757e-05
423,7.4000000000000004,3909.8866061380359,1.2042442547270236,22.335568751881873,0,0.0037446616136697928,1.3854087826238613e-05,2.3999361863975666e-06,5.3154210247510539e-06,1.0967958559532146e-05,2.250372105545191e-05,4.0033794827706264e-05
424,7.4000000000000004,3644.6476034928528,1.291883055460153,36.86077992310075,0,0.0034906311489258219,1.2914253808591772e-05,2.2371292447607283e-06,4.9548333368547098e-06,1.0223913864011561e-05,2.0977112964265054e-05,3.7317981076091862e-05
425,7.4000000000000004,4905.7817414741521,0.95977740759844987,3.2437516711038366,0,0.0029863013484884115,1.1048389794833279e-05,1.9139066247167655e-06,4.2389541730692306e-06,8.7467527952137426e-06,1.7946319178368649e-05,3.1926242692440484e-05
426,7.4000000000000004,4492.9054688276137,1.047976307256806,11.37597145784593,0,0.0027807577634562648,1.0287942210261113e-05,1.7821746984461015e-06,3.9471919776830703e-06,8.1447241594137411e-06,1.6711095283794109e-05,2.9728797219319619e-05
427,7.4000000000000004,4185.2858798652051,1.1250028354640174,22.257732038150223,0,0.0025977637880576828,9.6109211951739912e-06,1.6648947119585081e-06,3.6874381936066619e-06,7.608742395003058e-06,1.5611384334701912e-05,2.7772427319548173e-05
428,7.4000000000000004,3896.5405931401542,1.2083689030123528,36.625512251408125,0,0.0024244576988954841,8.9697423577297046e-06,1.553823646635787e-06,3.441436037714302e-06,7.1011360475812489e-06,1.4569893196095308e-05,2.5919629621998073e-05
429,7.4000000000000004,2655.2846326273616,1.7732405875512209,3.3043013432418258,0,0.00083090632451417808,3.0740959752342616e-06,5.3252399320373375e-07,1.1794435392502584e-06,2.4336901633131909e-06,4.9933708514060445e-06,8.8831346456549004e-06
430,7.4000000000000004,4977.5144048432176,0.9459457269464554,11.553217750216103,0,0.0027734374256980477,1.0260859228490517e-05,1.7774831280733701e-06,3.9368010048148508e-06,8.1232831937251959e-06,1.6667103367851355e-05,2.9650536236054224e-05
431,7.4000000000000004,4515.4197773967644,1.0427509986215273,22.224452092402565,0,0.0024945618365240724,9.2291059477918174e-06,1.5987530619124221e-06,3.5409464996777416e-06,7.3064681591811995e-06,1.4991187326456182e-05,2.6669105796868186e-05
432,7.4000000000000004,4140.9402946461814,1.1370505602709204,36.466544801790747,0,0.0022777684891884492,8.4270377280178678e-06,1.4598112153803584e-06,3.2332156456408072e-06,6.6714894361693928e-06,1.3688357453308459e-05,2.4351390264024494e-05
433,7.4000000000000004,3058.8019759944918,1.5393145810117488,3.286319575966731,0,0.0047568806254910867,1.759898457150625e-05,3.0486626363821403e-06,6.7522318162646941e-06,1.3932706064166223e-05,2.8586699075654997e-05,5.0855324893875441e-05
434,7.4000000000000004,5040.6598083314348,0.93409566626446672,11.406605325478797,0,0.0045144529412863574,1.6702077247163934e-05,2.8932918627497231e-06,6.4081138845136633e-06,1.3222645431628843e-05,2.7129818442823673e-05,4.8263555283884746e-05
435,7.4000000000000004,4568.371873951377,1.0306644493902215,22.020216693205725,0,0.0041022210692384323,1.5176947035323563e-05,2.6290943760388537e-06,5.8229646278339256e-06,1.2015235375394401e-05,2.4652491512970065e-05,4.3856426445657183e-05
436,7.4000000000000004,4212.7396545695665,1.1176713654660804,36.351539686157736,0,0.003791018970402656,1.4025595684044746e-05,2.4296464004053711e-06,5.3812237311238371e-06,1.1103737334767651e-05,2.2782307783015277e-05,4.0529396593543655e-05
437,7.4000000000000004,5127.5624650476602,0.91826448028110108,3.0867345274774607,0,0.0079071412735014866,2.9253972977870706e-05,5.0676500124764892e-06,1.1223920692170944e-05,2.3159688847596375e-05,4.7518339418270103e-05,8.4534439710514365e-05
438,7.4000000000000004,4853.5746725176323,0.9701011727987926,10.85095597959209,0,0.0049899320354324086,1.8461202585964346e-05,3.1980241995117459e-06,7.0830404425309225e-06,1.461530397825971e-05,2.9987232544888713e-05,5.3346853713419477e-05
439,7.4000000000000004,4471.4725694801346,1.0529995228447278,21.385989801848432,0,0.0045970189701114023,1.7007545973798732e-05,2.9462080460494413e-06,6.5253135812618959e-06,1.346447790569604e-05,2.7626002897662656e-05,4.9146260264664299e-05
440,7.4000000000000004,4205.004072891903,1.1197274486437601,36.121768349733806,0,0.0043231469971359111,1.599430452284976e-05,2.7706847742043671e-06,6.1365615407758293e-06,1.2662318255476341e-05,2.5980156324437365e-05,4.6218322975181149e-05
441,7.4000000000000004,5084.922316137945,0.9259646833015921,2.7925381213554328,0,0.0052843113236310029,1.9550314749808737e-05,3.3866905141647803e-06,7.5009019262041003e-06,1.5477528704243045e-05,3.1756318798754917e-05,5.6494032615312094e-05
442,7.4000000000000004,4851.244935623773,0.97056704919197356,9.8377971397117143,0,0.0050414868766384862,1.865193952607382e-05,3.2310654571097033e-06,7.1562208030404343e-06,1.4766305969955663e-05,3.0297053801187146e-05,5.3898021254882963e-05
443,7.4000000000000004,4540.3574283317485,1.0370237489883893,20.20056987148482,0,0.0047189317215627904,1.7458585384030171e-05,3.0243413606120746e-06,6.6983646254161625e-06,1.3821555298461302e-05,2.8358643342863268e-05,5.0449617038122655e-05
444,7.4000000000000004,4303.2272543494491,1.094169144173559,35.65531085312854,0,0.0044725808892138591,1.654716362699607e-05,2.866456259607192e-06,6.3486779170224618e-06,1.3100003927719051e-05,2.6878186365730488e-05,4.7815905452037148e-05
445,7.4000000000000004,5214.2640824239879,0.90299578380522294,2.4148486897686805,0,0.0054644851460164427,2.0216902072466913e-05,3.5021630777218986e-06,7.7566525980728931e-06,1.6005250357441873e-05,3.2839081904947297e-05,5.8420252547273702e-05
446,7.4000000000000004,4937.8389167158766,0.95354639174974032,8.562497340146864,0,0.0051746944877744463,1.9144766417845348e-05,3.3164375946352268e-06,7.3453045200588723e-06,1.515646553829158e-05,3.1097571239805326e-05,5.5322130219559145e-05
447,7.4000000000000004,4752.4316211122459,0.9907472337232528,18.653908429561561,0,0.004980504352335745,1.8426323079324191e-05,3.1919820413271517e-06,7.0696581639389761e-06,1.4587690685475353e-05,2.9930576437476487e-05,5.3246063316387423e-05
448,7.4000000000000004,4525.1204791810569,1.0405156069851191,35.006259779183381,0,0.0047422919726217089,1.7545011075641881e-05,3.039312836708866e-06,6.7315237149234117e-06,1.3889976504964763e-05,2.8499027876327175e-05,5.0699359096150686e-05
449,7.4000000000000004,2677.3639990688189,1.7586172383409433,2.2285531308865365,0,0.0028126567638448335,1.0405958628978144e-05,1.8026186192166651e-06,3.9924715342429957e-06,8.2381550085658091e-06,1.6902793835158969e-05,3.0069826174273274e-05
450,7.4000000000000004,5164.5745875013972,0.91168370255909237,7.6688814189534025,0,0.0054613336053688805,2.0205242348458769e-05,3.5001432700000532e-06,7.752179092280739e-06,1.5996019625592842e-05,3.282014257238684e-05,5.83865597481126e-05
451,7.4000000000000004,4977.988933404803,0.9458555543343522,17.602532504951007,0,0.0052637889802695809,1.9474388437457448e-05,3.3735378398929694e-06,7.4717711510808555e-06,1.5417419611685556e-05,3.1632988805806086e-05,5.6274630338610847e-05
452,7.4000000000000004,4685.3534791686543,1.004931325461343,34.587698468328185,0,0.0049539713027887278,1.8328159016280302e-05,3.1749771334575291e-06,7.0319953938509838e-06,1.4509976483789582e-05,2.9771124821454124e-05,5.2962401193796411e-05
453,7.4000000000000004,3005.802452169828,1.5664563979169457,2.079541633774622,0,0.006396607474364829,2.3665465903867706e-05,4.0995559363412754e-06,9.0797688453877889e-06,1.8735397998131e-05,3.8440715117982427e-05,6.838547715160126e-05
454,7.4000000000000004,2648.356319478462,1.7778795275565875,7.4194934710692877,0,0.0028179656011206363,1.0425599682152534e-05,1.8060210282993404e-06,4.0000072499321709e-06,8.2537043727667686e-06,1.6934697543827154e-05,3.0126582411338147e-05
455,7.4000000000000004,5008.844693376448,0.94002884303883516,17.780606972745726,0,0.0053584482277484365,1.982459832647664e-05,3.4342045107003842e-06,7.6061367643580263e-06,1.5694672621632995e-05,3.2201848030043322e-05,5.7286622684803053e-05
456,7.4000000000000004,4602.5579069727937,1.0230090695746901,34.767933909182595,0,0.0049234730005219074,1.8215324746659442e-05,3.1554309135890531e-06,6.9887040810935137e-06,1.4420648221343258e-05,2.9587843831692068e-05,5.2636346959393455e-05
457,7.4000000000000004,2659.3464226937913,1.7705322036631943,2.1031686040934767,0,0.00572128546644905,2.1166983698024784e-05,3.6667452069682102e-06,8.1211720028189421e-06,1.6757407845396878e-05,3.4382335574883748e-05,6.1165678543139077e-05
458,7.4000000000000004,5115.9465567469715,0.92034942700218392,8.16371040367018,0,0.0082838035370064109,3.0647506658024271e-05,5.3090511027474985e-06,1.1758580087656965e-05,2.4262916995630016e-05,4.978190910346873e-05,8.8561297496929375e-05
459,7.4000000000000004,4895.013690642827,0.96188872588373553,18.954669184354785,0,0.0052839110830387353,1.9548833983617029e-05,3.3864340018334282e-06,7.5003337981651528e-06,1.5476356416147961e-05,3.1753913533987978e-05,5.6489753684021193e-05
460,7.4000000000000004,4406.7671166097216,1.0684609278146404,35.43574049849363,0,0.0047567401580868446,1.7598464885629165e-05,3.0485726114770276e-06,6.7520324275159023e-06,1.3932294640964973e-05,2.8585854930146386e-05,5.0853823171204197e-05
461,7.4000000000000004,2612.255374877519,1.802449533593796,2.186394831524578,0,0.0056596227302366502,2.0938850677947821e-05,3.6272258465410344e-06,8.0336438258241026e-06,1.6576800248444437e-05,3.4011770445534217e-05,6.0506448528595002e-05
462,7.4000000000000004,5242.8853077991698,0.89806627565773745,9.2753588932765378,0,0.0057060170245870605,2.1110495193495129e-05,3.6569597336958776e-06,8.0994989639007804e-06,1.6712687212429776e-05,3.4290579151457042e-05,6.1002445190728733e-05
463,7.4000000000000004,4812.3407932153823,0.97841335108977134,20.711447168055919,0,0.0052366369469360125,1.937393432617246e-05,3.3561362281976357e-06,7.4332297543578142e-06,1.5337892432160844e-05,3.1469817377446197e-05,5.5984350723581536e-05
464,7.4000000000000004,4264.1833877159552,1.104187614360058,36.323926940021323,0,0.0046399862333836939,1.7166511536095313e-05,2.973745564948669e-06,6.5863041641599133e-06,1.3590327237787e-05,2.7884216698254436e-05,4.960561888758276e-05
465,7.4000000000000004,2653.1547309684493,1.774664111036298,2.5892824989593191,0,0.0058004092651948629,2.1459717239813585e-05,3.717455281043293e-06,8.2334855699183994e-06,1.6989158170325801e-05,3.4857833785275715e-05,6.2011582993734898e-05
466,7.4000000000000004,2694.0136230210319,1.7477485792354186,10.011859873137793,0,0.0029448681219260173,1.0895099693099011e-05,1.8873522627997083e-06,4.1801411036081448e-06,8.6253965930231006e-06,1.7697324243930848e-05,3.1483284299299268e-05
467,7.4000000000000004,4868.0341221721192,0.96721969565302768,22.474896586514582,0,0.0052208887046032134,1.9315670708549162e-05,3.3460432530383654e-06,7.4108756548330243e-06,1.5291766483514086e-05,3.1375177570400004e-05,5.5815987873345138e-05
468,7.4000000000000004,4354.1810189530133,1.0813648907982345,37.136612938506744,0,0.0046683070211166015,1.727128967656271e-05,2.9918962258947402e-06,6.6265045683842841e-06,1.3673277650474204e-05,2.8054411811448504e-05,4.9908393536517491e-05
469,7.4000000000000004,2818.9042287626244,1.6703151650322929,2.9749192810148388,0,0.0059341748461381235,2.19546084470059e-05,3.8031850188194158e-06,8.4233613062835457e-06,1.738095200908594e-05,3.5661704369837714e-05,6.3441657156629248e-05
470,7.4000000000000004,2685.23242714653,1.7534640333087768,11.228909202852051,0,0.0056527776157198383,2.0913525874940149e-05,3.6228388445302352e-06,8.0239274163395534e-06,1.6556751191920454e-05,3.3970634406134384e-05,6.0433268108463621e-05
471,7.4000000000000004,5284.7832516183171,0.8909463752622282,23.611947127319986,0,0.0057179150260494825,2.1154514112752178e-05,3.6645851074148915e-06,8.1163877762022736e-06,1.6747535965252923e-05,3.4362080753911669e-05,6.1129645509087958e-05
472,7.4000000000000004,4722.1692544969937,0.99709650974325703,37.655395610625732,0,0.005107044023801824,1.8894480660130644e-05,3.2730807273760328e-06,7.2492769652000924e-06,1.4958320135065761e-05,3.0691022577316205e-05,5.4598886019123915e-05
473,7.4000000000000004,3544.0250711294966,1.3285624078768901,3.1559850845393842,0,0.0078527473036279771,2.9052732141290318e-05,5.0327891705396072e-06,1.1146710284151732e-05,2.300037116578415e-05,4.7191456283980023e-05,8.3952919334459225e-05
474,7.4000000000000004,3073.4897674097961,1.5319584050686317,11.815098196090673,0,0.0068101489124238659,2.5195441104228791e-05,4.364592717808998e-06,9.6667769869086441e-06,1.9946643718898761e-05,4.0925911946710257e-05,7.2806606426293046e-05
475,7.4000000000000004,2807.8347921107115,1.6769001136767092,23.99790346091768,0,0.0031107591862708007,1.1508845235988936e-05,1.9936710732544894e-06,4.4156178815412088e-06,9.1112846402870447e-06,1.8694254440234623e-05,3.3256808723905533e-05
476,7.4000000000000004,5030.7985553393464,0.93592665861737467,38.094110821830405,0,0.0056400912192237406,2.0866590138313423e-05,3.6147081921063081e-06,8.0059195038441971e-06,1.6519593262741741e-05,3.3894394906441042e-05,6.0297639139326949e-05
477,7.4000000000000004,4298.2546524029758,1.095434976018363,3.6807207672215099,0,0.0097473397487360652,3.6062137219078522e-05,6.2470246440179043e-06,1.3836020442191039e-05,2.8549553860768396e-05,5.8577099179679767e-05,0.00010420781364926175
478,7.4000000000000004,3510.6669348059818,1.3411863242834472,13.084624186434265,0,0.0079612926933207567,2.9454316454395535e-05,5.1023554052133544e-06,1.1300786808558263e-05,2.3318296110359305e-05,4.7843764936538837e-05,8.511336700871397e-05
479,7.4000000000000004,3040.1033030556709,1.5487823974084374,25.253334713507179,0,0.0068941749995133066,2.5506311594097024e-05,4.4184446456497403e-06,9.7860491871823211e-06,2.0192752643067603e-05,4.1430870690736471e-05,7.3704920740845219e-05
480,7.4000000000000004,5068.4904317792762,0.92896663127821733,38.545989378775701,0,0.0057470185281077611,2.1262188053728481e-05,3.6832374063263835e-06,8.1576992170464198e-06,1.6832778915736673e-05,3.4536979625859256e-05,6.1440788076927888e-05
481,7.4000000000000004,4251.4737402519249,1.1074885486172299,4.2229768998389234,0,0.0096412526316693413,3.5669647753085226e-05,6.1790339048201073e-06,1.3685433352972298e-05,2.823882909476003e-05,5.7939563632720956e-05,0.00010307364711656137
482,7.4000000000000004,3722.6565535793052,1.2648114093546245,14.381305895874753,0,0.0084420308078560144,3.123289853932384e-05,5.4104582236474693e-06,1.1983178368872215e-05,2.4726358109596407e-05,5.0732783370336178e-05,9.0252889088067331e-05
483,7.4000000000000004,3059.3835178156114,1.5390219809504933,26.400876459292803,0,0.0069378975843510061,2.5668071612177277e-05,4.4464662466221172e-06,9.8481119236000499e-06,2.0320814280697271e-05,4.1693623631995344e-05,7.4172354429470047e-05
484,7.4000000000000004,5059.0277706441429,0.93070421739874409,38.844431981284117,0,0.0057690395347372086,2.1343658955866302e-05,3.6973505669062308e-06,8.1889572941973851e-06,1.6897277530850326e-05,3.4669315906590291e-05,6.1676212409552401e-05
485,7.4000000000000004,4395.6187688278787,1.0711708020419188,4.4741562418297196,0,0.010080991355518319,3.7296544794612949e-05,6.4608604047294548e-06,1.4309627659237901e-05,2.9526805579094624e-05,6.0582194289294455e-05,0.00010777484889781255
486,7.4000000000000004,3753.7557764366074,1.2543326637369974,15.102381131843435,0,0.0086089311933380177,3.1850378257720808e-05,5.5174239033178998e-06,1.2220087844161409e-05,2.5215202416610466e-05,5.1735779129745691e-05,9.2037204061858394e-05
487,7.4000000000000004,3104.279204671504,1.5167638513282899,27.07454138932497,0,0.0071194099109176193,2.633961098561998e-05,4.5627966512744933e-06,1.0105762557067603e-05,2.0852456357129345e-05,4.2784430542363435e-05,7.611288417291623e-05
488,7.4000000000000004,5229.1564506786599,0.90042409831987136,39.029654675889546,0,0.0060595282066503468,2.2418377044817481e-05,3.8835234037035443e-06,8.601296179105575e-06,1.7748106803093825e-05,3.6415021317898621e-05,6.4781797130129227e-05
489,7.4000000000000004,4563.6063616456349,1.0317407131446812,4.4888248782208127,0,0.010681686588069996,3.951893105194371e-05,6.8458431813666378e-06,1.5162294307919089e-05,3.1286217001874333e-05,6.4192100696681473e-05,0.00011419682027332167
490,7.4000000000000004,3878.419035226264,1.2140148960982973,15.361480955438989,0,0.0090779206856379281,3.3585494080252634e-05,5.8179970844838583e-06,1.2885802630954983e-05,2.658885318858514e-05,5.4554193662617782e-05,9.7051122820911417e-05
491,7.4000000000000004,3295.4648983417333,1.4287691197819012,27.485648929686,0,0.0077134442404841463,2.8537353965539115e-05,4.9435104862135026e-06,1.094897427832842e-05,2.2592358271321278e-05,4.6354307938261652e-05,8.2463644514963372e-05
492,7.4000000000000004,2677.9390490226447,1.7582395998871951,39.112992852467826,0,0.0031340242076991036,1.1594918607470734e-05,2.0085815171245777e-06,4.448641795795531e-06,9.1794269231520069e-06,1.8834066686729855e-05,3.3505532691679509e-05
493,7.4000000000000004,4852.6271368981215,0.97029059708172716,4.4069188431432504,0,0.01151529907812009,4.2603039001255959e-05,7.3801015434576215e-06,1.6345579157992615e-05,3.3727833411806124e-05,6.920173437785237e-05,0.00012310888625831018
494,7.4000000000000004,4033.6484889556255,1.1672951906860294,15.425728609645153,0,0.0095718602348710356,3.541291738358869e-05,6.1345606409264694e-06,1.3586933183143039e-05,2.8035581642533083e-05,5.7522546742538466e-05,0.00010233178009020977
495,7.4000000000000004,3432.0207691717915,1.371920159799064,27.729154522297758,0,0.00814419581072434,3.0131001323050139e-05,5.2195771612351495e-06,1.1560411622771249e-05,2.3854011755470901e-05,4.8942929870213333e-05,8.7068765554941231e-05
496,7.4000000000000004,2741.9229658613394,1.7172103449656069,39.210344755795859,0,0.0065065916070448475,2.4072373120284621e-05,4.1700442546941982e-06,9.2358876170018298e-06,1.9057536961245037e-05,3.9101669964562374e-05,6.9561306280177727e-05
497,7.4000000000000004,5131.5071445907352,0.91755859426975328,4.5874937931473481,0,0.01217708219165674,4.505143149241975e-05,7.8042352584842703e-06,1.7284957996036834e-05,3.5666168704418809e-05,7.3178751294914311e-05,0.00013018394192984331
498,7.4000000000000004,4075.0471850583021,1.1554365552723058,15.855161139916063,0,0.0096700994676861187,3.5776372109226412e-05,6.1975217076610944e-06,1.3726380465016116e-05,2.8323320281053245e-05,5.8112920057954196e-05,0.00010338204569396778
499,7.4000000000000004,3608.8327232194861,1.3047039979939536,27.908808960784448,0,0.0085637711199345792,3.168329997729977e-05,5.4884810226192438e-06,1.2155984641145238e-05,2.5082930434590459e-05,5.1464387532971005e-05,9.1554402329803992e-05
500,7.4000000000000004,2885.0355175769246,1.6320279086305312,39.14114161401573,0,0.006846198131170109,2.5328812045078182e-05,4.3876964941941981e-06,9.717947638630588e-06,2.0052230385493405e-05,4.1142551431562772e-05,7.3192004941800522e-05
501,7.4000000000000004,5583.5729509116309,0.8432698065325932,5.0907329388169931,0,0.013433884517760645,4.9701210725475939e-05,8.6097140153777289e-06,1.9068946563586428e-05,3.9347290592685312e-05,8.0731564308843262e-05,0.0001436202872269873
502,7.4000000000000004,4159.6986915085072,1.1319229663647481,16.763373862332077,0,0.010008092012352353,3.7026839810053172e-05,6.4141395552433625e-06,1.4206149497168358e-05,2.9313286426404657e-05,6.0144102239069165e-05,0.00010699548946604784
503,7.4000000000000004,3443.1955848449243,1.3674676230417888,28.176371739792607,0,0.0082842101760876776,3.0649011096642937e-05,5.3093117158406476e-06,1.1759157298135519e-05,2.4264108024634007e-05,4.9784352820257903e-05,8.8565644833812611e-05
504,7.4000000000000004,2905.0482340796339,1.6207849586936673,39.003730816277525,0,0.0069894461554009966,2.5858785354651803e-05,4.4795034857062433e-06,9.921283383834201e-06,2.0471797907366096e-05,4.2003407207494243e-05,7.472345493733525e-05
505,7.4000000000000004,6078.5356031374304,0.77460408056927466,5.4600556243744602,0,0.014767475226732035,5.4635083185112994e-05,9.464406089187699e-06,2.0961933654062762e-05,4.3253322469632655e-05,8.8745840740999638e-05,0.00015787756928211394
506,7.4000000000000004,4359.9211959415579,1.0799411894092832,17.810582646474259,0,0.010592193984738461,3.9187836145576777e-05,6.7884877887281574e-06,1.503526257197487e-05,3.1024096878351871e-05,6.3654290664782361e-05,0.00011324006399198149
507,7.4000000000000004,3473.5948728388607,1.3555001819276049,28.923686581504413,0,0.0084389118665151499,3.1221359422650793e-05,5.4084593086694459e-06,1.1978751136697837e-05,2.4717222859764664e-05,5.0714039944850971e-05,9.0219544804764397e-05
508,7.4000000000000004,3017.4146180699599,1.5604280743783097,39.073159559404615,0,0.0073306464797422343,2.7121120846464668e-05,4.6981771843410938e-06,1.0405605751183684e-05,2.1471159506345444e-05,4.4053866692264668e-05,7.8371192754274468e-05
509,7.4000000000000004,4891.0003231234405,0.96267801492783445,6.5480941148186069,1,0.078834963006724379,0.00029166493903919982,5.0524960595233924e-05,0.00011190357449701614,0.00023090433702836814,0.00047376243835863874,0.0008428165372112369
510,7.4000000000000004,3937.0332713551907,1.1959407395241908,20.187274824854242,1,0.063458567122997148,0.00023477703807465734,4.0670300093195392e-05,9.0077298481341285e-05,0.00018586751120890375,0.00038135726013307169,0.00067842905938104243
511,7.4000000000000004,3283.8784100322155,1.4338102372157195,30.474292666903263,1,0.052930774048312576,0.00019582746534404954,3.3923086547755616e-05,7.5133450831896107e-05,0.00015503204192512243,0.00031808998978282978,0.00056587749894046414
512,7.4000000000000004,2778.8727192446322,1.6943771657723672,39.335111956867628,1,0.044790904426304443,0.00016571246957894044,2.8706282020718254e-05,6.3579180088283406e-05,0.000131190701396976,0.00026917305834829548,0.00047885498422720599
513,7.5,5893.3418060620352,1.128540410873226,5.4213483255554431,1,0.027714814372800014,8.3620390646832552e-05,1.4037687845554728e-05,3.0388946646377305e-05,6.9108742930296428e-05,0.00013687876774064905,0.00023655793730232203
514,7.5,5622.0870311905446,1.1829902928096805,14.175958291788646,1,0.017628506340326661,5.3188254009920397e-05,8.9289239271165613e-06,1.932943628723241e-05,4.3957859379148104e-05,8.7064203011234226e-05,0.00015046693228735022
515,7.5,5558.7069933833827,1.1964786759126271,27.765507062147144,1,0.026146459836268593,7.8888393626993231e-05,1.3243308669174789e-05,2.8669265551199827e-05,6.5197946017469621e-05,0.00012913293067844724,0.00022317135245531229
516,7.5,5101.1207939277319,1.3038064872227046,5.5007621144256174,0,0.0024490338785930535,7.3891589848158475e-06,1.2404475328046079e-06,2.6853349573495917e-06,6.10682974335126e-06,1.2095362968979983e-05,2.0903564242236267e-05
517,7.5,5057.1644121077097,1.3151390465586381,14.256716528158663,0,0.0016186203614455268,4.8836577114450268e-06,8.1983906039547152e-07,1.7747969422801731e-06,4.0361381085296132e-06,7.994091446343111e-06,1.3815625420709205e-05
518,7.5,5087.1726512320511,1.3073812978647086,27.788869569725911,0,0.0024423374141521732,7.3689545928626189e-06,1.2370557410998006e-06,2.6779923680081674e-06,6.090131661474844e-06,1.206229026683025e-05,2.0846407019602738e-05
519,7.5,4545.3709564639794,1.4632192722953425,5.5277636524845839,0,0.0021822199302561542,6.5841351340390609e-06,1.10530497441644e-06,2.3927768066272517e-06,5.4415113213044281e-06,1.0777614129925347e-05,1.8626191700134388e-05
520,7.5,4598.0018682754999,1.4464705699921883,14.351006933057525,0,0.001471658589571833,4.4402486159004546e-06,7.4540221044791352e-07,1.6136552010996944e-06,3.6696791030178299e-06,7.2682721798501749e-06,1.2561243083916268e-05
521,7.5,4651.5635890572921,1.4298147828991643,27.901363899536456,0,0.0022332027172522182,6.7379590243068996e-06,1.1311280032024289e-06,2.4486787936680718e-06,5.5686403099019104e-06,1.1029409468192309e-05,1.9061351855547478e-05
522,7.5,4156.840258709507,1.5999831528994999,5.7149755518471039,0,0.0019956874249277621,6.0213342884667119e-06,1.0108253561290057e-06,2.188246252101769e-06,4.9763800458254351e-06,9.8563617221161715e-06,1.7034056024723736e-05
523,7.5,4222.086464143702,1.5752577403879624,14.745065005038654,0,0.0013513412975628991,4.0772305265846489e-06,6.8446091872843973e-07,1.4817287981906248e-06,3.369659889767196e-06,6.674045480491954e-06,1.1534282916094689e-05
524,7.5,4248.1203902508878,1.565604025369163,28.274079440743421,0,0.0020395107617233493,6.1535568786310238e-06,1.0330220886783247e-06,2.2362979917177606e-06,5.0856564665950556e-06,1.0072797750089372e-05,1.7408107173637193e-05
525,7.5,3853.2431676472142,1.7260458512122985,5.9874854771492423,0,0.0018499313074998179,5.5815628610076105e-06,9.3699917600342017e-07,2.0284264959121698e-06,4.6129274202963314e-06,9.1364969784511852e-06,1.5789964470504675e-05
526,7.5,3958.7901750143046,1.6800270004725819,15.245950874127288,0,0.0012670694210825631,3.8229676931036769e-06,6.4177680472798265e-07,1.3893257416987728e-06,3.1595223304967661e-06,6.2578409751086774e-06,1.0814985972422961e-05
527,7.5,3967.1160940542982,1.6765010716972928,28.70364251717514,0,0.0019046013821542849,5.7465119361774823e-06,9.6468983386493448e-07,2.0883715476624916e-06,4.7492509072392448e-06,9.4065032050971379e-06,1.6256597222161026e-05
528,7.5,3787.0585058561992,1.7562111525197952,6.0909071379068864,0,0.0018181562358013852,5.4856919714352179e-06,9.2090494813767334e-07,1.9935855279901129e-06,4.5336941542148576e-06,8.9795652884009429e-06,1.5518750479405687e-05
529,7.5,3886.7860069390431,1.71115013055925,15.419327453528599,0,0.0012440234207831602,3.7534339223931499e-06,6.3010389384574053e-07,1.3640560911757556e-06,3.102055587662433e-06,6.1440206882432954e-06,1.0618278384179257e-05
530,7.5,3899.1781900283349,1.7057118344163897,28.841182795611594,0,0.0018719845837443661,5.6481014114668002e-06,9.4816926733899782e-07,2.0526076369495466e-06,4.6679187393163517e-06,9.2454143695761446e-06,1.5978198729229807e-05
531,7.5,3955.4247427565442,1.6814564340806042,6.0890590654461567,0,0.0018989883969748682,5.7295765886379237e-06,9.6184682965893444e-07,2.0822169797534384e-06,4.7352545533536286e-06,9.3787816232611392e-06,1.6208687964018765e-05
532,7.5,3999.3071452839795,1.6630066513076853,15.362620435655444,0,0.0012800374774316048,3.8620945630603186e-06,6.4834518813992679e-07,1.4035450529738651e-06,3.1918590461780037e-06,6.3218880060276432e-06,1.0925673946712996e-05
533,7.5,4010.3158171462178,1.6584415508608099,28.767102159011053,0,0.0019253414488321593,5.8090883061403743e-06,9.7519477818834742e-07,2.1111127708667429e-06,4.800967650390342e-06,9.5089348768933043e-06,1.6433622668798897e-05
534,7.5,4231.6290401976003,1.5717054401628363,6.1128465719923852,0,0.0020315933105168782,6.1296685583303069e-06,1.0290118612572121e-06,2.2276166056888907e-06,5.0659137725711633e-06,1.0033694801384362e-05,1.7340528300443197e-05
535,7.5,4231.2710164737728,1.571838428059914,15.341454132256395,0,0.0013542809495498158,4.0860999652972877e-06,6.8594986671170314e-07,1.4849520897554781e-06,3.3769901085713222e-06,6.6885639230888642e-06,1.155937411826035e-05
536,7.5,4231.6266741746867,1.5717063189480813,28.714291601592002,0,0.0020315921745958712,6.129665131060073e-06,1.0290112859077148e-06,2.2276153601657418e-06,5.0659109400761732e-06,1.0033689191263162e-05,1.7340518604865706e-05
537,7.5,4510.5653420109284,1.4745101509303211,6.2123665612321801,0,0.0021655098517451266,6.5337179357119915e-06,1.0968412386375445e-06,2.374454414945395e-06,5.3998436231329748e-06,1.0695085886197194e-05,1.8483563946920642e-05
538,7.5,4503.9316429318069,1.4766819104963733,15.475034076643615,0,0.0014415500208682871,4.3494058542300597e-06,7.3015207442854268e-07,1.580641532827436e-06,3.5946013735932869e-06,7.1195710654519234e-06,1.2304253417240881e-05
539,7.5,4506.4073473604731,1.4758706593901705,28.801450660882924,0,0.0021635136100999382,6.5276949292450974e-06,1.0958301325661663e-06,2.3722655609977228e-06,5.3948658611018688e-06,1.0685226787275207e-05,1.846652516038609e-05
540,7.5,4807.5892769296561,1.3834115187720777,6.4211322199585812,0,0.0023081102152250287,6.9639679074481366e-06,1.1690690140888605e-06,2.5308139264778891e-06,5.7554271651671316e-06,1.1399364896330274e-05,1.970071977519397e-05
541,7.5,4790.1625314473513,1.388444408632632,15.793816386400437,0,0.0015331624555197472,4.6258164219003554e-06,7.7655421673084199e-07,1.681093419364343e-06,3.8230431055270913e-06,7.5720293426799841e-06,1.3086205202336083e-05
542,7.5,4771.1707348593409,1.3939711556823349,29.047939297956958,0,0.0022906257746594695,6.9112143248093771e-06,1.1602130601751169e-06,2.5116424565073017e-06,5.711828543431055e-06,1.1313012209746987e-05,1.9551482506654551e-05
543,7.5,5105.2840362303132,1.3027432628685913,6.4793032032584588,0,0.0023054099753124107,6.9558208163907673e-06,1.1677013294819362e-06,2.5278531472522667e-06,5.7486939363797729e-06,1.1386028869363916e-05,1.9677672058714325e-05
544,7.5,5050.6690405173504,1.3168303703677933,15.922785834901545,0,0.0015207926427014218,4.588494556194059e-06,7.7028884656758327e-07,1.6675300746236801e-06,3.7921981500942842e-06,7.5109369350968186e-06,1.2980623495536319e-05
545,7.5,5012.11680878671,1.3269591745288147,29.170668054635762,0,0.002263611105079417,6.8297063921531109e-06,1.1465299990614997e-06,2.482021209852176e-06,5.6444656583602097e-06,1.1179591338392806e-05,1.9320900608222901e-05
546,7.5,5340.6410749763945,1.2453325902001393,6.3641409320377411,0,0.0022667484171495834,6.8391722055393918e-06,1.148119062835216e-06,2.4854612332212984e-06,5.6522887557994636e-06,1.1195085990617635e-05,1.9347678924758213e-05
547,7.5,5251.9540745209006,1.2663618700504959,15.799767298195983,0,0.0014860711062251615,4.4837336725399862e-06,7.5270222000694727e-07,1.6294583449969117e-06,3.7056176770589762e-06,7.3394531552308116e-06,1.2684260152152264e-05
548,7.5,5196.6762382856759,1.2798323540401386,29.103323382202877,0,0.0022056448789951632,6.6548122577639222e-06,1.1171698245205436e-06,2.4184619693654335e-06,5.4999229974132292e-06,1.0893305978864095e-05,1.8826133777341695e-05
549,7.5,5513.1067553097009,1.2063750401394129,6.3057783907253278,0,0.002339948675773943,7.0600300521510382e-06,1.1851953487146952e-06,2.5657243994801296e-06,5.8348184955860988e-06,1.1556609653162262e-05,1.9972474817570307e-05
550,7.5,5405.3760475584295,1.2304184435482084,15.729618871200774,0,0.0015294827503401043,4.6147141146487902e-06,7.746904282175697e-07,1.6770586687477806e-06,3.8138675145994898e-06,7.5538559028775974e-06,1.3054797325831189e-05
551,7.5,5310.5517766377861,1.2523885771132446,29.058416953220679,0,0.0022539775028670725,6.8006401473103154e-06,1.1416505328357451e-06,2.4714580857516345e-06,5.6204436270440249e-06,1.1132012610929869e-05,1.9238673643340902e-05
552,7.5,5695.4383686353967,1.1677546051337804,6.3157382438097258,0,0.0024173363695170909,7.2935221150966393e-06,1.2243925907831778e-06,2.6505790358710827e-06,6.0277898848555332e-06,1.1938814347567461e-05,2.0633012281693807e-05
553,7.5,5559.1765432917937,1.1963776166193458,15.743383537370555,0,0.0015730014996645279,4.7460177117077455e-06,7.9673288573605702e-07,1.7247764320186363e-06,3.9223844261419779e-06,7.7687876249889119e-06,1.3426248688834579e-05
554,7.5,5416.3942483007977,1.2279154873772504,29.064188350698267,0,0.0022989006219722805,6.936180971005617e-06,1.1644043104568027e-06,2.5207157228879967e-06,5.7324624285452108e-06,1.135388027720665e-05,1.9622111910318583e-05
555,7.5,5926.2451926019276,1.1222745882219449,6.3555266318310668,0,0.0025152985795867441,7.5890910539487408e-06,1.2740109251194909e-06,2.7579933715806359e-06,6.2720652064045614e-06,1.2422633088660838e-05,2.146916214854614e-05
556,7.5,5727.1761534003299,1.1612833628804771,15.800280521840923,0,0.0016205379714037942,4.8894434725063007e-06,8.2081033913620529e-07,1.7768995775685244e-06,4.0409197971912756e-06,8.0035621966993701e-06,1.3831993051759383e-05
557,7.5,5544.5861627087152,1.1995258416149195,29.097392396778151,0,0.0023533095992834558,7.1003422703113158e-06,1.1919627212480991e-06,2.5803744846733896e-06,5.868134851803028e-06,1.1622596988356326e-05,2.0086516083131383e-05
558,7.5,6129.077730855829,1.0851346116475047,6.4875750040438103,0,0.0026013875581529541,7.8488363988484113e-06,1.3176154101360368e-06,2.8523888577382931e-06,6.4867338312358721e-06,1.284781195306481e-05,2.2203968845071346e-05
559,7.5,5880.3144758173985,1.1310405949513609,16.012804037571627,0,0.0016638693549175696,5.0201817544933411e-06,8.4275789496322072e-07,1.824411896576014e-06,4.1489694995557459e-06,8.2175685508492288e-06,1.4201845166465752e-05
560,7.5,5665.4439541922002,1.1739370183528568,29.258265319024694,0,0.0024046057271638697,7.2551115642467579e-06,1.2179444587111366e-06,2.6366200460672095e-06,5.9960451768487654e-06,1.1875939864108318e-05,2.0524350738625086e-05
561,7.5,6317.9872067467468,1.0526888019221352,6.7062678657799655,0,0.0028305430699423033,8.540238230264115e-06,1.4336837878389117e-06,3.10365500471001e-06,7.0581484235289062e-06,1.3979572160901084e-05,2.4159910330414579e-05
562,7.5,6062.1326192389897,1.0971179287833737,16.371815799094843,0,0.0018582588498883795,5.6066884973655787e-06,9.4121711659644759e-07,2.0375575417830674e-06,4.6336927041055954e-06,9.1776252979528669e-06,1.5861043649449821e-05
563,7.5,5798.6448151412069,1.1469704724564422,29.546194325931502,0,0.0024611406705312188,7.425687271014397e-06,1.2465796816168991e-06,2.6986099029912543e-06,6.1370188386311613e-06,1.2155156361044514e-05,2.1006900951972683e-05
564,7.5,5325.5177440919124,1.2488690682906911,2.7916438636895564,0,0.0026789091138743116,8.0827323465453248e-06,1.356880453945466e-06,2.9373902721108367e-06,6.6800390142993328e-06,1.3230677769077326e-05,2.2865648879122345e-05
565,7.5,6361.2458782970079,1.0455301540726074,16.502156305746801,0,0.0025499315843263612,7.6935848220341097e-06,1.2915527099263016e-06,2.7959680272676274e-06,6.3584249196344262e-06,1.2593679625294592e-05,2.1764769835236113e-05
566,7.5,6056.891991284424,1.0980671923487983,29.686918710762406,0,0.0027135689089416645,8.1873069456851857e-06,1.3744358081831586e-06,2.9753943030564621e-06,6.7664655310028782e-06,1.3401856618596114e-05,2.3161485232855995e-05
567,7.5,5691.1963062851628,1.1686250175353485,2.7468746531274522,0,0.0029649051780498517,8.9456319600201351e-06,1.501738847003787e-06,3.2509813724659614e-06,7.3931893248993428e-06,1.4643163824962409e-05,2.5306749083074861e-05
568,7.5,5335.1184523112224,1.2466216903484852,10.506971588063642,0,0.0031765048804800362,9.5840648767973429e-06,1.6089151221529504e-06,3.4829977944792743e-06,7.9208273325970084e-06,1.5688218867847961e-05,2.7112844136332564e-05
569,7.5,6439.6988865202557,1.032792759480011,29.629644635331374,0,0.0033406091470862677,1.0079195845233219e-05,1.6920347287920199e-06,3.6629360663095904e-06,8.3300322950442852e-06,1.649870200844908e-05,2.8513545085965459e-05
570,7.5,3914.7953949621451,1.6989072766838487,2.7231239983515958,0,0.0018711565994797344,5.6456032396686201e-06,9.4774988929476532e-07,2.0516997625794184e-06,4.6658541051851228e-06,9.2413250957196807e-06,1.5971131525130027e-05
571,7.5,5600.1119843081187,1.1876323905425097,10.542837426395485,0,0.0033448392305215641,1.0091958738917809e-05,1.6941772865601001e-06,3.6675742997863086e-06,8.3405802909561948e-06,1.6519593673111707e-05,2.8549650679119008e-05
572,7.5,5315.3854125264697,1.2512496963166335,22.346760686554092,0,0.0036261608590131399,1.0940754771084486e-05,1.8366680552821018e-06,3.9760399399925344e-06,9.0420745835983754e-06,1.790899348394036e-05,3.0950852551133348e-05
573,7.5,5029.076939433854,1.3224841185226188,37.055631366296787,0,0.0034306873074552301,1.0350977241907235e-05,1.7376597537318338e-06,3.7617056403227848e-06,8.5546482114576459e-06,1.6943582765209584e-05,2.9282401175933807e-05
574,7.5,4012.6711215994483,1.6574681008441516,2.784884455233005,0,0.0028850550213548689,8.7047102202520246e-06,1.4612943555117968e-06,3.1634266763071378e-06,7.1940776195944254e-06,1.4248797443673068e-05,2.4625193431756099e-05
575,7.5,3810.8674958331394,1.7452389490061715,10.626812279491816,0,0.0021919688050963978,6.6135491763466397e-06,1.1102428267870851e-06,2.403466325719724e-06,5.4658207926265683e-06,1.082576216934718e-05,1.8709402566792398e-05
576,7.5,5521.2327279759229,1.2045995361741999,22.416001589365521,0,0.0038154311424543107,1.151181596695958e-05,1.9325343714568328e-06,4.1835724339096985e-06,9.5140326918770094e-06,1.884376731351999e-05,3.2566356347810797e-05
577,7.5,5189.6609565218459,1.2815624062823328,37.052348178683708,0,0.0035850435796164534,1.0816696824340298e-05,1.8158419539247132e-06,3.9309553584029719e-06,8.9395458979071736e-06,1.7705922214511619e-05,3.0599898773463114e-05
578,7.5,4133.6847477824103,1.6089457201102699,2.8696905203014662,0,0.0037232825578086466,1.1233787741983068e-05,1.8858606665831304e-06,4.082532665623011e-06,9.2842540340802666e-06,1.8388661082401864e-05,3.1779828290437257e-05
579,7.5,3982.1762187042327,1.6701607407503805,10.760149665064569,0,0.0029892168575195738,9.0189845037966495e-06,1.5140528305220055e-06,3.2776388243381377e-06,7.4538121233809282e-06,1.4763235086590166e-05,2.5514259790898941e-05
580,7.5,3745.5221556011375,1.7756868353545163,22.431511010587208,0,0.0022490004829283962,6.7856236169474911e-06,1.1391296481074385e-06,2.4660008457593356e-06,5.6080330950132381e-06,1.110743195355786e-05,1.9196192623812182e-05
581,7.5,5373.9736125268792,1.237608306770662,36.940688230661785,0,0.0032713822688585498,9.8703263748194556e-06,1.6569709793470059e-06,3.5870296618625151e-06,8.1574104449769223e-06,1.6156802197796128e-05,2.7922663714755557e-05
582,7.5,4363.3018113137769,1.5242755763500695,3.0568533589287119,0,0.0040884195776348421,1.2335469312957342e-05,2.0708043373661729e-06,4.4829008320793402e-06,1.0194747609756838e-05,2.0192010895899216e-05,3.4896430807810547e-05
583,7.5,4170.7548393515435,1.5946452475407709,11.031642187709835,0,0.0039080028098230184,1.1791120705720417e-05,1.9794223697809273e-06,4.285076107100263e-06,9.7448663347352345e-06,1.9300963078452181e-05,3.3356495599361047e-05
584,7.5,3909.8866061380359,1.7010402226981631,22.335568751881873,0,0.0030529741080898461,9.2113511611207731e-06,1.5463461870409175e-06,3.3475478506024893e-06,7.6127950911300385e-06,1.5078121333894624e-05,2.605845552247032e-05
585,7.5,5672.2359831991334,1.1725313267870292,36.744207796226867,0,0.0026905224544428669,8.1177718045764925e-06,1.3627626672467211e-06,2.9501241545095006e-06,6.7089976555919821e-06,1.3288034088516954e-05,2.2964773767823854e-05
586,7.5,4905.7817414741521,1.3557216227135023,3.2437516711038366,0,0.0029216313685403788,8.8150673887664991e-06,1.4798204526890787e-06,3.20353218263269e-06,7.285283187164579e-06,1.4429441819055219e-05,2.4937388387416688e-05
587,7.5,4492.9054688276137,1.480305879875345,11.37597145784593,0,0.0027205389416370671,8.2083367403996976e-06,1.3779661635351829e-06,2.9830368565606981e-06,6.7838457736154746e-06,1.3436280427957619e-05,2.3220977478958585e-05
588,7.5,4185.2858798652051,1.5891087428999744,22.257732038150223,0,0.0025415078003059935,7.6681688080196326e-06,1.2872860224801699e-06,2.7867314536535245e-06,6.3374196508805691e-06,1.255207598469605e-05,2.1692869192304362e-05
589,7.5,3896.5405931401542,1.7068664432595544,36.625512251408125,0,0.0015813031658437483,4.7710652750645942e-06,8.0093771990360115e-07,1.7338791049502636e-06,3.9430851858929044e-06,7.8097881462812752e-06,1.3497107003132225e-05
590,7.5,5714.0866086218539,1.1639435729227936,3.2953104596042784,0,0.0031398464902692219,9.473460170279056e-06,1.5903474697855944e-06,3.4428023290046131e-06,7.8294171852570355e-06,1.5507169295878371e-05,2.6799948907937867e-05
591,7.5,4977.5144048432176,1.3361838544873281,11.553217750216103,0,0.0027133771297745283,8.1867283147530732e-06,1.3743386711052289e-06,2.9751840196030138e-06,6.7659873168253365e-06,1.3400909453815473e-05,2.3159848314650987e-05
592,7.5,4515.4197773967644,1.4729249352457723,22.224452092402565,0,0.0024405407431642889,7.3635337256018891e-06,1.2361457185338967e-06,2.676022340785272e-06,6.0856515422230312e-06,1.2053416813537403e-05,2.0831071655014405e-05
593,7.5,4140.9402946461814,1.6061266065170077,36.466544801790747,0,0.0018570351447324313,5.6029963671640013e-06,9.4059730400224687e-07,2.0362157644146608e-06,4.6306413134699826e-06,9.171581625728656e-06,1.5850598796250969e-05
594,7.5,5638.3422082593761,1.1795797661034153,3.2379283184308059,0,0.0049087306882758686,1.4810489877809483e-05,2.4862958919017287e-06,5.3823616850145844e-06,1.2240248218405843e-05,2.4243388346173766e-05,4.1898141216878426e-05
595,7.5,5040.6598083314348,1.3194451988679612,11.406605325478797,0,0.0044166900074360605,1.3325918002547761e-05,2.2370749015666007e-06,4.8428452445738748e-06,1.1013311877934481e-05,2.1813282873855619e-05,3.7698361021253911e-05
596,7.5,4568.371873951377,1.4558522306716219,22.020216693205725,0,0.0040133852407898624,1.2109077734990971e-05,2.0327990819760528e-06,4.4006266220356949e-06,1.0007644473282137e-05,1.9821429032083544e-05,3.4255980263486631e-05
597,7.5,4212.7396545695665,1.5787527662706131,36.351539686157736,0,0.0037089223926669058,1.1190460638912737e-05,1.8785871733185243e-06,4.0667869245021967e-06,9.2484460020340144e-06,1.8317738662258117e-05,3.165725806501353e-05
598,7.5,5127.5624650476602,1.2970830542905518,3.0867345274774607,0,0.0051572718856913689,1.5560381677197202e-05,2.6121832133590689e-06,5.6548839933400182e-06,1.286000231412994e-05,2.5470891167495459e-05,4.4019547920325891e-05
599,7.5,4853.5746725176323,1.3703043286608563,10.85095597959209,0,0.0048818723431857426,1.4729453603189221e-05,2.4726920099001446e-06,5.3529118462036538e-06,1.217327513890406e-05,2.4110739534962617e-05,4.1668893615634894e-05
600,7.5,4471.4725694801346,1.4874013604880187,21.385989801848432,0,0.0044974680239993131,1.356963925609239e-05,2.2779893585802787e-06,4.9314173274506061e-06,1.121473726386699e-05,2.2212231797668838e-05,3.8387836358181648e-05
601,7.5,4205.004072891903,1.5816570609539531,36.121768349733806,0,0.0042295268975573157,1.2761214513929176e-05,2.142275879017144e-06,4.6376232400614699e-06,1.0546608147840611e-05,2.0888916017123103e-05,3.6100842863042608e-05
602,7.5,5084.922316137945,1.3079598801582129,2.7925381213554328,0,0.0051698766877857757,1.5598412546211238e-05,2.6185676067299271e-06,5.6687050008770924e-06,1.2891433231036405e-05,2.5533144147258892e-05,4.4127135362314429e-05
603,7.5,4851.244935623773,1.3709623965573778,9.8377971397117143,0,0.0049323107362648734,1.4881634962809466e-05,2.4982393005279005e-06,5.4082169121367311e-06,1.2299046644866008e-05,2.4359846204003331e-05,4.2099407133320687e-05
604,7.5,4540.3574283317485,1.4648349801115381,20.20056987148482,0,0.0046167406885097894,1.3929505523486299e-05,2.3384015414072673e-06,5.0621983093985621e-06,1.15121516285959e-05,2.2801299258981532e-05,3.9405880178126584e-05
605,7.5,4303.2272543494491,1.5455549963128943,35.65531085312854,0,0.0043757247174253614,1.3202318634080861e-05,2.2163257835700831e-06,4.7979273174413636e-06,1.0911162187940783e-05,2.1610962254226791e-05,3.7348704538783185e-05
606,7.5,5214.2640824239879,1.2755154472609249,2.4148486897686805,0,0.0053461487480510866,1.6130255853593208e-05,2.7078502598486771e-06,5.8619851059715989e-06,1.3330979400633874e-05,2.6403721957078207e-05,4.5631693697776946e-05
607,7.5,4937.8389167158766,1.3469200788860609,8.562497340146864,0,0.0050626336641301879,1.5274841786847652e-05,2.5642484953175101e-06,5.5511143693748189e-06,1.2624015580202149e-05,2.5003489041895285e-05,4.3211769734214542e-05
608,7.5,4752.4316211122459,1.3994676648652249,18.653908429561561,0,0.004872648821694245,1.4701624642840296e-05,2.4680202515476341e-06,5.3427983704745177e-06,1.2150275671287435e-05,2.4065186126630046e-05,4.159016686721281e-05
609,7.5,4525.1204791810569,1.4697673606324102,35.006259779183381,0,0.0046395950606264074,1.3998461118810628e-05,2.3499773916858856e-06,5.0872578420205801e-06,1.1569140533742267e-05,2.2914173126752376e-05,3.9600952136882067e-05
610,7.5,5683.1664512386469,1.1702761902706635,2.154047382330579,0,0.0058807898820216961,1.7743360667398649e-05,2.9786485862281793e-06,6.448212409414659e-06,1.466414281968239e-05,2.9044223842350869e-05,5.0195087200898727e-05
611,7.5,5164.5745875013972,1.2877874586853977,7.6688814189534025,0,0.005343065455730365,1.6120953027138412e-05,2.7062885573399505e-06,5.8586043145807845e-06,1.3323291005052166e-05,2.6388494099234111e-05,4.5605376463186126e-05
612,7.5,4977.988933404803,1.3360564822872356,17.602532504951007,0,0.00514979876693193,1.5537833984775069e-05,2.6083980424765706e-06,5.646689812271084e-06,1.2841367592775266e-05,2.5433982701387331e-05,4.3955761616900991e-05
613,7.5,4685.3534791686543,1.4195032269816508,34.587698468328185,0,0.0048466903597664682,1.4623303471433787e-05,2.4548721647305534e-06,5.314335242274048e-06,1.2085546510626223e-05,2.3936981685737097e-05,4.136860015828322e-05
614,7.5,5665.1488748636193,1.1739981649449098,2.0913551189340494,0,0.0059277366891349464,1.7885007307986805e-05,3.0024273716364649e-06,6.499688995091614e-06,1.4781207822555798e-05,2.9276086160480855e-05,5.059579852099834e-05
615,7.5,5215.4311914472955,1.2752300124553988,7.6040281824971832,0,0.0054585284791915847,1.6469324948278437e-05,2.7647711385057582e-06,5.9852080728594627e-06,1.3611205775073771e-05,2.6958746389521585e-05,4.6590903347734993e-05
616,7.5,5008.844693376448,1.3278260338206405,17.780606972745726,0,0.0052424081169215528,1.5817252418523686e-05,2.6553051272308498e-06,5.7482348039832549e-06,1.3072295199768582e-05,2.589136457439323e-05,4.4746222505932036e-05
617,7.5,4602.5579069727937,1.4450387192638365,34.767933909182595,0,0.0048168525148232352,1.4533277530193442e-05,2.4397591516082917e-06,5.2816184192123465e-06,1.2011143849001339e-05,2.3789617630076144e-05,4.1113921236087554e-05
618,7.5,5271.6017975713103,1.261642028101164,2.1447817178090274,0,0.0055672242198105621,1.6797278806094133e-05,2.81982605810313e-06,6.1043915903070974e-06,1.3882245872799534e-05,2.7495576217585833e-05,4.7518668543940268e-05
619,7.5,5115.9465567469715,1.3000281198126196,8.16371040367018,0,0.0054029421772396821,1.630161145681112e-05,2.7366164070760802e-06,5.9242583893593773e-06,1.3472597614096514e-05,2.6684215071646213e-05,4.6116450199497016e-05
620,7.5,4895.013690642827,1.358703939060117,18.954669184354785,0,0.0051694851146212237,1.55972311022172e-05,2.6183692730236737e-06,5.6682756458092333e-06,1.2890456817166068e-05,2.5531210233810175e-05,4.4123793115858678e-05
621,7.5,4406.7671166097216,1.5092411755006374,35.43574049849363,0,0.0046537303627769405,1.4041109771326901e-05,2.3571369907552743e-06,5.1027570236894485e-06,1.160438785488334e-05,2.2983984986719426e-05,3.9721603059341682e-05
622,7.5,5265.4101058459682,1.2631256159601731,2.3878386652419485,0,0.0056059293847348672,1.6914058986090464e-05,2.839430411785951e-06,6.1468313186055596e-06,1.3978759789755575e-05,2.7686734462731324e-05,4.7849033880481207e-05
623,7.5,5242.8853077991698,1.2685523319260779,9.2753588932765378,0,0.005582450122422292,1.6843217988915904e-05,2.8275380515935157e-06,6.1210866017146033e-06,1.3920212679119134e-05,2.7570774368264341e-05,4.7648628213413346e-05
624,7.5,4812.3407932153823,1.3820455925744619,20.711447168055919,0,0.005123234725648163,1.5457685675663994e-05,2.5949432267797381e-06,5.6175626738957024e-06,1.2775128379494756e-05,2.5302787406761717e-05,4.3729026026037033e-05
625,7.5,4264.1833877159552,1.5597064615910079,36.323926940021323,0,0.0045395048078155868,1.3696471506778617e-05,2.2992811933840888e-06,4.9775101341133041e-06,1.1319558795315761e-05,2.2419844343477503e-05,3.8746638504089605e-05
626,7.5,5472.0589597310736,1.2154244740733695,2.7821008899870789,0,0.0057402326549863608,1.7319275191853651e-05,2.9074556692914794e-06,6.2940931713896846e-06,1.4313653974997448e-05,2.8350035536600526e-05,4.8995370426571518e-05
627,7.5,5379.2460501675614,1.2363952719772759,10.620384537994923,0,0.005646277221990164,1.7035795392752237e-05,2.8598667869683504e-06,6.1910722165294971e-06,1.4079369820014568e-05,2.7886005587921521e-05,4.8193420136414066e-05
628,7.5,4868.0341221721192,1.3662341340084909,22.474896586514582,0,0.0051078275200685383,1.5411199470415993e-05,2.5871394024571286e-06,5.6006688660559321e-06,1.2736709482100966e-05,2.5226693831473851e-05,4.3597518857254195e-05
629,7.5,4354.1810189530133,1.5274685076893859,37.136612938506744,0,0.0045672122934864888,1.3780069785463688e-05,2.3133151692066017e-06,5.0078910449298915e-06,1.1388649263637804e-05,2.2556686916002431e-05,3.8983133887748926e-05
630,7.5,6362.929299892121,1.0452535412176229,3.0654521827771113,0,0.0067441794259594113,2.0348356319663173e-05,3.4159595760794537e-06,7.3949082246142508e-06,1.681706238241476e-05,3.3308358368553569e-05,5.7564490685078154e-05
631,7.5,5758.722194556326,1.154921900819704,11.522003699471362,0,0.0060965175378013235,1.8394248333719159e-05,3.0879156897617953e-06,6.6847550805454134e-06,1.5202074155093442e-05,3.0109666146726335e-05,5.2036416122819207e-05
632,7.5,5284.7832516183171,1.2584952053034466,23.611947127319986,0,0.005594090466191734,1.6878338920276694e-05,2.8334339421469352e-06,6.1338500927846435e-06,1.39492386546989e-05,2.7628264051933395e-05,4.7747983586123026e-05
633,7.5,4722.1692544969937,1.4084362556246539,37.655395610625732,0,0.0049964482077499168,1.5075148812425684e-05,2.5307252407835142e-06,5.4785428458693205e-06,1.24589777188915e-05,2.4676610297920184e-05,4.2646848214982008e-05
634,7.5,3544.0250711294966,1.8766442815005104,3.1559850845393842,0,0.0038413458948329915,1.1590005259093104e-05,1.9456603191753854e-06,4.2119876351373386e-06,9.5786528598546889e-06,1.8971755880363111e-05,3.2787549976818742e-05
635,7.5,6584.1567022157778,1.0101330639641946,12.449861191262469,0,0.0072257790017994589,2.1801425574444727e-05,3.6598920961121014e-06,7.9229761242673901e-06,1.8017963129371741e-05,3.5686896994094619e-05,6.1675151529994534e-05
636,7.5,5847.9380951663825,1.1373024602854285,24.625619087212428,0,0.0064158329492348346,1.9357678183346061e-05,3.2496504937436575e-06,7.03488042762125e-06,1.5998308486148459e-05,3.1686710807740298e-05,5.4761911378226257e-05
637,7.5,5030.7985553393464,1.3220315443103607,38.094110821830405,0,0.0055179519762310995,1.6648615921301222e-05,2.7948694278506302e-06,6.0503651926865851e-06,1.3759382238595513e-05,2.7252228963144433e-05,4.7098108617013443e-05
638,7.5,4298.2546524029758,1.547343031318859,3.6807207672215099,0,0.0095362558049081943,2.8772533887044913e-05,4.8301597984376458e-06,1.0456384984702423e-05,2.3779291539680808e-05,4.7097950066608013e-05,8.1396071157176835e-05
639,7.5,3510.6669348059818,1.8944760373849512,13.084624186434265,0,0.0038944432849536137,1.1750209272891992e-05,1.9725544046958881e-06,4.2702082580046912e-06,9.7110547527469266e-06,1.9233994884824501e-05,3.3240759185226735e-05
640,7.5,6099.4868208712824,1.0903990087283384,25.827105586399991,0,0.0067662657644046807,2.0414994624502915e-05,3.4271464135799875e-06,7.4191256179403928e-06,1.6872136144243151e-05,3.3417439048280529e-05,5.7753007143997736e-05
641,7.5,5068.4904317792762,1.3122002443822003,38.545989378775701,0,0.0056225637160835732,1.696424764212176e-05,2.8478557812598967e-06,6.1650706544731705e-06,1.4020238607312561e-05,2.7768888604071529e-05,4.7991015098876632e-05
642,7.5,4251.4737402519249,1.5643691551615948,4.2229768998389234,0,0.0094324660620622343,2.8459382273428796e-05,4.7775897904973475e-06,1.034258083233247e-05,2.3520484875466504e-05,4.6585350129484977e-05,8.0510180775573737e-05
643,7.5,3722.6565535793052,1.7865936025806211,14.381305895874753,0,0.008259214039099216,2.4919477904318552e-05,4.1833319527582547e-06,9.0561246919814455e-06,2.0594902500757283e-05,4.0790857372210304e-05,7.0495966905886244e-05
644,7.5,6163.6627224871154,1.0790458016083491,26.737708924308887,0,0.0068764444278510781,2.0747422717089231e-05,3.4829524407788881e-06,7.5399351416847684e-06,1.7146874009202246e-05,3.396159278068494e-05,5.8693429728432799e-05
645,7.5,5059.0277706441429,1.3146546500144598,38.844431981284117,0,0.0056441078458372568,1.7029250009516906e-05,2.8587679874294301e-06,6.1886935227637786e-06,1.4073960335510946e-05,2.787529140702961e-05,4.8174903571913163e-05
646,7.5,4395.6187688278787,1.5130689745878734,4.4741562418297196,0,0.0098626820046727771,2.9757418215495051e-05,4.9954962511834037e-06,1.0814307222073101e-05,2.4593257096938299e-05,4.8710113705195825e-05,8.4182260068964372e-05
647,7.5,3753.7557764366074,1.7717919809751714,15.102381131843435,0,0.0084225001059566422,2.541214022253358e-05,4.2660371372577952e-06,9.2351658180406207e-06,2.1002067227417836e-05,4.1597299563019168e-05,7.1889684166497262e-05
648,7.5,6399.7441030132377,1.0392406752792085,27.280095159505485,0,0.0072558203135888151,2.1892065410367088e-05,3.6751081661783635e-06,7.9559160461760824e-06,1.8092873149183278e-05,3.5835265938000494e-05,6.1931567129794502e-05
649,7.5,5229.1564506786599,1.2718828449599044,39.029654675889546,0,0.0059283058275635967,1.7886724497107965e-05,3.0027156430098478e-06,6.5003130482463639e-06,1.4782627007285968e-05,2.9278897038653793e-05,5.0600656363844051e-05
650,7.5,4563.6063616456349,1.4573724936327126,4.4888248782208127,0,0.010450368855245973,3.1530571135154041e-05,5.2931624901960022e-06,1.1458698489018543e-05,2.6058693557506419e-05,5.1612599388188151e-05,8.9198421724650314e-05
651,7.5,3878.419035226264,1.7148416204701313,15.361480955438989,0,0.0088813333757178491,2.679651959246545e-05,4.4984384128869163e-06,9.7382707483785481e-06,2.2146198667782632e-05,4.3863399264013903e-05,7.5806024734410835e-05
652,7.5,3295.4648983417333,2.0181900242895341,27.485648929686,0,0.0037732027050606689,1.1384405464267303e-05,1.9111454631869195e-06,4.1372694815011588e-06,9.4087332594171814e-06,1.8635208223197247e-05,3.2205918355660866e-05
653,7.5,5419.8620148839836,1.2271298355871478,39.161668804131843,0,0.0062489991223211331,1.8854311659148036e-05,3.1651483515755213e-06,6.8519492271197903e-06,1.55822971825486e-05,3.0862746831715404e-05,5.3337912449852032e-05
654,7.5,4852.6271368981215,1.3705718975723646,4.4069188431432504,0,0.011265929013422977,3.3991257254332393e-05,5.7062476642751737e-06,1.235294998211444e-05,2.809234734848984e-05,5.5640512690006845e-05,9.6159580697941188e-05
655,7.5,4033.6484889556255,1.6488482825015882,15.425728609645153,0,0.009364576395359054,2.8254547401571429e-05,4.7432033451725215e-06,1.0268140663564532e-05,2.335119745175501e-05,4.6250054579759961e-05,7.993071308355095e-05
656,7.5,3432.0207691717915,1.9378887339410205,27.729154522297758,0,0.007967828820822604,2.4040318280398575e-05,4.0357439270202839e-06,8.7366244516896917e-06,1.986831397403311e-05,3.9351755198223303e-05,6.8008867938932629e-05
657,7.5,5626.958483438264,1.1819661372666994,39.175743184905798,0,0.0065318139069320182,1.9707612801697698e-05,3.3083954111110066e-06,7.1620520942990734e-06,1.6287514759821742e-05,3.2259521087377292e-05,5.5751859055672018e-05
658,7.5,5131.5071445907352,1.2960859637972992,4.5874937931473481,0,0.011913380853692774,3.5944731489451409e-05,6.0341851603190681e-06,1.3062872811306019e-05,2.9706811807355784e-05,5.8838167520938041e-05,0.00010168586241055227
659,7.5,4075.0471850583021,1.6320975147517107,15.855161139916063,0,0.0094606882041553004,2.8544533359594059e-05,4.7918844422928209e-06,1.0373526057466446e-05,2.3590858673992325e-05,4.672473450279298e-05,8.0751068974570331e-05
660,7.5,3608.8327232194861,1.8429433817858643,27.908808960784448,0,0.0083783179985052782,2.5278835159220244e-05,4.2436586856319489e-06,9.1867206908965716e-06,2.0891896188027014e-05,4.137909162762477e-05,7.1512570754739331e-05
661,7.5,5790.0837516565589,1.1486663524213749,39.072436215146624,0,0.0067680129421756963,2.0420266162164202e-05,3.4280313675915966e-06,7.4210413764712255e-06,1.6876492848849089e-05,3.3426068062969331e-05,5.7767920062556467e-05
662,7.5,5583.5729509116309,1.1911502619740504,5.0907329388169931,0,0.013142966441851287,3.9654603972538964e-05,6.6569762219435659e-06,1.4411097999939259e-05,3.2772865693909709e-05,6.4910882202511957e-05,0.00011218090764372206
663,7.5,4159.6986915085072,1.5988836876109604,16.763373862332077,0,0.0097913613364329598,2.9542231418311962e-05,4.9593719869462418e-06,1.0736105003116481e-05,2.441541424146387e-05,4.8357873020780963e-05,8.3573507293683563e-05
664,7.5,3443.1955848449243,1.9315993586025562,28.176371739792607,0,0.0081048110989503167,2.445361751649139e-05,4.1051261150033643e-06,8.8868238030376009e-06,2.0209888444559792e-05,4.0028287437632056e-05,6.9178070976881416e-05
665,7.5,5922.4628521495943,1.122991321223,39.03844518784107,0,0.0070049916202220919,2.113527183987344e-05,3.5480622169315924e-06,7.680885527206317e-06,1.7467415029339784e-05,3.4596465562136184e-05,5.9790635658238186e-05
666,7.5,6078.5356031374304,1.0941573460220857,5.4600556243744602,0,0.01444767751868116,4.3591143054425703e-05,7.3178187078001639e-06,1.5841697345451484e-05,3.6026250010112741e-05,7.135462893131265e-05,0.00012331718144150989
667,7.5,4359.9211959415579,1.5254574760251607,17.810582646474259,0,0.010362814262914527,3.1266403779919468e-05,5.2488156647018402e-06,1.1362695975733918e-05,2.5840370326745791e-05,5.1180182105966518e-05,8.8451105380233467e-05
668,7.5,3473.5948728388607,1.9146948987157093,28.923686581504413,0,0.0082561626401294764,2.4910271305622391e-05,4.1817864043864255e-06,9.0527788712503042e-06,2.0587293633378959e-05,4.0775787030217576e-05,7.0469921894851411e-05
669,7.5,5796.2873373145922,1.147436970630056,39.204135758136118,1,0.068266769920112935,0.00020597265751560418,3.4577449932457663e-05,7.4853657719564071e-05,0.0001702277557998357,0.00033715799855654668,0.0005826864312121528
670,7.5,4891.0003231234405,1.359818839468466,6.5480941148186069,1,0.077127749004550966,0.00023270776468923602,3.9065578798130578e-05,8.4569610242627924e-05,0.00019232319968121912,0.0003809208714280277,0.00065831872325993487
671,7.5,3937.0332713551907,1.6893111957218157,20.187274824854242,1,0.062084337336893197,0.0001873191886233891,3.1446017855661933e-05,6.8074697868377885e-05,0.00015481144673384589,0.00030662401257173415,0.00052991669298751347
672,7.5,3283.8784100322155,2.0253107919316546,30.474292666903263,1,0.051784529347297756,0.00015624288567248017,2.6229115173860425e-05,5.6781087481763401e-05,0.00012912818676285548,0.00025575500776379463,0.00044200337342294459
673,7.5999999999999996,5893.3418060620352,1.5941057009824158,5.4213483255554431,1,0.026309563011349596,6.4827421791354158e-05,1.2197083024972738e-05,2.6464049059829417e-05,5.2325172425386562e-05,0.00010475091093189622,0.00017758704126962166
674,7.5999999999999996,5622.0870311905446,1.6710182035179335,14.175958291788646,1,0.016734670927905728,4.123464803709815e-05,7.7581741139224385e-06,1.6832934558629927e-05,3.3282367381283738e-05,6.6628701627899985e-05,0.00011295743283252219
675,7.5999999999999996,5558.7069933833827,1.6900710510671009,27.765507062147144,1,0.024820730290048547,6.1158900700414087e-05,1.150686189495354e-05,2.496647412248084e-05,4.9364141532512046e-05,9.882315820889504e-05,0.00016753756238594751
676,7.5999999999999996,5101.1207939277319,1.8416756141247717,5.5007621144256174,0,0.0023248581166399576,5.7285085908669597e-06,1.0778015377034846e-06,2.3385093560604305e-06,4.6237408719129109e-06,9.2563683174970315e-06,1.5692570573203771e-05
677,7.5999999999999996,5057.1644121077097,1.8576832796634428,14.256716528158663,0,0.001536549868892454,3.7860973369709853e-06,7.123427445300947e-07,1.5455722733100028e-06,3.0559320500807704e-06,6.1177374321776619e-06,1.037156507928782e-05
678,7.5999999999999996,5087.1726512320511,1.8467251683715191,27.788869569725911,0,0.0023185011895903752,5.712844963502174e-06,1.0748544736654386e-06,2.3321151020305428e-06,4.6110980429985156e-06,9.2310583608518332e-06,1.5649661921858435e-05
679,7.5999999999999996,6527.4840118834645,1.4392390320341422,5.6408363304816147,0,0.0026443816825212894,6.5158226549101722e-06,1.2259322938018936e-06,2.6599091193178985e-06,5.2592180051325932e-06,1.0528543935763233e-05,1.7849324170985172e-05
680,7.5999999999999996,6622.2740755137793,1.4186380182630283,14.579023705895004,0,0.0017885217060706693,4.4069622506621786e-06,8.2915659722281396e-07,1.799023653627611e-06,3.5570604732706172e-06,7.1209574196101914e-06,1.2072350950510649e-05
681,7.5999999999999996,6682.0626169074267,1.4059445876952115,28.111105894825915,0,0.0027070037940256451,6.6701251050955595e-06,1.2549638323678602e-06,2.7228989390411098e-06,5.3837625587876152e-06,1.0777872410802147e-05,1.8272017451573583e-05
682,7.5999999999999996,6027.9703709372352,1.5585029774160641,5.8459801238390057,0,0.0021367685623334101,5.2650512211524454e-06,9.9060343756714188e-07,2.1493153663821279e-06,4.249663265368911e-06,8.5074941479836199e-06,1.4422984019120288e-05
683,7.5999999999999996,6156.6044319197272,1.5259401305976235,14.982324835587308,0,0.0014549108009636997,3.584936630159273e-06,6.7449496693003171e-07,1.4634538322726778e-06,2.8935660577540589e-06,5.7926933890866058e-06,9.820509156419665e-06
684,7.5999999999999996,6184.7374564550519,1.5189989610757495,28.474951343477429,0,0.0021923386728897138,5.4019773644894374e-06,1.0163656766385306e-06,2.2052117768009463e-06,4.3601826082900391e-06,8.7287452458771082e-06,1.4798076965835617e-05
685,7.5999999999999996,5841.324626845395,1.6083012623037614,10.984666782812909,0,0.0015776054823746632,3.8872593962178769e-06,7.3137607952192544e-07,1.586868959572176e-06,3.1375845675916045e-06,6.281199398812152e-06,1.0648686554953133e-05
686,7.5999999999999996,5937.8248098704216,1.5821635147040505,22.306719129488204,0,0.0016036679301096822,3.9514779197830288e-06,7.4345860019020518e-07,1.6130844423295767e-06,3.1894182704537237e-06,6.3849664260402542e-06,1.0824605591674099e-05
687,7.5999999999999996,5738.8164152313257,1.6370291522041673,11.117093186064908,0,0.0019374005078836099,4.7738033447828001e-06,8.9817663779085941e-07,1.9487766507962314e-06,3.8531546718700589e-06,7.7137148934468803e-06,1.3077268664663525e-05
688,7.5999999999999996,5834.206287592252,1.6102635573344812,22.450518405299814,0,0.0019696037312988976,4.8531528933284553e-06,9.1310601497202229e-07,1.9811689670038091e-06,3.9172013159413138e-06,7.8419312756893191e-06,1.3294637351600609e-05
689,7.5999999999999996,5961.3636117854112,1.575916247133236,11.084920037776733,0,0.0024150378168916664,5.9507136294954421e-06,1.1196087425841872e-06,2.4292185788108204e-06,4.8030927054232115e-06,9.6154166888005298e-06,1.6301274949759692e-05
690,7.5999999999999996,6003.6840934013308,1.5648074789956294,22.394267735631701,0,0.0024321824787823547,5.9929585055269568e-06,1.1275569880349232e-06,2.4464639117414218e-06,4.8371904739501242e-06,9.6836777598754937e-06,1.6416999782491499e-05
691,7.5999999999999996,6550.0616911390007,1.4342780593334921,6.1763420817885697,0,0.0026535282390426824,6.5383599991182469e-06,1.2301726268410973e-06,2.6691093831309549e-06,5.2774089247945426e-06,1.0564960737026434e-05,1.7911062555227391e-05
692,7.5999999999999996,6550.9707490527671,1.4340790290110674,15.431166204741848,0,0.0017692643413593384,4.3595116219994049e-06,8.2022890518456311e-07,1.7796532123829637e-06,3.5187609040780669e-06,7.0442846715759701e-06,1.1942365575221062e-05
693,7.5999999999999996,6554.1620406825195,1.4333807605866251,28.777145065836738,0,0.00265518935214615,6.5424530233830427e-06,1.230942716957308e-06,2.6707802500566094e-06,5.2807125915836681e-06,1.0571574420069139e-05,1.7922274910260872e-05
694,7.5999999999999996,6999.7219679991831,1.3421404184096293,6.3212214870001944,0,0.0024812308166620445,6.1138148377480522e-06,1.1502957408259679e-06,2.4958002545530166e-06,4.9347391385032467e-06,9.8789625721080847e-06,1.674807138559982e-05
695,7.5999999999999996,6974.3944418001629,1.3470144037991421,15.642370192125119,0,0.0016481685506619789,4.0611285626795398e-06,7.6408903648080508e-07,1.6578463642581471e-06,3.2779223114532318e-06,6.5621446079004714e-06,1.1124980536523443e-05
696,7.5999999999999996,6955.0427157119811,1.3507623396270947,28.931975974451188,0,0.0024653931108006909,6.0747903340860769e-06,1.1429533986809199e-06,2.4798695519134784e-06,4.9032406795717784e-06,9.8159051159529768e-06,1.6641168381425897e-05
697,7.5999999999999996,4807.5892769296561,1.9541207099291393,6.4211322199585812,0,0.0014607198958113876,3.599250385266288e-06,6.7718805659201603e-07,1.4692970373071399e-06,2.9051193431282619e-06,5.8158221646091258e-06,9.8597199926471792e-06
698,7.5999999999999996,4790.1625314473513,1.9612298558151238,15.793816386400437,0,0.00097028334588016832,2.3908024505525008e-06,4.498222384896112e-07,9.7598071302937349e-07,1.9297258321150826e-06,3.8631604903186895e-06,6.5493200519414146e-06
699,7.5999999999999996,4771.1707348593409,1.9690365935224619,29.047939297956958,0,0.0014496546225706323,3.5719852750360052e-06,6.7205820869780047e-07,1.4581667903403832e-06,2.8831124276197539e-06,5.7717660375203009e-06,9.7850304535310055e-06
700,7.5999999999999996,5105.2840362303132,1.8401737698062293,6.4793032032584588,0,0.0018237637639265413,4.4937995633318093e-06,8.4549477454083063e-07,1.8344726478836086e-06,3.6271508336896958e-06,7.2612728502361069e-06,1.2310231480117974e-05
701,7.5999999999999996,5050.6690405173504,1.8600723380439887,15.922785834901545,0,0.0012030686706077454,2.9643913173247076e-06,5.5774124617030358e-07,1.2101329203975228e-06,2.3926955990099393e-06,4.7899898263388971e-06,8.1205987938773838e-06
702,7.5999999999999996,5012.11680878671,1.8743796542035627,29.170668054635762,0,0.0017906975129254926,4.4123234932131589e-06,8.3016529876769086e-07,1.8012122365138383e-06,3.5613877769507983e-06,7.1296203438083728e-06,1.2087037439281121e-05
703,7.5999999999999996,5340.6410749763945,1.7590790391999935,6.3641409320377411,0,0.0021518152533759449,5.3021266445016588e-06,9.9757906615579378e-07,2.1644504094752403e-06,4.279588532576599e-06,8.5674021971038731e-06,1.4524547748703677e-05
704,7.5999999999999996,5251.9540745209006,1.7887836865250011,15.799767298195983,0,0.0014107213883037407,3.4760528112990514e-06,6.5400880625887982e-07,1.4190049456053574e-06,2.8056809554507081e-06,5.6167542741845703e-06,9.5222348351647211e-06
705,7.5999999999999996,5196.6762382856759,1.8078112509046111,29.103323382202877,0,0.0020938099077270171,5.1592000209422261e-06,9.7068785490811913e-07,2.1061044646063203e-06,4.1642259280603264e-06,8.3364552675397618e-06,1.4133017197353544e-05
706,7.5999999999999996,5513.1067553097009,1.7040500370926974,6.3057783907253278,0,0.0022213039676360975,5.4733485757491866e-06,1.029793953828541e-06,2.2343471516785166e-06,4.4177895720128064e-06,8.8440698907138798e-06,1.4993589943048269e-05
707,7.5999999999999996,5405.3760475584295,1.7380122471081314,15.729618871200774,0,0.001451931889334168,3.5775965173416061e-06,6.7311394693917207e-07,1.460457428893617e-06,2.8876415175179482e-06,5.7808329219764351e-06,9.8004017870093869e-06
708,7.5999999999999996,5310.5517766377861,1.7690458856291218,29.058416953220679,0,0.0021396918752609531,5.2722543373767706e-06,9.9195868206397516e-07,2.1522558445914527e-06,4.2554772293986845e-06,8.5191332501597763e-06,1.444271610259441e-05
709,7.5999999999999996,5695.4383686353967,1.6494972226575786,6.3157382438097258,0,0.0022947677973933914,5.6543652910792687e-06,1.0638517004545734e-06,2.3082423506972647e-06,4.5638964289538131e-06,9.1365644138765252e-06,1.5489463787904796e-05
710,7.5999999999999996,5559.1765432917937,1.6899283010211079,15.743383537370555,0,0.001493244064913801,3.6793907520183292e-06,6.9226622382304371e-07,1.5020121837497148e-06,2.9698042926860351e-06,5.9453163846123665e-06,1.0079255032364823e-05
711,7.5999999999999996,5416.3942483007977,1.7344767275441082,29.064188350698267,0,0.0021823372134857251,5.3773335181803299e-06,1.0117290116103534e-06,2.195151590235975e-06,4.3402914345904436e-06,8.688924668744592e-06,1.473056806866517e-05
712,7.5999999999999996,5926.2451926019276,1.5852549912395335,6.3555266318310668,0,0.0023877629336367745,5.8835076344619227e-06,1.1069641382092363e-06,2.4017835412829373e-06,4.7488476779182373e-06,9.5068223778544101e-06,1.6117172088905597e-05
713,7.5999999999999996,5727.1761534003299,1.6403563500144387,15.800280521840923,0,0.0015383702483959783,3.7905827976319776e-06,7.1318667036542191e-07,1.5474033418255839e-06,3.0595524702055919e-06,6.1249852306741118e-06,1.0383852467332969e-05
714,7.5999999999999996,5544.5861627087152,1.6943752870262756,29.097392396778151,0,0.0022339874391627316,5.5046009670595646e-06,1.0356739965790988e-06,2.2471050987635741e-06,4.4430148041573808e-06,8.8945688365010263e-06,1.5079202166271844e-05
715,7.5999999999999996,6129.077730855829,1.5327933799217273,6.4875750040438103,0,0.0024694868584556008,6.0848774307747502e-06,1.1448512553655285e-06,2.4839873374780412e-06,4.9113824359292206e-06,9.8322042766723005e-06,1.6668800787689215e-05
716,7.5999999999999996,5880.3144758173985,1.5976373048612491,16.012804037571627,0,0.0015795045583570613,3.8919387669725964e-06,7.3225648895396544e-07,1.5887791866612708e-06,3.141361501407838e-06,6.2887605255020666e-06,1.0661505136725654e-05
717,7.5999999999999996,5665.4439541922002,1.6582301134458961,29.258265319024694,0,0.002282682649260639,5.6245871835875191e-06,1.0582490397383658e-06,2.2960862402767879e-06,4.5398611586013632e-06,9.0884476787142339e-06,1.5407890190529773e-05
718,7.5999999999999996,6317.9872067467468,1.4869624555189567,6.7062678657799655,0,0.0025456009964443861,6.2724245719247471e-06,1.1801376818266202e-06,2.5605484069649386e-06,5.0627602977566777e-06,1.0135250940187077e-05,1.7182563960357078e-05
719,7.5999999999999996,6062.1326192389897,1.5497202652852635,16.371815799094843,0,0.0016283425222971611,4.012276732540858e-06,7.5489771262959443e-07,1.6379039202471321e-06,3.2384917685646184e-06,6.4832077388053682e-06,1.0991156735804415e-05
720,7.5999999999999996,5798.6448151412069,1.6201388549184181,29.546194325931502,0,0.0023363510460558965,5.7568274566171789e-06,1.0831296465065797e-06,2.3500697703391986e-06,4.6465983216205464e-06,9.3021271476636983e-06,1.5770146750718263e-05
721,7.5999999999999996,6663.2386358406548,1.409916451190742,6.7523233612837767,0,0.0026847073847869884,6.615186194649822e-06,1.2446272427967849e-06,2.700471608427701e-06,5.3394188554210325e-06,1.0689099777928995e-05,1.8121518815548287e-05
722,7.5999999999999996,6361.2458782970079,1.4768505966627661,16.502156305746801,0,0.0017086869933437547,4.2102475202310176e-06,7.9214531661032478e-07,1.7187201627117396e-06,3.3982830315029623e-06,6.8030973746325169e-06,1.1533474253179457e-05
723,7.5999999999999996,6056.891991284424,1.5510611357111681,29.686918710762406,0,0.0024404022648075127,6.0132122640351365e-06,1.1313676713424762e-06,2.4547319631924188e-06,4.8535382073153889e-06,9.7164046460434299e-06,1.6472482554267203e-05
724,7.5999999999999996,7167.178052560942,1.3107822495807342,6.6074279008861865,0,0.0028877512719257402,7.1154914147715584e-06,1.3387581543621424e-06,2.9047077406743823e-06,5.7432380446592854e-06,1.1497514274504335e-05,1.9492045690103331e-05
725,7.5999999999999996,6773.4896749644195,1.3869674601564732,16.361098483681118,0,0.0018194193289473002,4.4830947668012519e-06,8.4348069950220152e-07,1.8301027029940536e-06,3.6185105035830495e-06,7.2439755837872659e-06,1.2280906958322654e-05
726,7.5999999999999996,6439.6988865202557,1.4588585485800487,29.629644635331374,0,0.0025946402494804667,6.393258518863794e-06,1.2028722228946605e-06,2.6098756115880022e-06,5.1602908941264516e-06,1.0330499581326926e-05,1.7513574241637426e-05
727,7.5999999999999996,7571.3855131885448,1.2408045732867636,6.5980175620449728,0,0.0038662957408891045,9.5266494793779156e-06,1.7924102399716696e-06,3.8889980849381735e-06,7.689393822401709e-06,1.5393566233522523e-05,2.6097127535020025e-05
728,7.5999999999999996,7138.7459670102671,1.3160028125802596,16.377946439839182,0,0.0024308718695064801,5.9897291314665012e-06,1.1269493910883587e-06,2.4451456067524695e-06,4.8345838986788868e-06,9.6784595996398244e-06,1.6408153294867867e-05
729,7.5999999999999996,6781.906779183696,1.3852460785390328,29.65808819024663,0,0.0034639150041730952,8.5351732724735402e-06,1.6058669951728991e-06,3.484254625208755e-06,6.8891281007613849e-06,1.3791496723881993e-05,2.3381095935921976e-05
730,7.5999999999999996,7823.5386174325877,1.2008133697900094,6.7058483673624103,0,0.0048058248006842561,1.1841672599233617e-05,2.2279748269529341e-06,4.8340439270461705e-06,9.5579546963027768e-06,1.9134279251753747e-05,3.243885908882327e-05
731,7.5999999999999996,7419.807631950528,1.2661527409992743,16.528231464422007,0,0.0030385479237813214,7.4870581394012536e-06,1.4086673079948726e-06,3.0563898492309778e-06,6.0431465154351184e-06,1.2097907623513511e-05,2.0509908709144945e-05
732,7.5999999999999996,5521.2327279759229,1.7015420710812075,22.416001589365521,0,0.0021731841615302665,5.3547801690601363e-06,1.0074856672954191e-06,2.1859447928485787e-06,4.3220875966330707e-06,8.6524820060622958e-06,1.4668785840862458e-05
733,7.5999999999999996,5189.6609565218459,1.8102550146508689,37.052348178683708,0,0.0038894486923693669,9.5836989313463211e-06,1.8031439215366618e-06,3.9122869872885927e-06,7.7354410402075962e-06,1.5485749169334616e-05,2.6253407749490525e-05
734,7.5999999999999996,8115.8609664866426,1.1575616942768334,6.8149200926830176,0,0.0054939127956902993,1.3537138641850178e-05,2.5469716267080362e-06,5.5261722778463806e-06,1.0926442761535862e-05,2.1873885540428768e-05,3.7083387434412132e-05
735,7.5999999999999996,7727.6983743053697,1.2157060635439156,16.595830337825888,0,0.0034139436227032163,8.4120425377423309e-06,1.5827003204395421e-06,3.4339898188250137e-06,6.7897436620833952e-06,1.3592536835143553e-05,2.3043793876607528e-05
736,7.5999999999999996,5743.1161698806391,1.6358035416645156,22.381818685182001,0,0.0023236705192297264,5.7255823211224501e-06,1.0772509689157558e-06,2.3373147852454712e-06,4.6213789459761145e-06,9.2516399261327053e-06,1.5684554403941993e-05
737,7.5999999999999996,5373.9736125268792,1.7481681988505495,36.940688230661785,0,0.003623095200116209,8.9273972595759881e-06,1.6796627501617614e-06,3.6443695048429999e-06,7.2057099913780086e-06,1.4425268957961512e-05,2.4455547078043249e-05
738,7.5999999999999996,7018.586443941138,1.33853302882541,3.1393360203664167,0,0.0041358356719531477,1.0190802616135199e-05,1.9173686406990146e-06,4.1601207165145602e-06,8.2254621471537656e-06,1.6466733176633627e-05,2.7916496364560526e-05
739,7.5999999999999996,8080.6414454895785,1.1626069334044447,16.683605469795854,0,0.0046120837110304449,1.1364289704964863e-05,2.138156681557025e-06,4.6391652170010257e-06,9.1726371629919908e-06,1.8362903626190521e-05,3.1131125210114199e-05
740,7.5999999999999996,6097.5784717237402,1.5407115815642318,22.301389181897534,0,0.0021482193368441379,5.293266216161082e-06,9.9591200340486935e-07,2.160833378228019e-06,4.2724368762578329e-06,8.553085139379297e-06,1.450027565504478e-05
741,7.5999999999999996,5672.2359831991334,1.656244521333005,36.744207796226867,0,0.0025541022608503248,6.2933719002086055e-06,1.1840788581864006e-06,2.5690995895981236e-06,5.0796678429592587e-06,1.0169098525956967e-05,1.7239946684359379e-05
742,7.5999999999999996,4905.7817414741521,1.9150076921397003,3.2437516711038366,0,0.0023112441945485188,5.6949635460756191e-06,1.0714901391457375e-06,2.3248154949358988e-06,4.5966651344514782e-06,9.2021648045075188e-06,1.560067789740179e-05
743,7.5999999999999996,7109.6148915722479,1.3213950283042597,11.444036857810829,0,0.0039753632438055929,9.7953945365362878e-06,1.8429738083526794e-06,3.9987060168703722e-06,7.9063102300839537e-06,1.582781595019934e-05,2.6833322778295234e-05
744,7.5999999999999996,6513.0137916762651,1.4424366462862335,22.243779406392239,0,0.0025016681382576526,6.1641729097081408e-06,1.1597704595129398e-06,2.5163575812225765e-06,4.9753854379473668e-06,9.9603332909309151e-06,1.6886021357329646e-05
745,7.5999999999999996,6009.8925080800545,1.56319098191038,36.55768352130621,0,0.0025185790923594686,6.2058419238981426e-06,1.1676103583026829e-06,2.5333678340650858e-06,5.0090184020856768e-06,1.0027663859900402e-05,1.7000168684774512e-05
746,7.5999999999999996,5714.0866086218539,1.6441139965757932,3.2953104596042784,0,0.0024838698168940421,6.1203174003741735e-06,1.1515191782855223e-06,2.4984547506226915e-06,4.939987653733634e-06,9.8894696899242184e-06,1.6765884385492979e-05
747,7.5999999999999996,4977.5144048432176,1.887409860982092,11.553217750216103,0,0.0021464984276730217,5.2890258528888974e-06,9.9511419190076017e-07,2.1591023641206284e-06,4.2690142854277137e-06,8.5462333796891914e-06,1.4488659682257226e-05
748,7.5999999999999996,6756.0637395370813,1.3905448694782749,22.091154476113434,0,0.0029637938188882425,7.3028621538408626e-06,1.3740113913061357e-06,2.9811967987625736e-06,5.8944735243121411e-06,1.1800275900019262e-05,2.0005325630171189e-05
749,7.5999999999999996,6240.328034275848,1.5054672958345023,36.404714304931531,0,0.0027400900839085257,6.7516505515206194e-06,1.2703025981434728e-06,2.7561795069582039e-06,5.449565469398149e-06,1.0909604701570088e-05,1.8495346752951759e-05
750,7.5999999999999996,5638.3422082593761,1.6662007064983957,3.2379283184308059,0,0.0046598385113373521,1.1481958728229229e-05,2.1602957518233413e-06,4.6872004267693967e-06,9.2676132049399652e-06,1.8553038248774767e-05,3.1453465557966681e-05
751,7.5999999999999996,5040.6598083314348,1.8637658814732254,11.406605325478797,0,0.0034939552089717943,8.6091930890073161e-06,1.6197935994216605e-06,3.5144712218590736e-06,6.9488728747474737e-06,1.3911101097998242e-05,2.3583864453477097e-05
752,7.5999999999999996,6799.2004812911946,1.3817227182419283,21.662617915524379,0,0.0039669493530653651,9.774662499151714e-06,1.8390731383234076e-06,3.9902427209487568e-06,7.8895764559972895e-06,1.5794316240639735e-05,2.6776529818203943e-05
753,7.5999999999999996,6318.3559878318028,1.4868756665458693,36.221854253523325,0,0.0036941696589393213,9.1025265051180175e-06,1.7126127871823891e-06,3.7158613028779677e-06,7.3470648026060042e-06,1.4708250256529672e-05,2.4935292896960545e-05
754,7.5999999999999996,5127.5624650476602,1.8321785126793528,3.0867345274774607,0,0.0048957776811387908,1.2063318748204536e-05,2.2696768784376397e-06,4.9245249981454841e-06,9.7368554244491655e-06,1.9492424545329914e-05,3.3046032453379328e-05
755,7.5999999999999996,4853.5746725176323,1.9356063117925313,10.85095597959209,0,0.0046343419912082927,1.1419134664450395e-05,2.1484755945395477e-06,4.6615541946651505e-06,9.2169050342483865e-06,1.845152444909819e-05,3.1281366478615278e-05
756,7.5999999999999996,6781.0013904720654,1.3854310344312559,20.741899662168276,0,0.0043410324518015778,1.0696412617780737e-05,2.0124976308380255e-06,4.366522382953691e-06,8.6335630677989094e-06,1.7283719365273188e-05,2.9301555059591561e-05
757,7.5999999999999996,6402.6149939791158,1.4673082451023511,35.863891672490062,0,0.0040990279339683045,1.010010742843863e-05,1.9003046158815404e-06,4.1230968486763897e-06,8.1522579196333564e-06,1.6320184027125078e-05,2.766804764339644e-05
758,7.5999999999999996,5084.922316137945,1.8475424375837479,2.7925381213554328,0,0.0049077433696145482,1.2092802504111361e-05,2.275224157794838e-06,4.9365609474586846e-06,9.7606531101960686e-06,1.9540065654656671e-05,3.3126799709462111e-05
759,7.5999999999999996,4851.244935623773,1.9365358574032787,9.8377971397117143,0,0.0046822229570721305,1.1537114562804974e-05,2.1706731550123378e-06,4.7097163108168329e-06,9.3121319976775604e-06,1.8642161396902013e-05,3.1604558431945052e-05
760,7.5999999999999996,6983.2602284520635,1.345304265277816,19.418412406428271,0,0.0045107463520534744,1.1114591915959856e-05,2.0911767989781938e-06,4.5372328193248194e-06,8.9710946752161253e-06,1.7959431297148378e-05,3.0447107701232185e-05
761,7.5999999999999996,6630.7368124432942,1.4168274260639475,35.325000982207087,0,0.0042831588994049329,1.055381073609373e-05,1.98566751878989e-06,4.3083090052084695e-06,8.5184625772769746e-06,1.7053297167466322e-05,2.8910914100125643e-05
762,7.5999999999999996,5214.2640824239879,1.8017134580023351,2.4148486897686805,0,0.0050750777350664798,1.2505118568983338e-05,2.3528001763500638e-06,5.104877876736644e-06,1.0093452234270758e-05,2.0206303524276137e-05,3.4256290718131425e-05
763,7.5999999999999996,4937.8389167158766,1.9025751810327964,8.562497340146864,0,0.004805937993960889,1.184195151030048e-05,2.2280273032252448e-06,4.8341577849777814e-06,9.5581798181611163e-06,1.913472992814216e-05,3.2439623132645668e-05
764,7.5999999999999996,4752.4316211122459,1.9768006191076579,18.653908429561561,0,0.0030837240926368729,7.5983733502260359e-06,1.429610927698615e-06,3.1018312861872933e-06,6.1329941052208313e-06,1.2277775485172437e-05,2.0814843540616428e-05
765,7.5999999999999996,6882.9644002558662,1.3649075056282818,34.841178418219648,0,0.004489608480022886,1.1062507670193117e-05,2.0813773059186884e-06,4.5159708286867931e-06,8.9290551020681723e-06,1.7875271353123054e-05,3.0304429080875444e-05
766,7.5999999999999996,5683.1664512386469,1.6530590563353886,2.154047382330579,0,0.0055826104362944589,1.3755691848410975e-05,2.5880917504478883e-06,5.615390738503709e-06,1.110284703462605e-05,2.2227033125844291e-05,3.7682088049686279e-05
767,7.5999999999999996,5164.5745875013972,1.8190481348874421,7.6688814189534025,0,0.0050721507779343412,1.2497906473347673e-05,2.3514432424041893e-06,5.101933732924468e-06,1.0087631022548054e-05,2.0194649912784458e-05,3.4236534036623817e-05
768,7.5999999999999996,4977.988933404803,1.8872299429673201,17.602532504951007,0,0.0040739028993623172,1.003819871428697e-05,1.8886566788571838e-06,4.0978242834058864e-06,8.1022885694246539e-06,1.622014928838627e-05,2.7498456055898412e-05
769,7.5999999999999996,6930.0674650666388,1.3556303482236243,34.733416352909792,0,0.0045623328080008473,1.1241702234629109e-05,2.1150922203739337e-06,4.5891221836759149e-06,9.0736912178153487e-06,1.8164821567214983e-05,3.0795311359245345e-05
770,7.5999999999999996,5665.1488748636193,1.6583164853028969,2.0913551189340494,0,0.0056271768534933387,1.3865504615891563e-05,2.6087526899878502e-06,5.6602188434275038e-06,1.119148193378067e-05,2.2404473275516855e-05,3.7982907115625247e-05
771,7.5999999999999996,5215.4311914472955,1.8013102706229873,7.6040281824971832,0,0.00518175936669744,1.2767984779575535e-05,2.4022576575587431e-06,5.2121859278831599e-06,1.0305623556436143e-05,2.0631053950127883e-05,3.4976381557762062e-05
772,7.5999999999999996,5008.844693376448,1.8756041254991715,17.780606972745726,0,0.0049765971667023526,1.2262459983554173e-05,2.3071446985998027e-06,5.0058190443454002e-06,9.8975914091411237e-06,1.9814205440367138e-05,3.3591556273443321e-05
773,7.5999999999999996,6764.6110376845309,1.3887878724357805,35.127498897759814,0,0.0044985542040825053,1.1084550158188521e-05,2.0855245332605716e-06,4.5249690807781458e-06,8.9468466006836226e-06,1.7910888544628143e-05,3.0364811865153426e-05
774,7.5999999999999996,5271.6017975713103,1.7821167325668843,2.1447817178090274,0,0.0052849438007843211,1.3022233807883866e-05,2.4500938420251894e-06,5.3159762464341739e-06,1.0510839557282789e-05,2.1041880365600092e-05,3.5672866647486461e-05
775,7.5999999999999996,5115.9465567469715,1.8363385283006473,8.16371040367018,0,0.0051289915114233761,1.2637963463394755e-05,2.3777945407996444e-06,5.1591082271949198e-06,1.0200677414816758e-05,2.0420959966221871e-05,3.462020356695993e-05
776,7.5999999999999996,4895.013690642827,1.9192203259492355,18.954669184354785,0,0.0049073716507674449,1.2091886579567932e-05,2.2750518293666497e-06,4.9361870459308653e-06,9.7599138256720334e-06,1.953858566474472e-05,3.3124290642693774e-05
777,7.5999999999999996,6508.8973736139396,1.4433488856293524,35.890902000705218,0,0.0043679261265171798,1.0762679305431751e-05,2.0249655073744508e-06,4.3935739735394322e-06,8.6870499374226696e-06,1.7390795903319455e-05,2.9483084799160063e-05
778,7.5999999999999996,5265.4101058459682,1.7842123561184811,2.3878386652419485,0,0.0053216864598453918,1.3112768639483326e-05,2.4671276963287679e-06,5.3529346532142979e-06,1.0583914354074675e-05,2.1188170404892912e-05,3.5920876092121445e-05
779,7.5999999999999996,5242.8853077991698,1.7918777961643253,9.2753588932765378,0,0.0052993976895522399,1.3057848551590515e-05,2.4567946481640059e-06,5.3305150064012061e-06,1.053958584325008e-05,2.1099428186302955e-05,3.5770429018249804e-05
780,7.5999999999999996,4812.3407932153823,1.9521912878918235,20.711447168055919,0,0.0048634663405381119,1.1983702796207891e-05,2.2546973782542029e-06,4.8920239299036298e-06,9.6725937539874948e-06,1.9363777697037839e-05,3.2827933985751636e-05
781,7.5999999999999996,6516.2341496647505,1.4417237863321462,36.706618250642578,0,0.0043405658915244795,1.0695263001579909e-05,2.0122813340324317e-06,4.3660530831003579e-06,8.6326351600668248e-06,1.7281861766421789e-05,2.9298405822215476e-05
782,7.5999999999999996,5472.0589597310736,1.7168327022819942,2.7821008899870789,0,0.005449180019924213,1.3426915962696017e-05,2.5262335635284587e-06,5.4811768375213021e-06,1.0837477003951181e-05,2.1695783038004522e-05,3.6781445464009585e-05
783,7.5999999999999996,5379.2460501675614,1.746454741661958,10.620384537994923,0,0.0053599885012143482,1.3207145828120937e-05,2.4848844784692227e-06,5.3914615987755914e-06,1.0660090492690523e-05,2.1340669088440739e-05,3.6179411218621472e-05
784,7.5999999999999996,4868.0341221721192,1.9298570090321425,22.474896586514582,0,0.0048488403415841439,1.1947663968694878e-05,2.2479167820319181e-06,4.8773120491437769e-06,9.6435051706146062e-06,1.9305544623647141e-05,3.2729209887646046e-05
785,7.5999999999999996,6824.2995115012109,1.3766408925998133,37.370672075459957,0,0.0045848199175932787,1.1297111035519801e-05,2.1255172184087635e-06,4.6117413344087159e-06,9.1184141912172616e-06,1.8254353469094785e-05,3.0947097204472153e-05
786,7.5999999999999996,6362.929299892121,1.4764598706197749,3.0654521827771113,0,0.0064022226950676284,1.5775236969017187e-05,2.9680630469771872e-06,6.4398156450235878e-06,1.2732914122542563e-05,2.5490300200268972e-05,4.3214392632664306e-05
787,7.5999999999999996,5758.722194556326,1.6313705460149035,11.522003699471362,0,0.0057873998415807195,1.4260298068938693e-05,2.6830318822103875e-06,5.8213826383346168e-06,1.1510137757694061e-05,2.3042397362174747e-05,3.9064397005272648e-05
788,7.5999999999999996,5284.7832516183171,1.7776717272188338,23.611947127319986,0,0.005310447821577532,1.3085076353486911e-05,2.4619174766082204e-06,5.3416300232454151e-06,1.0561562645498649e-05,2.1143424028995883e-05,3.584501635560557e-05
789,7.5999999999999996,4722.1692544969937,1.9894690902777079,37.655395610625732,0,0.0031620722690401926,7.7914252179476841e-06,1.4659330517884091e-06,3.1806395120476463e-06,6.2888150832336477e-06,1.2589716920480968e-05,2.1343686259529461e-05
790,7.5999999999999996,7842.2797235324724,1.1979437232633923,3.418352925880447,0,0.0081729392200653467,2.0138326807849885e-05,3.7889651828192564e-06,8.2209295680627262e-06,1.6254563168823479e-05,3.2540366707099863e-05,5.5166560308954433e-05
791,7.5999999999999996,6584.1567022157778,1.4268508779142381,12.449861191262469,0,0.0068594032562060139,1.6901741314944207e-05,3.1800114270853243e-06,6.8996807060262083e-06,1.3642167221150903e-05,2.7310553931543116e-05,4.6300317820533346e-05
792,7.5999999999999996,5847.9380951663825,1.6064824247449914,24.625619087212428,0,0.0060905246911503418,1.5007205285528098e-05,2.8235602123669212e-06,6.1262873943278406e-06,1.211300067918415e-05,2.424928187427456e-05,4.1110460831841956e-05
793,7.5999999999999996,5030.7985553393464,1.8674191915139788,38.094110821830405,0,0.004365141546667165,1.0755818030982961e-05,2.0236745793721253e-06,4.3907730430287272e-06,8.6815118894998876e-06,1.7379709163652746e-05,2.9464289150728735e-05
794,7.5999999999999996,4298.2546524029758,2.1856801261482635,3.6807207672215099,0,0.0045263648461924162,1.1153076276450913e-05,2.098417514821917e-06,4.5529430230615869e-06,9.0021571599290978e-06,1.8021615966948209e-05,3.0552531047185333e-05
795,7.5999999999999996,7233.3234883852874,1.2987957452707095,13.732965041154509,0,0.0076171990276707119,1.8768969063548557e-05,3.5313246714953862e-06,7.6619261475305725e-06,1.5149292002661487e-05,3.0327700104857466e-05,5.1415367009415441e-05
796,7.5999999999999996,6099.4868208712824,1.5402295384482072,25.827105586399991,0,0.006423189168275765,1.5826898883795272e-05,2.9777830797405662e-06,6.4609052304094176e-06,1.2774612813064132e-05,2.5573777723884019e-05,4.3355914327315243e-05
797,7.5999999999999996,5068.4904317792762,1.8535321112530052,38.545989378775701,0,0.0053374773644094134,1.3151677823577233e-05,2.4744483414464273e-06,5.3688182797458787e-06,1.0615319733316772e-05,2.125104152277527e-05,3.602746319200166e-05
798,7.5999999999999996,4251.4737402519249,2.2097301653155244,4.2229768998389234,0,0.0089542025024637074,2.2063379090789276e-05,4.151157938193596e-06,9.0067803184197157e-06,1.780836077251164e-05,3.5650948227346617e-05,6.0440012958618971e-05
799,7.5999999999999996,7476.4123300159126,1.256566566448523,14.741843513859095,0,0.0079179424320338383,1.9510008339541309e-05,3.670748966404716e-06,7.9644354748064584e-06,1.574741864134073e-05,3.1525102948462547e-05,5.3445356307951548e-05
800,7.5999999999999996,6163.6627224871154,1.524192707139344,26.737708924308887,0,0.0065277813351024066,1.6084616600810084e-05,3.0262718874792588e-06,6.5661115477085703e-06,1.2982628550960954e-05,2.5990208994396008e-05,4.4061901478782157e-05
801,7.5999999999999996,5059.0277706441429,1.8569990513583052,38.844431981284117,0,0.0053579291210639878,1.3202071463883927e-05,2.4839297522100637e-06,5.3893901262350377e-06,1.065599474159764e-05,2.1332469714448389e-05,3.6165510599002888e-05
802,7.5999999999999996,4395.6187688278787,2.1372667342092164,4.4741562418297196,0,0.0093626047850244656,2.3069692537375098e-05,4.3404927646912109e-06,9.4175806816629896e-06,1.8620602307830734e-05,3.7276992381194791e-05,6.3196689417913948e-05
803,7.5999999999999996,7632.1748116628714,1.2309217231928984,15.231931043641211,0,0.0082132301375039251,2.0237604636904841e-05,3.8076440056084704e-06,8.2614570680938014e-06,1.6334694838104385e-05,3.2700784054288503e-05,5.5438520159251799e-05
804,7.5999999999999996,6399.7441030132377,1.4679664717309813,27.280095159505485,0,0.0068879213539581475,1.6972010621616731e-05,3.193232384265305e-06,6.9283662580317627e-06,1.3698884787363642e-05,2.7424098071987113e-05,4.6492812260682524e-05
805,7.5999999999999996,5229.1564506786599,1.7965822708674608,39.029654675889546,0,0.0056277171343391465,1.3866835881418926e-05,2.6090031635639516e-06,5.6607622967263431e-06,1.1192556458979087e-05,2.240662439109156e-05,3.7986553959809629e-05
806,7.5999999999999996,4563.6063616456349,2.0585933637566858,4.4888248782208127,0,0.0099204935739629768,2.4444344477340155e-05,4.5991293628912304e-06,9.97874531499531e-06,1.973014666106856e-05,3.9498213570417563e-05,6.6962385539219473e-05
807,7.5999999999999996,7912.0675241818899,1.1873773501260536,15.39360478254207,0,0.0086603847740844321,2.1339404853771201e-05,4.0149443786713441e-06,8.7112373337216233e-06,1.7224008106051583e-05,3.4481119800991058e-05,5.8456771312494794e-05
808,7.5999999999999996,6727.4856675135252,1.3964518447430212,27.607401725991878,0,0.0073638004134071932,1.8144588535406781e-05,3.4138493665938234e-06,7.4070396122935677e-06,1.4645325966510568e-05,2.9318799437767967e-05,4.970495052893388e-05
809,7.5999999999999996,5419.8620148839836,1.7333669648935881,39.161668804131843,0,0.005932150003065891,1.4616966089951349e-05,2.7501378898909874e-06,5.9669827523809547e-06,1.1798020804441997e-05,2.3618716750929695e-05,4.0041446790948007e-05
810,7.5999999999999996,4852.6271368981215,1.9359842629258106,4.4069188431432504,0,0.010694701587138868,2.6352012400321185e-05,4.958051303602747e-06,1.0757499368582642e-05,2.1269912553990035e-05,4.2580704700960592e-05,7.21882157944703e-05
811,7.5999999999999996,8108.6956740139276,1.158584579883613,15.640444874780609,0,0.0089353743908228353,2.2016986152436367e-05,4.1424292473830302e-06,8.9878416507590989e-06,1.7770914913466847e-05,3.5575984540391498e-05,6.0312925000618522e-05
812,7.5999999999999996,7040.8534923912775,1.3342998517202231,27.818981741541101,0,0.007758666068461025,1.9117547392992194e-05,3.5969086282137972e-06,7.804223862859736e-06,1.543064548993412e-05,3.0890947825210419e-05,5.2370256043500992e-05
813,7.5999999999999996,5626.958483438264,1.6695715453619393,39.175743184905798,0,0.0062006249528228641,1.5278495086111408e-05,2.8746025665144101e-06,6.237034149230032e-06,1.2331971065488541e-05,2.4687643495828732e-05,4.1853627098229573e-05
814,7.5999999999999996,5131.5071445907352,1.8307700849222468,4.5874937931473481,0,0.011309325043001167,2.7866459979661694e-05,5.2429900278610784e-06,1.1375731806812237e-05,2.2492292351435101e-05,4.5027813642067378e-05,7.6336865506911741e-05
815,7.5999999999999996,4075.0471850583021,2.3053990160722733,15.855161139916063,0,0.0044904968348306639,1.1064696598675105e-05,2.0817891461815398e-06,4.5168643997888833e-06,8.9308218862018294e-06,1.7878808317051541e-05,3.0310425391108453e-05
816,7.5999999999999996,7052.0283080644103,1.3321854877040422,28.042590350288528,0,0.0078236844342592145,1.927775427373611e-05,3.627051067502753e-06,7.869624007344498e-06,1.5559955779114502e-05,3.1149816930779577e-05,5.2809123812049848e-05
817,7.5999999999999996,5790.0837516565589,1.622534349040059,39.072436215146624,0,0.0064248477571820515,1.5830985688375033e-05,2.9785519996418792e-06,6.4625735583161607e-06,1.2777911459661448e-05,2.5580381356894572e-05,4.3367109644258476e-05
818,7.5999999999999996,5583.5729509116309,1.68254446632557,5.0907329388169931,0,0.012476565749518501,3.0742570296689564e-05,5.7841214712597442e-06,1.2549826386360334e-05,2.4813732323817088e-05,4.9675155265785548e-05,8.421562895997463e-05
819,7.5999999999999996,4159.6986915085072,2.2584832382353537,16.763373862332077,0,0.0092949003584377726,2.2902867135615901e-05,4.3091050707230586e-06,9.3494787042190866e-06,1.8485949908108918e-05,3.7007428787302397e-05,6.2739690995203517e-05
820,7.5999999999999996,6916.7904576837846,1.3582325253825105,28.55002916064851,0,0.0077657036364243157,1.9134888136604879e-05,3.6001712365933099e-06,7.8113027544309141e-06,1.5444641995956501e-05,3.0918967737763959e-05,5.2417758956103364e-05
821,7.5999999999999996,5922.4628521495943,1.5862674035129938,39.03844518784107,0,0.0066498106733517874,1.6385299944664934e-05,3.0828445477499027e-06,6.6888574250451507e-06,1.3225323808274813e-05,2.6476065955856176e-05,4.4885587874426542e-05
822,7.5999999999999996,6078.5356031374304,1.5455383309809814,5.4600556243744602,0,0.013715122783519423,3.3794405829692878e-05,6.3583150817106798e-06,1.3795656052822583e-05,2.7277008142378437e-05,5.4606441182497123e-05,9.2575770822346789e-05
823,7.5999999999999996,4359.9211959415579,2.1547659576109974,17.810582646474259,0,0.0049186891739141274,1.2119773239880264e-05,2.2802986200259087e-06,4.9475710239794694e-06,9.7824224226344005e-06,1.9583646118945211e-05,3.3200682844618706e-05
824,7.5999999999999996,8296.9544672967495,1.1322961705902164,18.998928735664251,1,0.092760412563302613,0.00022856397835977499,4.3003620127679521e-05,9.3305088641201762e-05,0.00018448442414383619,0.00036932341712527829,0.00062612393854508716
825,7.5999999999999996,6757.4732828710767,1.3902548153161132,29.69898962420384,1,0.075555883907574173,0.00018617158912072868,3.5027620513815998e-05,7.5999537416347618e-05,0.00015026759097104092,0.00030082398792289944,0.00050999501085855663
826,7.5999999999999996,5796.2873373145922,1.6207978011031454,39.204135758136118,1,0.064805373062762503,0.0001596820613125896,3.0043696102814866e-05,6.5185901085991474e-05,0.00012888668345185884,0.00025802107996538391,0.00043743008789714138
827,7.5999999999999996,4891.0003231234405,1.9207951646345438,6.5480941148186069,1,0.0732170652512215,0.00018040868141057568,3.3943346886025882e-05,7.3646985546251521e-05,0.00014561608499914119,0.00029151203604244562,0.00049420820797366313
828,7.7000000000000002,8263.9855592359927,1.605791651416776,5.4450848462871742,1,0.028078461863414141,5.6580490265507083e-05,1.0775292078414625e-05,2.2278292144638199e-05,4.8344651372488713e-05,8.9551640757127665e-05,0.00015356266497206078
829,7.7000000000000002,8022.2746425606219,1.6541741101765917,14.199619230394996,1,0.018174942957459882,3.6624056833420349e-05,6.9747523859322386e-06,1.442054379218022e-05,3.1293070299486413e-05,5.7965994377650382e-05,9.9399770893410415e-05
830,7.7000000000000002,7992.6492200399216,1.6603054448051544,27.772057642428397,1,0.027164147841030682,5.4738069697929967e-05,1.0424418134873975e-05,2.1552848030153461e-05,4.6770412980367204e-05,8.663558640664438e-05,0.00014856223088199143
831,7.7000000000000002,7275.8479972177529,1.8238752408687517,5.5214978820232545,0,0.0024036283679703041,4.8435157216729398e-06,9.2240799509713111e-07,1.9071106974900088e-06,4.138495051609603e-06,7.665977757940656e-06,1.3145576833355934e-05
832,7.7000000000000002,7254.9786690131323,1.82912171404841,14.322835271608227,0,0.0015978226908650553,3.2197487044079814e-06,6.1317483369781379e-07,1.267760352243715e-06,2.7510830657563065e-06,5.0959929465501018e-06,8.7385809007499674e-06
833,7.7000000000000002,7304.7940136328052,1.81664794293774,27.86510271184461,0,0.0024131908912970088,4.8627850199924925e-06,9.2607767552169006e-07,1.9146978897425099e-06,4.154959516747317e-06,7.6964758549464795e-06,1.3197874803702367e-05
834,7.7000000000000002,6527.4840118834645,2.0329791684347471,5.6408363304816147,0,0.0018483436960713242,3.724569850428364e-06,7.0931389630055941e-07,1.4665312168837715e-06,3.1824225998482156e-06,5.8949885314748673e-06,1.0108694170418806e-05
835,7.7000000000000002,6622.2740755137793,2.0038794630257581,14.579023705895004,0,0.0012501231734257543,2.5191045858841831e-06,4.7974288595946521e-07,9.9188514705109705e-07,2.1524244912676518e-06,3.9870624635124213e-06,6.836992958817513e-06
836,7.7000000000000002,6682.0626169074267,1.9859495157786544,28.111105894825915,0,0.0018921146788302844,3.8127721058066041e-06,7.2611129517808107e-07,1.5012604248477105e-06,3.2577861618555198e-06,6.0345888893108573e-06,1.034808010236938e-05
837,7.7000000000000002,6279.921124202343,2.1131219255776079,10.609856017727006,0,0.0015806604267416366,3.1851652816089419e-06,6.0658870339066572e-07,1.2541432981520464e-06,2.721533595424018e-06,5.0412567249281504e-06,8.6447195265562265e-06
838,7.7000000000000002,6347.1259889017538,2.0907476929957882,21.879557314025778,0,0.001597575936986739,3.2192514743432446e-06,6.1308014029461835e-07,1.2675645703303149e-06,2.7506582123480236e-06,5.0952059655974448e-06,8.7372313901061583e-06
839,7.7000000000000002,8738.5346082421547,1.5185885979021596,11.019820426708371,0,0.0026393941394698734,5.3186038160337158e-06,1.0128846409461257e-06,2.0941743180232015e-06,4.5444294679660761e-06,8.4179139492769306e-06,1.4434992911657653e-05
840,7.7000000000000002,5937.8248098704216,2.2348653662517779,22.306719129488204,0,0.0018681931891061365,3.7645682681798306e-06,7.169312681530129e-07,1.4822803988333964e-06,3.2165988601204713e-06,5.9582952281917821e-06,1.0217252148544447e-05
841,7.7000000000000002,8802.9700456199789,1.5074729267144007,11.104632911061328,0,0.0027327133903284661,5.5066500484261264e-06,1.0486965094676841e-06,2.1682166050779421e-06,4.7051037481686854e-06,8.7155403673216407e-06,1.4945361069455998e-05
842,7.7000000000000002,5834.206287592252,2.2745577314727612,22.450518405299814,0,0.0020925750205210251,4.2167167544424987e-06,8.0303925306850248e-07,1.6603116605359213e-06,3.6029327507317546e-06,6.6739242130356561e-06,1.1444408827246941e-05
843,7.7000000000000002,6147.5574338260712,2.1586197707454229,6.0998393839919105,0,0.0018181296649096483,3.6636860062797496e-06,6.9771906563579333e-07,1.442558500131645e-06,3.1304009894703343e-06,5.7986258433199088e-06,9.9434519585303639e-06
844,7.7000000000000002,6183.5390556367911,2.146058899127202,15.354906224961789,0,0.0013229408452392331,2.6658383917187473e-06,5.0768714038754475e-07,1.0496608675960619e-06,2.2777997691124076e-06,4.2193024636496003e-06,7.2352368439396108e-06
845,7.7000000000000002,6194.1877979988567,2.1423695004431638,28.744751215153915,0,0.0022216908384049988,4.476896115849258e-06,8.5258828664487516e-07,1.7627560154049848e-06,3.8252404837065354e-06,7.0857179001490565e-06,1.2150550395141907e-05
846,7.7000000000000002,6550.0616911390007,2.0259716082372301,6.1763420817885697,0,0.0018959532402721242,3.8205071337917577e-06,7.2758436805856732e-07,1.5043060543993734e-06,3.2643952815281125e-06,6.0468313503450819e-06,1.0369073407755384e-05
847,7.7000000000000002,6550.9707490527671,2.0256904704342871,15.431166204741848,0,0.001319107041629918,2.6581129511710457e-06,5.0621589335618664e-07,1.0466190130511454e-06,2.2711988413327974e-06,4.2070751769404908e-06,7.2142695594035222e-06
848,7.7000000000000002,6554.1620406825195,2.0247041400685375,28.777145065836738,0,0.0021033509917022346,4.2384312534590645e-06,8.0717460198721971e-07,1.6688616386396005e-06,3.6214864938993728e-06,6.7082924026011325e-06,1.1503343211199247e-05
849,7.7000000000000002,6999.7219679991831,1.8958237311593034,6.3212214870001944,0,0.0019820641383800348,3.9940279219264204e-06,7.6062998440183084e-07,1.5726290186064995e-06,3.4126584367055394e-06,6.3214679116405226e-06,1.0840018684633897e-05
850,7.7000000000000002,6974.3944418001629,1.9027084185139329,15.642370192125119,0,0.0013165948755495635,2.6530507227218426e-06,5.0525183330913064e-07,1.044625785283676e-06,2.2668734693115197e-06,4.1990630359818975e-06,7.200530383802372e-06
851,7.7000000000000002,6955.0427157119811,1.9080025185857528,28.931975974451188,0,0.0019694126153491261,3.9685340263143218e-06,7.557748802811717e-07,1.5625909215223977e-06,3.3908754247572515e-06,6.2811179576079373e-06,1.0770826803610201e-05
852,7.7000000000000002,7423.7166871717145,1.7875465319657347,6.4206465026326187,0,0.002016235035243548,4.0628851872123396e-06,7.7374328797511164e-07,1.5997412310514971e-06,3.4714928594737012e-06,6.4304503728293033e-06,1.1026901214466622e-05
853,7.7000000000000002,7370.3687730963447,1.8004850811386239,15.818720673171944,0,0.001334872117599181,2.6898809209321001e-06,5.1226584363599694e-07,1.0591274962378006e-06,2.2983426751119511e-06,4.257355296506007e-06,7.3004896341036058e-06
854,7.7000000000000002,7334.6521752945428,1.809252668197187,29.081396034532574,0,0.0019927436318723573,4.0155480101891698e-06,7.6472830938092252e-07,1.5811024484238476e-06,3.431046067489326e-06,6.3555284014688026e-06,1.0898425426755682e-05
855,7.7000000000000002,7829.7977009646484,1.6948380437485671,6.422404400870569,0,0.0020417750512791875,4.1143504931010602e-06,7.8354443498273994e-07,1.6200054442904036e-06,3.5154668911459839e-06,6.511906057691265e-06,1.1166580978441596e-05
856,7.7000000000000002,7722.4168733892575,1.7184049030269244,15.858859006493363,0,0.0013428535906874115,2.7059642684662277e-06,5.1532878576438147e-07,1.0654602359038526e-06,2.3120849354881213e-06,4.2828108935464281e-06,7.3441407530215007e-06
857,7.7000000000000002,7645.311606637184,1.7357355332553817,29.133224455331156,0,0.0019942618071297799,4.018607262536815e-06,7.6531091899481543e-07,1.5823070141182275e-06,3.4336600159990222e-06,6.3603703720126452e-06,1.090672841142623e-05
858,7.7000000000000002,8129.2341655517585,1.6324094924812953,6.3437439498104498,0,0.0020350134872799265,4.1007253662012757e-06,7.8094964088919802e-07,1.614640617012365e-06,3.5038250335589425e-06,6.4903411602562272e-06,1.1129601609979158e-05
859,7.7000000000000002,7985.582289207422,1.6617747507761311,15.775922329705503,0,0.0013327018126901929,2.6855075718372129e-06,5.114329750334602e-07,1.0574055113569842e-06,2.2946059093764411e-06,4.2504334655849065e-06,7.28862011620596e-06
860,7.7000000000000002,7874.033217072988,1.685316616353175,29.088381138041726,0,0.0019711283338270146,3.9719913450630748e-06,7.5643329838874159e-07,1.5639522239211648e-06,3.3938294972442112e-06,6.2865899597966478e-06,1.0780210163107883e-05
861,7.7000000000000002,8419.9520333697328,1.576046866521055,6.3133610945714134,0,0.0021077896885744901,4.2473756054108869e-06,8.0887798073633903e-07,1.6723834336062418e-06,3.6291289087111667e-06,6.7224488969870286e-06,1.1527618690533636e-05
862,7.7000000000000002,8230.9243761637008,1.6122416404261746,15.739257474806037,0,0.0013736465844268418,2.7680147714814882e-06,5.2714579707807781e-07,1.089892318895867e-06,2.3651033862241184e-06,4.3810200877182439e-06,7.5125493433530201e-06
863,7.7000000000000002,8049.5890461512718,1.6485610560199735,29.062237986039491,0,0.0020150757060725852,4.06054904026842e-06,7.7329838787720325e-07,1.5988213845838328e-06,3.4694967613658776e-06,6.4267528829189825e-06,1.1020560778942094e-05
864,7.7000000000000002,8714.8382831772924,1.5227177587524703,6.3380010830060014,0,0.0021816093723664443,4.3961285506580673e-06,8.372067637681101e-07,1.73095418044921e-06,3.7562294206519389e-06,6.957884649696669e-06,1.1931342634730804e-05
865,7.7000000000000002,8460.8043680868523,1.5684370470145506,15.776264478802132,0,0.0014120109103885493,2.8453221532810408e-06,5.4186835629944101e-07,1.1203317235137067e-06,2.4311579291254133e-06,4.5033768020256146e-06,7.7223659694629048e-06
866,7.7000000000000002,8221.9431414960272,1.6140027716167544,29.084427147758571,0,0.0020582215795302361,4.1474916472047452e-06,7.8985589700095889e-07,1.633054612116057e-06,3.5437840289739908e-06,6.5643595573453514e-06,1.1256527953459486e-05
867,7.7000000000000002,5926.2451926019276,2.239232192926468,6.3555266318310668,0,0.0014835332148479441,2.9894456836551994e-06,5.6931550509342299e-07,1.1770796608243444e-06,2.5543028824090474e-06,4.7314854408187955e-06,8.1135254186932304e-06
868,7.7000000000000002,8705.8628044226698,1.5242876342719909,15.928047585719938,0,0.0015013386222366119,3.0253250948682679e-06,5.7614844580510943e-07,1.191207004034547e-06,2.5849596974773929e-06,4.7882728622153323e-06,8.2109041790689794e-06
869,7.7000000000000002,8404.4812237056849,1.5789480237066755,29.195470229908835,0,0.0021039168383546144,4.2395714826198533e-06,8.0739174931461411e-07,1.6693105983116831e-06,3.6224607516515484e-06,6.7100970775289846e-06,1.150643785791913e-05
870,7.7000000000000002,6129.077730855829,2.1651281972886598,6.4875750040438103,0,0.0018411706086262686,3.7101154687626994e-06,7.065611774123074e-07,1.4608398745852746e-06,3.1700721935659029e-06,5.8721111476237211e-06,1.006946415741102e-05
871,7.7000000000000002,5880.3144758173985,2.2567226758064352,16.012804037571627,0,0.0010304246767686158,2.0763934177324572e-06,3.9543216117030407e-07,8.1756978333656874e-07,1.7741542256236286e-06,3.2863702053956578e-06,5.6354496976111339e-06
872,7.7000000000000002,8604.1937083364392,1.5422989612138405,29.405764464580727,0,0.0022017761105010934,4.436766244284772e-06,8.4494588048777942e-07,1.7469550741574774e-06,3.7909519039981596e-06,7.0222031475354095e-06,1.2041635643899714e-05
873,7.7000000000000002,6317.9872067467468,2.1003902958649792,6.7062678657799655,0,0.002293318648314831,4.6212322486850641e-06,8.8007592384060287e-07,1.8195876638982053e-06,3.9485670931023925e-06,7.3141630312416183e-06,1.2542286859531291e-05
874,7.7000000000000002,6062.1326192389897,2.1890380583781801,16.371815799094843,0,0.0012393327344644707,2.4973609330594902e-06,4.7560198493619248e-07,9.8332368977762753e-07,2.1338458379113189e-06,3.9526481313394877e-06,6.7779794497736956e-06
875,7.7000000000000002,5798.6448151412069,2.2885069600743946,29.546194325931502,0,0.0014999770177599686,3.0225813459688109e-06,5.7562592124509327e-07,1.1901266662844358e-06,2.5826153278302683e-06,4.7839302484518435e-06,8.2034574886808691e-06
876,7.7000000000000002,6663.2386358406548,1.9915599220882081,6.7523233612837767,0,0.0025020402076177763,5.0418239538784838e-06,9.6017417763711294e-07,1.9851935969316767e-06,4.30793759806481e-06,7.9798461512033807e-06,1.3683796641641095e-05
877,7.7000000000000002,6361.2458782970079,2.0861069155846836,16.502156305746801,0,0.0015128067232261398,3.0484342943521366e-06,5.8054940403238075e-07,1.2003061386463975e-06,2.6047051289379964e-06,4.8248484860859119e-06,8.2736238593238047e-06
878,7.7000000000000002,6056.891991284424,2.1909320881972447,29.686918710762406,0,0.0019458392624547289,3.9210317140275971e-06,7.4672845302528125e-07,1.5438871176899546e-06,3.3502875345478802e-06,6.205934621707665e-06,1.0641902829412481e-05
879,7.7000000000000002,7167.178052560942,1.8515291403578698,6.6074279008861865,0,0.0026912690123697966,5.4231360997256129e-06,1.0327919602909803e-06,2.1353333950072686e-06,4.6337460643501063e-06,8.5833603332296279e-06,1.4718699468175934e-05
880,7.7000000000000002,6773.4896749644195,1.9591436106410924,16.361098483681118,0,0.0016956262501227066,3.4168311998604803e-06,6.5070758468809839e-07,1.3453606238158008e-06,2.9194782933261103e-06,5.407921329451367e-06,9.2734739898520921e-06
881,7.7000000000000002,6439.6988865202557,2.0606924721631872,29.629644635331374,0,0.0024181012296871337,4.8726797697417583e-06,9.2796204976607801e-07,1.9185938992075715e-06,4.163413989743249e-06,7.7121365724618273e-06,1.3224729716652022e-05
882,7.7000000000000002,7571.3855131885448,1.7526830453071784,6.5980175620449728,0,0.0036032334298560557,7.2608220134723142e-06,1.3827642276942647e-06,2.8589132626333679e-06,6.2039389774075984e-06,1.1491921004938817e-05,1.9706283438769353e-05
883,7.7000000000000002,7138.7459670102671,1.8589033815987679,16.377946439839182,0,0.0022654756311756407,4.5651261995763343e-06,8.693909852040603e-07,1.7974961806455817e-06,3.9006278233767139e-06,7.2253623027482894e-06,1.2390011854812178e-05
884,7.7000000000000002,6781.906779183696,1.9567120944778342,29.65808819024663,0,0.0032282306315104189,6.5051594602831105e-06,1.2388544686037171e-06,2.5613748170717667e-06,5.5582704348101912e-06,1.0295911193442585e-05,1.7655372339505378e-05
885,7.7000000000000002,7823.5386174325877,1.696193968913364,6.7058483673624103,0,0.0044788370420610069,9.0252378100996129e-06,1.718782799947924e-06,3.5536433789229531e-06,7.7115269492293935e-06,1.4284514862367686e-05,2.449500814895566e-05
886,7.7000000000000002,7419.807631950528,1.7884882838884941,16.528231464422007,0,0.0028318054776303257,5.7063290375475739e-06,1.0867237414624878e-06,2.2468392333711713e-06,4.8757175245815121e-06,9.031578298711771e-06,1.5487301189884921e-05
887,7.7000000000000002,7022.9057025802549,1.8895653139090836,29.758686737222796,0,0.0040204889042830825,8.1016273048693307e-06,1.542888725615106e-06,3.1899762461918491e-06,6.9223569072273551e-06,1.2822688784584227e-05,2.1988276766569281e-05
888,7.7000000000000002,8115.8609664866426,1.6350993533831617,6.8149200926830176,0,0.0048506282622788289,9.7744287600406873e-06,1.8614600950763006e-06,3.8486336622623916e-06,8.3516658931721474e-06,1.5470281873094967e-05,2.6528354949346276e-05
889,7.7000000000000002,7727.6983743053697,1.7172304579813253,16.595830337825888,0,0.0030790251261332362,6.2044976688495233e-06,1.1815958869916858e-06,2.4429907027797926e-06,5.3013728819668601e-06,9.820044748851718e-06,1.6839359156672247e-05
890,7.7000000000000002,7250.5435546941426,1.8302405769093741,29.736281438205651,0,0.0043324254006674601,8.7302058923641721e-06,1.6625963817826471e-06,3.4374759999472721e-06,7.4594397873871115e-06,1.3817558987914311e-05,2.369427476317778e-05
891,7.7000000000000002,8534.0566506653213,1.5549743295195251,7.0442477733192739,0,0.0053058623324188188,1.0691764153958556e-05,2.0361591257306611e-06,4.2098300005128889e-06,9.135474227149059e-06,1.6922176143795752e-05,2.901805532313572e-05
892,7.7000000000000002,8080.6414454895785,1.6422259430725124,16.683605469795854,0,0.0036284165555845686,7.3115681550191118e-06,1.3924284157289282e-06,2.8788943084194259e-06,6.2472985260800576e-06,1.1572238446804101e-05,1.9844011349863935e-05
893,7.7000000000000002,7554.5342096308887,1.7565926171242172,29.598174337491308,0,0.0065234246708068874,1.3145255886159786e-05,2.5034065797980646e-06,5.1758804063672779e-06,1.1231836451688876e-05,2.0805391173775986e-05,3.5676971269529067e-05
894,7.7000000000000002,9398.6872103017668,1.4119247424155825,7.3098615644748826,0,0.0039517324953797185,7.9630772894314482e-06,1.5165030072021612e-06,3.1354228532098341e-06,6.8039741897470744e-06,1.2603401515223968e-05,2.1612244153512694e-05
895,7.7000000000000002,7109.6148915722479,1.8665200887576234,11.444036857810829,0,0.002547104994913688,5.1326333355076041e-06,9.7746808240750883e-07,2.0209493481440484e-06,4.3855287938216884e-06,8.1235728860348992e-06,1.3930258462349881e-05
896,7.7000000000000002,6513.0137916762651,2.0374959186190464,22.243779406392239,0,0.0029673062746250608,5.9793746752546262e-06,1.1387230522359414e-06,2.3543496217950255e-06,5.1090187226054808e-06,9.4637358276321095e-06,1.6228362562604279e-05
897,7.7000000000000002,8293.6268408867381,1.600052579292454,3.260052660034479,0,0.004499530950221633,9.0669377961933394e-06,1.7267242215884442e-06,3.5700625451101671e-06,7.7471570980753801e-06,1.4350514682389027e-05,2.4608184280229913e-05
898,7.7000000000000002,7401.4647904300182,1.7929206439795768,11.446492831216389,0,0.003031267074626344,6.108261130625676e-06,1.1632684245905755e-06,2.4050980351221115e-06,5.2191445048726551e-06,9.6677282903288153e-06,1.6578167724643442e-05
899,7.7000000000000002,6756.0637395370813,1.9641968356206205,22.091154476113434,0,0.0032224939055292066,6.4935994692082859e-06,1.2366529627547826e-06,2.5568231269548052e-06,5.5483931125077688e-06,1.0277614848482857e-05,1.7623997866994215e-05
900,7.7000000000000002,6240.328034275848,2.1265290775679362,36.404714304931531,0,0.0046817002363155995,9.4340244111458561e-06,1.7966328681135741e-06,3.7146011097624432e-06,8.0608106974010347e-06,1.4931513689550655e-05,2.5604478207750831e-05
901,7.7000000000000002,8186.364441042153,1.6210173776188008,3.153262876973884,0,0.0051499171018723425,1.0377521242726157e-05,1.9763141308179067e-06,4.0860983865242969e-06,8.8669724181594731e-06,1.6424814453129857e-05,2.8165182209612276e-05
902,7.7000000000000002,7470.2840952622664,1.7764035275266279,11.094026538974937,0,0.0040534231241965346,8.1679925608537826e-06,1.5555274463779618e-06,3.2161072421259129e-06,6.9790620568073378e-06,1.292772706782967e-05,2.2168395841584407e-05
903,7.7000000000000002,6799.2004812911946,1.951735215774941,21.662617915524379,0,0.0036970385820056079,7.4498473783185207e-06,1.4187625639916165e-06,2.933341078317352e-06,6.3654498678428891e-06,1.1791097125316337e-05,2.0219309017672745e-05
904,7.7000000000000002,6318.3559878318028,2.100267703182034,36.221854253523325,0,0.0040166219175085463,8.0938349974196626e-06,1.5414047443286065e-06,3.1869080631303394e-06,6.9156988456716205e-06,1.2810355665621716e-05,2.1967128001462485e-05
905,7.7000000000000002,7664.4625484028293,1.7313985076768743,2.9248711012019153,0,0.0045719681847766289,9.2129049885750399e-06,1.7545224807480647e-06,3.6275364153462218e-06,7.871877350487477e-06,1.4581541340396995e-05,2.5004347532888897e-05
906,7.7000000000000002,7275.1953212105745,1.8240388652880619,10.302879090880131,0,0.0043400030368243615,8.7454754741132273e-06,1.6655043488661631e-06,3.4434883233035307e-06,7.4724867334774988e-06,1.3841726613413599e-05,2.3735717275524178e-05
907,7.7000000000000002,6781.0013904720654,1.9569733516196985,20.741899662168276,0,0.0040456691103574029,8.1523675630644535e-06,1.5525517932135132e-06,3.2099549754368738e-06,6.9657114289270145e-06,1.2902996914692169e-05,2.2125988709913179e-05
908,7.7000000000000002,6402.6149939791158,2.0726279857416081,35.863891672490062,0,0.0038201305516768103,7.6978881729183966e-06,1.4659999066981547e-06,3.0310059316962025e-06,6.5773859200901485e-06,1.2183678738287298e-05,2.0892505825650302e-05
909,7.7000000000000002,7762.2863152067639,1.7095786575731937,2.6045431245324675,0,0.0046722055890163258,9.4148918887981503e-06,1.792989235555321e-06,3.7070677723819107e-06,8.0444630991664512e-06,1.4901232071982135e-05,2.5552551455162362e-05
910,7.7000000000000002,7367.4632036467083,1.8011951538328035,9.197954548753648,0,0.0044344032898926142,8.9357000179565359e-06,1.7017310590055837e-06,3.518388309870195e-06,7.635022250781098e-06,1.4142800710394859e-05,2.4251997494352202e-05
911,7.7000000000000002,6983.2602284520635,1.9002927836460541,19.418412406428271,0,0.0042038356966409103,8.4710866951549145e-06,1.6132492478155842e-06,3.3354490795614093e-06,7.2380379014328365e-06,1.340744325450744e-05,2.2991010541143771e-05
912,7.7000000000000002,6630.7368124432942,2.0013219335665555,35.325000982207087,0,0.0039917332677122767,8.0436822499376384e-06,1.5318535633452344e-06,3.1671606633637817e-06,6.8728463168049875e-06,1.2730977406359245e-05,2.1831010595570978e-05
913,7.7000000000000002,8220.066534593816,1.6143712417171674,2.3030796711039945,0,0.0049987020078731403,1.0072809959193646e-05,1.918284356522136e-06,3.9661198044644767e-06,8.6066148160511128e-06,1.5942538755809118e-05,2.7338178475167166e-05
914,7.7000000000000002,7586.1952361943386,1.7492614684020509,8.1814960504543386,0,0.0046120165888025389,9.2936059309970166e-06,1.7698913158627765e-06,3.6593120179114842e-06,7.9408314883628123e-06,1.4709269144992218e-05,2.5223374475319452e-05
915,7.7000000000000002,7287.5177543967347,1.8209546056259962,18.219594797569989,0,0.0044304164051958469,8.927666105989688e-06,1.7002010661128247e-06,3.5152249962081565e-06,7.6281577525879579e-06,1.4130085196708897e-05,2.4230193000859997e-05
916,7.7000000000000002,6882.9644002558662,1.927983096637351,34.841178418219648,0,0.0041841360429566007,8.4313902164467535e-06,1.6056893777869258e-06,3.3198187846377729e-06,7.2041196300489031e-06,1.334461444578e-05,2.2883272042735104e-05
917,7.7000000000000002,8342.5128739324391,1.5906764806938458,2.1370877895848781,0,0.0051191944647429278,1.0315612514267759e-05,1.9645241193101919e-06,4.0617221265727277e-06,8.8140751053191169e-06,1.6326829649805934e-05,2.7997158403482432e-05
918,7.7000000000000002,7731.6494594702308,1.7163529060665954,7.7087752439439612,0,0.0047447686302977904,9.5611125924404357e-06,1.8208357738631986e-06,3.7646414614406514e-06,8.1693999618174235e-06,1.5132659969873841e-05,2.5949402751784795e-05
919,7.7000000000000002,7451.7474934967622,1.7808224218589082,17.805103807268875,0,0.004572856861376688,9.2146957475547667e-06,1.7548635161643019e-06,3.6282415179624026e-06,7.873407447136708e-06,1.4584375628401262e-05,2.5009207754494598e-05
920,7.7000000000000002,6930.0674650666388,1.9148787634958973,34.733416352909792,0,0.0042519122161455009,8.5679649734972666e-06,1.6316989243789061e-06,3.373594429261503e-06,7.3208146071497745e-06,1.3560775414383972e-05,2.3253943692312061e-05
921,7.7000000000000002,8277.4042497411392,1.6031884656189113,2.1230350231308921,0,0.005129093209937605,1.0335559328265358e-05,1.9683228270599718e-06,4.0695760873197619e-06,8.8311184671595787e-06,1.6358400071217621e-05,2.8051295189869391e-05
922,7.7000000000000002,7764.3028762254335,1.7091346422206026,7.9156380928032162,0,0.0048127319180245676,9.6980644012091099e-06,1.8469171268741896e-06,3.8185655683398294e-06,8.2864171071034459e-06,1.5349417709553017e-05,2.6321097741145504e-05
923,7.7000000000000002,7430.0998239273158,1.7860108656569467,18.420101967432135,0,0.0046054916441767612,9.2804576122722359e-06,1.7673873259903881e-06,3.654134931527345e-06,7.9295970348983567e-06,1.4688458906171795e-05,2.5187689191331901e-05
924,7.7000000000000002,6764.6110376845309,1.9617150113323061,35.127498897759814,0,0.0041924731009951232,8.4481900979176906e-06,1.6088887779491131e-06,3.3264336560474857e-06,7.2184741259007489e-06,1.3371204122595948e-05,2.2928867875464475e-05
925,7.7000000000000002,7924.7565285397595,1.6745295543982053,2.2929486448591248,0,0.0049570806383829481,9.9889393574942909e-06,1.9023118856958475e-06,3.9330961640146195e-06,8.5349523935353452e-06,1.5809794236307429e-05,2.7110548897386453e-05
926,7.7000000000000002,7809.9601797680034,1.699142980629659,8.7797602268260508,0,0.0048859586691444405,9.8456225366606525e-06,1.8750183681426124e-06,3.8766658646518896e-06,8.412496725397744e-06,1.5582962400925264e-05,2.6721578903679036e-05
927,7.7000000000000002,7286.0993533073415,1.8213090948898825,19.877713582672147,0,0.0045571892830283834,9.1831242437974537e-06,1.7488509812296728e-06,3.6158103923067146e-06,7.8464314818297587e-06,1.4534406461478709e-05,2.492352089969009e-05
928,7.7000000000000002,6508.8973736139396,2.0387844909408841,35.890902000705218,0,0.0040707329425837113,8.2028733180518628e-06,1.5621702015920274e-06,3.2298413701873445e-06,7.0088655816342993e-06,1.2982933889532371e-05,2.2263064198228995e-05
929,7.7000000000000002,8084.3143346085926,1.6414798422224435,2.5835322038329118,0,0.005018502576748002,1.0112709790599132e-05,1.9258829534105005e-06,3.9818301685210988e-06,8.640706840175819e-06,1.6005689416956222e-05,2.7446468884349033e-05
930,7.7000000000000002,7928.1177349456993,1.67381962050805,9.926542329801709,0,0.0049234668813597721,9.9212047764019039e-06,1.8894123881542988e-06,3.9064260029963992e-06,8.4770772373921805e-06,1.5702588681100038e-05,2.6926713396235731e-05
931,7.7000000000000002,7289.2892527229869,1.8205120634350902,21.549628376611377,0,0.0045261154670796023,9.1205078601310456e-06,1.7369262025695107e-06,3.5911554965676543e-06,7.7929295198574714e-06,1.4435301631009908e-05,2.4753576477123136e-05
932,7.7000000000000002,6516.2341496647505,2.0364889771698405,36.706618250642578,0,0.0040452342947871131,8.1514913726854456e-06,1.5523849299147719e-06,3.2096099797476129e-06,6.9649627765521358e-06,1.2901610141871935e-05,2.2123610679447343e-05
933,7.7000000000000002,9016.0840308605693,1.4718406542161888,2.9067289548378472,0,0.0056512535508476394,1.1387756853529005e-05,2.1687052487339071e-06,4.4838737321738429e-06,9.7301584418074646e-06,1.8023744686398368e-05,3.0907019049777253e-05
934,7.7000000000000002,8452.735817577357,1.5699341970270333,11.018622424026839,0,0.0052950322052820022,1.0669940526082511e-05,2.0320029941122973e-06,4.2012370534529231e-06,9.116827239885439e-06,1.6887635232707814e-05,2.8958824757259076e-05
935,7.7000000000000002,7675.8689142828307,1.7288256439290448,22.982565544648949,0,0.0048076232264851228,9.6877699529831665e-06,1.8449566333206674e-06,3.8145121795485837e-06,8.2776211156191038e-06,1.5333124377257795e-05,2.6293158023822899e-05
936,7.7000000000000002,6824.2995115012109,1.9445569462602268,37.370672075459957,0,0.0042728693054253945,8.6101952919442835e-06,1.6397413434830132e-06,3.3902224112268213e-06,7.3568978933335774e-06,1.3627614607343948e-05,2.3368559175721826e-05
937,7.7000000000000002,6362.929299892121,2.0855550003792969,3.0654521827771113,0,0.0039777441400013656,8.0154929670588114e-06,1.5264851447423723e-06,3.1560612706866346e-06,6.8487602573378041e-06,1.2686361381971335e-05,2.1754503280377865e-05
938,7.7000000000000002,5758.722194556326,2.3043721454377852,11.522003699471362,0,0.0035957505544797919,7.245743382760838e-06,1.3798926256756841e-06,2.8529761253170416e-06,6.1910551875800432e-06,1.1468055603379956e-05,1.9665359178387051e-05
939,7.7000000000000002,8324.8865546739871,1.5940444270678269,24.15907632271572,0,0.0052884950961649638,1.0656767694872583e-05,2.0294943360373927e-06,4.1960503153972854e-06,9.1055718419656916e-06,1.6866786197241167e-05,2.892307294499426e-05
940,7.7000000000000002,7282.8493172881426,1.8221218702066031,37.886740838515294,0,0.0046223263685069736,9.3143810145127693e-06,1.773847760774887e-06,3.6674921057424897e-06,7.9585825570631773e-06,1.4742150493438861e-05,2.5279759232233458e-05
941,7.7000000000000002,7842.2797235324724,1.6921404854547208,3.418352925880447,0,0.0063473778243937776,1.2790506508212948e-05,2.4358474592588888e-06,5.0361995686272358e-06,1.0928724284916042e-05,2.0243918682045448e-05,3.4714161304131734e-05
942,7.7000000000000002,6584.1567022157778,2.0154804356318095,12.449861191262469,0,0.0053272418825926881,1.0734845767060366e-05,2.0443636669462442e-06,4.2267931755974549e-06,9.1722848937975429e-06,1.6990362706365761e-05,2.9134981268601455e-05
943,7.7000000000000002,5847.9380951663825,2.2692167397289102,24.625619087212428,0,0.0037840840679318147,7.6252514404449215e-06,1.4521668344792578e-06,3.0024055724755168e-06,6.5153221682246468e-06,1.2068714400903293e-05,2.0695365607155422e-05
944,7.7000000000000002,7538.6089243274737,1.7603034129580879,38.310256368972595,0,0.0048953198174505061,9.8644860471756459e-06,1.8786107695952946e-06,3.8840932799350453e-06,8.4286144690798709e-06,1.5612818245389141e-05,2.6772775542870701e-05
945,7.7000000000000002,8549.7283926549007,1.5521240452328822,3.9518488335302164,0,0.0083908713148142158,1.6908319802430978e-05,3.2200513564214311e-06,6.6575684739721582e-06,1.4447149932905358e-05,2.6761305419034207e-05,4.5890140521529806e-05
946,7.7000000000000002,7233.3234883852874,1.8345977529911772,13.732965041154509,0,0.0070989256947163746,1.4304939427213299e-05,2.724258834961353e-06,5.6325001458160331e-06,1.2222716810476145e-05,2.2640857133385891e-05,3.8824418282673424e-05
947,7.7000000000000002,6099.4868208712824,2.1756320503950795,25.827105586399991,0,0.0049884634390164866,1.0052178371596554e-05,1.9143552392352966e-06,3.9579962174517305e-06,8.5889863560472876e-06,1.5909884522661366e-05,2.728218317432854e-05
948,7.7000000000000002,7619.7078334352918,1.7415679588422168,38.679431752287549,0,0.0050043186269277708,1.0084127924589736e-05,1.9204397705580341e-06,3.9705761981506016e-06,8.6162853418587246e-06,1.5960452039460357e-05,2.7368896076236537e-05
949,7.7000000000000002,8647.0925090798046,1.5346475135446569,4.348566570834322,0,0.0085352669285628565,1.7199289252888384e-05,3.2754641108861221e-06,6.7721362762664899e-06,1.4695765958966615e-05,2.7221831504552159e-05,4.6679848140322478e-05
950,7.7000000000000002,7476.4123300159126,1.7749474524262505,14.741843513859095,0,0.0073792065529418608,1.4869729209772521e-05,2.8318184344173152e-06,5.854883368674596e-06,1.2705295964676491e-05,2.3534766879902759e-05,4.0357289838783962e-05
951,7.7000000000000002,6163.6627224871154,2.1529794240745286,26.737708924308887,0,0.0060836318548209145,1.2259035933486474e-05,2.3346332306990517e-06,4.8269356213819202e-06,1.047461440482631e-05,1.9402744246165664e-05,3.3271719970975166e-05
952,7.7000000000000002,7736.9668196667881,1.7151733137484837,38.933952271678685,0,0.0051373481687695581,1.0352193772848024e-05,1.971490721118495e-06,4.07612581876142e-06,8.8453316070661141e-06,1.6384727906103307e-05,2.8096442017485371e-05
953,7.7000000000000002,8959.2251304735146,1.4811815559041088,4.4814905600252661,0,0.0089855392984407138,1.8106626398513753e-05,3.4482590568441736e-06,7.129395853005205e-06,1.5471031386620721e-05,2.8657901247485698e-05,4.9142412700236078e-05
954,7.7000000000000002,7632.1748116628714,1.7387231485017152,15.231931043641211,0,0.007654402917390335,1.5424273304656447e-05,2.9374268263682265e-06,6.0732324019709647e-06,1.3179120790372271e-05,2.4412460468911942e-05,4.186235401647648e-05
955,7.7000000000000002,6399.7441030132377,2.0735577555674185,27.280095159505485,0,0.0064192679888202195,1.2935371307727341e-05,2.4634357767040654e-06,5.0932393770472693e-06,1.1052502608430114e-05,2.0473200549763281e-05,3.5107332599920859e-05
956,7.7000000000000002,7971.0794165399993,1.6647982443775671,39.089884702524984,0,0.0049259766857334113,9.9262622458110835e-06,1.8903755418810661e-06,3.9084173569150654e-06,8.4813985430978468e-06,1.5710593289783096e-05,2.694043965553189e-05
957,7.7000000000000002,9416.2334985437556,1.4092937500437119,4.4478718606820316,0,0.009606269844014444,1.9357451274968252e-05,3.6864684346614711e-06,7.6219020488453334e-06,1.6539786575847023e-05,3.0637619335128679e-05,5.2537222475484672e-05
958,7.7000000000000002,7912.0675241818899,1.6772150866877364,15.39360478254207,0,0.0080711332046785756,1.6264020299272885e-05,3.0973497803140533e-06,6.4038786863325525e-06,1.3896634468767808e-05,2.5741553250467655e-05,4.4141475066691067e-05
959,7.7000000000000002,6727.4856675135252,1.9725406599572326,27.607401725991878,0,0.0068627682925970169,1.3829062163824019e-05,2.6336318983188105e-06,5.4451257938260084e-06,1.181610809629408e-05,2.1887671900533616e-05,3.7532860354794907e-05
960,7.7000000000000002,8304.8975324609091,1.5978811257551679,39.154826407426469,0,0.0047174339771436976,9.5060309400258728e-06,1.8103459232071949e-06,3.7429533293911992e-06,8.1223359779157846e-06,1.5045480584785601e-05,2.5799908017890598e-05
961,7.7000000000000002,9984.1342814888558,1.3291326663197749,4.4972063181452988,0,0.010253437612991644,2.0661549406514265e-05,3.9348232686401648e-06,8.1353843291070585e-06,1.7654060581414286e-05,3.2701654603120066e-05,5.607661889155594e-05
962,7.7000000000000002,8108.6956740139276,1.6365442177065923,15.640444874780609,0,0.008327412559983989,1.6780445010806039e-05,3.1956986471614144e-06,6.607218398312036e-06,1.4337888556918201e-05,2.65589141469234e-05,4.5543081072371168e-05
963,7.7000000000000002,7040.8534923912775,1.8847486363393986,27.818981741541101,0,0.0072307673345597999,1.4570611551848774e-05,2.7748539204158424e-06,5.737107249422628e-06,1.2449717781740622e-05,2.306134438178011e-05,3.9545467522020231e-05
964,7.7000000000000002,8532.0067175178974,1.5553479337051537,39.118405728696374,0,0.0044017915351974917,8.8699845568303431e-06,1.6892160863643143e-06,3.4925131674930452e-06,7.5788723121181424e-06,1.4038790876981494e-05,2.4073641999497856e-05
965,7.7000000000000002,14328.294054832488,0.92615624495606397,39.15269774047227,1,0.081836906090992423,0.00016490833048351294,3.1405444151954332e-05,6.4931851002993787e-05,0.00014090432423320283,0.0002610053659842547,0.00044757057753137911
966,7.7000000000000002,5131.5071445907352,2.5860314805248747,4.5874937931473481,0,0.0052699199434080362,1.0619337181233478e-05,2.0223660005419976e-06,4.1813122331703052e-06,9.0735897024670006e-06,1.6807543799463511e-05,2.8821484404514643e-05
967,7.7000000000000002,8234.7458765668089,1.6114934470792093,16.309267501124069,0,0.0085162021655655531,1.7160872132946761e-05,3.2681478842815099e-06,6.7570097226187764e-06,1.4662940823277658e-05,2.7161027575356918e-05,4.657558189428778e-05
968,7.7000000000000002,7052.0283080644103,1.8817620177835435,28.042590350288528,0,0.0072913618583363938,1.4692714674140948e-05,2.7981074624090378e-06,5.7851847584267505e-06,1.255404761082141e-05,2.3254600659545138e-05,3.9876862332715721e-05
969,7.7000000000000002,8807.4983697265197,1.5066978682690353,39.072677329899285,0,0.005089006822714251,1.0254781846467978e-05,1.9529394156465821e-06,4.0377703477486558e-06,8.7620989309569648e-06,1.6230551125454879e-05,2.7832060515225725e-05
970,7.7000000000000002,5583.5729509116309,2.3766572291821348,5.0907329388169931,0,0.011627661671873018,2.343072783816746e-05,4.4621906752902218e-06,9.2257348335213031e-06,2.00201582457907e-05,3.708451645073065e-05,6.3592326474723609e-05
971,7.7000000000000002,8519.619887450066,1.5576092823105694,17.286978254403166,0,0.0089152603478656455,1.7965008332031843e-05,3.4212890531775002e-06,7.0736344298850145e-06,1.5350027202669923e-05,2.8433758081620658e-05,4.8758053222347106e-05
972,7.7000000000000002,6916.7904576837846,1.9185544364305838,28.55002916064851,0,0.0072373260672201163,1.4583827956338673e-05,2.777370876665901e-06,5.7423111442447839e-06,1.2461010410427008e-05,2.3082262381985242e-05,3.9581337594642324e-05
973,7.7000000000000002,5922.4628521495943,2.2406622632733675,39.03844518784107,0,0.0036151256931626729,7.2847859361233499e-06,1.3873279609651809e-06,2.8683489403244951e-06,6.224414718792043e-06,1.1529849424828904e-05,1.9771322886257503e-05
974,7.7000000000000002,6078.5356031374304,2.1831309191642361,5.4600556243744602,0,0.0063909737149069118,1.2878355937814666e-05,2.4525776653500455e-06,5.0707898531621155e-06,1.1003786378359161e-05,2.0382960611931436e-05,3.4952589646880456e-05
975,7.7000000000000002,10969.535926260871,1.2097356814048297,6.0040748695965336,1,0.11426927337820525,0.00023026231071604581,4.385157571051703e-05,9.0664662040915753e-05,0.0001967453990510441,0.00036444307273385626,0.00062494499270425875
976,7.7000000000000002,8296.9544672967495,1.5994108525912594,18.998928735664251,1,0.086449004917163771,0.0001742021021298069,3.3175367026941425e-05,6.8591228270495382e-05,0.00014884529731539454,0.00027571489741182295,0.00047279440176742891
977,7.7000000000000002,6757.4732828710767,1.9637871232265929,29.69898962420384,1,0.070415070383490125,0.00014189235948032156,2.7022240527101711e-05,5.5869424650809833e-05,0.00012123855094408507,0.00022457729762920243,0.00038510392466951086
978,7.7999999999999998,8263.9855592359927,2.2682409964679628,5.4450848462871742,1,0.027924056713475913,4.6080381363989832e-05,8.336350982696653e-06,1.8861513343097293e-05,3.9980734028968128e-05,7.2814197760446471e-05,0.00012302343833526998
979,7.7999999999999998,8022.2746425606219,2.3365830359673643,14.199619230394996,1,0.018074997853411216,2.9827428112783292e-05,5.3960471311035486e-06,1.2208892736707721e-05,2.5879179703952471e-05,4.7131993811729478e-05,7.963199640531306e-05
980,7.7999999999999998,7992.6492200399216,2.3452437763288549,27.772057642428397,1,0.027014770558872515,4.4579873998493053e-05,8.0648958497172685e-06,1.8247329196655958e-05,3.8678848408392176e-05,7.0443161826753647e-05,0.00011901744771872816
981,7.7999999999999998,9257.9610526372398,2.0247126481849533,5.6078688331363606,0,0.0027700422930310837,4.5711340070317582e-06,8.2695881291764253e-07,1.871045822856231e-06,3.9660542629260073e-06,7.2231054892618088e-06,1.2203818761703838e-05
982,7.7999999999999998,9279.2508762514117,2.0200672543138203,14.500890766598658,0,0.0018509415646864697,3.0544305957540669e-06,5.52573671154367e-07,1.2502323490404317e-06,2.6501164626692336e-06,4.8264772743091313e-06,8.154588632371009e-06
983,7.7999999999999998,9335.2930414829389,2.007940271010566,28.031474505234666,0,0.002793180528166106,4.6093168079783321e-06,8.3386642133517679e-07,1.8866747171538254e-06,3.9991828170728918e-06,7.2834402767977538e-06,1.2305757576415767e-05
984,7.7999999999999998,9857.1660707583505,1.9016328532076965,10.490277049676795,0,0.0022617942827154692,3.732421266145147e-06,6.75228215758259e-07,1.5277458959675877e-06,3.238361695557223e-06,5.8978083981477156e-06,9.9646592299187613e-06
985,7.7999999999999998,9974.6546335463208,1.8792340715874929,21.730366904458226,0,0.0022887528383176321,3.7769083740147743e-06,6.8327632938989042e-07,1.5459552543505135e-06,3.2769600572635678e-06,5.9681049750059263e-06,1.0083429014580104e-05
986,7.7999999999999998,9121.5275580369107,2.0549968983169355,10.787923564361511,0,0.0020929969863855867,3.4538713452685838e-06,6.248360567115015e-07,1.413730497357243e-06,2.9966833506583919e-06,5.4576560290808924e-06,9.220998522261694e-06
987,7.7999999999999998,9247.7847012751026,2.0269406614855279,22.080913970907652,0,0.0021219675528423372,3.5016786808701341e-06,6.3348482908111428e-07,1.433298883547971e-06,3.0381624424701815e-06,5.5331990841913628e-06,9.3486325094219434e-06
988,7.7999999999999998,8738.5346082421547,2.1450634093728205,11.019820426708371,0,0.0020051166303128726,3.3088508576014172e-06,5.9860056019236732e-07,1.3543710523572007e-06,2.8708591848301296e-06,5.2285010143924656e-06,8.8338290046974476e-06
989,7.7999999999999998,8871.3723850893221,2.1129437505276782,22.343615928301546,0,0.0020355971682326775,3.3591499536796148e-06,6.0770011420230684e-07,1.3749593600869201e-06,2.9145002034735094e-06,5.3079814401311218e-06,8.9681153877856669e-06
990,7.7999999999999998,8802.9700456199789,2.1293621064864299,11.104632911061328,0,0.0022035292176462982,3.6362720409041963e-06,6.5783396543746429e-07,1.4883903211843488e-06,3.154939716665923e-06,5.7458776090792178e-06,9.707964126009362e-06
991,7.7999999999999998,8904.3428057746805,2.1051200800043217,22.424054251978266,0,0.0022289044986840293,3.6781464232489641e-06,6.6540941377527715e-07,1.5055302448991948e-06,3.1912711986024371e-06,5.8120456716450187e-06,9.8197585674122456e-06
992,7.7999999999999998,9246.213002108103,2.0272852069711758,11.084013636175538,0,0.0023144802716741908,3.8193638794147016e-06,6.9095690805884528e-07,1.5633330419878016e-06,3.3137957391571723e-06,6.0351913027381403e-06,1.0196774913549644e-05
993,7.7999999999999998,9279.0712853536188,2.0201063515123061,22.382317579896206,0,0.0023227052442457178,3.8329367594834282e-06,6.9341236282613967e-07,1.5688886613412604e-06,3.3255719808455472e-06,6.056638572579431e-06,1.0233011210315015e-05
994,7.7999999999999998,9828.0559103056094,1.9072653850109635,11.153083953447691,0,0.0025011272759196141,4.127369454117774e-06,7.4667785696050796e-07,1.6894051595582136e-06,3.5810307011331205e-06,6.5218882041938106e-06,1.1019075070466617e-05
995,7.7999999999999998,9827.1385705686789,1.9074434236448929,22.436684948130409,0,0.0025008938234994966,4.1269842100731952e-06,7.4660816288518685e-07,1.6892474723717777e-06,3.5806964517361612e-06,6.5212794584495758e-06,1.1018046562334534e-05
996,7.7999999999999998,10477.839724493864,1.7889862159142513,11.321730136616999,0,0.0027102027360601925,4.4723865494483421e-06,8.0909451924867557e-07,1.8306267457202499e-06,3.8803779789887268e-06,7.0670690873921177e-06,1.1940187007816673e-05
997,7.7999999999999998,10451.319401017465,1.793525785639414,22.608648299100665,0,0.0027033429772609693,4.4610665501811638e-06,8.0704663066308304e-07,1.8259932702388905e-06,3.8705564048933602e-06,7.0491817209925735e-06,1.1909965356203145e-05
998,7.7999999999999998,10148.230351906052,1.847091580470249,6.3926365759981607,0,0.0025396767760728482,4.1909839814294504e-06,7.581862909528294e-07,1.7154437082895327e-06,3.6362245910607373e-06,6.6224090904148065e-06,1.1188910424391685e-05
999,7.7999999999999998,11036.281054199157,1.6984626204808544,22.758712658762374,0,0.0027830545051512885,4.5926068074575931e-06,8.3084343356600907e-07,1.8798350190338056e-06,3.9846847146989898e-06,7.2570358667976861e-06,1.226114592916382e-05
1000,7.7999999999999998,7829.7977009646484,2.3940223688498254,6.422404400870569,0,0.0018855081212642009,3.1114724548895659e-06,5.6289305099419331e-07,1.273580588689335e-06,2.6996077066891114e-06,4.9166123185247493e-06,8.3068765569099575e-06
1001,7.7999999999999998,7722.4168733892575,2.427311442389346,15.858859006493363,0,0.0013927035505444441,2.2982445349747387e-06,4.1577288469634775e-07,9.407120487939724e-07,1.9940265415893409e-06,3.6315852238647041e-06,6.1357553140561795e-06
1002,7.7999999999999998,10322.668585424497,1.815878392739029,29.11454250392822,0,0.0025962120137102951,4.2842786390634943e-06,7.7506412459540591e-07,1.7536308581723529e-06,3.7171698606696644e-06,6.7698292169389115e-06,1.1437984525358678e-05
1003,7.7999999999999998,8129.2341655517585,2.3058396963283978,6.3437439498104498,0,0.001879264052494202,3.1011684695790909e-06,5.6102896837321484e-07,1.2693629856516031e-06,2.6906676570640355e-06,4.9003304128219473e-06,8.2793674160580678e-06
1004,7.7999999999999998,7985.582289207422,2.3473192261773979,15.775922329705503,0,0.0013064393023638462,2.1558909545108557e-06,3.9001985541873312e-07,8.8244421597921551e-07,1.8705162651955468e-06,3.4066443389807746e-06,5.755705791686362e-06
1005,7.7999999999999998,7874.033217072988,2.3805729951754344,29.088381138041726,0,0.001863830316484609,3.0756996615011453e-06,5.5642143438664483e-07,1.2589381530183742e-06,2.6685701480665313e-06,4.8600857192404911e-06,8.2113718776683075e-06
1006,7.7999999999999998,8419.9520333697328,2.2262253710460294,6.3133610945714134,0,0.001946470338754624,3.2120725310023434e-06,5.8109249983854413e-07,1.3147579752853705e-06,2.7868913785534681e-06,5.0755761469473164e-06,8.5754543527928549e-06
1007,7.7999999999999998,8230.9243761637008,2.2773518481061426,15.739257474806037,0,0.0013010407802588736,2.1469822934251258e-06,3.8840819936471936e-07,8.7879774377208792e-07,1.862786841113542e-06,3.3925672634254916e-06,5.7319218279844774e-06
1008,7.7999999999999998,8049.5890461512718,2.3286543862311406,29.062237986039491,0,0.0018608522062122726,3.0707851729473728e-06,5.5553235968127112e-07,1.2569265661198353e-06,2.6643061890032424e-06,4.8523200599544013e-06,8.1982513855706241e-06
1009,7.7999999999999998,8714.8382831772924,2.1508960041016709,6.3380010830060014,0,0.0021696125712636813,3.5803026659693454e-06,6.4770860753181826e-07,1.4654810682465365e-06,3.1063789924097099e-06,5.6574372573633011e-06,9.5585394740827177e-06
1010,7.7999999999999998,8460.8043680868523,2.2154762152852894,15.776264478802132,0,0.0013708117447009129,2.2621185962414345e-06,4.0923738095384698e-07,9.2592506450085606e-07,1.9626825833734974e-06,3.5745005997937711e-06,6.03930782242293e-06
1011,7.7999999999999998,8221.9431414960272,2.2798395120338428,29.084427147758571,0,0.0019006959170816318,3.1365354115554535e-06,5.6742716284931403e-07,1.2838392991769291e-06,2.7213530867137101e-06,4.9562157035036237e-06,8.3737885704961733e-06
1012,7.7999999999999998,9035.9230089158609,2.0744655328717005,6.4345588367837339,0,0.0022495485878330185,3.7122133752917357e-06,6.7157242850590545e-07,1.5194744496017959e-06,3.2208287176264453e-06,5.86587677524514e-06,9.9107090641279626e-06
1013,7.7999999999999998,8705.8628044226698,2.1531135122133778,15.928047585719938,0,0.0014449187137630529,2.3844101898716973e-06,4.3136101831444955e-07,9.7598117204011267e-07,2.0687864725815627e-06,3.7677404129085275e-06,6.3657967073359232e-06
1014,7.7999999999999998,8404.4812237056849,2.2303233644935703,29.195470229908835,0,0.0020923472731674635,3.4527991861200923e-06,6.2464209358214873e-07,1.4132916436957367e-06,2.9957531129198205e-06,5.4559618502143546e-06,9.2181361174597859e-06
1015,7.7999999999999998,9337.3871212886424,2.0074899536875326,6.5983541643194945,0,0.0023245999320732672,3.8360633803234812e-06,6.9397799635479072e-07,1.570168442431344e-06,3.3282847317498462e-06,6.0615791217118538e-06,1.0241358529385048e-05
1016,7.7999999999999998,8963.7604440340474,2.0911659740030308,16.195219319951658,0,0.0014877221824233322,2.4550446317010392e-06,4.4413941730175512e-07,1.0048930956746572e-06,2.1300710528838952e-06,3.8793538601895799e-06,6.554373529869101e-06
1017,7.7999999999999998,8604.1937083364392,2.1785551877472158,29.405764464580727,0,0.0021420669240908323,3.534846737424757e-06,6.3948522562013565e-07,1.4468751544630921e-06,3.0669400525531666e-06,5.585609792562481e-06,9.4371831732720719e-06
1018,7.7999999999999998,9772.9164521545881,1.9180263058061591,6.6990899897522089,0,0.0024330276367186721,4.014991178377662e-06,7.2634762700863668e-07,1.6434067479868459e-06,3.4835279066681739e-06,6.3443129812571143e-06,1.0719052339175998e-05
1019,7.7999999999999998,9339.9325293193488,2.0069428532632374,16.395964774990524,0,0.0015501557513681449,2.5580727374097461e-06,4.6277811830307402e-07,1.0470643176354504e-06,2.2194613567381766e-06,4.0421543544975635e-06,6.8294335756906772e-06
1020,7.7999999999999998,8916.7870522813937,2.1021821794973112,29.588487772565006,0,0.0022198889589558402,3.6632689463429433e-06,6.627179458326426e-07,1.4994406310360202e-06,3.1783630491992607e-06,5.7885369350949774e-06,9.7800393136093116e-06
1021,7.7999999999999998,10375.487442993755,1.8066342369616595,6.6782560955477441,0,0.0025830413896218221,4.2625444266234479e-06,7.7113221218779067e-07,1.744734661443825e-06,3.6983125999184839e-06,6.7354857676024919e-06,1.1379959451243879e-05
1022,7.7999999999999998,9856.9356431810684,1.9016773080633542,16.427415617357983,0,0.0016359631539282994,2.6996724295460656e-06,4.8839476247461322e-07,1.1050235706527178e-06,2.3423175367937966e-06,4.2659039781083083e-06,7.2074703991323971e-06
1023,7.7999999999999998,9378.4486406644937,1.9987005908847391,29.653350675451847,0,0.0023348224497767799,3.852932616735348e-06,6.9702979131344319e-07,1.5770733186118812e-06,3.3429209920040134e-06,6.0882351492837365e-06,1.0286395297832893e-05
1024,7.7999999999999998,11026.314758596385,1.6999978007216294,6.6269231205955466,0,0.0032490718990053472,5.3616304293257e-06,9.699666490454491e-07,2.1946099595979349e-06,4.6519128924572911e-06,8.472213268278957e-06,1.4314252420968807e-05
1025,7.7999999999999998,10416.545877090626,1.7995131074019481,16.400051868820082,0,0.002046030723129456,3.3763674444460497e-06,6.1081491147224663e-07,1.3820067829209583e-06,2.92943861974966e-06,5.335187763961279e-06,9.0140819108676087e-06
1026,7.7999999999999998,9900.0490163238828,1.8933957608463079,29.663083682108432,0,0.0029165996123851953,4.8129834358886465e-06,8.7071152642038464e-07,1.9700390623733287e-06,4.1758901497822161e-06,7.6052653503518072e-06,1.2849498059849723e-05
1027,7.7999999999999998,7571.3855131885448,2.4757306053201251,6.5980175620449728,0,0.0023889460217262418,3.9422475347575905e-06,7.1318765465105081e-07,1.6136314908350527e-06,3.4204133190327319e-06,6.2293666658061193e-06,1.0524844459590821e-05
1028,7.7999999999999998,10915.497396834589,1.717256681781091,16.444799056474789,0,0.0025395934825792514,4.1908465301991559e-06,7.5816142480231547e-07,1.7153874470751615e-06,3.6361053342117772e-06,6.6221918960086661e-06,1.1188543462954874e-05
1029,7.7999999999999998,10344.462351960325,1.8120526907931653,29.701196026425439,0,0.0034925086122124401,5.763350591180461e-06,1.0426414005756963e-06,2.3590411116138765e-06,5.0004574676057156e-06,9.1069938504663617e-06,1.5386747788782635e-05
1030,7.7999999999999998,7823.5386174325877,2.3959376640527994,6.7058483673624103,0,0.0035633661183097575,5.8802799090431446e-06,1.0637949545398215e-06,2.4069023450451987e-06,5.1019088840063162e-06,9.2917604305776319e-06,1.5698920698378094e-05
1031,7.7999999999999998,7419.807631950528,2.5263068491104086,16.528231464422007,0,0.0019713632463372469,3.2531508988926453e-06,5.8852394207911329e-07,1.3315720762355216e-06,2.8225322142486713e-06,5.1404863823816579e-06,8.6851236287293435e-06
1032,7.7999999999999998,10710.893684497769,1.7500603956893106,29.734174884024615,0,0.0042788154647258195,7.0609170588581014e-06,1.2773827195004524e-06,2.8901579669700917e-06,6.1262654208720903e-06,1.1157351477468065e-05,1.8850935445159113e-05
1033,7.7999999999999998,8115.8609664866426,2.3096392258420968,6.8149200926830176,0,0.0046631558869709043,7.6951570409772969e-06,1.3921223753301382e-06,3.149763585052399e-06,6.6765512319930237e-06,1.2159549682400859e-05,2.0544202319703222e-05
1034,7.7999999999999998,7727.6983743053697,2.4256524946683409,16.595830337825888,0,0.0025007095951738289,4.1266801958108003e-06,7.4655316400019398e-07,1.689123033968776e-06,3.5804326797575872e-06,6.5207990684447896e-06,1.1017234918013119e-05
1035,7.7999999999999998,7250.5435546941426,2.5852835305764921,29.736281438205651,0,0.0029681474471173817,4.8980478628564068e-06,8.8610043810806814e-07,2.0048574335929986e-06,4.2496946220816213e-06,7.7396804273166413e-06,1.3076599441735666e-05
1036,7.7999999999999998,8534.0566506653213,2.1964596213709164,7.0442477733192739,0,0.0052766850764503865,8.7076051719650302e-06,1.575283250345913e-06,3.5641764732830092e-06,7.5549818839315695e-06,1.3759375817727619e-05,2.3247193191813576e-05
1037,7.7999999999999998,8080.6414454895785,2.3197058013434262,16.683605469795854,0,0.0031643450686667522,5.2218139014542198e-06,9.4467259515488182e-07,2.1373805871844868e-06,4.5306038397060082e-06,8.2512813226382291e-06,1.3940976213487363e-05
1038,7.7999999999999998,7554.5342096308887,2.4812530222950913,29.598174337491308,0,0.003996332011263341,6.5947618222414236e-06,1.1930510896434255e-06,2.6993524016699946e-06,5.7218150239848282e-06,1.0420753415964184e-05,1.7606414060807238e-05
1039,7.7999999999999998,9398.6872103017668,1.994396708843815,7.3098615644748826,0,0.0039300016807990281,6.4853032663031685e-06,1.1732490629815214e-06,2.6545490829422781e-06,5.6268454668191804e-06,1.0247791806213067e-05,1.7314186273012477e-05
1040,7.7999999999999998,8678.1913486928206,2.159978973326254,16.816851747998076,0,0.0025077890267145098,4.1383626998460177e-06,7.4866663292366191e-07,1.6939048890493687e-06,3.5905687739651192e-06,6.5392592489810198e-06,1.1048424369407314e-05
1041,7.7999999999999998,8753.657753816582,2.1413575178336894,22.138974365677974,0,0.0024991475212441756,4.1241024556516336e-06,7.4608682787030688e-07,1.6880679194283145e-06,3.5781961543502703e-06,6.5167258364929536e-06,1.1010352977192998e-05
1042,7.7999999999999998,8109.2802477097212,2.3115135088557719,36.48852596878293,0,0.0042355788770599241,6.9895678824484804e-06,1.2644750186683202e-06,2.8609534898578271e-06,6.0643607152081709e-06,1.1044608637948186e-05,1.8660450454703703e-05
1043,7.7999999999999998,8293.6268408867381,2.2601343416210602,3.260052660034479,0,0.0044747877590026758,7.3843112615598725e-06,1.3358876081253125e-06,3.0225289215669751e-06,6.406852022415143e-06,1.1668364814013719e-05,1.9714319505282272e-05
1044,7.7999999999999998,9492.934182239982,1.9745961027252419,16.888834921309336,0,0.0029097197276890027,4.8016302247920709e-06,8.6865762951935642e-07,1.9653919927040576e-06,4.1660397600981235e-06,7.5873255040759657e-06,1.2819187740709476e-05
1045,7.7999999999999998,8986.892346876899,2.0857833961027041,21.805220947125498,0,0.0023908682335401182,3.945419575781381e-06,7.1376150509505982e-07,1.6149298632079392e-06,3.4231654778636099e-06,6.2343789859209657e-06,1.0533313039531702e-05
1046,7.7999999999999998,8345.9443675380844,2.2459664256314329,36.294156575762273,0,0.0037879905533553027,6.2509559801017701e-06,1.1308535538344554e-06,2.558626602815833e-06,5.4235186660702948e-06,9.8774865019382346e-06,1.668853587560571e-05
1047,7.7999999999999998,8186.364441042153,2.2897479063724697,3.153262876973884,0,0.0051215973981025235,8.4516789132392876e-06,1.5289839130732083e-06,3.4594213388652894e-06,7.332932513282506e-06,1.335497236742306e-05,2.2563932173203022e-05
1048,7.7999999999999998,9609.0316822828117,1.9507387902820539,16.713411009342263,0,0.0044502753957007049,7.3438608692448335e-06,1.3285697722536361e-06,3.0059718621026226e-06,6.3717560373420076e-06,1.1604446878043324e-05,1.9606326771773877e-05
1049,7.7999999999999998,9108.7293022831254,2.0578842797512817,21.110393282345274,0,0.0027841507637489655,4.5944158574381479e-06,8.3117070680326847e-07,1.8805754951179123e-06,3.9862543012340127e-06,7.2598944482404505e-06,1.226597565370473e-05
1050,7.7999999999999998,8515.9669089190156,2.2011253730972613,36.003425269643138,0,0.003852985406979106,6.358210727232984e-06,1.1502568918750755e-06,2.6025278637048504e-06,5.5165761319911028e-06,1.0046965749661256e-05,1.697488002856824e-05
1051,7.7999999999999998,9981.1371375652925,1.8780135551018706,6.9688452535347745,0,0.0058885669911513325,9.7173349640385742e-06,1.7579523536660586e-06,3.9774766974213668e-06,8.4310540227260876e-06,1.5354906553115866e-05,2.594292675853962e-05
1052,7.7999999999999998,9325.0472419977668,2.0101464746748561,16.118472890720259,0,0.0041261640055516536,6.8090110579968283e-06,1.2318106826451299e-06,2.7870483950479252e-06,5.907704147666006e-06,1.0759300662331152e-05,1.8178407539661805e-05
1053,7.7999999999999998,9223.9041905923805,2.0321883719039882,20.019949115704996,0,0.003228983338412031,5.3284802125541202e-06,9.6396947988190734e-07,2.181040990820859e-06,4.6231507607102017e-06,8.4198307495506331e-06,1.4225749385011158e-05
1054,7.7999999999999998,8730.1245520729608,2.1471298293478971,35.56401406445859,0,0.0039017084733101075,6.4386137109682243e-06,1.1648025070074363e-06,2.6354382239418465e-06,5.5863361950092914e-06,1.0174015018459252e-05,1.7189536487971023e-05
1055,7.7999999999999998,7762.2863152067639,2.4148440393078956,2.6045431245324675,0,0.0054209316578398108,8.9456414125112931e-06,1.6183461241559367e-06,3.6616089075274148e-06,7.7615093331590779e-06,1.413551024587785e-05,2.3882692202316282e-05
1056,7.7999999999999998,9391.6023639555224,1.9959012438196404,15.019183505598267,0,0.005040988052496748,8.3186570738579352e-06,1.5049190787853255e-06,3.4049731523670884e-06,7.2175187379853674e-06,1.3144777090551039e-05,2.2208796135479934e-05
1057,7.7999999999999998,9518.3463617365524,1.9693243056410974,18.901551188217915,0,0.0037236340422604434,6.1447546281658314e-06,1.1116407843571019e-06,2.515156515171115e-06,5.3313751577141401e-06,9.7096717831057802e-06,1.6405004032242469e-05
1058,7.7999999999999998,8988.5807335181034,2.0853916091313427,35.121504660728363,0,0.0040571293551623601,6.6950898233456628e-06,1.2112013176979811e-06,2.7404184231633123e-06,5.8088626353342693e-06,1.0579287323390201e-05,1.7874265482427493e-05
1059,7.7999999999999998,8220.066534593816,2.2803599898847469,2.3030796711039945,0,0.0057997494858294521,9.5707679892245117e-06,1.7314370838623914e-06,3.9174842479388813e-06,8.3038880778267974e-06,1.5123307847259638e-05,2.5551628495497999e-05
1060,7.7999999999999998,10153.270108163171,1.8461747437022935,8.0832627613220236,0,0.0073284184337061012,1.2093383124275809e-05,2.1878006064196082e-06,4.9500351431545955e-06,1.0492585345222912e-05,1.9109433653515694e-05,3.2286398875526191e-05
1061,7.7999999999999998,9761.276314488694,1.9203135159544116,18.217257701153642,0,0.0042273297598017122,6.975955158728749e-06,1.2620123558300554e-06,2.85538156179483e-06,6.0525499039618529e-06,1.1023098408916933e-05,1.8624107785056915e-05
1062,7.7999999999999998,9127.6783861538497,2.0536121066790565,34.887096844182992,0,0.0041600850463556554,6.8649876846220544e-06,1.2419373524460858e-06,2.8099606162305895e-06,5.9562711637083446e-06,1.0847752472850173e-05,1.8327851551842365e-05
1063,7.7999999999999998,8342.5128739324391,2.2468902503284416,2.1370877895848781,0,0.0050910437066018109,8.4012590988521092e-06,1.5198625200470993e-06,3.4387836190012032e-06,7.2891867557793135e-06,1.3275301187906695e-05,2.2429323501518191e-05
1064,7.7999999999999998,7731.6494594702308,2.4244129196414295,7.7087752439439612,0,0.0051118999341927367,8.4356761225340652e-06,1.5260888658519712e-06,3.4528711142039715e-06,7.3190480075564599e-06,1.3329685459358545e-05,2.2521208604577033e-05
1065,7.7999999999999998,9873.0026240476291,1.8985825845950746,18.278600844652896,0,0.0045396644164980736,7.4913709610041208e-06,1.35525566030395e-06,3.066350345995413e-06,6.4997402590573571e-06,1.1837535855935679e-05,2.0000142928242583e-05
1066,7.7999999999999998,9092.120595778375,2.0616434463464755,35.011719483410907,0,0.0041794297347501532,6.8969103607479702e-06,1.2477124485849503e-06,2.8230271309571119e-06,5.9839682440254908e-06,1.0898195285684435e-05,1.8413077352098923e-05
1067,7.7999999999999998,8277.4042497411392,2.2645638987928502,2.1230350231308921,0,0.0051008880180015235,8.4175042178267345e-06,1.5228014066083546e-06,3.4454330328999251e-06,7.3032815128487726e-06,1.3300971012475134e-05,2.2472694027830412e-05
1068,7.7999999999999998,7764.3028762254335,2.4142168509519717,7.9156380928032162,0,0.0043874108811987585,7.2401216155885487e-06,1.3098024182612578e-06,2.9635095547361722e-06,6.2817487199972607e-06,1.1440522658936215e-05,1.9329368133469198e-05
1069,7.7999999999999998,9821.1854865918303,1.9085996151146039,19.246027070400821,0,0.0045600586733213532,7.5250256388217007e-06,1.3613440909590872e-06,3.0801257995816106e-06,6.5289400764813243e-06,1.1890715501885582e-05,2.0089992752801979e-05
1070,7.7999999999999998,8866.7412946887489,2.1140473390045265,35.545930424601963,0,0.0041160532933445957,6.7923263234275162e-06,1.2287922657113757e-06,2.7802190387277308e-06,5.8932279667965284e-06,1.0732936176479483e-05,1.8133863346370208e-05
1071,7.7999999999999998,7924.7565285397595,2.365335865167868,2.2929486448591248,0,0.0049298213539196948,8.1352093779171724e-06,1.4717317583886179e-06,3.329884772837073e-06,7.0583539628134724e-06,1.2854901086587075e-05,2.1719035294938104e-05
1072,7.7999999999999998,7809.9601797680034,2.4001032538215985,8.7797602268260508,0,0.0044541662812772331,7.3502816229716207e-06,1.3297313437305984e-06,3.0085999899198364e-06,6.3773268776740018e-06,1.1614592671498038e-05,1.9623468626437228e-05
1073,7.7999999999999998,9763.0478128149462,1.9199650763846567,20.714782885434683,0,0.0045212004050328601,7.4609015811945776e-06,1.3497434783992243e-06,3.0538786910997199e-06,6.4733041026251766e-06,1.1789389478205743e-05,1.9918797076555632e-05
1074,7.7999999999999998,8760.9481355627358,2.139575597256322,36.286176718500187,0,0.0040564816070267837,6.6940209069836365e-06,1.2110079412175522e-06,2.7399808968315367e-06,5.807935211135415e-06,1.0577598268632621e-05,1.7871411735078691e-05
1075,7.7999999999999998,8084.3143346085926,2.3186519058806287,2.5835322038329118,0,0.0049909055293528327,8.2360107094767629e-06,1.48996761613394e-06,3.3711445368393503e-06,7.1458122499968147e-06,1.3014182930040567e-05,2.1988150394035899e-05
1076,7.7999999999999998,7928.1177349456993,2.3643330568938237,9.926542329801709,0,0.0048963924409673393,8.0800448624875522e-06,1.4617520067285962e-06,3.3073049630993349e-06,7.0104915590324105e-06,1.2767732538563933e-05,2.157175942261743e-05
1077,7.7999999999999998,10097.124044833698,1.8564405821347945,22.161697147687953,0,0.0047147709445620198,7.7803323993547604e-06,1.4075313554968342e-06,3.1846273624558353e-06,6.7504519517421134e-06,1.2294140048314369e-05,2.0771599861539169e-05
1078,7.7999999999999998,8986.3526422129489,2.0859086646150455,36.989661275323527,0,0.004195061118489613,6.9227053278386068e-06,1.2523789876388718e-06,2.833585466230461e-06,6.0063487384573935e-06,1.0938955361433929e-05,1.8481943655920686e-05
1079,7.7999999999999998,9016.0840308605693,2.0790301837824767,2.9067289548378472,0,0.0056201769678032327,9.2744367577689195e-06,1.6778281275250854e-06,3.7961906450946153e-06,8.0467821295118574e-06,1.4655058231021307e-05,2.4760496002651911e-05
1080,7.7999999999999998,8452.735817577357,2.2175909958878539,11.018622424026839,0,0.0052659145048338301,8.6898315349648023e-06,1.5720678412740442e-06,3.5569014099803184e-06,7.5395609383447604e-06,1.3731290696008807e-05,2.3199741893218211e-05
1081,7.7999999999999998,7675.8689142828307,2.4420311301563769,22.982565544648949,0,0.0035858893629867532,5.9174478504679857e-06,1.0705189658402991e-06,2.4221158394297727e-06,5.1341569153056429e-06,9.3504915816043465e-06,1.5798150084389666e-05
1082,7.7999999999999998,9384.9795742923598,1.9973097108303166,37.615361880168571,0,0.0044366704022570109,7.3214098588929801e-06,1.3245081847261624e-06,2.9967822673383651e-06,6.3522768610203347e-06,1.1568970776082085e-05,1.9546388021142264e-05
1083,7.7999999999999998,10661.183952295098,1.7582203743556093,3.2705417109252441,0,0.0067526665003066538,1.1143275160582358e-05,2.0159176223305625e-06,4.5611391856096083e-06,9.6682429098775945e-06,1.7608114716597937e-05,2.9749841125276495e-05
1084,7.7999999999999998,9269.3891293623074,2.0222164134097427,12.042877195125664,0,0.0058603045010083834,9.6706960985812277e-06,1.7495149679418374e-06,3.9583865866824378e-06,8.3905887309887214e-06,1.528120986328361e-05,2.5818412303173102e-05
1085,7.7999999999999998,8324.8865546739871,2.251647601029966,24.15907632271572,0,0.0043828444530607117,7.2325860790355483e-06,1.3084391726524043e-06,2.9604251266339152e-06,6.275210660333403e-06,1.1428615334548704e-05,1.9309250079125672e-05
1086,7.7999999999999998,9790.6596862762708,1.9145503408675386,38.100692494700716,0,0.0046715209235759546,7.7089610552306582e-06,1.3946196443279181e-06,3.1554138117068059e-06,6.6885280126979458e-06,1.2181362180344237e-05,2.0581055688664368e-05
1087,7.7999999999999998,7842.2797235324724,2.3902119664809591,3.418352925880447,0,0.0050499785696930489,8.3334932584895578e-06,1.5076030765881292e-06,3.4110458645736047e-06,7.2303910609610872e-06,1.3168220578859965e-05,2.2248405148928456e-05
1088,7.7999999999999998,10306.813255795083,1.8186718216844524,13.093676092799896,0,0.0066606226360169047,1.0991384036301692e-05,1.9884391665174874e-06,4.4989674677870498e-06,9.5364575717038984e-06,1.7368103023246981e-05,2.9344328674890831e-05
1089,7.7999999999999998,8907.3216129819939,2.1044160808518222,25.217371544572554,0,0.0052744637333011239,8.7039395033084797e-06,1.5746200982711528e-06,3.5626760504082342e-06,7.5518014388211398e-06,1.3753583488875696e-05,2.3237406745855928e-05
1090,7.7999999999999998,10089.826325983489,1.8577832991442687,38.469271401557258,0,0.0049104188207912645,8.1031912461980079e-06,1.4659393934836313e-06,3.3167791864515832e-06,7.0305740623335525e-06,1.28043074390106e-05,2.1633554651406768e-05
1091,7.7999999999999998,8549.7283926549007,2.1924334878031848,3.9518488335302164,0,0.0069539411741439154,1.147541936958827e-05,2.0760054649478375e-06,4.697091672211492e-06,9.956421281810617e-06,1.8132954429370869e-05,3.0636585579327123e-05
1092,7.7999999999999998,7233.3234883852874,2.5914382053805713,13.732965041154509,0,0.0047065921836766406,7.7668357779809298e-06,1.4050896966059479e-06,3.179102957132051e-06,6.7387418744062849e-06,1.2272813279118401e-05,2.0735567156987479e-05
1093,7.7999999999999998,9203.7660255427872,2.0366348718184457,26.242917520708318,0,0.0060115917203793692,9.9203508258883916e-06,1.7946797293808201e-06,4.0605746726072474e-06,8.6071967310983385e-06,1.5675703314680693e-05,2.6484929854479282e-05
1094,7.7999999999999998,10297.646882457937,1.8202906988012917,38.787822027332624,0,0.0050814641838319219,8.3854509350508762e-06,1.5170026825644605e-06,3.4323130585665667e-06,7.2754711142478106e-06,1.3250321820740433e-05,2.2387119539505967e-05
1095,7.7999999999999998,8647.0925090798046,2.1677472306437777,4.348566570834322,0,0.0084883309825598916,1.4007475089798355e-05,2.5340768733566067e-06,5.7335067655451116e-06,1.2153309486719376e-05,2.2133997834274741e-05,3.739656003127818e-05
1096,7.7999999999999998,7476.4123300159126,2.5071799162845805,14.741843513859095,0,0.0061155232103748663,1.0091858953946626e-05,1.8257070757168904e-06,4.1307759762871683e-06,8.756002375685754e-06,1.5946712937090531e-05,2.6942814945522781e-05
1097,7.7999999999999998,9459.1276208288491,1.9816532338989428,26.987022259434593,0,0.006246663972999604,1.0308267924037138e-05,1.8648573838757597e-06,4.2193559870445864e-06,8.9437653502654962e-06,1.6288672900937947e-05,2.752057439106276e-05
1098,7.7999999999999998,7736.9668196667881,2.4227467012047481,38.933952271678685,0,0.0038318231867389124,6.3232887533527971e-06,1.1439391960866176e-06,2.5882336834743202e-06,5.4862767701337936e-06,9.9917835780509263e-06,1.6881646830989879e-05
1099,7.7999999999999998,8959.2251304735146,2.0922245581172936,4.4814905600252661,0,0.0089361272776042264,1.4746430187216796e-05,2.6677604252324792e-06,6.0359741283868514e-06,1.2794449302292267e-05,2.3301662272086102e-05,3.9369390857952559e-05
1100,7.7999999999999998,7632.1748116628714,2.4560117269633492,15.231931043641211,0,0.0076123108955446807,1.2561863511710721e-05,2.2725528767473683e-06,5.1417924337200809e-06,1.089905311335775e-05,1.9849705816372263e-05,3.3537127848440494e-05
1101,7.7999999999999998,9831.7648721850292,1.9065458829989739,27.429781613769578,0,0.0065927861355616233,1.0879439993090045e-05,1.9681874930935407e-06,4.453146795253147e-06,9.4393315305277356e-06,1.7191213955508348e-05,2.9045465239098803e-05
1102,7.7999999999999998,7971.0794165399993,2.3515900244053527,39.089884702524984,0,0.0044535349488871185,7.3492397959332926e-06,1.3295428679498497e-06,3.0081735517263368e-06,6.3764229569925603e-06,1.1612946422101752e-05,1.9620687201010355e-05
1103,7.7999999999999998,9416.2334985437556,1.9906803333389318,4.4478718606820316,0,0.0095534443885878836,1.5765129160239418e-05,2.8520521331883857e-06,6.4529455965804915e-06,1.3678303374034568e-05,2.4911365713863573e-05,4.2089069961732449e-05
1104,7.7999999999999998,7912.0675241818899,2.3691292803541275,15.39360478254207,0,0.0080267495579281947,1.3245771720699491e-05,2.3962779567340802e-06,5.421728133631106e-06,1.1492432581896083e-05,2.0930387575187233e-05,3.5362996838345699e-05
1105,7.7999999999999998,10336.318390733011,1.8134804028950777,27.707870804256071,0,0.0070072155148442616,1.1563332883071517e-05,2.0919098017355339e-06,4.7330762248241273e-06,1.0032697707831527e-05,1.8271871507899804e-05,3.0871293330971183e-05
1106,7.7999999999999998,8304.8975324609091,2.2570670819732399,39.154826407426469,0,0.0051606417764866689,8.5161100904325751e-06,1.5406400862951449e-06,3.4857941568058181e-06,7.3888349533727948e-06,1.3456783687972516e-05,2.2735947784178439e-05
1107,7.7999999999999998,9984.1342814888558,1.8774497929612233,4.4972063181452988,0,0.010197053343094046,1.6827215030399184e-05,3.0441929168654412e-06,6.8876760874871544e-06,1.4599801231341062e-05,2.6589627227749905e-05,4.4924581554448321e-05
1108,7.7999999999999998,8108.6956740139276,2.3116801509458282,15.640444874780609,0,0.0082816196176505926,1.3666359233136506e-05,2.4723659798543532e-06,5.5938820252212952e-06,1.1857347041649019e-05,2.1594981517330584e-05,3.6485863454664858e-05
1109,7.7999999999999998,10484.049077236203,1.7879266590213037,27.938111740958266,0,0.0071709849174917024,1.1833585755251974e-05,2.1408009508512992e-06,4.843695494972475e-06,1.026717728207514e-05,1.869891324448696e-05,3.1592802931618801e-05
1110,7.7999999999999998,8532.0067175178974,2.1969873513099447,39.118405728696374,0,0.0058367810918641379,9.6318776820642299e-06,1.7424923710123099e-06,3.9424975237141906e-06,8.3569086975286537e-06,1.5219870703898419e-05,2.5714776549099595e-05
1111,7.7999999999999998,10715.080095502366,1.7493766423217276,4.8391133659821701,0,0.011022800567424551,1.8189866145093519e-05,3.2907086275173471e-06,7.4454332375153985e-06,1.5782078594901362e-05,2.8742828759657869e-05,4.8562529427685509e-05
1112,7.7999999999999998,8234.7458765668089,2.2762949969129171,16.309267501124069,0,0.0084693710578405326,1.3976187352108043e-05,2.5284166432300217e-06,5.7207001423260103e-06,1.2126163298212743e-05,2.2084558323310979e-05,3.7313029362597511e-05
1113,7.7999999999999998,10525.623180903271,1.7808647067745111,28.336289094027155,0,0.0084648054797968955,1.3968653218383973e-05,2.5270536514054031e-06,5.7176162884263921e-06,1.2119626455685737e-05,2.2072653215612221e-05,3.7292915053466879e-05
1114,7.7999999999999998,8807.4983697265197,2.1282673073330742,39.072677329899285,0,0.0070854308955242539,1.1692404192704128e-05,2.115259950042566e-06,4.7859073897751408e-06,1.0144683883910026e-05,1.8475824330914704e-05,3.1215882412732753e-05
1115,7.7999999999999998,11662.10855404906,1.6073174720338352,5.2753942815957267,0,0.012137689596833239,2.0029660132794735e-05,3.6235437292102749e-06,8.1984933863338401e-06,1.7378339561349411e-05,3.1649990534226956e-05,5.3474333008643633e-05
1116,7.7999999999999998,8519.619887450066,2.200181591116575,17.286978254403166,0,0.0088662347952037247,1.4631093355017311e-05,2.6468949660937519e-06,5.9887647274425017e-06,1.269437957466812e-05,2.3119412067980812e-05,3.9061469498712969e-05
1117,7.7999999999999998,10200.668867716,1.8375962481247929,29.191450329400094,1,0.085740338758276496,0.00014148902320314962,2.5596623176866864e-05,5.791395426977738e-05,0.00012276016033852183,0.00022357474941597381,0.00037774136424037475
1118,7.7999999999999998,8701.3355713942256,2.1542337593899754,39.137334110849928,1,0.073138985221982658,0.0001206942231276057,2.1834658824284266e-05,4.9402275601283988e-05,0.0001047179621970023,0.0001907157182996892,0.0003222242932209251
1119,7.7999999999999998,10969.535926260871,1.708797069054107,6.0040748695965336,1,0.1136408997737279,0.00018753063187961446,3.3925959835415505e-05,7.6759597267589893e-05,0.00016270725400988786,0.00029632768027598277,0.00050066128890688519
1120,7.7999999999999998,8296.9544672967495,2.2592278785622359,18.998928735664251,1,0.085973616641581735,0.00014187397922643769,2.5666265146573738e-05,5.8071523564015629e-05,0.00012309415983948854,0.00022418304004159513,0.00037876910342548871
1121,7.9000000000000004,10438.712762526015,2.5364820765252722,5.4745559890200131,1,0.029311020061853439,3.9664341215856207e-05,8.663261204710969e-06,1.7214503161718306e-05,3.3197324623215489e-05,6.1722890498244632e-05,0.00010517722131980505
1122,7.9000000000000004,10220.088899466045,2.5907414391988488,14.263482612423084,1,0.019135012161584534,2.5893935111948281e-05,5.6556069410518344e-06,1.1238084742871486e-05,2.167209496826806e-05,4.029434178134087e-05,6.8662482739567817e-05
1123,7.9000000000000004,10210.270582440675,2.5932327268268733,27.8334354808418,1,0.028677265106454502,3.8806729548123831e-05,8.4759465119157378e-06,1.6842295826032022e-05,3.2479541040741978e-05,6.0388334838555488e-05,0.00010290310786125412
1124,7.9000000000000004,10910.609267084765,2.42677628498903,10.304211150188472,0,0.0028814611123637603,3.8992589312768437e-06,8.5165409511325589e-07,1.6922959802995588e-06,3.2635097562095094e-06,6.0677556884088983e-06,1.0339594886153923e-05
1125,7.9000000000000004,10925.011412778926,2.4235771317522046,21.502079426795589,0,0.0028852646783916916,3.9044060036220078e-06,8.5277828956093447e-07,1.6945298329350336e-06,3.2678176314007719e-06,6.0757652045891418e-06,1.035324328546176e-05
1126,7.9000000000000004,9857.1660707583505,2.6861278012439751,10.490277049676795,0,0.0022027497779232518,2.980811265535144e-06,6.5105194750979013e-07,1.2936855468187464e-06,2.4948090952522802e-06,4.6385312776860183e-06,7.9041637041592398e-06
1127,7.9000000000000004,9974.6546335463208,2.6544886812516313,21.730366904458226,0,0.0022290045760804482,3.0163398575276065e-06,6.5881190174655083e-07,1.3091051161456952e-06,2.5245449780534309e-06,4.6938184027430947e-06,7.9983742335321183e-06
1128,7.9000000000000004,12018.73753943367,2.2030273759843237,10.863474601895957,0,0.0025637079957553451,3.4692681628572692e-06,7.5773794200836059e-07,1.5056780455105802e-06,2.9036262264030417e-06,5.3986339457841213e-06,9.1993960872019973e-06
1129,7.9000000000000004,12181.332276494004,2.1736216715174899,22.165037859662799,0,0.0025983909585957973,3.5162019396271511e-06,7.6798895223612001e-07,1.5260475165223293e-06,2.9429077517092136e-06,5.4716690265502789e-06,9.3238495402377131e-06
1130,7.9000000000000004,11802.688238630806,2.2433539960396711,11.034793410294823,0,0.0025176226795456899,3.4069044613101042e-06,7.4411681482877315e-07,1.4786119174834502e-06,2.8514305266509697e-06,5.3015878887044674e-06,9.0340273797210746e-06
1131,7.9000000000000004,11941.508903271751,2.2172748886774665,22.350493432559954,0,0.0025472344126206796,3.4469757342375119e-06,7.528689557577298e-07,1.4960030308451711e-06,2.8849684353785406e-06,5.3639440180440091e-06,9.1402836545528226e-06
1132,7.9000000000000004,12087.819435942667,2.1904370729937188,11.099024891539282,0,0.0023942692464723916,3.2399797807892041e-06,7.0765806965522695e-07,1.4061658525164834e-06,2.7117218453263039e-06,5.0418313047951079e-06,8.5913962019753056e-06
1133,7.9000000000000004,12179.729997726969,2.1739076177455661,22.407645006090007,0,0.0024124742364354129,3.2646151886392457e-06,7.1303879618558916e-07,1.4168577307457688e-06,2.7323406078357442e-06,5.0801672139391093e-06,8.6567214705747921e-06
1134,7.9000000000000004,12725.265891702369,2.0807115583657723,11.137344893710592,0,0.0023266431727457025,3.148466634616753e-06,6.8767028554853133e-07,1.3664487339199267e-06,2.6351293310514375e-06,4.8994249083390887e-06,8.3487324356399184e-06
1135,7.9000000000000004,12760.68614578758,2.0749360592089592,22.431866092579867,0,0.0023331192882976781,3.1572302619645833e-06,6.8958438749722712e-07,1.3702521877543509e-06,2.6424641051337692e-06,4.9130622560064526e-06,8.3719707889031412e-06
1136,7.9000000000000004,9828.0559103056094,2.6940839638873717,11.153083953447691,0,0.0017969274182306739,2.4316431876619615e-06,5.3110576012668682e-07,1.0553441216727902e-06,2.0351793523895565e-06,3.7839540908059406e-06,6.4479445738853827e-06
1137,7.9000000000000004,9827.1385705686789,2.6943354501421903,22.436684948130409,0,0.0017967596950369765,2.4314162208088602e-06,5.3105618730956818e-07,1.0552456170338488e-06,2.0349893910270294e-06,3.7836009007669468e-06,6.4473427299568283e-06
1138,7.9000000000000004,10477.839724493864,2.5270101967914815,11.321730136616999,0,0.0020981822520663523,2.8393081033479026e-06,6.2014562667492911e-07,1.2322725355800366e-06,2.3763771166451713e-06,4.4183338934080985e-06,7.5289423100655913e-06
1139,7.9000000000000004,10451.319401017465,2.5334225094647067,22.608648299100665,0,0.0019867114182139903,2.6884632272499085e-06,5.8719894149194735e-07,1.166805178328686e-06,2.2501265307014425e-06,4.1835995833397948e-06,7.1289496609509518e-06
1140,7.9000000000000004,11092.456581363447,2.3869922437765636,11.455129481462386,0,0.0023160040913034162,3.1340695868285958e-06,6.8452576375030595e-07,1.3602003501809941e-06,2.6230796296221767e-06,4.8770212233947094e-06,8.3105560425586327e-06
1141,7.9000000000000004,11036.281054199157,2.3991422195675667,22.758712658762374,0,0.0020896526579638297,2.8277656619657443e-06,6.1762459187216958e-07,1.2272630639091021e-06,2.3667165963450187e-06,4.4003723485122367e-06,7.4983354255287865e-06
1142,7.9000000000000004,11663.324128255255,2.2701596502834818,11.478025945154931,0,0.0025251002838580718,3.4170233261021718e-06,7.4632692007952643e-07,1.4830035504872127e-06,2.8598995753991285e-06,5.3173341626720189e-06,9.0608593917781655e-06
1143,7.9000000000000004,11534.202052735838,2.2955734348231331,22.798299296641794,0,0.0021739513488761332,2.941840574177591e-06,6.4254018938625696e-07,1.2767720908271778e-06,2.4621923253241653e-06,4.5778877968775795e-06,7.8008258217123067e-06
1144,7.9000000000000004,10322.668585424497,2.5649964062131141,29.11454250392822,0,0.0020276655368784038,2.7438832751865566e-06,5.9930347509909696e-07,1.1908577293400873e-06,2.296510695056392e-06,4.269840409365004e-06,7.2759060068452551e-06
1145,7.9000000000000004,11036.07944361179,2.3991860478559124,6.3399395879237339,0,0.0025085399092030576,3.3946134492165237e-06,7.4143228144253904e-07,1.4732775627441592e-06,2.8411434852956639e-06,5.2824614701050474e-06,9.0014355236714355e-06
1146,7.9000000000000004,10811.130617812694,2.4491062739097487,15.771575417783268,0,0.0015446566112102724,2.0902645748623669e-06,4.5654377316993626e-07,9.0718426248338863e-07,1.7494603342201407e-06,3.2527244248043597e-06,5.5427170367161145e-06
1147,7.9000000000000004,10613.070486586474,2.4948112666929956,29.083755866450574,0,0.0019988361661887753,2.7048707128922804e-06,5.9078257176224136e-07,1.1739261011729447e-06,2.2638588809794e-06,4.2091317719155327e-06,7.1724570959873222e-06
1148,7.9000000000000004,11439.351947911629,2.3146073260711768,6.3306525112781973,0,0.0024268581646666437,3.2840798485584151e-06,7.1729015718066914e-07,1.4253054810284929e-06,2.7486316797207057e-06,5.1104567646022166e-06,8.7083355597409777e-06
1149,7.9000000000000004,11132.552200958758,2.3783951196620063,15.764949696520848,0,0.0015102478716330131,2.0437018832699254e-06,4.4637381326906532e-07,8.8697584411400013e-07,1.7104893910318289e-06,3.1802668009950199e-06,5.4192475835815627e-06
1150,7.9000000000000004,10855.137939346501,2.439177463435978,29.077904674999417,0,0.0020209273218208239,2.7347649688067146e-06,5.9731190616106117e-07,1.186900343204488e-06,2.2888790700847777e-06,4.2556511348438521e-06,7.2517271575620848e-06
1151,7.9000000000000004,11824.516099491226,2.2392128017215094,6.401656623926768,0,0.0023293871042030278,3.1521797852804487e-06,6.884812909278211e-07,1.3680602580718664e-06,2.6382370763001684e-06,4.9052030552789693e-06,8.3585785305750123e-06
1152,7.9000000000000004,11439.491019109191,2.3145791871258177,15.878093787471091,0,0.0014693401531082147,1.9883446250610411e-06,4.3428299383933331e-07,8.6295054412792738e-07,1.6641577789420042e-06,3.0941236839792728e-06,5.2724577360808086e-06
1153,7.9000000000000004,11081.838202492996,2.3892794083734574,29.16122683486148,0,0.0020391427442512169,2.7594144941096692e-06,6.0269571614568944e-07,1.1975983484720742e-06,2.3095096482869247e-06,4.2940090125866889e-06,7.317089861157943e-06
1154,7.9000000000000004,12244.232399348675,2.1624555105268426,6.5308972488055161,0,0.002226525880917078,3.0129856306694986e-06,6.5807929047605204e-07,1.3076493665458269e-06,2.5217376363844357e-06,4.6885987880785629e-06,7.9894798904068376e-06
1155,7.9000000000000004,11789.308772639321,2.2458999365248786,16.086048160467882,0,0.0014292008538812401,1.9340272093810559e-06,4.224192909370282e-07,8.3937654049401162e-07,1.6186964697219798e-06,3.009598697621423e-06,5.1284252203407049e-06
1156,7.9000000000000004,11343.230977849922,2.3342209883450336,29.321793361354825,0,0.0020626852318440698,2.7912727255523975e-06,6.0965401097797979e-07,1.2114249647497289e-06,2.336173599299503e-06,4.3435845777046387e-06,7.4015677613725046e-06
1157,7.9000000000000004,12792.316366696483,2.0698055821285544,6.6199491826637935,0,0.0023261910210756829,3.1478547726589249e-06,6.8753664611826722e-07,1.3661831830678342e-06,2.6346172292638879e-06,4.8984727712944433e-06,8.3471099722740103e-06
1158,7.9000000000000004,12241.560354114406,2.1629275237975429,16.257480171659214,0,0.0014840266590983712,2.0082187401083168e-06,4.3862378570903912e-07,8.7157599978483152e-07,1.6807915469209818e-06,3.1250504002491031e-06,5.3251575700573012e-06
1159,7.9000000000000004,11722.335945476625,2.2587313609929369,29.47259201489355,0,0.0021316227523414744,2.8845605514217792e-06,6.3002941059265854e-07,1.2519123023469639e-06,2.4142514431221515e-06,4.4887526073365879e-06,7.6489374139909886e-06
1160,7.9000000000000004,9772.9164521545881,2.7092841685252975,6.6990899897522089,0,0.0017771347931880158,2.4048593557928276e-06,5.2525578696609369e-07,1.0437198177196511e-06,2.0127624526262544e-06,3.7422749535530306e-06,6.3769223678953285e-06
1161,7.9000000000000004,12835.622294203409,2.0628222938672933,16.366457141387979,0,0.0015838304277494743,2.1432754773372502e-06,4.6812211484308078e-07,9.3019123348772768e-07,1.7938281488385973e-06,3.3352163061358547e-06,5.6832850948522852e-06
1162,7.9000000000000004,12238.343701661464,2.1634960146239619,29.587919480631435,0,0.0022254550634596961,3.0115365760504556e-06,6.5776279615697724e-07,1.3070204702990631e-06,2.5205248408328004e-06,4.6863438700127254e-06,7.9856374582952803e-06
1163,7.9000000000000004,10375.487442993755,2.5519386891092384,6.6782560955477441,0,0.0020564119028364069,2.7827835135838552e-06,6.0779984528528853e-07,1.2077406084288289e-06,2.329068498927829e-06,4.3303742561742955e-06,7.3790570704426583e-06
1164,7.9000000000000004,9856.9356431810684,2.6861905953966327,16.427415617357983,0,0.0012233930551006505,1.6555233996026465e-06,3.6159006305480691e-07,7.1850462967895296e-07,1.3856009209594025e-06,2.5762104292836938e-06,4.3899216692527866e-06
1165,7.9000000000000004,12838.798770468122,2.0623119263343224,29.672503450504518,0,0.0026964596102364274,3.6489106769226938e-06,7.9697444449683744e-07,1.5836437076535338e-06,3.0539791800322429e-06,5.6781811381639865e-06,9.6757509157741192e-06
1166,7.9000000000000004,11026.314758596385,2.4013107192954246,6.6269231205955466,0,0.0028503402304068635,3.857145443644142e-06,8.4245590519203731e-07,1.6740185365356796e-06,3.2282626027940457e-06,6.002221606511345e-06,1.0227923307261725e-05
1167,7.9000000000000004,10416.545877090626,2.5418798262460229,16.400051868820082,0,0.0016486548081118251,2.2309973081153272e-06,4.8728182127183987e-07,9.6826290408633724e-07,1.867247497392367e-06,3.4717229211318027e-06,5.9158954982399e-06
1168,7.9000000000000004,9900.0490163238828,2.6744925990249886,29.663083682108432,0,0.0021641609971655212,2.9285920468300783e-06,6.3964652093063729e-07,1.2710221701447515e-06,2.4511038854395493e-06,4.5572713596025135e-06,7.7656949396586354e-06
1169,7.9000000000000004,11535.787424585687,2.2952579524577881,6.6472727662668332,0,0.0037318236309922888,5.049988896487206e-06,1.1029900295853025e-06,2.1917179804430737e-06,4.2266205766024763e-06,7.8584416662547775e-06,1.3390964870382445e-05
1170,7.9000000000000004,10915.497396834589,2.4256895367700926,16.444799056474789,0,0.0021798066744262816,2.9497641343287185e-06,6.4427080860634917e-07,1.280210951705551e-06,2.4688239997815089e-06,4.5902178903714511e-06,7.8218365838757487e-06
1171,7.9000000000000004,10344.462351960325,2.5595924585800454,29.701196026425439,0,0.0028749388559102503,3.8904328650081359e-06,8.4972635560839961e-07,1.6884654276915787e-06,3.2561227234721251e-06,6.054021177633363e-06,1.0316190964725472e-05
1172,7.9000000000000004,11974.997672522088,2.2110741520141208,6.7652512484601006,0,0.0045585372634832366,6.1687166493161335e-06,1.3473362217222824e-06,2.6772508759314999e-06,5.1629469402133182e-06,9.5993280258548537e-06,1.6357475162726808e-05
1173,7.9000000000000004,11370.754576431576,2.3285708653868578,16.556539771583264,0,0.0028171583963014853,3.8122430285338429e-06,8.3264857349564259e-07,1.6545306856552512e-06,3.1906812386495914e-06,5.9323475895479224e-06,1.0108856379460041e-05
1174,7.9000000000000004,10710.893684497769,2.4720260142685166,29.734174884024615,0,0.0037853463251826687,5.122417027636488e-06,1.1188093725891505e-06,2.2231521163557671e-06,4.2872397652215562e-06,7.9711492890434928e-06,1.35830212451048e-05
1175,7.9000000000000004,12498.458562062464,2.1184698651169969,6.9447595737830339,0,0.0048913897083857202,6.6191401733451107e-06,1.4457151818107339e-06,2.8727367189034606e-06,5.5399317957980401e-06,1.0300245802357848e-05,1.7551855132801895e-05
1176,7.9000000000000004,11857.392875313901,2.233004177441654,16.648571743112573,0,0.0030933357988281902,4.1859725919134738e-06,9.1427647221354735e-07,1.8167310034523959e-06,3.5034765922718131e-06,6.5139195559371237e-06,1.1099868351332144e-05
1177,7.9000000000000004,11117.089782407516,2.3817031563460893,29.661253457921891,0,0.0043496233710027749,5.8860096026629862e-06,1.2855889466007799e-06,2.5545547413362997e-06,4.9263334654062983e-06,9.1593989724843987e-06,1.5607825963898823e-05
1178,7.9000000000000004,13550.146265391268,1.9540459051552748,7.1679267132017488,0,0.0040838945764239227,5.5264193339922998e-06,1.2070492727104945e-06,2.3984909412780225e-06,4.6253720851215315e-06,8.5998295936156408e-06,1.4654306905896524e-05
1179,7.9000000000000004,12629.138293173866,2.0965490447162316,16.748953293967308,0,0.0025603607893793521,3.4647386468070905e-06,7.5674863071588049e-07,1.5037122150952324e-06,2.8998352189113115e-06,5.3915854277801605e-06,9.18738525083165e-06
1180,7.9000000000000004,11769.814454922875,2.2496198156350924,29.5227984890622,0,0.0035856314049017056,4.8521582400813228e-06,1.0597809758557408e-06,2.1058585824096966e-06,4.0610449406581053e-06,7.5505913511295408e-06,1.2866380871384221e-05
1181,7.9000000000000004,9398.6872103017668,2.8171602301139584,7.3098615644748826,0,0.0024173105385093285,3.2711597829685433e-06,7.1446822948551531e-07,1.419698114231801e-06,2.7378181480095389e-06,5.0903514566810811e-06,8.6740756538316087e-06
1182,7.9000000000000004,13622.628683248515,1.9436489417568765,16.843908132101536,0,0.0026632253154037465,3.6039372707590713e-06,7.8715160733585445e-07,1.5641250463354572e-06,3.0163383994706673e-06,5.6081966498583882e-06,9.5564957422711775e-06
1183,7.9000000000000004,12522.90629975632,2.1143341002765523,29.400731463849223,0,0.0035525688392559411,4.8074172217722404e-06,1.0500088955363687e-06,2.0864407784696607e-06,4.0235986586009596e-06,7.4809684886485308e-06,1.2747741916582001e-05
1184,7.9000000000000004,10691.601013465071,2.4764867105307031,7.4242641049101916,0,0.0030092801237412824,4.072226534262097e-06,8.8943270125369933e-07,1.7673647008982552e-06,3.4082761002249607e-06,6.3369158481781668e-06,1.0798249972881132e-05
1185,7.9000000000000004,9492.934182239982,2.7891911305651869,16.888834921309336,0,0.001545687831591233,2.0916600458140038e-06,4.5684856404725919e-07,9.0778990317658225e-07,1.7506282825778773e-06,3.2548959596918961e-06,5.5464173819790534e-06
1186,7.9000000000000004,12996.391773812929,2.0373045292073977,29.247934390522484,0,0.0039472246815792341,5.3414745135249315e-06,1.1666546704291214e-06,2.3182240542181109e-06,4.4705813321622175e-06,8.3120313206076042e-06,1.4163892046655855e-05
1187,7.9000000000000004,10679.00201659081,2.4794084487489982,7.3222668219548002,0,0.0057932555918272692,7.8395656671108583e-06,1.7122736196741722e-06,3.402406893096938e-06,6.5613747355535436e-06,1.2199387116795113e-05,2.0788035498525927e-05
1188,7.9000000000000004,9609.0316822828117,2.7554917810253881,16.713411009342263,0,0.0029495959954719143,3.9914606099151619e-06,8.7179226458919946e-07,1.7323119250948438e-06,3.3406785421450746e-06,6.211233531224355e-06,1.0584084421664555e-05
1189,7.9000000000000004,13117.556469122997,2.0184862848860345,28.942236084523852,0,0.0055898130899469508,7.5642626310732186e-06,1.6521434866999582e-06,3.2829241325360226e-06,6.3309580948897936e-06,1.1770979670048144e-05,2.0058019381687719e-05
1190,7.9000000000000004,9981.1371375652925,2.6527646558918589,6.9688452535347745,0,0.0068101284368623002,9.2156212057271939e-06,2.0128238922312509e-06,3.9996212093841658e-06,7.7130732389124887e-06,1.4340709088268217e-05,2.4436897259414992e-05
1191,7.9000000000000004,9325.0472419977668,2.8394073656693206,16.118472890720259,0,0.0041523981558533136,5.6191199409060483e-06,1.2272964152801533e-06,2.4387234231973743e-06,4.7029584522752749e-06,8.7440838339298795e-06,1.4900119440555487e-05
1192,7.9000000000000004,13183.616384451181,2.0083721379644102,28.302895667329164,0,0.0067930165813749341,9.1924650523945898e-06,2.0077662561110651e-06,3.9895713342938928e-06,7.693692547953222e-06,1.4304675092172562e-05,2.4375494503455314e-05
1193,7.9000000000000004,10768.088767376592,2.4588957609971049,2.4732927518430063,0,0.0074963021685511685,1.0144167157714906e-05,2.2156316504357614e-06,4.4026143446868467e-06,8.4902257252718498e-06,1.5785647750055815e-05,2.6899105885705739e-05
1194,7.9000000000000004,10015.81952312517,2.6435787668707129,8.7533392793325575,0,0.0062366541366080724,8.4395826961220206e-06,1.8433259475398963e-06,3.6628169926063775e-06,7.0635628340055117e-06,1.3133091906626162e-05,2.2379089879399669e-05
1195,7.9000000000000004,13613.997040895358,1.9448812677574581,27.37170669431768,0,0.0076069921056347804,1.0293955306485611e-05,2.2483475312090938e-06,4.4676230775073083e-06,8.615591876505538e-06,1.6018737654516728e-05,2.7296296429943049e-05
1196,7.9000000000000004,10879.412957287608,2.4337349752319803,2.2531019043513649,0,0.0064401889294498707,8.7150106223947845e-06,1.9034833583333211e-06,3.7823539560931836e-06,7.2940840023520781e-06,1.3561693698875177e-05,2.310943716543161e-05
1197,7.9000000000000004,10153.270108163171,2.6077911394137931,8.0832627613220236,0,0.0060101969580844397,8.1331356744630464e-06,1.7763935212684088e-06,3.5298176016789239e-06,6.8070800349476094e-06,1.2656220354457065e-05,2.1566489815165241e-05
1198,7.9000000000000004,12182.531445039562,2.1734077144470576,18.513624552283908,0,0.0063023605681795311,8.5284981387243906e-06,1.8627463559163974e-06,3.7014066961255726e-06,7.1379811836265004e-06,1.327145593736809e-05,2.2614865361827179e-05
1199,7.9000000000000004,11289.731516865588,2.3452823288656846,35.079003250329244,0,0.0058385145955723887,7.9008111837748253e-06,1.7256505192321389e-06,3.4289877238364507e-06,6.6126345633002225e-06,1.2294693132291151e-05,2.0950439135232159e-05
1200,7.9000000000000004,10954.768248809958,2.4169938809083589,2.1494145500698032,0,0.0053134734649416416,7.1903135445336744e-06,1.5704676409743252e-06,3.1206285406963869e-06,6.0179790099517713e-06,1.1189066096977833e-05,1.9066425304194616e-05
1201,7.9000000000000004,10280.521144248369,2.5755122189458497,7.9162959113117921,0,0.0049876446608069789,6.7493945714689607e-06,1.4741646111827822e-06,2.9292677157534565e-06,5.6489490492193669e-06,1.0502938641968132e-05,1.7897248381231129e-05
1202,7.9000000000000004,12264.088286712144,2.1589544371456233,18.967641151583692,0,0.0058109487515625559,7.8635084546169269e-06,1.7175030679840571e-06,3.4127981709699409e-06,6.5814138050265005e-06,1.223664521830794e-05,2.08515241581972e-05
1203,7.9000000000000004,11194.250852782592,2.3652862681347915,35.369620587754405,0,0.0053019499429134221,7.1747196515619804e-06,1.5670617110163083e-06,3.1138607207443583e-06,6.0049276012745466e-06,1.1164799964758588e-05,1.9025075258232787e-05
1204,7.9000000000000004,10930.558980709589,2.4223470977898676,2.2395968920879987,0,0.0049414411503533968,6.6868709267737587e-06,1.4605085501248831e-06,2.9021321716779775e-06,5.5966194840243334e-06,1.0405643692480094e-05,1.7731455555376774e-05
1205,7.9000000000000004,10458.316499246466,2.5317275324427779,8.4396935378868605,0,0.0047303559555787016,6.4012256243076275e-06,1.3981195177772711e-06,2.778160820794492e-06,5.3575468171808473e-06,9.9611423296689315e-06,1.6974015036373958e-05
1206,7.9000000000000004,12298.133946099435,2.1529776745146503,20.042019815065114,0,0.0052386910228987569,7.0891162374496982e-06,1.5483646971812903e-06,3.0767084525427964e-06,5.9332812751279549e-06,1.1031589882514337e-05,1.8798082222275868e-05
1207,7.9000000000000004,11118.792056637543,2.3813385203419291,35.931144514058587,0,0.0047354073219545026,6.4080612485579352e-06,1.3996125161874905e-06,2.7811275125801661e-06,5.3632679367124908e-06,9.9717794529427769e-06,1.6992140938446077e-05
1208,7.9000000000000004,10743.660757302383,2.4644865863012493,2.4634413038980529,0,0.0048445249194058312,6.5557216714579451e-06,1.431863671103168e-06,2.8452128027666253e-06,5.4868532741402886e-06,1.0201558338314465e-05,1.7383689430201231e-05
1209,7.9000000000000004,10495.192606914534,2.5228320065987773,9.3920474708325514,0,0.0047338866123699166,6.4060033896459648e-06,1.3991630502760356e-06,2.7802343925216807e-06,5.361545598505543e-06,9.9685771559578562e-06,1.6986684150923715e-05
1210,7.9000000000000004,12570.882604925657,2.1062648229463306,21.371407000531285,0,0.0047939423174662692,6.4872721402344399e-06,1.4169133114059751e-06,2.8155053971840484e-06,5.4295640002313293e-06,1.009504193615434e-05,1.7202183037455359e-05
1211,7.9000000000000004,11231.066628110933,2.3575327883702868,36.596699444673426,0,0.0042820331220684753,5.7945449354171072e-06,1.2656117509871977e-06,2.5148586628127447e-06,4.8497815258797686e-06,9.0170680155638539e-06,1.5365290748262454e-05
1212,7.9000000000000004,11628.33940573809,2.276989594152822,2.7266454240095301,0,0.0052912348508829922,7.1602197445114098e-06,1.563894723279401e-06,3.1075676956211559e-06,5.9927918111262965e-06,1.1142236217380394e-05,1.8986626115092482e-05
1213,7.9000000000000004,11001.607502355495,2.4067035493198485,10.398681296373951,0,0.0050036936235411684,6.7711123940730914e-06,1.4789080952354542e-06,2.9386933488138889e-06,5.6671259200559494e-06,1.0536734407770975e-05,1.7954837141427296e-05
1214,7.9000000000000004,10097.124044833698,2.6222920216267318,22.161697147687953,0,0.0036733528704916149,4.9708649290935347e-06,1.0857082198773327e-06,2.1573778213703815e-06,4.1603972649193275e-06,7.7353144485695401e-06,1.3181153266932987e-05
1215,7.9000000000000004,11547.032705004098,2.2930226752253278,37.261615279117706,0,0.0042420538304868034,5.740444045734069e-06,1.2537953404692272e-06,2.491378632439062e-06,4.8045014394807888e-06,8.932879971910457e-06,1.5221832390620136e-05
1216,7.9000000000000004,13314.338683263544,1.98865362028276,3.100226907933763,0,0.0061479350541804182,8.3195260092396726e-06,1.8171038446144052e-06,3.6107118484751696e-06,6.9630806203735914e-06,1.2946268036346959e-05,2.2060737718741586e-05
1217,7.9000000000000004,11963.402752383339,2.2132171232693807,11.535122864628697,0,0.0055148560662772088,7.4628290761478817e-06,1.6299889429888099e-06,3.2389015117526854e-06,6.2460626309208353e-06,1.1613135823116901e-05,1.9789049845610515e-05
1218,7.9000000000000004,10715.972217338502,2.470854467250478,23.550257836863508,0,0.0041965812282806067,5.6789094827583226e-06,1.2403553090496831e-06,2.4646723542952695e-06,4.7529996925707225e-06,8.8371241626373405e-06,1.5058662294999581e-05
1219,7.9000000000000004,11892.789943280488,2.226357982476844,37.840798996786255,0,0.0044101934801339558,5.9679744565299275e-06,1.3034912466740611e-06,2.5901278579642442e-06,4.9949344752329155e-06,9.2869469802125948e-06,1.5825170694993525e-05
1220,7.9000000000000004,10661.183952295098,2.4835522904979843,3.2705417109252441,0,0.0049322902886029564,6.6744877718333085e-06,1.457803891418875e-06,2.8967578265271442e-06,5.5862553231227182e-06,1.0386373887587766e-05,1.7698619365794769e-05
1221,7.9000000000000004,12992.045682941613,2.0379860470247273,12.627484370312937,0,0.0060497637572845975,8.1866783700424745e-06,1.7880880141854746e-06,3.5530553732915412e-06,6.8518929372136307e-06,1.2739539775249784e-05,2.1708468019526925e-05
1222,7.9000000000000004,11384.270072489599,2.3258063675181697,24.719526356859991,0,0.0047660626957411762,6.449544799911943e-06,1.4086731189874469e-06,2.799131561155096e-06,5.3979878609217017e-06,1.0036333271794005e-05,1.7102142126620297e-05
1223,7.9000000000000004,12341.877087932287,2.1453469059444998,38.269817295622822,0,0.0046206554561573658,6.2527764051601667e-06,1.3656960784439154e-06,2.7137331894754324e-06,5.2333012916776772e-06,9.7301359744108301e-06,1.6580374907774442e-05
1224,7.9000000000000004,12093.753463784396,2.1893622938016657,3.6865609171999392,0,0.0063435738334539811,8.5842688697673836e-06,1.8749274837453902e-06,3.725611445188369e-06,7.1846588544551312e-06,1.3358242472065346e-05,2.2762751607817095e-05
1225,7.9000000000000004,10306.813255795083,2.5689422294767605,13.093676092799896,0,0.0048650595053351623,6.5835095417302359e-06,1.4379329406564273e-06,2.8572728639197029e-06,5.5101105102808518e-06,1.0244799890333749e-05,1.7457374026794666e-05
1226,7.9000000000000004,12011.600817653498,2.2043363100469175,25.681664005760659,0,0.005410149356912617,7.3211375676619076e-06,1.5990414846200118e-06,3.1774067573699917e-06,6.1274730146717301e-06,1.1392645347421952e-05,1.9413329017018791e-05
1227,7.9000000000000004,10089.826325983489,2.624188659814418,38.469271401557258,0,0.0038257852359665913,5.1771398845123755e-06,1.1307616296656983e-06,2.2469020832991645e-06,4.33304041104931e-06,8.0563051948058005e-06,1.3728128861983267e-05
1228,7.9000000000000004,12945.347161482779,2.0453377954145235,4.1259513029633839,0,0.0075487010067097609,1.0215074461235935e-05,2.2311188228655618e-06,4.4333884345427422e-06,8.5495720474591818e-06,1.5895988766611125e-05,2.7087129509116898e-05
1229,7.9000000000000004,10987.079264821896,2.4098859383783702,14.18943707138415,0,0.0058244963807271184,7.881841415555001e-06,1.7215072496846426e-06,3.4207547587855476e-06,6.5967576941952108e-06,1.2265173697687729e-05,2.0900137341497987e-05
1230,7.9000000000000004,12499.230923884521,2.1183389590432586,26.553600372952737,0,0.0060075705951443733,8.1295816201997811e-06,1.7756172648256049e-06,3.5282751260830494e-06,6.8041054464510038e-06,1.2650689782275807e-05,2.1557065593298155e-05
1231,7.9000000000000004,10297.646882457937,2.5712289541844267,38.787822027332624,0,0.0042064899800122492,5.6923182317161446e-06,1.24328397220377e-06,2.4704918118799287e-06,4.764222230959084e-06,8.8579899256444222e-06,1.509421803382009e-05
1232,7.9000000000000004,13210.698870725439,2.0042548909215188,4.3953193399631525,0,0.0084960393579057367,1.1497034336034226e-05,2.5111172524095382e-06,4.98976480791584e-06,9.622516581846222e-06,1.7890885607194143e-05,3.048647948800596e-05
1233,7.9000000000000004,11354.831365242177,2.3318362882246229,14.948389327719061,0,0.0066929728227498909,9.0570835552564263e-06,1.9781969947533628e-06,3.9308151533241849e-06,7.5803841361479126e-06,1.4094003817491039e-05,2.4016505818640979e-05
1234,7.9000000000000004,12891.148390000641,2.0539370910260328,27.172555325150384,0,0.0062695488774579637,8.4840966100876179e-06,1.8530484250122774e-06,3.6821362322360253e-06,7.1008190396266731e-06,1.3202361365115203e-05,2.2497126625692552e-05
1235,7.9000000000000004,10478.889785528128,2.5267569719751943,39.003050392707976,0,0.0045858948075531338,6.2057375022419732e-06,1.35542210715707e-06,2.6933180932406992e-06,5.1939317803678326e-06,9.6569373036406086e-06,1.6455642693619079e-05
1236,7.9000000000000004,8959.2251304735146,2.9553457401224437,4.4814905600252661,0,0.0058018988218516794,7.8512618832156508e-06,1.7148282410826341e-06,3.4074831036917479e-06,6.5711639585934776e-06,1.2217587955224551e-05,2.0819050144733291e-05
1237,7.9000000000000004,11665.823300618496,2.2696733133904967,15.296530232309193,0,0.0076171431319321525,1.0307691906914407e-05,2.2513478018282822e-06,4.4735848241105325e-06,8.6270888122840097e-06,1.6040113597192053e-05,2.7332721526621665e-05
1238,7.9000000000000004,9831.7648721850292,2.6930676402820048,27.429781613769578,0,0.0048155102920883338,6.5164584156673398e-06,1.4232880127098951e-06,2.8281723724902606e-06,5.4539916405346353e-06,1.0140459589073187e-05,1.727957575990097e-05
1239,7.9000000000000004,10856.114934116924,2.4389579499506864,39.102698930397672,0,0.0050714491472201194,6.8628007148749507e-06,1.4989341399945262e-06,2.9784864939904758e-06,5.743865047859742e-06,1.0679413398807859e-05,1.8197965415181742e-05
1240,7.9000000000000004,9416.2334985437556,2.8119107101833944,4.4478718606820316,0,0.0077533751507892932,1.0492044183603235e-05,2.2916129840469149e-06,4.5535945444953792e-06,8.7813836319297558e-06,1.6326989794763132e-05,2.7821565148165533e-05
1241,7.9000000000000004,11987.114709240192,2.2088391131965017,15.547456901666735,0,0.0079136747728627936,1.0708965290179491e-05,2.3389916659934541e-06,4.6477392840910452e-06,8.9629371425112043e-06,1.666454734135392e-05,2.8396770951059025e-05
1242,7.9000000000000004,10336.318390733011,2.5616091555269089,27.707870804256071,0,0.0056869091857506774,7.6956552836168479e-06,1.6808415271683639e-06,3.3399491369431216e-06,6.4409280176437992e-06,1.1975443782059725e-05,2.0406430918921396e-05
1243,7.9000000000000004,11209.945766540543,2.3619746585369965,39.117052509639237,0,0.0060417071102715648,8.175775931454316e-06,1.7857067651753491e-06,3.5483236657226463e-06,6.84276807135424e-06,1.2722574158211582e-05,2.1679558218905958e-05
1244,7.9000000000000004,9984.1342814888558,2.6519683207019575,4.4972063181452988,0,0.0099308576198207654,1.3438663150154069e-05,2.9351968428853562e-06,5.8324404791857258e-06,1.1247575263379502e-05,2.0912313393677768e-05,3.5635061747124802e-05
1245,7.9000000000000004,12268.394365522436,2.1581966665949546,16.014754537297765,0,0.0081736007775548396,1.1060703091157532e-05,2.4158162482765769e-06,4.8003950777188934e-06,9.2573263496274465e-06,1.7211897255870644e-05,2.9329467761493378e-05
1246,7.9000000000000004,10484.049077236203,2.5255135328995291,27.938111740958266,0,0.0064018030989555557,8.6630660406174342e-06,1.8921379163995278e-06,3.7598097730857301e-06,7.2506086516763802e-06,1.3480861151686953e-05,2.2971696650740365e-05
1247,7.9000000000000004,11549.421335587856,2.2925484363927358,39.10709418637343,0,0.0077328783924430029,1.0464307502479528e-05,2.2855548949381413e-06,4.5415566996638921e-06,8.7581692388752144e-06,1.6283827899738416e-05,2.7748016288918154e-05
1248,7.9000000000000004,10715.080095502366,2.4710601869655435,4.8391133659821701,0,0.010735048579588779,1.4526912708294093e-05,3.1728861600171244e-06,6.3047457005781594e-06,1.2158392706584712e-05,2.2605771705421717e-05,3.8520753557932366e-05
1249,7.9000000000000004,12594.667072508368,2.1022872356775633,16.809705882907465,0,0.0098685086103038194,1.3354291047691169e-05,2.916768765180777e-06,5.7958226057990428e-06,1.1176959491410385e-05,2.0781019393026562e-05,3.5411333758156959e-05
1250,7.9000000000000004,10525.623180903271,2.5155382602126015,28.336289094027155,0,0.0082438303665708576,1.1155739373630894e-05,2.4365735358995036e-06,4.8416412533760767e-06,9.336867575412146e-06,1.7359786112124195e-05,2.958147376509029e-05
1251,7.9000000000000004,11586.371088971151,2.2852373379743014,39.138285986641371,1,0.08038041930147162,0.00010877261765435676,2.3757500308189778e-05,4.7207807141664165e-05,9.103793956232569e-05,0.00016926438616868801,0.0002884303969227
1252,7.9000000000000004,11662.10855404906,2.2703962753759375,5.2753942815957267,0,0.011820833250947415,1.5996221302837493e-05,3.493804237934619e-06,6.9424322641506795e-06,1.3388139952840212e-05,2.4892207599959597e-05,4.2416892772608264e-05
1253,7.9000000000000004,12456.653158805257,2.1255795988368331,18.253743777886857,1,0.10196815412428224,0.00013798563304182729,3.0138042001838953e-05,5.9886387708884138e-05,0.00011548796004200943,0.00021472364994598649,0.0003658940252256599
1254,7.9000000000000004,10200.668867716,2.5956736923341932,29.191450329400094,1,0.083502073376943292,0.00011299691118443826,2.468014662310795e-05,4.9041169605290411e-05,9.4573489109428825e-05,0.0001758379381046882,0.00029963188021761453
1255,7.9000000000000004,10969.535926260871,2.4137400161802591,6.0040748695965336,1,0.1106742857440797,0.00014976696902089197,3.2711254812097237e-05,6.4999540713422122e-05,0.00012534842470632179,0.00023305694600658368,0.00039713438227507227
1256,8,15538.434685450373,2.4069744411526486,10.25567811212467,1,0.03793741149943456,4.2388320412675919e-05,9.7424851419866872e-06,1.8750100369582822e-05,3.7229673034792407e-05,6.6158053288892327e-05,0.00011242321887213903
1257,8,15330.637558982366,2.4395994621557975,21.458637942731929,1,0.03743576758123484,4.1827822416178796e-05,9.6136608963024073e-06,1.8502169015168309e-05,3.6737387496156064e-05,6.5283249664696704e-05,0.00011093665398058112
1258,8,13910.327460095594,2.6886940836360309,10.434477089640179,0,0.003361345653235006,3.7557068586296271e-06,8.6320755131677002e-07,1.6613038656039214e-06,3.298638327728953e-06,5.8617622041088006e-06,9.9609668436177971e-06
1259,8,13962.177510275997,2.6787093285322032,21.659012313672946,0,0.0033738749011117289,3.7697060681839291e-06,8.6642511430946552e-07,1.6674962927084285e-06,3.310933837184816e-06,5.8836116296741252e-06,9.9980958495429681e-06
1260,8,12698.772504592916,2.9452149906513969,10.653722451665226,0,0.0025413796930331459,2.8395405079274462e-06,6.5263688061298383e-07,1.2560457458280011e-06,2.4939691794811912e-06,4.4318451500440831e-06,7.5310906615580046e-06
1261,8,12875.313345919671,2.9048314505876873,21.91868199951152,0,0.0025191456470018609,2.8146979098166514e-06,6.4692708506962494e-07,1.2450568412551435e-06,2.4721499189869001e-06,4.3930717824360329e-06,7.4652025863152953e-06
1262,8,15082.891169822322,2.4796714848827901,10.9067221537276,0,0.0027290742515467471,3.0492558462053059e-06,7.0083762429255102e-07,1.3488114794892714e-06,2.6781622165832408e-06,4.7591607499595654e-06,8.0873022110254365e-06
1263,8,15251.468794676433,2.4522631653977895,22.206255476797271,0,0.0026141076892392022,2.9208011286263609e-06,6.7131373268167399e-07,1.2919906660174695e-06,2.5653404041433547e-06,4.5586735882116782e-06,7.7466118347863736e-06
1264,8,15786.099821604275,2.3692118741206576,17.3868223046954,0,0.0030130413883748632,3.366538694633691e-06,7.7376156670231856e-07,1.4891587542966101e-06,2.9568318263138493e-06,5.2543635650184864e-06,8.9288066340828128e-06
1265,8,16149.492410256822,2.3159003511246623,17.439807026775718,0,0.0029895679008087044,3.3403112407081078e-06,7.6773347741511673e-07,1.4775572709456389e-06,2.9337962465909841e-06,5.2134287679435403e-06,8.8592456143389643e-06
1266,8,12179.729997726969,3.0707261286070131,22.407645006090007,0,0.001971612896366388,2.202927292026449e-06,5.0631839625866846e-07,9.7444549418941415e-07,1.9348316235016376e-06,3.4382438312856151e-06,5.8426513412132528e-06
1267,8,12725.265891702369,2.939083195722163,11.137344893710592,0,0.0022278950016303965,2.4892770339989039e-06,5.7213270735706489e-07,1.1011097816751265e-06,2.1863326776468181e-06,3.8851674485518718e-06,6.6021143112563628e-06
1268,8,12760.68614578758,2.930925086324228,22.431866092579867,0,0.002081956745795999,2.3262169488671677e-06,5.3465515596599915e-07,1.0289815885141989e-06,2.043116961728417e-06,3.630669565729161e-06,6.1696428318109809e-06
1269,8,13541.993354882517,2.7618249517095048,11.261225692726294,0,0.0023276380028483053,2.600722125465138e-06,5.9774712513032604e-07,1.1504065367799677e-06,2.2842149309710071e-06,4.0591066428447358e-06,6.8976913897571484e-06
1270,8,13521.455919199892,2.7660198255937485,22.549267710659294,0,0.0022233518417027116,2.4842008595555419e-06,5.7096600498218631e-07,1.0988643805981333e-06,2.181874272290011e-06,3.8772447515433997e-06,6.5886511717659712e-06
1271,8,14377.305971686135,2.6013646240160377,11.361897319340075,0,0.0025125858992899098,2.8073685566306904e-06,6.452425145601209e-07,1.241814766397188e-06,2.4657125461442564e-06,4.3816324110731392e-06,7.4457635175011856e-06
1272,8,14311.668246151445,2.6132952846678967,22.658638811178083,0,0.0025428846409473811,2.8412220199724611e-06,6.5302335749989837e-07,1.2567895478779465e-06,2.4954460519552712e-06,4.4344695890970337e-06,7.5355504041199276e-06
1273,8,15142.377017849523,2.4699302559506848,11.432854125445138,0,0.0025659070206731052,2.8669454409942364e-06,6.5893560041648178e-07,1.2681680767111646e-06,2.5180389394453498e-06,4.4746177110835393e-06,7.6037746169105437e-06
1274,8,15015.8169131698,2.4907479466266129,22.743852380139057,0,0.0027555983704358072,3.0788918389021228e-06,7.0764912839806454e-07,1.3619206999586762e-06,2.7041915168108113e-06,4.8054154626968728e-06,8.1659034309136182e-06
1275,8,15802.357352885032,2.3667744190439168,11.449094933501037,0,0.0025805171414254756,2.8832696564649885e-06,6.6268754022277881e-07,1.2753889497146575e-06,2.532376502212849e-06,4.500095916081972e-06,7.6470700537411925e-06
1276,8,15594.747112155261,2.3982828881044882,22.773095502479809,0,0.0028649926702815926,3.2011205427042422e-06,7.3574203982090858e-07,1.4159874910469213e-06,2.8115450197030509e-06,4.996185302616141e-06,8.4900810389486416e-06
1277,8,14055.479358153685,2.6609277556729132,6.3484570226186978,0,0.0024814709941903866,2.7726031755769977e-06,6.3725207745212409e-07,1.2264366061446152e-06,2.4351781027655585e-06,4.3273719471064884e-06,7.3535580230319163e-06
1278,8,13712.758442607752,2.7274319240678158,15.785665606559672,0,0.0015625284926075185,1.7458481161681307e-06,4.0126381905066175e-07,7.7226054463838652e-07,1.5333788623979257e-06,2.724852307882986e-06,4.6303760793217725e-06
1279,8,12482.709966206714,2.996193554496585,11.371806036560967,0,0.0019370060569877251,2.1642602945146491e-06,4.9743121589680401e-07,9.5734148824442138e-07,1.9008703893553806e-06,3.3778938750476191e-06,5.7400978953093754e-06
1280,8,14111.238851981099,2.6504133007533999,15.848676099912273,0,0.0015505648571243562,1.7324808780219989e-06,3.9819150767431521e-07,7.6634766452273238e-07,1.5216384135970842e-06,2.7039892388821996e-06,4.5949232016142332e-06
1281,8,13715.033000343472,2.7269795954892855,29.140648919233577,0,0.0025984507274616321,2.9033072542083198e-06,6.672929597438867e-07,1.2842524046757189e-06,2.5499755296129493e-06,4.5313698247053541e-06,7.7002142032342389e-06
1282,8,12875.035306841519,2.9048941810299311,11.400159892396807,0,0.0019451108642835884,2.1733159774134459e-06,4.9951256413691238e-07,9.6134718985313114e-07,1.9088239980416108e-06,3.3920276351483556e-06,5.7641155730719437e-06
1283,8,14522.93698732584,2.5752790345395247,16.014485006919216,0,0.0015422267719608768,1.723164548531701e-06,3.96050252707064e-07,7.6222666818887082e-07,1.5134558789405691e-06,2.6894486716486914e-06,4.5702142313324218e-06
1284,8,14020.587956637235,2.6675496961376495,29.269134019027739,0,0.0024457550245898288,2.7326969220019373e-06,6.2808006783385404e-07,1.2087844261898123e-06,2.400128429691022e-06,4.2650878078701209e-06,7.2477177954324649e-06
1285,8,12244.232399348675,3.0545495971955208,6.5308972488055161,0,0.0022584908883694589,2.5234625042022321e-06,5.7998985839030464e-07,1.1162314234682773e-06,2.2163577851721909e-06,3.9385228100618148e-06,6.6927817536437813e-06
1286,8,15067.10868271968,2.4822688898695771,16.157691073730682,0,0.0015642814004490726,1.7478066793991196e-06,4.0171397307874741e-07,7.7312689784143142e-07,1.5350990690019571e-06,2.7279091577261493e-06,4.6355706230226962e-06
1287,8,14461.373214990108,2.5862423012934062,29.392049622250262,0,0.0023244922799118572,2.5972073387021654e-06,5.9693929038995085e-07,1.148851801797741e-06,2.281127892827043e-06,4.0536208994206028e-06,6.8883693963944577e-06
1288,8,12792.316366696483,2.9236780948263292,6.6199491826637935,0,0.0023385191262519744,2.6128798485952856e-06,6.0054144290000172e-07,1.155784398576249e-06,2.2948930624132605e-06,4.0780819475250162e-06,6.9299363656170246e-06
1289,8,12241.560354114406,3.0552163336619453,16.257480171659214,0,0.0012459310505486935,1.3921066961447036e-06,3.1996027847317491e-07,6.1578614164848759e-07,1.2226876795881192e-06,2.1727463624584564e-06,3.6921754452730014e-06
1290,8,15043.892594856696,2.4860995854347969,29.495316532880985,0,0.0022278465721110564,2.4892229226111713e-06,5.7212027045496865e-07,1.1010858459791317e-06,2.1862851516006541e-06,3.8850829935879034e-06,6.6019707958651574e-06
1291,8,13485.165259307689,2.773463611621986,6.6568478833330751,0,0.0024873852335506874,2.7792112878095737e-06,6.3877087873077064e-07,1.229359646416275e-06,2.4409820094879976e-06,4.3376856334466293e-06,7.3710842010125939e-06
1292,8,12835.622294203409,2.9138139379723746,16.366457141387979,0,0.0013444442579024344,1.5021777113549266e-06,3.4525888006457707e-07,6.6447508621814274e-07,1.3193630813730602e-06,2.3445409516034125e-06,3.9841081690512463e-06
1293,8,12238.343701661464,3.0560193482980358,29.587919480631435,0,0.0017575508004103841,1.9637509130126279e-06,4.513463592406716e-07,8.6864792851843608e-07,1.7247629465255302e-06,3.0649465768959644e-06,5.2083025832267112e-06
1294,8,14234.6241490292,2.6274395974093605,6.6751704616643748,0,0.0028383819596656409,3.1713877991296106e-06,7.2890829859959519e-07,1.4028354736784602e-06,2.7854307431538952e-06,4.9497795848456583e-06,8.411223214292764e-06
1295,8,13499.991845307275,2.7704176100224567,16.440051372792993,0,0.0016598935439717842,1.8546362709500314e-06,4.2626756940614572e-07,8.2038202719121646e-07,1.6289275275292147e-06,2.894644658020761e-06,4.9189063729656881e-06
1296,8,12838.798770468122,2.9130930246704971,29.672503450504518,0,0.0022347957610019896,2.4969874071575534e-06,5.739048510798167e-07,1.1045203973636964e-06,2.1931047004322955e-06,3.8972015011715792e-06,6.6225639294710408e-06
1297,8,14990.71666999353,2.4949184196284984,6.6566381341242984,0,0.0033648770183914963,3.7596525320910255e-06,8.6411442058402479e-07,1.6630491995238921e-06,3.3021038137741604e-06,5.8679204588492205e-06,9.9714316439880458e-06
1298,8,14193.297306914948,2.6350899537049317,16.444664974051562,0,0.0020313622740149497,2.269686611234692e-06,5.2166228507387504e-07,1.0039758913264812e-06,1.9934663512273666e-06,3.5424391981864542e-06,6.0197118494389776e-06
1299,8,13462.604589100512,2.77811138965478,29.694165686277085,0,0.0027674303171393612,3.0921119382223791e-06,7.1068762154781127e-07,1.3677684945100389e-06,2.7158027335419524e-06,4.8260488831013386e-06,8.2009660638493658e-06
1300,8,15687.246479675188,2.384141486643693,6.7064688273639952,0,0.0040044118021454302,4.4742190841399761e-06,1.0283496143478175e-06,1.9791314231464613e-06,3.9297078055196302e-06,6.9831883337890699e-06,1.1866620486046662e-05
1301,8,14866.444341315637,2.5157740670684809,16.486888388832533,0,0.0024964138856914237,2.7892992032658463e-06,6.4108947417143749e-07,1.2338219470095397e-06,2.4498422283025967e-06,4.3534304622540094e-06,7.3978395882575443e-06
1302,8,14032.450333877838,2.665294674380883,29.697184814226141,0,0.003428781876355026,3.8310548626196914e-06,8.8052545403631345e-07,1.6946333918438654e-06,3.3648164995712007e-06,5.9793624584867888e-06,1.0160806447114346e-05
1303,8,11974.997672522088,3.123225253664855,6.7652512484601006,0,0.0033441296047593931,3.7364709816896489e-06,8.5878639842709851e-07,1.6527950447822859e-06,3.2817434519225803e-06,5.8317395903495377e-06,9.9099490353544154e-06
1304,8,15500.449077440107,2.4128730049397729,16.605918467108932,0,0.0029801430485604306,3.3297806419890065e-06,7.6531313613812694e-07,1.4728991533082178e-06,2.9245472189495045e-06,5.196993016197786e-06,8.8313161329835731e-06
1305,8,14577.439912211143,2.5656504412732524,29.678430537357052,0,0.0041292227368181916,4.6136731396701856e-06,1.060401581747464e-06,2.0408176969284932e-06,4.0521903393926385e-06,7.2008428373716366e-06,1.2236483543956169e-05
1306,8,12498.458562062464,2.9924182216296509,6.9447595737830339,0,0.0039110671539031531,4.3699230159023963e-06,1.0043783202441617e-06,1.932996975530493e-06,3.8381045411888663e-06,6.8204070588268193e-06,1.1590004201352574e-05
1307,8,11857.392875313901,3.154202237935777,16.648571743112573,0,0.0023232921452528447,2.5958664013410239e-06,5.9663109081539664e-07,1.1482586499609628e-06,2.2799501471879285e-06,4.051528016179848e-06,6.8848129333646002e-06
1308,8,15332.370027699502,2.4393238015930208,29.588951791492413,0,0.0036392909567715443,4.0662613777137992e-06,9.3458506187860857e-07,1.7986749231585976e-06,3.5713984440161615e-06,6.3464637026030171e-06,1.0784626246274648e-05
1309,8,13550.146265391268,2.7601632049481704,7.1679267132017488,0,0.0035982900407818597,4.0204501350513987e-06,9.2405585603536588e-07,1.7784107232654953e-06,3.531162417463699e-06,6.2749632844740846e-06,1.0663124679085879e-05
1310,8,12629.138293173866,2.9614542398046373,16.748953293967308,0,0.0020720632778886477,2.3151627553659695e-06,5.3211447223770819e-07,1.0240918633343761e-06,2.0334080606512734e-06,3.6134166074708925e-06,6.1403246610662743e-06
1311,8,11769.814454922875,3.1776724507118765,29.5227984890622,0,0.0026721612314707208,2.9856656529030658e-06,6.8622212390490487e-07,1.3206829172973707e-06,2.6223109329793341e-06,4.6599116323681433e-06,7.9186469269722033e-06
1312,8,15074.198609040892,2.4811013914177482,7.3509889152678154,0,0.0041075324047799879,4.5894380453937504e-06,1.0548314142200851e-06,2.0300975163286134e-06,4.0309046496768166e-06,7.163017638283959e-06,1.2172206703503395e-05
1313,8,13622.628683248515,2.7454771037978642,16.843908132101536,0,0.0022958628901620769,2.5652190796731814e-06,5.8958714396674177e-07,1.1347020770244447e-06,2.253032596457499e-06,4.0036948602462476e-06,6.8035294449374823e-06
1314,8,12522.90629975632,2.9865762985167921,29.400731463849223,0,0.0029370943153063981,3.2816813271857564e-06,7.5425804229981882e-07,1.4516228448466207e-06,2.882301578030289e-06,5.1219214634461692e-06,8.7037460914466445e-06
1315,8,15695.091631316756,2.3829497795841204,7.3532727456254348,0,0.0045515156943915355,5.0855105288368727e-06,1.1688481705397762e-06,2.2495308122127605e-06,4.4666052431502495e-06,7.937268410083092e-06,1.3487900857921791e-05
1316,8,14157.5285299671,2.641747467733039,16.768823653664914,0,0.0026788724048716636,2.9931641974062519e-06,6.8794558116146955e-07,1.3239998324450271e-06,2.6288969066006662e-06,4.6716150710040975e-06,7.9385347286519342e-06
1317,8,12996.391773812929,2.8777691373354246,29.247934390522484,0,0.0035071809570617171,3.9186519131750248e-06,9.0065866420384789e-07,1.7333811759976523e-06,3.4417530122529351e-06,6.1160805516353095e-06,1.0393133236457742e-05
1318,8,15656.648536304418,2.3888008379746677,7.1236447079744103,0,0.0060164058584955974,6.7222651515487006e-06,1.5450380605284217e-06,2.9735348104237399e-06,5.9041672613783636e-06,1.0491851807018731e-05,1.7828936817772905e-05
1319,8,14269.484576553461,2.6210207483494328,16.378322227249658,0,0.0036712264120983542,4.1019435779329073e-06,9.4278621969952797e-07,1.8144586302977876e-06,3.6027381299104422e-06,6.4021551025117234e-06,1.0879263348335259e-05
1320,8,13117.556469122997,2.8511876607076152,28.942236084523852,0,0.0050729944763152398,5.6681704632639595e-06,1.3027660917671833e-06,2.5072653047682945e-06,4.9783556177347332e-06,8.8466615310146374e-06,1.5033244119895763e-05
1321,8,14939.657869613404,2.5034452241018199,6.6138750960410233,0,0.0063321125965476776,7.0750113680160993e-06,1.6261128646104904e-06,3.1295689938818898e-06,6.2139843566415704e-06,1.1042404477171864e-05,1.8764497951456661e-05
1322,8,14056.19671168264,2.6607919560711446,15.522389376524202,0,0.0039721118866112987,4.438129664360149e-06,1.0200548616290298e-06,1.9631675860195386e-06,3.8980104585774158e-06,6.9268613613184874e-06,1.1770903347472267e-05
1323,8,13183.616384451181,2.8369010484489903,28.302895667329164,0,0.0055887892682108227,6.244479548199428e-06,1.4352243407025838e-06,2.7621905549608232e-06,5.4845280395302353e-06,9.7461424913555843e-06,1.6561743521686812e-05
1324,8,15129.749518853474,2.4719916940325555,5.9012488366430587,0,0.0064704060819008296,7.2295297796958864e-06,1.6616272071297926e-06,3.1979188529878459e-06,6.3496979185069194e-06,1.1283570845985321e-05,1.9174315020095624e-05
1325,8,14350.723432098774,2.6061832576149824,14.308183477590958,0,0.0040917473466131693,4.5718010460081228e-06,1.0507777455964912e-06,2.0222959449174491e-06,4.015414068449508e-06,7.1354904908563017e-06,1.2125429472821113e-05
1326,8,13613.997040895358,2.7472178105409006,27.37170669431768,0,0.0058230961685862906,6.5062759010730104e-06,1.4953953277401937e-06,2.8779938669340539e-06,5.7144638455328237e-06,1.0154744127269158e-05,1.7256085462874769e-05
1327,8,15806.261770788155,2.3661897851470242,5.2422878607791663,0,0.0068285849196169819,7.6297310253285355e-06,1.7536090231447224e-06,3.3749443508275832e-06,6.7011947784430031e-06,1.1908189492751243e-05,2.0235737407032367e-05
1328,8,14873.712990591073,2.5145446309914687,13.200545424012164,0,0.004283205323191445,4.7857213356642455e-06,1.0999449506957766e-06,2.1169217018026656e-06,4.2033003154597547e-06,7.4693690164704661e-06,1.2692793485149609e-05
1329,8,14170.482154652602,2.6393325742355973,26.530386607894815,0,0.0061207913170042089,6.8388973646282113e-06,1.5718446806525904e-06,3.025126043109464e-06,6.0066053649880527e-06,1.0673886860377632e-05,1.8138271292244289e-05
1330,8,16074.16233340267,2.3267536041787422,4.922931516764419,0,0.0070085195982901938,7.8307760758867598e-06,1.7998169973900934e-06,3.4638748590448249e-06,6.8777726995466596e-06,1.2221972842476079e-05,2.0768953432154904e-05
1331,8,15183.396952966992,2.4632574159296006,12.756939525606418,0,0.0044135580691538343,4.9313673811939537e-06,1.1334200782957361e-06,2.181346947849881e-06,4.3312212757877799e-06,7.6966877388841378e-06,1.30790790726661e-05
1332,8,14381.8149585634,2.6005490441336336,26.269260080089335,0,0.0059218120511713712,6.6165733698631212e-06,1.5207459771743964e-06,2.9267829812511919e-06,5.8113381415569029e-06,1.0326892156415036e-05,1.754861879172838e-05
1333,8,16041.707125966572,2.3314610377631686,5.0193365579670539,0,0.0070638419447380512,7.8925889738818657e-06,1.8140240061707565e-06,3.491217250304008e-06,6.9320629842120205e-06,1.2318448026198575e-05,2.0932894935209759e-05
1334,8,15194.402700152748,2.4614732070397776,13.167870030117676,0,0.0044612092036957623,4.9846090621405005e-06,1.1456570879367462e-06,2.2048979367042198e-06,4.3779834582513708e-06,7.7797852980928901e-06,1.3220287808749552e-05
1335,8,14194.710861611846,2.6348275430213244,26.773800432595976,0,0.0055565413209449363,6.2084481937308229e-06,1.426942933651337e-06,2.7462524025131425e-06,5.4528816913662322e-06,9.6899061449800362e-06,1.6466180385184892e-05
1336,8,15734.716708307764,2.3769487456772396,5.5363544358425889,0,0.0071490673869626332,7.9878132712059302e-06,1.83591025438262e-06,3.5333388799195871e-06,7.0156985097489719e-06,1.2467070431508103e-05,2.1185450873161189e-05
1337,8,15096.059533075344,2.4775084558625644,14.3287369047491,0,0.004771216372499317,5.3309870221040436e-06,1.2252682189181787e-06,2.3581151779607427e-06,4.6822073121421415e-06,8.3203986394630533e-06,1.4138958914996577e-05
1338,8,13794.996726921279,2.7111724550402112,27.884307791688684,0,0.0052448043335609025,5.8601374686853437e-06,1.3468875780601442e-06,2.5921802196376941e-06,5.1469602893925687e-06,9.1462762185213207e-06,1.5542383157645031e-05
1339,8,13791.746690902082,2.7118113449742141,36.88882141961026,0,0.0056275432197382272,6.287780207091915e-06,1.4451765167216207e-06,2.7813442202251916e-06,5.5225590196932592e-06,9.8137244873055029e-06,1.667658646437916e-05
1340,8,16012.432069554292,2.3357235790877517,6.2550372668173111,0,0.0076133623989270462,8.5065804974160811e-06,1.9551431455256871e-06,3.7628109954738903e-06,7.471331901799923e-06,1.3276742281253739e-05,2.256133651449166e-05
1341,8,15217.406987668686,2.4577521764191594,15.738085353206543,0,0.0055204779267353432,6.1681537548509414e-06,1.4176817039477289e-06,2.7284285122061353e-06,5.4174910750357534e-06,9.6270161411132156e-06,1.6359310604136236e-05
1342,8,13137.227347889369,2.8469184671153336,22.780024660851797,0,0.0050385435383622623,5.6296776579103362e-06,1.2939189475401875e-06,2.4902383511909735e-06,4.9445473766070962e-06,8.7865834471691064e-06,1.4931152670195886e-05
1343,8,14054.843073992226,2.6610482199268937,37.508437309807583,0,0.0054348492865526482,6.0724789554087102e-06,1.3956919128223944e-06,2.6861076069445746e-06,5.3334598733692101e-06,9.4776906094978987e-06,1.6105559834737375e-05
1344,8,13314.338683263544,2.8090479018993522,3.100226907933763,0,0.0075168452928666757,8.3987397709328795e-06,1.930357151052798e-06,3.7151085994883185e-06,7.3766153631940787e-06,1.3108428640610996e-05,2.2275319010643455e-05
1345,8,15686.059305962644,2.3843219264880617,12.104359470877908,0,0.0070298239355179809,7.8545798895076399e-06,1.8052880398439174e-06,3.4744042664434931e-06,6.8986795953485857e-06,1.2259124915374396e-05,2.0832086420738512e-05
1346,8,13775.355735154113,2.7150380623531984,24.120381561349369,0,0.0055012442877364369,6.1466635787855678e-06,1.4127424254158772e-06,2.7189225220120707e-06,5.398616247711038e-06,9.5934751043493368e-06,1.6302313895045685e-05
1347,8,14444.007344936505,2.5893517117678573,38.025051913873753,0,0.0052732844042052886,5.8919588901301858e-06,1.3542013787157265e-06,2.6062561452743976e-06,5.1749090522678136e-06,9.1959418640382992e-06,1.56267806188581e-05
1348,8,14912.657692547022,2.5079778477105892,3.5086505081536643,0,0.007934303913621224,8.8651756471876759e-06,2.0375622620329202e-06,3.9214324030881517e-06,7.7862861167318859e-06,1.3836423740598209e-05,2.3512410315406023e-05
1349,8,12992.045682941613,2.8787318068397321,12.627484370312937,0,0.0061147003992083667,6.8320918456185316e-06,1.5702805076164849e-06,3.0221156816878203e-06,6.0006280758410487e-06,1.0663265069164451e-05,1.8120221547745924e-05
1350,8,14488.549277161103,2.5813913061920544,25.190529363352987,0,0.0058425435629291993,6.5280049107765626e-06,1.5003894995338853e-06,2.8876055030853985e-06,5.7335484405051499e-06,1.0188657926350769e-05,1.7313715611698657e-05
1351,8,15019.816136954933,2.4900847521946643,38.410346555096993,0,0.0051622909955289092,5.7679434661801472e-06,1.3256978094908152e-06,2.5513990142580849e-06,5.0659862725968741e-06,9.0023833803226372e-06,1.5297864233058418e-05
1352,8,12093.753463784396,3.0925564387762363,3.6865609171999392,0,0.006204836282716065,6.9328026890787112e-06,1.5934277775836698e-06,3.0666642366859799e-06,6.0890824363011389e-06,1.0820450663770255e-05,1.8387329021854184e-05
1353,8,14060.569032231691,2.6599645474990159,13.595852352560781,0,0.0067408985871552848,7.5317571201701875e-06,1.7310908080794662e-06,3.3316064563926418e-06,6.6151442716176299e-06,1.1755275605735125e-05,1.9975888899798726e-05
1354,8,15307.065715995232,2.4433562798594894,26.042460990545727,0,0.0060073146278898527,6.7121073157704858e-06,1.5427033946775329e-06,2.9690415811916063e-06,5.8952456315265004e-06,1.0475997849273474e-05,1.780199598634001e-05
1355,8,12767.765375006134,2.9293000023804772,38.598015691739377,0,0.0041340438825390154,4.6190599138725728e-06,1.0616396720308028e-06,2.0432004890745302e-06,4.0569215445999851e-06,7.2092503064873545e-06,1.2250770462835563e-05
1356,8,12945.347161482779,2.8891164274589394,4.1259513029633839,0,0.0067123696749896832,7.499881126998681e-06,1.7237644647179917e-06,3.3175063914330697e-06,6.5871475783804148e-06,1.1705524786774951e-05,1.9891346702273593e-05
1357,8,14865.498300048159,2.5159341710918413,14.482448042397859,0,0.0066389166393274824,7.4178104034602685e-06,1.7049014194998572e-06,3.2812031293842779e-06,6.5150648401799598e-06,1.157743197138497e-05,1.9673676956798265e-05
1358,8,12499.230923884521,2.9922333118856765,26.553600372952737,0,0.0047009453003476719,5.2524715777345561e-06,1.2072223151706581e-06,2.3233845623534763e-06,4.6132471765765128e-06,8.1978547664804332e-06,1.3930718557717536e-05
1359,8,13039.569848319275,2.8682399479780054,38.872326573025269,0,0.0042809177294410765,4.7831653558798555e-06,1.0993574871013192e-06,2.1157910866465714e-06,4.2010553977387891e-06,7.4653797419454377e-06,1.2686014460363164e-05
1360,8,13210.698870725439,2.8310852824204193,4.3953193399631525,0,0.0076177073203643466,8.5114351755496945e-06,1.9562589394313054e-06,3.7649584196082056e-06,7.4755957668892679e-06,1.3284319275377053e-05,2.2574212196685612e-05
1361,8,15388.479854197802,2.4304294834682052,15.067724148200584,0,0.0069525678168624629,7.7682598960769165e-06,1.7854483470873317e-06,3.4362213772662239e-06,6.8228647222773187e-06,1.2124400003660772e-05,2.0603146669882005e-05
1362,8,12891.148390000641,2.901263255367506,27.172555325150384,0,0.0052125657502502662,5.8241165767738762e-06,1.3386085757115719e-06,2.5762466952100562e-06,5.1153231304952684e-06,9.0900562017008463e-06,1.5446847770163116e-05
1363,8,13363.925303105054,2.798624976952615,39.03066863696953,0,0.0048544532659980022,5.423989469354052e-06,1.2466437995422851e-06,2.399253991756088e-06,4.7638913861711262e-06,8.4655532669939792e-06,1.4385622014195612e-05
1364,8,13811.852267371636,2.7078638273413924,4.4566333210645945,0,0.0088224543409379675,9.8575260316707664e-06,2.2656429876277981e-06,4.3603898595220209e-06,8.657867722008418e-06,1.5385245892047561e-05,2.614434343722964e-05
1365,8,15740.870485676798,2.3760194950737348,15.43618795921091,0,0.0075702410150439393,8.4584000084361621e-06,1.944069394703512e-06,3.7414987803298599e-06,7.4290149655798605e-06,1.3201544034982458e-05,2.243355118105023e-05
1366,8,13440.597595404515,2.7826601367923192,27.549538450523293,0,0.0058191543800094102,6.5018716523224515e-06,1.494383060030688e-06,2.8760456862719844e-06,5.7105955926898034e-06,1.014787014592948e-05,1.7244404419218616e-05
1367,8,13761.163168196557,2.7178382151470633,39.08290530757364,0,0.0059446148143705736,6.6420514084160832e-06,1.5266018216530788e-06,2.9380529673095516e-06,5.8337155095596922e-06,1.0366657294921898e-05,1.7616192195835607e-05
1368,8,14547.74064313449,2.570888226622964,4.4944125048371371,0,0.0093953733216985205,1.0497661253530698e-05,2.4127709659745822e-06,4.6435480394906133e-06,9.220098656753658e-06,1.638434422167238e-05,2.7842123897844524e-05
1369,8,11987.114709240192,3.1200681774212784,15.547456901666735,0,0.0058054486693273795,6.4865579544998676e-06,1.4908633764939753e-06,2.8692718068540813e-06,5.6971455678400829e-06,1.0123969117845963e-05,1.72037890991189e-05
1370,8,13779.513975577935,2.7142187460084348,27.824996038140206,0,0.0069279894584553785,7.7407979451899261e-06,1.7791365223704816e-06,3.4240738250522494e-06,6.7987448835465888e-06,1.2081538451409806e-05,2.0530311490635296e-05
1371,8,14227.360384610503,2.6287810340317557,39.108273919592314,0,0.0080709770446603553,9.0178836006645925e-06,2.0726604908216022e-06,3.9889814219464108e-06,7.9204095526785906e-06,1.4074764416175967e-05,2.391742564769831e-05
1372,8,15567.707232400488,2.4024485163466038,4.6950485250358636,0,0.0093019889638108078,1.0393320816815996e-05,2.3887894742687348e-06,4.5973939658693873e-06,9.1284564235776959e-06,1.6221493698104732e-05,2.7565389938117174e-05
1373,8,12268.394365522436,3.0485338202450407,16.014754537297765,0,0.0066623662513326087,7.4440111806862277e-06,1.7109233774436324e-06,3.2927928125320187e-06,6.538076989750486e-06,1.1618325132497507e-05,1.9743167224023227e-05
1374,8,13957.643950075064,2.6795793958619862,28.184505451094804,0,0.0091376313898505219,1.0209680414587117e-05,2.346581765334641e-06,4.5161622506190618e-06,8.9671650097071335e-06,1.5934874851253259e-05,2.7078334897187287e-05
1375,8,14328.294054832488,2.6102629524681467,39.15269774047227,1,0.084971512014626188,9.4940575407449697e-05,2.1821037877267335e-05,4.199612772350586e-05,8.338633250251187e-05,0.00014817958310058081,0.00025180344455655047
1376,8,16793.615698639798,2.2270734197179531,5.0460941187796005,0,0.010116821966835632,1.1303751999385053e-05,2.5980419802096862e-06,5.0001151845110902e-06,9.9280883721365574e-06,1.7642459523263043e-05,2.9980055183390102e-05
1377,8,12594.667072508368,2.9695596499757335,16.809705882907465,0,0.0089632016876855583,1.001478619770133e-05,2.3017874919644442e-06,4.4299525095280483e-06,8.7959893674455472e-06,1.5630691485153883e-05,2.6561432245972246e-05
1378,8,13809.501590935486,2.7083247644468567,28.870789987246184,1,0.093680816753593646,0.00010467167685206175,2.4057623576259724e-05,4.6300594779919476e-05,9.19331614762535e-05,0.00016336751038018447,0.00027761248197355216
1379,8,11662.10855404906,3.2070199801401631,5.2753942815957267,0,0.0067446778794243338,7.5359798081528928e-06,1.7320613460609253e-06,3.3334743252474186e-06,6.6188530595902019e-06,1.176186621404096e-05,1.9987088404065152e-05
1380,8,16553.108877172501,2.2594314712069594,5.6996275593366867,1,0.11444150606506182,0.00012786806046762933,2.9389054982891012e-05,5.6561310863238847e-05,0.00011230655134378279,0.00019957152998765609,0.0003391344315782175
1381,8,12456.653158805257,3.0024609874411898,18.253743777886857,1,0.099738052870969249,0.00011143956256725812,2.5613147017175466e-05,4.9294309445052792e-05,9.7877397290755251e-05,0.00017393056500089076,0.00029556241463551285
1382,8.0999999999999996,18538.152878461202,2.8497862450696481,10.369597471298796,1,0.039280739612273893,3.6241727242102558e-05,9.05372677039804e-06,1.6148052958240886e-05,3.1234985511306113e-05,5.5454274585768519e-05,9.353137867899331e-05
1383,8.0999999999999996,18367.803656479435,2.8762161263304216,21.592872549046547,1,0.037530863162325429,3.4627232565261115e-05,8.6504017969844255e-06,1.5428690291879151e-05,2.9843530918031668e-05,5.2983900297900199e-05,8.9364747436886005e-05
1384,8.0999999999999996,16751.93389393016,3.153652194220943,10.576393403238248,0,0.0036510857809585592,3.3686141431428932e-06,8.4153031237108605e-07,1.5009372819338859e-06,2.9032450151000277e-06,5.1543915779581344e-06,8.6936012442499602e-06
1385,8.0999999999999996,16862.836222649348,3.1329114737578152,21.823935307872635,0,0.0034410220659300749,3.1748023173302686e-06,7.9311321282012985e-07,1.4145814742691834e-06,2.7362080101930314e-06,4.8578357837272059e-06,8.1934184811202632e-06
1386,8.0999999999999996,17017.293807222784,3.1044755811652074,17.030063886586355,0,0.0032370395983069259,2.9866012542459263e-06,7.4609776591050767e-07,1.3307256273008124e-06,2.5740066493312137e-06,4.5698651425959419e-06,7.707715777671808e-06
1387,8.0999999999999996,15808.860921138572,3.3417823931512056,22.018427504794865,0,0.0027135611206516143,2.5036224612914561e-06,6.2544242302093042e-07,1.115527078008834e-06,2.1577506718104858e-06,3.8308485271713406e-06,6.4612610467485897e-06
1388,8.0999999999999996,16091.19734484493,3.283147422150154,17.230286231527252,0,0.0029211792594592101,2.6951779164954296e-06,6.7329584736824582e-07,1.2008775254201878e-06,2.3228430204156855e-06,4.1239517984454153e-06,6.9556206477417772e-06
1389,8.0999999999999996,15786.099821604275,3.346600723361457,17.3868223046954,0,0.0029661316074190455,2.7366524597380774e-06,6.8365681002153162e-07,1.2193571391600949e-06,2.3585879160333311e-06,4.1874129214193013e-06,7.0626566944415574e-06
1390,8.0999999999999996,16149.492410256822,3.2712961955685942,17.439807026775718,0,0.0032121697311664377,2.9636554810667655e-06,7.4036556778672988e-07,1.3205017889613854e-06,2.5542308012318942e-06,4.5347553036536709e-06,7.6484981309529971e-06
1391,8.0999999999999996,16439.203336279279,3.2136455764524969,11.227006097080897,0,0.0029712733322609401,2.7413963874520977e-06,6.8484191428144564e-07,1.2214708683277014e-06,2.3626764770564928e-06,4.1946717109441757e-06,7.0748996567176591e-06
1392,8.0999999999999996,16455.003494418794,3.2105598215130025,22.522896073713081,0,0.002916986640382101,2.6913096655785059e-06,6.7232950029965238e-07,1.1991539673721684e-06,2.3195091627179807e-06,4.1180329015043073e-06,6.9456376014338786e-06
1393,8.0999999999999996,17441.459602074789,3.028976604443848,11.305460327682896,0,0.0028543819420617554,2.6335484721031385e-06,6.5789988826254866e-07,1.173417588834231e-06,2.2697275938300907e-06,4.0296512120228074e-06,6.7965695389818481e-06
1394,8.0999999999999996,17381.804764333872,3.0393721364561443,22.601136238009506,0,0.002845121311714775,2.6250043040849699e-06,6.5576542700466999e-07,1.1696106047818482e-06,2.2623637901550929e-06,4.0165775901112104e-06,6.7745190498021852e-06
1395,8.0999999999999996,18427.22640817221,2.866941118095113,11.362723466950738,0,0.0027182114432235333,2.5079130047970732e-06,6.2651426510883275e-07,1.1174387949445504e-06,2.1614484829920099e-06,3.8374135834141971e-06,6.4723339309597035e-06
1396,8.0999999999999996,18291.204105122088,2.8882610886859603,22.666765357796287,0,0.0026990616804804602,2.4902447916998693e-06,6.2210048061024466e-07,1.1095664537930038e-06,2.1462211077508891e-06,3.8103790567762394e-06,6.4267364262178226e-06
1397,8.0999999999999996,19281.410242479298,2.7399330452316502,11.418743680063979,0,0.0026077997343482485,2.4060434606670495e-06,6.0106572584311057e-07,1.0720492697032571e-06,2.0736520677249086e-06,3.6815407235370674e-06,6.209432584005885e-06
1398,8.0999999999999996,19076.361972589224,2.7693840763741009,22.734578728110019,0,0.002581072149222307,2.3813836945950336e-06,5.9490534659996575e-07,1.0610617357535469e-06,2.0523990123496445e-06,3.643808265869052e-06,6.1457915245384519e-06
1399,8.0999999999999996,15802.357352885032,3.3431577265522292,11.449094933501037,0,0.002000357522252924,1.8455969114574898e-06,4.6105777610993398e-07,8.2233378300907817e-07,1.5906303914267198e-06,2.8239889677143417e-06,4.763051784512475e-06
1400,8.0999999999999996,15594.747112155261,3.3876646220738706,22.773095502479809,0,0.0019745468061899579,1.8217830795207539e-06,4.5510872389531121e-07,8.1172316788347439e-07,1.5701064056204223e-06,2.7875508927203621e-06,4.7015938821946952e-06
1401,8.0999999999999996,16382.176213398991,3.2248324272588111,11.399454244298051,0,0.0021374808770101032,1.972111515578613e-06,4.9266302081932689e-07,8.7870428968198958e-07,1.6996671876117864e-06,3.0175717831573168e-06,5.0895562379958354e-06
1402,8.0999999999999996,16078.10433461197,3.2858210136320793,22.730726337140329,0,0.0020978067935624968,1.9355068761272907e-06,4.8351863313859285e-07,8.6239453566754547e-07,1.6681194256833648e-06,2.9615622085118636e-06,4.9950882682145188e-06
1403,8.0999999999999996,16924.955743327591,3.1214127755024927,11.391626933645952,0,0.0023382006148863778,2.1573022748163861e-06,5.3892644870014701e-07,9.6121884997243626e-07,1.8592741137104897e-06,3.3009362912812023e-06,5.567490054847593e-06
1404,8.0999999999999996,16502.086344889292,3.2013996277748511,22.724044321553027,0,0.0022797807582888283,2.1034021566101198e-06,5.2546139114723933e-07,9.3720283226345976e-07,1.8128202181777572e-06,3.2184625191221501e-06,5.4283865200432095e-06
1405,8.0999999999999996,17440.967784232769,3.0290620185536352,11.478730713597328,0,0.0025433486835106382,2.3465787604608017e-06,5.8621055228710081e-07,1.045553867824042e-06,2.0224023290750748e-06,3.59055246043997e-06,6.0559681711243114e-06
1406,8.0999999999999996,16904.877536860648,3.1251201297875766,22.815254117242233,0,0.0024651727220752068,2.2744509976132112e-06,5.6819195584935928e-07,1.0134162457277845e-06,1.9602389114085415e-06,3.4801881629690465e-06,5.8698233702680927e-06
1407,8.0999999999999996,18011.493041910413,2.9331145929495679,11.639430238117855,0,0.0027647854409847249,2.5508837365118089e-06,6.3724899807203802e-07,1.1365850582213681e-06,2.1984828708277182e-06,3.9031640577153241e-06,6.5832312883973278e-06
1408,8.0999999999999996,17365.279107927501,3.0422645529445864,22.986395608967626,0,0.0026655908393889483,2.4593634716082462e-06,6.1438586390472644e-07,1.0958068117944678e-06,2.1196059969646877e-06,3.7631268606407737e-06,6.3470389983247793e-06
1409,8.0999999999999996,18771.93755822293,2.814295163628183,11.766233317700561,0,0.0028815145717949998,2.6585819459088595e-06,6.6415362529988317e-07,1.1845716339503231e-06,2.2913027297610011e-06,4.0679554882231256e-06,6.8611750502625984e-06
1410,8.0999999999999996,17984.275108064587,2.9375536553234149,23.133780928443812,0,0.0027606074560139328,2.5470289875119774e-06,6.3628602398474353e-07,1.1348675161579287e-06,2.1951606497769626e-06,3.8972658203584813e-06,6.573283087363552e-06
1411,8.0999999999999996,17344.301965343133,3.0459440332392687,6.6586610186693136,0,0.0032109789035183519,2.9625567835564776e-06,7.4009109667791616e-07,1.3200122475699747e-06,2.5532838871793184e-06,4.5330741621061061e-06,7.6456626509494665e-06
1412,8.0999999999999996,16478.678496329616,3.205947193751252,16.388757440929986,0,0.0020324552129021615,1.8752113169165858e-06,4.6845589854773433e-07,8.3552893191811659e-07,1.616153609988064e-06,2.8693026295343879e-06,4.8394796035522399e-06
1413,8.0999999999999996,15698.693831465091,3.3652336716160201,29.616327939637653,0,0.0029034865270435705,2.6788540084248505e-06,6.6921789041799252e-07,1.1936041598256545e-06,2.3087742364235113e-06,4.098974222889714e-06,6.9134924782682011e-06
1414,8.0999999999999996,18199.026060426342,2.9028901275610024,6.6892930042736101,0,0.0035433888079198761,3.2692493053064785e-06,8.1670748628594562e-07,1.4566637666885802e-06,2.8176072846072016e-06,5.0023512250041616e-06,8.4371639554593257e-06
1415,8.0999999999999996,17276.743275131597,3.05785484224223,16.467741956183595,0,0.0022421426126938994,2.0686759416759252e-06,5.1678626207063535e-07,9.2173003887117382e-07,1.7828913791606147e-06,3.1653271636954885e-06,5.3387663223798638e-06
1416,8.0999999999999996,16401.354343244751,3.2210616255477773,29.695485100160226,0,0.0031910583892376778,2.9441774492514531e-06,7.3549966344108673e-07,1.3118230555452095e-06,2.5374436310874956e-06,4.5049515330590436e-06,7.5982299095332669e-06
1417,8.0999999999999996,19142.175725083031,2.7598625067897227,6.7021219094305353,0,0.0039463479388079613,3.6410329085560838e-06,9.0958460384301472e-07,1.6223176074720237e-06,3.1380295256131986e-06,5.5712256024134965e-06,9.3966500403770061e-06
1418,8.0999999999999996,18144.244251395998,2.9116546465126194,16.478363256422405,0,0.0024950197855440905,2.3019888989840658e-06,5.7507133643672394e-07,1.0256861766481513e-06,1.9839724918911835e-06,3.5223245196038682e-06,5.9408922203793516e-06
1419,8.0999999999999996,17150.592571018027,3.0803468080345846,29.692362784547317,0,0.0035336833882166634,3.260294759716811e-06,8.1447050655867312e-07,1.4526739326656876e-06,2.8098897964233418e-06,4.988649675224179e-06,8.4140543782349669e-06
1420,8.0999999999999996,15687.246479675188,3.3676893615769141,6.7064688273639952,0,0.0033046798205658119,3.0490083909215241e-06,7.6168800420707981e-07,1.3585320765154902e-06,2.6277923311460661e-06,4.6653556933139497e-06,7.8687739274030411e-06
1421,8.0999999999999996,18996.138842324166,2.7810795404553561,16.540321621803212,0,0.0027547169032818603,2.5415941660822331e-06,6.3492832411734741e-07,1.1324459487839506e-06,2.1904766409966804e-06,3.8889498789609775e-06,6.5592570908153633e-06
1422,8.0999999999999996,17898.996561591212,2.9515494290558428,29.659987350851786,0,0.0038494113001080179,3.5515959159177921e-06,8.8724190231822352e-07,1.5824675946980422e-06,3.0609481229921196e-06,5.4343760666626875e-06,9.1658341863068814e-06
1423,8.0999999999999996,16357.595268097906,3.2296784592213585,6.8750480703408421,0,0.0037832488121970218,3.4905521864921885e-06,8.719922635917483e-07,1.5552686323266234e-06,3.0083374957053009e-06,5.3409716957646528e-06,9.0082946701921174e-06
1424,8.0999999999999996,15500.449077440107,3.4082737098841429,16.605918467108932,0,0.0023056976826441723,2.1273139798780068e-06,5.3143492306538677e-07,9.4785710891750843e-07,1.8334286579558066e-06,3.2550505328358929e-06,5.4900973149518943e-06
1425,8.0999999999999996,18792.720157503129,2.8111828750317644,29.617153788326441,0,0.0035483596386621614,3.2738355603950224e-06,8.1785320156032108e-07,1.4587072424190572e-06,2.821559955248004e-06,5.0093687561306866e-06,8.4490000017531328e-06
1426,8.0999999999999996,17514.548176788412,3.0163366219204559,7.0623908285789501,0,0.0035206344326579168,3.2482553558557229e-06,8.1146288298961381e-07,1.4473095931065992e-06,2.7995136186365119e-06,4.9702279150497319e-06,8.3829835069688593e-06
1427,8.0999999999999996,16405.889722998189,3.2201711686492036,16.706341042911983,0,0.0021066167239595758,1.9436352132620903e-06,4.8554921360802106e-07,8.6601623994334778e-07,1.6751248449047076e-06,2.9739995583210425e-06,5.0160655956334578e-06
1428,8.0999999999999996,15332.370027699502,3.4456364532420372,29.588951791492413,0,0.0028193019918476155,2.601182533990045e-06,6.498143917191295e-07,1.1589964526890912e-06,2.2418329628355758e-06,3.9801273687644654e-06,6.7130406609641408e-06
1429,8.0999999999999996,19225.657664130391,2.7478785904215055,7.2342559391147327,0,0.0039757969946649114,3.6682035947610739e-06,9.1637224857696745e-07,1.6344239200883887e-06,3.1614466211692625e-06,5.6128000749387708e-06,9.46677119446634e-06
1430,8.0999999999999996,17573.575627729562,3.0062051230300728,16.786220195552595,0,0.0023227305859621879,2.1430291075025318e-06,5.3536079753389437e-07,9.5485922312225137e-07,1.8469727636321532e-06,3.2790965998629747e-06,5.530654365200058e-06
1431,8.0999999999999996,16210.894281673834,3.2589055337780022,29.47183639229398,0,0.0030736303953091916,2.8358344453123501e-06,7.0843395687042249e-07,1.2635491817980696e-06,2.4440680550371935e-06,4.3391734880516761e-06,7.3186220845266349e-06
1432,8.0999999999999996,15074.198609040892,3.5046488673933145,7.3509889152678154,0,0.0030017036953831917,2.7694724606381071e-06,6.9185573825605271e-07,1.2339805898881142e-06,2.3868738817033829e-06,4.2376315362677987e-06,7.1473574017759325e-06
1433,8.0999999999999996,18287.223030975634,2.8888898545477262,16.765131378670169,0,0.0026881785174689078,2.4802036206504124e-06,6.1959204555334694e-07,1.1050924572644658e-06,2.137567109828793e-06,3.7950148371622144e-06,6.4008225241144966e-06
1434,8.0999999999999996,16862.938001526301,3.1328925645848487,29.313750167230452,0,0.0034988039982523666,3.2281138652139489e-06,8.0643123668310712e-07,1.4383352455163599e-06,2.7821546455343401e-06,4.9394089713179873e-06,8.3310030542771176e-06
1435,8.0999999999999996,15695.091631316756,3.3660060306130761,7.3532727456254348,0,0.0036123885269964732,3.3329107593228471e-06,8.3261107185790706e-07,1.4850290960777568e-06,2.8724740016526279e-06,5.0997610346407116e-06,8.6014592033950554e-06
1436,8.0999999999999996,18817.981424237751,2.8074091418748957,16.503653906014797,0,0.003021092339177996,2.7873610734020589e-06,6.9632458189543974e-07,1.2419511334643644e-06,2.4022912087189198e-06,4.2650033013479745e-06,7.1935237062484001e-06
1437,8.0999999999999996,17332.836714414982,3.0479588513114395,29.049688761443885,0,0.0039136932134137018,3.6109045641667961e-06,9.0205809175591489e-07,1.6088934652535164e-06,3.1120633680348757e-06,5.5251255511820196e-06,9.3188958657699e-06
1438,8.0999999999999996,15656.648536304418,3.3742708702655042,7.1236447079744103,0,0.005169079097964979,4.7691656677147722e-06,1.1914090790929828e-06,2.124974321847871e-06,4.1103123903828399e-06,7.2974066803095282e-06,1.230809550190759e-05
1439,8.0999999999999996,19000.634046238334,2.7804215876941245,15.866297257470263,0,0.0038535135761506609,3.5553808133223922e-06,8.8818742642987319e-07,1.5841540133204967e-06,3.0642101423435908e-06,5.4401674225368586e-06,9.175602116793361e-06
1440,8.0999999999999996,17624.696211202143,2.9974855991253211,28.556909275994208,0,0.0051005388449906763,4.7059281325278524e-06,1.1756113947996504e-06,2.0967978759427019e-06,4.0558110283992007e-06,7.2006455183219524e-06,1.2144894288820188e-05
1441,8.0999999999999996,14939.657869613404,3.5362103699503344,6.6138750960410233,0,0.0058550560897374909,5.4020710375110474e-06,1.349518328450072e-06,2.4069749384507223e-06,4.6557828069431408e-06,8.2658292924282172e-06,1.394147548446025e-05
1442,8.0999999999999996,19015.317779825891,2.7782745307620496,14.863337887787237,0,0.0042099193119227961,3.88421269354846e-06,9.7033455967976062e-07,1.730670060438686e-06,3.347614378182128e-06,5.943320411267122e-06,1.0024239901237031e-05
1443,8.0999999999999996,17954.028742665338,2.9425024232301786,27.791981590081797,0,0.0055657319308489855,5.1351308690089356e-06,1.2828326726170217e-06,2.2880356851182764e-06,4.4257200331727218e-06,7.8573781912099902e-06,1.3252565659108427e-05
1444,8.0999999999999996,15129.749518853474,3.4917810778165776,5.9012488366430587,0,0.0059829306499639568,5.5200523937348827e-06,1.3789918399114875e-06,2.4595433266972493e-06,4.7574652109753267e-06,8.4463551950799357e-06,1.4245957631028951e-05
1445,8.0999999999999996,19534.165884861723,2.7044806209503021,13.827445233775236,0,0.00436844396984566,4.0304728574429524e-06,1.006872541229272e-06,1.7958385016796843e-06,3.4736689138726482e-06,6.1671163477958399e-06,1.0401703002912142e-05
1446,8.0999999999999996,18506.927095254654,2.8545945423637118,27.011527924473139,0,0.0057945088450320177,5.3462081197163189e-06,1.3355629341353351e-06,2.3820843655228632e-06,4.607637269720771e-06,8.180352196873226e-06,1.3797306425312806e-05
1447,8.0999999999999996,15806.261770788155,3.342331909223009,5.2422878607791663,0,0.0063141245687405182,5.8256230063817141e-06,1.4553279598068329e-06,2.5956949621460921e-06,5.0208216894054371e-06,8.9139155998548323e-06,1.5034563551870395e-05
1448,8.0999999999999996,14873.712990591073,3.5518886989050076,13.200545424012164,0,0.0033416819316657112,3.0831477791077256e-06,7.7021653516482488e-07,1.3737434003221626e-06,2.6572154126740918e-06,4.717593132054684e-06,7.9568796631750178e-06
1449,8.0999999999999996,18888.954700642542,2.796860594950759,26.552177272668317,0,0.0060433733832622721,5.5758188858016513e-06,1.3929231456338469e-06,2.4843909356749846e-06,4.8055276435433399e-06,8.5316847474794992e-06,1.43898778380393e-05
1450,8.0999999999999996,16074.16233340267,3.2866268229887741,4.922931516764419,0,0.0065885114918296708,6.078781580368687e-06,1.5185707667279933e-06,2.708493616367662e-06,5.2390067758314457e-06,9.3012791761500096e-06,1.5687906321414284e-05
1451,8.0999999999999996,15183.396952966992,3.4794435820709775,12.756939525606418,0,0.0036219265402931597,3.3417108501496007e-06,8.3480946646994835e-07,1.4889501104311418e-06,2.8800583727736735e-06,5.1132262497455697e-06,8.6241701691839714e-06
1452,8.0999999999999996,18965.123219826004,2.7856277267320451,26.6451601640319,0,0.0061920138359915907,5.7129595506193617e-06,1.4271829396021616e-06,2.5454960453572865e-06,4.9237225256464135e-06,8.7415267352212223e-06,1.4743805656315381e-05
1453,8.0999999999999996,16041.707125966572,3.2932762496655945,5.0193365579670539,0,0.0067493794270123081,6.2272037304207611e-06,1.5556488448303364e-06,2.7746253634338603e-06,5.3669246224468734e-06,9.5283832158834197e-06,1.6070949001144622e-05
1454,8.0999999999999996,15194.402700152748,3.4769233200266529,13.167870030117676,0,0.0038415041464202834,3.5443005108403702e-06,8.8541940076334121e-07,1.5792170159727223e-06,3.0546605674799297e-06,5.4232132047583639e-06,9.1470064607309259e-06
1455,8.0999999999999996,18687.926781280577,2.8269467073766492,27.395978747501388,0,0.006328661492854523,5.8390352599156134e-06,1.4586785418047616e-06,2.6016709957635836e-06,5.0323810596861842e-06,8.934437987910852e-06,1.5069177425426635e-05
1456,8.0999999999999996,15734.716708307764,3.3575293449130528,5.5363544358425889,0,0.0067900942559536281,6.2647685965552857e-06,1.5650331115314405e-06,2.7913629610559968e-06,5.3992999571434754e-06,9.5858620547777632e-06,1.6167895090275058e-05
1457,8.0999999999999996,15096.059533075344,3.4995737110262071,14.3287369047491,0,0.004136021803245832,3.8160323746497652e-06,9.5330209391719387e-07,1.7002912820506941e-06,3.2888530708434709e-06,5.8389961857605301e-06,9.8482825252883455e-06
1458,8.0999999999999996,18523.99594837768,2.8519641890044691,28.500479801967433,0,0.0065543593569014217,6.0472716757431041e-06,1.5106991201826842e-06,2.6944538989666679e-06,5.2118499185473559e-06,9.2530651688096401e-06,1.5606586664600284e-05
1459,8.0999999999999996,16012.432069554292,3.2992972493220738,6.2550372668173111,0,0.0070107475042500925,6.4683506807720921e-06,1.6158909680992116e-06,2.8820720559984408e-06,5.5747574735138946e-06,9.8973675391462533e-06,1.6693292593653991e-05
1460,8.0999999999999996,15217.406987668686,3.4716672245703388,15.738085353206543,0,0.0045320298178969584,4.1814026450249227e-06,1.044577064778964e-06,1.863087564798794e-06,3.6037479715526225e-06,6.3980573796023779e-06,1.0791217305637476e-05
1461,8.0999999999999996,19083.476687046648,2.7683515927627829,29.575679211505737,0,0.0072496124865543748,6.6887355213278047e-06,1.6709464050931523e-06,2.9802678746666202e-06,5.7646964699553302e-06,1.0234583295478078e-05,1.7262054061324317e-05
1462,8.0999999999999996,17468.819848437928,3.0242325205936051,6.9626756894323423,0,0.0081384666782845713,7.5088221972064752e-06,1.8758163507734428e-06,3.3456699699909331e-06,6.4714893683171852e-06,1.1489416195811653e-05,1.9378504994217406e-05
1463,8.0999999999999996,15686.059305962644,3.3679442396316315,12.104359470877908,0,0.0059028864960807056,5.4462009739043039e-06,1.3605426481197879e-06,2.4266377030083194e-06,4.6938162570226648e-06,8.3333534916435677e-06,1.4055364476679212e-05
1464,8.0999999999999996,16879.634939825617,3.1297935808665551,24.612741532678637,0,0.0061555068834558717,5.6792770123245255e-06,1.4187685365959867e-06,2.5304882779702749e-06,4.8946931808639441e-06,8.6899883326812451e-06,1.4656878942721438e-05
1465,8.0999999999999996,17121.946393959148,3.0855004370692392,38.180472047958624,0,0.0065964220540518067,6.0860801302742174e-06,1.5203940539080816e-06,2.7117455963189918e-06,5.2452970417183307e-06,9.3124468500259127e-06,1.5706742163052336e-05
1466,8.0999999999999996,19308.276461374902,2.7361206054678138,3.7017516548888749,0,0.0099867810780874099,9.2141390266883247e-06,2.3018300594455245e-06,4.1054998282395643e-06,7.941219166381904e-06,1.4098759483621585e-05,2.377952686275111e-05
1467,8.0999999999999996,16745.801459378221,3.1548070846409417,13.122463722619036,0,0.0065636062316346113,6.0558031523708362e-06,1.5128304109409733e-06,2.6982552281769539e-06,5.2192027841289852e-06,9.2661193713418711e-06,1.5628604400284595e-05
1468,8.0999999999999996,17784.014175502834,2.9706326457391783,25.573049291075154,0,0.0065623272486610212,6.0546231198018557e-06,1.5125356211151917e-06,2.6977294467127023e-06,5.218185771337383e-06,9.2643137772082565e-06,1.5625559013613987e-05
1469,8.0999999999999996,17761.739102816271,2.9743581287972205,38.524632012339687,0,0.0065422093774895095,6.0360616974130099e-06,1.5078986995453131e-06,2.6894591225718828e-06,5.202188582364797e-06,9.2359125311258756e-06,1.557765634565684e-05
1470,8.0999999999999996,16489.372232612273,3.2038680634276431,3.8834597483573843,0,0.0082948477256727573,7.6531045941577294e-06,1.9118602564915244e-06,3.4099571870804137e-06,6.5958393626815124e-06,1.1710185907061307e-05,1.975086394432515e-05
1471,8.0999999999999996,17938.988067457954,2.9449695202079078,13.948978073136422,0,0.0071635043419167729,6.6092892603336666e-06,1.651099538105669e-06,2.9448693843767538e-06,5.6962255939812798e-06,1.0113020800883078e-05,1.7057021937109209e-05
1472,8.0999999999999996,18739.086485167023,2.8192288414835263,26.323576579171064,0,0.0068514723046365399,6.3213980419520703e-06,1.5791799959323044e-06,2.8165950720189852e-06,5.4481061272982745e-06,9.6725120313005411e-06,1.6314042376975979e-05
1473,8.0999999999999996,18394.723858444399,2.8720068585201766,38.763080689786925,0,0.0066423654508213567,6.1284690483733419e-06,1.5309834411080496e-06,2.7306326236875993e-06,5.2818299926403827e-06,9.3773070783467004e-06,1.5816137996314837e-05
1474,8.0999999999999996,17508.953523128414,3.0173004350175274,4.2166696967777408,0,0.0082576378843149511,7.6187735470714842e-06,1.9032838462673601e-06,3.3946604667349076e-06,6.5662510996507948e-06,1.1657655206766044e-05,1.9662263581985362e-05
1475,8.0999999999999996,18899.146789003786,2.7953522808117102,14.671104155847317,0,0.0072996051758581291,6.7348604524703868e-06,1.6824691043585236e-06,3.0008195394868432e-06,5.8044493091708642e-06,1.0305160080622549e-05,1.7381091666028421e-05
1476,8.0999999999999996,15931.251693056312,3.3161093741970733,26.788711202821741,0,0.0055678196834514629,5.1370570995513039e-06,1.2833138738829244e-06,2.2888939464423067e-06,4.4273801577766183e-06,7.8603255594934729e-06,1.3257536807339796e-05
1477,8.0999999999999996,15924.605365896201,3.3174933926573882,38.917129079857013,0,0.0055237979325178837,5.0964411563230853e-06,1.2731674023846483e-06,2.2707968950016608e-06,4.3923752478343666e-06,7.7981781995375969e-06,1.3152716605446387e-05
1478,8.0999999999999996,18063.32600762356,2.9246979797486032,4.3982192157581768,0,0.0079259805666239223,7.3127753870508451e-06,1.826840918628609e-06,3.2583183310489131e-06,6.3025261388926473e-06,1.118944060222558e-05,1.8872554261875567e-05
1479,8.0999999999999996,15388.479854197802,3.4330728949569167,15.067724148200584,0,0.0056843831781658166,5.2446024875333537e-06,1.3101803240303331e-06,2.3368124302647666e-06,4.5200683073503706e-06,8.0248831545481952e-06,1.3535086173056638e-05
1480,8.0999999999999996,16499.981113220128,3.2018080941746483,27.319806052277197,0,0.0058203660496703551,5.3700648435712086e-06,1.3415227013941122e-06,2.3927140917951627e-06,4.628198221989322e-06,8.2168559017471212e-06,1.3858875021588749e-05
1481,8.0999999999999996,16268.973537184687,3.2472714373336622,39.026179000187533,0,0.0061223080599338287,5.6486466647618065e-06,1.4111166165905567e-06,2.5168404606003155e-06,4.8682943711180244e-06,8.6431201552057738e-06,1.4577829215929455e-05
1482,8.0999999999999996,18943.35941196237,2.7888281024049006,4.4893484390852825,0,0.0084054487242910588,7.7551487833505464e-06,1.937352424712063e-06,3.4554245280865028e-06,6.683786296050842e-06,1.1866325995241396e-05,2.0014216009132272e-05
1483,8.0999999999999996,15740.870485676798,3.3562167435472392,15.43618795921091,0,0.0062474150899844922,5.7640746048647709e-06,1.4399522464263239e-06,2.5682711354462416e-06,4.9677761097402261e-06,8.819739018942028e-06,1.4875721595721014e-05
1484,8.0999999999999996,16883.793180249439,3.1290227567959663,27.674905108377157,0,0.0068694872756873858,6.3380192581904506e-06,1.5833322249198673e-06,2.8240009077909606e-06,5.4624311467687312e-06,9.6979445247100102e-06,1.6356937828942499e-05
1485,8.0999999999999996,16778.577786266516,3.1486442864829041,39.081281016212138,0,0.0079700292102869788,7.3534161424128507e-06,1.8369935885698677e-06,3.2764264379132622e-06,6.3375524332086113e-06,1.125162592778036e-05,1.8977438498053699e-05
1486,8.0999999999999996,20131.313594046122,2.6242586125955318,4.6434926133321017,0,0.009515163342064847,8.7790086925810992e-06,2.1931279788796127e-06,3.9116208877585561e-06,7.5662014529441252e-06,1.3432956861495252e-05,2.2656557756388545e-05
1487,8.0999999999999996,16146.813400748699,3.2718389548979006,15.851436141833069,0,0.0075012339616183522,6.9208899297614677e-06,1.7289420565824116e-06,3.0837078033662874e-06,5.9647790856477544e-06,1.0589807929932616e-05,1.7861190017018542e-05
1488,8.0999999999999996,17253.108848416796,3.0620436899918397,28.044734146813049,0,0.0092808105347014971,8.5627869358952945e-06,2.1391125426458075e-06,3.8152799944462184e-06,7.3798504164111752e-06,1.3102111132576946e-05,2.2098540229571466e-05
1489,8.0999999999999996,17006.233103855135,3.1064947045834082,39.146080259138195,1,0.083364806637311717,7.6915165385430372e-05,1.9214561360383548e-05,3.4270722133047257e-05,6.6289447530046958e-05,0.00011768960879266318,0.00019849996143298407
1490,8.0999999999999996,15567.707232400488,3.3935487283627999,4.6950485250358636,0,0.0073891991958554212,6.8175228989343724e-06,1.7031194226907071e-06,3.0376510501441911e-06,5.8756920592854946e-06,1.0431643732285265e-05,1.759442400891337e-05
1491,8.0999999999999996,16628.315561463995,3.1770970960203364,16.46371156459189,0,0.01017652230852144,9.3892006469084876e-06,2.3455630765522612e-06,4.1835011965349085e-06,8.0920962792367869e-06,1.4366625170382801e-05,2.4231319752852345e-05
1492,8.0999999999999996,17241.522360107279,3.0641014162573237,28.642462894256493,1,0.097786868377979841,9.0221443042960448e-05,2.2538668995694481e-05,4.0199536586494028e-05,7.7757482347094389e-05,0.00013804984079832574,0.00023284033616403321
1493,8.0999999999999996,16793.615698639798,3.1458248199829884,5.0460941187796005,0,0.010715301574432151,9.8862964600620401e-06,2.4697450627179956e-06,4.4049897989544467e-06,8.5205190312171192e-06,1.5127242553045211e-05,2.5514207194425333e-05
1494,8.0999999999999996,16531.700343863558,3.1956648126426419,17.65409811839416,1,0.10891911801121032,0.00010049242976013698,2.5104515451590633e-05,4.4775930982224632e-05,8.6609547237785696e-05,0.00015376570648751429,0.00025934733848303793
1495,8.0999999999999996,16553.108877172501,3.1915317825820457,5.6996275593366867,1,0.12280639659881387,0.00011330529855219393,2.8305362155538002e-05,5.0484899608884497e-05,9.7652336904091531e-05,0.0001733709625913326,0.00029241434091778745
1496,8.1999999999999993,21379.759312295762,3.4904058956997255,10.498674335687415,1,0.043744236056767714,3.3269719019213929e-05,8.9311308204451441e-06,1.5717021436779234e-05,2.8795155436345965e-05,5.0827441875694129e-05,8.5407766425832024e-05
1497,8.1999999999999993,21268.462368852786,3.5086710387471904,21.741331671650684,1,0.043522409002274484,3.310100824862755e-05,8.8858410492254106e-06,1.5637320409055187e-05,2.8649135181109819e-05,5.0569695879076892e-05,8.4974663576978945e-05
1498,8.1999999999999993,22401.001272552072,3.3312813585576198,16.954205777025237,0,0.005673805565883731,4.315218048422168e-06,1.1584040396297571e-06,2.0385616882504801e-06,3.7348489289699347e-06,6.5925262071030914e-06,1.1077735130354676e-05
1499,8.1999999999999993,20895.783324675424,3.571248648245513,17.112000654295958,0,0.0043906431756426103,3.3393077107963187e-06,8.9642458349646076e-07,1.577529730391693e-06,2.8901922654242039e-06,5.10159008188604e-06,8.5724442945539013e-06
1500,8.1999999999999993,20178.448387295051,3.6982049620457311,17.267511685086369,0,0.0038044393283912939,2.8934698349050974e-06,7.7674108415598553e-07,1.3669104748258849e-06,2.5043167211106537e-06,4.4204662434263006e-06,7.4279195347891522e-06
1501,8.1999999999999993,20162.104493526444,3.7012028172078058,17.391602778608632,0,0.003586186655639373,2.7274775636438998e-06,7.321810838457815e-07,1.2884936993717483e-06,2.3606493444959646e-06,4.1668734038092757e-06,7.0017954330441925e-06
1502,8.1999999999999993,20790.460427706057,3.5893403232586309,17.472464130991288,0,0.0036116653447382614,2.7468554041026493e-06,7.3738299216532151e-07,1.2976480277780918e-06,2.3774209898383302e-06,4.196477683275079e-06,7.0515409109300182e-06
1503,8.1999999999999993,21920.505243613927,3.4043028261868353,17.547191483326856,0,0.0038114395581576171,2.8987938661007339e-06,7.7817030028711364e-07,1.3694256121609364e-06,2.5089247042961372e-06,4.4285999726587085e-06,7.4415870266167257e-06
1504,8.1999999999999993,21491.380038560863,3.4722776209989403,11.31555494930131,0,0.0029874759112306038,2.2721275556013548e-06,6.0994408843953643e-07,1.0733807964491504e-06,1.9665409887279433e-06,3.4712175116295729e-06,5.8328517727013327e-06
1505,8.1999999999999993,21361.340623304513,3.4934154774380546,22.6174921223861,0,0.0029704333303925837,2.2591658050496398e-06,6.0646455530093408e-07,1.0672575072454802e-06,1.955322510397897e-06,3.4514153419029792e-06,5.7995772457072376e-06
1506,8.1999999999999993,22566.259632801986,3.3068855524380223,11.36265320554884,0,0.0028396539144617439,2.1597013998221809e-06,5.7976371017052669e-07,1.0202693079086107e-06,1.8692354290115378e-06,3.2994597070363466e-06,5.5442389699482801e-06
1507,8.1999999999999993,22351.749164541514,3.3386218413125675,22.671885151495886,0,0.0028137975396766539,2.1400363101669613e-06,5.7448469088559911e-07,1.0109792794749839e-06,1.8522151676451974e-06,3.2694165858169052e-06,5.4937560854055497e-06
1508,8.1999999999999993,23575.166547570163,3.1653663104225047,11.413467759011677,0,0.0027254496566768371,2.0728432463874979e-06,5.564469658752278e-07,9.7923645582159515e-07,1.7940591394967014e-06,3.1667631326354068e-06,5.3212626088781954e-06
1509,8.1999999999999993,23254.036543677146,3.209078897425607,22.731738829573018,0,0.0026895045334344439,2.0455051498018468e-06,5.4910815676633792e-07,9.6632160523841848e-07,1.7703978413636142e-06,3.1249976607239427e-06,5.2510821013011496e-06
1510,8.1999999999999993,20096.113657975897,3.7133566829057463,11.436693577550862,0,0.0022018539486020603,1.6746220484059382e-06,4.4954598445744945e-07,7.9111190022671716e-07,1.449396135661154e-06,2.5583851423557873e-06,4.2989761554404036e-06
1511,8.1999999999999993,19772.421683243185,3.7741476055773648,22.761984269361452,0,0.002166952254875865,1.6480775330997774e-06,4.4242020925544923e-07,7.7857194712837857e-07,1.4264216872210595e-06,2.5178320553861265e-06,4.2308328759060552e-06
1512,8.1999999999999993,20824.421990519866,3.583486638248599,11.409781320418622,0,0.002200493054533445,1.6735870191687378e-06,4.4926813475528986e-07,7.9062293977894853e-07,1.4485003112104235e-06,2.5568038879916291e-06,4.2963190985748595e-06
1513,8.1999999999999993,20362.435190023272,3.6647894643191217,22.74095752672449,0,0.0021516754332692543,1.6364587323576861e-06,4.3930118593744718e-07,7.7308308381012656e-07,1.4163655405743373e-06,2.5000815622412077e-06,4.2010058785888933e-06
1514,8.1999999999999993,21490.888220718844,3.4723570838889293,11.456190182356542,0,0.0022709177852319289,1.7271486129591014e-06,4.6364654296538066e-07,8.1592609059020216e-07,1.4948582145555411e-06,2.6386320150514643e-06,4.4338187897865811e-06
1515,8.1999999999999993,20884.413395831285,3.5731929136766589,22.79205760264761,0,0.0022068322782957937,1.6784083216392982e-06,4.5056239525279035e-07,7.9290058192672949e-07,1.4526731794563274e-06,2.56416957902575e-06,4.3086960193127864e-06
1516,8.1999999999999993,22150.52626654019,3.3689510151730659,11.584004570202154,0,0.0024154893375779338,1.8371026402389772e-06,4.931632876455576e-07,8.6786971544678651e-07,1.590024131182241e-06,2.8066130529237346e-06,4.7160853119076655e-06
1517,8.1999999999999993,21425.824167346924,3.4829016316677186,22.928613311172871,0,0.0023364614096426082,1.7769978768670221e-06,4.7702839019431022e-07,8.3947549144315133e-07,1.5380030725504952e-06,2.7147886715703457e-06,4.5617884394818061e-06
1518,8.1999999999999993,23065.693863313787,3.2352825973715236,11.69040428491048,0,0.0025829908002980751,1.9644960319711954e-06,5.2736156405912072e-07,9.2805190897847678e-07,1.7002839297207864e-06,3.0012368851802491e-06,5.0431209877718402e-06
1519,8.1999999999999993,22161.949679152509,3.3672144839529263,23.050532610132652,0,0.0024817858277815397,1.8875244969190598e-06,5.0669884524853831e-07,8.9168961611578199e-07,1.6336645718981254e-06,2.8836444816590176e-06,4.8455248829362703e-06
1520,8.1999999999999993,24190.631641785112,3.0848321390408913,11.762401580101065,0,0.0027799713981985432,2.1143098071136108e-06,5.6757850799330118e-07,9.9882576535154456e-07,1.8299487140623752e-06,3.2301132079358396e-06,5.4277127514517802e-06
1521,8.1999999999999993,23095.076245919634,3.2311665550557591,23.143512538079335,0,0.0026540708962708736,2.0185560644244977e-06,5.4187377625180903e-07,9.5359052829927211e-07,1.7470732349291573e-06,3.0838264963438259e-06,5.1819002369166259e-06
1522,8.1999999999999993,19748.385864664233,3.7787411317399338,11.840229568901103,0,0.0022571755518807487,1.7166969447279564e-06,4.6084083197604712e-07,8.1098859491901409e-07,1.4858122285912132e-06,2.6226645955726348e-06,4.4069879759005244e-06
1523,8.1999999999999993,24138.441150063372,3.0915019527713916,23.255859953240378,0,0.0030983509727652305,2.3564536857618653e-06,6.3258112061917272e-07,1.1132174898293367e-06,2.0395257958408354e-06,3.6000458157357859e-06,6.0493280953352512e-06
1524,8.1999999999999993,20817.300665683211,3.5847125019092432,11.888019596847272,0,0.0028079582405745249,2.1355952258571366e-06,5.7329249852194369e-07,1.0088812570282133e-06,1.8483713806587948e-06,3.2626317688338611e-06,5.4823552349447478e-06
1525,8.1999999999999993,21227.690219612647,3.5154101638119695,16.491977694470627,0,0.0023282009833085018,1.7707154020111806e-06,4.7534188347084584e-07,8.3650757362189593e-07,1.5325655502229271e-06,2.7051906907341873e-06,4.5456604960881755e-06
1526,8.1999999999999993,20089.342325162266,3.7146083104378325,29.693762779738233,0,0.0032469943591731569,2.4695045501874895e-06,6.6292919957248625e-07,1.1666240983611915e-06,2.1373720449020044e-06,3.7727580119906422e-06,6.3395446077598357e-06
1527,8.1999999999999993,21905.373658515535,3.406654418025358,11.883901672792184,0,0.0034208317179857954,2.601716713527898e-06,6.9842105708307445e-07,1.2290827384303811e-06,2.2518025212088215e-06,3.9747436687845412e-06,6.6789507073036951e-06
1528,8.1999999999999993,22273.938752404527,3.3502847781792697,16.524311805966327,0,0.0026051416794992828,1.9813429035475186e-06,5.3188404331049303e-07,9.3601057678552443e-07,1.7148650052440341e-06,3.0269745051865473e-06,5.0863691339844859e-06
1529,8.1999999999999993,21017.138798731401,3.5506278312622914,29.662168570015158,0,0.0035873074462463338,2.7283299819722155e-06,7.3240991233692496e-07,1.2888963921967614e-06,2.3613871180325087e-06,4.1681756763956851e-06,7.0039837035685049e-06
1530,8.1999999999999993,20069.844075251007,3.7182171257772936,6.8060627690878093,0,0.0043598606440477311,3.3158960280426717e-06,8.9013980539903143e-07,1.5664697656382292e-06,2.8699293036742602e-06,5.0658231448798698e-06,8.5123434102902142e-06
1531,8.1999999999999993,23544.635690008454,3.169470911964297,16.596876175221045,0,0.0025170417262051839,1.91433840293407e-06,5.1389693737215596e-07,9.0435683267382718e-07,1.6568721797264897e-06,2.9246091272771895e-06,4.9143597240292056e-06
1532,8.1999999999999993,22114.276806883197,3.3744733596285217,29.611997257743823,0,0.0034154790613895548,2.5976457456241e-06,6.9732822107524232e-07,1.2271595634923697e-06,2.2482790723483567e-06,3.9685242930095725e-06,6.6684999945803967e-06
1533,8.1999999999999993,21373.684882823851,3.4913978736650599,6.9830953748660134,0,0.0041905785987577261,3.1871484125971165e-06,8.5557799272785892e-07,1.5056478202913699e-06,2.7584974158163373e-06,4.8691304124611217e-06,8.1818312631480526e-06
1534,8.1999999999999993,20048.945925124397,3.7220928337565566,16.660664562149186,0,0.0022375969631600575,1.70180643104554e-06,4.5684352963620814e-07,8.0395413446516922e-07,1.4729243933869367e-06,2.5999157795019268e-06,4.3687620589995131e-06
1535,8.1999999999999993,23233.799984254088,3.211873994045404,29.567453173936922,0,0.0036699001361868442,2.7911459283701801e-06,7.4927261666473414e-07,1.3185714121612588e-06,2.4157547229818011e-06,4.2641420373548919e-06,7.1652405411954342e-06
1536,8.1999999999999993,23190.059575527535,3.2179321363636757,7.1365613862338959,0,0.004280629441296771,3.2556366638224799e-06,8.7396340593209956e-07,1.5380025063064486e-06,2.8177744370156721e-06,4.9737625738062384e-06,8.3576496570512703e-06
1537,8.1999999999999993,21350.327057553881,3.4952175557364948,16.744677014391279,0,0.0022999901579976723,1.7492596328402794e-06,4.6958216301129138e-07,8.2637160632361811e-07,1.5139954442377922e-06,2.6724118788721908e-06,4.4905807005306413e-06
1538,8.1999999999999993,19773.44985445046,3.7739513590989495,29.534951453591795,0,0.0029946113979936258,2.2775544566303954e-06,6.1140091959016855e-07,1.0759445307493846e-06,1.9712380064147665e-06,3.4795083991017333e-06,5.8467833449889349e-06
1539,8.1999999999999993,19225.657664130391,3.8814816770354477,7.2342559391147327,0,0.0033182754218775302,2.5237174280735709e-06,6.7748244254618804e-07,1.1922349237304394e-06,2.1842936388138682e-06,3.8555811310580906e-06,6.4787162313341905e-06
1540,8.1999999999999993,22238.16997545668,3.3556735124624737,16.73473638011729,0,0.0025275073561597801,1.9222980474343564e-06,5.1603367397264368e-07,9.0811706591078044e-07,1.6637613031504489e-06,2.9367693853171162e-06,4.9347931835940582e-06
1541,8.1999999999999993,20550.925983443816,3.6311764254514198,29.388030369310012,0,0.0032739976212078767,2.4900419059966407e-06,6.6844237542262276e-07,1.1763261959749636e-06,2.1551472582254027e-06,3.8041337280905356e-06,6.3922667148187852e-06
1542,8.1999999999999993,20077.689226892577,3.7167642704781416,7.3160641932148422,0,0.0036184741796583021,2.7520338697716805e-06,7.3877313177884189e-07,1.3000943981812437e-06,2.3819029851258591e-06,4.2043890263990158e-06,7.0648347168094542e-06
1543,8.1999999999999993,22947.675925246283,3.2519213795493465,16.553734035549024,0,0.0027536104313224713,2.094260949478891e-06,5.6219646763904537e-07,9.8935444023918486e-07,1.8125962990455992e-06,3.1994837894693274e-06,5.3762446837779293e-06
1544,8.1999999999999993,21199.382942128359,3.5201042481279963,29.14199050862598,0,0.0035951220037465565,2.7342733508758239e-06,7.3400538734414212e-07,1.2917041122262198e-06,2.3665311419810165e-06,4.1772555918984124e-06,7.0192411171585862e-06
1545,8.1999999999999993,20672.738151030364,3.6097800594721337,7.1965546792224835,0,0.0040590454442639484,3.0871107508114604e-06,8.2872325903253802e-07,1.4583888075578269e-06,2.6719141771979718e-06,4.7162989912863805e-06,7.925021362029219e-06
1546,8.1999999999999993,23549.130893922622,3.1688659037322111,16.068967594438256,0,0.0030097130878401811,2.2890400607510892e-06,6.144841867766007e-07,1.0813704703575624e-06,1.981178870530412e-06,3.4970554025950497e-06,5.8762684089725909e-06
1547,8.1999999999999993,21839.976456494125,3.416855237959231,28.719936779236161,0,0.0039435623462050779,2.9992799742286665e-06,8.0514541771475608e-07,1.416896476421411e-06,2.5958960761032221e-06,4.5821165027273147e-06,7.6995481487733304e-06
1548,8.1999999999999993,20615.169268352529,3.619860549330423,6.8187172262441873,0,0.0052272506309386478,3.97559028139507e-06,1.0672322441654518e-06,1.8781173847741693e-06,3.4408989158545118e-06,6.0736636769454971e-06,1.0205865759254029e-05
1549,8.1999999999999993,23959.755114381584,3.1145576236497496,15.270274490291479,0,0.0037176352026013345,2.8274508770933138e-06,7.5901854347248989e-07,1.3357223131656563e-06,2.4471768892161314e-06,4.3196065175315783e-06,7.258440143478114e-06
1550,8.1999999999999993,22395.108569416301,3.3321579005063611,28.097375292463301,0,0.0049029574022383835,3.728948767649346e-06,1.0010222583298779e-06,1.7616009225671249e-06,3.2274291020198296e-06,5.6968598573279e-06,9.5727043915627994e-06
1551,8.1999999999999993,20133.240136705157,3.7065091085974897,6.2287591342462738,0,0.0057448311474198642,4.3692366198704589e-06,1.1729051217717381e-06,2.0640807208863334e-06,3.7816023494122474e-06,6.67505247667905e-06,1.1216407943619144e-05
1552,8.1999999999999993,19015.317779825891,3.9244170839705794,14.863337887787237,0,0.0031723745874450184,2.4127524140786004e-06,6.4769430228839813e-07,1.1398136964070514e-06,2.0882527066936973e-06,3.6860555695164468e-06,6.1938543726798297e-06
1553,8.1999999999999993,22846.958797024636,3.2662569497869685,27.419783595053339,0,0.0054863065767094465,4.1726155195285356e-06,1.1201229276029375e-06,1.9711945126435641e-06,3.6114255245601561e-06,6.3746667853122996e-06,1.0711655589002179e-05
1554,8.1999999999999993,20783.908290501764,3.5904718645425024,5.6133160155877828,0,0.0060491482124520228,4.6006852439413642e-06,1.2350366335706652e-06,2.1734198765291761e-06,3.9819226196796693e-06,7.0286455286786605e-06,1.181056715526779e-05
1555,8.1999999999999993,19534.165884861723,3.8201804157969801,13.827445233775236,0,0.0033892859698485918,2.5777245657301017e-06,6.9198045532981583e-07,1.217748554903476e-06,2.2310371632359954e-06,3.9380899327863108e-06,6.6173596925438522e-06
1556,8.1999999999999993,23225.399641244599,3.2130356895886458,26.932732192976271,0,0.0056739486923092939,4.3153269033569421e-06,1.1584332613271917e-06,2.0386131126506191e-06,3.7349431436149408e-06,6.5926925090146565e-06,1.1078014575361053e-05
1557,8.1999999999999993,21032.683065450779,3.5480037292464601,5.168182332836694,0,0.0062410597069412089,4.7466437078159399e-06,1.2742186337090557e-06,2.2423724367918952e-06,4.1082506073639482e-06,7.251631942677713e-06,1.2185261825315156e-05
1558,8.1999999999999993,19914.546422651867,3.7472125334171245,13.150260231237835,0,0.0035901339106778046,2.7304796520986021e-06,7.3298698318950638e-07,1.2899119226086327e-06,2.363247671329951e-06,4.1714598109366985e-06,7.0095021909335761e-06
1559,8.1999999999999993,23472.262961905148,3.1792434361097199,26.796313901306576,0,0.0058285357058307317,4.4328981988575285e-06,1.1899948329845457e-06,2.0941552280097972e-06,3.8367018547972251e-06,6.7723107433873287e-06,1.1379835631880869e-05
1560,8.1999999999999993,21235.289393058327,3.5141521535690643,5.0328552306907977,0,0.0064152625564543805,4.8791338454452372e-06,1.3097851123710086e-06,2.3049623953087944e-06,4.2229216722026752e-06,7.4540422715887182e-06,1.2525381521602172e-05
1561,8.1999999999999993,20153.523768296,3.7027786708779495,13.097448377982344,0,0.0037672124583044528,2.8651569045764771e-06,7.6914058459874495e-07,1.3535351008813089e-06,2.479811698113609e-06,4.3772114801450886e-06,7.3552365001370975e-06
1562,8.1999999999999993,23458.339139494736,3.1811304930211501,27.168630869669052,0,0.0059178601565175832,4.5008339920907357e-06,1.2082319409206265e-06,2.1262489261247187e-06,3.8955007200570107e-06,6.8760988932014543e-06,1.1554235793092465e-05
1563,8.1999999999999993,21388.875479956052,3.4889182473482507,5.3396452149874296,0,0.006586266952550505,5.0091913963825853e-06,1.3446985722934483e-06,2.3664031701742742e-06,4.3354873176398536e-06,7.6527362433335792e-06,1.2859256446303451e-05
1564,8.1999999999999993,20279.501985838295,3.679776653509053,13.842860304143841,0,0.0039323457175827609,2.9907491570000131e-06,8.0285535194562801e-07,1.4128664142144365e-06,2.5885125990153549e-06,4.5690836419270431e-06,7.6776484133152243e-06
1565,8.1999999999999993,23416.926002736978,3.1867563634764084,27.986582164561849,0,0.0060055583064657705,4.5675329007994113e-06,1.2261370118625867e-06,2.157758304889794e-06,3.953229053818764e-06,6.9779974064893039e-06,1.1725460708234024e-05
1566,8.1999999999999993,21238.853364216917,3.5135624636876273,5.9277443873653022,0,0.0066003244429454384,5.0198828336486924e-06,1.3475686483775609e-06,2.3714539356647899e-06,4.3447408252435011e-06,7.6690699672792752e-06,1.2886702778995734e-05
1567,8.1999999999999993,20258.240419729478,3.6836386777008516,15.053415178133617,0,0.0040493186414568118,3.0797130219785967e-06,8.2673736657753033e-07,1.4548940301422903e-06,2.6655113953922335e-06,4.7049971936352681e-06,7.9060304142585464e-06
1568,8.1999999999999993,23801.94923303659,3.1352070043365052,28.984053222602352,0,0.0062833015671660041,4.7787707935125347e-06,1.2828430289157068e-06,2.2575496642972736e-06,4.1360568063227072e-06,7.3007137392488246e-06,1.2267736300964706e-05
1569,8.1999999999999993,22629.946908093585,3.2975790113581303,6.5626633601917401,0,0.0072888034004331605,5.5435061388204399e-06,1.4881333533701684e-06,2.6188199776631812e-06,4.7979401580604075e-06,8.4690296270829996e-06,1.4230913017663612e-05
1570,8.1999999999999993,21098.731547189196,3.5368968881079375,16.280189222030952,0,0.0045722337003676963,3.4774165516117149e-06,9.3349938187603177e-07,1.6427740328894301e-06,3.0097263539482508e-06,5.3125843218737593e-06,8.9269879446187412e-06
1571,8.1999999999999993,19083.476687046648,3.9104005614936517,29.575679211505737,0,0.0050820496567312587,3.8651575467388531e-06,1.0375869922922821e-06,1.8259476127087204e-06,3.345318674919803e-06,5.9049512992223426e-06,9.9223703320207248e-06
1572,8.1999999999999993,25277.741435646887,2.952163987524723,7.3176748862812291,0,0.0086543537206365106,6.5820766924541983e-06,1.7669337085943404e-06,3.1094533865489749e-06,5.6968296409028916e-06,1.0055694197894111e-05,1.6897060910595077e-05
1573,8.1999999999999993,22679.374969721841,3.290392175794318,17.542690350746099,0,0.0057580796580705912,4.3793127868470805e-06,1.1756100308629415e-06,2.0688408251805918e-06,3.7903233366296876e-06,6.6904462283076186e-06,1.1242274796149819e-05
1574,8.1999999999999993,20100.951791630861,3.7124629085150258,30.582809858516036,0,0.0060059384177115604,4.5678219947574597e-06,1.2262146180472749e-06,2.1578948764049687e-06,3.9534792664957306e-06,6.9784390665568522e-06,1.1726202850637748e-05
1575,8.1999999999999993,19308.276461374902,3.8648730818392485,3.7017516548888749,0,0.0079020833129636869,6.0099367410954581e-06,1.6133448925830904e-06,2.8391674885782136e-06,5.2016388392852462e-06,9.1816137734200015e-06,1.5428302028071493e-05
1576,8.1999999999999993,20624.220494604484,3.6182719231401097,13.495633261422363,0,0.0066510184227789402,5.0584381866976654e-06,1.3579186877545078e-06,2.3896679551466901e-06,4.3781107308717157e-06,7.7279724775457979e-06,1.2985679466648866e-05
1577,8.1999999999999993,21216.034944674626,3.5173413951700434,25.881064324106955,0,0.0065638130165223789,4.9921140346574491e-06,1.3401142188293518e-06,2.3583356160069973e-06,4.3207067514128291e-06,7.6266464945751585e-06,1.2815416601411839e-05
1578,8.1999999999999993,20646.774620393197,3.6143193948836307,38.601695712549194,0,0.008529041208484656,6.4867701459305901e-06,1.741349024979922e-06,3.0644294104248645e-06,5.6143412129223695e-06,9.9100906852523525e-06,1.665239640772867e-05
1579,8.1999999999999993,21052.978594257907,3.5445833765599115,4.0045327743300705,0,0.0084039672128704643,6.391645003379363e-06,1.7158130385789591e-06,3.0194911317519706e-06,5.5320097912447402e-06,9.7647643105045737e-06,1.6408197592837955e-05
1580,8.1999999999999993,21972.636556413581,3.3962259267650912,14.195103162554544,0,0.0073633868735213026,5.6002306679652505e-06,1.5033608396686813e-06,2.6456173377504519e-06,4.8470356022640402e-06,8.5556898933259728e-06,1.4376532382017647e-05
1581,8.1999999999999993,22347.919208386509,3.3391940098062487,26.550038347972979,0,0.0074402830767483072,5.6587141461470813e-06,1.5190605092142798e-06,2.6732456468368735e-06,4.897653428153444e-06,8.6450373743268993e-06,1.452666720105352e-05
1582,8.1999999999999993,21299.772092524032,3.5035134473795795,38.793161955598251,0,0.0095625859979381923,7.2728335873921983e-06,1.9523647965531205e-06,3.4357753767970341e-06,6.2946841688290295e-06,1.1110990333921582e-05,1.8670325166473712e-05
1583,8.1999999999999993,22361.580660026535,3.3371539823960585,4.2547195260508435,0,0.008651894867336557,6.580206609312439e-06,1.7664316918152231e-06,3.1085699364419686e-06,5.695211071935875e-06,1.0052837199248117e-05,1.6892260159976292e-05
1584,8.1999999999999993,22974.193974062087,3.2481678372059068,14.868446986525441,0,0.0080061504166714422,6.089085072660955e-06,1.6345919642227149e-06,2.8765581266891579e-06,5.2701422284674546e-06,9.3025317535171616e-06,1.5631486257293155e-05
1585,8.1999999999999993,22983.280001120726,3.2468837323758568,27.146962387812255,0,0.0083628694162679439,6.3603880363243149e-06,1.7074222234459018e-06,3.0047249589156692e-06,5.5049566855572809e-06,9.717011827975838e-06,1.6327956826756466e-05
1586,8.1999999999999993,21847.068218045795,3.4157460949674876,38.947458106853027,0,0.011385820914205943,8.659496582067209e-06,2.3246092571138024e-06,4.090851904504077e-06,7.4948498944979484e-06,1.3229449246132897e-05,2.2230072367589276e-05
1587,8.1999999999999993,23194.833152214294,3.2172698748278883,4.436074131236011,0,0.0086470083534145592,6.5764901666488304e-06,1.7654340267734413e-06,3.1068142435556305e-06,5.6919944669472038e-06,1.0047159445451644e-05,1.68827195604069e-05
1588,8.1999999999999993,19463.527039256103,3.8340449704603161,15.225211546543681,0,0.0067918256144252741,5.1655292259806197e-06,1.3866668740851809e-06,2.440259069520848e-06,4.4707987130038044e-06,7.8915796174623835e-06,1.3260596320142457e-05
1589,8.1999999999999993,19943.176698065054,3.7418330631106773,27.462567000196433,0,0.0073166090471501865,5.5646537490386748e-06,1.4938103497190032e-06,2.6288103669100724e-06,4.8162435504933183e-06,8.5013376525447235e-06,1.4285201728456164e-05
1590,8.1999999999999993,22065.260874499276,3.3819694395057391,39.070668189674677,1,0.10094961292620695,7.6777321080538215e-05,2.0610582801062951e-05,3.6270543811458148e-05,6.6451264383193308e-05,0.00011729569529393532,0.00019709753189862229
1591,8.1999999999999993,18943.35941196237,3.9393244001459724,4.4893484390852825,0,0.0067675288451611217,5.1470502957406677e-06,1.3817062748297564e-06,2.4315293972761757e-06,4.4548050802277196e-06,7.8633486380497304e-06,1.3213158463609265e-05
1592,8.1999999999999993,19900.569177185305,3.7498444033364522,15.701625139835144,0,0.0076217040662624755,5.79669404680168e-06,1.556100694093105e-06,2.7384290364284888e-06,5.0170759181403956e-06,8.8558346274231899e-06,1.4880879844681849e-05
1593,8.1999999999999993,20357.3880530883,3.6656980629181186,27.883035353898368,0,0.0090821617700610115,6.9074464984336801e-06,1.8542780080922525e-06,3.2631620551586154e-06,5.9784392971810846e-06,1.0552774287208273e-05,1.7732328211021182e-05
1594,8.1999999999999993,20131.313594046122,3.7068638170908264,4.6434926133321017,0,0.0084909416280385657,6.4577934749345205e-06,1.7335703467392842e-06,3.0507404772857326e-06,5.5892617181157617e-06,9.8658218995751061e-06,1.6578009463047797e-05
1595,8.1999999999999993,20506.734596690258,3.6390014997474238,16.243265442761306,0,0.010177929773132751,7.7408338623170596e-06,2.0779977084795579e-06,3.6568644202351416e-06,6.6997414118111924e-06,1.1825972530128728e-05,1.9871743734058358e-05
1596,8.1999999999999993,20536.987258449011,3.6336409529385842,28.449660566828086,1,0.093770892278877763,7.1317538480971667e-05,1.9144924716612109e-05,3.3691275855874161e-05,6.1725787485946877e-05,0.00010895457336942707,0.00018308154827308281
1597,8.1999999999999993,21646.242835537916,3.4474360524942251,4.8863002998705127,0,0.012179077243245859,9.2628084136676614e-06,2.4865660470233953e-06,4.3758637792617407e-06,8.0170201586197665e-06,1.4151152162706406e-05,2.377885358709745e-05
1598,8.1999999999999993,20565.348832819185,3.6286298160520172,17.20842421664436,1,0.1090736946623172,8.2956098926807159e-05,2.2269252452695016e-05,3.9189473899410545e-05,7.1799036283136727e-05,0.00012673525418118323,0.00021295927136166004
1599,8.1999999999999993,21684.616021763239,3.4413354553930602,5.4215941177893523,1,0.13332813098789342,0.00010140283281133899,2.7221208717716236e-05,4.7903936192714245e-05,8.776480290687164e-05,0.00015491704597121777,0.00026031447559466536
1600,8.3000000000000007,28469.342606668204,3.7025531918765342,16.884518489008002,1,0.070706082911362406,4.4242312911706448e-05,1.2520317130206847e-05,2.0433610215100034e-05,3.8152994125483387e-05,6.7460240355344658e-05,0.0001140322696714657
1601,8.3000000000000007,26279.490790004715,4.0110843920551886,17.035129435043423,0,0.0065640716518625035,4.1072804494151115e-06,1.1623364689816854e-06,1.8969751404032593e-06,3.5419723008374543e-06,6.262740532514904e-06,1.0586302591339314e-05
1602,8.3000000000000007,24983.034367125547,4.2192334922154604,17.162736128467106,0,0.0049535955393601077,3.099570996814258e-06,8.7716055725100742e-07,1.4315577422303606e-06,2.6729595776101982e-06,4.7261951440205591e-06,7.9889836790394064e-06
1603,8.3000000000000007,24554.453059217216,4.2928773483462948,17.291380516615565,0,0.0041911657691154174,2.6225023334200171e-06,7.4215290133346745e-07,1.2112203667163126e-06,2.2615525621529078e-06,3.998765573084567e-06,6.7593639124475176e-06
1604,8.3000000000000007,24803.072510975675,4.2498466789669322,17.426851073482784,0,0.0038344210313220198,2.3992794978565465e-06,6.7898213769061188e-07,1.1081233965801417e-06,2.0690531430804175e-06,3.658397605208078e-06,6.1840186172636471e-06
1605,8.3000000000000007,25728.252422045818,4.0970235214508293,17.538049937503068,0,0.0037345271257975664,2.3367737381791839e-06,6.6129337139155148e-07,1.0792546904617506e-06,2.0151504032634785e-06,3.5630894421867774e-06,6.0229132596442697e-06
1606,8.3000000000000007,27100.114094291188,3.8896240426216919,17.586658284077757,0,0.0037100122614817451,2.3214342616675484e-06,6.5695238879147097e-07,1.0721700499148614e-06,2.0019221853264013e-06,3.5396999603921606e-06,5.9833765535573893e-06
1607,8.3000000000000007,28579.333039423356,3.688303544156915,17.627279000956758,0,0.0036700325607309848,2.2964181052365819e-06,6.4987296207796185e-07,1.0606161695693543e-06,1.9803491434454855e-06,3.5015555729373773e-06,5.9188987062537799e-06
1608,8.3000000000000007,26860.015937892851,3.9243928813251201,11.366143912434742,0,0.0028561509784390238,1.787154939265762e-06,5.057544492548967e-07,8.2540954619225485e-07,1.5411787361843263e-06,2.7250361434700043e-06,4.6062992770236001e-06
1609,8.3000000000000007,26529.42373562944,3.9732960802077155,22.678407177980475,0,0.0028223566247678176,1.7660090871946653e-06,4.997702961558728e-07,8.1564319198402745e-07,1.5229433068690243e-06,2.6927931577544606e-06,4.5517969387164585e-06
1610,8.3000000000000007,28017.412324691042,3.7622766198879631,11.418842311281567,0,0.0027412850122592951,1.7152808400457587e-06,4.8541449737493322e-07,7.9221400935506627e-07,1.4791970741770127e-06,2.6154432291397414e-06,4.4210475095356373e-06
1611,8.3000000000000007,27538.367399088449,3.8277234743565498,22.738902180357034,0,0.0026957291807787648,1.6867755789942983e-06,4.7734767435517235e-07,7.7904866253950471e-07,1.4546151528020573e-06,2.5719786895312224e-06,4.3475766758167345e-06
1612,8.3000000000000007,24538.359435096772,4.2956928566373938,11.43909291877587,0,0.0022888333656974911,1.4321721384974319e-06,4.052963821041506e-07,6.6145834864884422e-07,1.235054218250769e-06,2.1837618861852188e-06,3.6913494970080167e-06
1613,8.3000000000000007,28439.07958959648,3.7064932079414605,22.80798776555633,0,0.0026023566490390262,1.6283503827948931e-06,4.6081368377762381e-07,7.5206459214829552e-07,1.4042313455218031e-06,2.4828925292690819e-06,4.1969887591787682e-06
1614,8.3000000000000007,25390.354467911115,4.1515472134177767,11.460558296548665,0,0.0022431652884779959,1.4035966428791307e-06,3.9720968311063347e-07,6.4826056352551797e-07,1.2104117290881071e-06,2.1401902536050962e-06,3.6176976373314015e-06
1615,8.3000000000000007,24744.762240965269,4.2598613117583177,22.794816393441398,0,0.0021593046994626704,1.3511232732989329e-06,3.8236002483562969e-07,6.2402538434728504e-07,1.1651605649970026e-06,2.0601793795985893e-06,3.4824502454854756e-06
1616,8.3000000000000007,26200.446703026268,4.0231854263298015,11.547675151400693,0,0.002274971287281085,1.4234983386537315e-06,4.0284174721686977e-07,6.5745229576811713e-07,1.2275742423475478e-06,2.1705361621273937e-06,3.6689932272346193e-06
1617,8.3000000000000007,25405.360026317561,4.149095121255983,22.890389683355579,0,0.0021783938451848815,1.3630677612904109e-06,3.8574024543823934e-07,6.2954202657898508e-07,1.17546106581124e-06,2.0783922165367195e-06,3.5132365445302398e-06
1618,8.3000000000000007,27204.727087943567,3.8746668914631619,11.635720553848627,0,0.0023434053942899659,1.4663190275033124e-06,4.1495975300921176e-07,6.7722931933468781e-07,1.2645012785399737e-06,2.23582872419889e-06,3.7793613345295094e-06
1619,8.3000000000000007,26222.494738571935,4.0198027071731826,22.991691195109524,0,0.0022303699695149968,1.3955903373102627e-06,3.9494394521931613e-07,6.4456279737157099e-07,1.2035073764620256e-06,2.1279823182037061e-06,3.5970617994735717e-06
1620,8.3000000000000007,28484.387946875973,3.7005975180346731,11.699849342375915,0,0.0024453215391845281,1.5300901457369804e-06,4.3300660841722039e-07,7.0668243982520902e-07,1.319495218486112e-06,2.3330662934091116e-06,3.94372808827914e-06
1621,8.3000000000000007,27272.750817007556,3.8650026924754406,23.072517004547446,0,0.0022821755673600548,1.428006211250166e-06,4.041174489326134e-07,6.5953428708983437e-07,1.2314616710412835e-06,2.1774097215964392e-06,3.6806120353332623e-06
1622,8.3000000000000007,24190.631641785112,4.3574412152541653,11.762401580101065,0,0.0021144338071333525,1.3230465933681576e-06,3.7441448777932436e-07,6.1105798060904655e-07,1.1409482367084764e-06,2.0173683362363195e-06,3.4100840574036038e-06
1623,8.3000000000000007,28422.772005474679,3.7086198108559745,23.176863675210498,0,0.0026568906468395475,1.6624734751183862e-06,4.7047032036003035e-07,7.6782457217609451e-07,1.4336578844000876e-06,2.534923082337237e-06,4.284939261984134e-06
1624,8.3000000000000007,25383.233143074463,4.1527119396019785,11.853304312917594,0,0.0026141209839862282,1.6357115795477201e-06,4.6289685962756579e-07,7.5546441045038359e-07,1.4105793792927233e-06,2.4941168091397959e-06,4.2159618624814432e-06
1625,8.3000000000000007,24138.441150063372,4.3668625775641372,23.255859953240378,0,0.0023302740999843834,1.4581024949550225e-06,4.1263452210592332e-07,6.7343445843429818e-07,1.2574156336580625e-06,2.2233002367823001e-06,3.758183647522485e-06
1626,8.3000000000000007,26614.932140822959,3.9605306818447756,11.908141337558042,0,0.0031337184433719036,1.9608348566367208e-06,5.5490485531463834e-07,9.0562478586183175e-07,1.6909541080188149e-06,2.9898615605797211e-06,5.0539502670088595e-06
1627,8.3000000000000007,25262.191537979732,4.1726092995721054,23.326872036186906,0,0.00278032787303165,1.7397107956045206e-06,4.9232803265241704e-07,8.0349714887935344e-07,1.5002645973144079e-06,2.6526937833129253e-06,4.4840144544577585e-06
1628,8.3000000000000007,27969.125305463571,3.7687719650766138,11.917575837613956,0,0.0037652754460714734,2.3560136218080497e-06,6.6673814651129746e-07,1.0881407603071658e-06,2.0317421933114367e-06,3.5924262261067865e-06,6.0725030630253209e-06
1629,8.3000000000000007,26467.887242033481,3.9825337917998311,23.330989462652887,0,0.0032736003413847805,2.0483619610631858e-06,5.796745165910521e-07,9.4604976858540695e-07,1.7664343639373493e-06,3.1233220221518902e-06,5.2795468445530745e-06
1630,8.3000000000000007,29295.116093915512,3.5981852743310716,11.984803150286941,0,0.0044487251172448576,2.7836627428795923e-06,7.8776035949901844e-07,1.2856533873310991e-06,2.4005315564844794e-06,4.2445013685798344e-06,7.1747465193318751e-06
1631,8.3000000000000007,27669.863385250876,3.8095329156967663,23.352778010874935,0,0.0037961678731403465,2.375343676150001e-06,6.7220843941818854e-07,1.0970684761037696e-06,2.0484117433692188e-06,3.6219005014366565e-06,6.1223252767482897e-06
1632,8.3000000000000007,26555.356633634157,3.9694159183476381,29.570133378350324,0,0.0034538252206567505,2.1611325343280169e-06,6.1158793266965223e-07,9.9813361742092338e-07,1.8636836878568963e-06,3.2952734748853338e-06,5.5702071553556406e-06
1633,8.3000000000000007,27049.196281562974,3.8969459292509216,7.058120081863958,0,0.0043278701478603387,2.7080411958742589e-06,7.6635990170032377e-07,1.2507270664930899e-06,2.3353182290435661e-06,4.1291943829978721e-06,6.9798358993040539e-06
1634,8.3000000000000007,24993.383259680089,4.2174864540646109,16.7002239518424,0,0.0025348055089364297,1.5860821852805697e-06,4.4885202981849e-07,7.3254274042625282e-07,1.3677807581694396e-06,2.4184424005112573e-06,4.0880446696801207e-06
1635,8.3000000000000007,27573.83168602407,3.8228004195867045,29.493932188713668,0,0.0038861327455282564,2.4316366267895849e-06,6.8813901690877402e-07,1.1230677545213039e-06,2.096956778059073e-06,3.7077354347964148e-06,6.2674174409112762e-06
1636,8.3000000000000007,28193.550193379222,3.7387719750065229,7.1490161597042325,0,0.0045704798246976614,2.8598472752960327e-06,8.0932013889332702e-07,1.3208397267732509e-06,2.4662303824825217e-06,4.360666788738344e-06,7.3711082050928243e-06
1637,8.3000000000000007,26014.921405280998,4.0518767555280037,16.708697698388743,0,0.0027021129016614825,1.6907700100984545e-06,4.7847807511605943e-07,7.8089351744969636e-07,1.4580598078488143e-06,2.5780693585002479e-06,4.357872115066537e-06
1638,8.3000000000000007,28449.926496822496,3.7050800588436985,29.311787917077314,0,0.0041157204684663098,2.5752945903009425e-06,7.2879338470892502e-07,1.1894171525861014e-06,2.2208422866866628e-06,3.926783674131823e-06,6.6376884000329939e-06
1639,8.3000000000000007,29206.794801695683,3.6090661797927295,7.14578571058808,0,0.0047568128721042231,2.9764398603991759e-06,8.4231516208380154e-07,1.3746887975196884e-06,2.5667756732179465e-06,4.5384460072526599e-06,7.6716195534192149e-06
1640,8.3000000000000007,26898.622869727329,3.9187602967428239,16.563637760608486,0,0.0028103359779982472,1.7584875106360101e-06,4.9764173375405106e-07,8.121693011883696e-07,1.5164569672685282e-06,2.6813243323449341e-06,4.5324104647723219e-06
1641,8.3000000000000007,24887.37092404587,4.2354516136174452,29.232517286793026,0,0.0035384798201947253,2.21410273332588e-06,6.2657819077905425e-07,1.0225982606121302e-06,1.9093632999337867e-06,3.3760419094650904e-06,5.7067350992886369e-06
1642,8.3000000000000007,25055.335746606183,4.2070581853298048,7.1981314505745999,0,0.0039098346008876236,2.4464673861559564e-06,6.9233603551671454e-07,1.1299174406281574e-06,2.1097462964576897e-06,3.7303492297285274e-06,6.3056429549090129e-06
1643,8.3000000000000007,27678.825394931155,3.8082994431638579,16.183148754312867,0,0.0029080609420477619,1.8196361171029242e-06,5.149464335911476e-07,8.4041119695532557e-07,1.5691893465175423e-06,2.7745631215982175e-06,4.6900178302955752e-06
1644,8.3000000000000007,25706.522684207503,4.1004867376987901,28.851813565589193,0,0.0037180833829905191,2.326484535542672e-06,6.5838158691312294e-07,1.0745025529205185e-06,2.0062773615549638e-06,3.5474005679565998e-06,5.9963933728541607e-06
1645,8.3000000000000007,25631.258883078473,4.1125274345590661,6.9380306995886913,0,0.0040707811495320602,2.5471750943755283e-06,7.2083573097526162e-07,1.1764299739923491e-06,2.196593035410064e-06,3.8839073453651678e-06,6.5652118559429117e-06
1646,8.3000000000000007,28508.251962065871,3.6974997793343283,15.538503565627934,0,0.0030124210648775052,1.8849364847604805e-06,5.33426057688182e-07,8.7057061159262341e-07,1.6255020566736027e-06,2.8741324751775037e-06,4.8583261452164711e-06
1647,8.3000000000000007,26610.388814708283,3.9612068832561902,28.309820542420084,0,0.0039171804282921415,2.4510638279505542e-06,6.9363680180019859e-07,1.1320403382306095e-06,2.1137101040718483e-06,3.7373578386333496e-06,6.3174900455278238e-06
1648,8.3000000000000007,25808.751535444284,4.0842446483388732,6.469656030767756,0,0.004776512252062875,2.9887661850435474e-06,8.4580344023746421e-07,1.3803817935814113e-06,2.5774054563552799e-06,4.5572410649357148e-06,7.7033900166567512e-06
1649,8.3000000000000007,29143.197567144533,3.6169420015112652,14.78943382563091,0,0.0034480350002289153,2.1575094691906485e-06,6.1056262631657388e-07,9.9646028038385101e-07,1.8605592855866504e-06,3.2897490610628079e-06,5.560868892647581e-06
1650,8.3000000000000007,27288.038623775596,3.8628373695977083,27.736311346209337,0,0.0045430587933762102,2.8426893477439409e-06,8.0446454522945097e-07,1.3129152223650376e-06,2.4514339971667981e-06,4.3345045508152577e-06,7.3268845356493156e-06
1651,8.3000000000000007,25787.398908353447,4.0876265075652984,5.9329108178814103,0,0.0052350258139376785,3.2756679570474698e-06,9.2699497237720786e-07,1.5128893094260104e-06,2.824819321080243e-06,4.9947060441375083e-06,8.4428644717934772e-06
1652,8.3000000000000007,29239.593664649634,3.6050177901885374,14.139664451065309,0,0.0036856268588051173,2.3061757920808539e-06,6.5263433067981014e-07,1.0651228229618832e-06,1.9887638248747944e-06,3.5164339971540413e-06,5.9440486386231907e-06
1653,8.3000000000000007,27565.431343014578,3.8239653872007344,27.28607787370925,0,0.0049162196271715364,3.0761840867448629e-06,8.7054219777805645e-07,1.4207563402908347e-06,2.6527915397349732e-06,4.6905350152746054e-06,7.9287051298338568e-06
1654,8.3000000000000007,26010.329585164389,4.0525920670789448,5.4798259622720815,0,0.0054918426882247266,3.4363637846958157e-06,9.7247095659334923e-07,1.5871077598020613e-06,2.9633976766127084e-06,5.2397334498902957e-06,8.8570496431258495e-06
1655,8.3000000000000007,24574.999316922516,4.2892882306759796,13.661837117603159,0,0.0031465829701086854,1.9688844669943363e-06,5.5718284820920229e-07,9.0934255262414365e-07,1.6978958051515899e-06,3.0021355266939097e-06,5.0746977207163926e-06
1656,8.3000000000000007,27808.707902507205,3.7905125153061276,27.072753563456828,0,0.0051368760699802823,3.2142535566795321e-06,9.0961505441264292e-07,1.4845246549555955e-06,2.77185773064228e-06,4.9010619749775487e-06,8.2845720362591007e-06
1657,8.3000000000000007,26193.810125106436,4.0242047581276665,5.2070711407633414,0,0.0057790550387152766,3.616078713868729e-06,1.0233292358783404e-06,1.6701103103215653e-06,3.1183774275737293e-06,5.5137609931980633e-06,9.3202555634024874e-06
1658,8.3000000000000007,24884.673237980875,4.2359107684830839,13.344003172012293,0,0.0033306907919785655,2.084084680742155e-06,5.8978383840762982e-07,9.6254854728172138e-07,1.7972403644459116e-06,3.1777916711618589e-06,5.3716203040026261e-06
1659,8.3000000000000007,27965.478881573879,3.7692633759402159,27.207347199791755,0,0.0053454700238008126,3.3447752684817129e-06,9.4655193941235015e-07,1.5448069866884759e-06,2.8844150038927704e-06,5.1000801878666027e-06,8.6209849870899185e-06
1660,8.3000000000000007,26582.457747047811,3.9653690543588844,5.2863984217623496,0,0.0059530637093348779,3.724959672025517e-06,1.0541419135130818e-06,1.7203977142206896e-06,3.2122724860265563e-06,5.6797815993547925e-06,9.6008905927555123e-06
1661,8.3000000000000007,25238.623053981548,4.1765057908861243,13.651524927630343,0,0.0034717874732842382,2.1723719011352642e-06,6.1476860807987063e-07,1.0033245946842991e-06,1.873376117288125e-06,3.3124111500284013e-06,5.5991760410750263e-06
1662,8.3000000000000007,28187.338360951137,3.7395959132123293,27.698691696858159,0,0.0053353191738509508,3.3384236639052784e-06,9.4475447227401734e-07,1.5418734553332251e-06,2.8789376064389862e-06,5.0903953241429656e-06,8.604614055322587e-06
1663,8.3000000000000007,26893.012135865207,3.919577874222929,5.6920990203766326,0,0.0060606573261070005,3.7922833062098896e-06,1.0731941102648333e-06,1.7514915881312341e-06,3.2703299891383096e-06,5.7824360096867476e-06,9.7744137723391947e-06
1664,8.3000000000000007,25441.682872492431,4.1431714980188898,14.519778242972507,0,0.0035649704714955559,2.2306785021399364e-06,6.3126903690735579e-07,1.0302538910860158e-06,1.9236576522984601e-06,3.4013164775127072e-06,5.749458284742086e-06
1665,8.3000000000000007,28694.879287395888,3.6734517780406404,28.475209621325209,0,0.005457120849886774,3.4146375855717156e-06,9.6632256865507356e-07,1.577073368398441e-06,2.94466177667897e-06,5.2066055567386683e-06,8.8010514903529674e-06
1666,8.3000000000000007,27856.36820275621,3.7840272131568251,6.239303837955247,0,0.0063756486833399456,3.989380155835307e-06,1.1289713719012148e-06,1.8425220956887248e-06,3.4402992889106115e-06,6.0829673330727297e-06,1.0282420692156783e-05
1667,8.3000000000000007,26139.564979249986,4.0325558372001051,15.624032308207731,0,0.0037988736109859839,2.3770367143653099e-06,6.7268755938218159e-07,1.0978504172070734e-06,2.0498717591964161e-06,3.6244820293319875e-06,6.1266889950447879e-06
1668,8.3000000000000007,29402.732598883413,3.5850156098399157,29.453608186152096,0,0.005764030831918841,3.6066777453668904e-06,1.0206688164918358e-06,1.6657684096981877e-06,3.1102703673316416e-06,5.4994264895754192e-06,9.2960250540818294e-06
1669,8.3000000000000007,30438.86849530254,3.4629820538570022,6.9266651835189688,0,0.0071540574010117231,4.4764471894257179e-06,1.2668085084087745e-06,2.0674772858225132e-06,3.8603285425433823e-06,6.8256423198155625e-06,1.1537810739989622e-05
1670,8.3000000000000007,27649.501785050848,3.812338325601845,16.857947267618904,0,0.0042740331170529021,2.6743542107501399e-06,7.5682668091785137e-07,1.2351685055127489e-06,2.306267773473788e-06,4.07782880186618e-06,6.8930094402136711e-06
1671,8.3000000000000007,24684.260052893471,4.2703024159150358,30.02081996998475,0,0.0048659041954934902,3.0447006417436974e-06,8.6163256602908617e-07,1.4062154991583602e-06,2.6256413386463316e-06,4.6425293702887413e-06,7.8475581812616975e-06
1672,8.3000000000000007,25277.741435646887,4.1700424702618779,7.3176748862812291,0,0.0059680088274512381,3.7343111530435693e-06,1.0567883282296177e-06,1.7247167587163544e-06,3.2203368700260624e-06,5.6940406449525035e-06,9.6249935506502823e-06
1673,8.3000000000000007,29461.415041116757,3.5778748302427217,18.112370516113636,0,0.005037317017285943,3.1519573216014579e-06,8.9198558235606279e-07,1.4557527191846519e-06,2.7181356773735733e-06,4.8060732929891809e-06,8.1240067174405098e-06
1674,8.3000000000000007,25668.145678434601,4.1066174650670941,30.980590279067808,0,0.0056526035197750103,3.5369552857454492e-06,1.0009377660989551e-06,1.6335666221020964e-06,3.0501442026426514e-06,5.3931143739856461e-06,9.1163190261990422e-06
1675,8.3000000000000007,27904.703375488636,3.7774727048894916,8.0680674392332996,0,0.0071637789619382374,4.482530178650849e-06,1.2685299589656265e-06,2.0702867553684892e-06,3.8655742956900366e-06,6.8349176015130921e-06,1.1553489329603891e-05
1676,8.3000000000000007,24376.315755431213,4.3242488486169233,18.673505363586461,0,0.0043087119110233364,2.6960534760900673e-06,7.6296744675192037e-07,1.2451904573667347e-06,2.3249804466718134e-06,4.1109156266505726e-06,6.9489381725530817e-06
1677,8.3000000000000007,26830.42636509339,3.9287208449316444,31.730173329487901,0,0.00734918265978763,4.5985412497990453e-06,1.3013604170903886e-06,2.1238672499780116e-06,3.9656181095123695e-06,7.0118101333108024e-06,1.1852501855835229e-05
1678,8.3000000000000007,26569.237472542791,3.9673421357266321,38.689045607607568,0,0.015404007976392922,9.6386182478859932e-06,2.7276728818714164e-06,4.4516607592940667e-06,8.3120009146734114e-06,1.4696869600679308e-05,2.4843039230266417e-05
1679,8.3000000000000007,30549.941264843968,3.4503914238371403,8.7396560504590823,0,0.0089023580225356478,5.5703963940246685e-06,1.5763897681690955e-06,2.5727250943289039e-06,4.8037113548284369e-06,8.4936852276549585e-06,1.4357408145637584e-05
1680,8.3000000000000007,26047.683741471883,4.0467803734547951,14.432254302177617,0,0.0079365160709097046,4.9660483650063421e-06,1.4053627923546648e-06,2.2936028865033515e-06,4.2825431499269554e-06,7.572181341155672e-06,1.2799732407527571e-05
1681,8.3000000000000007,25791.114793231434,4.0870375780192862,26.753330021950433,0,0.010272119208448586,6.4274853530812834e-06,1.8189409566117837e-06,2.9685774030447684e-06,5.5428343316303838e-06,9.8005659800075891e-06,1.6566510538331863e-05
1682,8.3000000000000007,27096.059429838624,3.8902060874160758,38.875356716105827,1,0.13018652392991445,8.1460500871121606e-05,2.3052847768771754e-05,3.7623081009557327e-05,7.0248633189619601e-05,0.00012421016458157567,0.00020996022114500522
1683,8.3000000000000007,27493.087804617269,3.8340275231377707,4.3101819039002605,0,0.010176097083569351,6.3674022496136553e-06,1.8019377879238582e-06,2.9408276170147938e-06,5.4910208041998448e-06,9.7089518591701423e-06,1.6411649451593649e-05
1684,8.3000000000000007,27133.892665570595,3.8847819086679265,15.139150825926389,0,0.0098542064418991014,6.1659883697077633e-06,1.744938831836734e-06,2.8478032599446422e-06,5.31732865134662e-06,9.4018379707875405e-06,1.5892515609860712e-05
1685,8.3000000000000007,26456.874873959583,3.9841914754148076,27.369052912023772,0,0.012851964193396978,8.0417497047194286e-06,2.2757683755315911e-06,3.7141362668259878e-06,6.9349183858239212e-06,1.2261980268539496e-05,2.0727193281894484e-05
1686,8.3000000000000007,28778.406103125926,3.6627899043893319,4.5451839324995085,0,0.01116235428208124,6.9845245365700149e-06,1.976579804407759e-06,3.2258497019108292e-06,6.0232050739494683e-06,1.0649933807600339e-05,1.8002250177801589e-05
1687,8.3000000000000007,27983.146926706169,3.7668835322573013,15.814287748789249,0,0.0128598560802143,8.046687827603048e-06,2.2771658355751975e-06,3.7164169721408191e-06,6.9391768470337966e-06,1.2269509869383331e-05,2.0739921037820345e-05
1688,8.3000000000000007,26700.649980936127,3.9478160799159063,28.021672656198284,1,0.1189113365210792,7.4405374226570092e-05,2.1056287978603451e-05,3.4364623248530386e-05,6.4164543373580794e-05,0.00011345257737928206,0.0001917759976912407
1689,8.3000000000000007,24526.932362874002,4.2976942154617825,4.6096253390316253,0,0.0094320146348173556,5.9018138988763761e-06,1.670178993690063e-06,2.7257925012277176e-06,5.0895140012887175e-06,8.9990273552214643e-06,1.5211619596167207e-05
1690,8.3000000000000007,28197.523644482055,3.7382451263436889,16.643711881500604,1,0.12452369246490778,7.7917145740628014e-05,2.2050098883846556e-05,3.5986558576051743e-05,6.7192969988918061e-05,0.00011880729178773052,0.00020082740685049521
1691,8.3000000000000007,26209.849197183554,4.0217421529564916,4.8068052155405736,0,0.012412031296296281,7.7664742532694833e-06,2.1978670244609007e-06,3.5869984454390425e-06,6.6975306456526659e-06,1.1842242987719675e-05,2.0017685065714204e-05
1692,8.3000000000000007,26537.243158661357,3.9721253149290296,5.2186590628601319,1,0.12805065618243192,8.0124042601461781e-05,2.2674637854637696e-05,3.7005828755917797e-05,6.9096119201188556e-05,0.00012217234625421861,0.00020651556918671699
1693,8.4000000000000004,32347.832124120847,4.6029214614960878,16.963836951311769,1,0.060735903690705952,3.1331913793759812e-05,1.1324781114348872e-05,1.5065293134185386e-05,2.6443869514037009e-05,4.676751376004958e-05,7.7463149797247835e-05
1694,8.4000000000000004,34742.746504376999,4.2856292520866255,17.129739347980614,0,0.0062407232142499512,3.219410429049341e-06,1.1636416040917717e-06,1.5479859338353468e-06,2.7171550980989304e-06,4.8054460551273146e-06,7.9594778016381386e-06
1695,8.4000000000000004,34000.007056496943,4.3792499945536534,17.248779249114719,0,0.0048764681082197926,2.5156302796255575e-06,9.0926339415186497e-07,1.209588020357053e-06,2.1231706207881773e-06,3.7549501282305081e-06,6.2194938511524254e-06
1696,8.4000000000000004,34133.213071006212,4.362159823842191,17.402169327201115,0,0.0042090946273414011,2.1713514083074226e-06,7.8482532485175489e-07,1.0440487510211599e-06,1.8326021732460455e-06,3.2410630111635654e-06,5.3683193599773739e-06
1697,8.4000000000000004,34920.473355992697,4.2638176521578179,17.526384712348865,0,0.003817980098831537,1.9695866209888258e-06,7.1189833839294051e-07,9.4703438780289322e-07,1.662314403928774e-06,2.9398992351705622e-06,4.8694881667489815e-06
1698,8.4000000000000004,30907.861272723076,4.8173676400052763,17.573184558978667,0,0.0031845008072450107,1.6427927915070669e-06,5.9378015982391081e-07,7.8990243384717216e-07,1.3865031834048237e-06,2.4521111282075166e-06,4.0615426472830287e-06
1699,8.4000000000000004,32457.822556875995,4.5873234551110089,17.600488818696416,0,0.0032205516461726951,1.6613903871438595e-06,6.0050217818596161e-07,7.9884469737130866e-07,1.4021993963949192e-06,2.4798707893495934e-06,4.1075222304698183e-06
1700,8.4000000000000004,34045.283108786032,4.3734261289947494,17.634913903325454,0,0.0033083145625444586,1.7066647629735523e-06,6.1686640029301184e-07,8.206139307424743e-07,1.4404105856204018e-06,2.547449489091022e-06,4.2194558895484695e-06
1701,8.4000000000000004,35603.914613909423,4.1819707841569658,17.675312442989384,0,0.0033650052352966042,1.7359098579444909e-06,6.27436910010174e-07,8.3467582084514744e-07,1.465093197746417e-06,2.5911021172218871e-06,4.2917597132944592e-06
1702,8.4000000000000004,31227.909941987265,4.7679953923779363,17.719410404444023,0,0.0029446722227329156,1.5190720912524288e-06,5.4906186208696265e-07,7.304139318561439e-07,1.2820839616728103e-06,2.2674396909742716e-06,3.7556629873321517e-06
1703,8.4000000000000004,32411.890732275155,4.5938242834047944,17.744514271741576,0,0.0030804231752075014,1.5891021209695197e-06,5.7437390536646865e-07,7.6408640181212241e-07,1.3411887128250271e-06,2.3719698642656014e-06,3.92880104452166e-06
1704,8.4000000000000004,33443.67161524629,4.4520988134900366,17.765538538636189,0,0.0031796492713629439,1.6402900230490831e-06,5.9287554527807963e-07,7.886990301637997e-07,1.3843908680524192e-06,2.4483753762497063e-06,4.0553549522304762e-06
1705,8.4000000000000004,31254.647524429642,4.7639164895591177,11.597193054355021,0,0.0026290315280440494,1.3562420939224087e-06,4.9020768258325958e-07,6.5212054521648241e-07,1.1446568248975387e-06,2.0243918455471841e-06,3.3530918403001776e-06
1706,8.4000000000000004,32623.42117150575,4.5640379019180637,11.651628278970692,0,0.0025926465727879279,1.3374721372378083e-06,4.834233650858316e-07,6.4309540550012763e-07,1.128815140644898e-06,1.9963749100576765e-06,3.3066861219671778e-06
1707,8.4000000000000004,31333.295876426982,4.7519587886382046,23.018940878182654,0,0.0026647530199554316,1.3746697888629744e-06,4.9686829109308714e-07,6.6098111555681892e-07,1.1602096431409571e-06,2.0518979047803276e-06,3.39865137116686e-06
1708,8.4000000000000004,34119.235225286204,4.3639468978085647,11.729242763319863,0,0.0028172911811167782,1.4533598589095868e-06,5.2531046749560717e-07,6.9881758414297676e-07,1.2266233948849531e-06,2.169354468650268e-06,3.5931999941364112e-06
1709,8.4000000000000004,32600.446576562601,4.5672543278604349,23.111245912592999,0,0.002859512174255386,1.4751404604470628e-06,5.3318296920662277e-07,7.0929032924756454e-07,1.2450060378599558e-06,2.2018652367064773e-06,3.6470490507461511e-06
1710,8.4000000000000004,35623.110395335083,4.1797172976924122,11.815177069984285,0,0.0030488410543424568,1.5728098090380666e-06,5.6848512156331816e-07,7.5625258557298117e-07,1.3274381397309845e-06,2.3476511798898962e-06,3.8885209068959461e-06
1711,8.4000000000000004,33928.849444333027,4.3884344195425573,23.211479027574516,0,0.0030611737618173045,1.579171899728498e-06,5.7078467099311149e-07,7.5931166334998929e-07,1.3328076903164245e-06,2.3571475408803535e-06,3.9042501594216803e-06
1712,8.4000000000000004,31180.864618214207,4.7751892880485469,11.875858310831518,0,0.0026289290128428786,1.3561892092652214e-06,4.9018856765874855e-07,6.5209511673904984e-07,1.1446121906953907e-06,2.0243129073773368e-06,3.3529610914366183e-06
1713,8.4000000000000004,35371.16092346175,4.2094895058484347,23.300158303883684,0,0.0032719621777436278,1.6879116084543169e-06,6.1008815586364656e-07,8.1159686999468091e-07,1.4245830822528291e-06,2.519457633317521e-06,4.1730917118842313e-06
1714,8.4000000000000004,32678.683787770995,4.5563197001437272,11.932163197448542,0,0.0029324493671295058,1.5127666699973201e-06,5.4678279557293145e-07,7.2738210238769767e-07,1.2767622396101656e-06,2.2580279174946081e-06,3.7400738409290837e-06
1715,8.4000000000000004,30988.833872519757,4.804780048500791,23.339499566693309,0,0.0028305908365649766,1.4602207703749319e-06,5.2779031347952638e-07,7.0211650942004362e-07,1.2324139459738905e-06,2.1795953933979263e-06,3.6101625013130884e-06
1716,8.4000000000000004,34349.316915318894,4.3347159154301949,11.969719370585945,0,0.003295280240761094,1.6999407295491679e-06,6.1443602826920373e-07,8.1738082039852242e-07,1.4347355584371643e-06,2.5374128750569128e-06,4.2028317914540033e-06
1717,8.4000000000000004,32466.533956475887,4.5860925874192189,23.345161778194569,0,0.0031140234446477232,1.6064355379696067e-06,5.8063899197374811e-07,7.7242081157216049e-07,1.3558179697673202e-06,2.3978425518836079e-06,3.9716551480537374e-06
1718,8.4000000000000004,36498.897574227158,4.0794254241291608,12.046424804564797,0,0.0032709495290845114,1.6873892120040662e-06,6.0989933798635558e-07,8.1134568662595692e-07,1.4241421840792939e-06,2.5186778793792163e-06,4.1718001701435729e-06
1719,8.4000000000000004,34245.948612641441,4.3477998638947319,23.364557310567974,0,0.0030406886702276487,1.5686042274828872e-06,5.6696503278468648e-07,7.542304199515145e-07,1.3238886645662101e-06,2.3413737276236371e-06,3.8781232785819592e-06
1720,8.4000000000000004,31080.203490664979,4.7906549505607101,12.106294839537144,0,0.00293064451021725,1.5118355959908669e-06,5.4644626300764518e-07,7.2693441499365052e-07,1.2759764210452151e-06,2.2566381518807022e-06,3.7377719092402322e-06
1721,8.4000000000000004,36192.936724281994,4.1139112819517205,23.401821251226586,0,0.003441618537115831,1.7754324668494218e-06,6.4172218150244716e-07,8.5367943781217535e-07,1.4984499444684912e-06,2.6500954544294771e-06,4.38947304782401e-06
1722,8.4000000000000004,33448.595522804935,4.4514434280349251,12.197331606846008,0,0.0032598396091762663,1.681657922409803e-06,6.0782778881175956e-07,8.085899163163987e-07,1.4193050242691569e-06,2.5101230822887205e-06,4.1576304725217115e-06
1723,8.4000000000000004,35406.523769236519,4.2052852092290864,16.286319150191126,0,0.0028078573891782001,1.4484932357459138e-06,5.2355144816287831e-07,6.9647757053841509e-07,1.2225160062089448e-06,2.1620903140483434e-06,3.5811680460844721e-06
1724,8.4000000000000004,32957.066238901643,4.5178332815691373,29.07293053374331,0,0.0038488644975968149,1.9855189980653829e-06,7.1765702534104563e-07,9.5469513692159268e-07,1.675761195057914e-06,2.9636806635589739e-06,4.9088784229660593e-06
1725,8.4000000000000004,34165.315533743793,4.3580610449779371,6.968378434940286,0,0.0044385212166614778,2.2897060170604159e-06,8.2760407264305627e-07,1.1009570805404626e-06,1.9324924592608239e-06,3.4177247634540783e-06,5.6609322162291913e-06
1726,8.4000000000000004,31629.7723394122,4.7074170853724029,16.244578415968999,0,0.0025421206585107743,1.3114072646618706e-06,4.7400233263186522e-07,6.3056265858762022e-07,1.1068166092486009e-06,1.9574692340471712e-06,3.2422448898711617e-06
1727,8.4000000000000004,34164.923024339172,4.358111113287614,28.631908991187888,0,0.0040585251146268231,2.0936769076304286e-06,7.5675022148834356e-07,1.0067005976509865e-06,1.7670455534369008e-06,3.1251223347296929e-06,5.1762815699791526e-06
1728,8.4000000000000004,35207.438745746047,4.229064539236858,6.7097147546840787,0,0.004583653398776975,2.3645755545567165e-06,8.5466533451998016e-07,1.136956526237498e-06,1.9956817139345296e-06,3.5294786176270124e-06,5.8460351830157801e-06
1729,8.4000000000000004,32637.946463074404,4.5620067085238718,15.712153706779077,0,0.0026486798815295916,1.3663781169366268e-06,4.9387130309369532e-07,6.5699423914176248e-07,1.1532115423573013e-06,2.0395213585067162e-06,3.3781515373958303e-06
1730,8.4000000000000004,35369.865096780952,4.2096437266462594,28.162639045851797,0,0.0042262656942204423,2.1802094700881568e-06,7.8802703194901415e-07,1.0483079641099583e-06,1.8400783022632162e-06,3.2542849780355786e-06,5.3902195021503351e-06
1731,8.4000000000000004,30824.841150170225,4.830342190300831,6.6272607911342476,0,0.0039643434426163346,2.0450912795411189e-06,7.3918916195535778e-07,9.8333921812938993e-07,1.7260396953872361e-06,3.0526011014222017e-06,5.0561613688497481e-06
1732,8.4000000000000004,33691.694414828824,4.4193245042450293,15.088035985156525,0,0.0027484585251921745,1.4178510624552215e-06,5.1247597069063555e-07,6.8174392464843036e-07,1.1966542718297649e-06,2.1163523399672424e-06,3.5054101694557273e-06
1733,8.4000000000000004,31503.318869067582,4.7263125303024731,27.969987838494291,0,0.0036888864996876161,1.9029909292493702e-06,6.8782762132559707e-07,9.1501324718145554e-07,1.6061082049028487e-06,2.8404953190776583e-06,4.7048409613780724e-06
1734,8.4000000000000004,31462.910307092574,4.7323826455883724,6.1829662843767892,0,0.0046003072068046755,2.3731667773056024e-06,8.5777059383405134e-07,1.1410874353784143e-06,2.0029326330718983e-06,3.5423022877918461e-06,5.8672756083252303e-06
1735,8.4000000000000004,34184.030999205323,4.3556750437199696,14.533715372385757,0,0.0030738732231093313,1.5857231882127403e-06,5.7315260512536278e-07,7.6246171291515115e-07,1.3383369222352427e-06,2.366926307550964e-06,3.9204471732574875e-06
1736,8.4000000000000004,32006.511169765537,4.6520075220706776,27.576488192034979,0,0.0040930565995561403,2.1114907120398531e-06,7.6318894199161318e-07,1.015265991614137e-06,1.7820802532784795e-06,3.1517120715814048e-06,5.2203233546115667e-06
1737,8.4000000000000004,31013.820203016072,4.800909070289527,5.7684033064027211,0,0.0046263679837421044,2.3866107859855434e-06,8.6262987107456468e-07,1.1475517047810126e-06,2.0142792623783009e-06,3.562369458443088e-06,5.900513771340258e-06
1738,8.4000000000000004,34209.720479978641,4.3524041888658367,14.136708805928853,0,0.0031322101189846037,1.6158175225601402e-06,5.8403006864417952e-07,7.7693194194763554e-07,1.3637362851925397e-06,2.4118465510112235e-06,3.994850605647416e-06
1739,8.4000000000000004,32148.739604277183,4.6314266919869844,27.355618236873589,0,0.0041821197820420992,2.1574358579301411e-06,7.7979561095857447e-07,1.0373577506904037e-06,1.8208575667462623e-06,3.2202919948116124e-06,5.3339153854713163e-06
1740,8.4000000000000004,31171.456644820049,4.7766305057075709,5.4602926973050563,0,0.0045398652531614776,2.3419865039253137e-06,8.4650062247380662e-07,1.1260950553543239e-06,1.9766167467807592e-06,3.4957611197689341e-06,5.7901873652170961e-06
1741,8.4000000000000004,34630.225417937065,4.2995541877087247,14.042284521335462,0,0.0031052926804381546,1.6019315866830515e-06,5.7901105878059334e-07,7.7025518112772982e-07,1.3520166730797568e-06,2.3911197386793112e-06,3.9605198482604826e-06
1742,8.4000000000000004,32301.923822175937,4.6094632485873568,27.385576438994089,0,0.0040713278477132455,2.1002814710766411e-06,7.5913741161903649e-07,1.0098762633634439e-06,1.7726197489717933e-06,3.1349806221577453e-06,5.1926102976447213e-06
1743,8.4000000000000004,31540.978479095917,4.7206693608338659,5.3893211483108772,0,0.004636467203595283,2.391820684358595e-06,8.6451296570744219e-07,1.150056775065132e-06,2.0186763724196863e-06,3.5701460020482433e-06,5.9133944124896186e-06
1744,8.4000000000000004,35131.953410320559,4.2381512060541544,14.259328140652997,0,0.0031423781699489459,1.621062928932748e-06,5.859259974858267e-07,7.7945408550807779e-07,1.3681633636844052e-06,2.4196760955555741e-06,4.007819034651255e-06
1745,8.4000000000000004,32694.47810303028,4.554118596044761,27.656154147364891,0,0.004063786745624515,2.0963912324171937e-06,7.5773130212981681e-07,1.0080057237547786e-06,1.7693364205365743e-06,3.1291738657868081e-06,5.1829923042464428e-06
1746,8.4000000000000004,32086.594402956965,4.6403968226452523,5.5889843917908664,0,0.0048354130519168894,2.4944511515198639e-06,9.0160829234198128e-07,1.1994044811280423e-06,2.1052956162884657e-06,3.7233371481990698e-06,6.1671318414831285e-06
1747,8.4000000000000004,30400.803940635684,4.8977168830053985,14.247512439406483,0,0.0027690124636515125,1.4284542508297573e-06,5.1630844604615448e-07,6.8684224523206423e-07,1.2056032728915775e-06,2.1321791662974379e-06,3.5316248582484906e-06
1748,8.4000000000000004,33465.29164561005,4.4492225644930334,28.15864244089871,0,0.0042233200767159912,2.1786899103531302e-06,7.8747779383025036e-07,1.0475773157048283e-06,1.8387958067343336e-06,3.2520168104641734e-06,5.3864626335416999e-06
1749,8.4000000000000004,33510.5269744045,4.4432166295300215,5.9910061236996981,0,0.0052267799989439926,2.696346154324549e-06,9.7458234461003256e-07,1.2964814557297515e-06,2.2756932863716299e-06,4.0246952900574164e-06,6.6662849716915328e-06
1750,8.4000000000000004,31323.007432012939,4.7535196305835656,15.084232007227785,0,0.0029356720989233715,1.5144291850602394e-06,5.4738370426018249e-07,7.2818148786181022e-07,1.2781653882233765e-06,2.2605094670288359e-06,3.7441841437406768e-06
1751,8.4000000000000004,34295.662653242711,4.3414974138984954,28.950377247407438,0,0.0044891055310547394,2.315801016584209e-06,8.370359943485492e-07,1.1135043133635231e-06,1.9545164175456025e-06,3.4566754083885264e-06,5.7254479323892837e-06
1752,8.4000000000000004,35665.289789965165,4.1747741738210014,6.5965319444340205,0,0.0056611770017918374,2.9204391309402742e-06,1.0555797559440771e-06,1.4042318601337247e-06,2.464825858088925e-06,4.3591871897987501e-06,7.2203190447570706e-06
1753,8.4000000000000004,32690.335217111638,4.5546957450301742,16.214856831834897,0,0.0031827494400577558,1.6418893113182855e-06,5.9345360092149418e-07,7.8946801436119648e-07,1.3857406537879635e-06,2.4507625504462311e-06,4.0593089368986863e-06
1754,8.4000000000000004,34969.926485687152,4.2577879246594792,29.899051582598211,0,0.0047880184528855526,2.4700016348270399e-06,8.9277112309913104e-07,1.187648444187844e-06,2.0846604315575839e-06,3.6868426296744487e-06,6.1066843186630019e-06
1755,8.4000000000000004,30438.86849530254,4.8915921674278566,6.9266651835189688,0,0.004854299712397374,2.5041942389206877e-06,9.0512988801974902e-07,1.2040892402107966e-06,2.1135186994230349e-06,3.7378801466600877e-06,6.1912200680685077e-06
1756,8.4000000000000004,34431.541856445765,4.3243643092653024,17.446804585946385,0,0.0035437796076104588,1.828134438159774e-06,6.6077107501444518e-07,8.7902007457525792e-07,1.5429299612857544e-06,2.7287609385956412e-06,4.5197702497471537e-06
1757,8.4000000000000004,35906.950546024731,4.1466771322209253,30.812320107930965,0,0.0052235702286682877,2.6946903257377498e-06,9.7398385271988461e-07,1.2956852853073413e-06,2.2742957810875559e-06,4.0222237210773936e-06,6.6621912001236005e-06
1758,8.4000000000000004,33251.871729478116,4.4777789331176789,7.7145681885963509,0,0.0055614927841002634,2.8690148970766274e-06,1.0369926949585183e-06,1.3795055966039483e-06,2.4214242408401111e-06,4.282428917685251e-06,7.0931808444795719e-06
1759,8.4000000000000004,36319.450022224868,4.0995810956904846,18.608385640192061,0,0.0041245229781627316,2.1277233158539693e-06,7.6905614456088036e-07,1.0230710984582473e-06,1.7957804332278776e-06,3.1759416327641404e-06,5.260455873458937e-06
1760,8.4000000000000004,31323.642284762122,4.7534232884986212,31.318896723276193,0,0.0045995925962451535,2.3727981301778496e-06,8.5763734796666789e-07,1.1409101791444279e-06,2.0026214980225941e-06,3.5417520274492039e-06,5.8663641872142367e-06
1761,8.4000000000000004,49964.858207956036,2.979985054641455,32.023047350797889,0,0.012900526825348042,6.6550124362065401e-06,2.4054246941123334e-06,3.1999230504415875e-06,5.6167740545867646e-06,9.9335900045013501e-06,1.6453454731229573e-05
1762,8.4000000000000004,36054.077920753123,4.1297556144483485,8.4121076887539541,0,0.0064111827476934155,3.3073456219522568e-06,1.1954253890986072e-06,1.5902677257046139e-06,2.7913716551251888e-06,4.9367023317515281e-06,8.1768835134349432e-06
1763,8.4000000000000004,31234.350736539323,4.7670121902935874,19.156496542986009,0,0.0036779229820211264,1.8973351643800087e-06,6.8578337022745639e-07,9.1229379135070675e-07,1.6013347873199988e-06,2.8320532538054069e-06,4.6908579865691537e-06
1764,8.4000000000000004,32803.830312457765,4.53893735270431,31.991697923086068,0,0.0058129824935406731,2.9987512378139169e-06,1.0838853192360371e-06,1.4418865930610845e-06,2.5309206121204638e-06,4.4760795877511844e-06,7.4139332141825998e-06
1765,8.4000000000000004,30549.941264843968,4.873807429814347,8.7396560504590823,0,0.0056212593501381389,2.8998467573282488e-06,1.0481367339405019e-06,1.3943304494878289e-06,2.4474460694055681e-06,4.3284500276007516e-06,7.1694076918059175e-06
1766,8.4000000000000004,33246.053783453186,4.4785625291593067,19.995719531841075,0,0.0051366498538462846,2.6498505929709015e-06,9.5777673041790789e-07,1.2741250409303875e-06,2.2364514269208793e-06,3.9552937903692291e-06,6.5513321265588471e-06
1767,8.4000000000000004,34248.774826034496,4.3474410828794081,32.511823557459927,0,0.0080189067953981771,4.136724427664313e-06,1.4952006756449327e-06,1.9890571169170089e-06,3.4913603331332821e-06,6.1746728229175428e-06,1.0227390070054254e-05
1768,8.4000000000000004,32374.451823176572,4.5991367369005518,9.3495588695878009,0,0.0071309779860675212,3.6786673770831902e-06,1.3296379886714806e-06,1.7688099981291553e-06,3.1047640672529546e-06,5.4909549511989335e-06,9.0949172131961496e-06
1769,8.4000000000000004,31493.813861512153,4.7277389576163378,15.473079803494874,0,0.012646256421893806,6.5238416150411378e-06,2.3580135832537486e-06,3.1368523141783542e-06,5.5060669939910028e-06,9.7377981603085541e-06,1.6129155837907988e-05
1770,8.4000000000000004,33451.805861821362,4.4510162271066553,9.7329716819793806,0,0.0098413617617614316,5.0768767663845278e-06,1.8350145638176405e-06,2.4411096364930994e-06,4.2848409335230845e-06,7.5779891899629991e-06,1.255176648465493e-05
1771,8.4000000000000004,31920.18019806136,4.6645892909474052,16.360911133297371,1,0.1187750523156921,6.1272648859492441e-05,2.2146726854850137e-05,2.9461667175916647e-05,5.1713595980291801e-05,9.1458487582769913e-05,0.00015148683250948864
1772,8.4000000000000004,22065.260874499276,6.7479161730222357,39.070668189674677,1,0.11151345533399312,5.7526598882295261e-05,2.0792733724573534e-05,2.7660457668790279e-05,4.8551961570018634e-05,8.5866954138384696e-05,0.00014222532258571899
1773,8.4000000000000004,35496.468289134878,4.1946294347982667,5.0080394906215986,1,0.1307109918850696,6.7430058347292475e-05,2.4372295172819865e-05,3.2422328292614761e-05,5.6910397366624823e-05,0.00010064933161618803,0.00016671004347119649
1774,8.4000000000000004,31100.849520306994,4.7874747157555682,5.0970200320869123,1,0.12467948026089565,6.4318574187658632e-05,2.3247663039571912e-05,3.0926236440204704e-05,5.4284331124583208e-05,9.6004981475060239e-05,0.00015901739612331938
1775,8.4000000000000004,20536.987258449011,7.2500668595259761,28.449660566828086,1,0.12842774594245573,6.6252197136759826e-05,2.3946562468454358e-05,3.1855978451208171e-05,5.5916292494448947e-05,9.8891199612710298e-05,0.0001637979698585712
1776,8.5,40811.087838493142,5.153479751852089,17.06377742586297,1,0.085328847767063509,3.7083176208963745e-05,2.8120242878915292e-05,1.8580549588092282e-05,3.1686698702279899e-05,5.5305795806872243e-05,9.6763396642047571e-05
1777,8.5,39383.714521826238,5.340255925077197,17.1823341479665,0,0.0085988752673016085,3.7369965150206716e-06,2.8337715477198015e-06,1.8724245373859239e-06,3.1931753082765126e-06,5.5733512422479162e-06,9.7511732542879578e-06
1778,8.5,38937.799050836707,5.401412507988482,17.317356995886637,0,0.0067973871656580162,2.9540854309056079e-06,2.2400885871812474e-06,1.4801464288578105e-06,2.5241962679365758e-06,4.4057187743866999e-06,7.7082755439950251e-06
1779,8.5,39312.82192168347,5.3498859798392475,17.444594100604579,0,0.0057898714305737306,2.5162278421165595e-06,1.9080603468346709e-06,1.2607575988618814e-06,2.150057294179747e-06,3.7526985945186377e-06,6.5657469941756082e-06
1780,8.5,40278.181818577512,5.2216635739432977,17.543838858355475,0,0.0052308747733351641,2.2732927494362048e-06,1.7238422051229562e-06,1.1390348124748826e-06,1.9424749920976472e-06,3.3903855457551499e-06,5.9318416188960326e-06
1781,8.5,41731.51980467057,5.0398144091361994,17.59738747297741,0,0.0049417441659869461,2.1476390984110792e-06,1.6285588031420088e-06,1.0760759688029955e-06,1.8351069134185569e-06,3.2029858708507174e-06,5.6039658726236118e-06
1782,8.5,43569.655173812193,4.8271925492112917,17.620372036153654,0,0.0048477490429171535,2.1067896342170274e-06,1.5975825769380454e-06,1.0556083181673655e-06,1.8002020105382689e-06,3.1420630385451541e-06,5.4973748707053707e-06
1783,8.5,39691.165656359546,5.2988898498886217,17.642950075031067,0,0.0042660749334227826,1.8539991177265673e-06,1.4058910486519677e-06,9.2894746526245446e-07,1.5841984814530033e-06,2.7650516248476473e-06,4.8377531361301702e-06
1784,8.5,41428.863421646558,5.0766325082633044,17.685112856570569,0,0.0043759568434251026,1.9017528415541422e-06,1.4421027880358088e-06,9.5287449968352006e-07,1.6250029112113823e-06,2.8362714600673511e-06,4.9623598444073726e-06
1785,8.5,43022.431627035287,4.88859199428809,17.757787843716585,0,0.0045081118092492184,1.9591862420135458e-06,1.4856546445752724e-06,9.8165154238437597e-07,1.6740783961576963e-06,2.9219275511314794e-06,5.1122243241336674e-06
1786,8.5,38381.463609586055,5.4797054371371781,17.779887171697013,0,0.0039865754519610103,1.7325310703710559e-06,1.313781597875232e-06,8.6808582103489566e-07,1.4804069023061773e-06,2.5838943532523532e-06,4.5207991411604714e-06
1787,8.5,39590.730759823346,5.312332225000584,17.836224121728421,0,0.0041263446607297588,1.793273554688998e-06,1.3598427389831062e-06,8.9852088235795009e-07,1.5323099212969117e-06,2.6744856072366389e-06,4.6792982155105171e-06
1788,8.5,40984.19339169412,5.1317129220201956,17.892640145147293,0,0.0043330446507354381,1.8831035752782405e-06,1.4279610140346608e-06,9.43530272671564e-07,1.6090675534045653e-06,2.8084579710935103e-06,4.9136971748569138e-06
1789,8.5,42660.290385642467,4.9300910267013895,17.946168153439409,0,0.0045535592075431038,1.9789372866282801e-06,1.500631899181213e-06,9.91547816150483e-07,1.6909551975469766e-06,2.9513842307394911e-06,5.1637619311978725e-06
1790,8.5,39916.866700425948,5.268928455862171,11.761665955455021,0,0.0043470664578579505,1.8891973308825784e-06,1.4325819204713998e-06,9.465835528853755e-07,1.6142745237220998e-06,2.8175461894610899e-06,4.929597983548692e-06
1791,8.5,41686.862042283123,5.0452133963310564,11.844813998348881,0,0.004730489373126809,2.0558296000570596e-06,1.5589394863456673e-06,1.0300747598663029e-06,1.7566578642875367e-06,3.0660613166947708e-06,5.3644017410433724e-06
1792,8.5,39655.491778873053,5.3036567040830773,23.235373801530866,0,0.004768046711463113,2.0721516931347352e-06,1.5713165604951452e-06,1.0382529552318308e-06,1.7706047075306423e-06,3.0904040628988161e-06,5.4069919754290072e-06
1793,8.5,43624.807875017563,4.8210897668428245,11.942232424667006,0,0.0050735257477921257,2.2049102294184728e-06,1.6719876104481317e-06,1.1047717062892519e-06,1.884043742948586e-06,3.2883999534868731e-06,5.7534069327577099e-06
1794,8.5,41369.807637904159,5.0838794482097436,23.314641435386097,0,0.0050456601307310636,2.192800074240147e-06,1.662804456799239e-06,1.0987039051510099e-06,1.87369590121542e-06,3.2703388854244204e-06,5.7218071651888837e-06
1795,8.5,39058.875397626318,5.3846689820340536,11.974773745733879,0,0.0046026764965819457,2.00028323388994e-06,1.516818571490402e-06,1.002243216926434e-06,1.7091948055995223e-06,2.9832195458674411e-06,5.2194612151518995e-06
1796,8.5,43563.565814352733,4.8278672990868516,23.359559320637004,0,0.0047409384460299188,2.0603706763967296e-06,1.5623829931500372e-06,1.0323500691234467e-06,1.7605381068252404e-06,3.072833871434149e-06,5.3762510488955704e-06
1797,8.5,41553.098395630543,5.0614544509837867,12.024692757067109,0,0.0043741352145126138,1.9009611774485448e-06,1.4415024676424726e-06,9.5247783586787827e-07,1.6243264529208054e-06,2.835090773355806e-06,4.9602941069035099e-06
1798,8.5,39042.61918386646,5.3869110019555597,23.356346354028659,0,0.0041916200682035045,1.8216416798987606e-06,1.38135434215385e-06,9.1273474996764516e-07,1.5565498146438311e-06,2.7167937884839526e-06,4.7533208972839303e-06
1799,8.5,44502.136884777348,4.7260452991567323,12.091333707559521,0,0.0047419367402830323,2.0608045264095374e-06,1.5627119824379134e-06,1.0325674499548874e-06,1.760908821419922e-06,3.0734809147209469e-06,5.3773831202326081e-06
1800,8.5,41303.737862137037,5.0920116607540766,23.37048092628299,0,0.0043607143154584076,1.8951285712721615e-06,1.4370795913124427e-06,9.4955540474500411e-07,1.6193426286248856e-06,2.826392032870492e-06,4.9450747313645344e-06
1801,8.5,39083.442801215169,5.3812842409111479,12.148710220535598,0,0.0042050807162853365,1.8274915606573532e-06,1.3857903178323452e-06,9.1566583653118455e-07,1.5615483996624731e-06,2.7255182922563959e-06,4.7685853484453591e-06
1802,8.5,42956.918811638781,4.8960474970040782,23.360544670002085,0,0.0047212078807993395,2.0517959440958156e-06,1.5558807573770103e-06,1.0280536939202018e-06,1.7532112004852679e-06,3.0600455279799464e-06,5.353876476176738e-06
1803,8.5,40692.730102796937,5.1684690188008684,12.178172966685397,0,0.0045938201297770617,1.9964343337888481e-06,1.5138999432410441e-06,1.0003147230243752e-06,1.7059060113184919e-06,2.9774793017774378e-06,5.2094180450356463e-06
1804,8.5,44395.292279616617,4.7374193079318028,23.23425489056325,0,0.00485923945981326,2.1117832696125967e-06,1.6013692601331656e-06,1.0581103824341745e-06,1.8044689541063391e-06,3.1495105392113613e-06,5.5104050685434529e-06
1805,8.5,42103.573754710626,4.9952794043569888,12.091191656629039,0,0.0050914686778792467,2.2127080710105944e-06,1.6779007285226498e-06,1.1086788198969444e-06,1.8907068145168175e-06,3.3000296432523352e-06,5.7737543170992899e-06
1806,8.5,38889.214840758264,5.4081604806869024,23.203435515364021,0,0.0041594899426345673,1.8076782063576478e-06,1.3707658136740678e-06,9.0573834245684661e-07,1.5446183561182383e-06,2.6959686840735928e-06,4.7168851529144161e-06
1807,8.5,43307.87166080263,4.8563715269593457,11.819234515196364,0,0.0055950161007438277,2.4315454079758379e-06,1.843845496353788e-06,1.2183274100904108e-06,2.0776981531808132e-06,3.6264033337075214e-06,6.3447799465527548e-06
1808,8.5,40091.332896990323,5.2459995622275803,22.859028368507957,0,0.0044876444144181056,1.9502912899671696e-06,1.4789095855616935e-06,9.7719472086913992e-07,1.6664778696041853e-06,2.9086616324082093e-06,5.0890141824746721e-06
1809,8.5,40088.337642770894,5.2463915241608463,27.990962403755912,0,0.0053044778502126851,2.305280007447962e-06,1.748098203564204e-06,1.1550620489317991e-06,1.9698073489922984e-06,3.4380912964721653e-06,6.0153079249384754e-06
1810,8.5,41705.42121648114,5.0429682447043014,6.1823685060295883,0,0.0067921723765608701,2.9518191288513492e-06,2.2383700460335412e-06,1.4790108967377065e-06,2.5222597663284878e-06,4.4023388147537049e-06,7.7023619436240319e-06
1811,8.5,41379.316808785014,5.0827111476639883,22.313954924941729,0,0.0049015977806119515,2.1301918279747317e-06,1.6153285048665978e-06,1.0673340025891885e-06,1.8201986326828818e-06,3.1769650367478751e-06,5.5584396442326014e-06
1812,8.5,40805.099676320126,5.1542360267479772,27.797813839145377,0,0.0054834478125019319,2.3830587988105414e-06,1.8070780086278148e-06,1.1940331629936242e-06,2.0362674902015031e-06,3.5540904743463721e-06,6.2182608758007891e-06
1813,8.5,41850.458661410856,5.025491274260772,5.9257862284674925,0,0.00741056098662178,3.2205654484442927e-06,2.4421608900859293e-06,1.6136664151775476e-06,2.751897152519529e-06,4.8031466903116518e-06,8.4036181297803989e-06
1814,8.5,39154.15781453433,5.3715652836404342,14.481872817726305,0,0.0044563828943686573,1.9367053048415012e-06,1.4686073072635691e-06,9.7038745417472053e-07,1.6548689660187731e-06,2.8883995136791832e-06,5.0535634416837513e-06
1815,8.5,41083.035350696868,5.1193664983949123,27.785643494702455,0,0.0060199924183320323,2.6162364249315715e-06,1.9838970449342922e-06,1.310866964407004e-06,2.2355122674388954e-06,3.9018512514791472e-06,6.8267054976222161e-06
1816,8.5,41522.115616661213,5.0652311835078692,5.7842021746168513,0,0.0075460309856868885,3.279439533561128e-06,2.4868052205346022e-06,1.6431653138641844e-06,2.8022036684974834e-06,4.8909514164073917e-06,8.557241875977224e-06
1817,8.5,39294.819765664186,5.35233692585882,14.35309909596554,0,0.0045802299213973073,1.9905281472499327e-06,1.5094212707824988e-06,9.9735542441293899e-07,1.7008593143396925e-06,2.9686708236449853e-06,5.1940066717625871e-06
1818,8.5,41370.95474540232,5.0837384856365881,27.900093020348493,0,0.0062076326295791495,2.6977832311952543e-06,2.0457341428466422e-06,1.3517260447887613e-06,2.3051920884350785e-06,4.023470041372114e-06,7.0394905599081594e-06
1819,8.5,42022.761654718677,5.0048856035408846,5.7705302014765421,0,0.0074195190502245566,3.2244585450905725e-06,2.4451130326593592e-06,1.6156170537873533e-06,2.7552237117051389e-06,4.8089528490657539e-06,8.41377662464144e-06
1820,8.5,39792.406304591204,5.2854083067217035,14.440430205954428,0,0.0045424538472246543,1.9741109934773715e-06,1.4969721119277257e-06,9.8912959882433457e-07,1.6868312439767656e-06,2.9441863040569397e-06,5.151168389699686e-06
1821,8.5,42308.876328291255,4.9710399584896203,28.107375312322702,0,0.0063582087800468532,2.7632223185236624e-06,2.0953567269284386e-06,1.3845143421086406e-06,2.3611082438324209e-06,4.1210658023495193e-06,7.2102447673517418e-06
1822,8.5,43662.629973544368,4.816913570120855,5.8654228465142175,0,0.0075290592896620299,3.2720637818578718e-06,2.4812121740236618e-06,1.639469688670173e-06,2.7959012627756292e-06,4.879951230896748e-06,8.5379958765629975e-06
1823,8.5,41013.27796984106,5.1280737662907292,14.715224726634393,0,0.0046101562800974884,2.003533882848297e-06,1.5192835447631333e-06,1.0038719567038435e-06,1.7119724084011245e-06,2.9880675590612849e-06,5.2279433320215295e-06
1824,8.5,43573.214753536013,4.8267982065671164,28.479200993399665,0,0.0065703797891621856,2.855429996505393e-06,2.1652779840919586e-06,1.430715059207093e-06,2.4398975280560766e-06,4.2585842010310954e-06,7.450847893354517e-06
1825,8.5,38704.109241496255,5.4340254548796008,5.8599211415800321,0,0.0065009739640663816,2.8252668276673196e-06,2.1424051959320457e-06,1.415601783818499e-06,2.4141238123017338e-06,4.2135988942912838e-06,7.3721412946043794e-06
1826,8.5,42832.898738017844,4.9102237070883854,15.320069364364221,0,0.0046952944983558419,2.0405342131282799e-06,1.547340965416915e-06,1.0224109962852708e-06,1.7435883172127128e-06,3.0432497985685073e-06,5.3244905537210372e-06
1827,8.5,39066.075011456865,5.3836766239006959,28.613985011273972,0,0.0058243571838151615,2.5312150509869045e-06,1.9194251757569914e-06,1.2682669496260489e-06,2.1628635103783464e-06,3.7750504963305941e-06,6.6048540336672202e-06
1828,8.5,41319.448561613455,5.0900755491234175,6.3326727455751541,0,0.0067199787796224202,2.9204444185806119e-06,2.2145785437065247e-06,1.4632905777253199e-06,2.49545081701902e-06,4.3555466168590233e-06,7.6204939958153205e-06
1829,8.5,44655.817741269508,4.7097808407696249,16.258182833865149,0,0.0047789484286537435,2.0768894847508138e-06,1.5749092368668529e-06,1.0406268288063205e-06,1.7746530386284671e-06,3.0974699985192661e-06,5.4193545844668801e-06
1830,8.5,39862.856540046443,5.2760673238618443,29.403044086640872,0,0.0059423972048935165,2.582514219039752e-06,1.9583254322237949e-06,1.2939704311849831e-06,2.2066974385351069e-06,3.8515580019823728e-06,6.7387120861094726e-06
1831,8.5,43639.420083796394,4.8194754747628812,6.9830475806372805,0,0.0069996219915211457,3.0419749299358095e-06,2.3067353610527381e-06,1.5241835195805979e-06,2.5992957701790818e-06,4.536797047173853e-06,7.937610981914566e-06
1832,8.5,39472.375288506562,5.3282609239878065,16.811461738370451,0,0.0041337978205337727,1.7965126332135356e-06,1.3622989383739191e-06,9.0014382476195983e-07,1.5350776374359418e-06,2.6793163643020812e-06,4.6877501409404855e-06
1833,8.5,40625.423092014666,5.1770319868514001,30.287973752813198,0,0.0060958218995612115,2.6491912589395538e-06,2.0088867580893052e-06,1.3273790054469151e-06,2.2636713951821702e-06,3.9510000436490663e-06,6.9126965588090515e-06
1834,8.5,38412.998789133773,5.4752068689369358,7.3225778859086148,0,0.0061615725683038429,2.6777659285694108e-06,2.0305549842856931e-06,1.3416963622728002e-06,2.2880877758604681e-06,3.9936162649482465e-06,6.987258189553103e-06
1835,8.5,41289.576837553876,5.0937580603984562,17.967041253751788,0,0.0044114909671037587,1.9171956631120274e-06,1.4538131089235464e-06,9.6061213548147495e-07,1.6381984376965031e-06,2.859302861987986e-06,5.0026557419124195e-06
1836,8.5,41880.354493389103,5.0219038824022073,31.12319520582421,0,0.0065400094460035902,2.8422313091171451e-06,2.1552693944029586e-06,1.4241018482962167e-06,2.4286195612449192e-06,4.238899697592128e-06,7.4164077522051531e-06
1837,8.5,41401.246274742603,5.0800189306146439,8.0601849383030544,0,0.0068660486401908097,2.9839251114532419e-06,2.2627160735567507e-06,1.4950976202278238e-06,2.5496935705828524e-06,4.4502216311541528e-06,7.7861380449909551e-06
1838,8.5,43493.33395579287,4.8356632085390885,19.010554111959266,0,0.0048472026610230402,2.1065521813908493e-06,1.5974025160094245e-06,1.0554893422741797e-06,1.7999991127035014e-06,3.1417089017407887e-06,5.4967552705429212e-06
1839,8.5,43470.989967159629,4.8381487282810456,31.835306358722608,0,0.0072867608392604083,3.1667629795321378e-06,2.4013623758278824e-06,1.5867086530929059e-06,2.7059242128702509e-06,4.7229057653489739e-06,8.2632280615097681e-06
1840,8.5,44496.103317625028,4.7266861398045936,8.6642818934332784,0,0.0078290886314299288,3.4024539282127249e-06,2.5800872693999172e-06,1.7048017564114293e-06,2.9073165649064566e-06,5.0744149081420266e-06,8.8782308493941409e-06
1841,8.5,38408.234670107326,5.4758860081226359,19.534341276248757,0,0.004333952057803429,1.8834979265096955e-06,1.4282600513216942e-06,9.4372786261288627e-07,1.6094045172229708e-06,2.8090461059544549e-06,4.9147261796112672e-06
1842,8.5,38977.774047490901,5.3958729036316075,32.202848168223319,0,0.0066641963331850983,2.8962018517965243e-06,2.1961953593175861e-06,1.4511438238513759e-06,2.4747361159608187e-06,4.3193912875301638e-06,7.5572363856221851e-06
1843,8.5,38991.966661715873,5.3939088697783619,8.9767554237332465,0,0.0070214180974432529,3.0514473282832617e-06,2.3139182986920391e-06,1.5289296709410216e-06,2.6073897109659322e-06,4.5509241684822729e-06,7.9623278894761272e-06
1844,8.5,40711.723041580597,5.1660578112089164,20.259339870862807,0,0.005163177084651238,2.2438719218485783e-06,1.7015323357417362e-06,1.1242934876532383e-06,1.9173355894184479e-06,3.3465073656914597e-06,5.8550720565112804e-06
1845,8.5,40742.643066830904,5.1621372349786228,32.656559518879945,0,0.0081406631822474925,3.5378615221572466e-06,2.6827671048032583e-06,1.7726478195348544e-06,3.0230191575631126e-06,5.2763615995256349e-06,9.2315581546758259e-06
1846,8.5,41260.727449030317,5.0973196021941254,9.4629118409490793,0,0.008440846874588695,3.6683187479308143e-06,2.7816930666299981e-06,1.8380134974625395e-06,3.1344917774737857e-06,5.4709253189197661e-06,9.5719681619312865e-06
1847,8.5,70649.01022017849,2.9769576979389996,10.012282400909502,0,0.02331279261930418,1.0131537214526687e-05,7.6827638928186805e-06,5.076413319002912e-06,8.6571593894387815e-06,1.5110160069322662e-05,2.6436838866190178e-05
1848,8.5,42514.278390337888,4.9470230423699286,20.921920574503819,0,0.006383344448573895,2.7741460617770921e-06,2.1036402221636477e-06,1.3899876907793212e-06,2.3704423245816533e-06,4.137357457368941e-06,7.2387487578214691e-06
1849,8.5,41812.933601096556,5.0300014065795118,33.03823157215038,0,0.010231722866106966,4.4466179011453165e-06,3.3718787912162226e-06,2.2279807950096337e-06,3.7995300317262973e-06,6.631679559651124e-06,1.1602831679238644e-05
1850,8.5,42658.360191470405,4.9303141021530648,9.8306428388898457,0,0.010388291813554943,4.5146614059974523e-06,3.4234763100477457e-06,2.2620740374257756e-06,3.8576716004189914e-06,6.7331595451877045e-06,1.1780381752399065e-05
1851,8.5,43566.402428829657,4.8275529559804715,21.472069466352423,0,0.0082219684519447209,3.5731960862794573e-06,2.7095613718190648e-06,1.7903522258981813e-06,3.0532117085141888e-06,5.3290595177744887e-06,9.3237587909984742e-06
1852,8.5,42703.159726158563,4.9251417500587618,33.352094438800911,0,0.013782127851265988,5.9895930745268971e-06,4.5419197927509975e-06,3.0010895104190164e-06,5.1179658946236645e-06,8.9328705200275907e-06,1.5629011040721288e-05
1853,8.5,44427.501540059304,4.7339847512489825,10.155625239433386,0,0.013753882275116428,5.9773177924284306e-06,4.5326114230452587e-06,2.9949389723299073e-06,5.1074769558351476e-06,8.9145631819132933e-06,1.5596980397394142e-05
1854,8.5,44617.87842621516,4.7137856447956699,21.968076705753347,0,0.011643385326529294,5.060114146990873e-06,3.837094158456252e-06,2.5353734884997463e-06,4.3237480918931351e-06,7.5466469807215853e-06,1.3203664904543959e-05
1855,8.5,43198.716968631663,4.8686426261097671,33.685378774602427,1,0.14185264379404927,6.1647927086536406e-05,4.6747740077238308e-05,3.0888734011883494e-05,5.2676698463035614e-05,9.1941630030622622e-05,0.00016086170146861981
1856,8.5,44980.755126494456,4.6757577598524973,22.675130453302433,1,0.14034062051700555,6.0990814901361556e-05,4.62494506604503e-05,3.0559487523589705e-05,5.2115211612289559e-05,9.0961613860198064e-05,0.00015914705850885558
1857,8.5,26537.243158661357,7.9254319512117988,5.2186590628601319,1,0.14858450399570619,6.4573535067950091e-05,4.8966234160438223e-05,3.2354611796128836e-05,5.5176561422606817e-05,9.6304877577684395e-05,0.00016849566906431467
1858,8.5999999999999996,50389.847850282131,5.8957043674208682,17.185733486425661,1,0.086293668886458924,2.9944056384814786e-05,0,1.4514060571460823e-05,2.589258438113955e-05,4.3319224117167753e-05,7.422139283198857e-05
1859,8.5999999999999996,49501.115366843253,6.001554588072441,17.29917987178116,0,0.0089092774546045191,3.0915351020670253e-06,0,1.4984852804696475e-06,2.673246151717746e-06,4.4724368746663018e-06,7.6628910363914893e-06
1860,8.5999999999999996,49475.116364098787,6.0047083842769426,17.393061570656393,0,0.0070875140505428204,2.4593799649063696e-06,0,1.1920759605899678e-06,2.1266224738648107e-06,3.5579158187492229e-06,6.0959879367247934e-06
1861,8.5999999999999996,50136.480453630968,5.9254986260820806,17.487776568126108,0,0.0060813041623425327,2.1102233463962538e-06,0,1.0228376902348472e-06,1.8247072259496628e-06,3.0528007596918791e-06,5.2305443839444814e-06
1862,8.5999999999999996,51390.014435513702,5.7809605486173608,17.570406938155205,0,0.005485531208893381,1.9034890732933003e-06,0,9.2263236990507288e-07,1.645944384269124e-06,2.7537241017348715e-06,4.7181186291095014e-06
1863,8.5999999999999996,53202.351159981205,5.5840322761533825,17.620855116855079,0,0.0051421618900573543,1.7843393097391535e-06,0,8.6487977743476516e-07,1.5429157475616711e-06,2.5813534901991841e-06,4.4227858494438987e-06
1864,8.5999999999999996,49394.603981549313,6.0144959590232352,17.633706407702174,0,0.0044945327801165606,1.5596108582228498e-06,0,7.5595257279951371e-07,1.3485933645501447e-06,2.2562451604648174e-06,3.8657584892838822e-06
1865,8.5999999999999996,51485.687341407582,5.7702181205154188,17.688944092331703,0,0.00441633284913535,1.5324753432678536e-06,0,7.427998288080776e-07,1.3251293220814622e-06,2.2169889742366099e-06,3.7984985399540234e-06
1866,8.5999999999999996,53545.495443534513,5.5482472163856595,17.773336504427601,0,0.004386359066557776,1.5220743874717804e-06,0,7.3775842424734316e-07,1.3161356299065135e-06,2.20194220404046e-06,3.7727180172336616e-06
1867,8.5999999999999996,49169.490771612342,6.0420321907441945,17.813626707779392,0,0.0039155337621956587,1.3586971705433072e-06,0,6.5856852452156424e-07,1.1748635750815876e-06,1.9655889797207008e-06,3.3677600368715025e-06
1868,8.5999999999999996,51101.594236711142,5.8135886068141076,17.877605808213918,0,0.004004892668276981,1.3897048696794413e-06,0,6.7359813900197615e-07,1.2016758898872225e-06,2.0104469458884734e-06,3.4446178476110725e-06
1869,8.5999999999999996,53197.60769890454,5.5845301865087249,17.898960154257388,0,0.0041324078165570141,1.4339528526344747e-06,0,6.9504539706618424e-07,1.2399370599049036e-06,2.0744592582395062e-06,3.5542939343350517e-06
1870,8.5999999999999996,48017.998848227282,6.1869226783812348,17.913331137560533,0,0.0037382965990296344,1.297195560102905e-06,0,6.2875833155027872e-07,1.121683217102044e-06,1.8766163297898919e-06,3.2153179251670947e-06
1871,8.5999999999999996,49979.777221481541,5.9440770359595243,17.977639342739288,0,0.0042467204181283096,1.4736195284302335e-06,0,7.1427206855549203e-07,1.2742367799215224e-06,2.1318439223844386e-06,3.6526144787776938e-06
1872,8.5999999999999996,52040.784636292636,5.7086696159726751,18.050873607640433,0,0.0047667738900574663,1.6540790069471908e-06,0,8.0174184112837561e-07,1.4302798428529129e-06,2.3929095740610645e-06,4.0999137248496195e-06
1873,8.5999999999999996,54234.349125726134,5.4777765536723173,18.124048709786869,0,0.0053858125910036959,1.8688865357579763e-06,0,9.0586031607042171e-07,1.6160236176428202e-06,2.7036655839692033e-06,4.6323504052460397e-06
1874,8.5999999999999996,50828.589355329212,5.8448139091122178,11.98804360814335,0,0.0045415333888186591,1.5759201529284443e-06,0,7.6385778404386759e-07,1.3626959892558485e-06,2.279839358373918e-06,3.9061838262389136e-06
1875,8.5999999999999996,55003.682114790325,5.4011592428408797,23.334660791269506,0,0.0048814295681222607,1.6938647308955918e-06,0,8.2102621595874597e-07,1.464682503643423e-06,2.4504664618198841e-06,4.1985293502121484e-06
1876,8.5999999999999996,54265.89618848815,5.4745920902639407,12.059859602402124,0,0.0048594107527682173,1.6862241628562862e-06,0,8.1732278760896879e-07,1.4580757149660587e-06,2.4394130669483394e-06,4.179590913995723e-06
1877,8.5999999999999996,50621.355063848328,5.868741476198573,23.364721909518792,0,0.0045176698201228882,1.5676394522027716e-06,0,7.5984407960910365e-07,1.3555356787248019e-06,2.2678599015504088e-06,3.885658713221962e-06
1878,8.5999999999999996,49556.337706180726,5.9948668484339738,12.066704553124707,0,0.0044984208651869225,1.5609600306485704e-06,0,7.5660652462409625e-07,1.349759992091475e-06,2.2581969702641113e-06,3.8691026406346744e-06
1879,8.5999999999999996,52864.390520718836,5.6197308456274948,23.33481469793653,0,0.0049644216965169258,1.7226631468653132e-06,0,8.3498497787046292e-07,1.4895844543329532e-06,2.4921283201726631e-06,4.2699110801006757e-06
1880,8.5999999999999996,51746.27146476935,5.741160428280252,12.090214464849877,0,0.0049637966360389788,1.7224462497691868e-06,0,8.3487984656993056e-07,1.4893969037121787e-06,2.4918145412444937e-06,4.2693734640753508e-06
1881,8.5999999999999996,54833.789177026716,5.4178937932862787,23.240649174603387,0,0.0053481180948454889,1.8558064786353193e-06,0,8.9952033531041068e-07,1.6047133102346938e-06,2.6847430332406027e-06,4.5999292781452402e-06
1882,8.5999999999999996,53536.052508260596,5.5492258417585312,12.055172691144866,0,0.0054155642443820757,1.8792104123273668e-06,0,9.1086435987580308e-07,1.6249506595164448e-06,2.7186008458161659e-06,4.6579398741061861e-06
1883,8.5999999999999996,49722.988039171658,5.9747746014487202,23.247925449351133,0,0.004946398373002656,1.7164090215914979e-06,0,8.3195356649856576e-07,1.4841765208084691e-06,2.4830806530526317e-06,4.2544091760565823e-06
1884,8.5999999999999996,55169.254782890406,5.3849494109301563,11.869538486060044,0,0.0056351785398310083,1.955416962943343e-06,0,9.4780212399727587e-07,1.6908463590456637e-06,2.8288467190841528e-06,4.8468306595412391e-06
1885,8.5999999999999996,51324.052670388701,5.7883902495482999,22.996997321503958,0,0.0051562743762019921,1.7892363674989872e-06,0,8.6725341018627877e-07,1.5471502266728614e-06,2.5884379259178037e-06,4.4349240328296963e-06
1886,8.5999999999999996,49371.623307750669,6.0172954855617089,11.852525655439891,0,0.0049605619323464557,1.7213238018421608e-06,0,8.3433578944581199e-07,1.4884263245331103e-06,2.4901907274002428e-06,4.2665912876242169e-06
1887,8.5999999999999996,53104.605857767441,5.5943103473976334,22.587798765597331,0,0.0054391690490418658,1.8874013214729186e-06,0,9.1483454180259628e-07,1.6320333273916294e-06,2.7304504036863361e-06,4.6782424235514047e-06
1888,8.5999999999999996,50944.356728014696,5.8315319914759618,11.464149583217798,0,0.0052595939418721037,1.8250884403103898e-06,0,8.8463112113198107e-07,1.5781514647342072e-06,2.6403041112209334e-06,4.5237894405680284e-06
1889,8.5999999999999996,54919.24989706518,5.4094629224070516,22.132530642400354,0,0.0057168412392633863,1.9837540647017204e-06,0,9.6153728419251615e-07,1.7153494119709783e-06,2.869841207143047e-06,4.9170689443714518e-06
1890,8.5999999999999996,52753.410023092154,5.6315534088609001,10.995515846650799,0,0.0056359480855728084,1.9556839966826719e-06,0,9.4793155682419268e-07,1.6910772627528745e-06,2.8292330292838189e-06,4.8474925476906409e-06
1891,8.5999999999999996,48920.60318262277,6.0727715260491575,21.949174540471404,0,0.0050180192951497079,1.7412616087949176e-06,0,8.4399976195693629e-07,1.505666518789521e-06,2.5190341919159357e-06,4.3160105040133287e-06
1892,8.5999999999999996,53249.808397535089,5.5790556808526137,10.568771974367987,0,0.0065666568690236895,2.2786415977340829e-06,0,1.1044710090425282e-06,1.9703382562966448e-06,3.2964467066994037e-06,5.6479974180952155e-06
1893,8.5999999999999996,49630.065373190992,5.9859612073986721,21.5088554928906,0,0.0058750550226156556,2.0386545285560118e-06,0,9.8814786251705357e-07,1.7628217675744702e-06,2.9492641639822067e-06,5.0531490011954886e-06
1894,8.5999999999999996,52828.951277191431,5.6235007294730339,10.251723561280425,0,0.0070586094973541904,2.4493500336075044e-06,0,1.1872143937892471e-06,2.1179496060624177e-06,3.5434057992571518e-06,6.0711270607818645e-06
1895,8.5999999999999996,49704.45606973613,5.9770022556482338,21.216784582577038,0,0.0064112614479181849,2.2247191105856027e-06,0,1.0783344617899074e-06,1.9237115558058934e-06,3.2184385612523934e-06,5.5143414414402028e-06
1896,8.5999999999999996,53323.07071385342,5.5713904332107154,10.160190487649803,0,0.0073416021750511689,2.5475489954409346e-06,0,1.2348120092154509e-06,2.2028621133305315e-06,3.6854674752394613e-06,6.3145297457176504e-06
1897,8.5999999999999996,52224.501101973365,5.688587536039778,15.25989219261103,0,0.005117894986820512,1.7759186512112962e-06,0,8.607982346285979e-07,1.5356344157115254e-06,2.5691715603599327e-06,4.4019138274149432e-06
1898,8.5999999999999996,53476.85358094181,5.555368839995789,28.849042979643638,0,0.0076190892034083404,2.6438374871739091e-06,0,1.2814836085267492e-06,2.286122639729788e-06,3.8247653278644e-06,6.5531970083713837e-06
1899,8.5999999999999996,51471.551560753323,5.7718028121597458,6.1451172498824036,0,0.0081107984512802395,2.8144614695958853e-06,0,1.3641860581879209e-06,2.4336609627122248e-06,4.0716022439894165e-06,6.9761173189383231e-06
1900,8.5999999999999996,54346.088279097632,5.466513882634759,15.728186844062964,0,0.005318996528776692,1.8457012434815617e-06,0,8.9462226828750487e-07,1.5959753272925226e-06,2.6701240737797765e-06,4.5748817489004378e-06
1901,8.5999999999999996,49140.408640339752,6.045607968361562,28.88845209018719,0,0.0070865534779131958,2.4590466444976495e-06,0,1.191914398223811e-06,2.1263342521657254e-06,3.5574336134894341e-06,6.0951617458882345e-06
1902,8.5999999999999996,54487.161122536447,5.4523605180396251,6.5226957628605486,0,0.0085586725977812809,2.9698745939790166e-06,0,1.4395157153295177e-06,2.5680464776642815e-06,4.2964340396347195e-06,7.3613349530440578e-06
1903,8.5999999999999996,49614.938809412764,5.9877862025745303,15.883516232499728,0,0.0048857711740205182,1.6953712758541696e-06,0,8.2175644717730305e-07,1.4659852109975189e-06,2.4526459380359489e-06,4.202263575921339e-06
1904,8.5999999999999996,50288.765504588126,5.9075549591185874,29.449402099578474,0,0.0072534517134878801,2.5169606286990869e-06,0,1.2199856476174153e-06,2.1764123946696298e-06,3.641216145451685e-06,6.2387113210239625e-06
1905,8.5999999999999996,49293.578855444692,6.0268224166841389,6.7038563271103646,0,0.0077184002439013386,2.6782985946286137e-06,0,1.2981871103679644e-06,2.3159211119598549e-06,3.8746192427105262e-06,6.6386146739324889e-06
1906,8.5999999999999996,51513.852722377618,5.767063233372336,16.794880436833935,0,0.0050575143884117263,1.7549664763109514e-06,0,8.5064259199623682e-07,1.5175170988856499e-06,2.5388606382662111e-06,4.3499803290278758e-06
1907,8.5999999999999996,51491.757093738343,5.7695379379607186,30.153410252852204,0,0.0075138023374519327,2.6073027576686971e-06,0,1.2637750098590853e-06,2.2545311093639979e-06,3.7719115623238373e-06,6.4626395209098006e-06
1908,8.5999999999999996,51788.794629060882,5.7364464296273692,7.3337002189121927,0,0.0080594960328429083,2.7966594392709715e-06,0,1.3555573091931185e-06,2.4182675715690935e-06,4.0458485474469322e-06,6.9319919850499444e-06
1909,8.5999999999999996,53504.294203182675,5.5525196709708116,17.799139819082207,0,0.0052938726001705537,1.8369831956282465e-06,0,8.9039657912295748e-07,1.5884368433015812e-06,2.6575119191682369e-06,4.5532725972833873e-06
1910,8.5999999999999996,52772.77077441218,5.6294873603382545,30.907286055262933,0,0.0079312962679630276,2.7521738931397246e-06,0,1.333994902857587e-06,2.3798009809996033e-06,3.9814925591309544e-06,6.8217270579364869e-06
1911,8.5999999999999996,55004.398731270165,5.4010888746555548,7.9561111148897705,0,0.0085072341183089727,2.952025350233284e-06,0,1.430864081711445e-06,2.5526122611410893e-06,4.2706120407643378e-06,7.317092592731186e-06
1912,8.5999999999999996,48463.460771121878,6.1300542990030502,18.399106714853126,0,0.0047349039980761724,1.6430200978200166e-06,0,7.9638152271114589e-07,1.420717219337285e-06,2.3769109612874655e-06,4.0725023538558911e-06
1913,8.5999999999999996,54548.166469218639,5.4462627302463922,31.598028657304059,0,0.0084990244322551249,2.9491765745899458e-06,0,1.4294832633710521e-06,2.550148928759526e-06,4.2664907971703715e-06,7.3100314219466684e-06
1914,8.5999999999999996,49843.271671614508,5.9603560537092308,8.3266089352354609,0,0.0075954554707019896,2.6356365399448169e-06,0,1.2775085610817157e-06,2.2790312919375691e-06,3.8129012481811183e-06,6.5328695778435159e-06
1915,8.5999999999999996,50959.003213920281,5.8298559098076739,19.331415043710791,0,0.005154059336351751,1.7884677447364354e-06,0,8.6688085420425301e-07,1.5464855996269838e-06,2.5873259809867417e-06,4.4330188717097121e-06
1916,8.5999999999999996,49964.858207956036,5.9458518786965344,32.023047350797889,0,0.0077243378484373043,2.6803589539494073e-06,0,1.2991857786711718e-06,2.3177027018314317e-06,3.8775999065869339e-06,6.6437216219210458e-06
1917,8.5999999999999996,53382.378943478769,5.5652005760015557,8.843145012427696,0,0.0084567284146429087,2.9344997813491842e-06,0,1.4223693352060206e-06,2.5374579258256792e-06,4.2452582932120793e-06,7.2736525151400113e-06
1918,8.5999999999999996,53557.783836512528,5.5469742166972802,20.083184284226782,0,0.0058270744971654544,2.0220052009982246e-06,0,9.8007783534563953e-07,1.7484251169290405e-06,2.9251780501101509e-06,5.0118808354809185e-06
1919,8.5999999999999996,51819.88610721186,5.7330046119733895,32.503884860333159,0,0.0089755951946718579,3.1145474756688794e-06,0,1.5096395135521024e-06,2.693144919527924e-06,4.5057282282730311e-06,7.7199310846451343e-06
1920,8.5999999999999996,47878.242287569614,6.2049823019862975,9.1333501408434046,0,0.0075324733799406679,2.6137816425771784e-06,0,1.2669153635502741e-06,2.2601333922355202e-06,3.7812843828853887e-06,6.4786985296067487e-06
1921,8.5999999999999996,48395.602949858388,6.1386495453395451,20.491146325075299,0,0.0053212638827619752,1.8464880193418971e-06,0,8.9500362318299143e-07,1.5966556512970924e-06,2.6712622802867991e-06,4.5768319055342033e-06
1922,8.5999999999999996,53581.896376664285,5.5444780072018078,32.909376775627692,0,0.011156759497330306,3.8714153630371329e-06,0,1.8764978383122457e-06,3.3476075409981231e-06,5.6006677120438257e-06,9.5959557644131125e-06
1923,8.5999999999999996,50467.28177867936,5.8866583571395896,9.5893144452128514,0,0.0092805163012487073,3.220355641274526e-06,0,1.5609253548830151e-06,2.7846370948347782e-06,4.6587979253238895e-06,7.9821944641728098e-06
1924,8.5999999999999996,50117.172666691316,5.9277814417098593,21.143056606869322,0,0.006755039510581381,2.3440107089738188e-06,0,1.136155802440033e-06,2.026862836899335e-06,3.3910143612530538e-06,5.8100257826578346e-06
1925,8.5999999999999996,54366.694221282218,5.4644419768359933,33.352305154154742,1,0.097957445202415061,3.3991407484515951e-05,0,1.6475835498014236e-05,2.9392323311709245e-05,4.9174413110791629e-05,8.4253434985510564e-05
1926,8.5999999999999996,52401.63183389054,5.6693586754381133,10.01337793250396,0,0.012233486418170653,4.2450415171309316e-06,0,2.057596636748565e-06,3.6706815626854547e-06,6.1411821599605268e-06,1.052205118712157e-05
1927,8.5999999999999996,51399.918497610073,5.779846636496023,21.742793058871978,0,0.0091775444763242536,3.1846242351195497e-06,0,1.5436061317766964e-06,2.7537401970653207e-06,4.6071063050785469e-06,7.8936281490889017e-06
1928,8.5999999999999996,48765.910855435402,6.092035211344129,33.546170422936484,1,0.094114701530692374,3.265796860466192e-05,0,1.5829509815821199e-05,2.8239300545855064e-05,4.7245364589755751e-05,8.094828188109408e-05
1929,8.5999999999999996,54865.958339138291,5.4147171586476892,10.402240888765215,0,0.017572392837273368,6.0976515279210468e-06,0,2.9555676252596041e-06,5.2726308915697293e-06,8.8213009530784735e-06,1.5114057480733091e-05
1930,8.5999999999999996,51838.790107602566,5.7309139628436601,22.448463425771259,1,0.09242506381447356,3.2071661315874192e-05,0,1.5545323218200791e-05,2.7732321439446754e-05,4.639717032648938e-05,7.9495020404354405e-05
1931,8.5999999999999996,55544.617388352446,5.3485586905290123,10.998810185931854,1,0.18797463482894083,6.522753218012758e-05,0,3.1616169193074993e-05,5.6402157384526154e-05,9.4362836110395467e-05,0.00016167743699071886
1932,8.6999999999999993,66393.115232906872,6.3205620410985102,17.299375427318612,1,0.097365158884498842,2.7545251022218844e-05,0,1.4732109252857221e-05,2.3616735558951041e-05,3.9159549522244327e-05,6.464243999729894e-05
1933,8.6999999999999993,65970.656446364257,6.3610372631742633,17.382455515036362,0,0.010406894877399375,2.9441797768734231e-06,0,1.5746445039823847e-06,2.5242795998607722e-06,4.1855764422646352e-06,6.9093203911732047e-06
1934,8.6999999999999993,66411.897788772098,6.3187744651732727,17.461237115954798,0,0.0084556047184016579,2.3921468128997509e-06,0,1.2793990575031086e-06,2.0509778129402628e-06,3.4007819173136335e-06,5.613824564273142e-06
1935,8.6999999999999993,61607.311808941602,6.8115584272333765,17.524497021384342,0,0.0069335669140743166,1.9615521950114607e-06,0,1.0491028460325477e-06,1.6817947833293694e-06,2.7886295267034681e-06,4.6033169189606584e-06
1936,8.6999999999999993,63184.53612056173,6.641527020641198,17.616947434059679,0,0.0062582436977375085,1.7704987655480891e-06,0,9.4692116710295348e-07,1.5179894755604334e-06,2.5170195048368798e-06,4.1549579680691891e-06
1937,8.6999999999999993,65318.983181869167,6.4244999461025296,17.698605267470569,0,0.0058273552517821769,1.648597558356581e-06,0,8.8172437870004942e-07,1.4134738705933002e-06,2.343719346635864e-06,3.8688835567262278e-06
1938,8.6999999999999993,61511.236003437269,6.8221975560357908,17.715793855727767,0,0.0051358039922874982,1.4529531075514457e-06,0,7.7708727005102709e-07,1.2457323149068385e-06,2.0655825253785041e-06,3.4097505228041898e-06
1939,8.6999999999999993,64205.817968532654,6.535884398156214,17.777390249613603,0,0.0049927918404561516,1.4124940186272937e-06,0,7.5544841412552178e-07,1.2110435185220449e-06,2.008064091617555e-06,3.3148022420273972e-06
1940,8.6999999999999993,67152.372382615707,6.249098714493468,17.830869798374465,0,0.0049224428453165121,1.3925918200124795e-06,0,7.44804061524451e-07,1.1939797799723889e-06,1.9797702440998937e-06,3.2680963078997793e-06
1941,8.6999999999999993,62776.367710693536,6.6847098555513798,17.869064809657459,0,0.0044194880482498807,1.2503025627796734e-06,0,6.6870307114426789e-07,1.0719838773670309e-06,1.7774855304627988e-06,2.9341757796202375e-06
1942,8.6999999999999993,65454.886529083378,6.4111608190617249,17.923141638746987,0,0.0047095202592187958,1.3323546042614217e-06,0,7.1258721068447509e-07,1.1423336216544741e-06,1.8941343487732207e-06,3.1267332612660352e-06
1943,8.6999999999999993,60517.094534743614,6.9342688567189708,17.928857905615491,0,0.0042555881309478405,1.2039341860797371e-06,0,6.4390373310701084e-07,1.0322285783524419e-06,1.7115661913294364e-06,2.8253597442833285e-06
1944,8.6999999999999993,62864.443168240119,6.6753443247453852,17.977118420506947,0,0.0046719049297723183,1.3217129773821825e-06,0,7.0689571745079071e-07,1.1332097081449803e-06,1.8790057404175125e-06,3.101759783026175e-06
1945,8.6999999999999993,65346.181742662324,6.4218259237237181,18.037231627280295,0,0.0052055250906459993,1.4726776699907462e-06,0,7.8763661696335644e-07,1.2626437518281875e-06,2.0936238374370996e-06,3.4560395852246763e-06
1946,8.6999999999999993,68129.375496588851,6.1594840826392341,18.104941097193404,0,0.0058106610056958231,1.6438746451056427e-06,0,8.7919840883510009e-07,1.4094245412470073e-06,2.3370050438622135e-06,3.8577999533787778e-06
1947,8.6999999999999993,62483.492949015337,6.7160426558388098,18.150023077218187,0,0.0054742795409693443,1.5487100914678868e-06,0,8.2830126507482224e-07,1.3278323968866017e-06,2.2017148971892358e-06,3.6344703876603079e-06
1948,8.6999999999999993,65889.914001296143,6.3688321694142074,18.221128626212238,0,0.0055231350113448029,1.5625316289738954e-06,0,8.3569347945024169e-07,1.3396827008113771e-06,2.221364207409844e-06,3.6669063929877559e-06
1949,8.6999999999999993,61510.030768480152,6.8223312309970323,12.062111618750146,0,0.0052022312197787454,1.4717458120149285e-06,0,7.871382285661398e-07,1.2618447958348066e-06,2.0922990668433484e-06,3.4538527264721746e-06
1950,8.6999999999999993,64151.406378738,6.5414279689193888,23.259543024828972,0,0.0055570493737195498,1.5721262276534814e-06,0,8.4082498745033086e-07,1.3479089137301582e-06,2.2350043140778224e-06,3.6894227341509937e-06
1951,8.6999999999999993,64008.947413226168,6.5559866376537217,12.008275663094297,0,0.0056652084480533762,1.6027251491464386e-06,0,8.5719030044349353e-07,1.3741438039733208e-06,2.2785050968648149e-06,3.7612314442983447e-06
1952,8.6999999999999993,66559.220139023804,6.3047884734057096,23.073556138573831,0,0.0059557905689679525,1.6849327638092548e-06,0,9.0115764565492369e-07,1.4446269335283144e-06,2.3953750849036751e-06,3.9541540208207239e-06
1953,8.6999999999999993,66222.796144862834,6.3368179593839722,11.860898580716698,0,0.0060869150460059768,1.7220287504696801e-06,0,9.2099780350583931e-07,1.4764322747303592e-06,2.4481123834504801e-06,4.0412098653981741e-06
1954,8.6999999999999993,61762.5495677988,6.7944378408591399,23.050203690951943,0,0.0056249413610099724,1.5913333224062403e-06,0,8.5109757556722184e-07,1.3643766844273912e-06,2.2623099711416262e-06,3.7344974175901146e-06
1955,8.6999999999999993,60804.10206130064,6.9015377204044848,11.87354568638488,0,0.005743529692944168,1.6248827502391331e-06,0,8.6904091671907204e-07,1.3931412785363511e-06,2.3100053244932944e-06,3.8132302951334027e-06
1956,8.6999999999999993,63938.379056180835,6.5632224358184486,22.74651806274036,0,0.0060624111018825859,1.7150964217019128e-06,0,9.1729016531074388e-07,1.4704886376517206e-06,2.4382570776677564e-06,4.0249412662828325e-06
1957,8.6999999999999993,62805.739850102473,6.6815836408096354,11.58777198664742,0,0.0060419213430877054,1.7092997326618505e-06,0,9.1418990471866752e-07,1.4655186748778763e-06,2.4300162476478639e-06,4.0113377553490249e-06
1958,8.6999999999999993,66151.969670463557,6.3436025566863492,22.388205350018669,0,0.0063218275636548133,1.7884870641111606e-06,0,9.5654190279675501e-07,1.5334122753010073e-06,2.5425924672264156e-06,4.1971724140213752e-06
1959,8.6999999999999993,65197.353279895506,6.4364852685023441,11.250146717655843,0,0.0063652145850518231,1.8007615410306172e-06,0,9.6310669811676316e-07,1.5439361610807167e-06,2.5600424075591208e-06,4.2259778199740819e-06
1960,8.6999999999999993,60645.892231605205,6.9195420908111718,22.273653595380896,0,0.0057342616447581965,1.6222607577657118e-06,0,8.6763858861730773e-07,1.3908932357491426e-06,2.3062777837993626e-06,3.8070770750738078e-06
1961,8.6999999999999993,66833.781487702072,6.2788876312289439,10.951819325775102,0,0.0066098581974819021,1.8699728461070352e-06,0,1.0001231880770889e-06,1.6032765202722583e-06,2.658436265957904e-06,4.3884010134286719e-06
1962,8.6999999999999993,62204.797315023963,6.7461324856698281,21.933496179463376,0,0.005922323325478103,1.6754646580359854e-06,0,8.960937902354577e-07,1.4365091730435356e-06,2.3819148061568554e-06,3.9319345297424631e-06
1963,8.6999999999999993,60453.589877846738,6.9415530951813418,10.791992112066248,0,0.0059375047482222712,1.6797595835016604e-06,0,8.9839085810905107e-07,1.4401915544052606e-06,2.3880206625286773e-06,3.9420137430879441e-06
1964,8.6999999999999993,63338.330546622288,6.6254004535610411,21.705218723071727,0,0.0061137843533482289,1.729630256224048e-06,0,9.2506333963652275e-07,1.482949650488015e-06,2.4589190208919649e-06,4.0590488707214333e-06
1965,8.6999999999999993,60832.190587741614,6.8983510190401249,10.515356506811356,0,0.0066113098547889819,1.8703835296141527e-06,0,1.0003428351694435e-06,1.6036286319222192e-06,2.6590201118310809e-06,4.3893647942250531e-06
1966,8.6999999999999993,63949.474861921481,6.5620836580358679,21.64101597605223,0,0.0066523464026914461,1.8819930419490485e-06,0,1.0065519854854859e-06,1.6135823906503737e-06,2.6755247090424387e-06,4.4166096795194754e-06
1967,8.6999999999999993,60567.205293845414,6.9285317342194208,10.40046414742887,0,0.0069193192008996573,1.957521422193084e-06,0,1.0469470557118905e-06,1.6783388810515856e-06,2.7828992014409819e-06,4.5938576118066047e-06
1968,8.6999999999999993,64305.91726102883,6.5257105691843549,21.70430608741297,0,0.0068568508798458119,1.9398487186913525e-06,0,1.0374951106716783e-06,1.6631866660699367e-06,2.757774902976257e-06,4.5523837956929225e-06
1969,8.6999999999999993,61304.155829270181,6.8452423535539326,10.44974247992646,0,0.0071875084774356331,2.0333939522468182e-06,0,1.0875261886136265e-06,1.7433904384696765e-06,2.8907629524600073e-06,4.7719131854329108e-06
1970,8.6999999999999993,65893.378225740744,6.3684973396531763,21.864051882168877,0,0.0072051233797707816,2.0383773252738073e-06,0,1.0901914609621025e-06,1.7476630807075375e-06,2.8978475363935786e-06,4.7836080286427787e-06
1971,8.6999999999999993,63521.030332866751,6.6063444143200769,10.640107705816412,0,0.0077212586009847099,2.1843954121606306e-06,0,1.1682867524943777e-06,1.8728560056893574e-06,3.1054333195100809e-06,5.1262792721354632e-06
1972,8.6999999999999993,68238.759298860648,6.1496106940267454,22.208815492533784,0,0.0077953152636112385,2.2053465345671105e-06,0,1.1794921041542075e-06,1.8908190700715964e-06,3.1352183635730799e-06,5.1754467918630737e-06
1973,8.6999999999999993,66943.25292906478,6.2686198469628653,29.897232336639522,0,0.0096100007083014822,2.718733116307878e-06,0,1.4540681900666261e-06,2.3309862382961846e-06,3.8650714789255899e-06,6.380248348357392e-06
1974,8.6999999999999993,62636.535667800934,6.6996330409619445,6.849253055258151,0,0.0090474503099415224,2.5595838670999944e-06,0,1.3689499195905461e-06,2.1945349229708532e-06,3.6388178535454092e-06,6.00676125309595e-06
1975,8.6999999999999993,63646.857724088877,6.5932839253518356,16.86033384505857,0,0.0061341798712610486,1.7354002838917811e-06,0,9.2814934084683972e-07,1.4878967543458366e-06,2.4671219479234537e-06,4.07258981347753e-06
1976,8.6999999999999993,62436.113186985633,6.7211391374513338,30.105257627159045,0,0.0091865278264564344,2.5989298215239435e-06,0,1.3899934344513836e-06,2.2282693405731979e-06,3.694753805972264e-06,6.0990972603421704e-06
1977,8.6999999999999993,65884.978797581076,6.3693092354276866,7.3344272220549396,0,0.0096626689534853663,2.7336333131658821e-06,0,1.4620373070597561e-06,2.3437613627155609e-06,3.8862542590818324e-06,6.4152157218826699e-06
1978,8.6999999999999993,66153.405914073039,6.3434648319765303,17.650448221821758,0,0.0066565498170055651,1.8831822158153404e-06,0,1.0071879949124729e-06,1.6146019640320493e-06,2.6772152913090532e-06,4.4194004001499072e-06
1979,8.6999999999999993,64159.569069567886,6.540595736800773,30.710735621247409,0,0.010265217644128469,2.9040983452885376e-06,0,1.5532076316647879e-06,2.4899145991642501e-06,4.1285949029130898e-06,6.8152583862874307e-06
1980,8.6999999999999993,60230.820025932786,6.9672271397054004,7.6216394075697149,0,0.0089305279811992475,2.5265057626506511e-06,0,1.3512586577381104e-06,2.1661744319032147e-06,3.5917925544025125e-06,5.9291344643487245e-06
1981,8.6999999999999993,60969.963461310093,6.8827629230528222,18.176969993771131,0,0.00624559542093619,1.7669204839175508e-06,0,9.4500738400197332e-07,1.5149215299840542e-06,2.511932461099193e-06,4.1465605548305549e-06
1982,8.6999999999999993,65614.882834133139,6.395527749279025,31.348990593172037,0,0.011709857689900356,3.3127966225104899e-06,0,1.7717929575575024e-06,2.8403241535648985e-06,4.7096184852946521e-06,7.7743802995714638e-06
1983,8.6999999999999993,63890.674357123913,6.568122940536778,8.1739125161680395,0,0.0098721831990451793,2.7929062867099598e-06,0,1.4937384493469951e-06,2.3945807994618094e-06,3.9705193449566257e-06,6.5543159113379737e-06
1984,8.6999999999999993,63613.009937527087,6.5967921395876612,19.065228033514668,0,0.0070335592279579095,1.9898406856560805e-06,0,1.0642324643627204e-06,1.7060487573583934e-06,2.8288456986096154e-06,4.6697035733292803e-06
1985,8.6999999999999993,60896.410288143197,6.8910762054080648,31.779121622825059,0,0.011176642490647724,3.1619464962379128e-06,0,1.691113331902165e-06,2.7109883367179172e-06,4.495163260855316e-06,7.4203693585096336e-06
1986,8.6999999999999993,67936.101627117285,6.1770074213956185,8.7137681932860165,0,0.011081088864506644,3.1349137398772765e-06,0,1.6766553217068858e-06,2.6878110036130661e-06,4.4567322964552017e-06,7.3569296269350519e-06
1987,8.6999999999999993,66245.777398551509,6.3346196604610467,19.90031782010989,0,0.0081783478630031419,2.3137090044775119e-06,0,1.2374479290745096e-06,1.9837268382500182e-06,3.2892712528855136e-06,5.4297488656939474e-06
1988,8.6999999999999993,62804.111517789417,6.6817568753046679,32.345081864151865,0,0.014602194522480448,4.1310579493238952e-06,0,2.2094261181440329e-06,3.541884700531079e-06,5.8728950487806848e-06,9.6946535502301515e-06
1989,8.6999999999999993,62588.933273127805,6.7047284877047302,9.0154178191906986,0,0.010282208023912935,2.9089050367322514e-06,0,1.5557784088719531e-06,2.4940357582216894e-06,4.1354283084782238e-06,6.8265385980010641e-06
1990,8.6999999999999993,61160.678112865957,6.861300706263969,20.348371897208509,0,0.0077463056902789158,2.1914814003096693e-06,0,1.1720765727974086e-06,1.8789313871826944e-06,3.115507074278643e-06,5.1429084748744874e-06
1991,8.6999999999999993,64373.646727397529,6.5188446711500374,32.858008102303486,1,0.14496496535375239,4.1011552857765574e-05,0,2.1934331868770255e-05,3.5162467676280128e-05,5.8303840971438877e-05,9.6244787991429684e-05
1992,8.6999999999999993,66828.068259638792,6.2794244224000053,9.4935602140208353,0,0.012533370969081784,3.545774006361855e-06,0,1.89639695080391e-06,3.040074203444484e-06,5.0408294585811654e-06,8.3211252373537148e-06
1993,8.6999999999999993,63832.013294992241,6.5741589880937106,21.030559076730974,0,0.010606951359816253,3.0007770863209647e-06,0,1.6049146128126285e-06,2.5728049768665045e-06,4.2660376854876154e-06,7.0421414054750932e-06
1994,8.6999999999999993,60210.553421099496,6.9695722774130155,9.7804200102645211,0,0.011576819575043312,3.2751592549834957e-06,0,1.7516632513533236e-06,2.8080546434666573e-06,4.6561115357166147e-06,7.6860539572172959e-06
1995,8.6999999999999993,65171.600416859139,6.4390286757916408,21.855479400883702,1,0.1094415895358566,3.0961753573595334e-05,0,1.6559367563516447e-05,2.6545975057522161e-05,4.4016600951747858e-05,7.2660194527828645e-05
1996,8.6999999999999993,62840.088632969528,6.6779314456794419,10.245083818635447,0,0.016735325864096342,4.7345349932824486e-06,0,2.532185556277938e-06,4.0592935907811771e-06,6.7308247575849499e-06,1.1110876933795299e-05
1997,8.6999999999999993,63693.991933616926,6.5884048273932807,10.825875686061099,1,0.18445810156563225,5.2184423760193731e-05,0,2.7909951937357384e-05,4.4741858959521712e-05,7.4187689372615456e-05,0.00012246497514184618
1998,8.8000000000000007,77863.946588217514,7.6127634074485107,17.35276093819186,1,0.094253429517454579,2.2008408906150517e-05,0,1.2561368659380166e-05,1.8703407452840995e-05,3.0835478442880236e-05,5.2599227681235359e-05
1999,8.8000000000000007,77765.178131412278,7.6224322709661436,17.443763595848598,0,0.010252214677124135,2.3939174835648931e-06,0,1.3663359391141904e-06,2.0344230377817648e-06,3.3540630435065271e-06,5.721368196359276e-06
2000,8.8000000000000007,78528.529810660053,7.5483369518760801,17.544361363442412,0,0.0084221577682624602,1.9665946691277287e-06,0,1.1224400976838253e-06,1.6712712649119196e-06,2.7553508199688366e-06,4.7000835543929381e-06
2001,8.8000000000000007,80297.015313377575,7.3820901192021404,17.640614245092014,0,0.0073840714236661463,1.7241989402005832e-06,0,9.8409197240603003e-07,1.4652760881462869e-06,2.4157357071339223e-06,4.1207673398875429e-06
2002,8.8000000000000007,82938.472204219986,7.1469824267651196,17.719857924954699,0,0.0067384797741509494,1.5734516933187555e-06,0,8.9805250673888464e-07,1.3371665463412502e-06,2.2045271867283831e-06,3.76048737622144e-06
2003,8.8000000000000007,78925.860120950369,7.5103369470783035,17.75459606755566,0,0.0059305299021203328,1.3847933999244676e-06,0,7.9037519194158976e-07,1.1768390576182968e-06,1.9402023659820543e-06,3.3096015093459718e-06
2004,8.8000000000000007,82437.599778357529,7.1904058941551776,17.801635764852616,0,0.0059281228836309445,1.3842313551539977e-06,0,7.900544031196875e-07,1.1763614150774999e-06,1.939414897906663e-06,3.3082582445522717e-06
2005,8.8000000000000007,78559.110260904898,7.5453986352146325,17.827484910546776,0,0.0053441813759412182,1.2478795688656318e-06,0,7.1223119189906501e-07,1.0604855684068524e-06,1.748375528151581e-06,2.9823828629057318e-06
2006,8.8000000000000007,81998.816702628552,7.2288824056567886,17.888212334648482,0,0.0054614420710912175,1.2752602312000748e-06,0,7.2785879111296472e-07,1.0837544783109495e-06,1.7867379480232671e-06,3.047821564010104e-06
2007,8.8000000000000007,77622.81203070638,7.6364123875314007,17.924942154678256,0,0.0049687357996373955,1.1602120982218218e-06,0,6.6219470707691435e-07,9.8598311660294549e-07,1.6255466397613994e-06,2.772861072016836e-06
2008,8.8000000000000007,80821.291050264146,7.3342035946649267,17.977366119777347,0,0.00522453221742036,1.2199411944267874e-06,0,6.9628527674605949e-07,1.0367426979918215e-06,1.7092317106038552e-06,2.9156112519083686e-06
2009,8.8000000000000007,75883.499055924389,7.8114453171098148,17.98664838225363,0,0.0047845386437831428,1.1172016067612473e-06,0,6.3764633369103032e-07,9.4943150808074788e-07,1.5652856237149561e-06,2.6700676968726495e-06
2010,8.8000000000000007,78953.03402853632,7.5077520533544533,18.034467192990004,0,0.0051614974867594809,1.2052224289158012e-06,0,6.8788449500018771e-07,1.0242342486200967e-06,1.6886095848266032e-06,2.8804339839104661e-06
2011,8.8000000000000007,82826.695425969461,7.1566274653093771,18.093649998504755,0,0.005093677505699618,1.1893862956014539e-06,0,6.7884597206339265e-07,1.0107762265014249e-06,1.6664219405713809e-06,2.8425862510123844e-06
2012,8.8000000000000007,77360.745356606785,7.6622814402044099,18.13118878768358,0,0.0047662926583013718,1.112941124024074e-06,0,6.3521464975800403e-07,9.4581082178220865e-07,1.55931635877815e-06,2.6598853114725888e-06
2013,8.8000000000000007,81831.45403452334,7.2436670023757852,18.192724567906414,0,0.0052284351355559597,1.2208525354644056e-06,0,6.9680542751192166e-07,1.0375171830001541e-06,1.7105085696916439e-06,2.9177893209790291e-06
2014,8.8000000000000007,76006.505226786219,7.7988035573750745,18.236625449533168,0,0.004944412632856574,1.1545325786208327e-06,0,6.589531033871419e-07,9.8115649012182785e-07,1.6175891947244132e-06,2.7592872445817701e-06
2015,8.8000000000000007,79380.454669096987,7.4673268856580446,18.250617807611707,0,0.0056298770795201545,1.314590222252851e-06,0,7.5030650730593224e-07,1.1171782869521589e-06,1.8418422991118925e-06,3.1418186886049579e-06
2016,8.8000000000000007,82547.486984835588,7.180834026542815,18.183651663294608,0,0.0063241050003450226,1.4766941587759344e-06,0,8.4282783933344466e-07,1.2549390849921027e-06,2.0689624176756049e-06,3.5292406917839044e-06
2017,8.8000000000000007,82048.52611700767,7.2245027595131361,11.407718889832529,0,0.0064742638698109169,1.5117566261790827e-06,0,8.6283985297043957e-07,1.2847362237557219e-06,2.1180876389659919e-06,3.6130386034761341e-06
2018,8.8000000000000007,76590.466567873664,7.7393418516521262,22.534009319806202,0,0.0060208078317012734,1.4058735197629723e-06,0,8.0240673669362185e-07,1.1947535771174365e-06,1.9697372398398319e-06,3.3599821628344375e-06
2019,8.8000000000000007,76629.832033445491,7.735366078939002,11.376868368026113,0,0.0062305829953933156,1.4548565393148936e-06,0,8.3036394928745737e-07,1.2363808195435818e-06,2.0383662284187542e-06,3.4770496441281849e-06
2020,8.8000000000000007,78765.212847977353,7.5256548152847316,22.29724111141838,0,0.006396602783964301,1.4936225705573563e-06,0,8.5248978364350373e-07,1.2693253581855696e-06,2.0926804283134552e-06,3.5696989270597801e-06
2021,8.8000000000000007,78695.164609789834,7.5323535605460448,11.146115884479826,0,0.0064964487098626436,1.5169368412001767e-06,0,8.6579647699956861e-07,1.2891385261959393e-06,2.1253455197738949e-06,3.62541911269396e-06
2022,8.8000000000000007,80569.697034463054,7.3571060232826637,22.132066685377701,0,0.0066154732096131152,1.5447293562711884e-06,0,8.8165914245925987e-07,1.312757440935709e-06,2.1642849770967775e-06,3.6918421255654527e-06
2023,8.8000000000000007,80479.915324856614,7.3653134568250573,10.978190423890172,0,0.0067307885114786603,1.5716557644622358e-06,0,8.9702747469095418e-07,1.3356403120140418e-06,2.2020109518757722e-06,3.7561951772157688e-06
2024,8.8000000000000007,82250.849138294478,7.2067317183517021,22.084271514052627,0,0.0068424119774667183,1.5977201198449969e-06,0,9.1190378756882263e-07,1.3577905847029136e-06,2.2385291241780006e-06,3.8184879567160333e-06
2025,8.8000000000000007,82154.417694562566,7.215190856200782,10.922679128759894,0,0.0069099860833578631,1.6134988406993338e-06,0,9.2090954216334875e-07,1.3711998159872719e-06,2.2606363291483773e-06,3.8561984761031928e-06
2026,8.8000000000000007,76524.206803754452,7.7460430902137158,21.964420086309659,0,0.0063442218556492465,1.4813914942438097e-06,0,8.4550885833760694e-07,1.2589310218728193e-06,2.0755437469837025e-06,3.5404671379492545e-06
2027,8.8000000000000007,83755.311200124008,7.0772801730743247,10.945058164252362,0,0.007053006944075701,1.6468945654056148e-06,0,9.3997025715967608e-07,1.3995805067054422e-06,2.3074263153602884e-06,3.9360129386068688e-06
2028,8.8000000000000007,77939.791737914973,7.6053552380478164,22.015293746938458,0,0.0065320235767996008,1.5252436606160735e-06,0,8.7053762032869014e-07,1.2961979110353981e-06,2.1369840145019804e-06,3.6452720828758052e-06
2029,8.8000000000000007,76551.529719812359,7.7432783579358695,10.804110673082191,0,0.0068334257328859678,1.5956218095100164e-06,0,9.1070617034024992e-07,1.3560073775058373e-06,2.2355892295506028e-06,3.8134730779246504e-06
2030,8.8000000000000007,79715.149562593127,7.4359742984721704,22.117761340249828,0,0.0072794689722626088,1.6997740090881459e-06,0,9.7015136609088898e-07,1.4445190474828059e-06,2.3815144946874416e-06,4.0623927196158097e-06
2031,8.8000000000000007,77973.640039912178,7.6020537587176014,10.866998185247661,0,0.0072130166611409632,1.6842572300869841e-06,0,9.6129511563358083e-07,1.4313324222591483e-06,2.3597742904576142e-06,4.0253082309077947e-06
2032,8.8000000000000007,81768.81061375032,7.2492164053396246,22.31380141093215,0,0.0079117137349395354,1.8474047248828329e-06,0,1.0544120618300976e-06,1.5699800674882522e-06,2.5883565146538125e-06,4.4152242971251856e-06
2033,8.8000000000000007,81578.53035018481,7.2661250552298622,11.059382864231525,0,0.0076544203583337718,1.7873260850903658e-06,0,1.0201219890581226e-06,1.5189234334515706e-06,2.504181706284069e-06,4.2716387218708211e-06
2034,8.8000000000000007,84294.678966776599,7.0319955021115206,22.622470328218792,0,0.0085674705701068686,2.0005255677556447e-06,0,1.1418062648805006e-06,1.7001067625158196e-06,2.8028906261243037e-06,4.7811770614233307e-06
2035,8.8000000000000007,85403.569034778222,6.9406912386170028,11.412880795392109,0,0.0082507450523811848,1.9265693760201685e-06,0,1.0995955356544772e-06,1.6372565676840395e-06,2.6992722970710164e-06,4.6044246853601838e-06
2036,8.8000000000000007,77528.609739243693,7.6456911240891561,22.638758270561222,0,0.0079016205660454725,1.8450479449829751e-06,0,1.0530669222837829e-06,1.5679772050854466e-06,2.5850544842295977e-06,4.4095916862864926e-06
2037,8.8000000000000007,78135.519481738185,7.5863039918080686,11.523142033957344,0,0.007540169403036528,1.7606482044554292e-06,0,1.0048955047113725e-06,1.4962517685610644e-06,2.4668039377807569e-06,4.2078796412596962e-06
2038,8.8000000000000007,80009.101731235744,7.4086546470361476,23.20924680410166,0,0.0091566500426539937,2.138100431793095e-06,0,1.220327551576313e-06,1.8170220174228904e-06,2.9956436221449949e-06,5.1099755505634775e-06
2039,8.8000000000000007,81769.234737615421,7.2491788048204242,30.825102744119878,0,0.017525299763818905,4.0922008395839002e-06,0,2.3356365102737177e-06,3.4776752834779523e-06,5.7334890182661869e-06,9.7801983140390825e-06
2040,8.8000000000000007,81752.688164462088,7.2506460234537027,12.213888655770639,0,0.0086209559912091022,2.0130145458667025e-06,0,1.1489343884491281e-06,1.7107202715285246e-06,2.8203886477650005e-06,4.8110252256395951e-06
2041,8.8000000000000007,81440.180098704252,7.2784687193458035,18.346676022419381,0,0.0090217283065274195,2.1065958727101653e-06,0,1.2023462253123635e-06,1.790248496099163e-06,2.9515033048418827e-06,5.0346808991751686e-06
2042,8.8000000000000007,76998.822379401259,7.6982970002523414,31.151235843104178,0,0.017210398854310582,4.0186706983799192e-06,0,2.2936689507296308e-06,3.4151871591947541e-06,5.6304676188699026e-06,9.6044641819119441e-06
2043,8.8000000000000007,78323.649981435578,7.5680819712411855,8.0665823510048487,0,0.011233134260684799,2.6229646324015946e-06,0,1.4970653202878413e-06,2.2290741899333014e-06,3.6749757660243055e-06,6.2687818318825862e-06
2044,8.8000000000000007,76256.737645941306,7.7732121992745222,18.843463149093662,0,0.008787181662401073,2.0518286512103677e-06,0,1.1710876612497597e-06,1.7437056649868035e-06,2.874770203183566e-06,4.9037894037735428e-06
2045,8.8000000000000007,78168.643454318822,7.5830892945291053,31.792215178600316,1,0.15187319304061525,3.5462766197824195e-05,0,2.0240485434082684e-05,3.0137324712164115e-05,4.9686070777806879e-05,8.4754609994750114e-05
2046,8.8000000000000007,82840.500329193077,7.1554348536137278,8.6103266829653275,0,0.012996701994359448,3.0347620599871562e-06,0,1.732099998303164e-06,2.5790320223694357e-06,4.2519357250697555e-06,7.252961412718472e-06
2047,8.8000000000000007,79049.420282660925,7.4985977281901262,19.707440645849868,0,0.010515794437629374,2.4554640095457885e-06,0,1.4014638125486981e-06,2.0867271256254732e-06,3.4402944736481082e-06,5.8684619616043175e-06
2048,8.8000000000000007,77679.373269537435,7.6308520318451514,8.9350967140148683,0,0.012620734135665168,2.9469726351134307e-06,0,1.6819939077204121e-06,2.5044259301950488e-06,4.1289359693968187e-06,7.0431481560387799e-06
2049,8.8000000000000007,81300.205148719324,7.291000093566737,20.641758046747253,1,0.092740125475099452,2.1655048669456803e-05,0,1.2359687192009976e-05,1.8403111301824467e-05,3.0340393495685571e-05,5.1754710677638896e-05
2050,8.8000000000000007,82770.661714626927,7.1614723268734881,9.4685715089524471,0,0.016026983878920258,3.7423403747259761e-06,0,2.1359525486950894e-06,3.1803533437692884e-06,5.2433075213598983e-06,8.9440456268458712e-06
2051,8.8000000000000007,76215.105863033765,7.7774582431408898,21.075751403158606,1,0.092003251796812555,2.1482986843092024e-05,0,1.2261482363010718e-05,1.8256887989666671e-05,3.0099321605375907e-05,5.1343489711198153e-05
2052,8.8000000000000007,77266.525058717772,7.671624974668485,9.7315334275101169,0,0.015784108629017995,3.6856284031786428e-06,0,2.1035840124213359e-06,3.1321578056080871e-06,5.1638496748813954e-06,8.8085062556723247e-06
2053,8.8000000000000007,79477.043814657125,7.4582517780686635,10.385104853012495,1,0.16424435477664726,3.835146306036429e-05,0,2.1889218261171354e-05,3.2592226139078806e-05,5.3733357894867756e-05,9.1658481356952692e-05
2054,8.9000000000000004,96553.650092653494,8.6718158906099365,17.477660087081347,1,0.08451708453840584,1.5576463691612438e-05,0,8.6962481073426129e-06,1.4050766873527667e-05,2.3368663913011221e-05,3.9221034530597216e-05
2055,8.9000000000000004,97519.114215070556,8.5859626998177649,17.557769878425102,0,0.0094371209796446833,1.7392574897208122e-06,0,9.7101723167823668e-07,1.5688992061955187e-06,2.6093293407385618e-06,4.3793944127813968e-06
2056,8.9000000000000004,99454.893585580328,8.4188464436833019,17.639199579954454,0,0.0081968892761856201,1.5106833002107831e-06,0,8.4340560542802983e-07,1.3627135973374344e-06,2.2664098232151419e-06,3.8038519560937775e-06
2057,8.9000000000000004,102177.26508992359,8.1945379574701072,17.724870058447927,0,0.0075175021204356186,1.3854725286622339e-06,0,7.7350116776774715e-07,1.2497670777733989e-06,2.0785617662660885e-06,3.4885752609634978e-06
2058,8.9000000000000004,97784.916524232831,8.5626240419438044,17.776792327992244,0,0.006576030010196415,1.2119596085005973e-06,0,6.7662992449783634e-07,1.093249549854082e-06,1.8182481805832337e-06,3.0516753093506793e-06
2059,8.9000000000000004,101611.75147797022,8.2401441269457187,17.837115567336777,0,0.0064363277310738798,1.1862125362929795e-06,0,6.6225548544748389e-07,1.0700243739458992e-06,1.7796210127564411e-06,2.9868450097326391e-06
2060,8.9000000000000004,97804.004299538312,8.5609529299590914,17.857396353157519,0,0.0058227589314170675,1.0731320605245849e-06,0,5.9912332060907906e-07,9.6802000155264062e-07,1.609971489881877e-06,2.7021120091840753e-06
2061,8.9000000000000004,102174.65860537489,8.1947470008558287,17.911400487953664,0,0.0058673937375874931,1.0813582368236485e-06,0,6.0371594647639459e-07,9.7544043328394052e-07,1.6223128500922507e-06,2.7228252564954073e-06
2062,8.9000000000000004,98087.407562924767,8.5362178282948769,17.942337174743088,0,0.0053830452560990789,9.9209301219840016e-07,0,5.5387969634493282e-07,8.9491863540000702e-07,1.4883922712826875e-06,2.498058292265033e-06
2063,8.9000000000000004,102942.77275102053,8.1336013669941067,18.003770988388325,0,0.0051098406388679638,9.4174151434535307e-07,0,5.257687511024508e-07,8.4949900922086001e-07,1.4128521965815115e-06,2.3712748403172679e-06
2064,8.9000000000000004,98301.804733571291,8.5176002560603781,18.030482884423975,0,0.0047057019576612711,8.6725892270636185e-07,0,4.8418555806234298e-07,7.8231190231551267e-07,1.3011093333847194e-06,2.1837300704363935e-06
2065,8.9000000000000004,103480.60396472161,8.0913276990083389,18.064490743714611,0,0.0048582269662787838,8.9536921865148478e-07,0,4.9987937103230795e-07,8.0766882689676247e-07,1.3432819388902031e-06,2.2545108914081428e-06
2066,8.9000000000000004,98300.995114044345,8.5176704081018908,18.084526347706205,0,0.0045222428211445969,8.3344747979569227e-07,0,4.6530882825769788e-07,7.5181225159882108e-07,1.2503835549643667e-06,2.0985939447930119e-06
2067,8.9000000000000004,102286.80897108122,8.1857620312174006,18.116567499549539,0,0.0048526641051892892,8.9434398565563267e-07,0,4.9930698947791417e-07,8.0674401430123577e-07,1.3417438282004514e-06,2.2519293877030449e-06
2068,8.9000000000000004,96820.858901718515,8.6478831800055698,18.150093975088915,0,0.0045553227402961617,8.3954409520073118e-07,0,4.6871253279724715e-07,7.5731171049204129e-07,1.2595300312909515e-06,2.1139450262743343e-06
2069,8.9000000000000004,100489.06781446068,8.3322046405666317,18.141745736638185,0,0.0049197100919956211,9.0670053326799843e-07,0,5.0620557736761519e-07,8.1789025219581553e-07,1.3602817976648546e-06,2.2830427771204727e-06
2070,8.9000000000000004,94664.119006723544,8.8449085667864829,18.174081568721466,0,0.0046549885903086358,8.5791247009785094e-07,0,4.7896748851739885e-07,7.7388092405904376e-07,1.2870872733002607e-06,2.160196003413569e-06
2071,8.9000000000000004,98160.206603539904,8.5298870707518368,18.062440505746441,0,0.0050921511831803889,9.3848135498530452e-07,0,5.2394862329772166e-07,8.4655817874447546e-07,1.4079611269590235e-06,2.3630658639175368e-06
2072,8.9000000000000004,101977.14208426877,8.2106191648121047,17.846272812689694,0,0.0055822743902522965,1.0288108591449404e-06,0,5.743790544364928e-07,9.2804001119864302e-07,1.5434783962139274e-06,2.5905126497810394e-06
2073,8.9000000000000004,95404.070601720727,8.776307676276053,17.816033572773815,0,0.0053651897542803919,9.8880225060512825e-07,0,5.52042483493301e-07,8.9195020014417165e-07,1.4834552905139123e-06,2.489772260426421e-06
2074,8.9000000000000004,98917.353971195145,8.4645963883514881,17.568950527249044,0,0.0059572903033559511,1.0979261366789344e-06,0,6.1296570756541208e-07,9.9038552628190557e-07,1.6471689208364135e-06,2.7645426953948126e-06
2075,8.9000000000000004,101542.76097600865,8.2457426715794213,17.349293239990924,0,0.0063730639116997591,1.1745530405726092e-06,0,6.5574605753122086e-07,1.0595069125070727e-06,1.7621287987161489e-06,2.9574867745573317e-06
2076,8.9000000000000004,103522.60127782446,8.0880451885362437,22.463777351244548,0,0.0065208302413606841,1.2017863139560553e-06,0,6.709502339608853e-07,1.0840727178843159e-06,1.8029856469423349e-06,3.0260592809297819e-06
2077,8.9000000000000004,96199.254456927374,8.7037626424096466,11.12910379531715,0,0.0061486090045193209,1.1331860941002472e-06,0,6.3265113450575064e-07,1.0221918111682599e-06,1.7000678400570475e-06,2.8533261339819273e-06
2078,8.9000000000000004,98016.523838966124,8.5423910619956125,22.395534937636398,0,0.0062546368003436126,1.1527269729767338e-06,0,6.4356069230460861e-07,1.0398186832897673e-06,1.7293841367512305e-06,2.9025294384255155e-06
2079,8.9000000000000004,99560.852440629329,8.4098865833753766,11.201210699184958,0,0.0065441382073983968,1.2060819624476546e-06,0,6.7334846926027441e-07,1.0879476125151546e-06,1.8094302140710518e-06,3.036875585654393e-06
2080,8.9000000000000004,101401.33180507889,8.2572433937985661,22.549808236125923,0,0.0067640074995434342,1.2466037819673687e-06,0,6.9597156287645554e-07,1.1245003661205352e-06,1.8702232669903611e-06,3.1389082237480533e-06
2081,8.9000000000000004,104029.68572103864,8.0486206544458696,11.337809893052272,0,0.0071208831074533619,1.3123758087639755e-06,0,7.3269169877315912e-07,1.1838300980555293e-06,1.9688980637553748e-06,3.3045200715467394e-06
2082,8.9000000000000004,95402.685090636471,8.7764351325583654,22.483176303835378,0,0.0064316952126247506,1.1853587650605988e-06,0,6.6177882998763822e-07,1.0692542286300554e-06,1.7783401383947691e-06,2.9846952412325868e-06
2083,8.9000000000000004,96825.904240726988,8.6474325619329484,11.253082961143788,0,0.0070180826245178803,1.2934297223168369e-06,0,7.2211421009091112e-07,1.1667397591246336e-06,1.9404741072389515e-06,3.256814435307685e-06
2084,8.9000000000000004,98116.450303628968,8.5336910842044151,22.720467801048837,0,0.0073957338737977952,1.3630306912171258e-06,0,7.6097202185432647e-07,1.229523392659902e-06,2.0448932926492202e-06,3.432067436158655e-06
2085,8.9000000000000004,99856.178741823664,8.3850142046259979,11.473160679988867,0,0.007804858678701696,1.4384322233893315e-06,0,8.0306825399181483e-07,1.2975394309233847e-06,2.15801480076195e-06,3.621926068742793e-06
2086,8.9000000000000004,100467.91343689749,8.3339590574433284,23.000087574350388,0,0.0083283652483517497,1.534914267451904e-06,0,8.5693361198853981e-07,1.3845711690280107e-06,2.3027624473380259e-06,3.8648647521744135e-06
2087,8.9000000000000004,103865.69791176762,8.0613281767107967,11.762158998470845,0,0.0087082024709839723,1.6049181103360628e-06,0,8.9601634592871422e-07,1.4477182155008261e-06,2.4077860463632679e-06,4.0411321767576032e-06
2088,8.9000000000000004,103555.75433213137,8.0854558258967497,23.323714938186992,0,0.0095485911126030575,1.7598013890780638e-06,0,9.8248676991489922e-07,1.5874308540879342e-06,2.6401504236908401e-06,4.4311232905315989e-06
2089,8.9000000000000004,124332.26198197482,6.7343380054587252,23.886560493149943,0,0.016390972472071871,3.0208494409840678e-06,0,1.6865224837824069e-06,2.724960690413273e-06,4.5320437755186561e-06,7.6064017213592948e-06
2090,8.9000000000000004,96657.22278471422,8.662523638143238,11.789015231053376,0,0.0082383422792848167,1.5183230715210382e-06,0,8.4767084483748017e-07,1.3696050617784464e-06,2.2778714265454123e-06,3.8230886545060577e-06
2091,8.9000000000000004,96789.68510459848,8.6506684701475933,23.395725274303036,0,0.0091546394572495568,1.6871962620865387e-06,0,9.4195175435013986e-07,1.5219373163133671e-06,2.5312242357820866e-06,4.2483059162410278e-06
2092,8.9000000000000004,101126.6635268878,8.2796707413099018,12.276117225551282,0,0.0096809160529676662,1.7841888208067043e-06,0,9.961021296789603e-07,1.6094295647482823e-06,2.6767377844070586e-06,4.492530059158848e-06
2093,8.9000000000000004,100068.51693781515,8.3672218075359162,23.905632076343924,0,0.01165618131629367,2.1482293911072509e-06,0,1.1993438399380583e-06,1.9378127772070496e-06,3.2228913855376737e-06,5.4091725051579635e-06
2094,8.9000000000000004,93490.178459675721,8.9559726055182072,12.570364948971768,0,0.0091895457196949238,1.6936294718045465e-06,0,9.4554337751583227e-07,1.527740400491255e-06,2.5408756893313922e-06,4.2645045313752458e-06
2095,8.9000000000000004,96494.607848872081,8.6771219225142548,19.146980443421338,1,0.12560362312034593,2.3148695743048208e-05,0,1.2923780745647164e-05,2.0881307448938872e-05,3.4728941148249093e-05,5.8287671261691698e-05
2096,8.9000000000000004,98505.378422934678,8.4999975694212395,8.5611367997732497,0,0.018714005120018147,3.4489833962996068e-06,0,1.9255471541000153e-06,3.1111594140696065e-06,5.1743537830786137e-06,8.6844292491475149e-06
2097,8.9000000000000004,78168.643454318822,10.711398332749289,31.792215178600316,1,0.184625316403499,3.4026369381030282e-05,0,1.8996721989527146e-05,3.069352538489466e-05,5.1048222882157937e-05,8.5677303582254563e-05
2098,8.9000000000000004,102106.99072275071,8.2001777864882701,9.2089690090676477,1,0.1529012515493221,2.8179637361696419e-05,0,1.5732525875190217e-05,2.5419474085312059e-05,4.2276635296278169e-05,7.095542042819035e-05
2099,8.9000000000000004,96945.863663095035,8.6367323528069448,9.5294975621174558,1,0.15295375239149586,2.8189313245174473e-05,0,1.5737927864052954e-05,2.5428202227060867e-05,4.2291151586595204e-05,7.0979783991545958e-05
2100,9,126273.34690620653,9.3662782085260581,17.603602127727211,1,0.13099725188536801,1.9124566584187596e-05,0,1.8616796197006467e-05,1.7525376522885674e-05,2.8765877571366097e-05,4.7257898041630675e-05
2101,9,120205.00557209039,9.8391185276884947,17.65212576767291,0,0.01452906068938343,2.1211283791126025e-06,0,2.0648109627893795e-06,1.9437603113088101e-06,3.1904576241300096e-06,5.2414295629680992e-06
2102,9,123070.44193005031,9.6100353496534314,17.729718707576907,0,0.012768086785495321,1.8640400647150192e-06,0,1.814548519836608e-06,1.7081696384630831e-06,2.8037627965931423e-06,4.6061496314719786e-06
2103,9,127497.22581023774,9.276368877277049,17.809482677904843,0,0.011110944618991949,1.6221103658348356e-06,0,1.5790422207406881e-06,1.4864700226166685e-06,2.4398685316836899e-06,4.0083275060610362e-06
2104,9,123104.87724454697,9.6073471979165035,17.858016652726491,0,0.0098308282023358458,1.435223455663052e-06,0,1.3971172864818891e-06,1.3152105353210326e-06,2.1587659009899659e-06,3.5465192602461565e-06
2105,9,119092.26516127735,9.9310504829478212,17.890978196065799,0,0.0088413528841470544,1.2907678557648879e-06,0,1.2564970820457806e-06,1.1828342658819208e-06,1.9414855729429731e-06,3.189561209381129e-06
2106,9,125401.10920833555,9.4314261246314182,17.935165928617671,0,0.0087070773947077983,1.2711646923286611e-06,0,1.2374143960720977e-06,1.1648703126206953e-06,1.911999822406581e-06,3.1411206711401954e-06
2107,9,121522.61969088289,9.7324374709310604,17.961240570906266,0,0.007994743641999924,1.1671695772574905e-06,0,1.1361804227822156e-06,1.06957123537677e-06,1.7555774148718222e-06,2.8841427928062376e-06
2108,9,126778.89096805443,9.3289291964485734,17.998905552637432,0,0.0081447489432359844,1.1890691692732112e-06,0,1.1574985655782649e-06,1.0896395906037278e-06,1.788517297719047e-06,2.9382579374332498e-06
2109,9,122402.88629613229,9.662446150035148,18.031582268102763,0,0.0075489452214053971,1.1020865205133208e-06,0,1.0728253659263802e-06,1.009930402750269e-06,1.6576838895973206e-06,2.723318836544837e-06
2110,9,127076.00973899871,9.3071170543867652,18.030892469728169,0,0.0077509666546958112,1.1315800579485675e-06,0,1.1015358296717259e-06,1.0369577001412534e-06,1.7020460707361225e-06,2.7961990547116798e-06
2111,9,122138.21774465895,9.6833842779482744,18.040593263826175,0,0.0072262001332039439,1.0549682807014701e-06,0,1.026958147766039e-06,9.667521748849086e-07,1.5868118250284626e-06,2.6068869705923496e-06
2112,9,126424.26936810894,9.3550969553287153,17.974030883114246,0,0.0075203561353281443,1.0979127392133594e-06,0,1.068762401388585e-06,1.0061056316902814e-06,1.6514059704949019e-06,2.7130051841933775e-06
2113,9,121066.56090552412,9.7690996473270406,17.992190811658361,0,0.0070823330553031047,1.0339648209266439e-06,0,1.0065123442839743e-06,9.4750501761121349e-07,1.5552198435946292e-06,2.5549862199954236e-06
2114,9,125564.60546146735,9.4191455713067018,17.866290935787312,0,0.0074538506433190791,1.0882034614091616e-06,0,1.0593109115833038e-06,9.9720824055020951e-07,1.6368019325214159e-06,2.6890130033243991e-06
2115,9,119918.72291389386,9.8626075120436738,17.877430113041783,0,0.0070645696999403701,1.0313715110098032e-06,0,1.0039878885278152e-06,9.4512855942937191e-07,1.5513191624866911e-06,2.5485780028418001e-06
2116,9,124640.86293216431,9.4889530577860572,17.716532701844567,0,0.007540871623030126,1.1009078387663405e-06,0,1.0716779789898937e-06,1.0088502819890716e-06,1.655910996356578e-06,2.7204062465220974e-06
2117,9,128616.18389550596,9.1956646638353501,17.569171564282531,0,0.0079906205479220675,1.1665676380099877e-06,0,1.1355944654354485e-06,1.0690196300941114e-06,1.7546720186306656e-06,2.8826553664919978e-06
2118,9,122469.12475092892,9.6572201348755247,17.519802560282582,0,0.0076631702084477508,1.1187624685872626e-06,0,1.0890585561175306e-06,1.0252119134493693e-06,1.6827667210732551e-06,2.7645260581755457e-06
2119,9,125640.48858929914,9.4134566868119087,17.404719627596894,0,0.0081889064112671897,1.1955158116675946e-06,0,1.1637740451862809e-06,1.0955471668498414e-06,1.7982139005176972e-06,2.9541879595670069e-06
2120,9,128447.0674064242,9.2077718964419173,17.38496065293117,0,0.0087959538115176747,1.2841399488823777e-06,0,1.250045150646381e-06,1.1767605824254467e-06,1.9315163243800103e-06,3.1731832723280582e-06
2121,9,121127.58057058512,9.764178330599508,17.322423959476772,0,0.0083557387055789179,1.2198720120842981e-06,0,1.1874835717418328e-06,1.1178667096792471e-06,1.8348488473127708e-06,3.0143735240820106e-06
2122,9,123833.75896377691,9.55079864603975,17.357720697986135,0,0.0089785205344213859,1.3107932518942933e-06,0,1.2759907901444367e-06,1.201185144875327e-06,1.971606417294702e-06,3.2390451087605365e-06
2123,9,121443.39114254082,9.7387868233774757,11.64157902645295,0,0.009162685658982794,1.3376799089536486e-06,0,1.3021635879795874e-06,1.2258235483828079e-06,2.0120475055603146e-06,3.3054835763931492e-06
2124,9,120100.43462822607,9.8476854068544064,23.077914890754016,0,0.0097948048468258428,1.4299643296041346e-06,0,1.3919977938344487e-06,1.3103911756791752e-06,2.1508554798216092e-06,3.5335236589086654e-06
2125,9,126316.85328262148,9.3630522508271614,11.862907196600963,0,0.009975515485675629,1.4563466589691664e-06,0,1.4176796542221864e-06,1.334567423210727e-06,2.1905379925322211e-06,3.5987159039587694e-06
2126,9,123953.61089637432,9.5415638874288593,23.321915988043269,0,0.010714476990245112,1.5642292159991209e-06,0,1.5226978552149962e-06,1.4334288757763961e-06,2.352807626928823e-06,3.8652998737522253e-06
2127,9,119113.07180230982,9.9293157295798871,11.827791062361452,0,0.0099354372944687411,1.4504955588485268e-06,0,1.411983904831228e-06,1.3292055901863859e-06,2.181737164080125e-06,3.5842575008511573e-06
2128,9,127585.11789297248,9.2699784816391837,23.573892372639914,0,0.012212422006700611,1.7829173853641075e-06,0,1.7355797033783196e-06,1.6338304112752874e-06,2.6817435575062326e-06,4.4056908502100274e-06
2129,9,122847.32278697327,9.6274893958915655,12.071924238236742,0,0.011049866087412728,1.6131933814917336e-06,0,1.5703619884605651e-06,1.4782986736151834e-06,2.4264562078649875e-06,3.9862931276572116e-06
2130,9,120527.3286434769,9.8128060312673604,23.585083689444371,0,0.011921892370916854,1.7405023477640185e-06,0,1.6942908141784931e-06,1.5949621053766053e-06,2.617945731112726e-06,4.3008808659673397e-06
2131,9,127921.48460200682,9.245603278643463,12.34132096865196,0,0.012358823580370637,1.8042908615507097e-06,0,1.7563856990821143e-06,1.6534166443082933e-06,2.7138920925620103e-06,4.4585059325270727e-06
2132,9,124332.26198197482,9.5125052708903333,23.886560493149943,0,0.013590624718309522,1.9841241217293652e-06,0,1.9314442626030973e-06,1.818212305537804e-06,2.9843851007453161e-06,4.9028842057081037e-06
2133,9,120713.0094749534,9.7977119665022752,12.408596393928036,0,0.011896462341060664,1.7367897637805913e-06,0,1.6906768018514957e-06,1.5915599664629742e-06,2.6123615137726594e-06,4.2917068585676188e-06
2134,9,128074.13526487502,9.2345835089906547,24.254665019905921,0,0.015974712066983227,2.3321820892516772e-06,0,2.2702610518664253e-06,2.1371657785886521e-06,3.5079103182926527e-06,5.7629553539529178e-06
2135,9,126260.34697478187,9.3672425728520903,12.846798315695546,0,0.013915396858011984,2.0315382950882384e-06,0,1.9775995570713912e-06,1.8616617210828689e-06,3.0557022885092765e-06,5.0200473403840274e-06
2136,9,165470.77787847561,7.1475538618296426,13.759574985666609,1,0.23608623908285967,3.4466730667766768e-05,0,3.3551615279452046e-05,3.1584633816743977e-05,5.1842521518578251e-05,8.5169263133649144e-05
2137,9,121145.37487410293,9.7627441301358342,24.463127211464275,0,0.015564372706195991,2.2722757758401895e-06,0,2.211945292249798e-06,2.0822688116946483e-06,3.4178032996702516e-06,5.6149234265998131e-06
2138,9,118623.86190756979,9.9702646535551764,13.139561509391305,0,0.013453792149149026,1.9641476448023126e-06,0,1.911998174868349e-06,1.7999062551388997e-06,2.9543378373440141e-06,4.8535211884761117e-06
2139,9,124709.67493471621,9.4837172662376545,25.067191037746809,0,0.020398947439329834,2.9780855929114478e-06,0,2.8990153735726483e-06,2.7290590405487845e-06,4.4794346154526999e-06,7.3590198601113516e-06
2140,9,123621.08422990209,9.5672296098433129,13.783463617794386,0,0.016867305565356837,2.4624937068358152e-06,0,2.3971128064401458e-06,2.2565807809321063e-06,3.7039162262462122e-06,6.0849628154199323e-06
2141,9,127168.1729615105,9.300371861151298,25.798505388881971,1,0.19996136245508803,2.9192783325589361e-05,0,2.8417694864008989e-05,2.6751692242530644e-05,4.390980717992536e-05,7.2137037557378056e-05
2142,9,129832.95604706534,9.10948447493187,14.45269547730633,0,0.023079761865009929,3.369463375619699e-06,0,3.2800018071548925e-06,3.0877099398755892e-06,5.0681185645491872e-06,8.3261367497708779e-06
2143,9.0999999999999996,153870.45181500376,10.857341954772917,17.692708827169284,1,0.12999945192933696,1.5468665751042678e-05,0,0,1.4862076284107162e-05,2.2233968432034881e-05,3.7169991026591719e-05
2144,9.0999999999999996,157145.63280050928,10.631056570383357,17.754092138834405,0,0.015614791291319185,1.858007735209538e-06,0,0,1.7851476747620588e-06,2.6706172333150899e-06,4.4646469163264024e-06
2145,9.0999999999999996,151761.92533517996,11.008190021319116,17.798224890836554,0,0.01298895295429732,1.5455586060105657e-06,0,0,1.4849509501192128e-06,2.2215168269171775e-06,3.7138561554742999e-06
2146,9.0999999999999996,156271.43081566517,10.69052803427353,17.836297604106157,0,0.012072072013003329,1.4364587244042381e-06,0,0,1.3801293197913997e-06,2.0647015357592884e-06,3.4516976936149721e-06
2147,9.0999999999999996,151879.0822499744,10.999698492655241,17.879882120666821,0,0.010783846439197978,1.2831724565208027e-06,0,0,1.2328540315891096e-06,1.8443747088669937e-06,3.0833628098294732e-06
2148,9.0999999999999996,157332.13064083201,10.618454763729819,17.857117371908036,0,0.010491297300396191,1.2483619648093449e-06,0,0,1.1994086012184848e-06,1.7943396647156264e-06,2.9997159274563819e-06
2149,9.0999999999999996,153524.38346240012,10.881816128576475,17.872977161626466,0,0.0096466331875440826,1.1478551808214219e-06,0,0,1.1028430981079077e-06,1.6498757078134482e-06,2.7582060054586897e-06
2150,9.0999999999999996,149645.89394494749,11.163848656652771,17.892669408739742,0,0.008926031713540698,1.0621106397819259e-06,0,0,1.0204609501977784e-06,1.5266303387962161e-06,2.5521685958778107e-06
2151,9.0999999999999996,155522.63752780328,10.741999612707454,17.813119945297835,0,0.0089712765851065693,1.0674943378269126e-06,0,0,1.0256335314871375e-06,1.534368625621101e-06,2.5651052001876263e-06
2152,9.0999999999999996,151146.63285588115,11.053002508390978,17.832281624870991,0,0.0083773473211774807,9.9682255323757633e-07,0,0,9.5773307577847958e-07,1.4327881627108492e-06,2.3952864426233687e-06
2153,9.0999999999999996,157052.75366443949,10.637343651168175,17.724527436100857,0,0.0085429058040571437,1.0165223965515873e-06,0,0,9.7666040789812635e-07,1.4611038365646351e-06,2.4426236216013093e-06
2154,9.0999999999999996,152114.9616700997,10.982641639907071,17.7174548594028,0,0.0080247014890787935,9.5486114167564125e-07,0,0,9.1741714228691402e-07,1.3724747061369491e-06,2.2944564604954586e-06
2155,9.0999999999999996,156880.246660075,10.649040574947461,17.617340620411138,0,0.0082354822292055006,9.7994199215145478e-07,0,0,9.4151447033323894e-07,1.4085247990604606e-06,2.354723777801894e-06
2156,9.0999999999999996,151522.53819749015,11.025581619504427,17.613860020095498,0,0.007801807693406662,9.283389558351382e-07,0,0,8.9193499951346554e-07,1.3343529022130033e-06,2.230725727311141e-06
2157,9.0999999999999996,155801.02344904575,10.722805762808594,17.55528212939166,0,0.0080885235987174838,9.6245534970402522e-07,0,0,9.2471355044853035e-07,1.3833902811637103e-06,2.3127047469871411e-06
2158,9.0999999999999996,150155.14090147224,11.125986776484218,17.547286510081733,0,0.0077061045935321185,9.1695122118451326e-07,0,0,8.8099382437886477e-07,1.3179846816560805e-06,2.2033618937660008e-06
2159,9.0999999999999996,154170.57636739337,10.836205918500003,17.548832437164744,0,0.0081078060874273522,9.6474977762871644e-07,0,0,9.2691800449737717e-07,1.3866881892618101e-06,2.3182180774026091e-06
2160,9.0999999999999996,158434.13936744799,10.544596756487653,17.589573018605797,0,0.0085793562133206804,1.0208596394323714e-06,0,0,9.8082756979782473e-07,1.4673379955312495e-06,2.4530456761956449e-06
2161,9.0999999999999996,152287.08022287095,10.970228791870982,17.550116277330737,0,0.0082641972283037848,9.8335879673409488e-07,0,0,9.4479728807410718e-07,1.4134359611769301e-06,2.3629340913299231e-06
2162,9.0999999999999996,157609.47686352115,10.599769413215864,17.610295090328634,0,0.009036735992313364,1.0752833682829309e-06,0,0,1.0331171222944943e-06,1.5455642296933914e-06,2.583821629698461e-06
2163,9.0999999999999996,150575.67140698797,11.09491391591015,17.582303028195845,0,0.0087498773093281582,1.0411499852645593e-06,0,0,1.0003222484237797e-06,1.4965024312989256e-06,2.5018017864282309e-06
2164,9.0999999999999996,156665.88952420466,10.663611058952279,17.700683657728717,0,0.0097457516626641479,1.1596493117860567e-06,0,0,1.1141747330997191e-06,1.6668280642591421e-06,2.7865463774841419e-06
2165,9.0999999999999996,149138.93204003089,11.201797473261287,17.66295607246084,0,0.0093678253543707391,1.1146797703398823e-06,0,0,1.0709686307641437e-06,1.6021908563053839e-06,2.6784880950875768e-06
2166,9.0999999999999996,154840.80918365886,10.789301095096668,17.839777578155772,0,0.010695277548721002,1.2726336231457686e-06,0,0,1.2227284688491756e-06,1.8292266610429472e-06,3.0580388194940841e-06
2167,9.0999999999999996,150728.76526066018,11.083644911452964,23.77141012449545,0,0.013532168472144925,1.6101959498736123e-06,0,0,1.5470536001315394e-06,2.3144236545719605e-06,3.8691746250850496e-06
2168,9.0999999999999996,150372.63997286066,11.109894142926665,12.328011384028926,0,0.011528472338883952,1.371775669694907e-06,0,0,1.3179827514414851e-06,1.9717290053781263e-06,3.296269384424419e-06
2169,9.0999999999999996,155238.06105665085,10.761691435203161,24.011680411349719,0,0.015445356524151084,1.837846651904712e-06,0,0,1.7657771897526216e-06,2.6416385937239599e-06,4.4162014138126359e-06
2170,9.0999999999999996,155984.24554541748,10.710210548824138,12.549342063754134,0,0.013323119246885218,1.5853211327642714e-06,0,0,1.5231542260431619e-06,2.2786697047961403e-06,3.8094023898048354e-06
2171,9.0999999999999996,148661.97582926025,11.237736501024532,24.044359667033969,0,0.01565947258681015,1.8633243732031274e-06,0,0,1.7902558256981135e-06,2.6782591310208475e-06,4.4774223805903472e-06
2172,9.0999999999999996,147981.00623486732,11.289449603007714,12.561126747393274,0,0.013162583233348644,1.5662189142737508e-06,0,0,1.5048010834404999e-06,2.2512130301394112e-06,3.7635012564228058e-06
2173,9.0999999999999996,152455.11726661504,10.958137332768572,24.333051536027753,0,0.019382064653118886,2.3062764898975386e-06,0,0,2.2158379834918668e-06,3.3149386958904109e-06,5.5418015887086213e-06
2174,9.0999999999999996,153923.33888214041,10.853611442057575,12.848279648295247,0,0.015318777339583409,1.8227849645817437e-06,0,0,1.7513061326127236e-06,2.6199895978854219e-06,4.3800093600408156e-06
2175,9.0999999999999996,155690.91957989029,10.730388879446826,24.71560753418812,1,0.17506328300460502,2.0830821744928548e-05,0,0,2.0013960274039677e-05,2.9941291675971983e-05,5.0054831476550242e-05
2176,9.0999999999999996,160626.9154270048,10.400648656234093,13.218990138548667,0,0.018501920922180105,2.2015479777022097e-06,0,0,2.1152163033535452e-06,3.1644066156476161e-06,5.2901471848201486e-06
2177,9.0999999999999996,153358.86587396477,10.893560685717887,13.405554171231577,0,0.018356025940155382,2.1841878990387891e-06,0,0,2.0985369841707345e-06,3.1394540148743976e-06,5.2484322768555255e-06
2178,9.0999999999999996,157834.29281126356,10.584671317839767,14.054637318621285,1,0.16152652902069561,1.9220080163917807e-05,0,0,1.8466382439193038e-05,2.762608375560272e-05,4.6184345742621202e-05
2179,9.0999999999999996,149645.04790633082,11.163911772988435,14.419254207131601,1,0.16038217317807088,1.9083912989617434e-05,0,0,1.8335554935100964e-05,2.7430363148305365e-05,4.5857146698545928e-05
2180,9.1999999999999993,191957.72069437423,12.293432495156873,17.601730365168585,1,0.12837154462686437,1.1029444845112571e-05,0,0,1.1495399934701749e-05,1.6765049029119716e-05,2.6259805935237242e-05
2181,9.1999999999999993,196436.46818626567,12.013142483517017,17.561869449660549,0,0.015575555920613016,1.3382228550548835e-06,0,0,1.3947580441848872e-06,2.0341342734784489e-06,3.1861506145898575e-06
2182,9.1999999999999993,191052.76072093644,12.351662820132532,17.593286556932263,0,0.013144903968725479,1.1293857508591416e-06,0,0,1.1770983099328201e-06,1.716696329854981e-06,2.6889341267910895e-06
2183,9.1999999999999993,196193.06858175847,12.028046140157457,17.563729631505652,0,0.012233543860982205,1.0510833819688419e-06,0,0,1.0954879425146079e-06,1.5976746499810569e-06,2.5025054315843872e-06
2184,9.1999999999999993,191800.7200160677,12.303495425266279,17.591353218107631,0,0.011050192536949674,9.494120326153311e-07,0,0,9.8952133774598341e-07,1.4431314992871499e-06,2.2604379530584858e-06
2185,9.1999999999999993,187788.10793279804,12.566393619158001,17.60589275263235,0,0.010132284505595847,8.7054707828195277e-07,0,0,9.073246176367293e-07,1.32325467460143e-06,2.0726698083359915e-06
2186,9.1999999999999993,193724.79607528445,12.181297020766536,17.571648352105708,0,0.009972438781786731,8.5681343038043183e-07,0,0,8.9301077161751472e-07,1.3023791651219396e-06,2.0399716142073334e-06
2187,9.1999999999999993,189846.30655783182,12.430156393701601,17.576721453143069,0,0.0093201756237233594,8.0077219049919574e-07,0,0,8.3460198728447245e-07,1.2171949924409444e-06,1.906544038810966e-06
2188,9.1999999999999993,195599.43978903993,12.064550306614406,17.590764873905002,0,0.0093433661587805777,8.0276467822757599e-07,0,0,8.3667865058206942e-07,1.2202236266945547e-06,1.9112879168402207e-06
2189,9.1999999999999993,191223.43511711774,12.340638477889279,17.59796648189074,0,0.0088195445384747738,7.5775889687132897e-07,0,0,7.8977153392034027e-07,1.1518136439957725e-06,1.8041344652408439e-06
2190,9.1999999999999993,186582.46709966852,12.647593945790739,17.597752895808956,0,0.0083442526175739294,7.1692269721243325e-07,0,0,7.4721014905604647e-07,1.0897415361917537e-06,1.7069082953624581e-06
2191,9.1999999999999993,191877.81098269433,12.298552235898198,17.633564398613398,0,0.0085431442492485653,7.3401109704501409e-07,0,0,7.6502047342669266e-07,1.1157163576850918e-06,1.7475937577451054e-06
2192,9.1999999999999993,186698.20213201706,12.639753646967655,17.627024055603876,0,0.0081540560761735742,7.0058136339734269e-07,0,0,7.3017845160355204e-07,1.0649022748818241e-06,1.6680015089617478e-06
2193,9.1999999999999993,193235.96179263046,12.212112380059398,17.693044588052587,0,0.0086163696421289026,7.4030248688832331e-07,0,0,7.7157765227019608e-07,1.1252794373020252e-06,1.7625728141408073e-06
2194,9.1999999999999993,187770.01172326776,12.567604696954104,17.693604645803262,0,0.0082828826921299854,7.1164990712643627e-07,0,0,7.417146022119889e-07,1.0817267552527867e-06,1.6943544047233585e-06
2195,9.1999999999999993,195533.83412875002,12.068598213681193,17.802369394139351,0,0.0090018459252340487,7.7342189365378088e-07,0,0,8.0609623699639916e-07,1.1756218150042265e-06,1.8414262112577519e-06
2196,9.1999999999999993,189708.8853210129,12.439160544785956,17.804686234258423,0,0.0087155098650576052,7.4882043082911357e-07,0,0,7.8045544925778828e-07,1.1382269382687598e-06,1.782853032954495e-06
2197,9.1999999999999993,197280.636624337,11.96173796708721,17.94491490607443,0,0.0096667294983810003,8.3054745617436323e-07,0,0,8.6563515277055938e-07,1.2624541868890176e-06,1.9774354308329776e-06
2198,9.1999999999999993,191133.5774797599,12.346440182810687,17.929143770364064,0,0.0094322129123930194,8.1039822639032562e-07,0,0,8.4463468919361381e-07,1.2318268225953306e-06,1.9294624937265558e-06
2199,9.1999999999999993,198365.37714880388,11.896326441636273,18.090165988554713,0,0.010752075232502947,9.2379834715001884e-07,0,0,9.6282556453524954e-07,1.4041980172603825e-06,2.1994547921604685e-06
2200,9.1999999999999993,191331.57169227069,12.333663808897661,18.091850088770581,0,0.01056388420409058,9.0762932328844221e-07,0,0,9.4597345652322018e-07,1.379620671655136e-06,2.1609582554145261e-06
2201,9.1999999999999993,198427.51420066791,11.892601138438916,18.271550048566112,0,0.01240103144135098,1.0654736040019901e-06,0,0,1.1104861006035436e-06,1.6195481695746158e-06,2.5367668511990741e-06
2202,9.1999999999999993,190900.55671649415,12.361510735586949,18.27182519366718,0,0.012153030233328478,1.0441658005214277e-06,0,0,1.0882781176833846e-06,1.5871597424986355e-06,2.4860354869134376e-06
2203,9.1999999999999993,198121.329040374,11.910980471969141,18.461182559699328,0,0.015178148195413075,1.3040783209304795e-06,0,0,1.3591710240894903e-06,1.9822336749704704e-06,3.1048565102675308e-06
2204,9.1999999999999993,189872.1852170848,12.428462223587077,18.467262826936423,0,0.014956441148205983,1.2850296629428303e-06,0,0,1.3393176275801989e-06,1.9532792090307467e-06,3.0595039046643549e-06
2205,9.1999999999999993,195194.67644911128,12.089567831506356,13.324181837522195,1,0.19870775960850887,1.707260188594234e-05,0,0,1.7793859016559366e-05,2.5950808194965298e-05,4.0647849336956857e-05
2206,9.1999999999999993,169512.69091674269,13.921195330675911,24.569992170930714,1,0.21819559466375968,1.8746960502700464e-05,0,0,1.9538953371174834e-05,2.8495877751636393e-05,4.4634299512782712e-05
2207,9.1999999999999993,187191.43713856107,12.606448870488155,13.374886822364001,1,0.20037148127202281,1.7215545763253184e-05,0,0,1.7942841767820255e-05,2.6168086684062659e-05,4.0988181831522659e-05
2208,9.3000000000000007,242267.65883297645,13.758886965723278,17.492817540497246,1,0.22445124167883582,1.5046299950278321e-05,0,0,1.7975038159508468e-05,2.4266822769591852e-05,4.0580400402186688e-05
2209,9.3000000000000007,236199.31749886027,14.112374957854897,17.52095681966123,0,0.026216411928998973,1.7574418147715155e-06,0,0,2.0995250518749269e-06,2.8344197037053857e-06,4.7398824137926684e-06
2210,9.3000000000000007,242711.07815672923,13.733750262445184,17.59599125889499,0,0.023588444937998682,1.5812735774730126e-06,0,0,1.8890659490790031e-06,2.5502938118727502e-06,4.2647504789419052e-06
2211,9.3000000000000007,237906.49217689873,14.011107064933675,17.624995286577544,0,0.021017196620191553,1.4089075297425553e-06,0,0,1.683149125966533e-06,2.2723001293333665e-06,3.7998731831443429e-06
2212,9.3000000000000007,233514.14361120795,14.274652840228836,17.651080476575274,0,0.019144223198174617,1.2833509959681052e-06,0,0,1.5331532138001264e-06,2.0698012982096058e-06,3.461242793579125e-06
2213,9.3000000000000007,242911.23648099409,13.722433682453966,17.741494287651026,0,0.018933700169553213,1.2692383868714215e-06,0,0,1.5162936079248346e-06,2.0470403413698868e-06,3.4231805902629955e-06
2214,9.3000000000000007,239103.4893025622,13.940964822622579,17.749531451498342,0,0.017707215243259269,1.1870198170498327e-06,0,0,1.4180713250481772e-06,1.9144374111595993e-06,3.2014342144177162e-06
2215,9.3000000000000007,235224.9997851096,14.170829360733379,17.75985757571048,0,0.01666913872713233,1.1174313820910493e-06,0,0,1.3349376125754661e-06,1.8022044885448383e-06,3.0137517567157667e-06
2216,9.3000000000000007,244679.07292329444,13.623287408720548,17.877208015051913,0,0.016981846890587435,1.138394067746309e-06,0,0,1.3599806514504226e-06,1.8360133172437134e-06,3.0702888575449897e-06
2217,9.3000000000000007,240303.06825137226,13.871372336563159,17.893293647492957,0,0.016151599232698717,1.0827376356402903e-06,0,0,1.2934907838926998e-06,1.7462500679154562e-06,2.920181501764303e-06
2218,9.3000000000000007,235662.100233923,14.144545644058162,17.90365797248008,0,0.015403155338586463,1.0325649957273377e-06,0,0,1.2335521199036226e-06,1.6653311333818104e-06,2.7848641264872874e-06
2219,9.3000000000000007,244529.17939117528,13.631638324851915,18.029849752677055,0,0.016045510206623943,1.075625858063056e-06,0,0,1.2849947101898517e-06,1.7347801220408022e-06,2.9010007873953774e-06
2220,9.3000000000000007,239349.57054049801,13.926631770451966,18.038955584708347,0,0.01543373414071897,1.0346148744696628e-06,0,0,1.2360010042630613e-06,1.6686371982817219e-06,2.7903927215847117e-06
2221,9.3000000000000007,233991.86207791319,14.245509667440576,18.052628029258344,0,0.014873040396682444,9.9702824233559054e-07,0,0,1.1910981943277284e-06,1.6080171027421202e-06,2.6890202521529739e-06
2222,9.3000000000000007,242941.34135278675,13.72073322215193,18.203840090274333,0,0.01596522691826369,1.0702439923686282e-06,0,0,1.2785652729497081e-06,1.7261001953207443e-06,2.8864857062450359e-06
2223,9.3000000000000007,237295.45880521325,14.04718552186681,18.224025562806496,0,0.015491530098205008,1.0384892808028332e-06,0,0,1.2406295575894153e-06,1.6748858794947197e-06,2.8008421317945567e-06
2224,9.3000000000000007,231470.50999747613,14.400682546427531,18.243621804938481,0,0.015053937134642677,1.0091548251917068e-06,0,0,1.2055851971326336e-06,1.6275749766342129e-06,2.7217260728157065e-06
2225,9.3000000000000007,240561.15648105211,13.856490308300812,18.397826476242265,0,0.016773803609585393,1.124447690862033e-06,0,0,1.3433196346216898e-06,1.8135204613756899e-06,3.0326749883549598e-06
2226,9.3000000000000007,234414.09733647504,14.219850133623616,18.403804252588369,0,0.016421353818253982,1.1008208878284657e-06,0,0,1.3150939121836825e-06,1.7754149175727419e-06,2.9689526692137666e-06
2227,9.3000000000000007,243541.44842437244,13.686924155616339,18.564423684118875,0,0.018874684987591143,1.265282248679537e-06,0,0,1.5115674137642496e-06,2.040659842199212e-06,3.4125107463542882e-06
2228,9.3000000000000007,236507.64296783932,14.09397722418047,18.587435302285495,0,0.018603545564362466,1.2471061625962991e-06,0,0,1.4898533816090774e-06,2.0113452691091935e-06,3.3634892026232821e-06
2229,9.3000000000000007,245279.67159334492,13.589929045810806,18.772008696443059,0,0.022171143454497073,1.4862634403883024e-06,0,0,1.7755622408396754e-06,2.397060514280099e-06,4.0085047960892992e-06
2230,9.3000000000000007,237752.71410917115,14.020169426132128,18.796075899285736,0,0.021841965783734187,1.4641967058307836e-06,0,0,1.7492002517102611e-06,2.3614710644897517e-06,3.9489900365223589e-06
2231,9.3000000000000007,246842.73336215195,13.503874665181572,19.011898137799907,0,0.028264541518584787,1.8947401068702684e-06,0,0,2.2635482368350788e-06,3.0558557598745611e-06,5.1101807387174428e-06
2232,9.3000000000000007,238593.58953886275,13.970758140550929,19.044602143856469,0,0.028018381800393354,1.8782385587929181e-06,0,0,2.2438346888291555e-06,3.029241898397637e-06,5.0656754829105209e-06
2233,9.3000000000000007,244253.00440260029,13.64705151318846,19.331728528770249,1,0.31990342660184384,2.1445026883213068e-05,0,0,2.5619267051120397e-05,3.4586753446613169e-05,5.7837992093221996e-05
2234,9.4000000000000004,294919.02724145737,15.96525841725682,17.791765677580507,1,0.21370087623128697,9.8678653039363179e-06,0,0,1.2419825619430366e-05,1.8398402707020931e-05,2.7144361550885852e-05
2235,9.4000000000000004,303266.11525157752,15.525831094482552,17.921923494376191,0,0.027006989688327789,1.2470764800270785e-06,0,0,1.5695869308077154e-06,2.3251447581920096e-06,3.4304374667495513e-06
2236,9.4000000000000004,297882.40778624825,15.806433542240347,17.955374814260281,0,0.023555875429016344,1.0877176076632531e-06,0,0,1.3690157490265596e-06,2.0280238897589107e-06,2.992075702117477e-06
2237,9.4000000000000004,293077.82180641772,16.065557103757506,17.990956340446484,0,0.02133582477193675,9.8520440678958527e-07,0,0,1.2399912802761896e-06,1.8368904384635114e-06,2.7100840755046352e-06
2238,9.4000000000000004,303745.69260161382,15.501317703462487,18.123463569529463,0,0.021026928709587677,9.7094080249402782e-07,0,0,1.222038919497135e-06,1.8102962838211112e-06,2.6708479874458595e-06
2239,9.4000000000000004,299733.08051834418,15.70883825680264,18.149149063518053,0,0.019746720164722183,9.1182581099531033e-07,0,0,1.147636010327377e-06,1.7000777729156503e-06,2.5082354412775779e-06
2240,9.4000000000000004,295925.33333991235,15.910967908474184,18.167914973664736,0,0.018717005477718589,8.6427763986924005e-07,0,0,1.0877912540685883e-06,1.6114253264730725e-06,2.3774407143152432e-06
2241,9.4000000000000004,292046.84382245969,16.122271415260435,18.189331657445042,0,0.017855629535327284,8.2450268936146032e-07,0,0,1.0377299759590217e-06,1.5372658669999033e-06,2.2680284347595947e-06
2242,9.4000000000000004,303660.01535045501,15.505691378701353,18.320412183258071,0,0.018531266325328154,8.5570093691050983e-07,0,0,1.0769965024322246e-06,1.5954342655827024e-06,2.3538480609038257e-06
2243,9.4000000000000004,299284.01067853282,15.732409063220299,18.34797847140948,0,0.017866033323972786,8.249830953701531e-07,0,0,1.0383346213074043e-06,1.5381615727010418e-06,2.2693499277055894e-06
2244,9.4000000000000004,294643.04266108363,15.980212665302357,18.371256156520605,0,0.017275834553003817,7.9773003924245028e-07,0,0,1.0040335648704465e-06,1.4873488907084626e-06,2.1943826692244813e-06
2245,9.4000000000000004,289705.25066674378,16.252582482504419,18.387555420599917,0,0.016745345274903234,7.732341324694084e-07,0,0,9.7320269303136265e-07,1.4416768488227383e-06,2.1269997318328448e-06
2246,9.4000000000000004,300617.15727741126,15.662640564892568,18.531896067421609,0,0.018164281107859774,8.3875500407963842e-07,0,0,1.0556681275268592e-06,1.5638389724908794e-06,2.3072334676346298e-06
2247,9.4000000000000004,295259.44881482649,15.946851154046573,18.560176868788719,0,0.017763135164604954,8.2023166339396506e-07,0,0,1.0323544062589378e-06,1.5293026395639982e-06,2.2562797667869317e-06
2248,9.4000000000000004,289793.49874546379,16.247633236974309,18.590502853314618,0,0.017407466637747029,8.0380829079120166e-07,0,0,1.0116837325593397e-06,1.4986816477236899e-06,2.2111026235970572e-06
2249,9.4000000000000004,301077.08248787816,15.638714322487301,18.766974157658382,0,0.019977635360142226,9.2248856580110235e-07,0,0,1.1610562943738012e-06,1.7199582283982488e-06,2.5375663717941719e-06
2250,9.4000000000000004,295252.13368014101,15.947246251492771,18.80316195787336,0,0.01973219076299371,9.1115490041351105e-07,0,0,1.1467915934068446e-06,1.6988268759197803e-06,2.5063899114856978e-06
2251,9.4000000000000004,304173.34552658553,15.47952360495157,19.022592987138768,1,0.15837898615869384,7.3133181760869808e-06,0,0,9.2046388604613846e-06,1.3635509685620697e-05,2.0117355334104708e-05
2252,9.4000000000000004,298026.28638200846,15.798802646692025,19.050824667392728,1,0.15780150102902915,7.2866521858718084e-06,0,0,9.1710766929366854e-06,1.358579157421067e-05,2.0044002966878506e-05
2253,9.4000000000000004,291453.21489946044,16.155109092552291,19.08436006030151,1,0.15741047429379773,7.2685961103818533e-06,0,0,9.1483510778163558e-06,1.355212644624829e-05,1.999433461144464e-05
2254,9.5,373116.08026835846,17.825215087074408,18.275743405261906,1,0.21598565984118717,6.9795789026914567e-06,0,0,3.6535544183110695e-06,1.8520327083588904e-05,1.7428265997533631e-05
2255,9.5,367047.73893424234,18.11991650606825,18.316200646107028,0,0.029424049532155327,9.5083847463477483e-07,0,0,4.9772918374236339e-07,2.5230518630724408e-06,2.374278747709797e-06
2256,9.5,376554.81619266851,17.662433455177517,18.490280182201914,1,0.19541514389353404,6.3148424603216874e-06,0,0,3.3055891900512499e-06,1.6756447556083032e-05,1.5768394578728258e-05
2257,9.5,371750.23021283804,17.890706831363055,18.534361654507414,1,0.18954624461651737,6.1251889175540516e-06,0,0,3.2063124931634414e-06,1.6253201487288884e-05,1.5294822686095252e-05
2258,9.5,367357.88164714724,18.104618726046212,18.576900494699057,1,0.18591851973940468,6.0079589494363422e-06,0,0,3.1449468901741608e-06,1.5942131523927421e-05,1.5002095131077577e-05
2259,9.5,363345.26956387761,18.304557511406813,18.611353362418022,1,0.18371038237720147,5.9366029670122755e-06,0,0,3.1075946417802292e-06,1.575278827667866e-05,1.4823916610633827e-05
2260,9.5999999999999996,388006.8649921139,24.212483382407267,18.405975627164107,1,1,3.4361008288270771e-05,0,0,0,6.3047390428579449e-05,0.00025424073312182267
2261,9.6999999999999993,388006.8649921139,34.201041826204971,18.405975627164107,1,1,0,0,0,0,0,0
2262,9.8000000000000007,388006.8649921139,48.310255644727533,18.405975627164107,1,1,0,0,0,0,0,0
