event_id,Mw,area_km2,slip_m,mean_depth_km,is_edge_touching,conditional_probability,rate_mean,rate_p0.025,rate_p0.16,rate_p0.5,rate_p0.84,rate_p0.975
1,7.2000000000000002,1587.2285103209424,1.4867545951548622,3.5701053951087314,1,0.014878025671163128,0.00072124455077831489,0.00035173470686644708,0.00050403866379891249,0.00069398417476142964,0.00094196133347279306,0.0012113201621150344
2,7.2000000000000002,1666.153578525604,1.4163275893022391,13.497523880010224,1,0.015617836721186303,0.00075710849537877374,0.0003692247440909975,0.00052910202780695427,0.00072849259492263662,0.00098880043824382661,0.0012715531567915725
3,7.2000000000000002,1644.7734094131611,1.4347382245937621,29.927418484901494,1,0.015417427830569526,0.00074739323990875286,0.00036448683302991173,0.00052231256315132531,0.00071914454017105037,0.00097611209974935321,0.001255236520751501
4,7.2000000000000002,2192.7435247711778,1.0761948466028304,2.7319171831012108,0,0.0046040248783640872,0.00022319008775498997,0.00010884477394981007,0.00015597543646435756,0.00021475432805479264,0.00029149119040515188,0.00037484463902028237
5,7.2000000000000002,2050.1957354281585,1.1510214563916492,11.725187085907489,0,0.0043047224013178708,0.00020868075127612913,0.00010176889766386585,0.00014583564883820233,0.00020079339082240433,0.00027254167609314149,0.00035047641080034069
6,7.2000000000000002,2030.006750290883,1.1624686868367926,28.993269902806279,0,0.0042623323138357349,0.00020662579988141788,0.00010076674419780005,0.00014439955486141701,0.00019881610898880907,0.00026985786412687409,0.00034702514859822909
7,7.2000000000000002,3119.381143452189,0.75650238709492168,2.4349657529081359,0,0.0068029058629522528,0.00032978561077644513,0.00016082900731804426,0.00023046926096909846,0.00031732093462045531,0.00043070730080649322,0.00055387033299294066
8,7.2000000000000002,2500.9751947210261,0.94355965075603077,11.108941106664336,0,0.0054542545565421686,0.00026440681474884799,0.0001289452424684762,0.00018477956951150511,0.00025441321523575309,0.00034532114735750862,0.00044406755705851778
9,7.2000000000000002,2263.7912823015276,1.0424191045038884,28.673975353756198,0,0.00493699175530241,0.0002393313790048702,0.00011671651778495708,0.00016725570868935961,0.00023028553820472563,0.00031257207373841571,0.00040195371251338752
10,7.2000000000000002,3416.1348357944439,0.69078634032654518,2.2558274321964351,0,0.015455313107007391,0.00074922981082141784,0.00036538248725829868,0.00052359604286398675,0.00072091169549699525,0.0009785107019766343,0.0012583210159802889
11,7.2000000000000002,2767.702996544655,0.85262735352261032,10.80341084586078,0,0.012521670968778514,0.00060701514787509371,0.00029602760238664738,0.00042420993504975891,0.00058407222073455112,0.00079277520712437853,0.0010194734733688716
12,7.2000000000000002,2344.6405634178686,1.0064737930834362,28.547583413664348,0,0.010607647465000078,0.00051422870882239838,0.0002507777479424611,0.00035936652970505132,0.00049479276584570801,0.00067159406577093348,0.00086363994329353131
13,7.2000000000000002,2799.5243783217561,0.8429357856476748,2.2507355685057409,0,0.012228587274825925,0.00059280728038935636,0.00028909874573199352,0.00041428082773766194,0.00057040135808252978,0.00077421941798430432,0.00099561155811757384
14,7.2000000000000002,2449.7427497752692,0.96329268920050859,10.809704693644019,0,0.010700708037576485,0.00051874002183842144,0.00025297781359226234,0.00036251924147545032,0.0004991335679178162,0.00067748594033650281,0.00087121663057390479
15,7.2000000000000002,2109.4803361853201,1.1186732773948715,28.558969125138276,0,0.0092144096316229794,0.00044668848423406023,0.00021783990311349555,0.00031216633315944443,0.0004298053119043801,0.00058338503882212874,0.00075020707824194083
16,7.2000000000000002,2654.790984341962,0.88889079976493579,2.280244066198803,0,0.011081149007750039,0.0005371827226842952,0.00026197190300180967,0.00037540784393513734,0.00051687920289430773,0.00070157251549727467,0.00090219088938023491
17,7.2000000000000002,2328.1866192016355,1.0135868241050536,10.854434721427708,0,0.0097178960593833196,0.00047109608040569632,0.00022974293749410991,0.00032922347715813268,0.00045329039122845173,0.00061526189919062591,0.00079119929554127388
18,7.2000000000000002,2087.9500051869936,1.1302087096999842,28.574190655228904,0,0.0087151437776727438,0.00042248548952830245,0.00020603664825502455,0.00029525217401847381,0.00040651710086763121,0.00055177539249278275,0.00070955848625048606
19,7.2000000000000002,2479.9043113925804,0.95157674852192997,2.3467961921554443,0,0.010140013966306234,0.00049155916111836043,0.00023972232061497545,0.00034352401343045559,0.00047298004318648733,0.00064198713513765921,0.00082556675415082416
20,7.2000000000000002,2237.1056344808212,1.0548537560802869,11.116693264909275,0,0.0091472409937460968,0.00044343233888771895,0.00021625195443828688,0.00030989078993664464,0.00042667223680711196,0.00057913244099090633,0.00074473842755398223
21,7.2000000000000002,2021.8697294797171,1.16714704556545,28.769897072753828,0,0.0082671686971113184,0.000400768926263753,0.00019544596995352463,0.00028007564683590316,0.00038562134336133291,0.00052341308061251072,0.00067308582118035388
22,7.2000000000000002,2414.1822161912482,0.97748184269348681,2.4109455672596889,0,0.0093433957175784871,0.00045294136439960169,0.00022088929179826881,0.00031653613166971833,0.00043582185633009909,0.00059155143859932358,0.00076070870325614171
23,7.2000000000000002,2198.9188163988142,1.0731725353758905,11.408975403431578,0,0.0085102808373996672,0.00041255431434457064,0.00020119343801749875,0.00028831181479612778,0.00039696128736878972,0.0005388050580771883,0.00069287921606318403
24,7.2000000000000002,2011.0788966885334,1.1734095987811191,28.998029836171888,0,0.0077833006245389266,0.00037731237239351352,0.00018400673746193439,0.00026368313467435659,0.00036305136045772745,0.00049277830252171799,0.0006336908661597622
25,7.2000000000000002,2391.3575338196647,0.98681156954024285,2.4130344970235686,0,0.0090689742311608843,0.00043963818788480359,0.0002144016325337715,0.00030723926376608699,0.00042302149067691651,0.00057417719587432754,0.00073836620387065491
26,7.2000000000000002,2253.6202929981,1.0471237273698339,11.498811160333107,0,0.008546620099661879,0.00041431593886822796,0.00020205254258164233,0.00028954291854597442,0.00039865632900199242,0.00054110577866300349,0.00069583783987708968
27,7.2000000000000002,2160.2794075871675,1.0923676229067831,29.085776663309538,0,0.0081926345192817763,0.00039715572039931545,0.00019368389091361423,0.00027755057340002597,0.00038214470331272675,0.00051869415384834389,0.00066701749233302678
28,7.2000000000000002,2291.655222214451,1.0297444652255101,2.3395987182843272,0,0.0082501230779655713,0.00039994260291983372,0.00019504299068825778,0.00027949817430777735,0.00038482625198310745,0.00052233388405140265,0.00067169802265094295
29,7.2000000000000002,2244.7982509861208,1.051238916568034,11.339802401866859,0,0.0080814346225875147,0.00039176506431963835,0.00019105498947656773,0.00027378333649755252,0.00037695779409193558,0.00051165383779517399,0.00065796396064354043
30,7.2000000000000002,2188.2507216330855,1.0784044341680099,29.000203683582534,0,0.0078778594632899455,0.00038189631711067344,0.00018624222395488928,0.00026688660479787024,0.00036746204902134616,0.00049876503569520534,0.00064138953736902755
31,7.2000000000000002,2207.6718850852149,1.068917576576095,2.2795703634487903,0,0.0077327204883746153,0.00037486039063246293,0.00018281096123730388,0.00026196957772731892,0.00036069205453695966,0.00048957596011677668,0.00062957279699571271
32,7.2000000000000002,2247.5200085037245,1.0499658611944931,11.167629419340001,0,0.0078722948528729391,0.0003816265605563311,0.00018611066976503159,0.00026669808658576731,0.00036720248826688397,0.00049841272766963044,0.0006409364849989473
33,7.2000000000000002,2286.0062991225477,1.0322890545779564,28.888059055891212,0,0.0080070991822664035,0.0003881614926867957,0.00018929760883420121,0.00027126499590314306,0.00037349042413660868,0.00050694749355052878,0.0006519118123537854
34,7.2000000000000002,2390.0686336589811,0.98734373065588321,2.2334699052181763,0,0.0081063920829954131,0.00039297493132204247,0.00019164501433703812,0.00027462884686793679,0.00037812193259714646,0.00051323395085624258,0.00065999591539717887
35,7.2000000000000002,2323.0662607025911,1.0158209092868324,10.961879966821501,0,0.0078791402384138301,0.00038195840546159383,0.00018627250304384358,0.00026692999497586418,0.00036752179066227685,0.00049884612445457691,0.00064149381388830412
36,7.2000000000000002,2352.7237222118456,1.0030158913269898,28.728410061603324,0,0.0079797294046807018,0.00038683468337916268,0.00018865055384794952,0.00027033776090384411,0.00037221376331271776,0.00050521465125267942,0.00064968345462978821
37,7.2000000000000002,2508.1465244751776,0.94086181100374611,2.1930041491189396,0,0.0082224765451279509,0.00039860237730134351,0.00019438939286967345,0.00027856156337712434,0.00038353668193528062,0.00052058351975487512,0.00066944713242001038
38,7.2000000000000002,2434.9724058551988,0.96913594404847614,10.724496886453966,0,0.0079825892545761831,0.00038697332080315621,0.0001887181641940332,0.00027043464707354455,0.00037234716075492703,0.00050539571479434953,0.00064991629424947868
39,7.2000000000000002,2424.7594044656898,0.97321791058295448,28.531492737335029,0,0.0079491078915213797,0.00038535023913965888,0.00018792662385932359,0.00026930036340786851,0.00037078542557426316,0.00050327593424774662,0.00064719035123662417
40,7.2000000000000002,2563.8949544859265,0.92040404274426402,2.2265405538041332,0,0.008085008779642652,0.00039193832933185295,0.00019113948691674355,0.00027390442200890303,0.00037712451032762435,0.00051188012573284193,0.00065825495681461467
41,7.2000000000000002,2466.6868984301623,0.95667564569394403,10.793366307168464,0,0.0077784720452543157,0.00037707829654406956,0.00018389258394742972,0.00026351955176998109,0.00036282613180950728,0.00049247259428581098,0.00063329773903583503
42,7.2000000000000002,2406.6300881982311,0.98054923058291465,28.566825753364327,0,0.0075890883744635382,0.00036789751250839017,0.00017941532255514727,0.0002571036001860466,0.00035399234744914245,0.0004804822873042995,0.00061787874031419274
43,7.2000000000000002,2598.7262239748729,0.90806767542870059,2.2917988701204752,0,0.0075199460386377636,0.00036454568787489189,0.00017778071324869358,0.00025476119190340018,0.00035076720938783832,0.00047610473020812474,0.00061224939759812102
44,7.2000000000000002,2536.8043344587786,0.93023306891500157,11.032826587764969,0,0.007340762381861759,0.00035585937163276366,0.00017354459265148808,0.00024869079701820841,0.00034240920376754625,0.00046476020910003198,0.00059766085063822692
45,7.2000000000000002,2432.1041861627982,0.97027886169778899,28.741027717644492,0,0.0070377910807068135,0.00034117218095102201,0.00016638198088054403,0.00023842671674447014,0.00032827713456323401,0.00044557841326585467,0.0005729939187655034
46,7.2000000000000002,2445.3322258893118,0.96503013222354883,2.3109552562268765,0,0.0067952669918040342,0.00032941529993604719,0.00016064841506988615,0.00023021047082505785,0.00031696462015998357,0.00043022366665959502,0.00055324840110210043
47,7.2000000000000002,2454.0174404230552,0.96161471487898287,11.113599656497279,0,0.0068194020974608601,0.0003305853015089833,0.00016121899845917604,0.00023102812141088057,0.00031809040000149144,0.00043175171458816356,0.00055521340242304545
48,7.2000000000000002,2446.0361612431666,0.96475240990759503,28.802644400270403,0,0.0067972231385491546,0.00032951012839054942,0.00016069466076922757,0.00023027674128414948,0.00031705586444969169,0.00043034751471828425,0.00055340766416863839
49,7.2000000000000002,2441.3852934387623,0.96659027463731195,2.2910275707400665,0,0.0065140675638491689,0.00031578354801028443,0.00015400051698523493,0.00022068397940341021,0.00030384809803091624,0.00041242029718150996,0.000530354063897323
50,7.2000000000000002,2420.9488672853749,0.9747497409668745,11.061863417702476,0,0.0064595393985962075,0.00031314017697961976,0.00015271140452870855,0.00021883667088540035,0.0003013046366469453,0.00040896799615792334,0.00052591455912471912
51,7.2000000000000002,2418.8822841579999,0.97558252286010183,28.770835846962409,0,0.006454025372541322,0.00031287287261190088,0.00015258104621498228,0.00021864986637341166,0.00030104743539552322,0.00040861889074230822,0.0005254656251678665
52,7.2000000000000002,2465.2296076486473,0.95724117297588307,2.2521868337441204,0,0.0063022252283029927,0.00030551403150898065,0.00014899230531507636,0.000213507171801062,0.00029396673126472661,0.00039900808152282659,0.00051310655418681183
53,7.2000000000000002,2431.9193387970672,0.9703526114676716,10.952367574801569,0,0.0062170693401590827,0.00030138591520860859,0.00014697911606428052,0.00021062225541340862,0.00028999464248992564,0.00039361667034220412,0.00050617344044501602
54,7.2000000000000002,2435.8410401031806,0.96879034486606208,28.700180741057448,0,0.0062270949559607817,0.00030187192867067616,0.00014721613387249692,0.00021096190383882062,0.000290462286440971,0.00039425141467173958,0.00050698969327497021
55,7.2000000000000002,2457.8217819271804,0.96012627873699241,2.2317605417935127,0,0.0059582937258376538,0.00028884120626477395,0.00014086134433439636,0.00020185543932173302,0.00027792407713922077,0.00037723300303822113,0.00048510477676480713
56,7.2000000000000002,2389.3428560572988,0.98764364239230673,10.919986190214578,0,0.005792285939039259,0.00028079361888581292,0.00013693671740353585,0.00019623141736563053,0.00027018065879383163,0.00036672267595076573,0.00047158896602072814
57,7.2000000000000002,2416.9313590403763,0.97637000424265885,28.688225648421064,0,0.0058591664612309179,0.00028403579719966248,0.00013851785467188679,0.00019849719978762186,0.00027330029476076991,0.00037095703252867631,0.00047703415927244841
58,7.2000000000000002,2356.5526242441897,1.0013862016076664,2.2375135480213526,0,0.0051520149510345965,0.0002497550945999687,0.00012179992887672156,0.0001745402776676675,0.00024031527590937237,0.00032618567682367219,0.00041946019745094462
59,7.2000000000000002,2338.6076460675908,1.0090701983500929,10.96152065679024,0,0.0051127827289697584,0.00024785322757778488,0.00012087243120783116,0.00017321116604866079,0.00023848529242530733,0.00032370179643335115,0.00041626603831706018
60,7.2000000000000002,2409.4395017623983,0.97940590728854748,28.724007108768888,0,0.0052676389268729194,0.00025536021750779833,0.00012453342095067671,0.00017845739379401102,0.00024570854590556004,0.00033350609129729358,0.00042887392318663307
61,7.2000000000000002,2144.3486984383121,1.1004829965383329,2.2643988320003645,0,0.0044541770374391613,0.00021592588878788674,0.00010530218788582337,0.00015089888214308469,0.00020776468893717598,0.00028200398590803616,0.00036264451818613286
62,7.2000000000000002,2221.7570731883088,1.0621410008133942,10.970289630174566,0,0.0046149674002976026,0.0002237205502296997,0.00010910346853938351,0.00015634614789179175,0.00021526474101022652,0.00029218398612817766,0.00037573554334693269
63,7.2000000000000002,2399.7423157980288,0.98336361606213329,28.705890798174202,0,0.004984673027564575,0.0002416428320533697,0.00011784376132471371,0.00016887105774779251,0.00023250962687843785,0.00031559088253700526,0.00040583576566499642
64,7.2000000000000002,2086.3186451180395,1.1310924564674798,2.469955509916498,0,0.0041011778763653311,0.00019881348913345647,9.6956856375537119e-05,0.0001389399549707349,0.00019129907468809479,0.00025965481352259239,0.00033390448167394991
65,7.2000000000000002,2133.0260084124998,1.1063246636344384,11.387934237275902,0,0.0041929928085928866,0.00020326441703295294,9.9127473565398255e-05,0.0001420504668611978,0.00019558177397770662,0.00026546782379057517,0.00034137975299345215
66,7.2000000000000002,2360.5772463613125,0.99967890689363659,28.917978727359404,0,0.0046403013273558077,0.00022494866726917764,0.00010970239353148545,0.00015720441222238411,0.00021644643976861965,0.00029378793414125995,0.00037779814878325979
67,7.2000000000000002,2037.3322177458244,1.1582888940378384,3.3380706270667959,0,0.0038049941015011429,0.00018445533850438534,8.9954710020031565e-05,0.00012890582292787814,0.00017748360903963557,0.00024090275127384747,0.00030979016797978064
68,7.2000000000000002,2199.7051502287263,1.0727889058381721,13.195172322021875,0,0.0041082475645148825,0.00019915620759397429,9.7123992442101344e-05,0.00013917946229832889,0.00019162883965857718,0.00026010241141116816,0.00033448007254767827
69,7.2000000000000002,2297.1697819237042,1.027272472348256,29.85710169495508,0,0.0042902759767071254,0.00020798042952248913,0.00010142736653345671,0.00014534623198152993,0.00020011953864044628,0.00027162704039543416,0.00034930023018415936
70,7.2000000000000002,2060.6676381578518,1.1451721944787003,4.5162337217690354,0,0.0048371315405367835,0.00023449043859173074,0.00011435570028507289,0.00016387263822492993,0.00022562756743176591,0.00030624969850257872,0.00039382342061765612
71,7.2000000000000002,2155.2034360514481,1.0949403855832267,15.700998836240416,0,0.0050590412173974891,0.00024524799128979974,0.00011960191620555707,0.00017139050783216621,0.00023597852443180936,0.00032029930022704496,0.00041189058031283028
72,7.2000000000000002,2186.8552455536901,1.0790925856105236,31.184765114471382,0,0.0051333394512433055,0.00024884975925808678,0.00012135841724138368,0.00017390758794332968,0.00023944415889442887,0.00032500328884589287,0.00041793969937312423
73,7.2000000000000002,2085.9445305507329,1.1312953181249867,5.2204880716004745,0,0.0048236145091259952,0.00023383517118843365,0.00011403614114557005,0.00016341470740793805,0.00022499706671237125,0.00030539390478278574,0.0003927229081543953
74,7.2000000000000002,2115.4362028381684,1.1155237289190869,17.259329198194315,0,0.0048918121319585194,0.00023714119881139496,0.00011564841628248417,0.00016572511064600966,0.00022817813872072601,0.00030971164997040893,0.00039827533543011019
75,7.2000000000000002,2113.1769604448796,1.1167163590424831,32.038841126593844,0,0.0048865877771263116,0.00023688793688421831,0.00011552490615042179,0.00016554811963342245,0.00022793444915753902,0.00030938088429268736,0.00039784998555626494
76,7.2000000000000002,2248.1601433690462,1.0496668968359573,5.1508465762993172,0,0.0051220038813060429,0.00024830024292924596,0.00012109043051672202,0.0001735235608115812,0.00023891541225006671,0.00032428560836800035,0.0004170167943642503
77,7.2000000000000002,2173.1639479780042,1.0858910499947023,17.118967747942502,0,0.0049511393612632426,0.00024001721487660062,0.00011705098447734493,0.00016773500214953109,0.0002309454520175246,0.00031346779055399716,0.00040310556429297081
78,7.2000000000000002,2113.6901960179453,1.1164452036188717,31.968121171643183,0,0.0048156397665062838,0.0002334485782502675,0.00011384760848541231,0.00016314453858964047,0.00022462508555719674,0.00030488900585612741,0.00039207363070747854
79,7.2000000000000002,2355.3926951014091,1.0018793410492717,4.1367939868368575,0,0.0052315461810654969,0.00025361054340374798,0.00012368014433675173,0.00017723464154369953,0.00024402500301030973,0.00033122097822376595,0.00042593536993575635
80,7.2000000000000002,2310.0600101405107,1.0215402504357149,15.024651919236303,0,0.0051308580727182735,0.00024872946905432229,0.00012129975442096535,0.000173823523649869,0.00023932841521539337,0.00032484618717958645,0.00041773767365387596
81,7.2000000000000002,2286.6249627874777,1.0320097609726799,30.887857932399449,0,0.0050788066535481999,0.00024620616365974581,0.00012006919526826447,0.0001720601224871615,0.00023690048143060907,0.00032155069453195472,0.00041349981744224048
82,7.2000000000000002,2215.7388775049053,1.0650258950810161,2.8195644995049713,0,0.0048606687211291246,0.00023563145445083187,0.00011491214799521201,0.00016467003226884207,0.00022672545711219886,0.00030773989044786645,0.00039573974083654824
83,7.2000000000000002,2316.8526223534509,1.0185452706453859,12.262928834759187,0,0.0050824820502408125,0.00024638433648288007,0.0001201560861371786,0.00017218463780114339,0.00023707191998011956,0.00032178339217921886,0.00041379905621329337
84,7.2000000000000002,2433.6997489759742,0.96964273521144373,29.443364335254216,0,0.0053388097156051861,0.00025881037579373499,0.00012621598536248019,0.00018086852212830716,0.0002490283009709928,0.00033801207431817884,0.00043466841590028115
85,7.2000000000000002,2189.2797118588715,1.0778975699166347,2.1926275136260704,0,0.0047419228571704587,0.00022987499124794541,0.00011210485067134342,0.00016064715262578696,0.00022118656692427478,0.00030022182220204526,0.0003860718411864157
86,7.2000000000000002,2258.6605030261767,1.0447870665461929,10.850840500516183,0,0.0048921998444840034,0.00023715999401664964,0.00011565758228034664,0.00016573824559466496,0.00022819622353674864,0.00030973619692412318,0.0003983069017151539
87,7.2000000000000002,2417.1868417339474,0.97626680757027129,28.658212986890113,0,0.0052355637668325345,0.00025380530458414953,0.00012377512497351853,0.000177370749560077,0.00024421240293854586,0.00033147534063246881,0.00042626246862144228
88,7.2000000000000002,2349.9555795804708,1.0041973992128639,2.1128897115298884,0,0.0050152778315055539,0.00024312646627728781,0.00011856729628700039,0.00016990788916784697,0.00023393718521689952,0.00031752854164366978,0.00040832750864828348
89,7.2000000000000002,2310.2879408137501,1.0214394663070747,10.434425156759028,0,0.0049306191123946064,0.00023902245132367809,0.00011656586071965269,0.00016703981590310488,0.00022998828684710811,0.00031216860735491461,0.00040143487278217617
90,7.2000000000000002,2388.6205299711819,0.98794230882246414,28.321535445229138,0,0.0050977966119607207,0.0002471267430650552,0.00012051814108965664,0.00017270346545990525,0.00023778626633977283,0.00032275299159368931,0.00041504591771194204
91,7.2000000000000002,2374.7562385172505,0.99371010927584325,2.1027101037642559,0,0.0048857771678605753,0.0002368486408426168,0.00011550574235686687,0.00016552065776313167,0.00022789663836094749,0.00030932956279333288,0.00039778398840255069
92,7.2000000000000002,2312.702047407673,1.0203732400053906,10.203824528046399,0,0.0047581080853771754,0.00023065960527572085,0.00011248748924346864,0.0001611954767770489,0.00022194152544421702,0.00030124654547387762,0.00038738958950118227
93,7.2000000000000002,2290.7241101293171,1.0301630261128434,28.101114424282141,0,0.004712891105878551,0.00022846761416165471,0.00011141850459585098,0.00015966361317960374,0.00021983238348572594,0.00029838375660353107,0.00038370817100203379
94,7.2000000000000002,2273.6978027444511,1.0378772757013108,2.1759890378675584,0,0.00457377168980034,0.00022172349884880442,0.00010812955160469276,0.00015495051709156179,0.0002133431707841067,0.00028957579286039938,0.0003723815234103555
95,7.2000000000000002,2202.1921865368226,1.0715773562849342,10.347365670865241,0,0.0044299309548190184,0.00021475050736604974,0.00010472898086551388,0.00015007747187291008,0.00020663373258515471,0.00028046891177782894,0.00036067048148400436
96,7.2000000000000002,2156.68068082229,1.0941903927941365,28.171376632997681,0,0.0043383799861080223,0.00021031237567030575,0.00010256460409573082,0.00014697590255460826,0.00020236334585012878,0.00027467261363493204,0.00035321670121020524
97,7.2000000000000002,2147.0685691087065,1.0990889230240459,2.2292732808450815,0,0.0043190442571550726,0.00020937503428839971,0.00010210748383625333,0.00014632084554634455,0.00020146143250507846,0.00027344842506107502,0.00035164244943462888
98,7.2000000000000002,2149.1628514230092,1.0980179001874975,10.509434996539403,0,0.0043232571165544367,0.00020957926178149215,0.00010220708098030027,0.00014646356905478316,0.00020165794095440318,0.00027371515068349748,0.00035198544666042991
99,7.2000000000000002,2107.2372799102272,1.1198640531744013,28.280161715694323,0,0.0042389196149601616,0.00020549081854342018,0.00010021323938755406,0.00014360637801672028,0.00019772402574690453,0.00026837555339959948,0.00034511896327335241
100,7.2000000000000002,2173.6068893662023,1.085669765229978,2.2087330442976478,0,0.0042730242081688592,0.00020714411263982437,0.00010101951364464928,0.00014476177551167387,0.00019931483144227218,0.00027053479205171968,0.00034789564764582919
101,7.2000000000000002,2145.009155756436,1.1001441532067862,10.478857591665832,0,0.0042168048390588703,0.00020441875683556838,9.9690419062399341e-05,0.00014285717228594216,0.00019669248400587649,0.0002669754171007485,0.0003433184505896157
102,7.2000000000000002,2120.3214649620363,1.1129535404305873,28.270124547368187,0,0.0041682720979618736,0.00020206602698926969,9.8543045758946581e-05,0.00014121297711423719,0.00019442867864463221,0.00026390269989140638,0.00033936707363188892
103,7.2000000000000002,2249.7626183626244,1.0489192335313771,2.1763088234177888,0,0.0043259746477124902,0.00020971099999613413,0.00010227132673752671,0.0001465556337415912,0.00020178469995185306,0.00027388720370518,0.00035220669915425417
104,7.2000000000000002,2192.8007911863028,1.0761667410762872,10.380636993505009,0,0.004216445127468489,0.00020440131903635037,9.968191504085805e-05,0.00014284498595467911,0.00019667570529096362,0.00026695264294933688,0.00034328916404907558
105,7.2000000000000002,2164.4470967390562,1.0902642456984779,28.204328170087223,0,0.004161924991723214,0.0002017583372534792,9.8392992411704941e-05,0.00014099794946082183,0.00019413261844265951,0.0002635008502919767,0.00033885031301271104
106,7.2000000000000002,2310.4942529458026,1.021348258396132,2.1491082973794788,0,0.0043522706793178269,0.00021098575713942924,0.00010289299705675334,0.00014744649230888466,0.00020301127599066854,0.00027555206472528262,0.00035434763599434153
107,7.2000000000000002,2231.9975313389536,1.05726787245362,10.216150932515429,0,0.0042044066543645139,0.00020381772795257085,9.9397310826432393e-05,0.00014243714582645113,0.00019611417179135133,0.00026619046008793907,0.00034230903096460399
108,7.2000000000000002,2194.8506991896897,1.0751616418154011,28.067042635135952,0,0.0041344332847330365,0.00020042561715361465,9.774305486534148e-05,0.00014006658372969948,0.00019285027023261843,0.00026176028836875708,0.00033661202819561291
109,7.2000000000000002,2364.0515473586543,0.99820974035743182,2.1091978014978991,0,0.0043672822425970259,0.00021171347521527391,0.00010324788875584821,0.00014795505496793731,0.00020371148901519542,0.00027650248062565259,0.00035556982835150379
110,7.2000000000000002,2256.7902978094212,1.045652883021986,9.9962842613395502,0,0.0041691308313054568,0.00020210765594988047,9.856334726450636e-05,0.00014124206933498114,0.00019446873418452429,0.0002639570682345789,0.00033943698889053639
111,7.2000000000000002,2213.423070776666,1.0661401846021386,27.887086459841651,0,0.0040890154375686164,0.00019822388854395706,9.6669321460656914e-05,0.0001385279151251851,0.00019073175881984865,0.0002588847821138256,0.00033291425570845063
112,7.2000000000000002,2302.2194040972558,1.0250192822980735,2.0739062876148138,0,0.0041638869173206174,0.00020185344585037471,9.843937473017572e-05,0.00014106441569622461,0.00019422413228641476,0.00026362506422282684,0.00033901004657449073
113,7.2000000000000002,2226.6801554277031,1.0597926583789898,9.8497703108187764,0,0.0040272635838887131,0.00019523033355544706,9.520943218283027e-05,0.00013643588204876339,0.00018785134913625075,0.00025497513309705579,0.00032788662186349597
114,7.2000000000000002,2189.4527548540173,1.0778123784807632,27.775864023203965,0,0.0039599326049478056,0.00019196631837406294,9.361764556649762e-05,0.0001341548390254659,0.00018471070165459254,0.00025071225708722786,0.00032240475389736227
115,7.2000000000000002,2186.2802984275017,1.07937636495091,2.0466618058213855,0,0.0038620405532956009,0.00018722078893493123,9.1303357847584752e-05,0.00013083844611138821,0.000180144535673764,0.0002445144906934366,0.00031443470340155265
116,7.2000000000000002,2164.2203004952671,1.0903784983166636,9.6938754746939981,0,0.0038230718050151599,0.00018533169437567155,9.0382089020905694e-05,0.00012951826047336639,0.00017832684190077205,0.00024204729142215454,0.00031126199544098134
117,7.2000000000000002,2140.7709099895651,1.102322191631411,27.647213668872613,0,0.0037816487097477214,0.00018332362002505947,8.9402796432398257e-05,0.00012811492631798296,0.00017639466533241491,0.00023942470191215561,0.00030788946258052835
118,7.2000000000000002,2119.4802686390649,1.1133952583553544,2.008990401690018,0,0.0036577276241794156,0.00017731627673448383,8.6473150545886464e-05,0.00012391672020066035,0.00017061437739606953,0.00023157897872365732,0.00029780021332274453
119,7.2000000000000002,2108.1197575070964,1.1193952681658901,9.4737032603508595,0,0.0036381220369007578,0.00017636585338517158,8.6009650505839539e-05,0.00012325252091553067,0.00016969987653358857,0.00023033770481106311,0.00029620399056539483
120,7.2000000000000002,2105.7406223830503,1.1206599978158176,27.464712858660839,0,0.0036340162056771115,0.00017616681431493998,8.5912583638648194e-05,0.00012311342331417611,0.00016950836040393336,0.00023007775538363767,0.00029586970722341322
121,7.2000000000000002,2106.8105473429537,1.1200908806236047,1.9963305842164965,0,0.0035594516061218965,0.00017255213369139446,8.4149785391969461e-05,0.00012058731924921562,0.00016603030133665816,0.00022535690255146183,0.00028979890153873637
122,7.2000000000000002,2093.6125995879875,1.127151833985365,9.4083910693247876,0,0.0035371537035443854,0.00017147119452088432,8.3622635728419756e-05,0.00011983190954169841,0.00016499021766822104,0.00022394517209005602,0.00028798347928030008
123,7.2000000000000002,2102.5000567513534,1.1223872616330421,27.412060485108292,0,0.0035521690421159418,0.00017219909561221104,8.3977616680039118e-05,0.00012034060010033648,0.00016569060679092178,0.00022489582701269286,0.00028920597900941147
124,7.2000000000000002,2106.2861932976643,1.1203697241094592,2.0513476344774997,0,0.0034751975519936931,0.00016846773575015893,8.2157916599288677e-05,0.0001177329552495129,0.0001621002785287398,0.00022002258851469306,0.0002829392121712663
125,7.2000000000000002,2085.217403354452,1.1316898072518808,9.5866376560780591,0,0.0034404357957484566,0.00016678258425079331,8.1336106204998282e-05,0.00011655529434500778,0.00016047881952239689,0.00021782174338978616,0.00028010902373490695
126,7.2000000000000002,2097.7813053244749,1.1249119606943307,27.535290021600559,0,0.003461165192118545,0.00016778748668229188,8.1826174465189785e-05,0.00011725756610328204,0.00016144574035928462,0.00021913416818850799,0.00028179674335083901
127,7.2000000000000002,2052.7068465535281,1.1496133923081018,2.1305078941853965,0,0.0032528336129949418,0.00015768816171008316,7.6900961366781686e-05,0.00011019969612177601,0.00015172813251195682,0.00020594422643056907,0.00026483506793937591
128,7.2000000000000002,2073.0217867049873,1.1383475544805235,9.8607344850185985,0,0.0032850257987820141,0.00015924874771052079,7.7662023975589569e-05,0.00011129030496111495,0.00015322973413444289,0.00020798238625913882,0.00026745605035789766
129,7.2000000000000002,2095.3931363166066,1.1261940494033893,27.730226590833205,0,0.0033204766855498523,0.00016096730630604201,7.8500126257507891e-05,0.00011249131227161994,0.00015488333757228504,0.00021022686179041511,0.00027034234554624182
130,7.2000000000000002,1991.9852020537271,1.184657034021892,2.1498268325594667,0,0.0031118934065139832,0.00015085577963488709,7.356896266561256e-05,0.0001054249151850893,0.00014515398920509511,0.00019702098434381472,0.00025336017755160482
131,7.2000000000000002,2074.8936536890419,1.1373205933156352,10.017813978853026,0,0.0032414135775083366,0.00015713455073061204,7.6630977773322042e-05,0.00010981280746098002,0.00015119544597961141,0.0002052211982484011,0.00026390528602188629
132,7.2000000000000002,2119.0468555033485,1.1136229834426794,27.867987146293558,0,0.0033103900224441532,0.00016047833344355915,7.8261665216429021e-05,0.00011214959568190868,0.00015441284607521278,0.00020958825241849081,0.00026952112244457206
133,7.2000000000000002,2090.97633708586,1.1285729252054986,2.1249451357874358,0,0.0031904134609381089,0.00015466220950884429,7.5425272698706366e-05,0.00010808502239205987,0.00014881655011042856,0.00020199226593751849,0.00025975302342756424
134,7.2000000000000002,2120.1288632987735,1.1130546459373003,10.05841204823102,0,0.003234894410052844,0.0001568185199542975,7.6476856688666612e-05,0.00010959195070713555,0.00015089135999759161,0.00020480845506558684,0.00026337451674150064
135,7.2000000000000002,2156.1168165900931,1.0944765437211006,27.933466912443585,0,0.0032898048595762729,0.00015948042304378618,7.7775006812473877e-05,0.00011145221027504521,0.00015345265299711609,0.00020828495936782979,0.00026784514584838866
136,7.2000000000000002,2252.7599070190686,1.0475236504022585,2.1066899482213493,0,0.0033323294065489657,0.00016154189265381766,7.8780339065197375e-05,0.00011289285947867671,0.00015543620668160446,0.00021097728426745422,0.0002713073553022055
137,7.2000000000000002,2191.6070576888192,1.0767529119791384,10.086169855876197,0,0.0032418708372702271,0.00015715671738893372,7.6641787952835439e-05,0.00010982829853516461,0.00015121677482024664,0.00020525014839437974,0.00026394251461532629
138,7.2000000000000002,2191.5400067378987,1.0767858556198808,27.979479907654849,0,0.0032417716541061478,0.00015715190927002048,7.6639443141641094e-05,0.00010982493840186476,0.0001512121484304423,0.0002052438688847486,0.0002639344394466818
139,7.2000000000000002,2303.1229392796886,1.0246171583087575,2.0877015172039854,0,0.0033054226654958972,0.00016023753004599245,7.8144230828378305e-05,0.00011198131125935496,0.00015418114415530264,0.00020927375785595732,0.00026911669649741786
140,7.2000000000000002,2227.3622494462338,1.059468113849539,10.073277377285171,0,0.0031966915608474299,0.00015496655401321061,7.5573694652001099e-05,0.00010829771224482868,0.00014910939151835037,0.00020238974659072918,0.00026026416577722914
141,7.2000000000000002,2210.3697148370493,1.0676129271226626,27.985575860081184,0,0.0031723040181403143,0.00015378431500696446,7.4997143342380351e-05,0.00010747150958117428,0.00014797183677324328,0.00020084571630362972,0.00025827861185774451
142,7.2000000000000002,2233.5675035625741,1.0565247199901144,2.089157856848086,0,0.0031273515760891109,0.00015160514791919363,7.3934412683267646e-05,0.000105948607999555,0.00014587503414029173,0.0001979996758952252,0.00025461873113187175
143,7.2000000000000002,2202.5582674053976,1.0713992524975617,10.136965746589668,0,0.0030839336881520836,0.00014950037166910421,7.2907960758541489e-05,0.00010447769413608677,0.00014384981064654125,0.00019525079156596881,0.00025108378878017858
144,7.2000000000000002,2181.5045750066333,1.0817393226293335,28.047807889741584,0,0.0030544551530280045,0.00014807133576789737,7.2211052167315108e-05,0.0001034790185199068,0.00014247478701616057,0.00019338443907619446,0.00024868374291827213
145,7.2000000000000002,2163.5044558719774,1.0907392748259295,2.0494964061233762,0,0.0029567616239620184,0.00014333543014154038,6.9901457764922397e-05,0.00010016935116614894,0.00013791788110358393,0.00018719924159471538,0.00024072985548177138
146,7.2000000000000002,2172.8032611276772,1.0860713086631368,10.019145587241535,0,0.0029694698716636238,0.00014395149000104776,7.0201896269257962e-05,0.0001005998819591666,0.00013851065617930897,0.00018800382939525322,0.00024176451942215852
147,7.2000000000000002,2179.9451072930233,1.0825131666782222,27.969649181118161,0,0.0029792303029900404,0.00014442464807074167,7.0432644792440123e-05,0.00010093054644870323,0.00013896593062425817,0.00018862178429805468,0.00024255918179994586
148,7.2000000000000002,2241.856747506316,1.0526182299138269,2.0011134215000483,0,0.0029400652774724573,0.0001425260385468718,6.9506735732036745e-05,9.9603711318434928e-05,0.00013713908151712087,0.00018614215827257043,0.00023937049358903963
149,7.2000000000000002,2178.6957327133632,1.0831339346047792,9.8508728871988414,0,0.0028572332648163223,0.00013851057714905804,6.7548485737399804e-05,9.6797523326711367e-05,0.00013327538970629054,0.00018089787688602621,0.0002326265821846241
150,7.2000000000000002,2191.7025686577895,1.0767059887718402,27.849759465698796,0,0.0028742909768099743,0.00013933748671999749,6.7951750892367803e-05,9.7375405537078252e-05,0.00013407104515432335,0.00018197783907258688,0.0002340153652741378
151,7.2000000000000002,2111.7654701141187,1.1174627650072071,2.0110862629609656,0,0.0027101127441268489,0.00013137859094334694,6.4070376856390903e-05,9.1813365327209453e-05,0.0001264129661967622,0.00017158334517914322,0.00022064851083894606
152,7.2000000000000002,2162.712457463861,1.0911387101583292,9.8696414402213648,0,0.0027754950423249272,0.00013454813960087661,6.5616094278799262e-05,9.4028390825097655e-05,0.00012946271763972041,0.00017572284581971194,0.000225971723596016
153,7.2000000000000002,2177.9097394903956,1.0835248304792635,27.858555177260399,0,0.0027949983196912222,0.00013549360325537362,6.607717558750173e-05,9.4689124048757853e-05,0.00013037244626550344,0.00017695764226119493,0.00022755961661510824
154,7.2000000000000002,2197.978792446339,1.0736315060865536,2.0028265799808125,0,0.002726806529777697,0.00013218785839580686,6.446503834792019e-05,9.2378918418672916e-05,0.0001271916463331329,0.00017264026636881828,0.0002220076642365701
155,7.2000000000000002,2197.666993521354,1.0737838299601954,9.7474260085086399,0,0.0027264197128768482,0.00013216910660789814,6.4455893523718494e-05,9.2365813812043783e-05,0.00012717360329344117,0.00017261577611911804,0.00022197617087035327
156,7.2000000000000002,2209.5783770284593,1.0679952817306526,27.744599428527827,0,0.002741196942956358,0.00013288546487384074,6.4805245299632468e-05,9.286643771662285e-05,0.00012786288586685851,0.00017355135585653633,0.0002231792845852474
157,7.2000000000000002,2341.269646872684,1.0079228953540489,1.9687657954650137,0,0.002762301058637165,0.00013390853263633824,6.5304172382212492e-05,9.3581404238627785e-05,0.00012884728545242997,0.00017488750497926485,0.00022489751262119695
158,7.2000000000000002,2268.0593580747341,1.0404574610796891,9.5796681482386159,0,0.0026759253357383382,0.00012972128220155348,6.3262144747250012e-05,9.0655162214528206e-05,0.0001248182975947502,0.0001694188633113617,0.00021786508392553986
159,7.2000000000000002,2270.1218071541512,1.0395121855768445,27.6109023527736,0,0.0026783586758207453,0.00012983924363766178,6.3319671880184784e-05,9.0737599058691076e-05,0.00012493180052493239,0.00016957292355560899,0.00021806319851199442
160,7.2000000000000002,2409.4968923354072,0.97938257932061912,1.9496856461535432,0,0.0028427976356210746,0.00013781077872658935,6.7207209823804323e-05,9.6308472197785579e-05,0.0001326020410755214,0.00017998392467040195,0.00023145128049584479
161,7.2000000000000002,2339.7932906590963,1.0085588717179927,9.5593596804142997,0,0.0027605592087237363,0.00013382409268535944,6.5262992921829351e-05,9.3522393740709054e-05,0.00012876603701924088,0.00017477722453591659,0.00022475569690141338
162,7.2000000000000002,2312.8487159550054,1.0203085333690176,27.609674034260753,0,0.0027287691808945812,0.00013228300216383218,6.4511437818558039e-05,9.2445409233269044e-05,0.00012728319401867933,0.00017276452623394173,0.00022216745686777164
163,7.2000000000000002,2400.6238629029854,0.98300250936722156,2.0148945269048077,0,0.002672246368845224,0.00012954293630520949,6.3175169474433474e-05,9.0530525949075337e-05,0.00012464669251355712,0.00016918593962665822,0.00021756555448044552
164,7.2000000000000002,2363.8285412864843,0.99830391251480743,9.9164380228362976,0,0.002631287780496741,0.00012755737993457001,6.2206858397088037e-05,8.9142928387506867e-05,0.00012273618282882738,0.0001665927590964835,0.00021423084025324466
165,7.2000000000000002,2301.3414551255587,1.0254103214560648,27.901543495931492,0,0.0025617304909631247,0.00012418543952044192,6.0562439077933944e-05,8.6786462277762801e-05,0.00011949168928898965,0.00016218893034595033,0.00020856771336420793
166,7.2000000000000002,2402.1948530261329,0.9823596442677065,2.2325241437983094,0,0.0025128844764192196,0.00012181752306461048,5.9407659607396069e-05,8.5131654009060079e-05,0.00011721327131587517,0.00015909637908871009,0.00020459083070761477
167,7.2000000000000002,2359.3929124796805,1.0001807112323393,10.713543262075801,0,0.0024681102850898579,0.00011964699706703817,5.8349143013158736e-05,8.3614791216299214e-05,0.00011512478317187748,0.00015626162413520057,0.00020094546257219255
168,7.2000000000000002,2295.4563698372372,1.0280392658684225,28.481019118277491,0,0.0024012276401288489,0.00011640471584734209,5.6767955559946471e-05,8.1348936878997987e-05,0.00011200504818855298,0.0001520271331599787,0.00019550009649153851
169,7.2000000000000002,2476.4412651574235,0.95290742990040478,2.4725234689139661,0,0.0025905520545673908,0.00012558262730287585,6.1243816059654581e-05,8.776288097260661e-05,0.0001208360685416756,0.00016401368848829349,0.00021091427075489694
170,7.2000000000000002,2409.0101466247847,0.97958046568909729,11.28662878672343,0,0.0025200138087732192,0.00012216313290725083,5.9576205735834863e-05,8.537318196666088e-05,0.00011754581838493151,0.00015954775318628006,0.00020517127761728485
171,7.2000000000000002,2364.1245087392845,0.99817893370552091,28.814105317809464,0,0.002473059906380764,0.00011988694069016294,5.8466158108597848e-05,8.3782474789168327e-05,0.00011535565781363917,0.00015657499581329921,0.00020134844454016489
172,7.2000000000000002,2453.5888287668508,0.96178269708967035,2.500340616701453,0,0.002389251786932496,0.00011582416039934793,5.6484831756654528e-05,8.094321819183095e-05,0.00011144643558892267,0.00015126891490604898,0.00019452506171502317
173,7.2000000000000002,2469.2578591131078,0.95567956686712852,11.168845102386069,0,0.002404509950124048,0.0001165638329405859,5.6845553379006818e-05,8.146013517779918e-05,0.00011215815124427256,0.00015223494360259285,0.0001957673314300561
174,7.2000000000000002,2432.030333849521,0.97030832569643366,28.668504485684615,0,0.0023682585903948786,0.00011480646968279529,5.5988526938155632e-05,8.0232009395344095e-05,0.00011046720981684991,0.00014993978832423657,0.00019281586435273152
175,7.2000000000000002,2570.3093304703634,0.91810711392026234,2.3944742009899924,0,0.0025029116895197334,0.00012133407059811359,5.917189073898155e-05,8.4793795324428887e-05,0.00011674809156424146,0.00015846497947602576,0.00020377887903399734
176,7.2000000000000002,2584.4495329712818,0.91308390865246947,10.753183646560318,0,0.0025166811131887706,0.00012200157326332944,5.9497416739876674e-05,8.5260276701784918e-05,0.00011739036509791457,0.00015933675271846459,0.00020489994044897638
177,7.2000000000000002,2518.2602788836411,0.93708315263050901,28.358709445570323,0,0.0024522274477047673,0.00011887704208994078,5.7973653329559102e-05,8.3076711479790016e-05,0.00011438392964472395,0.00015525604590773526,0.00019965233392855509
178,7.2000000000000002,2646.2980077463371,0.89174358835351153,2.3442719350277299,0,0.0024325501807320256,0.00011792314391205233,5.7508458693956013e-05,8.2410083825599408e-05,0.00011346608528933301,0.00015401023379217553,0.00019805027524508333
179,7.2000000000000002,2751.8523577402857,0.85753847754327184,10.435019952277489,0,0.0025295786531123908,0.00012262680947369481,5.980233034364371e-05,8.5697220348279272e-05,0.00011799196969238,0.00016015332503615585,0.00020595001594262509
180,7.2000000000000002,2662.9342719704055,0.88617256014146684,28.090748017249759,0,0.0024478426940568675,0.0001186644816504745,5.7869992395432952e-05,8.2928164527484481e-05,0.00011417940320357336,0.00015497843727306737,0.00019929534163555865
181,7.2000000000000002,2938.9386573389802,0.80294948497398444,2.361929185448985,0,0.0025960697278738652,0.00012585010847902296,6.1374260598865131e-05,8.794980904640773e-05,0.00012109343991882133,0.00016436302481962593,0.0002113635016590384
182,7.2000000000000002,3005.9245874575772,0.78505604935232665,10.044566177063862,0,0.0026552407979947433,0.00012871855438923013,6.2773136999803202e-05,8.9954410179546361e-05,0.00012385346918447713,0.00016810927861337391,0.00021618101655217803
183,7.2000000000000002,2934.1137400347739,0.80426987171005171,27.682636991614874,0,0.0025918077056905626,0.00012564349771339151,6.1273501186532089e-05,8.7805419998167488e-05,0.00012089463827584346,0.00016409318659056201,0.00021101650176025326
184,7.2000000000000002,3492.546736294416,0.67567292851297112,2.4760159699740898,0,0.0029671378998924933,0.00014383844261360058,7.0146765607067397e-05,0.00010052087927685401,0.00013840188156492638,0.00018785618700723045,0.00024157465791188243
185,7.2000000000000002,3305.3507199648625,0.71393914933951508,9.701297537416135,0,0.0028081031219213816,0.00013612888695540442,6.6386989125456696e-05,9.5133089340351698e-05,0.00013098371859169224,0.00017778733682258718,0.00022862656672749377
186,7.2000000000000002,3264.4354891521784,0.7228873994055699,27.225281567442046,0,0.0027733430625167168,0.00013444381771406436,6.5565218846550839e-05,9.3955485921515256e-05,0.00012936233873432583,0.00017558659912848078,0.00022579651644234091
187,7.2000000000000002,3793.5724786025808,0.62205725463026929,2.6715737541633526,0,0.0030697694408099011,0.00014881372907033348,7.257310064356382e-05,0.00010399783689817996,0.00014318912059799985,0.00019435402114703209,0.00024993058211378435
188,7.2000000000000002,3468.8779076306851,0.68028317632322566,9.6737079294760129,0,0.0028070256874775357,0.00013607665598480253,6.6361517258647885e-05,9.5096587950354797e-05,0.00013093346175856814,0.00017771912201990529,0.00022853884554095775
189,7.2000000000000002,3474.8558249167377,0.67911286113201885,27.002134175312658,0,0.0028118630348349192,0.00013631115688558381,6.6475878061106927e-05,9.5260467900036065e-05,0.00013115909939275739,0.00017802538538225877,0.00022893268653267681
190,7.2000000000000002,4230.4254508759241,0.5578207933653242,2.8092805730128978,0,0.0030745323477851514,0.00014904462131220004,7.2685701584427828e-05,0.00010415919495204168,0.00014341128596723234,0.0001946555715210383,0.00025031836241319475
191,7.2000000000000002,3839.434688196754,0.61462675443732862,9.6933293524610562,0,0.0027903732811613924,0.00013526939448530508,6.5967834025153926e-05,9.453243671052371e-05,0.00013015671175755828,0.00017666482064916038,0.00022718306111335236
192,7.2000000000000002,3737.6745961652591,0.63136028045394066,26.884048779448158,0,0.0027164174348056447,0.00013168422449291378,6.4219427447968246e-05,9.2026956023693129e-05,0.00012670704792874433,0.00017198250935389274,0.00022116181812204387
193,7.2000000000000002,4547.0617851520155,0.51897673547921119,2.912304529185926,0,0.0031383552794011574,0.0001521385762938722,7.4194553675389311e-05,0.00010632139213347363,0.000146388300895647,0.00019869634514920048,0.00025551461664614721
194,7.2000000000000002,4095.4895106471031,0.57619956665634497,9.807878541249293,0,0.0028266827535622981,0.00013702957488084957,6.6826234320574934e-05,9.5762531237626733e-05,0.00013185036384534874,0.00017896365517172354,0.0002301392595342372
195,7.2000000000000002,3877.2465061485873,0.60863277006974814,26.895574012063371,0,0.0026760527164695893,0.00012972745725866924,6.3265156183387944e-05,9.0659477626733602e-05,0.00012482423925754953,0.00016942692807251484,0.00021787545484782753
196,7.2000000000000002,4989.5541140655232,0.47295193665264618,3.0675276764751835,0,0.0032419896540121706,0.00015716247728810059,7.6644596925801479e-05,0.00010983232381601637,0.00015122231701653182,0.00020525767095007049,0.00026395218828563
197,7.2000000000000002,4103.6296832233747,0.57505658732511278,10.1532978604966,0,0.0026663554844317122,0.00012925736291150678,6.3035901768612347e-05,9.0330954206560105e-05,0.00012437191273775329,0.00016881297445909296,0.0002170859379492947
198,7.2000000000000002,4026.712927999271,0.58604110188033121,27.085770184021417,0,0.0026163784085335325,0.00012683461580432435,6.1854382625574461e-05,8.8637827772108534e-05,0.00012204073650908127,0.00016564881315862118,0.00021301696797861139
199,7.2000000000000002,5252.8119400889045,0.44924876584112533,3.2494648662790979,0,0.0021470060562508633,0.00010408077340263899,5.0757846674480575e-05,7.2736402509262252e-05,0.0001001469051799642,0.0001359317917860616,0.00017480220706706437
200,7.2000000000000002,4212.0323205277818,0.56025668886243829,10.791984419921405,0,0.0017216034010813005,8.3458457397205763e-05,4.0700808091311036e-05,5.8324585334906398e-05,8.0304036434188588e-05,0.00010899859102522024,0.00014016731500454273
201,7.2000000000000002,4215.1075984339768,0.55984793416832401,27.542519553642308,0,0.0017228603736066,8.3519391865554448e-05,4.0730524457749518e-05,5.83671691270094e-05,8.0362667805040339e-05,0.00010907817278843527,0.00014026965359413603
202,7.2000000000000002,4542.8877463262743,0.51945357513814805,3.4679802006832907,0,0.0011573426531863143,5.6104694295011887e-05,2.7360994520363671e-05,3.92085252010399e-05,5.3984144391176963e-05,7.3273971491614844e-05,9.4227051442551517e-05
203,7.2000000000000002,3952.9781472134296,0.59697250867525631,11.998735387811264,0,0.0010070577289925697,4.881930676883237e-05,2.3808075273814173e-05,3.4117163346048959e-05,4.6974117563637131e-05,6.3759094267765398e-05,8.1991344719000708e-05
204,7.2000000000000002,3711.5279593282044,0.63580803031525612,28.530755187127973,0,0.00094554606137863895,4.5837395320606859e-05,2.235386428807921e-05,3.2033267307862826e-05,4.4104911337572332e-05,5.9864651972101342e-05,7.6983266037533574e-05
205,7.2000000000000002,4078.0527391020496,0.57866325725843315,3.7640790094219532,0,0.00097042130985845266,4.7043276921557181e-05,2.2941945558111948e-05,3.2875992497518381e-05,4.5265215074761645e-05,6.1439560010734975e-05,7.9008527365024222e-05
206,7.2000000000000002,3687.2090200704074,0.64000149393087746,13.330941125491451,0,0.00087741538324649074,4.2534612987136016e-05,2.0743171805684132e-05,2.9725132026445668e-05,4.0926961958770176e-05,5.5551145204321525e-05,7.1436289180248105e-05
207,7.2000000000000002,3239.0203979103785,0.72855956165107238,29.566862116069498,0,0.00077076355267797331,3.7364434273359024e-05,1.8221792209297488e-05,2.6111974786392258e-05,3.5952196875030266e-05,4.8798777466823115e-05,6.27530461512675e-05
208,7.2000000000000002,3196.5275128620183,0.73824463321061728,3.9934241665296657,0,0.0005458795727316351,2.6462695784763164e-05,1.2905260129459945e-05,1.8493341557278311e-05,2.5462503773974835e-05,3.4560865911293374e-05,4.4443728432206435e-05
209,7.2000000000000002,2998.0740645103292,0.78711173590232597,14.10204805113546,0,0.00051198914533583128,2.4819783840462109e-05,1.2104049013878522e-05,1.7345199584834761e-05,2.3881687823766141e-05,3.2415186579418792e-05,4.1684480739362282e-05
210,7.2000000000000002,2905.4502696831255,0.81220432712408264,30.108623884605795,0,0.00049617153158415539,2.4052990720402888e-05,1.1730101296671939e-05,1.6809329498568219e-05,2.3143876647150954e-05,3.1413737807169064e-05,4.0396662390514445e-05
211,7.2000000000000002,2587.2851493461148,0.91208318568089231,4.1147352049079196,0,0.00031009597011390504,1.5032574456196942e-05,7.3310476510257277e-06,1.0505450244556609e-05,1.446439874972466e-05,1.9632874681698128e-05,2.5246999104030233e-05
212,7.2000000000000002,2514.841941061853,0.93835689740567563,14.465103110415477,0,0.00030141337594497502,1.4611666879521765e-05,7.1257805152949303e-06,1.021130078817423e-05,1.4059399922441267e-05,1.9083160078286703e-05,2.4540090700405657e-05
213,7.2000000000000002,2501.7745936977899,0.94325815252304446,30.350367905507554,0,0.00029984720464039394,1.4535743329987644e-05,7.0887543118930113e-06,1.0158241940912574e-05,1.3986346002225805e-05,1.8984002243563415e-05,2.4412578158049843e-05
214,7.2000000000000002,2082.2149609158801,1.1333216433343083,4.1575376683469143,0,0.0002182918590448767,1.0582171135820934e-05,5.1606862865749414e-06,7.3953049539642655e-06,1.0182204212083058e-05,1.3820549525647644e-05,1.7772608807843282e-05
215,7.2000000000000002,2122.6670484905335,1.1117237076622908,14.64089698880297,0,0.00022253270908421805,1.0787755535871498e-05,5.2609451635537227e-06,7.5389767310162594e-06,1.038001828230231e-05,1.4089047298565104e-05,1.8117884939952476e-05
216,7.2000000000000002,2122.6538322786037,1.1117306295521932,30.483359320456056,0,0.00022253132354452794,1.0787688368831094e-05,5.2609124077024068e-06,7.5389297916178818e-06,1.0379953653927572e-05,1.4088959576924955e-05,1.8117772133845058e-05
217,7.2000000000000002,1735.8935764833432,1.359426242051718,4.1800131991216514,1,0.00053449975244631188,2.5911034324362939e-05,1.2636227272499019e-05,1.8107815309531379e-05,2.4931693076091021e-05,3.3840383844145164e-05,4.3517220704801762e-05
218,7.2000000000000002,1783.2582095291862,1.323318893848527,15.1097179599178,1,0.00054908381738017745,2.661802849107789e-05,1.2981012388334446e-05,1.8601895153490104e-05,2.5611965478592161e-05,3.476373386088726e-05,4.4704607545666456e-05
219,7.2000000000000002,1784.0596870357624,1.3227244012229977,30.929704760796149,1,0.00054933060067073147,2.6629991846127089e-05,1.2986846646876612e-05,1.8610255692903597e-05,2.5623476663074925e-05,3.4779358267148343e-05,4.4724699833590154e-05
220,7.2999999999999998,3253.3820888465461,1.0245748093225451,8.5338146375594768,1,0.022840210696531041,0.00089144406639132454,0.00043778767140158502,0.00061665780573000263,0.00088522541785895448,0.0011589578630232745,0.0014771138091652103
221,7.2999999999999998,3310.9269879387648,1.0067673933844485,21.712471182455857,1,0.023244201861381542,0.0009072116760498114,0.00044553113549115122,0.00062756507399302499,0.00090088303382702549,0.0011794571807973672,0.0015032405790234254
222,7.2999999999999998,2192.7435247711778,1.5201656261560188,2.7319171831012108,0,0.0045976465887292471,0.00017944426281100317,8.812497488532012e-05,0.00012413084513963849,0.00017819247277319497,0.00023329376143711242,0.00029733733003193109
223,7.2999999999999998,2050.1957354281585,1.6258610218195615,11.725187085907489,0,0.0042987587571155523,0.00016777879319039828,8.2396069423327074e-05,0.00011606123856502434,0.00016660838061447535,0.00021812759650049565,0.0002780077647606664
224,7.2999999999999998,4293.7980325924109,0.77631348937034417,28.83362262828124,0,0.0068899346836473275,0.00026891132805942288,0.00013206219948404846,0.00018601982530250022,0.00026703542232554551,0.0003496090330962939,0.00044558335300328518
225,7.2999999999999998,3119.381143452189,1.0685880243683095,2.4349657529081359,0,0.0067934813039850833,0.00026514679216587452,0.00013021343805876264,0.00018341570180083758,0.00026329714755873759,0.00034471479616214406,0.00043934555507170155
226,7.2999999999999998,2500.9751947210261,1.332813432284023,11.108941106664336,0,0.0054466983820594343,0.00021258240646823587,0.0001043990982916255,0.00014705420704652481,0.00021109944716677018,0.00027637634351432083,0.00035224689918117647
227,7.2999999999999998,2263.7912823015276,1.472456122343768,28.673975353756198,0,0.0024650760912499504,9.6210909958095936e-05,4.7249122880461958e-05,6.6554045126149359e-05,9.5539749695140909e-05,0.00012508287935096484,0.00015942050550266267
228,7.2999999999999998,3416.1348357944439,0.97576164102379326,2.2558274321964351,0,0.015433901740649038,0.00060237886203291238,0.00029582791478827413,0.00041669650546116054,0.00059817671119974131,0.00078314696905009329,0.00099813568680757222
229,7.2999999999999998,2767.702996544655,1.2043681484230211,10.80341084586078,0,0.012504323789677385,0.00048803863478530748,0.00023967549455074553,0.00033760147718125266,0.00048463411300500852,0.00063449433853237746,0.00080867508576927354
230,7.2999999999999998,2344.6405634178686,1.4216820204092224,28.547583413664348,0,0.010592951921499867,0.00041343857381420033,0.00020303944725372905,0.00028599677012207397,0.00041055445659674808,0.00053750751624696553,0.00068506353864095744
231,7.2999999999999998,2799.5243783217561,1.1906784449334149,2.2507355685057409,0,0.012211646125825997,0.00047661554546830649,0.00023406562191729318,0.00032969953755491673,0.00047329071032264279,0.00061964328989895273,0.00078974714221160928
232,7.2999999999999998,2449.7427497752692,1.3606870899563319,10.809704693644019,0,0.010685883570514575,0.00041706565800334505,0.00020482070622555794,0.00028850581119554291,0.00041415623851217767,0.00054222305354127221,0.00069107358048741763
233,7.2999999999999998,4197.4303413723137,0.79413666511104719,28.56657989018359,0,0.013428535723775975,0.00052411024794539831,0.00025739024315295646,0.00036255407113421816,0.00052045409323298931,0.00068139069611660016,0.00086844538423940345
234,7.2999999999999998,2654.790984341962,1.2555916277377146,2.280244066198803,0,0.011065797488215384,0.00043189354256945831,0.00021210267185946304,0.00029876302317876036,0.00042888068484130934,0.00056150064375449225,0.00071564323536433823
235,7.2999999999999998,2328.1866192016355,1.4317294437833232,10.854434721427708,0,0.0097044331530468896,0.00037876005028661164,0.00018600884417366588,0.00026200784806771856,0.00037611784791000027,0.00049242230110493825,0.00062760157561345814
236,7.2999999999999998,4109.8197346667112,0.81106558159141551,28.672043863991366,0,0.0084793928227173444,0.00033094722806390766,0.00016252799451278889,0.00022893325466449268,0.00032863856443409318,0.0004302613104634776,0.00054837621238207118
237,7.2999999999999998,2479.9043113925804,1.3441378838772666,2.3467961921554443,0,0.010125966269413379,0.0003952123151262448,0.00019408854203130285,0.00027338872760665251,0.0003924553429548068,0.00051381173249980048,0.00065486281218777556
238,7.2999999999999998,2237.1056344808212,1.4900205345497333,11.116693264909275,0,0.0091345686572667766,0.00035651847247632369,0.00017508601802566082,0.00024662220236592252,0.00035403142571790774,0.00046350623955816522,0.00059074750595298781
239,7.2999999999999998,4032.9486261682505,0.82652511656226346,28.883963454462858,0,0.0080141167211078869,0.00031278769243070823,0.00015360985694441048,0.00021637136792495074,0.00031060570839176374,0.00040665227271852389,0.00051828604535632359
240,7.2999999999999998,2414.1822161912482,1.3807298019915788,2.4109455672596889,0,0.0093304516337313955,0.00036416370479911385,0.00017884058724890715,0.00025191080359869837,0.0003616233254598258,0.00047344573262249817,0.00060341557864989237
241,7.2999999999999998,2198.9188163988142,1.5158964980764311,11.408975403431578,0,0.0084984909280293123,0.00033169261929019158,0.00016289405571790632,0.00022944888019316032,0.00032937875586576279,0.00043123038643279489,0.00054961131811117399
242,7.2999999999999998,4171.3583042757009,0.79910021872650439,29.041903249740713,0,0.0079769012609947031,0.00031133518826878472,0.00015289653298082884,0.00021536659593411644,0.00030916333679251618,0.00040476388601766244,0.0005158792606388792
243,7.2999999999999998,2391.3575338196647,1.3939083914436963,2.4130344970235686,0,0.0090564103233051543,0.00035346798472142305,0.00017358792523307188,0.0002445120227637875,0.00035100221794221744,0.00045954032974633596,0.00058569287857104379
244,7.2999999999999998,2253.6202929981,1.4791015787752066,11.498811160333107,0,0.0085347798468755048,0.0003331089609260464,0.00016358962028560837,0.00023042863670089716,0.00033078521720607561,0.00043307175858107354,0.00055195818188837748
245,7.2999999999999998,2160.2794075871675,1.5430102798861371,29.085776663309538,0,0.0040906423341988104,0.00015965609446433554,7.840701672238217e-05,0.00011044234921249717,0.00015854234523995209,0.00020756735395421002,0.00026454853505876718
246,7.2999999999999998,2291.655222214451,1.4545527184985085,2.3395987182843272,0,0.0082386935840109161,0.00032155283538598268,0.00015791441363906139,0.00022243466906238476,0.00031930970635159781,0.00041804775083265951,0.00053280979865354908
247,7.2999999999999998,2244.7982509861208,1.4849144380208905,11.339802401866859,0,0.0080702388249865673,0.0003149781151531941,0.00015468557229124556,0.00021788659621643205,0.00031278085088572827,0.0004095000202478181,0.00052191555367128825
248,7.2999999999999998,2188.2507216330855,1.5232867515499664,29.000203683582534,0,0.0078669456931242891,0.00030704366750099882,0.00015078896958506128,0.00021239792983415511,0.00030490175335936556,0.00039918452111338158,0.00050876825409634069
249,7.2999999999999998,2207.6718850852149,1.5098862090208973,2.2795703634487903,0,0.0077220077897591274,0.00030138680051028859,0.00014801088543972985,0.00020848478338188344,0.00029928434825856622,0.00039183008270705488,0.00049939488266047001
250,7.2999999999999998,2247.5200085037245,1.48311619950938,11.167629419340001,0,0.0078613887917657436,0.00030682678391750589,0.00015068245818119165,0.00021224790028127804,0.0003046863827398701,0.00039890255285095617,0.00050840888019029686
251,7.2999999999999998,2286.0062991225477,1.4581470464944859,28.888059055891212,0,0.0079960063669431442,0.0003120808527270422,0.00015326272837001232,0.00021588241047142254,0.00030990379955011312,0.00040573331721324246,0.0005171148191106009
252,7.2999999999999998,2390.0686336589811,1.3946600889993268,2.2334699052181763,0,0.0080951617100141742,0.00031595084514550491,0.00015516327943439827,0.00021855948368659534,0.00031374679518483953,0.00041076465716188815,0.00052352735743823448
253,7.2999999999999998,2323.0662607025911,1.4348851729804712,10.961879966821501,0,0.0078682246938974864,0.0003070935863772003,0.00015081348471662721,0.00021243246129364144,0.00030495132400514197,0.00039924942016455952,0.00050885096916973137
254,7.2999999999999998,2352.7237222118456,1.4167976043526249,28.728410061603324,0,0.007968674506695703,0.0003110141014188015,0.00015273884741235467,0.00021514448361117399,0.00030884448982088726,0.00040434644408997327,0.0005153472229733288
255,7.2999999999999998,2508.1465244751776,1.329002632344545,2.1930041491189396,0,0.0082110853519206869,0.00032047529739794093,0.00015738523534911982,0.00022168928049977264,0.00031823968518965941,0.00041664685405065204,0.00053102432909685584
256,7.2999999999999998,2434.9724058551988,1.368940906811885,10.724496886453966,0,0.0079715303946336757,0.0003111255655550308,0.00015279358738593728,0.00021522158909906288,0.00030895517639146407,0.00040449135754220026,0.00051553191792061534
257,7.2999999999999998,2424.7594044656898,1.3747068377977292,28.531492737335029,0,0.0079380954157398115,0.00030982061202632359,0.00015215272545397929,0.00021431888548598059,0.00030765932612301965,0.00040279480000147028,0.00051336962311127824
258,7.2999999999999998,2563.8949544859265,1.3001052665988349,2.2265405538041332,0,0.0080738080305026716,0.00031511741978226858,0.00015475398471494911,0.0002179829604081203,0.0003129191837359107,0.00040968112885721739,0.00052214638003386584
259,7.2999999999999998,2466.6868984301623,1.3513402675689072,10.793366307168464,0,0.0077676959636883165,0.00030316999122138025,0.00014888660937856761,0.00020971830830235466,0.00030105509956182899,0.00039414839181225287,0.00050234961164800061
260,7.2999999999999998,2406.6300881982311,1.3850626025493167,28.566825753364327,0,0.0075785746598343671,0.00029578866421048718,0.00014526164390312973,0.00020461226397549184,0.00029372526414767628,0.00038455199950751648,0.00049011882738590848
261,7.2999999999999998,2598.7262239748729,1.2826796846013446,2.2917988701204752,0,0.0075095281119019188,0.00029309380573142182,0.00014393820044460439,0.00020274809147257701,0.00029104920480403358,0.0003810484398992385,0.00048565347412006949
262,7.2999999999999998,2536.8043344587786,1.3139891350920814,11.032826587764969,0,0.0073305926912434292,0.00028611002956873202,0.0001405084719634551,0.00019791705355717818,0.00028411414695247723,0.00037196889963137967,0.0004740814275958409
263,7.2999999999999998,2432.1041861627982,1.3705553209019514,28.741027717644492,0,0.0070280411182091765,0.000274301565621431,0.00013470934206936575,0.00018974853043686392,0.00027238805798501391,0.00035661682914494745,0.00045451492217032718
264,7.2999999999999998,2445.3322258893118,1.3631412934580192,2.3109552562268765,0,0.0067858530155191802,0.00026484906319217979,0.00013006722352998097,0.0001832097473247883,0.00026300149552056253,0.00034432772158492437,0.00043885222117110876
265,7.2999999999999998,2454.0174404230552,1.3583168882282639,11.113599656497279,0,0.0068099546850634079,0.00026578974148060684,0.00013052919009967908,0.00018386046297943112,0.00026393561170612941,0.00034555068838682494,0.00044041091558863103
266,7.2999999999999998,2446.0361612431666,1.3627490002597549,28.802644400270403,0,0.0067878064522723189,0.00026492530502837794,0.00013010466585215347,0.0001832624877323891,0.00026307720549929403,0.00034442684286340331,0.00043897855312319668
267,7.2999999999999998,2441.3852934387623,1.3653450531924178,2.2910275707400665,0,0.0065050431535297552,0.00025388916931989343,0.00012468482591463753,0.00017562822386064426,0.00025211805706540596,0.00033007886889738967,0.00042069178778432942
268,7.2999999999999998,2420.9488672853749,1.3768706057270101,11.061863417702476,0,0.0064505905300995302,0.00025176390573536405,0.000123641110183204,0.000174158069503188,0.00025000761916402274,0.00032731583413710662,0.00041717024750246705
269,7.2999999999999998,2418.8822841579999,1.3780469414176757,28.770835846962409,0,0.006445084143024922,0.00025154899370367868,0.0001235355670073,0.00017400940377430995,0.0002497942063429338,0.00032703642907023757,0.00041681414043784402
270,7.2999999999999998,2465.2296076486473,1.3521390960871547,2.2521868337441204,0,0.0062934942985378196,0.00024563250417612215,0.00012062998238253923,0.00016991666303236197,0.00024391898981309458,0.0003193444578989959,0.0004070105770821385
271,7.2999999999999998,2431.9193387970672,1.370659495220818,10.952367574801569,0,0.0062084563830228671,0.00024231350917159686,0.0001190000258331546,0.00016762074312680399,0.00024062314787469199,0.00031502946439255982,0.00040151103590107406
272,7.2999999999999998,2435.8410401031806,1.3684527349913342,28.700180741057448,0,0.0062184681096117481,0.00024270426275879324,0.00011919192469644842,0.00016789104752249878,0.00024101117559347649,0.00031553747937573096,0.00040215851064614148
273,7.2999999999999998,2457.8217819271804,1.356214416294929,2.2317605417935127,0,0.0059500392693312542,0.0002322275950915946,0.0001140468391941823,0.00016064379652988166,0.00023060759239278454,0.0003019168644331312,0.00038479877819775645
274,7.2999999999999998,2389.3428560572988,1.395083725587098,10.919986190214578,0,0.0057842614651619304,0.00022575735531011256,0.00011086930813627577,0.0001561679981970178,0.00022418248853024365,0.00029350496787886911,0.00037407765626744149
275,7.2999999999999998,2416.9313590403763,1.3791592884362289,28.688225648421064,0,0.0058510493329147588,0.00022836405842709519,0.00011214945854687721,0.00015797118909245466,0.00022677100747715446,0.00029689391754816679,0.00037839693698919882
276,7.2999999999999998,2356.5526242441897,1.4144956064379948,2.2375135480213526,0,0.0051448774910014964,0.00020080246073912728,9.8613973678187745e-05,0.00013890541144756258,0.00019940167747649741,0.00026106134928927127,0.00033272764815500536
277,7.2999999999999998,2338.6076460675908,1.4253495403294312,10.96152065679024,0,0.0051056996201797452,0.00019927336449120165,9.786303538495512e-05,0.00013784765676328622,0.00019788324809203134,0.00025907338595352697,0.00033019395112508744
278,7.2999999999999998,2409.4395017623983,1.3834476154703812,28.724007108768888,0,0.0052603412845588556,0.00020530896529888485,0.00010082711549129487,0.00014202279291669051,0.00020387674499042875,0.00026692021255527966,0.00034019488066823602
279,7.2999999999999998,2144.3486984383121,1.5544735498293427,2.2643988320003645,0,0.0044480063428881502,0.00017360386531989572,8.5256759016160712e-05,0.00012009074118108421,0.00017239281746733037,0.00022570071679113571,0.00028765985041164318
280,7.2999999999999998,2221.7570731883088,1.5003140413321017,10.970289630174566,0,0.0046085739511933692,0.00017987075329129582,8.8334424116384155e-05,0.00012442587058616669,0.0001786159880871263,0.0002338482376115298,0.00029804402044770556
281,7.2999999999999998,2399.7423157980288,1.3890380277037542,28.705890798174202,0,0.0049777673984368548,0.00019428022228738304,9.5410906103041024e-05,0.00013439364295446805,0.00019292493768261054,0.00025258184976356186,0.0003219203649535593
282,7.2999999999999998,4123.6508628638639,0.80834518832623536,2.904013068491647,0,0.0059214142382404611,0.00023111037185511937,0.00011349817150142149,0.00015987095563555127,0.00022949816282379979,0.00030046437324105131,0.00038294755058546407
283,7.2999999999999998,2133.0260084124998,1.5627251239257791,11.387934237275902,0,0.0041871839515001093,0.0001634240742367873,8.025746943462873e-05,0.00011304885502269474,0.00016228403986141639,0.00021246606824222304,0.00027079203946289032
284,7.2999999999999998,2360.5772463613125,1.4120839885546919,28.917978727359404,0,0.0046338727813247261,0.00018085815626699015,8.8819337153288542e-05,0.0001251089081151816,0.00017959650301196343,0.00023513195073027434,0.00029968013719983464
285,7.2999999999999998,4097.9998559036758,0.81340494156710486,3.9271521744179156,0,0.0043150765392479156,0.0001684156695420149,8.2708839035529065e-05,0.00011650179876203038,0.00016724081416329749,0.00021895559332419726,0.00027906306243908599
286,7.2999999999999998,2199.7051502287263,1.5153546069511779,13.195172322021875,0,0.0041025561111560534,0.00016012108429818401,7.8635372963968921e-05,0.00011076400664613573,0.00015900409133876787,0.00020817188276816705,0.00026531901851431299
287,7.2999999999999998,2297.1697819237042,1.4510609357493469,29.85710169495508,0,0.0042843323461847467,0.0001672157362819284,8.2119552497454801e-05,0.00011567174308149533,0.00016604925154976987,0.00021739557162534854,0.00027707478515352898
288,7.2999999999999998,4146.6121687085852,0.8038690858256613,4.8683608966847549,0,0.0048236811586902066,0.00018826629947556051,9.2457472048075988e-05,0.00013023350258808402,0.00018695296755596199,0.00024476320651587981,0.00031195535563047612
289,7.2999999999999998,2155.2034360514481,1.546644403760018,15.700998836240416,0,0.0050520325606218082,0.00019717876114278078,9.6834376877947214e-05,0.00013639871167137404,0.00019580325654319455,0.00025635021227153219,0.00032672321454460746
290,7.2999999999999998,2186.8552455536901,1.5242587912989032,31.184765114471382,0,0.0051262278637347657,0.0002000745734272181,9.825650863541344e-05,0.00013840189427861933,0.00019867886785317757,0.00026011502999080205,0.00033152154623512873
291,7.2999999999999998,2085.9445305507329,1.5979971109074811,5.2204880716004745,0,0.0024084660030234371,9.4001441406429755e-05,4.6164054137804192e-05,6.5025641853002437e-05,9.3345694234305834e-05,0.00012221037052220332,0.00015575943844122161
292,7.2999999999999998,2115.4362028381684,1.5757191490157807,17.259329198194315,0,0.0048850351497655075,0.00019066092061195006,9.3633469119247019e-05,0.00013188998544684413,0.00018933088399064694,0.00024787643044053387,0.00031592321865367017
293,7.2999999999999998,2113.1769604448796,1.5774037838419261,32.038841126593844,0,0.0048798180326110182,0.00019045729866673988,9.3533470498356882e-05,0.00013174912965267178,0.00018912868249721662,0.00024761170350658194,0.00031558581914824002
294,7.2999999999999998,2248.1601433690462,1.4826939011284441,5.1508465762993172,0,0.0051149079977848063,0.00019963276369667262,9.8039536129307644e-05,0.00013809627171713747,0.00019824014015496145,0.00025954063740636467,0.00033078947197650015
295,7.2999999999999998,2173.1639479780042,1.5338618774873363,17.118967747942502,0,0.0049442801887559437,0.00019297323021245509,9.4769043042199416e-05,0.00013348952917389826,0.00019162706308869457,0.00025088264192848282,0.00031975469229373579
296,7.2999999999999998,2113.6901960179453,1.5770207666256466,31.968121171643183,0,0.0048089683114165907,0.00018769206307397694,9.2175464879526453e-05,0.00012983627367297744,0.0001863827369854682,0.00024401664728918197,0.00031100385171622822
297,7.2999999999999998,2355.3926951014091,1.4151921844139965,4.1367939868368575,0,0.0052242985406503271,0.00020390223176999493,0.00010013626945943078,0.00014104968283174294,0.00020247982473163025,0.00026509133181452243,0.00033786393742717483
298,7.2999999999999998,2310.0600101405107,1.4429639570837736,15.024651919236303,0,0.0051237499228433993,0.00019997786040938187,9.8209012927641062e-05,0.00013833499289959525,0.00019858282949827209,0.00025998929432582448,0.00033136129374194625
299,7.2999999999999998,2286.6249627874777,1.45775253379106,30.887857932399449,0,0.0050717706142800563,0.00019794912929084829,9.7212704235074285e-05,0.00013693161502414939,0.00019656825065947033,0.00025735176049680649,0.00032799970678069136
300,7.2999999999999998,2215.7388775049053,1.5043890627973846,2.8195644995049713,0,0.0048539348841622433,0.0001894470899864981,9.3037357592986374e-05,0.00013105031624241592,0.00018812552095875707,0.00024629834091054149,0.00031391191357414808
301,7.2999999999999998,2316.8526223534509,1.4387334356845474,12.262928834759187,0,0.0050754409191790199,0.00019809237978741771,9.7283054472048898e-05,0.00013703070877575381,0.000196710501851065,0.00025753799909061212,0.0003282370714058316
302,7.2999999999999998,2433.6997489759742,1.3696567683568597,29.443364335254216,0,0.0053314134752348412,0.00020808288378437249,0.00010218938527377875,0.00014394165530079865,0.00020663131282367805,0.00027052655731805953,0.00034479123556574432
303,7.2999999999999998,2189.2797118588715,1.5225707867648717,2.1926275136260704,0,0.0047353535274626121,0.00018481890821448957,9.0764460170500812e-05,0.00012784876437433321,0.00018352962504389775,0.00024028128627032847,0.00030624306314987535
304,7.2999999999999998,2258.6605030261767,1.4758009576327646,10.850840500516183,0,0.0048854223251647046,0.00019067603190916409,9.3640890268670312e-05,0.00013190043870996301,0.00018934588987255813,0.00024789607649280677,0.00031594825792044057
305,7.2999999999999998,2417.1868417339474,1.3790135192620014,28.658212986890113,0,0.0052283105605643691,0.00020405881926361031,0.00010021316948803043,0.00014115800247159257,0.00020263531988235606,0.00026529490971000531,0.00033812340132163783
306,7.2999999999999998,2349.9555795804708,1.4184665286006899,2.1128897115298884,0,0.0050083298033228949,0.00019547306042939051,9.5996708232682672e-05,0.00013521879057614564,0.00019410945467308332,0.00025413264716758738,0.00032389688570016187
307,7.2999999999999998,2310.2879408137501,1.4428215957181669,10.434425156759028,0,0.0049237883680765815,0.00019217344284635401,9.4376267923913868e-05,0.00013293627503174329,0.00019083285498069607,0.00024984284606059199,0.00031842945271067804
308,7.2999999999999998,2388.6205299711819,1.3955056031330138,28.321535445229138,0,0.0050907342645256769,0.00019868927279097576,9.7576188284876218e-05,0.00013744361043016687,0.00019730323097273689,0.00025831401394778379,0.00032922611708058585
309,7.2999999999999998,2374.7562385172505,1.403652837823304,2.1027101037642559,0,0.004879008546341098,0.00019042570474925226,9.3517954743539713e-05,0.00013172727451159582,0.00018909730897658398,0.00024757062855810624,0.00031553346834624807
310,7.2999999999999998,2312.702047407673,1.4413155110359741,10.203824528046399,0,0.0047515163330986362,0.00018544973589694429,9.1074259284735178e-05,0.0001282851403951317,0.00018415605211863115,0.00024110141927738659,0.00030728833824462086
311,7.2999999999999998,2290.7241101293171,1.4551439514665772,28.101114424282141,0,0.0047063619959616994,0.00018368738061715393,9.0208767614298704e-05,0.00012706602841634925,0.00018240599090022655,0.00023881019811617353,0.00030436813335619573
312,7.2999999999999998,2273.6978027444511,1.4660406186388784,2.1759890378675584,0,0.0045674353121021496,0.00017826512906109326,8.7545902974803331e-05,0.00012331517755229888,0.000177021564573984,0.00023176078098153966,0.00029538351732453897
313,7.2999999999999998,2202.1921865368226,1.5136432477200583,10.347365670865241,0,0.0044237938501250447,0.00017265886164663752,8.479266825244471e-05,0.00011943703343482346,0.00017145440607050023,0.00022447212659798755,0.00028609398887516758
314,7.2999999999999998,2156.68068082229,1.5455850107872318,28.171376632997681,0,0.0043323697136120097,0.00016909061505284085,8.304030439005612e-05,0.00011696869335854513,0.00016791105130366187,0.00021983308349590323,0.00028018144032959224
315,7.2999999999999998,2147.0685691087065,1.5525043686504483,2.2292732808450815,0,0.0043130607718469705,0.00016833699496616826,8.2670201996305905e-05,0.0001164473755030314,0.00016716268841553112,0.00021885330926428242,0.00027893269946198553
316,7.2999999999999998,2149.1628514230092,1.5509915086826751,10.509434996539403,0,0.0043172677948666131,0.00016850119335110704,8.2750839729283645e-05,0.00011656095998867462,0.00016732574136455976,0.0002190667820064264,0.00027920477452645655
317,7.2999999999999998,2107.2372799102272,1.5818500199822489,28.280161715694323,0,0.0042330471321310433,0.00016521409538775193,8.1136547798583408e-05,0.00011428710491046683,0.00016406157395590376,0.00021479325753665239,0.00027375808642026274
318,7.2999999999999998,2173.6068893662023,1.5335493044491102,2.2087330442976478,0,0.0042671044777728619,0.00016654333963566286,8.1789338888856294e-05,0.00011520661166596544,0.00016538154549327336,0.00021652139520796039,0.00027596063070584081
319,7.2999999999999998,2145.009155756436,1.5539949209017876,10.478857591665832,0,0.0042109629934329908,0.00016435216050171642,8.071325206878533e-05,0.00011369086012569142,0.00016320565186451921,0.00021367266427539617,0.00027232986902473024
320,7.2999999999999998,2120.3214649620363,1.5720886612790177,28.270124547368187,0,0.0041624974882627465,0.00016246057169009331,7.9784293884743479e-05,0.00011238235065224694,0.00016132725863793698,0.00021121342784151422,0.00026919552548007944
321,7.2999999999999998,2249.7626183626244,1.4816377986399878,2.1763088234177888,0,0.0043199815612316268,0.00016860711054056762,8.2802855600479081e-05,0.00011663422836759406,0.00016743091968346229,0.00021920448392647124,0.00027938027823900413
322,7.2999999999999998,2192.8007911863028,1.5201259260445652,10.380636993505009,0,0.0042106037801771688,0.00016433814055550285,8.0706366881214505e-05,0.0001136811618063078,0.00016319172972042385,0.00021365443707807,0.00027230663811553854
323,7.2999999999999998,2164.4470967390562,1.5400391806089022,28.204328170087223,0,0.0041561591751307714,0.00016221318992520935,7.9662804841427307e-05,0.00011221122393542611,0.00016108160259013066,0.00021089180918658116,0.00026878561639568228
324,7.2999999999999998,2310.4942529458026,1.4426927611195939,2.1491082973794788,0,0.0043462411630368954,0.00016963201204108928,8.3306184141489754e-05,0.00011734320555890517,0.00016844867154616335,0.0002205369485169445,0.00028107852966781572
325,7.2999999999999998,2231.9975313389536,1.4934305645641548,10.216150932515429,0,0.0041985819848432424,0.000163868934808665,8.0475940207168744e-05,0.00011335658800836642,0.00016272579711851899,0.00021304442719615474,0.00027152916893477492
326,7.2999999999999998,2194.8506991896897,1.5187061856024908,28.067042635135952,0,0.004128705554396506,0.00016114168635505028,7.9136590050658245e-05,0.00011147000969067716,0.00016001757375041763,0.00020949875769326598,0.00026701014580843735
327,7.2999999999999998,2364.0515473586543,1.4100087356629993,2.1091978014978991,0,0.0043612319297085603,0.0001702170955229217,8.3593518304948654e-05,0.00011774793795847815,0.00016902967352846844,0.00022129760992842229,0.00028204800708441646
328,7.2999999999999998,2256.7902978094212,1.4770239559115754,9.9962842613395502,0,0.0041633550319407379,0.00016249404126852994,7.9800730775580485e-05,0.00011240550328467288,0.00016136049473504521,0.00021125694131876271,0.00026925098423330874
329,7.2999999999999998,2213.423070776666,1.5059630385815499,27.887086459841651,0,0.0040833506278703221,0.00015937150215357431,7.8267253601257467e-05,0.00011024548204326235,0.00015825973822431184,0.00020719735822621345,0.00026407696847589748
330,7.2999999999999998,2302.2194040972558,1.4478782202082938,2.0739062876148138,0,0.0041581183827303298,0.00016228965699517908,7.9700357775776249e-05,0.00011226412014883524,0.0001611575362314195,0.00021099122328932179,0.00026891232155785354
331,7.2999999999999998,2226.6801554277031,1.4969969194758748,9.8497703108187764,0,0.0040216843235127333,0.00015696469155772447,7.7085270293513698e-05,0.00010858056710714905,0.00015586971736294321,0.00020406828690246824,0.00026008890764156315
332,7.2999999999999998,2189.4527548540173,1.5224504506632228,27.775864023203965,0,0.0039544466230610649,0.00015434043165479195,7.5796497755368773e-05,0.00010676523127799427,0.00015326376410493571,0.00020065651182449577,0.00025574053550291395
333,7.2999999999999998,2186.2802984275017,1.5246596402715873,2.0466618058213855,0,0.0038566901883689952,0.00015052503805726037,7.392276014073012e-05,0.00010412592688128152,0.00014947498641376352,0.000195696155278192,0.00024941846686979299
334,7.2999999999999998,2164.2203004952671,1.5402005667216609,9.6938754746939981,0,0.0038177754263222972,0.00014900621083703566,7.3176864961131005e-05,0.00010307527581273132,0.00014796675442101302,0.00019372154260666571,0.00024690178551499767
335,7.2999999999999998,2140.7709099895651,1.5570714819502014,27.647213668872613,0,0.0037764097174735178,0.00014739172416722065,7.2383991480522806e-05,0.00010195845217261364,0.00014636353029198808,0.00019162256400411255,0.00024422659741895616
336,7.2999999999999998,2119.4802686390649,1.5727126044318842,2.008990401690018,0,0.003652660308774148,0.00014256183544289101,7.0012035889060231e-05,9.8617369209638673e-05,0.00014156733451773734,0.00018534327209379767,0.00023622352061311783
337,7.2999999999999998,2108.1197575070964,1.5811878435573707,9.4737032603508595,0,0.0036330818825377137,0.00014179769748770129,6.9636768176093911e-05,9.8088775602380918e-05,0.00014080852713297008,0.00018434982368240523,0.00023495735174367075
338,7.2999999999999998,2105.7406223830503,1.5829743216716909,27.464712858660839,0,0.0036289817394198941,0.00014163767058154449,6.9558179053961328e-05,9.797807674360911e-05,0.00014064961656279286,0.00018414177423973352,0.00023469218877738494
339,7.2999999999999998,2106.8105473429537,1.5821704222703998,1.9963305842164965,0,0.003554520439613277,0.00013873147655512618,6.8130948828943081e-05,9.5967712550360835e-05,0.00013776369593310075,0.00018036345931749339,0.00022987665464531805
340,7.2999999999999998,4178.830002942439,0.79767143697787024,9.4975143627014234,0,0.0052259422038096687,0.00020396638326973412,0.00010016777422427981,0.00014109405973047938,0.00020254352871520466,0.00026517473456277158,0.00033797023581393396
341,7.2999999999999998,4200.2813620758279,0.79359762977543979,27.473675253354426,0,0.0052527136151852552,0.00020501126048810901,0.00010068091282890889,0.00014181685515537762,0.00020358111694661387,0.0002665331693920387,0.00033970158680535575
342,7.2999999999999998,4158.9930398511924,0.80147605475497485,2.0909277643314481,0,0.00503903275152891,0.00019667138391959936,9.6585204213690254e-05,0.0001360477326958888,0.00019529941874637006,0.00025569057602008969,0.00032588249561329974
343,7.2999999999999998,4158.2391900594394,0.80162135485180819,9.7236860705483288,0,0.0033580721623630333,0.00013106418077426347,6.4365544254050124e-05,9.0663848886486084e-05,0.00013014988664617809,0.00017039528176337278,0.00021717202302135835
344,7.2999999999999998,4193.174441641082,0.79494268118947309,27.632758306216882,0,0.0033861233886212532,0.00013215900864319764,6.4903213594614054e-05,9.1421197750831583e-05,0.00013123707707606586,0.00017181865695335498,0.00021898614173596054
345,7.2999999999999998,4044.6920486072549,0.82412537055352086,2.1401673633724316,0,0.0031779547507392912,0.00012403427198843362,6.0913160068048935e-05,8.5800898657986932e-05,0.00012316901798928268,0.00016125576491555138,0.00020552353520679839
346,7.2999999999999998,4147.9154403940292,0.8036165108073382,9.9392742319358121,0,0.0032586989132008617,0.00012718568357033449,6.246081649438352e-05,8.7980892472869785e-05,0.00012629844555474604,0.0001653528848248821,0.00021074539235015562
347,7.2999999999999998,4214.4399918199551,0.79093149737644586,27.799106868563381,0,0.0033108402436738647,0.00012922073833762554,6.3460230727240108e-05,8.9388644742081927e-05,0.00012831930392899458,0.00016799863996887297,0.00021411745753349552
348,7.2999999999999998,4082.9615391395873,0.8164008652493393,2.1373859841734513,0,0.0031467879122931411,0.00012281784305219717,6.0315772512847366e-05,8.4959432068072168e-05,0.00012196107477223407,0.00015967429734668051,0.00020350792475256463
349,7.2999999999999998,4195.0225169878158,0.79459247711661674,10.038113013542024,0,0.0032336679441609178,0.00012620873510330166,6.1981037660706369e-05,8.7305086866321162e-05,0.00012532831220868351,0.00016408276351236983,0.00020912659861322641
350,7.2999999999999998,2119.0468555033485,1.5730342746675834,27.867987146293558,0,0.0016529019495070262,6.4512085934412196e-05,3.1681848523390559e-05,4.4626334792290397e-05,6.4062054346743235e-05,8.3871542895995016e-05,0.0001068958744405866
351,7.2999999999999998,2090.97633708586,1.5941516286974891,2.1249451357874358,0,0.0015929967748708144,6.2174011510094477e-05,3.0533621510192487e-05,4.3008968208686611e-05,6.1740290158407259e-05,8.0831834808233608e-05,0.00010302170874784012
352,7.2999999999999998,2120.1288632987735,1.5722314766032182,10.05841204823102,0,0.0016152064380854784,6.3040845566588935e-05,3.0959323219802281e-05,4.3608602002171589e-05,6.2601077243996334e-05,8.1958797433917392e-05,0.00010445804401931252
353,7.2999999999999998,2156.1168165900931,1.545989209714997,27.933466912443585,0,0.0032852472542655173,0.00012822185444586037,6.2969679419016517e-05,8.8697665271694648e-05,0.00012732738817811646,0.00016670000062148812,0.00021246231701946205
354,7.2999999999999998,2252.7599070190686,1.479666485073466,2.1066899482213493,0,0.0033277128888986058,0.00012987927076842337,6.3783635627548082e-05,8.9844185565211447e-05,0.0001289732424857753,0.00016885479165298093,0.00021520863911626416
355,7.2999999999999998,2191.6070576888192,1.5209539144524078,10.086169855876197,0,0.0032373796384376529,0.00012635360101032923,6.2052181224833515e-05,8.7405298080597729e-05,0.00012547216754175126,0.00016427110228578638,0.00020936663995717064
356,7.2999999999999998,2191.5400067378987,1.5210004485818129,27.979479907654849,0,0.0032372805926792056,0.00012634973529495374,6.2050282774222499e-05,8.7402623966033614e-05,0.00012546832879332316,0.00016426607650638021,0.00020936023450586
357,7.2999999999999998,2303.1229392796886,1.4473102049757918,2.0877015172039854,0,0.0033008434237057033,0.00012883056654972898,6.3268617585249831e-05,8.9118742806948691e-05,0.00012793185395092057,0.00016749138137737982,0.00021347094682398825
358,7.2999999999999998,2227.3622494462338,1.4965384881431236,10.073277377285171,0,0.0031922629521437384,0.00012459271522751738,6.1187411223523138e-05,8.6187202628613141e-05,0.00012372356556922183,0.00016198179160347172,0.00020644887001038828
359,7.2999999999999998,2210.3697148370493,1.5080433426853523,27.985575860081184,0,0.0031679091952685791,0.00012364219807383826,6.072061279272426e-05,8.5529680923780591e-05,0.00012277967915360648,0.00016074603338741856,0.00020487387269257397
360,7.2999999999999998,2233.5675035625741,1.4923808338080744,2.089157856848086,0,0.0031230190290961507,0.00012189015327856807,5.9860184595341548e-05,8.4317701238542872e-05,0.000121039856494537,0.00015846821678803583,0.00020197075217280198
361,7.2999999999999998,2202.5582674053976,1.5133916694335552,10.136965746589668,0,0.0030796612911087682,0.00012019791852756063,5.9029129076505235e-05,8.3147095243530031e-05,0.00011935942664924101,0.00015626815865236324,0.00019916673629193898
362,7.2999999999999998,2181.5045750066333,1.5279974067087152,28.047807889741584,0,0.003050223594737736,0.00011904897729812741,5.8464884695534687e-05,8.2352313378725964e-05,0.00011821850034969466,0.0001547744312024811,0.00019726295228585412
363,7.2999999999999998,2163.5044558719774,1.5407101770862168,2.0494964061233762,0,0.002952665407604145,0.00011524132122158594,5.6594946973031031e-05,7.9718361424073719e-05,0.00011443740620313271,0.00014982413413285102,0.00019095370464681908
364,7.2999999999999998,2172.8032611276772,1.5341164996242438,10.019145587241535,0,0.0029653560496483672,0.00011573663178151594,5.6838193705863267e-05,8.0060993266672418e-05,0.00011492926151286508,0.00015046808263137338,0.00019177442923906378
365,7.2999999999999998,2179.9451072930233,1.5290904904814533,27.969649181118161,0,0.0029751029591412572,0.00011611704966594508,5.7025016711436614e-05,8.032414792406125e-05,0.00011530702562998803,0.00015096266026671352,0.00019240477782909749
366,7.2999999999999998,2241.856747506316,1.486862769907622,2.0011134215000483,0,0.0029359921917745109,0.00011459057243837761,5.6275364617604683e-05,7.9268204951150873e-05,0.00011379119699578586,0.00014897810189416536,0.0001898754204894455
367,7.2999999999999998,2178.6957327133632,1.5299673484842129,9.8508728871988414,0,0.0028532749323140509,0.00011136215168894127,5.4689889033116511e-05,7.7034939926032969e-05,0.00011058529747310088,0.00014478086310625889,0.00018452595993372897
368,7.2999999999999998,2191.7025686577895,1.5208876336603849,27.849759465698796,0,0.00287030901302193,0.00011202698488050968,5.5016388233437006e-05,7.7494839310128573e-05,0.00011124549283700642,0.00014564520634888789,0.00018562758181341963
369,7.2999999999999998,2111.7654701141187,1.578458110290629,2.0110862629609656,0,0.0027063582283538465,0.00010562805292167437,5.187387640646843e-05,7.3068368273393008e-05,0.00010489119935896286,0.00013732601640950744,0.00017502461622460048
370,7.2999999999999998,2162.712457463861,1.5412743944898804,9.8696414402213648,0,0.002771649947711472,0.00010817636197972884,5.3125349528111827e-05,7.4831164988640807e-05,0.00010742173159962481,0.00014063904852401949,0.00017924713858083843
371,7.2999999999999998,2177.9097394903956,1.5305195035829597,27.858555177260399,0,0.0027911262057728858,0.00010893651235290341,5.3498658941830058e-05,7.535700017989877e-05,0.00010817657921945707,0.00014162731271835874,0.00018050670006718449
372,7.2999999999999998,2197.978792446339,1.5165448114371252,2.0028265799808125,0,0.0027230288868924845,0.00010627870189486278,5.2193409745251061e-05,7.3518455702580864e-05,0.0001055373094525572,0.00013817191888614548,0.00017610273499777974
373,7.2999999999999998,2197.666993521354,1.5167599746275866,9.7474260085086399,0,0.0027226426058771474,0.00010626362550508437,5.2186005738849457e-05,7.3508026586734348e-05,0.00010552233823456993,0.00013815231821669415,0.00017607775357227743
374,7.2999999999999998,2209.5783770284593,1.5085834329244978,27.744599428527827,0,0.0027373993639879034,0.00010683957572865228,5.2468854564395782e-05,7.390644104083785e-05,0.00010609427067155141,0.00013890110556688225,0.00017703209727223368
375,7.2999999999999998,2341.269646872684,1.4237289317724608,1.9687657954650137,0,0.0027584742426063889,0.0001076621196072523,5.287280539296056e-05,7.447543703555848e-05,0.00010691107654428397,0.00013997048695795953,0.00017839504416652715
376,7.2999999999999998,2268.0593580747341,1.4696852273579242,9.5796681482386159,0,0.0026722181822620931,0.0001042955809090829,5.1219500162806129e-05,7.2146628706705942e-05,0.00010356802257356279,0.00013559368235236039,0.00017281672356556625
377,7.2999999999999998,2270.1218071541512,1.468349990220144,27.6109023527736,0,0.0026746481512619725,0.00010439042160364735,5.1266076373690074e-05,7.2212234903223438e-05,0.00010366220166638654,0.00013571698382784726,0.0001729738736380089
378,7.2999999999999998,2409.4968923354072,1.3834146638398428,1.9496856461535432,0,0.0028388593018430709,0.00011079951553740188,5.4413578740732274e-05,7.6645735501758587e-05,0.00011002658623015636,0.00014404938525315318,0.0001835936775165733
379,7.2999999999999998,2339.7932906590963,1.4246272722640243,9.5593596804142997,0,0.0027567348058039971,0.00010759423010146108,5.2839464895476228e-05,7.442847436537909e-05,0.00010684366063071403,0.00013988222446396816,0.00017828255194151572
380,7.2999999999999998,2312.8487159550054,1.441224110482711,27.609674034260753,0,0.0027249888190064076,0.00010635519724233135,5.2230976566663527e-05,7.3571371476993362e-05,0.00010561327117408309,0.00013827136975219062,0.00017622948701548078
381,7.2999999999999998,2400.6238629029854,1.3885279509395765,2.0148945269048077,0,0.0026685443121086845,0.00010415219126209309,5.1149081589139607e-05,7.2047438697583926e-05,0.00010342563320225088,0.00013540726285043059,0.00017257912836958567
382,7.2999999999999998,2363.8285412864843,1.4101417573709505,9.9164380228362976,0,0.002627642466663731,0.00010255580899089555,5.0365099168342879e-05,7.0943138803090239e-05,0.00010184038717688429,0.00013333182160251813,0.00016993393907909206
383,7.2999999999999998,2301.3414551255587,1.4484305777003743,27.901543495931492,0,0.002558181539888914,9.9844777475373783e-05,4.9033713140859268e-05,6.9067778577300526e-05,9.9148267618703219e-05,0.00012980723558498263,0.00016544178725528779
384,7.2999999999999998,2402.1948530261329,1.3876198798503838,2.2325241437983094,0,0.002509403195272192,9.7940978668317584e-05,4.8098758635040197e-05,6.7750822820712071e-05,9.7257749572721974e-05,0.00012733212505338867,0.00016228721187159736
385,7.2999999999999998,2359.3929124796805,1.412792806023164,10.713543262075801,0,0.0024646910328779484,9.6195881287586008e-05,4.7241742308965832e-05,6.6543649020180308e-05,9.5524825863535994e-05,0.00012506334072087582,0.00015939560314750595
386,7.2999999999999998,2295.4563698372372,1.4521440603855555,28.481019118277491,0,0.0023979010452965968,9.3589095434564563e-05,4.5961551266743018e-05,6.4740400891961155e-05,9.2936224757746898e-05,0.00012167428348724922,0.0001550761853329684
387,7.2999999999999998,2476.4412651574235,1.3460175212842926,2.4725234689139661,0,0.0025869631748904353,0.00010096811289832783,4.958538252490572e-05,6.9844847586040257e-05,0.00010026376673600143,0.00013126767317195924,0.00016730314269880638
388,7.2999999999999998,2409.0101466247847,1.3836941857648872,11.28662878672343,0,0.0025165226508449276,9.8218848102648847e-05,4.8235220155393347e-05,6.7943039429823403e-05,9.753368061022595e-05,0.00012769338043435241,0.00016274763871616335
389,7.2999999999999998,2364.1245087392845,1.409965220110551,28.814105317809464,0,0.00246963379709944,9.6388795350217191e-05,4.733648229484269e-05,6.6677097620088742e-05,9.5716394171792133e-05,0.00012531414643960056,0.00015971525979971548
390,7.2999999999999998,2453.5888287668508,1.3585541694076888,2.500340616701453,0,0.0023859417831183921,9.3122330331176184e-05,4.5732323191300066e-05,6.4417515412884495e-05,9.2472715773541517e-05,0.00012106744666242552,0.00015430276027373564
391,7.2999999999999998,2469.2578591131078,1.3499332688286265,11.168845102386069,0,0.0024011788080696645,9.3717025172775483e-05,4.6024377488046049e-05,6.482889648537748e-05,9.3063262067471538e-05,0.0001218406037103612,0.00015528816361633869
392,7.2999999999999998,2432.030333849521,1.3705969399062516,28.668504485684615,0,0.0023649776699787616,9.230410958383787e-05,4.5330495450026554e-05,6.3851509950871673e-05,9.1660202874223538e-05,0.00012000368573275185,0.0001529469767642537
393,7.2999999999999998,2570.3093304703634,1.2968607683976066,2.3944742009899924,0,0.0024994442243978124,9.7552284115045445e-05,4.7907870962129492e-05,6.7481942764905205e-05,9.6871766524191832e-05,0.00012682678700043302,0.00016164314892493399
394,7.2999999999999998,2584.4495329712818,1.2897653023625022,10.753183646560318,0,0.002513194572285422,9.8088954559906433e-05,4.8171429510807532e-05,6.7853185371598201e-05,9.7404693195326435e-05,0.00012752450708784321,0.00016253240642853041
395,7.2999999999999998,2518.2602788836411,1.3236651355240445,28.358709445570323,0,0.0024488301991396114,9.5576839444587282e-05,4.6937731213750812e-05,6.611542587197542e-05,9.491010241110554e-05,0.00012425853037042041,0.00015836985706963247
396,7.2999999999999998,2646.2980077463371,1.2596212987259492,2.3442719350277299,0,0.0024291801925121737,9.4809907736061481e-05,4.6561091490118213e-05,6.5584899681545139e-05,9.4148520762020888e-05,0.00012326144982716662,0.00015709905897914092
397,7.2999999999999998,2751.8523577402857,1.211305295488504,10.435019952277489,0,0.0025260742443114128,9.8591642882583762e-05,4.84182994587074e-05,6.8200920792938944e-05,9.7903874801073419e-05,0.00012817804734480546,0.00016336535589908847
398,7.2999999999999998,2662.9342719704055,1.2517520122142836,28.090748017249759,0,0.0024444515200090049,9.5405941391961006e-05,4.6853803277801684e-05,6.5997206880892055e-05,9.4740396530780614e-05,0.00012403634745470664,0.00015808668072350951
399,7.2999999999999998,2938.9386573389802,1.1341962939612533,2.361929185448985,0,0.0025924732041638318,0.00010118316708353978,4.9690995512325366e-05,6.9993611649839236e-05,0.0001004773207189644,0.00013154726305126193,0.00016765948531038635
400,7.2999999999999998,3005.9245874575772,1.1089211443433715,10.044566177063862,0,0.0026515623003090676,0.00010348939029868276,5.0823580414905799e-05,7.158894511044625e-05,0.00010276745588982859,0.0001345455616880981,0.00017148087387141547
401,7.2999999999999998,2934.1137400347739,1.1360613897993703,27.682636991614874,0,0.0025882170864690215,0.00010101705255354211,4.9609416761604596e-05,6.9878701667900714e-05,0.00010031236499176448,0.00013133129914734304,0.00016738423521291717
402,7.2999999999999998,3492.546736294416,0.95441337940977478,2.4760159699740898,0,0.0029630273085268898,0.00011564574196957486,5.6793557771177102e-05,7.9998120099293902e-05,0.00011483900574159682,0.00015034991766041311,0.00019162382573920082
403,7.2999999999999998,3305.3507199648625,1.0084658530180932,9.701297537416135,0,0.0028042128529699082,0.00010944727883171325,5.3749496067588648e-05,7.5710323678184372e-05,0.00010868378262871093,0.00014229135530846953,0.0001813530349608171
404,7.2999999999999998,3264.4354891521784,1.0211055921950687,27.225281567442046,0,0.0027695009491969917,0.00010809248744810256,5.3084158793577905e-05,7.4773144652223438e-05,0.00010733844217058955,0.00014053000405157246,0.00017910815932956138
405,7.2999999999999998,3793.5724786025808,0.87867922707020918,2.6715737541633526,0,0.0030655166665258869,0.00011964585962480902,5.8758013264954092e-05,8.2765207647393323e-05,0.00011881121886897123,0.00015555043217874831,0.00019825198026913202
406,7.2999999999999998,3468.8779076306851,0.96092552753177429,9.6737079294760129,0,0.0028031369111741521,0.00010940528526421281,5.3728873050595236e-05,7.5681274563196786e-05,0.00010864208200526244,0.00014223675987496347,0.0001812834520438517
407,7.2999999999999998,3474.8558249167377,0.95927241338515234,27.002134175312658,0,0.0028079675570033464,0.00010959382339192488,5.3821464017334869e-05,7.5811696103386097e-05,0.00010882930490480104,0.00014248187648275708,0.00018159585781612298
408,7.2999999999999998,4230.4254508759241,0.78794281379976927,2.8092805730128978,0,0.0030702729751006081,0.00011983149639993323,5.8849179379096407e-05,8.2893622172461941e-05,0.00011899556065554516,0.00015579177676592744,0.00019855957852948602
409,7.2999999999999998,3839.434688196754,0.86818336657235384,9.6933293524610562,0,0.0027865075746444259,0.00010875624907210359,5.3410131747678629e-05,7.5232302777804104e-05,0.00010799757344210458,0.00014139295415950597,0.00018020800563262201
410,7.2999999999999998,3737.6745961652591,0.89182010032474002,26.884048779448158,0,0.0027126541846873094,0.00010587378151806498,5.1994553579682573e-05,7.3238351408362728e-05,0.0001051352137706582,0.00013764548579597093,0.00017543178602551091
411,7.2999999999999998,4547.0617851520155,0.73307412365013525,2.912304529185926,0,0.003134007488179802,0.00012231902833489112,6.0070804890330939e-05,8.4614376219212278e-05,0.00012146573974987093,0.00015902579312683212,0.0002026813938069605
412,7.2999999999999998,4095.4895106471031,0.8139035210974459,9.807878541249293,0,0.0028227667448993661,0.00011017142963262917,5.4105126111950179e-05,7.6211256109893892e-05,0.0001094028818066646,0.00014323281680490813,0.00018255294551973867
413,7.2999999999999998,3877.2465061485873,0.85971663861126468,26.895574012063371,0,0.002672345386523577,0.00010430054563929603,5.1221938338975662e-05,7.2150063066476458e-05,0.0001035729526701815,0.00013560013695039435,0.00017282495007335636
414,7.2999999999999998,4989.5541140655232,0.66806236732390312,3.0675276764751835,0,0.0032374982905741447,0.00012635823195460754,6.2054455478921262e-05,8.7408501543433792e-05,0.00012547676618090137,0.00016427712293193449,0.00020937431338503994
415,7.2999999999999998,4103.6296832233747,0.81228901987935254,10.1532978604966,0,0.0026626615887646687,0.00010392259097998882,5.1036325021851573e-05,7.1888612348859025e-05,0.00010319763459490239,0.0001351087617303611,0.00017219868302245655
416,7.2999999999999998,4026.712927999271,0.82780505909805369,27.085770184021417,0,0.0026127537497350113,0.00010197470846872291,5.0079721034096009e-05,7.0541161621995587e-05,0.00010126334036940403,0.00013257633839861371,0.00016897106138639618
417,7.2999999999999998,5252.8119400889045,0.63458074862602376,3.2494648662790979,0,0.002144031653019708,8.3680677058285046e-05,4.1095532666401702e-05,5.7886237221428456e-05,8.3096926782529889e-05,0.00010879244398631471,0.00013865803621696546
418,7.2999999999999998,4212.0323205277818,0.79138360764422033,10.791984419921405,0,0.0017192183390065871,6.710038744832328e-05,3.2952961917243042e-05,4.6416796350464485e-05,6.6632300058818133e-05,8.7236568817997712e-05,0.0001111846638920192
419,7.2999999999999998,4215.1075984339768,0.79080622629224318,27.542519553642308,0,0.0017204735701566679,6.7149378605872419e-05,3.2977021446709114e-05,4.6450686059144374e-05,6.6680949457639509e-05,8.7300261751072051e-05,0.00011126584174497834
420,7.2999999999999998,4542.8877463262743,0.73374767757114867,3.4679802006832907,0,0.0011557393024565067,4.5108031495811868e-05,2.215252848112178e-05,3.1203550252581387e-05,4.4793361171071162e-05,5.864451821324215e-05,7.4743552331273192e-05
421,7.2999999999999998,3952.9781472134296,0.84324608161142967,11.998735387811264,0,0.0010056625788697491,3.9250598457105912e-05,1.9275946464275295e-05,2.7151661927741461e-05,3.8976789156340672e-05,5.1029325815561687e-05,6.5037844980774079e-05
422,7.2999999999999998,3711.5279593282044,0.89810271399293862,28.530755187127973,0,0.00094423612783095176,3.6853149238026262e-05,1.8098560523311849e-05,2.549322273842526e-05,3.6596064367463372e-05,4.7912425127782971e-05,6.1065295853142832e-05
423,7.2999999999999998,4078.0527391020496,0.81738357657122973,3.7640790094219532,0,0.00096907691482462353,3.7822674977706179e-05,1.8574694059829268e-05,2.6163893661896671e-05,3.7558826766575485e-05,4.9172896223803757e-05,6.2671790205861611e-05
424,7.2999999999999998,3687.2090200704074,0.90402613879201332,13.330941125491451,0,0.00087619983606934367,3.4197720643430758e-05,1.6794481058509141e-05,2.3656325918813539e-05,3.3959159848303639e-05,4.4460127933342588e-05,5.666527750739578e-05
425,7.2999999999999998,3239.0203979103785,1.0291177343260325,29.566862116069498,0,0.00076969575801811804,3.0040910109293989e-05,1.4753073781478186e-05,2.0780845830429739e-05,2.9831346920076223e-05,3.9055898509125431e-05,4.977748446064564e-05
426,7.2999999999999998,3196.5275128620183,1.0427982615262479,3.9934241665296657,0,0.00054512332616203315,2.1275940095966475e-05,1.044860201851855e-05,1.4717664325853828e-05,2.1127520695758706e-05,2.7660645235152888e-05,3.5254017726478541e-05
427,7.2999999999999998,2998.0740645103292,1.1118248787752218,14.10204805113546,0,0.00051127984963367451,1.9955043071936766e-05,9.7999102451219666e-06,1.3803931775329582e-05,1.9815838152647746e-05,2.5943359709387485e-05,3.3065304706515475e-05
428,7.2999999999999998,2905.4502696831255,1.1472691059678244,30.108623884605795,0,0.00049548414916972098,1.9338543353953661e-05,9.4971475860488871e-06,1.3377467146019075e-05,1.9203639091554941e-05,2.5141854351232462e-05,3.20437709041024e-05
429,7.2999999999999998,2587.2851493461148,1.2883517435933831,4.1147352049079196,0,0.00030966637167248961,1.2086151623386634e-05,5.9355021530719494e-06,8.360613997879254e-06,1.2001839514653855e-05,1.5713089565247648e-05,2.0026631098503502e-05
430,7.2999999999999998,2514.841941061853,1.3254643478412345,14.465103110415477,0,0.00030099580613108753,1.1747743002431403e-05,5.7693098727756147e-06,8.1265193131918124e-06,1.16657916074589e-05,1.5273127769597803e-05,1.9465891433504603e-05
431,7.2999999999999998,2501.7745936977899,1.3323875547102924,30.350367905507554,0,0.000299431804557223,1.1686700661737937e-05,5.7393320141565365e-06,8.0842931800132739e-06,1.1605175093664368e-05,1.5193767209141748e-05,1.9364744891863363e-05
432,7.2999999999999998,3818.1085373992232,0.87303262876960963,4.1687754337342824,1,0.0011740067811577303,4.5821003705766522e-05,2.2502668725852595e-05,3.1696749876778683e-05,4.5501359739095592e-05,5.9571446531009762e-05,7.5924940077941693e-05
433,7.2999999999999998,3905.9252580197199,0.85340428019949177,14.875307474360385,1,0.0012010090060807868,4.6874889482340307e-05,2.3020231428263309e-05,3.2425776985683985e-05,4.6547893685661349e-05,6.0941593300209761e-05,7.7671218159259465e-05
434,7.2999999999999998,3906.7135193143658,0.85323208800791173,30.706532040626101,1,0.001201251383712584,4.6884349382012972e-05,2.3024877179584704e-05,3.2432320885850583e-05,4.6557287593766586e-05,6.0953892024854851e-05,7.768689311741626e-05
435,7.4000000000000004,3779.9720350921202,1.2456331524053519,3.1510112891049711,1,0.021065820365195755,0.00066264609896562836,0.00032535415509735171,0.00047174696798284925,0.000649950287971173,0.00085517891180369662,0.0010621607969403359
436,7.4000000000000004,3716.3493139537622,1.2669579967623175,12.611355482958857,1,0.020962526650081255,0.00065939689356172312,0.0003237588201507256,0.00046943381349504883,0.00064676333494867401,0.00085098564492130534,0.0010569526192922337
437,7.4000000000000004,3674.7801597040443,1.281289839785974,29.460344193853885,1,0.020721525170106118,0.00065181595497106114,0.00032003663741417911,0.00046403683794476417,0.00063932764155549794,0.00084120205331104328,0.0010448010714485469
438,7.4000000000000004,5312.1246682233668,0.88636068920622846,2.5834414680046733,0,0.0056406977022487063,0.00017743369415676471,8.7118583718049619e-05,0.0001263175130240851,0.00017403419531631482,0.0002289873187560448,0.00028440990490067404
439,7.4000000000000004,4551.1709301491846,1.0345597988607145,11.417064096285912,0,0.0048257888253073443,0.00015179993392543668,7.4532603939325495e-05,0.00010806848283134027,0.000148891559043133,0.00019590563123946133,0.00024332134309010018
440,7.4000000000000004,4293.7980325924109,1.096571950132714,28.83362262828124,0,0.0045490419215993838,0.00014309458787369311,7.0258345758501275e-05,0.00010187102598135356,0.00014035300100732551,0.00018467093390248833,0.00022936747342362988
441,7.4000000000000004,3119.381143452189,1.5094207041544994,2.4349657529081359,0,0.0033640193264942043,0.00010581853661057982,5.1956090326820434e-05,7.5333686986682919e-05,0.00010379113142006431,0.00013656427032250471,0.00016961738906001405
442,7.4000000000000004,5268.6781912656807,0.89366978037897027,10.956175976262557,0,0.0088890486061432225,0.00027961376676829584,0.00013728821611187918,0.00019906092691877327,0.00027425657302659976,0.0003608559639353541,0.00044819517055891928
443,7.4000000000000004,4608.4318457193967,1.0217051352184767,28.610779383710273,0,0.0076867838264902937,0.00024179534563160821,0.00011871966122979412,0.00017213746727269709,0.00023716272497290405,0.00031204934410571859,0.00038757571713382192
444,7.4000000000000004,3416.1348357944439,1.3782999525488251,2.2558274321964351,0,0.015285224589725286,0.00048081177331832039,0.0002360748950503605,0.00034229658423619568,0.0004715997740211285,0.00062051235151102107,0.00077069708419512384
445,7.4000000000000004,2767.702996544655,1.7012152271953154,10.80341084586078,0,0.0061919338570256468,0.00019477336957596876,9.5632231432091449e-05,0.00013866186895945527,0.00019104165533098989,0.00025136506274211991,0.00031220381101541275
446,7.4000000000000004,4454.1208996031892,1.0571016342406288,28.553276269401312,0,0.0098019558858004983,0.00030833016314380424,0.00015138774660753641,0.00021950452862817143,0.00030242278440683777,0.00039791595212764055,0.00049422491480260588
447,7.4000000000000004,2799.5243783217561,1.6818780070414936,2.2507355685057409,0,0.012094009459182264,0.00038042896265369659,0.00018678770449560229,0.0002708326661016847,0.00037314022404313609,0.00049096316541912151,0.00060979266426254954
448,7.4000000000000004,4777.9293689769047,0.98546004314084079,10.832069707535863,0,0.015145420248193273,0.00047641409025026834,0.0002339156663742611,0.00033916581253657887,0.00046728634732028768,0.00061483691506543608,0.00076364800240086815
449,7.4000000000000004,4197.4303413723137,1.1217478550308666,28.56657989018359,0,0.0088661177148945357,0.00027889245303029149,0.00013693405659572893,0.00019854741364313624,0.00027354907912832541,0.00035992507141444666,0.0004470389709283795
450,7.4000000000000004,5134.695295734542,0.91698887877285495,2.3135201291771237,0,0.015740715176770392,0.00049513967773355387,0.00024310978628809752,0.00035249681853318361,0.00048565316634508675,0.00063900324993383412,0.00079366339818372959
451,7.4000000000000004,4565.2922536824572,1.0313597072077769,10.985563993168491,0,0.0093287614031672648,0.0002934453652801034,0.0001440794249554528,0.00020890783414494822,0.0002878231683025455,0.00037870635403392579,0.00047036595179673701
452,7.4000000000000004,4109.8197346667112,1.1456605851491699,28.672043863991366,0,0.0083977095265794326,0.00026415821276194789,0.00012969965756887074,0.00018805790320465036,0.00025909713604679955,0.00034090977565007832,0.0004234213379110514
453,7.4000000000000004,4894.0865275838287,0.96207095145095423,2.3788708797075664,0,0.0096344956174579596,0.00030306253569682115,0.00014880138190991567,0.00021575443143382215,0.00029725608082035955,0.0003911178076657172,0.00048578139212012718
454,7.4000000000000004,4436.024450879635,1.0614140057641508,11.262834334170426,0,0.0087315988041895068,0.00027466102838741052,0.00013485645953193929,0.00019553500362722736,0.00026939872546373456,0.00035446420002755271,0.00044025638610989019
455,7.4000000000000004,4032.9486261682505,1.1674977587179012,28.883963454462858,0,0.0079369155012681564,0.00024966348347983246,0.00012258285660028597,0.00017773890396622754,0.00024488011509748623,0.00032220358114637898,0.00040018761899267492
456,7.4000000000000004,4805.5397500109129,0.9797980512106218,2.4119900321416288,0,0.0091048692429267965,0.00028640261716964048,0.00014062148961920025,0.00020389400387783583,0.0002809153540565263,0.00036961732495095881,0.00045907707383105331
457,7.4000000000000004,4452.5391093969138,1.0574771756948409,11.453893281882342,0,0.0084345933279563415,0.00026531842901148032,0.00013026931485378659,0.00018888387727855759,0.00026023512340788048,0.00034240709446215753,0.00042528105793075753
458,7.4000000000000004,4171.3583042757009,1.128759060867448,29.041903249740713,0,0.0079000585434101309,0.00024850411161958855,0.00012201361390403813,0.00017691353102479101,0.00024374295594781724,0.00032070735206215606,0.00039832925245139573
459,7.4000000000000004,4683.0127560341152,1.0054336230472507,2.3763166076539477,0,0.0085642487547301343,0.00026939686798380368,0.00013227179712603976,0.00019178737466924611,0.00026423542249463615,0.00034767052996363202,0.00043181842077930907
460,7.4000000000000004,4498.4185439842204,1.0466919509685328,11.419306781099984,0,0.00822252998564575,0.00025864776800328654,0.00012699407143252513,0.00018413494099119544,0.00025369226734941823,0.00033379826294424283,0.00041458860139378863
461,7.4000000000000004,4348.530129220253,1.0827701182146707,29.042990173446036,0,0.0079468176442205052,0.00024997496512569397,0.0001227357917007503,0.00017796065207920496,0.000245185628984524,0.00032260556424923052,0.00040068689544464067
462,7.4000000000000004,4499.3271072996658,1.046480589161191,2.3095845408665587,0,0.0079034747404499416,0.00024861157145749112,0.00012206637586071796,0.00017699003317697993,0.0002438483569344059,0.00032084603451631007,0.00039850150069558498
463,7.4000000000000004,4492.3182594898453,1.0481132925365289,11.253715910603429,0,0.0078890778979291438,0.00024815870461592291,0.00012184402171294583,0.00017666763097806372,0.00024340416668783342,0.00032026158653816788,0.00039777559676873957
464,7.4000000000000004,4474.2570207556328,1.0523442127338241,28.944131369736873,0,0.0078550709006904619,0.0002470889810700515,0.0001213187956518583,0.00017590607991765242,0.00024235493825688971,0.00031888105321982934,0.00039606092823637784
465,7.4000000000000004,4597.7405187441964,1.0240809508236266,2.2565201343334831,0,0.0078324001357682835,0.00024637584986149586,0.00012096865369494442,0.00017539839189845905,0.000241655470116829,0.00031796072067451166,0.00039491784444853866
466,7.4000000000000004,4570.5862692063156,1.0301651045946665,11.064754693080751,0,0.0077890438489931517,0.00024501203521772139,0.00012029903115913341,0.00017442747329787344,0.00024031778515672106,0.00031620064765093911,0.0003927317749143309
467,7.4000000000000004,4638.7300213343933,1.0150317997427707,28.808234558747266,0,0.0079054453228169785,0.00024867355806402103,0.00012209681080936759,0.00017703416230372147,0.0002439091559232287,0.00032092603142386207,0.0003986008595290471
468,7.4000000000000004,4898.2151581341586,0.96126003657818682,2.213237027168558,0,0.0080745832371335643,0.0002539939575151737,0.00012470908615651329,0.00018082182862131808,0.00024912762044116093,0.00032779228087451151,0.00040712897088426142
469,7.4000000000000004,4758.0386665577898,0.98957970122639038,10.843188426637735,0,0.0078435841449208694,0.00024672765386947085,0.00012114138676611654,0.00017564884606146623,0.00024200053381923318,0.00031841474186195673,0.00039548175394119365
470,7.4000000000000004,4777.4831266775354,0.98555209034308677,28.629951399469178,0,0.0078767687797683672,0.00024777150919748949,0.00012165391173053045,0.00017639198117804539,0.00024302438964831751,0.00031976189091314551,0.00039715495809772517
471,7.4000000000000004,5072.0414789611041,0.92831624142007119,2.2097723514615364,0,0.0080640092490184695,0.00025366134231892182,0.00012454577464480592,0.00018058503524008218,0.00024880137790698629,0.00032736302383666875,0.00040659581929327362
472,7.4000000000000004,4901.659304285361,0.96058460814675928,10.758931596811216,0,0.0077938039841816045,0.00024516176995192565,0.00012037254976584037,0.00017453407153631903,0.00024046465108374797,0.00031639388803559676,0.00039297178593206768
473,7.4000000000000004,4831.3894926639205,0.9745557648012626,28.549159245349678,0,0.0076835978022705455,0.0002416951261061482,0.00011867045421102315,0.00017206611959956922,0.00023706442557970642,0.00031192000564759115,0.00038741507444506573
474,7.4000000000000004,5162.6211784607995,0.91202866127777094,2.2591697119623042,0,0.007716609733444524,0.00024273354887025285,0.00011918031182819846,0.0001728053871983907,0.00023808295292879848,0.00031326014369531437,0.0003890795707009165
475,7.4000000000000004,5003.4912328889404,0.94103462221063539,10.913096447466717,0,0.0074764222582587242,0.00023517821560085729,0.00011547070110811693,0.00016742664043220448,0.00023067237427780042,0.00030350959707062036,0.00037696906583399315
476,7.4000000000000004,4838.7342743610297,0.97307647312326073,28.65392673550441,0,0.0072329540000632278,0.00022751968207506345,0.00011171041985322246,0.00016197442396910622,0.00022316057261127499,0.00029362586520103874,0.0003646931404405602
477,7.4000000000000004,5044.0584498641847,0.93346628094736894,2.3013770631736756,0,0.0070788357603980374,0.00022267174126273614,0.00010933011807612178,0.00015852310752319991,0.0002184055147727729,0.00028736934795171615,0.00035692233686263368
478,7.4000000000000004,4990.8217748818333,0.94342348704434598,11.073213122131124,0,0.0070021646535184988,0.0002202599761856427,0.00010814595991058531,0.00015680613844365392,0.00021603995733748043,0.00028425684093269889,0.00035305649909445367
479,7.4000000000000004,4878.1403474059643,0.96521587054781555,28.771836058957447,0,0.0068413786922081159,0.00021520229563089951,0.00010566267752771245,0.00015320550535994558,0.00021107917821548328,0.00027772964374583317,0.0003449495019853161
480,7.4000000000000004,4886.7175193280746,0.96352172259862601,2.3009914134834712,0,0.006581431460314883,0.00020702539977947778,0.00010164788434442631,0.00014738425955250619,0.00020305894566354079,0.00026717693860342544,0.00033184268942337462
481,7.4000000000000004,4874.9663077084297,0.96584431253006364,11.087731537099877,0,0.006566402171076958,0.00020655263870437667,0.00010141576228048819,0.00014704769437222761,0.00020259524234229109,0.00026656681609251169,0.0003310848968685318
482,7.4000000000000004,4864.9184454011665,0.96783913952900935,28.786740123616404,0,0.0065527080617488759,0.00020612187702656162,0.00010120426159867236,0.00014674102914662729,0.00020217273374082209,0.00026601089596643587,0.00033039442548763392
483,7.4000000000000004,4906.6149010874096,0.95961443418605696,2.2716072022420937,0,0.0063376235854743961,0.00019935618327808437,9.7882357830402498e-05,0.00014192443773059573,0.00019553666569935667,0.00025727941980374294,0.00031954964020186166
484,7.4000000000000004,4852.8682060824422,0.97024239730525286,11.007115496252023,0,0.0062685501829172399,0.00019718341146320628,9.6815543524617729e-05,0.00014037761127619219,0.00019340552259147442,0.00025447534589589737,0.00031606688666862138
485,7.4000000000000004,4854.7233242611801,0.96987164202450848,28.735508294009929,0,0.0062707811523598942,0.00019725358880130461,9.6850000059681612e-05,0.00014042757149858038,0.00019347435538348396,0.00025456591336429696,0.00031617937449202819
486,7.4000000000000004,4923.0513895758277,0.95641058958792502,2.2419736877688168,0,0.0060627948622941465,0.00019071117548147466,9.3637725270327815e-05,0.00013576993652308125,0.00018705728988217409,0.00024612259209196816,0.00030569248721305537
487,7.4000000000000004,4821.2621948543656,0.97660286700464294,10.936176882508073,0,0.0059385950756675899,0.00018680434903590098,9.1719503433217837e-05,0.00013298861247543119,0.00018322531535260592,0.00024108063139296633,0.00029943020347303844
488,7.4000000000000004,4852.7723991435569,0.97026155253167135,28.694203194739256,0,0.0059766249616821244,0.00018800061650494645,9.2306861590564986e-05,0.00013384025191358622,0.0001843986632183978,0.00024262447616018272,0.00030134771028437937
489,7.4000000000000004,4814.3744061713696,0.97800006498046166,2.2346370449074326,0,0.0054940188597721934,0.0001728197669000584,8.4853180802934618e-05,0.00012303279408098375,0.00016950866750613776,0.00022303280805011796,0.00027701420354567051
490,7.4000000000000004,4727.9505021248897,0.99587727916350688,10.940753423502409,0,0.0053925282070577769,0.00016962727859735763,8.3285693518236572e-05,0.0001207600172858427,0.00016637734492697532,0.00021891273750731784,0.00027189693819828142
491,7.4000000000000004,4826.3708608027746,0.97556914250321591,28.706116378594977,0,0.0055021764407419474,0.00017307637163288593,8.4979171759756673e-05,0.00012321547455683714,0.00016976035588136,0.00022336396967096757,0.00027742551734944029
492,7.4000000000000004,4500.9013226825018,1.0461145767287487,2.2509561900108586,0,0.0047502370537309798,0.00014942337864123163,7.3365733512197569e-05,0.00010637658009273303,0.00014656053680704102,0.00019283856427119533,0.0002395119433840062
493,7.4000000000000004,4560.3647192559001,1.0324741050194193,10.965905143482402,0,0.0048103472394604814,0.00015131420365498531,7.4294114099885414e-05,0.00010772268470063278,0.00014841513500675975,0.000195278771314136,0.00024254276210702942
494,7.4000000000000004,4809.1818175604276,0.97905603503764982,28.714948953471545,0,0.0050697417031445062,0.00015947371163870883,7.8300369973417942e-05,0.00011353155184338355,0.00015641831282973712,0.00020580903651794006,0.000255621703515062
495,7.4000000000000004,4230.6673435563516,1.1129351706763788,2.3671771709584313,0,0.004230600842470819,0.00013307771052560851,6.5340135764679346e-05,9.473987177250625e-05,0.00013052803964843098,0.00017174363789398893,0.00021331133962384876
496,7.4000000000000004,4354.7830816008081,1.0812153886537679,11.179111933725235,0,0.0043555135065239548,0.00013700696123178889,6.7269367741854691e-05,9.7537159962957375e-05,0.00013438200880629565,0.00017681453825597768,0.00021960956739274325
497,7.4000000000000004,4760.3195621593413,0.9891055465066414,28.811934762766803,0,0.0047595248852836452,0.00014971553651780748,7.3509180790068439e-05,0.00010658457134577457,0.00014684709715397421,0.00019321560905476081,0.00023998024560973512
498,7.4000000000000004,4123.6508628638639,1.1418179275259641,2.904013068491647,0,0.0039095815623395461,0.00012297973332918303,6.0382106366990627e-05,8.755098145441691e-05,0.00012062353225453244,0.00015871167835519804,0.00019712521022056229
499,7.4000000000000004,4332.7311586412261,1.086718356084774,12.291553279648888,0,0.0041049418603728363,0.00012912498365128314,6.3399377168900706e-05,9.1925870571657039e-05,0.00012665104410850486,0.00016664244032817011,0.00020697548171496715
500,7.4000000000000004,4657.7470282850172,1.0108875500285652,29.387540211157244,0,0.0044161473424506031,0.00013891425817753221,6.8205835921884326e-05,9.8894991168184222e-05,0.00013625276334792424,0.00017927600317532659,0.00022266678910891257
501,7.4000000000000004,4097.9998559036758,1.1489650189452187,3.9271521744179156,0,0.0042735087428051278,0.00013442742073287446,6.6002833130281827e-05,9.5700749228703637e-05,0.00013185189040264123,0.00017348550841597913,0.00021547480104258483
502,7.4000000000000004,4354.9085862801749,1.0811842289662588,14.448085579131146,0,0.0045332005550527462,0.00014259628210812428,7.0013681447355611e-05,0.00010151627518088494,0.00013986424241305519,0.00018402784465317435,0.00022856873507762175
503,7.4000000000000004,4484.0250274773944,1.0500517845514206,30.520933404713233,0,0.004659953417511623,0.00014658341806509233,7.1971334638949966e-05,0.00010435477268591987,0.00014377498778295439,0.00018917344891194202,0.00023495974758365375
504,7.4000000000000004,4146.6121687085852,1.1354952646903234,4.8683608966847549,0,0.0047772138956681939,0.00015027196173755583,7.3782381307703232e-05,0.00010698069819347688,0.00014739286167650653,0.0001939337044523906,0.00024087214409939373
505,7.4000000000000004,4270.6396388896164,1.102518329853766,16.480164017217366,0,0.0049206712038517208,0.00015478455246452233,7.5998028763508271e-05,0.00011019327425257835,0.00015181899449018515,0.00019975743514864995,0.00024810541231043757
506,7.4000000000000004,4300.0322059985701,1.0949821435075633,31.611803120532613,0,0.004954828058090016,0.00015585898990970907,7.6525569313025369e-05,0.00011095818120343083,0.00015287284650560668,0.00020114405199678386,0.00024982763679017646
507,7.4000000000000004,4334.1046739197791,1.0863739656332585,5.1856673239498958,0,0.0049180825302248309,0.00015470312318948741,7.5958047613659902e-05,0.00011013530361989413,0.00015173912534005986,0.00019965234647624695,0.00024797488866621725
508,7.4000000000000004,4288.6001508161726,1.0979010204949495,17.189148473068407,0,0.00486731401551005,0.00015310614962554255,7.517394583531829e-05,0.00010899839594335951,0.00015017274861289204,0.00019759136986033471,0.0002454150868111696
509,7.4000000000000004,4226.8671564628248,1.1139357608806559,32.003481149118514,0,0.0047977263869796267,0.00015091720232690618,7.4099189491000917e-05,0.00010744005393724513,0.00014802573993160162,0.00019476642065778822,0.00024190640546405343
510,7.4000000000000004,4603.5528384704558,1.0227879742638666,4.6438202815680878,0,0.0051198036852634302,0.00016104846052493783,7.9073559605363696e-05,0.0001146526374629511,0.00015796289068763819,0.00020784133104286299,0.00025814588125426372
511,7.4000000000000004,4483.2239581185149,1.0502394094208669,16.071809833589402,0,0.0049855216139739842,0.00015682448589881846,7.6999620442696107e-05,0.00011164553121752269,0.00015381984430297725,0.00020239007428621744,0.00025137523812795829
512,7.4000000000000004,4400.3151588054225,1.0700275576066014,31.427989552021316,0,0.0048927781234326759,0.00015390714818558184,7.5567229988265957e-05,0.00010956863795134386,0.00015095840063072581,0.000198625099747223,0.00024669901388809263
513,7.4000000000000004,4571.1315726063149,1.0300422132437672,3.4781792431709144,0,0.0049905741255373021,0.00015698341761946212,7.7077654699245576e-05,0.00011175867691844358,0.00015397573100896006,0.000202595183855448,0.00025162999106971936
514,7.4000000000000004,4626.9126324939616,1.0176242466756835,13.643790376997746,0,0.005050470233433863,0.00015886750860442348,7.8002728930415895e-05,0.00011309998747764969,0.00015582372419891625,0.00020502670028748238,0.0002546500157634714
515,7.4000000000000004,4720.3247117634519,0.99748614122710477,30.165611133826832,0,0.0051514843080050932,0.00016204500567288985,7.956285563401974e-05,0.00011536209180477583,0.00015894034276484612,0.00020912742387057173,0.00025974325154013426
516,7.4000000000000004,4405.0185893637772,1.0688850424932985,2.5060960065655209,0,0.0047484566602266111,0.00014936737461243802,7.3338235963357193e-05,0.00010633671004623392,0.00014650560577417329,0.00019276628818826796,0.00023942217407283369
517,7.4000000000000004,4575.513125379628,1.0290558354993709,11.556884667637686,0,0.004932454357809422,0.00015515520316163368,7.6180015414577593e-05,0.00011045714563553216,0.00015218254379304876,0.0002002357789588825,0.00024869953131369558
518,7.4000000000000004,4850.8865907099216,0.97063874696497354,29.050788661072165,0,0.0052290002944493175,0.00016448334726767541,8.0760062666021494e-05,0.0001170979810766543,0.00016133196753133431,0.00021227422925415337,0.00026365168902369146
519,7.4000000000000004,4539.2352914393423,1.0372801099241695,2.1527586125779794,0,0.004824910464797218,0.00015177230423167538,7.4519037971483335e-05,0.00010804881286832603,0.00014886445871394562,0.00019586997369694937,0.00024327705523027499
520,7.4000000000000004,4568.9484438399268,1.0305343866210699,10.642632828637606,0,0.0048573585284411285,0.00015279298998802741,7.5020186853814631e-05,0.00010877545324480143,0.00014986558888328429,0.00019718722122285073,0.00024491312069279688
521,7.4000000000000004,4805.8073717051293,0.97974348905401121,28.489874216059626,0,0.0051098199390347734,0.00016073441196775881,7.891936417111905e-05,0.0001144290619301292,0.00015765485906941233,0.00020743603520878036,0.00025764249027936483
522,7.4000000000000004,4724.7118180977213,0.99655993071162707,2.1077999076470721,0,0.0048960460487829458,0.00015400994399165664,7.5617701941070364e-05,0.00010964181971444913,0.0001510592269448999,0.00019875776302814212,0.00024686378611790422
523,7.4000000000000004,4622.9899882214231,1.0184877090524111,10.319124842402713,0,0.0047910505009237207,0.00015070720576492117,7.3996082788788928e-05,0.00010729055446602227,0.00014781976674901114,0.00019449540928136695,0.0002415698002746757
524,7.4000000000000004,4679.3446401004985,1.0062217776664442,28.211324934755638,0,0.0048513596621618093,0.00015260428974900065,7.4927536482928783e-05,0.0001086411149218905,0.00014968050400179607,0.00019694369384780106,0.000244610651551908
525,7.4000000000000004,4648.4540412617016,1.012908472425788,2.1393495708159072,0,0.0046777224054189229,0.00014714235905648106,7.2245770381175611e-05,0.00010475269054641972,0.00014432321987679615,0.00018989479104241624,0.0002358556786240429
526,7.4000000000000004,4514.8942339444957,1.0428723770927109,10.275595099455821,0,0.0045434615040211377,0.0001429190503501256,7.0172158180007509e-05,0.00010174605837852688,0.00014018082665336713,0.00018444439368951572,0.0002290861029059185
527,7.4000000000000004,4447.4047909516066,1.0586979830698988,28.136245528639911,0,0.0044758301079249911,0.00014079163826677025,6.9127615154696676e-05,0.00010023152414745006,0.00013809417421797434,0.00018169885885087141,0.00022567605685357703
528,7.4000000000000004,4420.7663718531576,1.0650774291205336,2.2026311593563199,0,0.0043974744491806642,0.00013832688395392165,6.7917439680591896e-05,9.8476831294471692e-05,0.00013567664278163938,0.00017851796649458114,0.00022172528221039422
529,7.4000000000000004,4351.3550379598319,1.0820671816022325,10.428400333702321,0,0.0043284288264074577,0.00013615498597947063,6.6851054423758429e-05,9.6930626939213728e-05,0.00013354635677204549,0.00017571502032280261,0.00021824392936304932
530,7.4000000000000004,4263.9179607325168,1.1042563495445359,28.225769174346002,0,0.0042414524334756206,0.00013341905799379362,6.5507734754968966e-05,9.4982881779501405e-05,0.00013086284715064288,0.00017218416437840523,0.00021385848824421644
531,7.4000000000000004,4320.6754584749087,1.0897505557470961,2.2190031625713647,0,0.004248755598591762,0.00013364878623558138,6.562052956071147e-05,9.5146428507826783e-05,0.00013108817396859009,0.00017248064050363903,0.0002142267215029014
532,7.4000000000000004,4294.1720071794452,1.0964764509208709,10.494146294102617,0,0.0042230385142612526,0.00013283983005381609,6.5223338276495244e-05,9.4570521358332575e-05,0.00013029471679119913,0.00017143664089615805,0.00021293003908968736
533,7.4000000000000004,4227.5587448722636,1.1137535315829508,28.275143131531255,0,0.0041573345234470344,0.00013077304639931157,6.4208563345004684e-05,9.30991493484302e-05,0.0001282675311886336,0.0001687693501668354,0.00020961717483681009
534,7.4000000000000004,4423.3695077288266,1.064450635166001,2.1925209338577183,0,0.0042521826587694246,0.00013375658778416957,6.567345929471857e-05,9.522317392860224e-05,0.00013119391011893943,0.00017261976395302822,0.00021439951747791514
535,7.4000000000000004,4337.8099469427389,1.0854460060875564,10.429747292585422,0,0.0041702202623516964,0.00013117837999038174,6.4407579031147054e-05,9.3387711965651425e-05,0.00012866509888676339,0.00016929245403761944,0.00021026688733159399
536,7.4000000000000004,4284.768561701092,1.0988828017834806,28.237226358727703,0,0.004119260881708762,0.00012957540255093981,6.3620529395958905e-05,9.2246530046702463e-05,0.00012709283331392913,0.00016722372911122564,0.00020769746181590357
537,7.4000000000000004,4560.2568713084274,1.0324985225503143,2.1627085603986336,0,0.0042913698334668413,0.00013498925890699135,6.627869136701872e-05,9.6100729633855631e-05,0.00013240296417132484,0.00017421058950994628,0.00021637537600062507
538,7.4000000000000004,4424.7983225252565,1.0641069126487845,10.29839396301022,0,0.0041640893921374858,0.00013098552743774994,6.431288990611057e-05,9.3250417552971979e-05,0.00012847594124693924,0.00016904356788805081,0.00020995776241360968
539,7.4000000000000004,4359.2977959287455,1.0800956260600538,28.135685402611585,0,0.0041025276762255945,0.00012904904311445044,6.3362090947435869e-05,9.1871807447987041e-05,0.00012657655853640212,0.00016654443515504413,0.00020685375601364902
540,7.4000000000000004,4674.5458003044569,1.0072547544125476,2.1291530494386892,0,0.0043117963321310853,0.00013563179451304592,6.6594171424253163e-05,9.6558159662419021e-05,0.00013303318926861097,0.00017503981479511526,0.00021740530152565993
541,7.4000000000000004,4488.7878291483748,1.0489376333407974,10.10621759692749,0,0.0041406925952512143,0.00013024955817967187,6.3951534641945595e-05,9.2726470808897164e-05,0.00012775407261755704,0.00016809376166384359,0.00020877807133128982
542,7.4000000000000004,4408.2737699663558,1.0680957508026563,27.977064547488801,0,0.0040664740905662876,0.0001279149421168774,6.2805256051046352e-05,9.1064425184926053e-05,0.00012546418607829577,0.00016508081942034965,0.00020503589634274271
543,7.4000000000000004,4666.2709514559101,1.0090409517704493,2.0915520445563565,0,0.0042186410498262841,0.00013270150348486907,6.5155420991480631e-05,9.4472044751295889e-05,0.00013015904045738909,0.00017125812333619608,0.00021270831431240405
544,7.4000000000000004,4483.4704532371243,1.0501816686839771,9.9230272860791633,0,0.0040530958057850572,0.00012749411501081413,6.2598633167807477e-05,9.0764832519036646e-05,0.00012505142170950398,0.00016453772037067227,0.00020436134916733799
545,7.4000000000000004,4402.8758256306828,1.0694052406988823,27.83147524152281,0,0.0039801839564515785,0.00012520060107726596,6.147253540730097e-05,8.9132048072155157e-05,0.00012280184981297817,0.0001615778225414087,0.0002006850571145304
546,7.4000000000000004,4488.4997025247576,1.0490049669441635,2.0602840467180998,0,0.0039688003432810691,0.00012484251832858582,6.1296719522572102e-05,8.8877123986371635e-05,0.00012245062766591436,0.00016111569831577755,0.00020011108337756521
547,7.4000000000000004,4390.9004559229707,1.0723218459039625,9.7718228927563864,0,0.0038819705137406488,0.00012211120063853887,5.9955663473596915e-05,8.6932660960196948e-05,0.00011977164001027458,0.00015759079219528492,0.00019573303213892362
548,7.4000000000000004,4330.2236648435828,1.0873476398697641,27.711538846038287,0,0.0038281919057689818,0.00012041954163060849,5.9125071868066972e-05,8.572834540005444e-05,0.00011811239194246031,0.00015540761913834992,0.00019302145821912023
549,7.4000000000000004,4305.7605670665671,1.093525385059591,2.0278261037557019,0,0.0037185058840141123,0.00011696925993414971,5.7431010003141652e-05,8.3272041904822397e-05,0.00011472821510101276,0.00015095485294656274,0.00018749097375373233
550,7.4000000000000004,4272.3400580023635,1.1020795203922567,9.5837893675224279,0,0.003689541026815301,0.00011605814186245099,5.6983658014087167e-05,8.2623404285934752e-05,0.00011383455338022288,0.0001497790081595848,0.00018603053522002198
551,7.4000000000000004,4246.511532372615,1.1087826904935207,27.555963263766728,0,0.0036670270906068599,0.00011534994385533551,5.6635938221265092e-05,8.2119228281413281e-05,0.00011313992392509769,0.00014886504216474691,0.00018489535890071137
552,7.4000000000000004,4226.2908159820181,1.1140876686172427,2.0026604929532574,0,0.0035688764334848456,0.00011226251839906078,5.5120035988805978e-05,7.9921247186913227e-05,0.00011011165126563793,0.00014488056063517406,0.00017994649964046732
553,7.4000000000000004,4201.7323570950839,1.1205993342543878,9.4410471648378227,0,0.0035481552663007773,0.00011161071370489264,5.4800004880359711e-05,7.9457218365690583e-05,0.00010947233466913665,0.00014403937311450904,0.00017890171661905094
554,7.4000000000000004,4208.2406791344038,1.1188662534017322,27.438386671884565,0,0.0035535499894235492,0.00011178041002672261,5.4883324473575913e-05,7.9578027535813354e-05,0.00010963877973447878,0.00014425837495586321,0.00017917372422720577
555,7.4000000000000004,4213.096740640618,1.1175766358880075,2.0238391093469978,0,0.003478615785628008,0.00010942328094447481,5.3725992162697992e-05,7.789995458038458e-05,0.00010732681150862848,0.00014121637850152043,0.00017539546293750724
556,7.4000000000000004,4178.830002942439,1.1267408530044305,9.4975143627014234,0,0.0034503999321515949,0.00010853572352154997,5.3290208271588005e-05,7.7268090114828908e-05,0.00010645625903194231,0.00014007093994497424,0.00017397278995846799
557,7.4000000000000004,4200.2813620758279,1.1209864473814428,27.473675253354426,0,0.003468075610984511,0.00010909172938422942,5.356320288811654e-05,7.7663918416405201e-05,0.00010700161223197816,0.00014078849414071297,0.00017486401625728569
558,7.4000000000000004,4158.9930398511924,1.1321150184575299,2.0909277643314481,0,0.0033269939823119877,0.00010465386799289138,5.1384246963269477e-05,7.4504543210001913e-05,0.00010264877699492062,0.00013506120550005809,0.00016775053230334353
559,7.4000000000000004,4158.2391900594394,1.1323202602995444,9.7236860705483288,0,0.0033257233363768249,0.00010461389857525156,5.136462228559275e-05,7.4476088426048517e-05,0.00010260957336187184,0.00013500962290848167,0.00016768646500020867
560,7.4000000000000004,4193.174441641082,1.1228863830032128,27.632758306216882,0,0.0033535043408550913,0.00010548777739524209,5.1793690087514934e-05,7.5098214904056117e-05,0.00010346670930757703,0.00013613740852360014,0.00016908721243585995
561,7.4000000000000004,4044.6920486072549,1.1641080273829936,2.1401673633724316,0,0.0031473410235014088,9.9002707475062839e-05,4.8609570467825432e-05,7.0481403491785168e-05,9.710588854863323e-05,0.00012776809186125691,0.0001586922413564502
562,7.4000000000000004,4147.9154403940292,1.1351384929941082,9.9392742319358121,0,0.0032273073650185267,0.00010151812739872357,4.9844622368463168e-05,7.2272165897302855e-05,9.9573114880009426e-05,0.00013101437079718269,0.00016272422831740214
563,7.4000000000000004,4214.4399918199551,1.1172204352689288,27.799106868563381,0,0.003278946410029928,0.00010314248434936244,5.0642169179764979e-05,7.3428568187427096e-05,0.00010116635034835929,0.0001331106870836537,0.00016532792322468274
564,7.4000000000000004,4082.9615391395873,1.1531968736271996,2.1373859841734513,0,0.0031164744200069473,9.8031768103163671e-05,4.8132846678931006e-05,6.9790178257827574e-05,9.6153551659676245e-05,0.00012651504460604147,0.00015713591477632398
565,7.4000000000000004,4195.0225169878158,1.1223917066020235,10.038113013542024,0,0.0032025175231558999,0.00010073833854077885,4.9461752016661562e-05,7.1717023371033629e-05,9.8808266202006164e-05,0.00013000801312298112,0.00016147429844368425
566,7.4000000000000004,4275.1636720934421,1.10135163077166,27.900727029368571,0,0.0032637792715404929,0.00010266538709047283,5.0407918082825611e-05,7.3088916017640811e-05,0.00010069839392140741,0.00013249496850428137,0.0001645631801657388
567,7.4000000000000004,4343.7362441049281,1.0839650976658455,2.1158175420043923,0,0.0032254794509910083,0.00010146062856513525,4.9816390881926977e-05,7.2231231678494077e-05,9.9516717681705433e-05,0.000130940165591697,0.000162632062971522
568,7.4000000000000004,4311.7359209875922,1.092009939467121,10.072290952053608,0,0.0032027436369236367,0.00010074545117173818,4.9465244263940924e-05,7.172208695187215e-05,9.881524256019717e-05,0.00013001719233947896,0.00016148569933743418
569,7.4000000000000004,4347.6568233279922,1.0829876122724185,27.956473410049217,0,0.0032298476661512961,0.00010159803506937895,4.9883856422224991e-05,7.2329053278680477e-05,9.9651491578573934e-05,0.00013111749576078319,0.00016285231296964329
570,7.4000000000000004,4555.8828462987567,1.0334898066795262,2.0971957327126676,0,0.0032823512047167342,0.00010324958551503641,5.069475503112997e-05,7.3504814995871293e-05,0.00010127139953461497,0.00013324890665282786,0.00016549959655025285
571,7.4000000000000004,4418.969307135053,1.0655105647539567,10.079723616580683,0,0.0031838524269549619,0.00010015120958164255,4.9173476198345925e-05,7.1299038104509263e-05,9.8232386201108966e-05,0.00012925029296866888,0.00016053318468157741
572,7.4000000000000004,4401.909721574948,1.0696399471798443,27.982527883868016,0,0.0031717438044438283,9.9770320951066995e-05,4.898646280042426e-05,7.1027878194425067e-05,9.7858795116042652e-05,0.0001287587365781273,0.00015992265521188136
573,7.4000000000000004,4536.6904428422622,1.037861970393994,2.0884296870260357,0,0.0031809901985436237,0.00010006117537180681,4.9129270091471253e-05,7.1234941499140209e-05,9.8144076980393198e-05,0.00012913409918481863,0.00016038886811769771
574,7.4000000000000004,4429.920516851631,1.0628765153154933,10.10512156193742,0,0.0031057529158477672,9.7694512644655042e-05,4.7967256834025364e-05,6.9550081409396026e-05,9.5822757767250564e-05,0.00012607979907081917,0.00015659532527139642
575,7.4000000000000004,4391.8742898436831,1.0720840742104791,28.016691874911384,0,0.0030791162798987971,9.6856631062302128e-05,4.7555863399847454e-05,6.8953581865188832e-05,9.5000929378633925e-05,0.00012499846974444809,0.00015525227809939492
576,7.4000000000000004,4397.0719594345519,1.0708167902445158,2.0693271314857311,0,0.0030085782167017096,9.4637786906421719e-05,4.6466427927796766e-05,6.7373955870865526e-05,9.2824596641855175e-05,0.00012213493710817397,0.00015169567483775166
577,7.4000000000000004,4375.3615285330743,1.076130155501567,10.078055666915603,0,0.0029933923791577509,9.4160101450380546e-05,4.6231888030564785e-05,6.7033884955351668e-05,9.2356063287175747e-05,0.00012151845943009,0.00015092998895283133
578,7.4000000000000004,4361.4496822996571,1.0795627199792082,28.008728535429874,0,0.0029836418279089979,9.3853388270654313e-05,4.6081294210420344e-05,6.6815531579692946e-05,9.2055226505975663e-05,0.00012112263027832473,0.00015043835591384017
579,7.4000000000000004,4405.3612033782938,1.0688019131019595,2.0253049138117123,0,0.0029159656271956469,9.1724566813997029e-05,4.5036059193621773e-05,6.5299993996173578e-05,8.9967191699834922e-05,0.0001183752765708626,0.00014702605076562247
580,7.4000000000000004,4351.4989938410399,1.0820313847573122,9.9350092372201892,0,0.0028812896070792666,9.0633798495487271e-05,4.4500500310486918e-05,6.4523460869619369e-05,8.8897321698590075e-05,0.00011696758388979317,0.00014527764939681627
581,7.4000000000000004,4371.6476759508132,1.0770443620097547,27.909704323408477,0,0.0028945511094793978,9.1050952096891226e-05,4.4705319531097226e-05,6.4820438316483728e-05,8.930648294436507e-05,0.000117505942092551,0.00014594630828186124
582,7.4000000000000004,4353.6222176204346,1.0815036874396924,2.006099842230507,0,0.0027939983950541194,8.788796756558853e-05,4.3152318371995315e-05,6.2568665666274409e-05,8.6204098866080175e-05,0.00011342394768595348,0.00014087633476851427
583,7.4000000000000004,4341.4081901772242,1.0845463674042737,9.8602571637101022,0,0.0027853695564576042,8.7616538960603763e-05,4.3019049007576022e-05,6.2375431869795024e-05,8.5937870633168452e-05,0.00011307365509477154,0.00014044125966004679
584,7.4000000000000004,4369.6123081481855,1.0775460498625531,27.854157321479597,0,0.0028034488709858859,8.8185241581078571e-05,4.3298277634855438e-05,6.2780299169718287e-05,8.6495677330475728e-05,0.00011380759511022885,0.00014135283769472999
585,7.4000000000000004,4309.7442625604581,1.0925145890857415,2.006956421470889,0,0.0026885424967598289,8.4570748563138435e-05,4.1523589269839964e-05,6.0207091352347759e-05,8.295043533546952e-05,0.00010914290575247193,0.00013555913757265365
586,7.4000000000000004,4360.379450985215,1.0798276927509161,9.8085337243650024,0,0.0027206825938923488,8.5581746929972875e-05,4.2019981718176531e-05,6.0926835141580415e-05,8.3942063718535755e-05,0.00011044765120337609,0.00013717967504008684
587,7.4000000000000004,4387.4881165188544,1.0731558370149348,27.801577302894113,0,0.0027376342160216117,8.6114976876889828e-05,4.2281793534653803e-05,6.1306448952162554e-05,8.4465077372572974e-05,0.0001111358119070419,0.00013803439363913069
588,7.4000000000000004,4539.2484393190225,1.0372771054545393,1.9857961877229131,0,0.0027143494830928244,8.5382532700815415e-05,4.192216905873121e-05,6.0785011762961321e-05,8.3746666287220662e-05,0.00011019055498267455,0.00013686035293929423
589,7.4000000000000004,4465.7263515960876,1.0543544568943479,9.6635470783736288,0,0.0026714456319177956,8.4032949863837187e-05,4.1259534230963638e-05,5.9824224983442075e-05,8.2422940462977261e-05,0.00010844884883859921,0.00013469709568342353
590,7.4000000000000004,4479.7001841826104,1.0510655375332894,27.677750890650714,0,0.0026799562142793675,8.430065860264039e-05,4.1390977169602309e-05,6.0014810555484316e-05,8.2685520099602517e-05,0.00010879434075092982,0.00013512620818827186
591,7.4000000000000004,4750.7665392080908,0.99109447774731696,1.9592257208092785,0,0.0027717067844606875,8.7186763029362474e-05,4.280803231977169e-05,6.2069468410881498e-05,8.5516328892095225e-05,0.00011251900712540741,0.00013975236834031277
592,7.4000000000000004,4607.8526487338304,1.0218335613161773,9.5695139143264569,0,0.0026883275241766816,8.4563986389098327e-05,4.1520269094221524e-05,6.020227726666103e-05,8.2943802719701401e-05,0.00010913417881867412,0.00013554829842913691
593,7.4000000000000004,4582.9705231091566,1.0273813585171352,27.610288193517178,0,0.0026738107181335864,8.4107345976945619e-05,4.1296062152218606e-05,5.9877188610396801e-05,8.2495911201376304e-05,0.00010854486085338328,0.00013481634581545009
594,7.4000000000000004,4810.120755238393,0.97886492287084315,1.9822900865291755,0,0.0027271749736427057,8.5785971120628431e-05,4.2120254230313698e-05,6.1072225181423557e-05,8.4142375124178148e-05,0.00011071121303736474,0.00013750702764872636
595,7.4000000000000004,4703.6218319455802,1.0010282820990075,9.7378988516252996,0,0.0026662543687420389,8.386965357475449e-05,4.1179357004767084e-05,5.9707972085586257e-05,8.2262772810470748e-05,0.00010823810656905698,0.0001344353467395752
596,7.4000000000000004,4614.1901710805641,1.0204300879461217,27.75560876509612,0,0.0026161383828435139,8.2293205946522497e-05,4.0405333303519506e-05,5.8585677107975932e-05,8.071652875721178e-05,0.00010620361973010725,0.00013190844607306355
597,7.4000000000000004,4802.8187159291183,0.98035315521273148,2.1237093353515588,0,0.0025640337710481184,8.065420413478288e-05,3.9600595977676993e-05,5.7418848937684891e-05,7.9108929012509e-05,0.00010408840349628998,0.00012928127679935701
598,7.4000000000000004,4723.2214537661648,0.99687438502835335,10.314990642456049,0,0.0025216391335857709,7.9320639115976375e-05,3.8945825775847618e-05,5.6469465465554024e-05,7.7800914116843656e-05,0.00010236736917135755,0.00012714369463391706
599,7.4000000000000004,4596.7978249627959,1.0242909654426617,28.191281307104489,0,0.0024541699394219785,7.7198329253937633e-05,3.790378790209231e-05,5.4958563576748357e-05,7.5719266147966551e-05,9.9628419012046809e-05,0.00012374182697343254
600,7.4000000000000004,4878.6361181835564,0.965117784564132,2.352523806356138,0,0.0025236361442645462,7.9383457051045714e-05,3.897666890043757e-05,5.6514186426637414e-05,7.7862528506563607e-05,0.0001024484389511966,0.00012724438601062561
601,7.4000000000000004,4768.4030591044648,0.9874287940248383,11.000086024399614,0,0.0024666144428205734,7.7589783348185382e-05,3.8095988861687759e-05,5.5237245187270335e-05,7.61032202702061e-05,0.00010013361067749605,0.00012436929191038873
602,7.4000000000000004,4659.5808785765221,1.0104896995616226,28.647562218043475,0,0.0024103225650446486,7.581906696662471e-05,3.7226580691717387e-05,5.3976647584020675e-05,7.4366429509787965e-05,9.7848410009055111e-05,0.00012153099628632992
603,7.4000000000000004,4930.0300939242743,0.9550567425295301,2.4864320428077096,0,0.0024625000995803547,7.7460362634884273e-05,3.8032444283527703e-05,5.514510878265062e-05,7.5976279162409964e-05,9.9966586582827028e-05,0.00012416184240122378
604,7.4000000000000004,4878.268005737893,0.96519061202412626,11.227736944554749,0,0.0024351642419348533,7.6600486346344441e-05,3.7610251617211815e-05,5.4532950901404193e-05,7.5132877469970461e-05,9.8856871955566497e-05,0.00012278353973660199
605,7.4000000000000004,4796.154842588805,0.98171527746889864,28.741304901747039,0,0.0023940194553565938,7.5306236616393159e-05,3.6974784920840119e-05,5.3611556529853213e-05,7.3863424611194804e-05,9.7186576035331428e-05,0.00012070897636597212
606,7.4000000000000004,5023.8981592372147,0.93721216729257151,2.4474074088457227,0,0.0024191621660941808,7.6097125311865444e-05,3.736310520778228e-05,5.4174601184735146e-05,7.4639160462017386e-05,9.8207258621417118e-05,0.00012197669825912932
607,7.4000000000000004,5053.7073920843895,0.93168403248884546,10.961014374473194,0,0.0024335162326015974,7.6548646591860199e-05,3.758479869513621e-05,5.4496045459665242e-05,7.5082030926984725e-05,9.8789970083062889e-05,0.00012270044537443473
608,7.4000000000000004,4950.2906127331626,0.95114789219944973,28.513606965627467,0,0.0023837178585072102,7.4982189755315825e-05,3.6815680396023125e-05,5.3380863065519518e-05,7.3545586249206218e-05,9.6768376875233609e-05,0.00012018955902880649
609,7.4000000000000004,5216.6073382167006,0.90259016575425421,2.3693730680088612,0,0.0024405731096647804,7.6770627600704464e-05,3.7693789668889651e-05,5.465407682517923e-05,7.5299758943263214e-05,9.9076448005261251e-05,0.0001230562605307115
610,7.4000000000000004,2584.4495329712818,1.821841913338762,10.753183646560318,0,0.0012444922910804347,3.9146729041690665e-05,1.9220743881335181e-05,2.7869100505821629e-05,3.8396706557984412e-05,5.0520869578504341e-05,6.2748608920259135e-05
611,7.4000000000000004,5181.1945508540466,0.90875925153201353,28.224728731410039,0,0.0024230719916076881,7.6220112718918548e-05,3.7423491081888889e-05,5.4262157629220281e-05,7.4759791520972931e-05,9.8365980203108172e-05,0.00012217383576962408
612,7.4000000000000004,2646.2980077463371,1.779262376456886,2.3442719350277299,0,0.0012028897629193813,3.7838080600038883e-05,1.8578207527891462e-05,2.6937455491283136e-05,3.7113130856214951e-05,4.8831991379398815e-05,6.065096573806984e-05
613,7.4000000000000004,2751.8523577402857,1.7110142078778798,10.435019952277489,0,0.0025017401823239039,7.8694698032335088e-05,3.863849350191327e-05,5.6023849308144201e-05,7.7186965603148806e-05,0.00010155955997185097,0.00012614036860321087
614,7.4000000000000004,2662.9342719704055,1.7681467138097646,28.090748017249759,0,0.0012104518711436912,3.8075954151978683e-05,1.8695001618480974e-05,2.7106800979117557e-05,3.7346446926173463e-05,4.9138979446803572e-05,6.1032255180343478e-05
615,7.4000000000000004,2938.9386573389802,1.6020948481922643,2.361929185448985,0,0.0025674995107764957,8.0763222386682229e-05,3.9654123103683277e-05,5.7496460546458547e-05,7.921585855503057e-05,0.00010422909716395294,0.0001294560230379589
616,7.4000000000000004,3005.9245874575772,1.5663927504110486,10.044566177063862,0,0.0026260193925640692,8.2604022825792252e-05,4.0557942008683038e-05,5.8806951964377077e-05,8.1021390614095901e-05,0.00010660474491744184,0.00013240665696527738
617,7.4000000000000004,2934.1137400347739,1.604729366087924,27.682636991614874,0,0.0025632843929185062,8.063063170866184e-05,3.9589022097145325e-05,5.7402067399895774e-05,7.9085808216703408e-05,0.0001040579820665853,0.00012924349236668076
618,7.4000000000000004,3492.546736294416,1.3481447315065951,2.4760159699740898,0,0.0029344840104196602,9.2307080772143987e-05,4.5322069081827794e-05,6.5714693779349645e-05,9.0538545119761226e-05,0.00011912704082876161,0.00014795976710527955
619,7.4000000000000004,3305.3507199648625,1.4244958798580758,9.701297537416135,0,0.0027771994389564412,8.7359539878850408e-05,4.2892864428454254e-05,6.2192470651460273e-05,8.5685795464455241e-05,0.00011274198454632727,0.00014002931375119108
620,7.4000000000000004,3264.4354891521784,1.4423499859997928,27.225281567442046,0,0.002742821920295133,8.6278161217202338e-05,4.2361915794862338e-05,6.1422622152132908e-05,8.4625135221165249e-05,0.00011134640970093171,0.00013829596313938894
621,7.4000000000000004,3793.5724786025808,1.241167397916779,2.6715737541633526,0,0.0030359860726587549,9.5499927972665413e-05,4.6889732582604664e-05,6.7987726078837514e-05,9.3670219720526512e-05,0.00012324757454767969,0.00015307760773289106
622,7.4000000000000004,3468.8779076306851,1.357343385225064,9.6737079294760129,0,0.0027761338618736038,8.7326021103656824e-05,4.287640696677142e-05,6.216860816952195e-05,8.5652918884296505e-05,0.00011269872684098533,0.00013997558623505895
623,7.4000000000000004,3474.8558249167377,1.3550082994274135,27.002134175312658,0,0.0027809179733480328,8.7476510035518445e-05,4.2950295878746858e-05,6.2275743331762417e-05,8.5800524559109378e-05,0.0001128929405565551,0.00014021680616232684
624,7.4000000000000004,4230.4254508759241,1.1129988075078756,2.8092805730128978,0,0.0030406965629809243,9.5648101078772308e-05,4.6962484441886429e-05,6.8093212572535502e-05,9.3815553939099731e-05,0.00012343879957086605,0.00015331511560430733
625,7.4000000000000004,3839.434688196754,1.2263416009004353,9.6933293524610562,0,0.0027596647183021155,8.6807967994318529e-05,4.2622046861207649e-05,6.1799798960555181e-05,8.5144791290812778e-05,0.00011203015262770317,0.00013914519471184449
626,7.4000000000000004,3737.6745961652591,1.2597293747579328,26.884048779448158,0,0.0026865227694173469,8.4507216053069135e-05,4.149239529440258e-05,6.0161861675389998e-05,8.2888120061480082e-05,0.0001090609137768004,0.00013545730079789233
627,7.4000000000000004,4547.0617851520155,1.0354947226472444,2.912304529185926,0,0.0031038171116861482,9.7633620020782795e-05,4.793735902247476e-05,6.9506731104113768e-05,9.5763031801183809e-05,0.00012600121400421841,0.00015649771999159338
628,7.4000000000000004,4095.4895106471031,1.149669281250806,9.807878541249293,0,0.0027955745983892842,8.7937548591777726e-05,4.317666227579226e-05,6.2603963087946006e-05,8.6252729956340693e-05,0.00011348793455328549,0.00014095580859681031
629,7.4000000000000004,3877.2465061485873,1.2143820297752896,26.895574012063371,0,0.002646602272110317,8.3251477546299359e-05,4.0875837313406324e-05,5.9267883978890074e-05,8.1656440579226251e-05,0.0001074403185731077,0.00013344446737869424
630,7.4000000000000004,4989.5541140655232,0.94366317599457528,3.0675276764751835,0,0.003206310971252594,0.00010085766518172258,4.9520340482669972e-05,7.1801973665244445e-05,9.8925306632433629e-05,0.00013016201029750722,0.00016166556808254405
631,7.4000000000000004,4103.6296832233747,1.1473887376644099,10.1532978604966,0,0.0026370117598656685,8.2949798550854289e-05,4.0727715239154536e-05,5.9053114508991331e-05,8.136054153104587e-05,0.00010705098629537838,0.00013296090367444506
632,7.4000000000000004,4026.712927999271,1.1693057256046646,27.085770184021417,0,0.0025875846907307781,8.1395021477009477e-05,3.9964331613996048e-05,5.7946247100248639e-05,7.9835552840319676e-05,0.00010504446642272926,0.00013046873891500954
633,7.4000000000000004,5252.8119400889045,0.89636913252907724,3.2494648662790979,0,0.0021233778661148878,6.6792939236093963e-05,3.2794821165551469e-05,4.7550821798355464e-05,6.5513235735795272e-05,8.6199727397861121e-05,0.00010706294306982243
634,7.4000000000000004,4212.0323205277818,1.1178590579964698,10.791984419921405,0,0.0017026568441393399,5.3558745687878989e-05,2.62969335797111e-05,3.8129215469103633e-05,5.2532599584529363e-05,6.9120319166486279e-05,8.5849747084850971e-05
635,7.4000000000000004,4215.1075984339768,1.117043485159237,27.542519553642308,0,0.0017038999834545574,5.3597849857734183e-05,2.6316133427358104e-05,3.815705427113306e-05,5.2570954547303504e-05,6.9170785111243138e-05,8.5912427475306631e-05
636,7.4000000000000004,4542.8877463262743,1.0364461428490039,3.4679802006832907,0,0.0011446058878742905,3.60047039851391e-05,1.7678033663671818e-05,2.5632249197003728e-05,3.5314880386358136e-05,4.6465924453322083e-05,5.7712231518682642e-05
637,7.4000000000000004,3952.9781472134296,1.1911167496321733,11.998735387811264,0,0.00099597487646438864,3.1329369334568894e-05,1.5382480188886259e-05,2.2303813476708249e-05,3.072912170273638e-05,4.0432164343613603e-05,5.0218099754888756e-05
638,7.4000000000000004,3711.5279593282044,1.2686038024426234,28.530755187127973,0,0.00093514015588268956,2.9415753364419976e-05,1.4442909416311781e-05,2.0941483670178844e-05,2.8852169204553727e-05,3.7962544397888978e-05,4.7150749223339701e-05
639,7.4000000000000004,4078.0527391020496,1.1545849902648955,3.7640790094219532,0,0.0009597416477519665,3.0189617488071419e-05,1.4822870768991273e-05,2.1492408295756712e-05,2.961120666180722e-05,3.8961255897407656e-05,4.8391182292491132e-05
640,7.4000000000000004,3687.2090200704074,1.2769708623640661,13.330941125491451,0,0.0008677592681911936,2.7296221269321527e-05,1.3402235404831265e-05,1.9432559312266199e-05,2.6773245782649095e-05,3.5227179089847952e-05,4.3753334067973093e-05
641,7.4000000000000004,3239.0203979103785,1.4536674375726333,29.566862116069498,0,0.00076228116031604545,2.3978303642661219e-05,1.1773163283543989e-05,1.707048763805411e-05,2.351889701295332e-05,3.094523554584945e-05,3.8435017041709732e-05
642,7.4000000000000004,3196.5275128620183,1.4729916958731701,3.9934241665296657,0,0.00053987206926032615,1.6982206932083669e-05,8.3381334270302044e-06,1.2089869150928697e-05,1.6656840360372142e-05,2.1916412496616551e-05,2.7220916982600861e-05
643,7.4000000000000004,2998.0740645103292,1.5704943843156509,14.10204805113546,0,0.00050635461215026796,1.5927882352447415e-05,7.8204681403237995e-06,1.1339280828610674e-05,1.5622715862817054e-05,2.055575233713074e-05,2.5530931577890415e-05
644,7.4000000000000004,2905.4502696831255,1.620560685965341,30.108623884605795,0,0.00049071107410002485,1.5435799476807758e-05,7.5788592204319761e-06,1.0988960189974679e-05,1.514006093249011e-05,1.9920694047700468e-05,2.4742167952531441e-05
645,7.4000000000000004,4669.5001102619954,1.008343156846331,4.1361364366274174,0,0.000391929619117883,1.2328531653418775e-05,6.0532145378208609e-06,8.7768530385365859e-06,1.2092326071049409e-05,1.5910604921640037e-05,1.9761503201392389e-05
646,7.4000000000000004,4637.508989552387,1.0152990522893481,14.553000049609224,0,0.00038863497266907983,1.2224895308907961e-05,6.0023298870874932e-06,8.7030728844360501e-06,1.1990675322536396e-05,1.5776856882588095e-05,1.9595383665716528e-05
647,7.4000000000000004,4624.4284259763936,1.0181709064037974,30.416863612981807,0,0.00038747224347090932,1.2188320518372193e-05,5.984371945297445e-06,8.677034782700012e-06,1.1954801278037661e-05,1.572965523208619e-05,1.9536757637850315e-05
648,7.4000000000000004,3818.1085373992232,1.2331913658177791,4.1687754337342824,1,0.00087202304485620662,2.7430342557975424e-05,1.3468087929457415e-05,1.9528042121812945e-05,2.690479740623782e-05,3.5400269519052604e-05,4.3968318167427785e-05
649,7.4000000000000004,3905.9252580197199,1.2054655865235451,14.875307474360385,1,0.00089207962610702012,2.8061242047956678e-05,1.3777854742896165e-05,1.9977188237613168e-05,2.7523609326860707e-05,3.6214477797260038e-05,4.4979592067800505e-05
650,7.4000000000000004,3906.7135193143658,1.2052223585880473,30.706532040626101,1,0.00089225965818509406,2.8066905134043819e-05,1.3780635274754727e-05,1.9981219867309933e-05,2.7529163912391185e-05,3.6221786301460111e-05,4.4988669474339e-05
651,7.5,3779.9720350921202,1.7595035945993511,3.1510112891049711,1,0.021058265566022201,0.00053442437229884565,0.00028412977504506989,0.00039132120803727027,0.00052696314465516835,0.00067390122044581175,0.00085282372062688819
652,7.5,3716.3493139537622,1.7896257378868015,12.611355482958857,1,0.020955008894956304,0.00053180388670153703,0.00028273657888511672,0.00038940241158498269,0.00052437924428973162,0.00067059682690816182,0.00084864200214101006
653,7.5,3674.7801597040443,1.809870004241356,29.460344193853885,1,0.020714093844930264,0.00052568985637060364,0.00027948601968050122,0.00038492553916094678,0.00051835057341185456,0.0006628871251890292,0.00083888535486756463
654,7.5,5312.1246682233668,1.2520177515814941,2.5834414680046733,0,0.0056386747884670241,0.00014310035292203983,7.6080121327013638e-05,0.00010478227767782008,0.00014110249435797558,0.00018044742620095756,0.0002283566800612742
655,7.5,4551.1709301491846,1.4613545580481193,11.417064096285912,0,0.0048240581609041945,0.00012242671394239316,6.5088862886866544e-05,8.9644432550656139e-05,0.0001207174850416559,0.00015437827355451098,0.00019536610061281253
656,7.5,4293.7980325924109,1.5489490499426442,28.83362262828124,0,0.0045474105064655795,0.00011540584849610215,6.1356179605047835e-05,8.4503548844152215e-05,0.00011379463959232926,0.00014552506618208303,0.00018416234400610887
657,7.5,6535.5159792466329,1.0176510017494096,2.3453965925522855,0,0.011002684331859688,0.00027923015070833198,0.00014845430713664084,0.00020446051033486809,0.00027533175118278012,0.00035210508558615624,0.00044558988770280821
658,7.5,5268.6781912656807,1.2623421172800626,10.956175976262557,0,0.008885860741825612,0.00022550862673834801,0.00011989295157006792,0.00016512403403026241,0.00022236024637449931,0.00028436303929464332,0.00035986215460419698
659,7.5,4608.4318457193967,1.4431968630299616,28.610779383710273,0,0.0076840271283369387,0.00019500805334199577,0.00010367714722609016,0.00014279061915258961,0.0001922854988445722,0.0002459022678524962,0.00031118994982947697
660,7.5,6215.6592141162,1.0700191490751303,2.253281500351088,0,0.013684707540484497,0.00034729551750059816,0.00018464164880269856,0.00025429996927285825,0.0003424468409618499,0.00043793450529261798,0.00055420723818762937
661,7.5,5217.4457463199242,1.2747376219332496,10.806557769752398,0,0.011479287987352958,0.00029132557274694952,0.00015488490746297818,0.00021331713329072701,0.00028725830611511604,0.00036735723368443477,0.00046489152018853265
662,7.5,4454.1208996031892,1.4931957468469537,28.553276269401312,0,0.0097984406271045873,0.00024866841313356226,0.00013220598450727907,0.00018208230925090011,0.00024519669340229222,0.00031356718702065992,0.00039682007835593381
663,7.5,5454.3153626637177,1.2193784079220402,2.2654898173522717,0,0.011522470442141799,0.00029242147289231034,0.00015546754904504866,0.00021411958353626144,0.00028833890613405463,0.0003687391475411486,0.00046664033571388355
664,7.5,4777.9293689769047,1.3919993096619923,10.832069707535863,0,0.010093325781333751,0.00025615211652570905,0.00013618473823096905,0.00018756209648330182,0.00025257591500520783,0.00032300402618974265,0.00040876242249623777
665,7.5,4197.4303413723137,1.5845109608311365,28.56657989018359,0,0.0088629380742432842,0.00022492688688918082,0.00011958366625104771,0.00016469806704159329,0.00022178662833576782,0.00028362947395844918,0.00035893382579226495
666,7.5,5134.695295734542,1.2952812192681769,2.3135201291771237,0,0.010490046740649583,0.00026622024625820953,0.00014153751700435232,0.00019493427652189277,0.00026250348114859441,0.00033569978870737118,0.00042482894248163964
667,7.5,4565.2922536824572,1.4568343084421111,10.985563993168491,0,0.0093254158454003644,0.00023666381706407552,0.0001258236723270575,0.00017329219173491952,0.00023335969639581145,0.000298429569124629,0.00037766338413451519
668,7.5,4109.8197346667112,1.6182885899176711,28.672043863991366,0,0.0083946978703566353,0.00021304371558703096,0.00011326591024306788,0.00015599686030345674,0.00021006936085614153,0.00026864497089613867,0.00033997089878511284
669,7.5,4894.0865275838287,1.3589613395154034,2.3788708797075664,0,0.0096310404147520335,0.00024442006926456118,0.00012994732818398852,0.0001789715472027097,0.00024100766168737365,0.00030821008830549806,0.00039004065621004802
670,7.5,4436.024450879635,1.4992871335302906,11.262834334170426,0,0.0087284674058254203,0.0002215142410406178,0.00011776931356146174,0.00016219922760745857,0.00021842162725953032,0.00027932617807318981,0.00035348799382686584
671,7.5,4032.9486261682505,1.6491344174519476,28.883963454462858,0,0.0079340690988195413,0.00020135371000135251,0.00010705085189337667,0.00014743709517135291,0.00019854256225979895,0.0002539040469421656,0.00032131622176347329
672,7.5,4805.5397500109129,1.3840015334832068,2.4119900321416288,0,0.0091016039792228779,0.00023098383759378478,0.00012280387874576501,0.00016913314408823369,0.00022775901648975459,0.00029126719911393709,0.0003685993865400549
673,7.5,4452.5391093969138,1.4937262132505906,11.453893281882342,0,0.0084315684441588594,0.00021397943050613356,0.00011376338843315739,0.00015668201822570244,0.00021099201203342606,0.00026982489355434407,0.0003414640939313644
674,7.5,4171.3583042757009,1.5944145523083859,29.041903249740713,0,0.0078972253589093544,0.00020041867608258502,0.00010655373576101146,0.00014675243589753654,0.00019762058257523956,0.00025272498301529949,0.00031982411334393121
675,7.5,4683.0127560341152,1.4202127411803187,2.3763166076539477,0,0.0085611773728284241,0.00021726869334363523,0.00011551214383902209,0.00015909051299847356,0.00021423535267859784,0.00027397260528954146,0.00034671303375634176
676,7.5,4498.4185439842204,1.4784916783974869,11.419306781099984,0,0.008219581153762482,0.00020859953944861865,0.00011090313857336259,0.0001527427041209213,0.00020568723093338865,0.00026304093058886489,0.00033287897142188504
677,7.5,4348.530129220253,1.5294534441738354,29.042990173446036,0,0.0079439676905832778,0.00020160492008669366,0.00010718440917245436,0.0001476210385675794,0.00019879026514050974,0.00025422081914020645,0.00032171709779148466
678,7.5,4499.3271072996658,1.4781931219091171,2.3095845408665587,0,0.0079006403308042577,0.00020050534248944698,0.00010659981245204957,0.00014681589558385958,0.00019770603901147858,0.00025283426807111518,0.00031996241386199223
679,7.5,4492.3182594898453,1.4804993767260142,11.253715910603429,0,0.0078862486513985013,0.00020014010518114951,0.00010640563194752236,0.00014654845810886484,0.00019734590086939138,0.00025237370923328507,0.00031937957547302774
680,7.5,4474.2570207556328,1.4864757103529964,28.944131369736873,0,0.0078522538500311462,0.00019927737266762824,0.00010594695527090217,0.0001459167400456486,0.00019649521317270974,0.00025128581630789445,0.00031800284418938117
681,7.5,4597.7405187441964,1.4465527917713363,2.2565201343334831,0,0.0078295912154866688,0.00019870223203208545,0.00010564117846156034,0.00014549560519484868,0.00019592810221438856,0.00025056057248236863,0.00031708504627051492
682,7.5,4570.5862692063156,1.4551468874001883,11.064754693080751,0,0.0077862504775026041,0.00019760231491785382,0.00010505640123500807,0.00014469021360682935,0.00019484354130845102,0.00024917359328738639,0.00031532982054661084
683,7.5,4638.7300213343933,1.4337705261226641,28.808234558747266,0,0.0079026102064647073,0.00020055533471506699,0.00010662639110481256,0.00014685250135847635,0.00019775533328357121,0.0002528973075274057,0.00032004219045539921
684,7.5,4898.2151581341586,1.3578158918121266,2.213237027168558,0,0.0080716874631399978,0.00020484623922880331,0.0001089076750383717,0.00014999442755968061,0.00020198633144379195,0.00025830807458539901,0.00032688953002660618
685,7.5,4758.0386665577898,1.3978184813788397,10.843188426637735,0,0.0078407712137371563,0.00019898596212032974,0.0001057920251862327,0.00014570336069149768,0.00019620787107839331,0.00025091835192255868,0.00031753781706850347
686,7.5,4777.4831266775354,1.3921293297910422,28.629951399469178,0,0.0078739439476357455,0.00019982783190469579,0.0001062396100735391,0.00014631980245221135,0.00019703798731551662,0.00025197993725539129,0.00031888125602638268
687,7.5,5072.0414789611041,1.311281544288927,2.2097723514615364,0,0.0080611172671561978,0.00020457798492571233,0.00010876505610341509,0.00014979800388705653,0.00020172182230376894,0.00025796980988114303,0.00032646145517692789
688,7.5,4901.659304285361,1.3568618237940295,10.758931596811216,0,0.0077910089055719034,0.00019772307604730638,0.00010512060458037189,0.00014477863844954012,0.00019496261646262988,0.00024932587128356087,0.00031552252874081957
689,7.5,4831.3894926639205,1.3765966071103213,28.549159245349678,0,0.0076808422467156152,0.00019492722625032548,0.0001036341750403812,0.00014273143518420416,0.00019220580019943615,0.00024580034608667669,0.0003110609675737666
690,7.5,5162.6211784607995,1.2882747258268761,2.2591697119623042,0,0.0077138423388771063,0.00019576471466948878,0.00010407943054981118,0.00014334466878074555,0.00019303159624065372,0.00024685640658286188,0.00031239741483671702
691,7.5,5003.4912328889404,1.3292467346624077,10.913096447466717,0,0.0074737410017152502,0.0001896713350414971,0.0001008398504095601,0.00013888291740739685,0.00018702328775627069,0.0002391727450943716,0.0003026737215418497
692,7.5,4838.7342743610297,1.3745070520756959,28.65392673550441,0,0.0072303600581253057,0.00018349472436101331,9.7556020004075747e-05,0.0001343602218150049,0.00018093291022820698,0.00023138413048105999,0.00029281720979869069
693,7.5,5044.0584498641847,1.3185561684775264,2.3013770631736756,0,0.0070762970896211452,0.00017958485794873947,9.5477317157128448e-05,0.0001314973028932238,0.00017707763040455157,0.00022645384682712133,0.0002865779232060409
694,7.5,4990.8217748818333,1.332621095929053,11.073213122131124,0,0.0069996534791697011,0.00017763976834590342,9.4443199141666241e-05,0.00013007305120752992,0.00017515969666710333,0.00022400111763816384,0.00028347398813491408
695,7.5,4878.1403474059643,1.3634036558145211,28.771836058957447,0,0.0068389251802539715,0.00017356074673847836,9.2274563967457578e-05,0.00012708627188801354,0.00017113762326480139,0.00021885753178775756,0.00027696476706627523
696,7.5,4886.7175193280746,1.3610106082301452,2.3009914134834712,0,0.0065790711727924779,0.00016696607661279521,8.8768469866159721e-05,0.00012225746090192596,0.0001646350229203504,0.00021054175040410042,0.00026644112442494167
697,7.5,4874.9663077084297,1.3642913537090637,11.087731537099877,0,0.0065640472734828804,0.00016658479459634237,8.8565759100747813e-05,0.0001219782750207892,0.00016425906407415073,0.00021006095942685446,0.00026583268221172307
698,7.5,4864.9184454011665,1.3671091217401017,28.786740123616404,0,0.0065503580752498342,0.00016623738511240203,8.8381056861035418e-05,0.00012172389160194484,0.00016391650485786212,0.0002096228812115688,0.00026527829310817117
699,7.5,4906.6149010874096,1.3554914166497221,2.2716072022420937,0,0.0063353507343536794,0.00016078085010775889,8.548005880825975e-05,0.00011772845654996597,0.00015853614985534016,0.0002027422713635994,0.00025657086372134587
700,7.5,4852.8682060824422,1.3705038135784522,11.007115496252023,0,0.0062663021034728948,0.00015902850867674861,8.454841646108646e-05,0.00011644534073186243,0.00015680827328597152,0.00020053259476536365,0.00025377451232634033
701,7.5,4854.7233242611801,1.3699801078245337,28.735508294009929,0,0.0062685322728267883,0.00015908510673100611,8.4578507140437408e-05,0.00011648678348805511,0.00015686408116113372,0.00020060396407375601,0.00025386483036891856
702,7.5,4923.0513895758277,1.3509658658677239,2.2419736877688168,0,0.0060606205725289696,0.00015380864749095692,8.177324739814535e-05,0.00011262320519522071,0.00015166128784199537,0.00019395042709862467,0.00024544476228430181
703,7.5,4821.2621948543656,1.3794882158302761,10.936176882508073,0,0.0059364653274597374,0.0001506577902322854,8.0098076110102275e-05,0.00011031605504876957,0.00014855442046196384,0.00018997724274901211,0.00024041668731282224
704,7.5,4852.7723991435569,1.3705308710549442,28.694203194739256,0,0.0059744815748812123,0.0001516225804758922,8.0611012362808183e-05,0.00011102250277683027,0.00014950574103612989,0.00019119382896090977,0.00024195628028018259
705,7.5,4814.3744061713696,1.3814618104283909,2.2346370449074326,0,0.0054920485491732349,0.00013937921854601792,7.4101758946900552e-05,0.00010205755389130903,0.00013743331163706398,0.00017575513085024748,0.00022241856827595122
706,7.5,4727.9505021248897,1.4067140466552046,10.940753423502409,0,0.0053905942938782371,0.00013680447531595055,7.2732881978189315e-05,0.00010017225134262151,0.00013489451501863959,0.00017250841776039852,0.00021830984454450985
707,7.5,4826.3708608027746,1.378028041161214,28.706116378594977,0,0.0055002032046036599,0.00013958617037669241,7.4211786071677407e-05,0.00010220909009471367,0.00013763737416328314,0.00017601609404446921,0.00022274881786667851
708,7.5,4500.9013226825018,1.4776761156064939,2.2509561900108586,0,0.0047485334843306148,0.00012051002105311582,6.4069842146629192e-05,8.8240973771929189e-05,0.00011882755156439488,0.00015196135220089143,0.00019230748044902525
709,7.5,4560.3647192559001,1.4584084371907013,10.965905143482402,0,0.0048086221128468883,0.00012203497226414634,6.4880591182420768e-05,8.9357587798215895e-05,0.00012033121256352498,0.00015388429309861517,0.00019474096708057859
710,7.5,4809.1818175604276,1.3829534077801666,28.714948953471545,0,0.0050679235503374919,0.00012861561906682984,6.8379229703816586e-05,9.4176130495689857e-05,0.00012681998536797324,0.00016218239127960792,0.00020524223158364607
711,7.5,4230.6673435563516,1.572062713311513,2.3671771709584313,0,0.0042290836293172717,0.00010732723247844068,5.706113718042933e-05,7.8588149129685706e-05,0.00010582881108264452,0.00013533805100087641,0.00017127065020093672
712,7.5,4354.7830816008081,1.5272573302973254,11.179111933725235,0,0.0043539514961550702,0.00011049617491322315,5.8745923555819461e-05,8.0908541772793327e-05,0.0001089535111472785,0.0001393340404897844,0.00017632758513460846
713,7.5,4760.3195621593413,1.3971487200352342,28.811934762766803,0,0.0047578179850041166,0.0001207456465099697,6.4195113768809902e-05,8.8413505645847603e-05,0.00011905988739737801,0.00015225847241316564,0.0001926834868387117
714,7.5,4123.6508628638639,1.612860691753762,2.904013068491647,0,0.0039081794757820764,9.9183209397173472e-05,5.2731320716242396e-05,7.2624856443882096e-05,9.7798488673154921e-05,0.00012506855848092106,0.0001582745811123179
715,7.5,4332.7311586412261,1.5350304784004576,12.291553279648888,0,0.0041034697120853909,0.00010413935650365175,5.5366284680173482e-05,7.6253892792982165e-05,0.00010268544181372568,0.0001313181865983622,0.00016618350150294229
716,7.5,4657.7470282850172,1.4279166178070566,29.387540211157244,0,0.0044145635870727123,0.00011203441074469862,5.9563735436073665e-05,8.2034883188005945e-05,0.0001104702712970613,0.00014127373309718878,0.00017878227109767103
717,7.5,4097.9998559036758,1.6229562267183104,3.9271521744179156,0,0.0042719761416645779,0.00010841577435838144,5.763986669859164e-05,7.9385211437351907e-05,0.00010690215556668252,0.00013671068619384671,0.00017300772355355348
718,7.5,4354.9085862801749,1.5272133160688399,14.448085579131146,0,0.0045315748210811684,0.00011500396467547351,6.1142515772580209e-05,8.4209277717439641e-05,0.00011339836656871406,0.00014501829663481463,0.00018352102584598455
719,7.5,4484.0250274773944,1.4832375694770004,30.520933404713233,0,0.0046582822263774954,0.0001182195915906533,6.2852122219061654e-05,8.6563854107046486e-05,0.00011656909934044736,0.00014907315456226389,0.00018865245893941784
720,7.5,4146.6121687085852,1.6039296931164286,4.8683608966847549,0,0.0047755006516090864,0.00012119440369613504,6.4433698094233812e-05,8.8742098826301267e-05,0.00011950237937616085,0.00015282434858033929,0.00019339960457772376
721,7.5,4270.6396388896164,1.5573485345532134,16.480164017217366,0,0.0049189065119432298,0.00012483381011604028,6.6368609338901031e-05,9.1406979005043427e-05,0.00012309097516467597,0.0001574135861885017,0.0001992072965258772
722,7.5,4300.0322059985701,1.5467033883959289,31.611803120532613,0,0.004953051116567235,0.00012570034439144705,6.6829307243978028e-05,9.2041480829874609e-05,0.00012394541154592785,0.0001585062730793387,0.00020059009458507551
723,7.5,4334.1046739197791,1.5345440139576825,5.1856673239498958,0,0.0049163187666879408,0.00012476813736965995,6.6333694047565476e-05,9.1358891492982302e-05,0.00012302621929135782,0.00015733077382770803,0.00019910249727117453
724,7.5,4288.6001508161726,1.5508264117287474,17.189148473068407,0,0.0048655684589988708,0.00012348017748304579,6.5648942805258525e-05,9.0415809468924542e-05,0.00012175624092356665,0.00015570667548103089,0.00019704719665343578
725,7.5,4226.8671564628248,1.5734760845418361,32.003481149118514,0,0.0047960057865607999,0.00012171479051722036,6.4710364724865525e-05,8.9123141327409187e-05,0.00012001550095124291,0.00015348054865655362,0.00019423002745498543
726,7.5,4603.5528384704558,1.4447264138363582,4.6438202815680878,0,0.0051179675788132813,0.00012988565474102289,6.9054451436043095e-05,9.5106087885428326e-05,0.00012807228976759888,0.00016378388745981923,0.00020726892910182836
727,7.5,4483.2239581185149,1.483502596649398,16.071809833589402,0,0.0049837336648736862,0.00012647901733427771,6.7243293168924663e-05,9.2611648008709854e-05,0.00012471321324787285,0.00015948816813072736,0.00020183268528766607
728,7.5,4400.3151588054225,1.5114540989003067,31.427989552021316,0,0.0048910234347719688,0.00012412618317647622,6.5992395428054668e-05,9.0888833794639223e-05,0.0001223932275755992,0.00015652127909528048,0.00019807807961382107
729,7.5,4571.1315726063149,1.4549732987531339,3.4781792431709144,0,0.004988784364463413,0.00012660719583736701,6.7311440003418229e-05,9.2705504070059674e-05,0.00012483960221994496,0.00015964979932523151,0.00020203722997831852
730,7.5,4626.9126324939616,1.4374324547478452,13.643790376997746,0,0.0050486589919211096,0.00012812671605119395,6.8119301618475072e-05,9.3818141360821745e-05,0.0001263379080453342,0.00016156589181589629,0.00020446204993319704
731,7.5,4720.3247117634519,1.408986624724156,30.165611133826832,0,0.0051496368399873279,0.00013068936884421173,6.9481750637157935e-05,9.5694590936708674e-05,0.00012886478302421867,0.00016479735904364437,0.00020855147998709848
732,7.5,4405.0185893637772,1.5098402534074673,2.5060960065655209,0,0.0047467537293257277,0.00012046485377908983,6.4045828706985332e-05,8.8207900968457342e-05,0.0001187830148815826,0.00015190439693711969,0.00019223540341683503
733,7.5,4575.513125379628,1.4535800031559936,11.556884667637686,0,0.004930685440128554,0.00012513274006742013,6.6527537157769852e-05,9.162586428751904e-05,0.00012338573168285859,0.00015779053243104702,0.0001996843229613408
734,7.5,4850.8865907099216,1.371063672353606,29.050788661072165,0,0.0052271250270057431,0.00013265589242033714,7.0527264147145994e-05,9.7134537206623243e-05,0.00013080385149008214,0.00016727711615555486,0.00021168961896395248
735,7.5,4539.2352914393423,1.4651970995583021,2.1527586125779794,0,0.0048231801153989966,0.00012240443058213757,6.5077015810900631e-05,8.9628116020373596e-05,0.00012069551278477089,0.00015435017456717014,0.00019533054127235901
736,7.5,4568.9484438399268,1.4556685121270376,10.642632828637606,0,0.0048556165422492708,0.0001232276140966928,6.551466603595547e-05,9.0230875145984701e-05,0.00012150720363560607,0.00015538819679045195,0.00019664416105474633
737,7.5,4805.8073717051293,1.3839244623884788,28.489874216059626,0,0.0051079874130384824,0.00012963237444056733,6.8919793515255845e-05,9.4920628616944799e-05,0.00012782254557454654,0.000163464504751172,0.00020686474946595795
738,7.5,4724.7118180977213,1.4076783175968193,2.1077999076470721,0,0.0048942901881517537,0.0001242090880396034,6.6036472272845888e-05,9.0949539168257444e-05,0.00012247497498392337,0.00015662582090014235,0.00019821037753565057
739,7.5,4622.9899882214231,1.4386521277733424,10.319124842402713,0,0.0047893322946665068,0.00012154542819697288,6.4620322278361768e-05,8.8999129266600373e-05,0.0001198485031392236,0.00015326698527840649,0.00019395976245291198
740,7.5,4679.3446401004985,1.4213260391708973,28.211324934755638,0,0.0048496198273331173,0.00012307542727034318,6.5433755039045766e-05,9.0119439485821374e-05,0.00012135714152626904,0.00015519629145579886,0.0001964013043621902
741,7.5,4648.4540412617016,1.4307712465679028,2.1393495708159072,0,0.0046760448418230139,0.00011867037774776083,6.3091785258494998e-05,8.6893932959564011e-05,0.00011701359196321938,0.00014964158923175342,0.00018937181446966405
742,7.5,4514.8942339444957,1.4730963868934281,10.275595099455821,0,0.0045418320901829566,0.00011526427740560016,6.1280912524835544e-05,8.4399886337294428e-05,0.00011365504500998959,0.00014534654713315053,0.00018393642769242021
743,7.5,4447.4047909516066,1.4954506495026123,28.136245528639911,0,0.0044742249486188672,0.00011354851861815256,6.036871954940649e-05,8.3143557404322216e-05,0.00011196324034506773,0.00014318300070678171,0.00018119845414807164
744,7.5,4420.7663718531576,1.5044618565630294,2.2026311593563199,0,0.0043958973904305908,0.00011156069317321124,5.9311880778991627e-05,8.1688013280958982e-05,0.00011000316741092002,0.00014067638225370317,0.00017802632207516593
745,7.5,4351.3550379598319,1.5284605198172765,10.428400333702321,0,0.0043268765293711384,0.00010980905649489236,5.8380613117618714e-05,8.0405413503457007e-05,0.00010827598575502038,0.00013846759433817628,0.00017523109531040478
746,7.5,4263.9179607325168,1.5598035526197196,28.225769174346002,0,0.0042399313286345273,0.00010760252936271328,5.7207500343962676e-05,7.8789729586914952e-05,0.00010610026448067357,0.00013568519629572552,0.00017170996346075763
747,7.5,4320.6754584749087,1.53931357426628,2.2190031625713647,0,0.0042472318746290382,0.00010778780529146074,5.7306003351469313e-05,7.8925394058851014e-05,0.00010628295372746389,0.00013591882649856426,0.00017200562308087813
748,7.5,4294.1720071794452,1.5488141537204339,10.494146294102617,0,0.0042215240131725541,0.00010713538177258389,5.6959138655057353e-05,7.8447670413013898e-05,0.00010563963885079491,0.0001350961301014531,0.00017096449868305238
749,7.5,4227.5587448722636,1.5732186788170974,28.275143131531255,0,0.0041558435856683265,0.00010546851983985649,5.6072941972185652e-05,7.7227145191942058e-05,0.00010399604837980336,0.0001329942418848889,0.00016830455376114491
750,7.5,4423.3695077288266,1.5035764865695096,2.1925209338577183,0,0.0042506577057659627,0.00010787474728814192,5.7352226561411507e-05,7.8989055540126845e-05,0.00010636868190594617,0.00013602845906906142,0.00017214436337965874
751,7.5,4337.8099469427389,1.5332332362594872,10.429747292585422,0,0.004168724703382456,0.00010579542156057506,5.6246741142253583e-05,7.7466512224756798e-05,0.00010431838614670204,0.00013340646011440274,0.00016882621698646397
752,7.5,4284.768561701092,1.5522132146594054,28.237226358727703,0,0.0041177835982151552,0.00010450261954571346,5.5559415554761406e-05,7.6519884652304391e-05,0.00010304363325278453,0.00013177625591570115,0.00016676318939734856
753,7.5,4560.2568713084274,1.4584429278698379,2.1627085603986336,0,0.0042898308268338563,0.00010886889709464236,5.7880771993699749e-05,7.9717001201692265e-05,0.00010734895214706244,0.00013728206725505181,0.00017373080775006275
754,7.5,4424.7983225252565,1.5030909656090088,10.29839396301022,0,0.004162596031871758,0.00010563988589146396,5.6164049713930563e-05,7.7352624443651993e-05,0.00010416502194860555,0.00013321033193861248,0.00016857801627763225
755,7.5,4359.2977959287455,1.5256756235926401,28.135685402611585,0,0.0041010563937328862,0.00010407811042706245,5.5333722853157885e-05,7.6209046618442303e-05,0.00010262505080839323,0.00013124095620263096,0.00016608576623932395
756,7.5,4674.5458003044569,1.4227851576074906,2.1291530494386892,0,0.0043102499999777763,0.0001093871023455016,5.815627878003972e-05,8.0096446293062646e-05,0.00010785992260934686,0.00013793551640351278,0.0001745577493212062
757,7.5,4488.7878291483748,1.4816637890616078,10.10621759692749,0,0.0041392076257387896,0.00010504632635886646,5.584848039259266e-05,7.6918002735927544e-05,0.00010357974924389679,0.00013246186215662241,0.00016763082585136873
758,7.5,4408.2737699663558,1.5087253492607764,27.977064547488801,0,0.0040650157379094201,0.00010316345747023144,5.4847442375808367e-05,7.5539310883033478e-05,0.0001017231675422418,0.00013008759236699343,0.00016462618135106065
759,7.5,4666.2709514559101,1.4253082284376328,2.0915520445563565,0,0.0042171281257927431,0.00010702382133346386,5.6899826909347181e-05,7.8365982585758132e-05,0.00010552963593389026,0.00013495545403955668,0.00017078647276639019
760,7.5,4483.4704532371243,1.4834210356906872,9.9230272860791633,0,0.0040516422509596075,0.00010282406022280892,5.4666999887479727e-05,7.5290794258885881e-05,0.00010138850870170324,0.00012965961746332251,0.00016408457801423616
761,7.5,4402.8758256306828,1.5105750529034998,27.83147524152281,0,0.0039787565498781092,0.000100974340219615,5.3683585665289338e-05,7.3936374992663147e-05,9.9564613085899306e-05,0.0001273271479274115,0.00016113283184207672
762,7.5,4488.4997025247576,1.4817589003043774,2.0602840467180998,0,0.0039673770191933468,0.00010068554632421119,5.3530046738569894e-05,7.3724911627814932e-05,9.9279851111768922e-05,0.00012696298310137117,0.00016067198032193892
763,7.5,4390.9004559229707,1.5146948672585179,9.7718228927563864,0,0.0038805783292863738,9.8482737397499639e-05,5.2358910770123011e-05,7.2111950290426632e-05,9.7107796132125723e-05,0.00012418527366096088,0.00015715678191018353
764,7.5,4330.2236648435828,1.5359193653729786,27.711538846038287,0,0.0038268190078450197,9.7118413658375349e-05,5.1633560248741359e-05,7.1112952412669868e-05,9.5762520045999545e-05,0.00012246488162695964,0.00015497962138448634
765,7.5,4305.7605670665671,1.5446456623947216,2.0278261037557019,0,0.0037171723226007711,9.4335759942066683e-05,5.0154146480536577e-05,6.9075411704840018e-05,9.3018715629810913e-05,0.00011895599649241365,0.00015053911825894478
766,7.5,4272.3400580023635,1.5567286997138958,9.5837893675224279,0,0.0036882178530192196,9.3600942813711432e-05,4.9763476750260707e-05,6.8537357040309005e-05,9.2294157460730945e-05,0.00011802940297372177,0.00014936651178763314
767,7.5,4246.511532372615,1.5661971791499238,27.555963263766728,0,0.0036657119909452632,9.3029780807314983e-05,4.9459815201866787e-05,6.8119135458522562e-05,9.1730969584954348e-05,0.00011730917614063937,0.0001484550628855547
768,7.5,4226.2908159820181,1.5736906599230835,2.0026604929532574,0,0.0035675965334257555,9.0539770809422172e-05,4.8135987140811156e-05,6.6295877068923105e-05,8.9275723217599945e-05,0.00011416931040194904,0.00014448155475068689
769,7.5,4201.7323570950839,1.5828886321135811,9.4410471648378227,0,0.0035468827974384789,9.0014090034894114e-05,4.7856505949544194e-05,6.5910958179753773e-05,8.8757381599236833e-05,0.00011350643472882898,0.00014364268388844195
770,7.5,4208.2406791344038,1.5804405903413379,27.438386671884565,0,0.003552275585860912,9.0150950193607725e-05,4.7929268435919328e-05,6.6011171204114188e-05,8.8892331020243783e-05,0.00011367901336252935,0.00014386108259143834
771,7.5,4213.096740640618,1.5786189571849989,2.0238391093469978,0,0.0034773682555908777,8.8249924544812699e-05,4.6918577273718736e-05,6.4619184438622292e-05,8.7017846049339457e-05,0.00011128184816717898,0.00014082746389654479
772,7.5,4178.830002942439,1.5915637579290207,9.4975143627014234,0,0.0034491625211177991,8.7534109090128484e-05,4.6538009891961159e-05,6.4095043357155799e-05,8.6312024266978411e-05,0.00011037921547763555,0.00013968517991589459
773,7.5,4200.2813620758279,1.5834354439395626,27.473675253354426,0,0.0034668318609522089,8.798252806463206e-05,4.6776414405220135e-05,6.4423388889105912e-05,8.6754182755954104e-05,0.00011094466516491149,0.00014040075794350367
774,7.5,4158.9930398511924,1.5991549684025381,2.0909277643314481,0,0.0033258008281431845,8.4403390887008469e-05,4.4873545648020245e-05,6.1802639618158421e-05,8.3225014776283309e-05,0.00010643142617888194,0.00013468924244632475
775,7.5,4158.2391900594394,1.5994448802101111,9.7236860705483288,0,0.0033245306378976032,8.4371155533979666e-05,4.4856407538159773e-05,6.1779035946726897e-05,8.3193229468798077e-05,0.00010639077787600951,0.00013463780191492181
776,7.5,4193.174441641082,1.5861191743376788,27.632758306216882,0,0.0033523016793216881,8.5075939189339141e-05,4.5231109800691977e-05,6.2295099221000582e-05,8.3888173469447269e-05,0.0001072794996299482,0.00013576248157093229
777,7.5,4044.6920486072549,1.6443462946752063,2.1401673633724316,0,0.0031462122979663458,7.9845727426505403e-05,4.2450437794249429e-05,5.8465384688111813e-05,7.8730981955333235e-05,0.00010068428003881633,0.00012741621428514289
778,7.5,4147.9154403940292,1.6034257397006659,9.9392742319358121,0,0.003226149961291001,8.1874414709006267e-05,4.352900099437879e-05,5.9950849048023464e-05,8.0731346245064409e-05,0.00010324242466403141,0.00013065355286086822
779,7.5,4214.4399918199551,1.5781158104371322,27.799106868563381,0,0.0032777704870798991,8.3184459309117157e-05,4.4225493700965849e-05,6.0910102147377665e-05,8.2023100996337091e-05,0.00010489437150742778,0.00013274409582253723
780,7.5,4082.9615391395873,1.6289338803399958,2.1373859841734513,0,0.0031153567641091706,7.9062664393043927e-05,4.2034117852502643e-05,5.7892002956089828e-05,7.7958851453872267e-05,9.9696849148144678e-05,0.00012616661796376001
781,7.5,4195.0225169878158,1.5854204253485598,10.038113013542024,0,0.0032013690097670174,8.1245514649708807e-05,4.3194642679833024e-05,5.9490349969584401e-05,8.0111226411278295e-05,0.00010244939100114672,0.00012964996672918519
782,7.5,4275.1636720934421,1.5557005282964618,27.900727029368571,0,0.003262608787955432,8.2799680158518379e-05,4.4020923664177691e-05,6.0628355561996143e-05,8.1643693840325327e-05,0.0001044091706958046,0.00013213007295261877
783,7.5,4343.7362441049281,1.5311413975136723,2.1158175420043923,0,0.0032243227028051677,8.1828041874251316e-05,4.3504346611476204e-05,5.9916893497608786e-05,8.0685620832647435e-05,0.00010318394920603073,0.0001305795520189874
784,7.5,4311.7359209875922,1.5425050385985246,10.072290952053608,0,0.0032015950424439592,8.1251250989727644e-05,4.3197692437822399e-05,5.9494550286078623e-05,8.0116882664869665e-05,0.00010245662444097462,0.00012965912066581535
785,7.5,4347.6568233279922,1.5297606626961366,27.956473410049217,0,0.0032286893513999155,8.1938860280780627e-05,4.3563263851314247e-05,5.9998037986826748e-05,8.0794892076657443e-05,0.00010332368957581725,0.00013075639381488781
786,7.5,4555.8828462987567,1.4598431539197381,2.0971957327126676,0,0.003281174060711003,8.3270836446667864e-05,4.4271416600319688e-05,6.0973350022222422e-05,8.2108272201823534e-05,0.00010500329179892505,0.00013288193473041902
787,7.5,4418.969307135053,1.5050736769071533,10.079723616580683,0,0.0031827106073976461,8.0771994884128507e-05,4.2942893187393164e-05,5.914362490182721e-05,7.9644317569428096e-05,0.00010185228958798112,0.00012889433336138895
788,7.5,4401.909721574948,1.5109065846198249,27.982527883868016,0,0.0031706063273811208,8.0464808034875427e-05,4.2779575541531248e-05,5.8918693676430818e-05,7.9341419429916225e-05,0.00010146493151947449,0.00012840413073350213
789,7.5,4536.6904428422622,1.4660189993176611,2.0884296870260357,0,0.0031798494054623939,8.0699382254020234e-05,4.2904288267169657e-05,5.9090455803250163e-05,7.9572718701773635e-05,0.00010176072613656281,0.00012877845957908545
790,7.5,4429.920516851631,1.5013529831809314,10.10512156193742,0,0.0031046391049847134,7.8790667716387752e-05,4.1889509263229492e-05,5.7692839007721672e-05,7.7690652188464621e-05,9.9353865366234937e-05,0.00012573257110922332
791,7.5,4391.8742898436831,1.5143590058144241,28.016691874911384,0,0.0030780120216869931,7.8114915849126007e-05,4.1530241916934141e-05,5.7198033660628636e-05,7.7024334656112785e-05,9.8501752267224598e-05,0.00012465421979979526
792,7.5,4397.0719594345519,1.5125689196328023,2.0693271314857311,0,0.0030074992554350185,7.6325417054692063e-05,4.057884464491448e-05,5.5887710130646454e-05,7.5259819486239073e-05,9.6245220783886857e-05,0.00012179857342767752
793,7.5,4375.3615285330743,1.5200742475466811,10.078055666915603,0,0.0029923188639620376,7.5940163522830037e-05,4.0374022400613716e-05,5.5605616189383291e-05,7.4879944571915367e-05,9.5759421784514693e-05,0.00012118379354963054
794,7.5,4361.4496822996571,1.5249228737456879,28.008728535429874,0,0.0029825718095368237,7.5692799207538914e-05,4.0242509747185284e-05,5.5424488778841277e-05,7.46360337695308e-05,9.5447499045564065e-05,0.00012078905452451937
795,7.5,4405.3612033782938,1.5097228300211392,2.0253049138117123,0,0.0029149198794237328,7.3975903759899094e-05,3.9329712459862051e-05,5.4167327549921111e-05,7.2943108313603986e-05,9.3282519307522961e-05,0.00011804926712057817
796,7.5,4351.4989938410399,1.5284099554298476,9.9350092372201892,0,0.0028802562951092143,7.3096198627924444e-05,3.8862012193538532e-05,5.3523181637413202e-05,7.2075684957291519e-05,9.2173224161569826e-05,0.00011664545127198947
797,7.5,4371.6476759508132,1.5213655985630348,27.909704323408477,0,0.0028935130415593921,7.3432633192212229e-05,3.9040879554428699e-05,5.3769528898029851e-05,7.2407422477429627e-05,9.25974631656752e-05,0.00011718232681834453
798,7.5,4353.6222176204346,1.5276645631565127,2.006099842230507,0,0.0027929963881823268,7.0881684766844547e-05,3.7684653229769254e-05,5.1901649603600054e-05,6.9892088458693659e-05,8.9380754972231692e-05,0.00011311157436015978
799,7.5,4341.4081901772242,1.5319624628427553,9.8602571637101022,0,0.0027843706441314582,7.0662777476709798e-05,3.75682699165716e-05,5.1741359261946633e-05,6.9676237386069205e-05,8.9104716120650632e-05,0.00011276224648642898
800,7.5,4369.6123081481855,1.5220742514907937,27.854157321479597,0,0.0028024434749060541,7.1121436391998667e-05,3.7812118552933133e-05,5.207720277902998e-05,7.0128492853545522e-05,8.9683078221637828e-05,0.00011349416520666395
801,7.5,4309.7442625604581,1.5432178751317054,2.006956421470889,0,0.002687578309356706,6.8206346172186745e-05,3.6262294159954132e-05,4.994268817699656e-05,6.7254100911842281e-05,8.6007192617112329e-05,0.00010884232255860285
802,7.5,4360.379450985215,1.5252971577340277,9.8085337243650024,0,0.0027197068801410912,6.9021716802805468e-05,3.6695790620565598e-05,5.0539726479720909e-05,6.8058087956299231e-05,8.7035362909432699e-05,0.00011014347469712341
803,7.5,4387.4881165188544,1.5158729110146478,27.801577302894113,0,0.0027366524229390662,6.945176699115922e-05,3.6924429263577769e-05,5.0854621847421576e-05,6.8482134110181821e-05,8.7577649829353473e-05,0.00011082974018331468
804,7.5,4539.2484393190225,1.4651928556321481,1.9857961877229131,0,0.0027133760405742744,6.8861050438758859e-05,3.6610371428926736e-05,5.0422081853224502e-05,6.7899664694137508e-05,8.6832765003297049e-05,0.00010988708652796783
805,7.5,4465.7263515960876,1.4893152557035951,9.6635470783736288,0,0.002670487575934106,6.7772611283011582e-05,3.6031696524669594e-05,4.96250947632272e-05,6.6826421500135739e-05,8.5460259344013724e-05,0.00010815017710056372
806,7.5,4479.7001841826104,1.4846695336248632,27.677750890650714,0,0.0026789951061600625,6.7988518499423383e-05,3.6146484831508615e-05,4.9783188362863746e-05,6.7039314383790546e-05,8.57325151470511e-05,0.00010849471751667247
807,7.5,4750.7665392080908,1.3999581600863615,1.9592257208092785,0,0.0027707127719911245,7.0316162997817821e-05,3.7383990345841485e-05,5.1487557969128024e-05,6.9334462075571596e-05,8.8667640394959592e-05,0.00011220912603602685
808,7.5,4607.8526487338304,1.4433782697146731,9.5695139143264569,0,0.0026873634138688072,6.820089247582842e-05,3.6259394671083907e-05,4.9938694820484712e-05,6.724872335585505e-05,8.6000315586755327e-05,0.00010883361965907101
809,7.5,4582.9705231091566,1.4512147415509791,27.610288193517178,0,0.002672851813963067,6.7832611781183246e-05,3.6063596132793327e-05,4.9669028888698266e-05,6.6885584316871466e-05,8.5535919083803123e-05,0.00010824592469506454
810,7.5,4810.120755238393,1.3826834546693181,1.9822900865291755,0,0.0027261969315403888,6.9186423703019201e-05,3.678335798637415e-05,5.0660329705368089e-05,6.8220495343727469e-05,8.7243055871848345e-05,0.00011040631067305199
811,7.5,4703.6218319455802,1.4139900316940612,9.7378988516252996,0,0.0026652981744921941,6.7640912753543167e-05,3.5961678248013034e-05,4.952866123526771e-05,6.6696561645622357e-05,8.5294189448365226e-05,0.00010794001522224366
812,7.5,4614.1901710805641,1.4413958108865912,27.75560876509612,0,0.0026152001616040858,6.6369507043172302e-05,3.5285728128214445e-05,4.8597700664836246e-05,6.5442906337224633e-05,8.369096567281933e-05,0.00010591113142774031
813,7.5,4802.8187159291183,1.3847856387273572,2.1237093353515588,0,0.0025631142359966138,6.504765135609752e-05,3.458295598967024e-05,4.762979914101168e-05,6.413950539642373e-05,8.2024125223643845e-05,0.00010380174056980888
814,7.5,4723.2214537661648,1.4081224961252639,10.314990642456049,0,0.0025207348024506829,6.397213057779996e-05,3.4011149214691984e-05,4.684227126607181e-05,6.3079000223286298e-05,8.0667909447047027e-05,0.00010208544603066997
815,7.5,4596.7978249627959,1.4468494453056433,28.191281307104489,0,0.0024532898046487448,6.2260486734103939e-05,3.3101143972650588e-05,4.5588955415667186e-05,6.1391253052393163e-05,7.8509551903820513e-05,9.9354039031228944e-05
816,7.5,4878.6361181835564,1.3632651056799669,2.352523806356138,0,0.0025227310969449298,6.402279327025518e-05,3.4038084324983745e-05,4.6879367976180135e-05,6.3128955601664824e-05,8.0731794352089392e-05,0.00010216629254163798
817,7.5,4768.4030591044648,1.3947802442016479,11.000086024399614,0,0.0024657298450963426,6.2576194634488043e-05,3.3268991884096376e-05,4.5820126004751275e-05,6.1702553278584677e-05,7.8907654891635328e-05,9.9857839382022659e-05
818,7.5,4659.5808785765221,1.4273546390853542,28.647562218043475,0,0.0024094581551803891,6.1148111088516822e-05,3.2509743096626275e-05,4.477444132539479e-05,6.0294407551663217e-05,7.7106862685267857e-05,9.7578932232256335e-05
819,7.5,4930.0300939242743,1.349053506068064,2.4864320428077096,0,0.0024616169773760128,6.247181677189085e-05,3.3213498796287045e-05,4.5743697470797662e-05,6.1599632660518542e-05,7.8776035952384481e-05,9.9691275277267647e-05
820,7.5,4878.268005737893,1.3633679772014884,11.227736944554749,0,0.002434290923142444,6.1778326164348016e-05,3.2844800547235577e-05,4.5235903297528908e-05,6.0915824042719866e-05,7.7901554564530621e-05,9.8584616841013235e-05
821,7.5,4796.154842588805,1.3867096875545595,28.741304901747039,0,0.0023931608922487129,6.0734513183924743e-05,3.2289851404401681e-05,4.4471592802655354e-05,5.9886583987237992e-05,7.6585321851567681e-05,9.6918920971316946e-05
822,7.5,5023.8981592372147,1.3238473735780147,2.4474074088457227,0,0.0024182945860988965,6.1372365267104304e-05,3.2628969113660069e-05,4.4938646815677308e-05,6.0515530863540246e-05,7.738964388401841e-05,9.7936792563600204e-05
823,7.5,5053.7073920843895,1.3160386756160158,10.961014374473194,0,0.0024326435048319596,6.1736517379396846e-05,3.2822572667522715e-05,4.5205289678312247e-05,6.087459896030586e-05,7.7848834305754342e-05,9.8517899218492452e-05
824,7.5,4950.2906127331626,1.3435321082205145,28.513606965627467,0,0.0023828629898434107,6.0473169246946937e-05,3.2150906405124265e-05,4.4280229102883477e-05,5.9628888736039052e-05,7.6255771016661196e-05,9.6501873545620472e-05
825,7.5,5216.6073382167006,1.2749424965351548,2.3693730680088612,0,0.002439697851099377,6.1915545161344201e-05,3.2917753812036599e-05,4.5336379073809907e-05,6.1051127292181524e-05,7.8074585687992122e-05,9.880358817096138e-05
826,7.5,5336.3018907115675,1.2463452254840008,10.594101799418905,0,0.0024944674746937476,6.3305508718347373e-05,3.3656735889282349e-05,4.6354151178615976e-05,6.2421685232501076e-05,7.9827309152699392e-05,0.00010102166420503186
827,7.5,5181.1945508540466,1.2836565618122382,28.224728731410039,0,0.002422203009438358,6.1471554665363208e-05,3.2681703724720059e-05,4.501127620378736e-05,6.0613335454670935e-05,7.7514720246562332e-05,9.8095077020774241e-05
828,7.5,5585.2366650853173,1.1907954455727641,2.3531005602383575,0,0.0024857477390247827,6.3084216074521212e-05,3.3539084389147741e-05,4.6192114210991698e-05,6.2203482108683813e-05,7.9548262405432525e-05,0.00010066852983160614
829,7.5,5757.7769451978629,1.1551115033687809,10.239793064670675,0,0.0025629603076153598,6.5043744905289748e-05,3.4580879102748968e-05,4.7626938723095744e-05,6.41356534845185e-05,8.201919924701662e-05,0.00010379550673376956
830,7.5,5597.0480120051798,1.188282531964004,27.886692504432318,0,0.0024912003321644017,6.3222593979240182e-05,3.3612653793869841e-05,4.6293438573515373e-05,6.2339928086077839e-05,7.9722754894372957e-05,0.00010088935052331104
831,7.5,6431.4853936333966,1.0341117138839171,2.4189725777115374,0,0.0027500051771221375,6.9790638074837766e-05,3.7104592013941683e-05,5.1102753199035605e-05,6.881627413287543e-05,8.8004961248333962e-05,0.00011137050387856398
832,7.5,6311.2753074224402,1.0538083127839122,9.8729318572399976,0,0.0027006405421902907,6.8537844298707361e-05,3.643853703546336e-05,5.0185420833020709e-05,6.7580970913012287e-05,8.6425206846285285e-05,0.00010937132063633659
833,7.5,6198.5492291869523,1.0729727452857525,27.453959279528462,0,0.0026521016966851332,6.7306007708942841e-05,3.5783624065015294e-05,4.928343393384986e-05,6.636633229117821e-05,8.4871879145938727e-05,0.00010740558045280345
834,7.5,3492.546736294416,1.9043050488384221,2.4760159699740898,0,0.0014667158107158011,3.7222850762568742e-05,1.9789741564763039e-05,2.7255663629903074e-05,3.6703173559428667e-05,4.6937463666683845e-05,5.939948049734902e-05
835,7.5,3305.3507199648625,2.0121539124599499,9.701297537416135,0,0.0013881017283327891,3.5227753801725968e-05,1.8729036851317875e-05,2.5794795089214764e-05,3.4735930628767989e-05,4.4421675939720219e-05,5.621574468485526e-05
836,7.5,3264.4354891521784,2.0373735077108046,27.225281567442046,0,0.0013709191333775327,3.4791687616947444e-05,1.8497199769388161e-05,2.5475494632392946e-05,3.4305952469238664e-05,4.3871802937384415e-05,5.5519878991936537e-05
837,7.5,3793.5724786025808,1.7531955487191742,2.6715737541633526,0,0.0030348972821594984,7.7020734206456094e-05,4.0948513986651046e-05,5.6396841753193759e-05,7.5945429147434229e-05,9.7122005416958694e-05,0.00012290814662665488
838,7.5,3468.8779076306851,1.9172984925757428,9.6737079294760129,0,0.0027751382617288304,7.0428474696413007e-05,3.744370150294967e-05,5.1569795890617145e-05,6.9445205763436532e-05,8.8809263783930554e-05,0.0001123883507975284
839,7.5,3474.8558249167377,1.9140000962166461,27.002134175312658,0,0.0027799206574855339,7.0549844086610305e-05,3.7508228233618373e-05,5.1658666119694566e-05,6.9564880686285088e-05,8.89623087878979e-05,0.00011258202964206357
840,7.5,4230.4254508759241,1.5721526027252231,2.8092805730128978,0,0.0030396060831665711,7.714023588215655e-05,4.1012047736222059e-05,5.6484344386908663e-05,7.6063262431398803e-05,9.7272695260600082e-05,0.00012309884500976497
841,7.5,3839.434688196754,1.7322535538046329,9.6933293524610562,0,0.0027586750244581689,7.00106646342882e-05,3.7221570393074497e-05,5.1263863102526834e-05,6.9033228848426498e-05,8.8282411481949472e-05,0.00011172161785987456
842,7.5,3737.6745961652591,1.779415037909722,26.884048779448158,0,0.0026855593063455901,6.8155107174677567e-05,3.6235052653783305e-05,4.9905169479416094e-05,6.7203577274343738e-05,8.5942580999930049e-05,0.00010876055639156034
843,7.5,4547.0617851520155,1.4626751729979539,2.912304529185926,0,0.0031027039950572337,7.8741557788265701e-05,4.1863399688979019e-05,5.7656879277223824e-05,7.764222789590164e-05,9.929193847402547e-05,0.00012565420246851068
844,7.5,4095.4895106471031,1.6239510236662149,9.807878541249293,0,0.0027945720262463822,7.0921671886425356e-05,3.7705912610665978e-05,5.193092934597592e-05,6.9931517308447196e-05,8.9431178137948665e-05,0.00011317538500553017
845,7.5,3877.2465061485873,1.7153602105727783,26.895574012063371,0,0.0026456531256583184,6.7142353512806636e-05,3.5696616375352225e-05,4.9163601529019761e-05,6.6204962910771807e-05,8.4665513627777832e-05,0.00010714442436097941
846,7.5,4989.5541140655232,1.3329596655702831,3.0675276764751835,0,0.0032051610974259,8.1341751638479165e-05,4.3245807625497305e-05,5.956081751682872e-05,8.0206119812221868e-05,0.00010257074441904083,0.00012980353979036879
847,7.5,4103.6296832233747,1.6207296702282818,10.1532978604966,0,0.0026360660528426936,6.689904926936788e-05,3.5567262282352304e-05,4.8985447022230517e-05,6.5965055496596572e-05,8.4358710579317047e-05,0.00010675616431729689
848,7.5,4026.712927999271,1.6516882385589355,27.085770184021417,0,0.002586656709653177,6.5645120870708041e-05,3.4900604075314897e-05,4.8067283852304175e-05,6.472863349494298e-05,8.27775254350587e-05,0.00010475517046713842
849,7.5,5252.8119400889045,1.2661550535382469,3.2494648662790979,0,0.0021226163627378544,5.3868535076211163e-05,2.8639514862268557e-05,3.9444122150614267e-05,5.3116463456973202e-05,6.7927425119726587e-05,8.5962330480551075e-05
850,7.5,4212.0323205277818,1.5790178890166333,10.791984419921405,0,0.001702046223223755,4.3195152118209219e-05,2.2964949748813821e-05,3.1628757939204112e-05,4.2592094174442755e-05,5.4468447246500252e-05,6.8929959507715296e-05
851,7.5,4215.1075984339768,1.5778658617636674,27.542519553642308,0,0.0017032889167140431,4.3226689648516492e-05,2.2981716857232058e-05,3.1651850644361379e-05,4.2623191401677902e-05,5.4508215605253236e-05,6.8980286467581177e-05
852,7.5,4542.8877463262743,1.4640190897536516,3.4679802006832907,0,0.0011441953998199044,2.9037809710341006e-05,1.543811766164572e-05,2.1262336382093113e-05,2.8632405840770695e-05,3.6616248092685118e-05,4.6337955751353162e-05
853,7.5,3952.9781472134296,1.6824971288844606,11.998735387811264,0,0.00099561769169573722,2.5267150243970813e-05,1.3433424983909394e-05,1.8501348871119261e-05,2.4914389461249921e-05,3.1861502336345445e-05,4.032081281774341e-05
854,7.5,3711.5279593282044,1.7919505002013871,28.530755187127973,0,0.00093480478816596426,2.3723818116513543e-05,1.2612903628739886e-05,1.7371275798438378e-05,2.3392604166103511e-05,2.9915383375166981e-05,3.7857994287519052e-05
855,7.5,4078.0527391020496,1.6308946472070569,3.7640790094219532,0,0.00095939745724423593,2.4347939874979486e-05,1.2944721532311282e-05,1.7828276064789751e-05,2.4008012410069254e-05,3.0702391671453644e-05,3.8853955302338715e-05
856,7.5,3687.2090200704074,1.8037692864785331,13.330941125491451,0,0.00086744806516712326,2.2014414543085131e-05,1.1704089439203153e-05,1.6119600339664251e-05,2.1707065988524097e-05,2.7759850779577071e-05,3.5130162266548055e-05
857,7.5,6144.470667593504,1.0824161661812342,29.837743000337646,0,0.00093940715696352449,2.3840618716639536e-05,1.2675001336028523e-05,1.7456800625354808e-05,2.3507774084861606e-05,3.0062667202502785e-05,3.8044382348270148e-05
858,7.5,5783.8126622081327,1.149911792041074,4.0540796857187926,0,0.00063468883380331763,1.6107365563748858e-05,8.5635730543319644e-06,1.1794285735118869e-05,1.588248674564014e-05,2.0311149480112593e-05,2.5703811692727674e-05
859,7.5,5512.9160055721823,1.2064167813380857,14.283575580775469,0,0.00060312178538207532,1.5306245453217534e-05,8.1376529642540693e-06,1.1207682081382873e-05,1.5092551266320321e-05,1.9300948882620289e-05,2.4425400249040184e-05
860,7.5,5407.2248633809158,1.2299977439945213,30.229495895056672,0,0.0003934880364302785,9.9860834320401977e-06,5.309158388345848e-06,7.3121033297518666e-06,9.846665311128711e-06,1.2592303347577184e-05,1.5935592140698185e-05
861,7.5,4669.5001102619954,1.4243225669088686,4.1361364366274174,0,0.00026119270804537427,6.6286441591567512e-06,3.5241565905640341e-06,4.8536877703622244e-06,6.5361000582437337e-06,8.3586221368264955e-06,1.0577857724203126e-05
862,7.5,4637.508989552387,1.4341480303786005,14.553000049609224,0,0.00025899706478179095,6.572922320658047e-06,3.4945317563342038e-06,4.8128866050606218e-06,6.4811561657806391e-06,8.2883577235321817e-06,1.0488937929201594e-05
863,7.5,4624.4284259763936,1.4382046321379396,30.416863612981807,0,0.00025822218997473474,6.55325726414744e-06,3.4840767165339548e-06,4.7984872736140597e-06,6.46176565787009e-06,8.2635603784454868e-06,1.0457556825477649e-05
864,7.5,3818.1085373992232,1.7419291039222207,4.1687754337342824,1,0.00087171031272119382,2.2122583421786223e-05,1.1761598042413024e-05,1.6198804766856202e-05,2.181372469540335e-05,2.789625013400277e-05,3.5302775998951561e-05
865,7.5,3905.9252580197199,1.7027653997151913,14.875307474360385,1,0.00089175970111453362,2.2631404139878742e-05,1.2032115488217415e-05,1.6571378227946434e-05,2.2315441644647945e-05,2.8537865525598192e-05,3.6114741920470304e-05
866,7.5,3906.7135193143658,1.7024218311243995,30.706532040626101,1,0.00089193966862801083,2.2635971421316176e-05,1.2034543709523646e-05,1.6574722525441428e-05,2.231994516116693e-05,2.854362479986476e-05,3.6122030296806639e-05
867,7.5999999999999996,7496.321349045882,1.2532293285528942,7.8811833860319132,1,0.032553600326066474,0.00066722497314716073,0.00035427628420077803,0.00048647623366972832,0.00065420363226923438,0.00083111350709413868,0.001048917071783402
868,7.5999999999999996,7391.1294736578066,1.2710655122960774,21.035849838406371,1,0.032286922025084056,0.00066175908241834184,0.00035137406150950241,0.00048249103221231874,0.00064884441204773435,0.00082430504548696186,0.0010403243686792026
869,7.5999999999999996,5312.1246682233668,1.7685220806430193,2.5834414680046733,0,0.0056173827033990566,0.00011513497695772832,6.1133191142007481e-05,8.3945344086653616e-05,0.00011288804100317718,0.0001434152472399071,0.00018099898497611226
870,7.5999999999999996,4551.1709301491846,2.0642181792485541,11.417064096285912,0,0.0040048684442486292,8.2084568631631441e-05,4.3584423748216347e-05,5.9848167256043468e-05,8.0482633464354247e-05,0.00010224676302500749,0.00012904179074949679
871,7.5999999999999996,6638.4385960102791,1.4151836512470997,28.738276223408945,0,0.0086702328864433596,0.00017770679270165431,9.4356933162473796e-05,0.00012956668993257362,0.00017423872598170426,0.00022135639650907975,0.00027936557553808405
872,7.5999999999999996,6535.5159792466329,1.4374702472939924,2.3453965925522855,0,0.010961137319563623,0.00022466161900538061,0.00011928852603993068,0.00016380163012839725,0.00022027719749690889,0.00027984460054049408,0.00035318133618069428
873,7.5999999999999996,5268.6781912656807,1.7831056348166625,10.956175976262557,0,0.0088523070239903447,0.00018143861991335304,9.6338420563348373e-05,0.00013228757916741496,0.00017789772409350905,0.0002260048616094713,0.00028523222835959546
874,7.5999999999999996,6717.9121819047168,1.3984418843977597,28.593509297519606,0,0.009483195314344486,0.00019436942997350296,0.00010320428968423569,0.00014171548134363183,0.0001905761807610293,0.0002421118290210299,0.00030556022561680889
875,7.5999999999999996,6215.6592141162,1.5114422215339085,2.253281500351088,0,0.013633032994955075,0.00027942531648917566,0.0001483663933777518,0.00020373004762764619,0.00027397214485687599,0.0003480597461195262,0.00043927310360029447
876,7.5999999999999996,5217.4457463199242,1.8006147505238352,10.806557769752398,0,0.011435941281696812,0.00023439329408006694,0.00012445575122373506,0.00017089703097243432,0.00022981895243436923,0.00029196663872361719,0.00036848010426297967
877,7.5999999999999996,6542.0709047901828,1.4360299525342428,28.560247731343839,0,0.0093688291928266075,0.00019202535952985344,0.00010195965916214361,0.00014000641078006402,0.00018827785641729669,0.00023919199135651913,0.00030187520841157826
878,7.5999999999999996,5454.3153626637177,1.7224177822921964,2.2654898173522717,0,0.011478960676097298,0.00023527502801997429,0.00012492392528264454,0.00017153990649935243,0.000230683478747678,0.0002930649504124974,0.00036986624210188167
879,7.5999999999999996,4777.9293689769047,1.966251286986513,10.832069707535863,0,0.010055212579346218,0.0002060936079586607,0.00010942947366123613,0.00015026362354249277,0.00020207155358420678,0.0002567157828225181,0.00032399132597453901
880,7.5999999999999996,6219.3000708520303,1.5105574041862326,28.634352284373666,0,0.0086004445883807734,0.00017627639806528869,9.3597436864962518e-05,0.00012852378383138512,0.00017283624645178649,0.00021957465818901799,0.00027711691067412611
881,7.5999999999999996,5134.695295734542,1.8296333530610318,2.3135201291771237,0,0.010450435488724629,0.00021419417417732257,0.00011373062936638523,0.00015616977679401036,0.00021001403184411031,0.00026680606761459444,0.00033672589458306785
882,7.5999999999999996,6764.2110700812718,1.3888699914221661,11.126701129922852,0,0.01198321752851058,0.00024561037530693223,0.0001304116821564276,0.00017907544702043391,0.00024081712483109668,0.00030593893906160773,0.00038611401856169565
883,7.5999999999999996,6120.898631355245,1.5348415872721961,28.780705854718207,0,0.0081306081842167279,0.00016664653903243395,8.848427292050594e-05,0.00012150261744581528,0.00016339432054811567,0.00020757944482662361,0.00026197820342402877
884,7.5999999999999996,4894.0865275838287,1.9195839137563309,2.3788708797075664,0,0.0095946728391253355,0.00019665429517223354,0.000104417484011612,0.00014338138514078533,0.00019281645528973081,0.00024495791902811882,0.000309152168679683
885,7.5999999999999996,6689.644743877735,1.4043510725258328,11.341493276224654,0,0.010036693956251374,0.00020571404662985475,0.00010922793807337973,0.00014998688395222645,0.00020169939964817743,0.00025624299094595919,0.0003233946331443899
886,7.5999999999999996,6193.2280337554184,1.5169164964825039,28.951234524078416,0,0.0079590671835734327,0.00016313060105932408,8.6617416176942397e-05,0.00011893913386559617,0.00015994699845225263,0.00020319989721201068,0.0002564509412384854
887,7.5999999999999996,4805.5397500109129,1.9549541278604892,2.4119900321416288,0,0.0090672355977413042,0.00018584383808931967,9.8677458203252444e-05,0.00013549944028320838,0.00018221697149526991,0.00023149212074258376,0.00029215749155516655
888,7.5999999999999996,6697.337360383035,1.4027380233902687,11.415862988543848,0,0.0082529738318675595,0.00016915456933169968,8.9815961167868434e-05,0.00012333123175586037,0.00016585340496140101,0.00021070351533029367,0.00026592097520764668
889,7.5999999999999996,6359.6090259087869,1.4772307122353343,29.028003394354652,0,0.0078312560597379507,0.00016051095921280447,8.5226465573063934e-05,0.00011702914315729367,0.00015737848066558455,0.00019993680034061814,0.00025233270950952017
890,7.5999999999999996,6890.6846411193301,1.3633782795428331,2.3440678595855622,0,0.010966093133355491,0.00022476319433625279,0.000119342459469038,0.00016387568908360001,0.0002203767905173741,0.00027997112552512893,0.00035334101860103501
891,7.5999999999999996,6745.9385524879453,1.3926319811224346,11.33541432717999,0,0.008043521554372747,0.00016486159439721339,8.7536521295012484e-05,0.00012020120760895719,0.0001616442102993147,0.00020535606942034988,0.00025917216501806205
892,7.5999999999999996,6634.5364283428007,1.4160160053907664,28.991346467594429,0,0.0079047296449779869,0.00016201688821751596,8.6026068336046382e-05,0.00011812712165011076,0.00015885502046021326,0.00020181262631673084,0.00025470011886244811
893,7.5999999999999996,6889.3957409586474,1.3636333466850974,2.2842129956504311,0,0.0092266438828951143,0.00018911110154761125,0.00010041227629923703,0.00013788161434078201,0.00018542047212551904,0.00023556191264292729,0.00029729382271383295
894,7.5999999999999996,6815.384520192436,1.3784416334907301,11.156437262676119,0,0.0078243863687870677,0.00016037015668054011,8.5151703686227789e-05,0.00011692648350223903,0.00015724042598875559,0.00019976141289094581,0.00025211135961138045
895,7.5999999999999996,6826.9807429674784,1.3761002300407763,28.87222426702569,0,0.007834832402366038,0.00016058426063231227,8.5265386410225314e-05,0.00011708258749753862,0.00015745035155894502,0.00020002810657508769,0.00025244794367101301
896,7.5999999999999996,7105.8870432193744,1.3220882507337464,2.2353481392619687,0,0.0078994754788124615,0.00016190919779791293,8.5968887979740141e-05,0.00011804860416074928,0.00015874943169105703,0.00020167848421186546,0.00025453082316139494
897,7.5999999999999996,7005.5586750615148,1.3410222091672088,10.951335424205155,0,0.0077919352053572874,0.00015970503127409798,8.4798542208457573e-05,0.00011644153807053881,0.00015658828094874518,0.00019893291466103376,0.00025106574318248194
898,7.5999999999999996,7063.4894258000832,1.3300239024308254,28.715987284943186,0,0.0078582234264996959,0.00016106368764785402,8.5519947657851367e-05,0.00011743213953504729,0.00015792042223615008,0.00020062529385721703,0.00025320163125992914
899,7.5999999999999996,4898.2151581341586,1.9179659258700501,2.213237027168558,0,0.0053608054189641244,0.00010987611864397711,5.8340896402578969e-05,8.0111090740575433e-05,0.00010773181282092281,0.00013686467081912773,0.00017273174905811984
900,7.5999999999999996,4758.0386665577898,1.9744710855151668,10.843188426637735,0,0.0052074425581275811,0.00010673276338746196,5.6671869814817307e-05,7.7819258618251429e-05,0.00010464980224115507,0.00013294922233259617,0.00016779020891209231
901,7.5999999999999996,4777.4831266775354,1.9664349453003527,28.629951399469178,0,0.0052294742054699115,0.00010718432834983583,5.6911637154745385e-05,7.8148496328160101e-05,0.00010509255461176416,0.00013351170388629038,0.00016850009570757457
902,7.5999999999999996,5072.0414789611041,1.8522344128790083,2.2097723514615364,0,0.0066922315386368659,0.00013716528936696902,7.2830620845986335e-05,0.00010000772759856563,0.00013448841715542369,0.00017085680135689492,0.0002156319374475685
903,7.5999999999999996,4901.659304285361,1.9166182689743645,10.758931596811216,0,0.0064679911962207057,0.00013256921535523126,7.0390244528670189e-05,9.6656712776156746e-05,0.00012998203859696718,0.00016513180702291169,0.00020840663760402007
904,7.5999999999999996,4831.3894926639205,1.9444943913436212,28.549159245349678,0,0.0063765323122384346,0.00013069465614218233,6.9394910272248671e-05,9.5289964614058499e-05,0.00012814406265866267,0.00016279680527010845,0.00020545971978803751
905,7.5999999999999996,5162.6211784607995,1.8197364180190414,2.2591697119623042,0,0.0076847142558714669,0.00015750740967694992,8.3631671595319897e-05,0.00011483924391094051,0.00015443354740448607,0.00019619549764821357,0.00024761095221490816
906,7.5999999999999996,5003.4912328889404,1.8776109187778449,10.913096447466717,0,0.0074455195604805208,0.00015260482831542309,8.1028549143890555e-05,0.00011126475342871906,0.00014962664319183617,0.00019008870945356031,0.00023990380471163502
907,7.5999999999999996,4838.7342743610297,1.9415428164056572,28.65392673550441,0,0.0072030576427165437,0.00014763528132372706,7.8389869967847609e-05,0.00010764143805405337,0.00014475408022800488,0.00018389850705532564,0.00023209138328197408
908,7.5999999999999996,5044.0584498641847,1.8625100926684257,2.3013770631736756,0,0.0070495764282511022,0.00014448950026803539,7.6719555354078136e-05,0.00010534783727243973,0.00014166969119015134,0.00017998003692760523,0.00022714602963634542
909,7.5999999999999996,4990.8217748818333,1.8823773307561023,11.073213122131124,0,0.0069732222301766567,0.00014292452965803803,7.5888603284076696e-05,0.0001042068113234793,0.00014013526202658782,0.00017803066712803194,0.0002246858033922305
910,7.5999999999999996,4878.1403474059643,1.9258588523139242,28.771836058957447,0,0.0068131008541181095,0.00013964265054878928,7.4146024719403626e-05,0.00010181398093990408,0.00013691743097956927,0.00017394266957679953,0.00021952649556689066
911,7.5999999999999996,4886.7175193280746,1.9224785827549244,2.3009914134834712,0,0.0065542280760836884,0.00013433674334828092,7.1328748443841224e-05,9.794542407380023e-05,0.00013171507210099883,0.00016733348778773911,0.00021118529601966656
912,7.5999999999999996,4874.9663077084297,1.9271127589182482,11.087731537099877,0,0.0065392609082143924,0.00013402997334190214,7.1165862847021467e-05,9.7721756910081712e-05,0.00013141428891613445,0.00016695136675490339,0.00021070303544826728
913,7.5999999999999996,4864.9184454011665,1.9310929620541268,28.786740123616404,0,0.0065256234014840885,0.00013375045633085635,7.1017447766606943e-05,9.7517960007608478e-05,0.00013114022686620147,0.00016660319279155939,0.00021026361819540746
914,7.5999999999999996,4906.6149010874096,1.9146825174316109,2.2716072022420937,0,0.0063114279454304428,0.00012936026427891298,6.8686388544176975e-05,9.4317054495270694e-05,0.00012683571234362015,0.00016113465060571005,0.00020336197695441702
915,7.5999999999999996,4852.8682060824422,1.9358880917282215,11.007115496252023,0,0.0062426400476789301,0.00012795037404341261,6.7937779463482593e-05,9.3289098229756829e-05,0.00012545333705749336,0.00015937845312299673,0.00020114554621984546
916,7.5999999999999996,4854.7233242611801,1.9351483376884764,28.735508294009929,0,0.0062448617957357325,0.00012799591142707194,6.7961958437178603e-05,9.3322299707197426e-05,0.0001254979857487038,0.00015943517572206023,0.00020121713367692053
917,7.5999999999999996,4923.0513895758277,1.9082900070419417,2.2419736877688168,0,0.0060377351865764234,0.00012375060384664673,6.5707828487892778e-05,9.0227030007153841e-05,0.0001213355281804351,0.00015414710556003059,0.00019454325938370317
918,7.5999999999999996,4821.2621948543656,1.9485788972249158,10.936176882508073,0,0.0059140487616003556,0.00012121550263643606,6.4361766405428977e-05,8.8378678194274611e-05,0.00011884990116310798,0.00015098931479611675,0.00019055793052895985
919,7.5999999999999996,4852.7723991435569,1.935926311429629,28.694203194739256,0,0.0059519214566439351,0.0001219917488175145,6.4773929654295953e-05,8.8944642200073685e-05,0.00011961099838163885,0.0001519562280740798,0.0001917782353796601
920,7.5999999999999996,4814.3744061713696,1.9513666736926176,2.2346370449074326,0,0.0054713101364622235,0.00011214104499395951,5.9543503804210531e-05,8.1762457048226733e-05,0.00010995253762082322,0.00013968592445591063,0.00017629234707294359
921,7.5999999999999996,6949.7075753131985,1.3517992907001006,10.950598825726461,0,0.0067936850863997474,0.00013924470116792947,7.3934725631951879e-05,0.00010152383455182939,0.00013652724784660018,0.00017344697304432069,0.00021890089563270261
922,7.5999999999999996,4826.3708608027746,1.9465163456831587,28.706116378594977,0,0.0054794339992643047,0.00011230755327831752,5.9631914668079672e-05,8.1883858863670208e-05,0.0001101157963848292,0.00013989333168696835,0.00017655410793185252
923,7.5999999999999996,6587.2199678005418,1.4261873471364181,2.3239559633127382,0,0.0060002150648792475,0.00012298158407798442,6.5299502245495789e-05,8.9666334805786006e-05,0.00012058151634605678,0.00015318919369719527,0.00019333431488019625
924,7.5999999999999996,6693.3907276684004,1.4035651216426219,11.106581508080234,0,0.0053319142019562652,0.00010928395859718738,5.8026477324349178e-05,7.967934462661752e-05,0.00010715120917284994,0.00013612706021842274,0.00017180083848476993
925,7.5999999999999996,4809.1818175604276,1.9534736109534609,28.714948953471545,0,0.0050487866673995995,0.00010348092115279975,5.4945239922250039e-05,7.5448328232740033e-05,0.00010146142187905893,0.00012889863952629155,0.00016267812082792647
926,7.5999999999999996,6267.9995613021765,1.498821063881786,2.6908083229945525,0,0.0047342531034463876,9.703417957397294e-05,5.1522215090045979e-05,7.074798473702679e-05,9.5140492766833686e-05,0.00012086840352113141,0.00015254346224716036
927,7.5999999999999996,6554.4882318295349,1.4333094268534841,11.851132063157449,0,0.0042404209502232854,8.6912498964972771e-05,4.614790876108793e-05,6.3368229393264618e-05,8.5216343513480511e-05,0.00010826056387605041,0.00013663158242671229
928,7.5999999999999996,4760.3195621593413,1.9735250224713872,28.811934762766803,0,0.0047398520853778768,9.7148937405102854e-05,5.1583148028158108e-05,7.0831655102674025e-05,9.5253011022261707e-05,0.00012101134898530823,0.00015272386833661654
929,7.5999999999999996,6184.3185010217157,1.5191018653598463,3.441419952917443,0,0.0041836560825348488,8.5749035110291473e-05,4.5530144636801335e-05,6.2519943527454587e-05,8.4075585432804485e-05,0.00010681132177097687,0.00013480254851957021
930,7.5999999999999996,6487.9345946926742,1.4480124042197606,13.428035131846064,0,0.0043862114136868149,8.9900648880657366e-05,4.7734526006198322e-05,6.5546900718718956e-05,8.8146177688279461e-05,0.00011198268438427055,0.00014132913060873817
931,7.5999999999999996,6844.6022738387073,1.3725574394277624,29.986615178928627,0,0.0061562886256434106,0.0001261804983715431,6.6998029001850818e-05,9.1998675230669131e-05,0.00012371800169116165,0.00015717384802581367,0.00019836319711441321
932,7.5999999999999996,6183.9443864544082,1.5191937675668421,4.3582641401454358,0,0.004420833703591298,9.0610274120889685e-05,4.8111315550059031e-05,6.6064291146353713e-05,8.8841954118109713e-05,0.00011286661281301347,0.00014244470340502783
933,7.5999999999999996,6470.3447891183432,1.4519488647160048,15.385166785485536,0,0.0046156354173267928,9.4602968228893179e-05,5.0231315384390533e-05,6.8975379414970507e-05,9.275672813454893e-05,0.00011784002078844457,0.00014872145439733545
934,7.5999999999999996,6597.2019879222735,1.4240294276392529,31.026902645340101,0,0.0054810850284803068,0.00011234139309674861,5.9649882588367852e-05,8.1908531602372978e-05,0.0001101489757966077,0.00013993548348180157,0.00017660730612539585
935,7.5999999999999996,6394.7723120776318,1.4691077824832253,4.9625227898896087,0,0.0048532110669713266,9.9472365311450753e-05,5.281681798716275e-05,7.2525675114772667e-05,9.7531095681591839e-05,0.00012390547374598217,0.00015637643425382296
936,7.5999999999999996,6443.8035868676207,1.4579292562590793,16.693098594125743,0,0.0048923587479209668,0.00010027474385357109,5.3242856729513798e-05,7.3110692323146874e-05,9.8317815270689473e-05,0.00012490493820099685,0.00015763782071975948
937,7.5999999999999996,6413.7224020165158,1.4647671324109337,31.730575804236139,0,0.0048705510314756145,9.9827768622754614e-05,5.3005526398251565e-05,7.2784801003753316e-05,9.7879563059961695e-05,0.00012434817374130363,0.00015693514925340787
938,7.5999999999999996,6689.4973690211882,1.4043820114778105,4.83604287824555,0,0.0049826983076625463,0.00010212636117758292,5.4226009536607573e-05,7.4460713467790424e-05,0.00010013329704624047,0.00012721136291513345,0.00016054867253096342
939,7.5999999999999996,6598.6601609566833,1.4237147453763481,16.46764962179104,0,0.0049159363879856029,0.00010075799578581294,5.3499448892244086e-05,7.3463033121785979e-05,9.8791636218791202e-05,0.00012550688990301589,0.00015839752130367181
940,7.5999999999999996,6513.4921192503025,1.4423307188959658,31.63160674354549,0,0.0048526477875918536,9.9460820226880122e-05,5.2810687896373162e-05,7.251725755025491e-05,9.7519775907055605e-05,0.0001238910928757909,0.00015635828469889217
941,7.5999999999999996,6819.2917159753615,1.3776518386613394,4.0357350208803817,0,0.0049948632913503757,0.00010237569706771942,5.4358399354480844e-05,7.4642505201664189e-05,0.00010037776697999159,0.00012752194245642121,0.00016094064327890902
942,7.5999999999999996,6800.0765804719658,1.3815447016964999,14.80218283397933,0,0.0049785337641075908,0.00010204100387658416,5.4180687390938156e-05,7.439847913907484e-05,0.00010004960554996644,0.00012710503954798706,0.00016041448581160752
943,7.5999999999999996,6834.0149077813967,1.3746838275381192,30.766447813098949,0,0.0050011132981904668,0.00010250379843298408,5.4426417305716916e-05,7.4735904388160398e-05,0.00010050336836157584,0.00012768150898830098,0.00016114202619224797
944,7.5999999999999996,6760.4112844651863,1.3896506256164416,3.0496619999892993,0,0.0048700818101446173,9.9818151370381939e-05,5.300041992806245e-05,7.277778902893103e-05,9.787013349469083e-05,0.00012433619423113881,0.0001569200303645723
945,7.5999999999999996,6885.5731355201387,1.3643903834842974,12.712807084837225,0,0.0049591837841342634,0.00010164440289424171,5.3970104262324245e-05,7.4109315873423031e-05,9.9660744500617275e-05,0.00012661102261724049,0.0001597910056395407
946,7.5999999999999996,4720.3247117634519,1.9902465072941549,30.165611133826832,0,0.0034201276007733545,7.0099605688118469e-05,3.7220770844332436e-05,5.1109885764673815e-05,6.8731565075418128e-05,8.7317968412610063e-05,0.00011020072103226735
947,7.5999999999999996,6754.974168944248,1.3907691629781325,2.3750272415536435,0,0.0047990804097000949,9.8362892749814752e-05,5.222772160681424e-05,7.1716754503485015e-05,9.6443275217825646e-05,0.00012252348465858833,0.00015463227784869602
948,7.5999999999999996,6885.8010661933786,1.3643452200507795,11.182731497344799,0,0.0048934448693302044,0.00010029700521086659,5.3254676837065698e-05,7.312692316235303e-05,9.833964218273274e-05,0.00012493266755088503,0.0001576728168884403
949,7.5999999999999996,4850.8865907099216,1.9366789132678128,29.050788661072165,0,0.0043394891555108917,8.8943020319006587e-05,4.7226054198157435e-05,6.4848690138067218e-05,8.7207237887447825e-05,0.00011078983629794517,0.00013982368194124451
950,7.5999999999999996,6913.9915299565928,1.3587823661884755,2.1360757763067384,0,0.0048073235709603862,9.8531846198756054e-05,5.2317430779136586e-05,7.1839939097608922e-05,9.6608931427395357e-05,0.00012273393765291037,0.00015489788265076948
951,7.5999999999999996,6881.6504912475993,1.3651681065218286,10.496363395107203,0,0.0047869521448056819,9.8114309455265398e-05,5.2095731394439636e-05,7.1535511489880194e-05,9.6199543192256262e-05,0.00012221384257075785,0.00015424149022547038
952,7.5999999999999996,4805.8073717051293,1.9548452620455807,28.489874216059626,0,0.0050886992457643242,0.00010429897718226797,5.5379602936303653e-05,7.6044775956016041e-05,0.00010226351299887052,0.00012991763228437721,0.00016396415323006696
953,7.5999999999999996,4724.7118180977213,1.9883984743568941,2.1077999076470721,0,0.0032505393057451451,6.6623690752047184e-05,3.5375165123160309e-05,4.8575583131065152e-05,6.5323484940301251e-05,8.2988274577481451e-05,0.00010473637742517044
954,7.5999999999999996,6825.1821747582453,1.376462859207749,10.328538451890223,0,0.0046351881968450474,9.5003725830459401e-05,5.0444105552118234e-05,6.9267573287308453e-05,9.3149664683922213e-05,0.00011833921531673282,0.00014935146902035986
955,7.5999999999999996,6836.0253209227885,1.3742795454732646,28.198008834169652,0,0.0061935622973880817,0.00012694446685367197,6.7403673163846881e-05,9.2555687520055451e-05,0.00012446706081823612,0.00015812546786926257,0.00019956420069710236
956,7.5999999999999996,6795.5226103704081,1.3824705338401366,2.1693241408256321,0,0.0052774680661660626,0.00010816801992598928,5.7433947635355031e-05,7.8865709550564813e-05,0.00010605704878996739,0.00013473701676973898,0.00017004651697344843
957,7.5999999999999996,6664.0570853675054,1.409743291591778,10.353541731817016,0,0.0044357898458187483,9.091681814355206e-05,4.827408115635901e-05,6.6287793544495926e-05,8.9142515729480817e-05,0.00011324845235440827,0.0001429266087166757
958,7.5999999999999996,6554.6420708618334,1.4332757867351027,28.184217590991381,0,0.005090400483177708,0.00010433384607775395,5.5398117265389226e-05,7.6070198998664208e-05,0.00010229770140457804,0.00012996106592547604,0.00016401896919352973
959,7.5999999999999996,6594.3732612193598,1.4246402802416356,2.2046651210034294,0,0.0050427718130526362,0.00010335763951912671,5.4879781102742912e-05,7.5358443130647674e-05,0.00010134054616878602,0.00012874507658268799,0.00016248431481735845
960,7.5999999999999996,6496.3641937162683,1.4461334818587621,10.445219419690158,0,0.0042580787353767068,8.7274416390597612e-05,4.6340075969897724e-05,6.3632104747460316e-05,8.5571197878880705e-05,0.00010871137802869035,0.00013720053799880845
961,7.5999999999999996,6384.2394256945536,1.4715315552031383,28.240554298686732,0,0.0041844007314919976,8.5764297581276597e-05,4.5538248547365154e-05,6.2531071452367706e-05,8.4090550046477105e-05,0.0001068303331184202,0.00013482654202553622
962,7.5999999999999996,6570.4380768375331,1.4298300449706525,2.2047717161868392,0,0.004241023496478257,8.6924848871120365e-05,4.6154466187797484e-05,6.3377233756216626e-05,8.5228452402963213e-05,0.00010827594725380709,0.00013665099720870408
963,7.5999999999999996,6486.9727983657485,1.4482270949630411,10.45630986057008,0,0.0041879908434230857,8.583788121911764e-05,4.5577319233927352e-05,6.2584721559059284e-05,8.4162697650491588e-05,0.00010692199089169322,0.00013494221985091998
964,7.5999999999999996,6392.0058416113197,1.4697436147075345,28.251538144383243,0,0.0041264701478340351,8.4576940983590741e-05,4.490779809904741e-05,6.1665365297904379e-05,8.2926365505630182e-05,0.00010535132956521175,0.00013295994731501022
965,7.5999999999999996,6733.8637606746288,1.3951291717164622,2.1780500550316386,0,0.0042519318078891345,8.7148427759946848e-05,4.6273179816853629e-05,6.3540245963705422e-05,8.5447668000483647e-05,0.00010855444317629681,0.00013700247642908504
966,7.5999999999999996,6569.807478281693,1.4299672862466619,10.358548505895424,0,0.0041489719612050752,8.5038142561046757e-05,4.5152682190177819e-05,6.2001629100059554e-05,8.3378566426343451e-05,0.00010592581474778642,0.00013368498343865117
967,7.5999999999999996,6479.6192608907822,1.4498706471203955,28.180498450863784,0,0.0040921670434337391,8.3873857832016116e-05,4.4534482206434536e-05,6.1152744731678615e-05,8.2237003491229121e-05,0.00010447555013937915,0.00013185465906854159
968,7.5999999999999996,6924.3084186670822,1.3567578453834881,2.1448716407650554,0,0.0042828769390706751,8.7782685234230151e-05,4.6609951356077921e-05,6.4002685470144826e-05,8.6069547516642774e-05,0.00010934449147344889,0.00013799956664521405
969,7.5999999999999996,6681.5886203346781,1.4060443263881943,10.197690729119996,0,0.0041333204739570197,8.4717346610546778e-05,4.498234924116705e-05,6.1767735567808154e-05,8.3064031023022953e-05,0.00010552622261887665,0.00013318067325455949
970,7.5999999999999996,6572.720866705411,1.4293334467420586,28.052819088354941,0,0.0040661468981192384,8.3340543833415121e-05,4.4251308600318707e-05,6.0763903492450106e-05,8.1714097471421245e-05,0.00010381123977091532,0.00013101625795907011
971,7.5999999999999996,6976.7652044017123,1.3465566771480773,2.1107374621640642,0,0.0042296631614831817,8.6692005218310555e-05,4.6030833249227901e-05,6.3207466574513975e-05,8.5000152849514979e-05,0.00010798591089024208,0.00013628495323205763
972,7.5999999999999996,6715.4679845760784,1.3989508687196195,10.020735168224585,0,0.0040712117346997428,8.3444353716732875e-05,4.4306428509202906e-05,6.083959166823273e-05,8.1815881435548955e-05,0.00010394054817462853,0.00013117945322785364
973,7.5999999999999996,6597.726524820373,1.4239162134925365,27.909997706060523,0,0.0039998323293468415,8.1981347433470421e-05,4.3529616413348847e-05,5.9772908292819419e-05,8.0381426696799369e-05,0.00010211818790347777,0.00012887952092855418
974,7.5999999999999996,6852.5512498834123,1.3709652694741006,2.0765886316446998,0,0.0040687194748156843,8.3393271869638841e-05,4.427930559308478e-05,6.080234770167975e-05,8.1765796484809897e-05,0.0001038769192416662,0.00013109914954673925
975,7.5999999999999996,6647.6907537323914,1.4132140195611278,9.8466433489507761,0,0.0039460186197700867,8.0878371093905652e-05,4.2943969330477747e-05,5.8968724101440316e-05,7.9299975676992961e-05,0.00010074429068633127,0.00012714557696826497
976,7.5999999999999996,6543.6467356202484,1.435684130034415,27.770054717306078,0,0.0038840123356669986,7.9607478141014343e-05,4.2269163603642364e-05,5.8042111276677831e-05,7.8053885048692259e-05,9.9161231985400787e-05,0.00012514765817273616
977,7.5999999999999996,6607.9799711638225,1.4217067563579318,2.0431861650420724,0,0.0038357710489270191,7.8618715272168357e-05,4.1744160419966264e-05,5.7321200555725871e-05,7.7084418547459653e-05,9.7929602162351873e-05,0.00012359326453518065
978,7.5999999999999996,6499.0202134300671,1.4455424759978073,9.6724496819545447,0,0.0037716872017525805,7.7305240179341401e-05,4.1046744864487093e-05,5.6363540932820057e-05,7.5796576798117573e-05,9.6293501994021636e-05,0.00012152840410028113
979,7.5999999999999996,6435.9642872266331,1.4597050809506271,27.62926351691247,0,0.0037346350332035875,7.6545811670128237e-05,4.0643511290822821e-05,5.5809838754736334e-05,7.505196904335585e-05,9.5347537263861242e-05,0.00012033453762319855
980,7.5999999999999996,6412.5711144095203,1.4650301108975021,2.0173275972426334,0,0.0036373335352522114,7.4551501095951881e-05,3.9584592682862253e-05,5.4355779425516577e-05,7.3096578771698014e-05,9.2863369970600971e-05,0.00011719936359362823
981,7.5999999999999996,6365.952657590351,1.4757586611455509,9.5253232681232145,0,0.0036107829920198511,7.4007315957662606e-05,3.9295646830309626e-05,5.3959011997515025e-05,7.2563013769751876e-05,9.2185518215953967e-05,0.000116343872410392
982,7.5999999999999996,6349.0115891239684,1.4796964281770602,27.507995670880586,0,0.0036007653103790494,7.3801991591176825e-05,3.918662580060902e-05,5.3809309230819281e-05,7.2361696445379564e-05,9.192976062115507e-05,0.0001160210903774531
983,7.5999999999999996,6332.5770092796829,1.483536600836397,2.0188895401280047,0,0.0035103320812693,7.194845440143477e-05,3.820245360286825e-05,5.24578883048618e-05,7.0544332271560005e-05,8.9620944470240147e-05,0.00011310722042391184
984,7.5999999999999996,6286.9497604495355,1.4943032995081154,9.4895773285845681,0,0.0034851627032733991,7.1432577896555564e-05,3.7928538778617837e-05,5.2081760807791948e-05,7.0038523441140376e-05,8.8978354716479457e-05,0.00011229623208463035
985,7.5999999999999996,6306.0219844588792,1.4897838596240873,27.470687788456562,0,0.0034955498286991875,7.1645474455273473e-05,3.8041580413414498e-05,5.2236984488281335e-05,7.0247265181357227e-05,8.9243544439114871e-05,0.00011263091805105911
986,7.5999999999999996,6265.8035871941465,1.4993463552036497,2.0593953709597974,0,0.003377404438901875,6.9223943388190494e-05,3.6755820642648708e-05,5.0471437093266568e-05,6.7872991909980303e-05,8.6227219723018154e-05,0.00010882412817007392
987,7.5999999999999996,6251.8517896474259,1.5026923361232318,9.6185877368071484,0,0.0033692403898644553,6.9056611438876036e-05,3.6666972437594903e-05,5.034943474061009e-05,6.7708925555389488e-05,8.6018786512570908e-05,0.00010856107246119833
988,7.5999999999999996,6295.6744983924345,1.4922324483707599,27.559192365847352,0,0.0033926140774945567,6.9535683122042729e-05,3.692134501447487e-05,5.0698727703949679e-05,6.8178647834768059e-05,8.6615531183065046e-05,0.00010931420144663084
989,7.5999999999999996,6150.9782419049197,1.5273358808000017,2.110560787074121,0,0.003230470044584583,6.6212347241504142e-05,3.5156754157878359e-05,4.8275671032737068e-05,6.4920169073033374e-05,8.2475893954113452e-05,0.00010408972112790869
990,7.5999999999999996,6233.1328437484808,1.5072051256381964,9.8217287066498944,0,0.0032721482209968193,6.7066591314630816e-05,3.5610331928806767e-05,4.8898503594547816e-05,6.5757742002667521e-05,8.3539963520007989e-05,0.00010543264327236315
991,7.5999999999999996,6312.2212971444305,1.488320723978974,27.711167919575775,0,0.0033132374649216538,6.7908764512058451e-05,3.6057500429756069e-05,4.9512535235554502e-05,6.6583479627802016e-05,8.4588997276033778e-05,0.00010675658928717372
992,7.5999999999999996,6135.6683856931149,1.5311469232573651,2.1350932875107662,0,0.0031369747673958047,6.4296049714139159e-05,3.413925811870018e-05,4.6878491308923708e-05,6.3041269371486646e-05,8.0088901825968296e-05,0.00010107718821627542
993,7.5999999999999996,6268.0443036928027,1.4988103650362978,9.9789868373675485,0,0.0032046685076527674,6.5683513883164308e-05,3.4875959636248951e-05,4.7890096645149915e-05,6.4401656250800103e-05,8.1817164792575832e-05,0.00010325836384960602
994,7.5999999999999996,6370.5568084100487,1.4746920957488781,27.843893549856784,0,0.0032569794705554103,6.6755689632341583e-05,3.5445252537018319e-05,4.8671824010406582e-05,6.5452907774306946e-05,8.3152695959697593e-05,0.00010494388746236828
995,7.5999999999999996,6335.7214461586555,1.4828003173304667,2.1271539721894173,0,0.0031630734206812674,6.4830972827501404e-05,3.4423286116095435e-05,4.7268505759767646e-05,6.3565753103106765e-05,8.0755216551382751e-05,0.00010191811894920445
996,7.5999999999999996,6386.6295746766355,1.4709808453791777,10.054131960986748,0,0.0031905006337604441,6.5393126362807969e-05,3.4721772644109149e-05,4.7678374013514414e-05,6.4116935836804338e-05,8.1455450228264256e-05,0.00010280185751397246
997,7.5999999999999996,6466.7036788313408,1.4527663918844176,27.926977988797329,0,0.0032311404263036568,6.6226087516620469e-05,3.5164049828466275e-05,4.8285689118925676e-05,6.4933641197506003e-05,8.249300921313397e-05,0.00010411132165205055
998,7.5999999999999996,6646.8591833846167,1.4133908228965535,2.10644553373759,0,0.003226609524982548,6.6133221275036473e-05,3.5114740662412603e-05,4.8217979993429738e-05,6.4842587302636211e-05,8.2377332506116432e-05,0.00010396533043453009
999,7.5999999999999996,6539.0981704338265,1.4366827849991164,10.072619760464129,0,0.0031758182920304185,6.5092194208808723e-05,3.4561986770369263e-05,4.7458963249889735e-05,6.3821876574732191e-05,8.108060098254734e-05,0.00010232877439136466
1000,7.5999999999999996,6558.0265381650415,1.4325361015556579,27.966174226726537,0,0.0031858064710239753,6.529691388325372e-05,3.4670686726881786e-05,4.7608225133347642e-05,6.4022601008032666e-05,8.1335605356554224e-05,0.00010265060581269538
1001,7.5999999999999996,6789.4503498613303,1.3837069698982887,2.0945164407578072,0,0.0032059061620167669,6.5708881089602728e-05,3.4889428855776457e-05,4.7908591970630124e-05,6.4426528399266395e-05,8.1848762872319114e-05,0.00010329824259660676
1002,7.5999999999999996,6621.5275745404506,1.418797953361012,10.098804326583677,0,0.003126257537121624,6.4076387261744415e-05,3.4022623998958265e-05,4.6718334589945379e-05,6.2825893778525863e-05,7.9815284322826019e-05,0.00010073186586531503
1003,7.5999999999999996,6583.4142965815809,1.4270117825881961,28.004287885825875,0,0.0031085406168518993,6.3713257791184685e-05,3.3829813230939665e-05,4.6453575529235859e-05,6.2469851022057011e-05,7.9362960414171047e-05,0.00010016100488698388
1004,7.5999999999999996,6700.1948987142396,1.4021397754689662,2.0754519267251492,0,0.0030826063884725756,6.3181704762927749e-05,3.3547574646825691e-05,4.6066018220098481e-05,6.1948671606081062e-05,7.8700843558086747e-05,9.9325372126916469e-05
1005,7.5999999999999996,6602.7237779793086,1.4228385264598506,10.076462903705458,0,0.0030368276687203388,6.2243415149752771e-05,3.3049371235625582e-05,4.5381907739407415e-05,6.1028693341232496e-05,7.7532084590031962e-05,9.7850325428807945e-05
1006,7.5999999999999996,6571.8193971367064,1.429529511260559,28.001010976980311,0,0.0030223476827412432,6.1946630518888544e-05,3.2891787571251427e-05,4.5165520950476407e-05,6.0737700660611946e-05,7.7162401611522092e-05,9.7383762457568896e-05
1007,7.5999999999999996,6638.9287069408674,1.4150791770153548,2.04658922815717,0,0.0029626587111300502,6.072323365704988e-05,3.2242200832507607e-05,4.4273537704070886e-05,5.9538179205432366e-05,7.5638505328661534e-05,9.5460510322841342e-05
1008,7.5999999999999996,6554.0572612464375,1.4334036759841873,10.002328073676681,0,0.0029253827233098732,5.9959217704183483e-05,3.1836531464985408e-05,4.3716490803591555e-05,5.8789073534043481e-05,7.4686826354375589e-05,9.4259432113348609e-05
1009,7.5999999999999996,6553.1522509574461,1.4336016333984765,27.955738845519516,0,0.0029245093105141492,5.9941316064323796e-05,3.1827026235556308e-05,4.3703438650740661e-05,5.877152125663914e-05,7.4664527586665587e-05,9.4231289678012032e-05
1010,7.5999999999999996,6517.126673492412,1.4415263415230033,2.0205653635281302,0,0.0028256782354874692,5.7915654978598061e-05,3.0751461453986382e-05,4.2226521545814123e-05,5.6785392299598533e-05,7.2141309246679506e-05,9.1046830792363583e-05
1011,7.5999999999999996,6514.2114513049009,1.4421714494698519,9.9132199715539144,0,0.0028241216009611773,5.7883749892229673e-05,3.0734520817918185e-05,4.2203259427524109e-05,5.6754109862294649e-05,7.210156740653119e-05,9.0996674111910397e-05
1012,7.5999999999999996,6549.5574154412088,1.4343884899356414,27.892654608025783,0,0.0028393290307399859,5.8195444353799816e-05,3.0900021151531561e-05,4.2430517030016326e-05,5.7059721398319116e-05,7.2489822474196717e-05,9.1486676217765551e-05
1013,7.5999999999999996,6551.6010100667736,1.4339410712658383,2.0050087548139421,0,0.0027501834450585384,5.6368298956156522e-05,2.9929862197321e-05,4.1098338458791828e-05,5.5268233963152895e-05,7.0213880654687954e-05,8.8614295720406945e-05
1014,7.5999999999999996,6539.0751836985783,1.4366878353534689,9.8226467786429481,0,0.0027443276704704777,5.6248277852403331e-05,2.9866134620604569e-05,4.1010830621308864e-05,5.5150555151381292e-05,7.0064379115506782e-05,8.8425615455477416e-05
1015,7.5999999999999996,6579.1906851766453,1.4279278744797863,27.817638023829005,0,0.0027611821269082617,5.6593730095211194e-05,3.0049559315237215e-05,4.1262701148878078e-05,5.5489265663001502e-05,7.0494683790254406e-05,8.8968686787561859e-05
1016,7.5999999999999996,6651.0139094331425,1.4125079121481174,1.9942262128022641,0,0.0026918230399788582,5.5172132654361406e-05,2.9294734062522167e-05,4.0226209115977814e-05,5.4095411645454922e-05,6.8723903495314614e-05,8.6733851634618537e-05
1017,7.5999999999999996,6628.4388090599496,1.4173186238123918,9.7322451989895402,0,0.0026848038571042282,5.502826610632586e-05,2.9218345275965785e-05,4.012131547551756e-05,5.3954352749168483e-05,6.8544699424568636e-05,8.6507684922690399e-05
1018,7.5999999999999996,6657.6099236730061,1.4111084726481673,27.738018986187274,0,0.0026968570983460184,5.5275311701385591e-05,2.9349519016410639e-05,4.0301437346649699e-05,5.4196577084480558e-05,6.8852426112246085e-05,8.6896055191484117e-05
1019,7.5999999999999996,6948.7453316544297,1.3519864842484779,1.9737593405331231,0,0.002735383797404014,5.606496247693549e-05,2.9768799699593909e-05,4.0877174692618561e-05,5.4970817297871108e-05,6.9836036516322098e-05,8.8137432856523357e-05
1020,7.5999999999999996,6805.5196422551835,1.3804397407878692,9.6288179457205185,0,0.0026799003883134936,5.4927763648857092e-05,2.9164981510192543e-05,4.0048038756342401e-05,5.3855811664265847e-05,6.8419510840117938e-05,8.6349689122716162e-05
1021,7.5999999999999996,6792.5489001376154,1.383075765665988,27.655058605187392,0,0.0026751139185679116,5.4829659226750871e-05,2.9112891028681456e-05,3.9976510453755841e-05,5.3759621815464412e-05,6.829730931349707e-05,8.6195463175987443e-05
1022,7.5999999999999996,4750.7665392080908,1.9774934620229712,1.9592257208092785,0,0.0018401668932688108,3.7716421337410182e-05,2.0026279204962452e-05,2.7499184440263869e-05,3.6980360190577785e-05,4.6980596461969477e-05,5.9292442308899882e-05
1023,7.5999999999999996,6971.6811900203147,1.3475386373561529,9.6851552838297366,0,0.0026486683544087409,5.4287625760122746e-05,2.8825087648715457e-05,3.9581311817642981e-05,5.3228166493870217e-05,6.762213773937745e-05,8.5343354547705064e-05
1024,7.5999999999999996,6884.3119782347148,1.3646403301569254,27.70737329432195,0,0.0026161946663969091,5.3622038685431834e-05,2.8471681039065737e-05,3.9096029781888794e-05,5.2575568795375184e-05,6.6793064442984378e-05,8.4297012349048036e-05
1025,7.5999999999999996,4810.120755238393,1.9530922920490994,1.9822900865291755,0,0.0022632521623427368,4.6388059941720577e-05,2.4630657077955414e-05,3.3821708712807116e-05,4.5482765977201056e-05,5.77822244925974e-05,7.2924770441784421e-05
1026,7.5999999999999996,4703.6218319455802,1.9973140074901732,9.7378988516252996,0,0.0017701558642131399,3.6281461562952579e-05,1.926435895717176e-05,2.6452949879748205e-05,3.5573404614286201e-05,4.5193171682193688e-05,5.7036600778191681e-05
1027,7.5999999999999996,6909.6465409178018,1.3596368085180837,27.997412216156576,0,0.0025252119050228885,5.1757238174686895e-05,2.7481528358469474e-05,3.7736396726288972e-05,5.0747161111782986e-05,6.4470218394213451e-05,8.1365435789548725e-05
1028,7.5999999999999996,4802.8187159291183,1.9560617059567871,2.1237093353515588,0,0.0025534357125138662,5.2335718865199009e-05,2.7788684112172549e-05,3.815816917021236e-05,5.1314352365350125e-05,6.5190789618054201e-05,8.2274841606769808e-05
1029,7.5999999999999996,4723.2214537661648,1.9890258932048375,10.314990642456049,0,0.0020926802559034351,4.289198471336887e-05,2.2774346851219261e-05,3.1272707134385289e-05,4.2054918991369285e-05,5.3427418451098305e-05,6.7428733664323513e-05
1030,7.5999999999999996,6960.9223337020803,1.3496214036746894,28.398889310672814,0,0.0024412619574966953,5.0036583595075978e-05,2.6567912808406483e-05,3.6481861010415714e-05,4.9060086255227998e-05,6.2326924423346735e-05,7.8660465148711943e-05
1031,7.5999999999999996,4878.6361181835564,1.9256631450470538,2.352523806356138,0,0.0025132050634113731,5.1511143595544115e-05,2.7350859578718287e-05,3.7556968244433406e-05,5.0505869232677222e-05,6.4163676317732898e-05,8.0978560573954426e-05
1032,7.5999999999999996,4768.4030591044648,1.9701794614329149,11.000086024399614,0,0.0024564190528293724,5.0347246391972103e-05,2.6732865359274968e-05,3.6708366422319707e-05,4.9364686260203439e-05,6.271389442153813e-05,7.9148845416757537e-05
1033,7.5999999999999996,4659.5808785765221,2.0161920171995171,28.647562218043475,0,0.0016002398995306972,3.2798830645421261e-05,1.741518725293218e-05,2.3913750598835324e-05,3.215873956457197e-05,4.0855112238568009e-05,5.1561699251516353e-05
1034,7.5999999999999996,4930.0300939242743,1.9055887270260949,2.4864320428077096,0,0.0024523217156251051,5.0263266565510228e-05,2.6688274610930518e-05,3.6647136415462039e-05,4.9282345356130927e-05,6.2609286874001858e-05,7.901682416874313e-05
1035,7.5999999999999996,4878.268005737893,1.9258084549334751,11.227736944554749,0,0.0024250988467485828,4.9705301309034986e-05,2.6392011932324832e-05,3.6240321851540176e-05,4.873526916420663e-05,6.1914270230727108e-05,7.8139669825705974e-05
1036,7.5999999999999996,4796.154842588805,1.9587794971628978,28.741304901747039,0,0.0019867701051059341,4.0721229503067584e-05,2.1621741477071493e-05,2.9690001358333058e-05,3.9926527518478095e-05,5.0723466937762993e-05,6.4016178243911227e-05
1037,7.5999999999999996,5023.8981592372147,1.8699841185291648,2.4474074088457227,0,0.0024091629131476676,4.9378675290332178e-05,2.6218583393396623e-05,3.6002177594667412e-05,4.8415017470357202e-05,6.150741601088002e-05,7.7626194430008421e-05
1038,7.5999999999999996,5053.7073920843895,1.8589540394832222,10.961014374473194,0,0.0024234576492208407,4.9671663002813599e-05,2.637415100892637e-05,3.6215796036146273e-05,4.8702287331992498e-05,6.187236944496291e-05,7.808678842125993e-05
1039,7.5999999999999996,4950.2906127331626,1.8977895452676319,28.513606965627467,0,0.0023738651094214313,4.8655204586401051e-05,2.583444232699156e-05,3.5474692387453537e-05,4.7705665780297285e-05,6.0606241297367838e-05,7.6488855746911595e-05
1040,7.5999999999999996,5216.6073382167006,1.8009041435909661,2.3693730680088612,0,0.0024304853577149397,4.9815704293616899e-05,2.6450632578608299e-05,3.6320817082214732e-05,4.8843517560824899e-05,6.2051791180035609e-05,7.8313229839141297e-05
1041,7.5999999999999996,5336.3018907115675,1.7605094245574577,10.594101799418905,0,0.0024850481668487402,5.093403432453464e-05,2.7044432007300088e-05,3.7136195707619718e-05,4.9940022634445384e-05,6.3444813371187525e-05,8.0071310709203334e-05
1042,7.5999999999999996,5181.1945508540466,1.8132130879611397,28.224728731410039,0,0.002413056577969331,4.9458480607718167e-05,2.626095760365679e-05,3.6060363951280582e-05,4.8493265333685902e-05,6.1606823676790029e-05,7.775165310316093e-05
1043,7.5999999999999996,5585.2366650853173,1.6820432748373053,2.3531005602383575,0,0.0024763613575961045,5.0755987779382355e-05,2.6949894675860268e-05,3.7006381302899463e-05,4.9765450786508987e-05,6.3223033769819285e-05,7.9791411022743153e-05
1044,7.5999999999999996,5757.7769451978629,1.6316383667340308,10.239793064670675,0,0.002553282365378438,5.2332575832253543e-05,2.7787015256722213e-05,3.8155877573088237e-05,5.1311270670791299e-05,6.5186874571047048e-05,8.2269900573315785e-05
1045,7.5999999999999996,5597.0480120051798,1.6784936900185381,27.886692504432318,0,0.0024817933613097811,5.086732319223041e-05,2.7009010413356905e-05,3.7087556370524575e-05,4.9874613414433178e-05,6.3361716177043144e-05,7.9966436868492824e-05
1046,7.5999999999999996,6431.4853936333966,1.4607216211952114,2.4189725777115374,0,0.0027396209385616172,5.6151807752628048e-05,2.9814911914830144e-05,4.0940493909271451e-05,5.5055967730019221e-05,6.9944213345068398e-05,8.8273958759994844e-05
1047,7.5999999999999996,6311.2753074224402,1.48854380664283,9.8729318572399976,0,0.0026904427084226954,5.5143841108226116e-05,2.9279712107046143e-05,4.0205581643442312e-05,5.4067672227733611e-05,6.8688662778800799e-05,8.6689375652869105e-05
1048,7.5999999999999996,6198.5492291869523,1.5156142870730678,27.453959279528462,0,0.0026420871494638215,5.4152736093583045e-05,2.8753465314777084e-05,3.9482963255193829e-05,5.3095909289243089e-05,6.7454115515479298e-05,8.5131300023766473e-05
1049,7.5999999999999996,7286.1192148969967,1.2893845809815381,2.5737948620687212,0,0.0029728960091653087,6.0933059324203672e-05,3.2353611916745905e-05,4.4426522385988217e-05,5.9743909984584505e-05,7.5899869865549301e-05,9.5790368666329048e-05
1050,7.5999999999999996,6774.2286275955476,1.3868161656976774,9.6875027334460739,0,0.0027651897049771413,5.6675870200840377e-05,3.0093173227451722e-05,4.1322589808367607e-05,5.5569802749621817e-05,7.0596999731668502e-05,8.9097815885752152e-05
1051,7.5999999999999996,6739.2913140689161,1.3940055909542519,27.113707871377351,0,0.0027504541613935928,5.6373847611223177e-05,2.9932808365372918e-05,4.1102384004038773e-05,5.5273674332510916e-05,7.02207922097971e-05,8.8623018533939244e-05
1052,7.5999999999999996,8023.9979294785044,1.170814082138238,2.7404271635881252,0,0.0030257827784211455,6.2017036913260398e-05,3.2929171237609686e-05,4.5216854517022533e-05,6.0806733027185087e-05,7.725010172423256e-05,9.7494445468534482e-05
1053,7.5999999999999996,7308.3125958274395,1.2854690665866146,9.6835186409685345,0,0.0027564585832514305,5.6496915418554215e-05,2.9998153649558439e-05,4.119211320454217e-05,5.5394340389405673e-05,7.0374088805514795e-05,8.8816488396866581e-05
1054,7.5999999999999996,7212.5304210819968,1.3025400549329194,26.943091477380406,0,0.0027224209381071498,5.5799273171923815e-05,2.962772671294078e-05,4.0683459622544434e-05,5.4710313097055779e-05,6.9505086718319015e-05,8.7719753574372816e-05
1055,7.5999999999999996,4230.4254508759241,2.2207245772257518,2.8092805730128978,0,0.0015140641442604368,3.1032555474005114e-05,1.6477348548163871e-05,2.2625952738149784e-05,3.0426934432523119e-05,3.8654992022316445e-05,4.8785010345483857e-05
1056,7.5999999999999996,7934.9241988438571,1.1839570908881929,9.7506039468551755,0,0.0027661387737889401,5.6695322501234944e-05,3.0103501810733665e-05,4.1336772553637957e-05,5.5588875425385276e-05,7.0621230044160736e-05,8.912839605104945e-05
1057,7.5999999999999996,7614.9211023138469,1.2337107167173249,26.889811395755764,0,0.0026555406746401966,5.4428482182637102e-05,2.8899878149644732e-05,3.9684010764281273e-05,5.3366274009244971e-05,6.7797592316205498e-05,8.5564789164501185e-05
1058,7.5999999999999996,4547.0617851520155,2.0660835974471854,2.912304529185926,0,0.00309098793767109,6.3353494638176435e-05,3.3638789875745179e-05,4.6191270863295239e-05,6.211710888720481e-05,7.8914829681879064e-05,9.9595435958697146e-05
1059,7.5999999999999996,4095.4895106471031,2.2938917915570762,9.807878541249293,0,0.0013920097498571217,2.8530904682309561e-05,1.5149047626408111e-05,2.08019897510322e-05,2.7974105026457891e-05,3.5538868006148441e-05,4.4852267524613475e-05
1060,7.5999999999999996,7903.9594341478587,1.1885953931258186,26.990672098042396,0,0.00260627610833487,5.3418745975245689e-05,2.8363738757423998e-05,3.8947808303430954e-05,5.2376243478173212e-05,6.6539837534326378e-05,8.3977424199825195e-05
1061,7.5999999999999996,4989.5541140655232,1.882855573085809,3.0675276764751835,0,0.0031930581538614799,6.5445545796100895e-05,3.4749605778050961e-05,4.7716593219188272e-05,6.4168332269854466e-05,8.1520745294842001e-05,0.00010288426395960476
1062,7.5999999999999996,4103.6296832233747,2.2893415088814959,10.1532978604966,0,0.002626112057489618,5.382530747718585e-05,2.8579610620743295e-05,3.9244233821327947e-05,5.2774870660929197e-05,6.7046261558195182e-05,8.4616562897082682e-05
1063,7.5999999999999996,4026.712927999271,2.333071648976313,27.085770184021417,0,0.001288444643957484,2.6408213971889505e-05,1.4021963048251494e-05,1.9254327982348497e-05,2.5892840042638585e-05,3.2894786936322746e-05,4.1515272337257737e-05
1064,7.5999999999999996,5252.8119400889045,1.7884915504366012,3.2494648662790979,0,0.0021146011943059895,4.3341280563612914e-05,2.3012909361223186e-05,3.1600290426118521e-05,4.249544653308694e-05,5.3987073537234912e-05,6.8135053281497796e-05
1065,7.5999999999999996,4212.0323205277818,2.2304220518669524,10.791984419921405,0,0.0016956191611330993,3.4753742686609563e-05,1.8453186431267486e-05,2.5339084309693195e-05,3.4075500191920633e-05,4.3290203651512199e-05,5.463493645989807e-05
1066,7.5999999999999996,4215.1075984339768,2.2287947701197095,27.542519553642308,0,0.0016968571621137991,3.4779116997371813e-05,1.8466659422976119e-05,2.5357584814962595e-05,3.4100379306065136e-05,4.3321810580593763e-05,5.4674826375315533e-05
1067,7.5999999999999996,4542.8877463262743,2.0679819303214559,3.4679802006832907,0,0.001139874826865924,2.336309787946088e-05,1.2405098485917932e-05,1.7034122403494916e-05,2.2907151424072855e-05,2.9101707814673983e-05,3.6728169960311373e-05
1068,7.5999999999999996,7640.187167283837,1.229630840866085,12.664838256651358,0,0.0013920230041421337,2.8531176344733153e-05,1.5149191870940104e-05,2.0802187821125462e-05,2.797437138720789e-05,3.5539206396224804e-05,4.4852694593990875e-05
1069,7.5999999999999996,6950.5483572385829,1.3516357685789739,29.048808651598733,0,0.0012678039551110509,2.5985158367490728e-05,1.3797333315299852e-05,1.8945876552405698e-05,2.5478040650847094e-05,3.2367817411472321e-05,4.0850203936603543e-05
1070,7.5999999999999996,7274.5802519640674,1.2914298070112076,3.8787515879758097,0,0.0011200614623036664,2.2956999275755233e-05,1.2189472407563354e-05,1.6738034386439108e-05,2.2508978105783248e-05,2.8595860389389752e-05,3.6089758966422654e-05
1071,7.5999999999999996,6685.2830845807366,1.4052673091061296,13.716494588313456,0,0.00068421709080895095,1.4023847607303776e-05,7.4462390055321856e-06,1.0224839956724277e-05,1.3750162857086073e-05,1.7468484599555467e-05,2.2046316848733105e-05
1072,7.5999999999999996,6144.470667593504,1.5289534736376107,29.837743000337646,0,0.00062390658714933471,1.2787711702773504e-05,6.7898882203412306e-06,9.323568626451125e-06,1.253815097013927e-05,1.5928720219914138e-05,2.0103038186379671e-05
1073,7.5999999999999996,5783.8126622081327,1.6242935792624447,4.0540796857187926,0,0.00042152813214663923,8.6397232206327442e-06,4.5874317693649296e-06,6.2992546464463787e-06,8.4711132529689865e-06,1.0761873363872161e-05,1.3582155264452909e-05
1074,7.5999999999999996,5512.9160055721823,1.7041089981029802,14.283575580775469,0,0.00040056289965837973,8.2100157061369671e-06,4.3592700733021249e-06,5.9859532838707609e-06,8.049791767547727e-06,1.0226618039550657e-05,1.290662966818776e-05
1075,7.5999999999999996,5407.2248633809158,1.7374179931935425,30.229495895056672,0,0.00039200219426714525,8.0345538104457088e-06,4.2661051125676387e-06,5.8580233567791264e-06,7.8777541279122735e-06,1.0008057947590214e-05,1.2630793203359507e-05
1076,7.5999999999999996,6405.3936867453385,1.4666717192296446,4.1507620241254957,1,0.0010274574655494983,2.1058969606878806e-05,1.1181676048831942e-05,1.5354173826854273e-05,2.0647989753268653e-05,2.6231623200802551e-05,3.3105944207443625e-05
1077,7.5999999999999996,6420.7671990815734,1.4631600055870742,14.738572686378751,1,0.001028215059637952,2.1074497403812534e-05,1.1189920839451151e-05,1.5365495201912943e-05,2.0663214514876825e-05,2.6250965045437298e-05,3.3130354821474078e-05
1078,7.5999999999999996,6408.4881130121557,1.4659635167000078,30.587810662253258,1,0.0017101155515538927,3.5050863546126287e-05,1.8610948622888737e-05,2.5555716244197434e-05,3.4366822539467008e-05,4.3660305445542779e-05,5.5102028002440361e-05
1079,7.5999999999999996,7724.0337954189436,1.2162828412860334,9.5220414540473346,1,0.0011712073404132675,2.4005295218644881e-05,1.2746085853307065e-05,1.7502350895251399e-05,2.3536815853367455e-05,2.9901646222701795e-05,3.7737742113084209e-05
1080,7.7000000000000002,7496.321349045882,1.7702334786033371,7.8811833860319132,1,0.031573360508094943,0.00052317928516337124,0.00028277306908825784,0.00038823655274541902,0.00051076273072321935,0.0006601904198127094,0.00082948141013028224
1081,7.7000000000000002,7391.1294736578066,1.7954277577933735,21.035849838406371,1,0.028995103988727986,0.00048045686407600008,0.00025968203610520608,0.00035653345218645904,0.00046905423599396233,0.00060627977404950899,0.00076174659131637151
1082,7.7000000000000002,9863.2955983725515,1.3454163353513962,7.0002527821452931,0,0.0082996640511898354,0.0001375277206961973,7.4332330749358056e-05,0.00010205543243814315,0.00013426379095073519,0.00017354372819626353,0.00021804511556581041
1083,7.7000000000000002,8844.9689627415955,1.5003149331952765,20.125343362283573,0,0.0058689537715831573,9.725018146505226e-05,5.2562731480615855e-05,7.216660956686843e-05,9.4942153974823153e-05,0.00012271823435866042,0.0001541865665263634
1084,7.7000000000000002,6638.4385960102791,1.9990000399228525,28.738276223408945,0,0.0065404567001161318,0.00010837717005547866,5.8576755358572691e-05,8.0423633144236935e-05,0.0001058050670112168,0.00013675917878647916,0.00017182799547477514
1085,7.7000000000000002,6535.5159792466329,2.0304806935809299,2.3453965925522855,0,0.011024824048225594,0.000182684372894795,9.8739040827646322e-05,0.00013556490706811237,0.00017834874546125679,0.00023052608590375464,0.00028963931779183908
1086,7.7000000000000002,7718.4209410409494,1.7192945448062402,10.907352215389713,0,0.0110475240043615,0.00018306051742402173,9.8942343110375238e-05,0.00013584403328641329,0.00017871596299517435,0.0002310007358405978,0.00029023568103358778
1087,7.7000000000000002,6717.9121819047168,1.9753516656848389,28.593509297519606,0,0.0081756813086228432,0.00013547329248250867,7.3221933247620509e-05,0.00010053089935710508,0.00013225812024806054,0.0001709512826172176,0.00021478789560311682
1088,7.7000000000000002,6215.6592141162,2.1349688844446786,2.253281500351088,0,0.013712244051971917,0.00022721566300353295,0.00012280774907280412,0.00016861031817555697,0.00022182317952923486,0.00028671931056957619,0.00036024203154947992
1089,7.7000000000000002,7545.6323655215601,1.7586649303358557,10.822516753644168,0,0.012690069728751292,0.00021027795275891677,0.0001136530893891698,0.00015604132237764969,0.00020528745003444543,0.0002653459222222769,0.00033338791829135435
1090,7.7000000000000002,6542.0709047901828,2.0284462231574598,28.560247731343839,0,0.0094232642450742376,0.00015614608557044476,8.4395367123689963e-05,0.00011587159451015077,0.00015244028829007917,0.00019703790403833142,0.00024756384459077244
1091,7.7000000000000002,7934.2196740562977,1.6725323426375038,2.2925919422866627,0,0.014727248450909742,0.00024403456562676877,0.00013189819444849179,0.00018109115019735033,0.00023824292105040259,0.00030794277774136194,0.00038690777971725981
1092,7.7000000000000002,7015.0350034577259,1.8916853603594312,10.926944226660334,0,0.0097629326767504025,0.00016177448509514336,8.7437459677405904e-05,0.00012004827063420755,0.00015793510964933586,0.00020414027898026763,0.00025648746390621565
1093,7.7000000000000002,6219.3000708520303,2.133719046720953,28.634352284373666,0,0.0086504151493639794,0.00014333976305912438,7.7473680384641593e-05,0.00010636838471928809,0.00013993789677363809,0.00018087783869406713,0.00022725989381038912
1094,7.7000000000000002,7548.8775119257898,1.7579089073157566,2.3459952752046456,0,0.011774837345811423,0.00019511229993770111,0.00010545620867428635,0.00014478732028235642,0.00019048172192587633,0.00024620866089197465,0.00030934333654962867
1095,7.7000000000000002,6764.2110700812718,1.961831007483702,11.126701129922852,0,0.0090396320836829101,0.00014978919492806493,8.0959532548850377e-05,0.00011115432572836693,0.00014623426500993934,0.00018901625941112544,0.0002374852295469091
1096,7.7000000000000002,8281.178038942413,1.6024578817224282,28.856973556866038,0,0.0102029412546262,0.00016906554849587929,9.1378205102942691e-05,0.00012545876260287576,0.0001650531350720609,0.00021334073921238449,0.00026804717531394689
1097,7.7000000000000002,7285.4440614034938,1.8214729131958396,2.390258752146234,0,0.0094282778343768234,0.0001562291621269221,8.4440269155384596e-05,0.00011593324327342442,0.00015252139320009523,0.00019714273683323123,0.00024769555939900317
1098,7.7000000000000002,6689.644743877735,1.9836986157739811,11.341493276224654,0,0.0086528652483168107,0.00014338036187401431,7.7495623630128064e-05,0.00010639851195174054,0.00013997753206147415,0.00018092906959981243,0.00022732426173010525
1099,7.7000000000000002,6193.2280337554184,2.1427015033391577,28.951234524078416,0,0.0073382019281368806,0.00012159602834049966,6.5721413476928629e-05,9.0232974066831398e-05,0.00011871020363678534,0.00015343981551678776,0.00019278600646931911
1100,7.7000000000000002,7097.1949722253639,1.8697864537162345,2.3878595941891949,0,0.0088042172857042637,0.00014588830684579158,7.88511423153766e-05,0.00010825958699414014,0.00014242595626062516,0.0001840937997233833,0.00023130051574228263
1101,7.7000000000000002,6697.337360383035,1.9814201233086757,11.415862988543848,0,0.0083009255078443211,0.00013754862338061664,7.4343628437154681e-05,0.00010207094372915222,0.00013428419755412381,0.00017357010491337246,0.00021807825599900289
1102,7.7000000000000002,6359.6090259087869,2.0866438431022321,29.028003394354652,0,0.0072203610035995675,0.00011964337174423347,6.4666022496704309e-05,8.8783962825124337e-05,0.00011680388921731783,0.00015097579368985995,0.00018969014164266546
1103,7.7000000000000002,6890.6846411193301,1.9258230073774381,2.3440678595855622,0,0.0082723564923264988,0.00013707522691993254,7.4087762477092136e-05,0.00010171964960266461,0.00013382203615777146,0.00017297273453388716,0.00021732770341617976
1104,7.7000000000000002,6745.9385524879453,1.9671449591778156,11.33541432717999,0,0.0080902562644475651,0.00013405777595758213,7.2456860999063047e-05,9.9480484572773457e-05,0.00013087619801574289,0.00016916506807213816,0.00021254364649682405
1105,7.7000000000000002,6634.5364283428007,2.0001757714012043,28.991346467594429,0,0.0072881031136282836,0.00012076587717697622,6.5272725237593214e-05,8.9616942363887923e-05,0.00011789975435635962,0.00015239226286954674,0.0001914698324974737
1106,7.7000000000000002,6889.3957409586474,1.926183299292286,2.2842129956504311,0,0.0079545024049648798,0.00013180829709250817,7.1241040609065187e-05,9.7811209919100429e-05,0.00012868010577659668,0.00016632649162538676,0.00020897718093908097
1107,7.7000000000000002,6815.384520192436,1.9471005603767841,11.156437262676119,0,0.0078698478530370621,0.00013040554783646792,7.048286893916065e-05,9.6770269363968912e-05,0.00012731064780902566,0.00016455638786459277,0.00020675317386549023
1108,7.7000000000000002,6826.9807429674784,1.9437932400966151,28.87222426702569,0,0.0078803545804734983,0.00013057964720571914,7.0576967873055041e-05,9.689946358260497e-05,0.00012748061529775791,0.00016477608069061743,0.00020702920197746759
1109,7.7000000000000002,7105.8870432193744,1.8674992914660478,2.2353481392619687,0,0.007945373248060647,0.00013165702444663076,7.1159279286404077e-05,9.7698954766372461e-05,0.00012853242326720999,0.00016613560342621655,0.00020873734375291
1110,7.7000000000000002,7005.5586750615148,1.8942442186216402,10.951335424205155,0,0.0078372081408846581,0.00012986469881067433,7.0190545555429422e-05,9.6368920596377216e-05,0.00012678263469161589,0.00016387390032060971,0.00020589567773499499
1111,7.7000000000000002,7063.4894258000832,1.8787086974292213,28.715987284943186,0,0.0079038815118368244,0.00013096949494237665,7.0787676599677e-05,9.7188758563632852e-05,0.00012786121082244365,0.00016526802245556439,0.0002076472911478708
1112,7.7000000000000002,7462.1101126200847,1.7783493969094655,2.2176715360470829,0,0.0080617023047781407,0.00013358462897645532,7.2201129880157433e-05,9.9129375578010389e-05,0.00013041428017807792,0.00016856801250636651,0.00021179348945461358
1113,7.7000000000000002,7224.7255649879517,1.8367810512774936,10.826581053481311,0,0.0078062269275449353,0.00012935133156728525,6.9913075794872717e-05,9.5987965282361774e-05,0.0001262814511345961,0.00016322609153776523,0.00020508175295426119
1114,7.7000000000000002,7184.1132148757661,1.8471645172534259,28.608909517434228,0,0.0077658502341171037,0.0001286822786294639,6.9551459503908175e-05,9.5491480017080579e-05,0.00012562827675401388,0.00016238182581008209,0.0002040209942620615
1115,7.7000000000000002,7670.7677029359766,1.7299753469748256,2.2371145243478492,0,0.0078680520562550531,0.00013037579098887264,7.0466785666447969e-05,9.6748187648850251e-05,0.00012728159717730823,0.00016451883824008864,0.00020670599548399784
1116,7.7000000000000002,7438.4636387441396,1.7840026735266008,10.850229927129135,0,0.0076284492671382896,0.00012640550673924012,6.83208875121073e-05,9.3801951981252243e-05,0.00012340553923197796,0.00015950880879153702,0.00020041125662220431
1117,7.7000000000000002,7263.4936788267187,1.8269774305900561,28.613115402781279,0,0.0074548129404292283,0.00012352830495190585,6.6765789283138469e-05,9.166686189809116e-05,0.00012059662174725437,0.00015587812021166912,0.00019584955958360282
1118,7.7000000000000002,7607.9534043501117,1.7442587136327927,2.276431560050495,0,0.0073967734324927818,0.00012256657430984643,6.6245983677290664e-05,9.0953188785008711e-05,0.00011965771574908383,0.00015466452981477546,0.00019432477121417827
1119,7.7000000000000002,7457.5086733119952,1.7794466757966816,10.979930850476904,0,0.0072443534339044387,0.00012004093292664281,6.4880900262105791e-05,8.9078981736119241e-05,0.00011719201512542511,0.0001514774689116419,0.00019032046019607489
1120,7.7000000000000002,7284.7704356041959,1.8216413455655207,28.703499290426407,0,0.0070744492721443574,0.00011722557414108904,6.3359227545023677e-05,8.6989783595746372e-05,0.00011444347292955813,0.00014792481889038249,0.00018585681294992182
1121,7.7000000000000002,7485.443743302947,1.772805924875533,2.2979272323624724,0,0.0068780332009224865,0.00011397090570913326,6.1600112443435849e-05,8.4574586189837468e-05,0.00011126604717313642,0.00014381781202031291,0.00018069665650450334
1122,7.7000000000000002,7411.7706421672083,1.7904276399154362,11.069429887321576,0,0.0068088289090688838,0.00011282417152057825,6.0980314307076387e-05,8.3723627176540734e-05,0.00011014652829658699,0.00014237076901454994,0.00017887855185330298
1123,7.7000000000000002,7297.0226315639648,1.8185826861833032,28.771502654959104,0,0.0066996403114114771,0.00011101488636527312,6.000241412881973e-05,8.2381007826828184e-05,0.00010838018269998705,0.00014008766500008424,0.00017600999714460183
1124,7.7000000000000002,7351.9471269767218,1.804996525309202,2.2847232202370211,0,0.0064759298193379873,0.00010730794185752752,5.7998848419852943e-05,7.9630189134806932e-05,0.00010476121468441596,0.0001354099391799062,0.00017013277370560547
1125,7.7000000000000002,7306.8856465054969,1.8161279183007903,11.042610216333776,0,0.006437774420965491,0.0001066756963909568,5.7657126191795857e-05,7.916101765307732e-05,0.00010414397422755766,0.00013461212013041982,0.00016913037189798078
1126,7.7000000000000002,7300.7594855043471,1.8176518545499278,28.757886996096754,0,0.0064319404819996673,0.00010657902641447317,5.7604877055191703e-05,7.90892815972198e-05,0.00010404959850862547,0.00013449013404616942,0.00016897710522499723
1127,7.7000000000000002,7364.43668301459,1.8019353807544523,2.2583249820925668,0,0.006199553019594883,0.00010272830211698532,5.5523599835904732e-05,7.6231767989121037e-05,0.00010029026301270081,0.0001296309751256329,0.00016287192424615602
1128,7.7000000000000002,7242.2110621397405,1.8323463517686001,10.978072394239542,0,0.0060986105690577072,0.00010105565789208127,5.4619552687284976e-05,7.4990546009845801e-05,9.8657315462849637e-05,0.00012752029581482668,0.00016022000867980013
1129,7.7000000000000002,7271.6546833015564,1.8249270071808266,28.719747412146972,0,0.0061221849461934874,0.0001014462918182643,5.4830686341329163e-05,7.5280424399888236e-05,9.9038678518514333e-05,0.00012801322965802985,0.00016083934432462377
1130,7.7000000000000002,7279.6040138200169,1.8229341861531165,2.2404869745196621,0,0.005749789858071697,9.5275602576871767e-05,5.1495491725140221e-05,7.0701330412263359e-05,9.3014437542700761e-05,0.00012022654919047926,0.00015105594471653778
1131,7.7000000000000002,7159.869840921956,1.8534190304137124,10.944624807268795,0,0.0056538982783320554,9.3686652673091039e-05,5.0636680503707273e-05,6.952221562193604e-05,9.1463198006173579e-05,0.00011822148222053835,0.0001485367234014147
1132,7.7000000000000002,7262.2119009059552,1.8272998914827177,28.704137832749137,0,0.0057304284798339045,9.4954779203521041e-05,5.1322089963085925e-05,7.0463256459333526e-05,9.2701228233962009e-05,0.0001198217080135737,0.00015054729112172539
1133,7.7000000000000002,6958.7231046096822,1.9069933979208511,2.2445576406050765,0,0.0051395461794133913,8.5163696639774483e-05,4.6030109671124278e-05,6.3197570966820683e-05,8.3142516318535016e-05,0.00010746651909174502,0.00013502389177852999
1134,7.7000000000000002,6949.7075753131985,1.9094672509083106,10.950598825726461,0,0.0051248684693692929,8.492048293920125e-05,4.5898655145867359e-05,6.3017088957366657e-05,8.2905074781041243e-05,0.00010715961214867768,0.0001346382854500006
1135,7.7000000000000002,7226.1131766008039,1.8364283390164575,28.706041185121382,0,0.0053201685462572522,8.8156659037478698e-05,4.7647775329657173e-05,6.5418563725390061e-05,8.6064447080235485e-05,0.00011124328387937796,0.00013976912298419475
1136,7.7000000000000002,6587.2199678005418,2.0145431734961257,2.3239559633127382,0,0.0045263082707488467,7.5002175486271034e-05,4.0537911098537146e-05,5.5656993472331552e-05,7.3222157390248171e-05,9.4643880454260885e-05,0.00011891317574961707
1137,7.7000000000000002,6693.3907276684004,1.9825884306432164,11.106581508080234,0,0.0045967661568855674,7.616968207758496e-05,4.1168936506784186e-05,5.6523367098301343e-05,7.4361955680485623e-05,9.6117135777076202e-05,0.00012076421427725501
1138,7.7000000000000002,7169.7590639217397,1.8508626161827189,28.782625544767498,0,0.0049176872977912045,8.1487433827506472e-05,4.4043127105720458e-05,6.0469520293378171e-05,7.9553501833254153e-05,0.00010282750994478464,0.00012919531303314378
1139,7.7000000000000002,6267.9995613021765,2.1171410254044529,2.6908083229945525,0,0.00408150874522105,6.7631724762567551e-05,3.655425763440087e-05,5.0187590416250923e-05,6.6026628734857737e-05,8.5343242803878321e-05,0.00010722759867696169
1140,7.7000000000000002,6554.4882318295349,2.0246033784922779,11.851132063157449,0,0.0042650587711533646,7.0673199278223432e-05,3.819814359803793e-05,5.2444582645697769e-05,6.8995920281934912e-05,8.9181224150394167e-05,0.00011204974405172314
1141,7.7000000000000002,7057.4893440830456,1.8803059234620929,29.160323740162895,0,0.0045949524443160269,7.6139628360452738e-05,4.1152692779113781e-05,5.6501065084694368e-05,7.4332615224802166e-05,9.607921153830544e-05,0.00012071656522008963
1142,7.7000000000000002,6184.3185010217157,2.1457884189272538,3.441419952917443,0,0.0042079640865289097,6.9727124618834801e-05,3.7686799891189111e-05,5.1742527394626154e-05,6.8072298704779995e-05,8.7987389753145593e-05,0.00011054977766388507
1143,7.7000000000000002,6487.9345946926742,2.0453718860398817,13.428035131846064,0,0.004044054951510211,6.7011105078601079e-05,3.6218819023300316e-05,4.9727046099031154e-05,6.5420738147228095e-05,8.4560094117909392e-05,0.00010624362911774957
1144,7.7000000000000002,6844.6022738387073,1.938788915342996,29.986615178928627,0,0.0046440435587832719,7.6953081656571201e-05,4.1592355991374851e-05,5.7104705772428809e-05,7.5126762926409899e-05,9.7105693450514146e-05,0.00012200626534063009
1145,7.7000000000000002,6183.9443864544082,2.1459182342450691,4.3582641401454358,0,0.0044465197641096535,7.368005794173397e-05,3.9823320046547324e-05,5.4675887430155159e-05,7.1931417510946646e-05,9.297552438298198e-05,0.00011681700727295781
1146,7.7000000000000002,6470.3447891183432,2.0509322842837516,15.385166785485536,0,0.0036365884344718214,6.0259272594456814e-05,3.2569522409969992e-05,4.4716702144873714e-05,5.8829146135112422e-05,7.604007956721791e-05,9.5538848388209435e-05
1147,7.7000000000000002,6597.2019879222735,2.0114950311881064,31.026902645340101,0,0.0047253697654561578,7.8300679314453084e-05,4.2320718784822252e-05,5.8104719886176621e-05,7.6442378202425714e-05,9.8806202413168978e-05,0.00012414283159477578
1148,7.7000000000000002,8417.2518075982007,1.576552456999206,10.674262456951059,0,0.0054236021792701409,8.9870582842569365e-05,4.8574133670464901e-05,6.6690418113793317e-05,8.7737694526694081e-05,0.00011340605314126966,0.00014248648579847078
1149,7.7000000000000002,8570.6718448881857,1.5483312462096814,24.045983568874988,0,0.0055229339973412719,9.1516538443624522e-05,4.9463755890022067e-05,6.7911835220027032e-05,8.9344586850769155e-05,0.00011548305456328574,0.00014509608753862519
1150,7.7000000000000002,8622.7048247359526,1.5389879728205027,11.187407898509154,0,0.0062893410332066973,0.00010421611424789942,5.6327747122343929e-05,7.7335831298237987e-05,0.00010174276506761594,0.00013150841818036681,0.00016523079536234366
1151,7.7000000000000002,8515.4673072789974,1.5583688527706034,24.596314811093464,0,0.0054052335794607395,8.9566210081384488e-05,4.8409623296549306e-05,6.6464551694951597e-05,8.7440545409614624e-05,0.00011302197069250936,0.0001420039140409249
1152,7.7000000000000002,9086.7767965889707,1.4603901158253811,10.357815057578746,0,0.0080132721607051021,0.00013278212814193076,7.1767386361712242e-05,9.8533862402304571e-05,0.00012963082500453939,0.00016755535130614453,0.0002105211540569223
1153,7.7000000000000002,8883.5391169239374,1.4938009326900985,23.749899692805357,0,0.0061841419931566209,0.00010247293716166051,5.5385577681353578e-05,7.6042268877136255e-05,0.00010004095860480174,0.00012930873473530725,0.00016246705255255572
1154,7.7000000000000002,6834.0149077813967,1.9417925183833145,30.766447813098949,0,0.0050301709166057701,8.3351318391485833e-05,4.5050537707648417e-05,6.1852656320273387e-05,8.1373151036975348e-05,0.00010517951195952747,0.00013215043308528209
1155,7.7000000000000002,6760.4112844651863,1.9629336825917327,3.0496619999892993,0,0.0065311708073064502,0.00010822330025245191,5.8493590298953995e-05,8.0309450714632398e-05,0.00010565484898271585,0.00013656501328196191,0.0001715840405919834
1156,7.7000000000000002,6885.5731355201387,1.927252642193817,12.712807084837225,0,0.0058193307461683079,9.6427914257938565e-05,5.2118304439331984e-05,7.1556428325029434e-05,9.4139401541766879e-05,0.0001216806303325509,0.00015288289227586712
1157,7.7000000000000002,7137.5115534973993,1.8592248739615,29.663145084847926,0,0.005168833949303106,8.5649003058487877e-05,4.6292412842063022e-05,6.355770313636497e-05,8.3616305015238009e-05,0.00010807891843054557,0.00013579332715939367
1158,7.7000000000000002,6754.974168944248,1.9645136586101841,2.3750272415536435,0,0.0056314581989981892,9.3314814374095538e-05,5.0435705694510309e-05,6.9246284935315584e-05,9.1100184503215215e-05,0.00011775226623726483,0.0001479471875284588
1159,7.7000000000000002,6885.8010661933786,1.9271888471483289,11.182731497344799,0,0.0057421897276477016,9.5149666321168021e-05,5.1427424463028122e-05,7.0607876678205775e-05,9.2891490117822834e-05,0.00012006763252103059,0.00015085627744008005
1160,7.7000000000000002,7239.5071206811035,1.8330307294733992,28.807704255791155,0,0.0051751046202393475,8.5752909804083621e-05,4.6348573378583326e-05,6.3634809393934953e-05,8.3717745753864489e-05,0.00010821003646205328,0.00013595806746219809
1161,7.7000000000000002,6913.9915299565928,1.9193311072125749,2.1360757763067384,0,0.004835255226492848,8.0121511688006854e-05,4.330486011680231e-05,5.9455908100012395e-05,7.8219996968457609e-05,0.00010110387765222142,0.00012702969399100889
1162,7.7000000000000002,6881.6504912475993,1.9283512051836482,10.496363395107203,0,0.004814765437667178,7.9781990240227667e-05,4.3121352236172388e-05,5.9203958834804457e-05,7.7888533344563091e-05,0.00010067544171543778,0.00012649139529062091
1163,7.7000000000000002,7096.5314818344468,1.8699612694481567,28.360287618800466,0,0.0049684201426220551,8.232809104820694e-05,4.4497493761836137e-05,6.1093348244256192e-05,8.0374207831797413e-05,0.00010388831999440179,0.00013052814397014289
1164,7.7000000000000002,6998.4096208421724,1.8961792374841073,2.1305296177205677,0,0.004779730058126614,7.9201444345571937e-05,4.2807573099586117e-05,5.8773152143401794e-05,7.7321765479562617e-05,9.9942861414989483e-05,0.00012557096124248384
1165,7.7000000000000002,6825.1821747582453,1.9443054674097393,10.328538451890223,0,0.0042736097307441217,7.0814891035266719e-05,3.827472654797473e-05,5.2549728091755995e-05,6.9134249284631965e-05,8.9360022400285116e-05,0.00011227439109293658
1166,7.7000000000000002,6836.0253209227885,1.9412214547880895,28.198008834169652,0,0.0046721612390455353,7.7418999367683764e-05,4.1844179763550265e-05,5.7450450130347899e-05,7.5581623065503238e-05,9.7693626532003648e-05,0.00012274496064256207
1167,7.7000000000000002,6795.5226103704081,1.9527915333838646,2.1693241408256321,0,0.004549826888005027,7.5391885455881804e-05,4.0748545363475059e-05,5.5946186220329897e-05,7.3602618417496795e-05,9.5135648373478459e-05,0.00011953104649546211
1168,7.7000000000000002,6664.0570853675054,1.9913153276534596,10.353541731817016,0,0.0034948908638877227,5.7911304798359581e-05,3.1300469756986072e-05,4.2974341640616749e-05,5.6536902391535467e-05,7.3077221730581451e-05,9.1816232272322784e-05
1169,7.7000000000000002,6554.6420708618334,2.0245558605620584,28.184217590991381,0,0.0043885516120045704,7.2719509685465741e-05,3.9304153508163593e-05,5.3963091732132156e-05,7.0993665837139862e-05,9.1763426017202698e-05,0.00011529409353248209
1170,7.7000000000000002,8772.1214098129894,1.5127742080273894,6.3155157465293215,0,0.0048800153369442387,8.0863199053968039e-05,4.3705734575567131e-05,6.000629332041669e-05,7.8944081952561973e-05,0.00010203979944306755,0.00012820561188309665
1171,7.7000000000000002,8615.2729986923478,1.5403155559277284,19.327084754024163,0,0.0047927590603738073,7.9417338503570445e-05,4.2924261690642237e-05,5.8933361092869364e-05,7.7532535846076795e-05,0.00010021529432440721,0.00012591325344650254
1172,7.7000000000000002,8614.8474656543549,1.5403916402879678,6.3565747283369909,0,0.0054450529510803739,9.0226028043247425e-05,4.8766248177171786e-05,6.6954183945726174e-05,8.808470398687195e-05,0.00011385458297207666,0.00014305003102024004
1173,7.7000000000000002,8521.7307520517097,1.5572234566616625,19.384644712816936,0,0.0053862941346624321,8.9252378261409884e-05,4.8240000397806177e-05,6.6231665976070904e-05,8.7134161724511315e-05,0.00011262595202958597,0.00014150634529545175
1174,7.7000000000000002,8761.1794546715664,1.5146635321314075,6.3111341132215699,0,0.0066787564828966316,0.00011066883557124789,5.9815377203119606e-05,8.2124213318411778e-05,0.00010804234469007793,0.00013965098980008524,0.00017546134640718757
1175,7.7000000000000002,8622.57850864383,1.5390105181584615,19.333486825656564,0,0.0065733528126405098,0.00010892226770609919,5.8871375080702242e-05,8.0828134696167569e-05,0.00010633722792132398,0.0001374470275928204,0.00017269222764282484
1176,7.7000000000000002,6924.3084186670822,1.9164713955656603,2.1448716407650554,0,0.0057436819187466097,9.51743923389213e-05,5.144078862350753e-05,7.0626225156763484e-05,9.2915629315810455e-05,0.0001200988338329016,0.00015089547962689157
1177,7.7000000000000002,6681.5886203346781,1.9860904004271445,10.197690729119996,0,0.0048502253525706078,8.0369570802847021e-05,4.3438933539064756e-05,5.9639985754372426e-05,7.8462168924552903e-05,0.00010141689893538168,0.00012742298254468136
1178,7.7000000000000002,6572.720866705411,2.0189871573082159,28.052819088354941,0,0.0054530295289695434,9.0358202137197149e-05,4.8837686927252371e-05,6.7052266603148799e-05,8.8213741208090582e-05,0.00011402137105609988,0.00014325958815856956
1179,7.7000000000000002,6976.7652044017123,1.9020618624341294,2.1107374621640642,0,0.0049632782233843794,8.2242888029337744e-05,4.4451442398900958e-05,6.1030121493374894e-05,8.0291026926479459e-05,0.00010378080385530429,0.00013039305773442371
1180,7.7000000000000002,6715.4679845760784,1.9760706251490903,10.020735168224585,0,0.0044361052787707522,7.3507487049460603e-05,3.9730047238874515e-05,5.4547827451061199e-05,7.176294222402208e-05,9.2757760314242453e-05,0.00011654340250470774
1181,7.7000000000000002,6597.726524820373,2.0113351119552871,27.909997706060523,0,0.0046935843209024138,7.777398573820344e-05,4.2036046277234969e-05,5.7713875477395292e-05,7.5928184584886664e-05,9.8141577373382998e-05,0.00012330777840608218
1182,7.7000000000000002,6852.5512498834123,1.9365399155060283,2.0765886316446998,0,0.0040923596706858509,6.7811527588008957e-05,3.6651439228211357e-05,5.0321017008439987e-05,6.6202164320303418e-05,8.5570132717485286e-05,0.00010751266940782208
1183,7.7000000000000002,6647.6907537323914,1.9962178612173385,9.8466433489507761,0,0.0031090076181054561,5.1517113067228298e-05,2.7844474324012948e-05,3.8229392775692778e-05,5.0294463285138873e-05,6.5008507538236629e-05,8.1678477731590249e-05
1184,7.7000000000000002,6543.6467356202484,2.0279577358926777,27.770054717306078,0,0.0039065793405798814,6.4733096317529004e-05,3.4987578515417546e-05,4.803660021632325e-05,6.3196793108858952e-05,8.1685516314547812e-05,0.00010263193046490026
1185,7.7000000000000002,8879.4001584477264,1.4944972387380071,5.9160534697372436,0,0.0043905921231425357,7.2753321517381918e-05,3.9322428458555501e-05,5.3988182536446101e-05,7.1026675216696744e-05,9.1806092552634063e-05,0.00011534770094166718
1186,7.7000000000000002,8721.1241207665516,1.5216202446713429,18.741680869397339,0,0.0043119559854394732,7.145029904370671e-05,3.861815809766563e-05,5.3021246406374552e-05,6.9754577227113231e-05,9.0161832203808516e-05,0.00011328180699374828
1187,7.7000000000000002,8578.1006250689297,1.5469903651711148,5.8058077356390649,0,0.0047613536349231855,7.8896941948591919e-05,4.2642992658845072e-05,5.8547189525502416e-05,7.7024489803319607e-05,9.9558615381178264e-05,0.00012508818395217853
1188,7.7000000000000002,8518.8515903749794,1.5577497597731749,18.569876315644578,0,0.0047282668114916587,7.8348684165680438e-05,4.2346664917434227e-05,5.8140342928762768e-05,7.6489243759981552e-05,9.8866778861403037e-05,0.00012421894151123919
1189,7.7000000000000002,8428.0231730771011,1.574537557139267,5.7218538288955401,0,0.0053465963703780966,8.8594575366607547e-05,4.7884464640383532e-05,6.5743529049578733e-05,8.649197039095735e-05,0.00011179588252647488,0.0001404634231304466
1190,7.7000000000000002,8409.9730362294868,1.5779169518478635,18.439716918361192,0,0.0053350825379763931,8.8403787990526061e-05,4.7781346008954902e-05,6.5601951132987309e-05,8.6305710949961955e-05,0.00011155513140829775,0.00014016093680074089
1191,7.7000000000000002,8391.9267435830589,1.5813101596242036,5.7606767360242106,0,0.0052053513107281945,8.6254105801400902e-05,4.6619464704741053e-05,6.4006732770426257e-05,8.4207046923610507e-05,0.00010884248657095623,0.00013675269518236206
1192,7.7000000000000002,8379.1113650182688,1.5837286843866909,18.485594808027926,0,0.0051974331136666625,8.6122899093854746e-05,4.6548548817147742e-05,6.3909367983097391e-05,8.4078954129924012e-05,0.00010867691921423244,0.00013654467179940273
1193,7.7000000000000002,8317.2322299106308,1.5955114215432389,5.9073069174398878,0,0.0049977849993733375,8.2814674817461456e-05,4.4760487327717993e-05,6.1454428299515359e-05,8.0849243563826508e-05,0.00010450233119860664,0.00013129960454305475
1194,7.7000000000000002,8351.4136317005214,1.588981171771737,18.678222188382605,0,0.005017700631724427,8.3144682334220662e-05,4.4938853025639412e-05,6.1699317545553959e-05,8.1171419049743323e-05,0.00010491876167895828,0.00013182281925762346
1195,7.7000000000000002,8192.6074890012842,1.6197821067670428,6.0397207976541214,0,0.004788888594879223,7.9353203823633953e-05,4.2889597550079081e-05,5.8885768560527031e-05,7.7469923267201108e-05,0.0001001343639388347,0.0001258115702830811
1196,7.7000000000000002,8362.3554322139826,1.5869020548121546,18.869190550249598,0,0.0048877557787863546,8.0991460308539546e-05,4.3775058475860642e-05,6.0101472370386329e-05,7.9069299197374082e-05,0.00010220164998628014,0.00012840896535928377
1197,7.7000000000000002,8277.9840561274032,1.6030761751259062,6.087749498857737,0,0.0047470772666054831,7.8660378591033898e-05,4.251513257617835e-05,5.8371642547537632e-05,7.6793540777007031e-05,9.9260100384947555e-05,0.00012471312149657862
1198,7.7000000000000002,8470.1861890812579,1.5666998011869377,18.969420021455299,0,0.004857738511035806,8.0494065909224251e-05,4.3506221874660388e-05,5.9732370052268454e-05,7.8583709402737267e-05,0.00010157399704471935,0.0001276203649321737
1199,7.7000000000000002,8655.4721650925221,1.5331617692641615,6.0940542470289998,0,0.0050974213682240827,8.4465676908868298e-05,4.5652837123854241e-05,6.2679590263531413e-05,8.2461062610472019e-05,0.00010658570069496807,0.00013391720730704902
1200,7.7000000000000002,8659.3927443155844,1.5324676233401164,19.014382181051413,0,0.00510088525443253,8.4523074457981193e-05,4.5683859913901698e-05,6.2722183361606145e-05,8.2517097950083316e-05,0.00010665812961774783,0.00013400820899868007
1201,7.7000000000000002,6789.4503498613303,1.9545380457375297,2.0945164407578072,0,0.0042993776188137607,7.124187204215026e-05,3.8505505428528367e-05,5.2866578622541962e-05,6.955109679986699e-05,8.9898821963227434e-05,0.00011295135369014264
1202,7.7000000000000002,6621.5275745404506,2.0041053773563631,10.098804326583677,0,0.0027251655707353981,4.5156744556336818e-05,2.4406759996704532e-05,3.3509543166035669e-05,4.4085044676345003e-05,5.6982474252041505e-05,7.1594348655808793e-05
1203,7.7000000000000002,6583.4142965815809,2.01570771952488,28.004287885825875,0,0.0039082524409199742,6.4760820051266879e-05,3.5002562910820734e-05,4.8057173215141928e-05,6.3223858878378819e-05,8.1720500389671251e-05,0.00010267588541955369
1204,7.7000000000000002,8966.610959693895,1.4799615014079941,6.0967756244817277,0,0.0043030417196558554,7.1302587202921381e-05,3.853832135384941e-05,5.2911633626410857e-05,6.961037101463654e-05,8.9975437319789124e-05,0.0001130476153323768
1205,7.7000000000000002,6602.7237779793086,2.0098128385602654,10.076462903705458,0,0.0022399463796477373,3.7116528834741184e-05,2.006110538039589e-05,2.7543126445031377e-05,3.6235646479542202e-05,4.6836672338329586e-05,5.8846883946042541e-05
1206,7.7000000000000002,6571.8193971367064,2.0192641058017662,28.001010976980311,0,0.0028879128069627682,4.7853511113381623e-05,2.5864334823490743e-05,3.5510737367253462e-05,4.6717809179567149e-05,6.0385474898132326e-05,7.5869972309048814e-05
1207,7.7000000000000002,8772.4334879676262,1.5127203912861316,6.0736913992006665,0,0.0037073327932626112,6.1431526116599859e-05,3.3203113485928588e-05,4.5586598333975268e-05,5.9973578697809789e-05,7.7519324955668034e-05,9.7397412999141562e-05
1208,7.7000000000000002,8736.8112108327332,1.5188881501750024,19.043392101172735,0,0.0025444381996479132,4.216204220937683e-05,2.2788153913340107e-05,3.1287259240326905e-05,4.1161415259406452e-05,5.3203513854104028e-05,6.6846358824940101e-05
1209,7.7000000000000002,6553.1522509574461,2.0250161312078641,27.955738845519516,0,0.0019119758984202533,3.168196757290498e-05,1.7123780431305628e-05,2.3510292214371356e-05,3.0930063041713035e-05,3.9978898373083291e-05,5.0230588028478353e-05
1210,7.7000000000000002,8756.8601972193319,1.5154106288762959,5.980157075515951,0,0.0042099570342189899,6.9760148311311145e-05,3.7704648860249971e-05,5.1767033342949272e-05,6.810453864972069e-05,8.8029061749759379e-05,0.00011060213550713269
1211,7.7000000000000002,8723.1466697918531,1.5212674417598209,18.922356780314331,0,0.0024587896346515794,4.0742821882843579e-05,2.2021079797779646e-05,3.0234095969561246e-05,3.977587712738415e-05,5.1412625549174033e-05,6.4596237478161718e-05
1212,7.7000000000000002,6549.5574154412088,2.0261275956088411,27.892654608025783,0,0.0017134957112373893,2.8393096170610003e-05,1.5346178972996469e-05,2.1069713751385629e-05,2.7719246050155104e-05,3.582873139712377e-05,4.50162040383689e-05
1213,7.7000000000000002,8695.030407797658,1.5261866142008278,5.9331785029703052,0,0.0041914424013953736,6.9453355742834361e-05,3.7538830605166419e-05,5.1539371253544978e-05,6.7805027154360444e-05,8.7641925790209939e-05,0.00011011572723460687
1214,7.7000000000000002,8711.0204983254098,1.5233851212956047,18.85720724259485,0,0.0025191251841498747,4.1742598566366524e-05,2.2561448901106018e-05,3.0976001974125219e-05,4.0751926224645562e-05,5.2674225553478216e-05,6.6181346439433045e-05
1215,7.7000000000000002,6579.1906851766453,2.0170017337160759,27.817638023829005,0,0.0018051963995523175,2.9912601848483378e-05,1.6167456298407231e-05,2.2197295945452116e-05,2.9202689472686042e-05,3.7746167962047713e-05,4.7425324101273902e-05
1216,7.7000000000000002,8670.1237135456722,1.5305708957436608,5.9077450729179457,0,0.0042893812466563205,7.1076229400524721e-05,3.8415977269687528e-05,5.2743659902332566e-05,6.9389385336206014e-05,8.9689800527909127e-05,0.00011268873340709691
1217,7.7000000000000002,8747.8675675040704,1.5169684401425156,18.805055513629558,0,0.0028247916339095322,4.680757587984199e-05,2.5299017494531149e-05,3.4734578408020966e-05,4.5696697007904021e-05,5.9065628259495227e-05,7.421168067360976e-05
1218,7.7000000000000002,6657.6099236730061,1.9932436971508174,27.738018986187274,0,0.0021248123923419474,3.5208726934426891e-05,1.9029957905977396e-05,2.6127400604762507e-05,3.437312222463178e-05,4.4429251836016163e-05,5.5822134581151733e-05
1219,7.7000000000000002,6948.7453316544297,1.9097316688235046,1.9737593405331231,0,0.0036683693417983144,6.078589098760046e-05,3.2854154281855081e-05,4.5107490762398154e-05,5.9343266353857567e-05,7.6704609734810523e-05,9.6373782376868661e-05
1220,7.7000000000000002,6805.5196422551835,1.9499229619521778,9.6288179457205185,0,0.0031447164302065879,5.210881792500907e-05,2.8164284766387117e-05,3.8668480218070756e-05,5.0872125278862354e-05,6.5755169131196146e-05,8.2616603903117993e-05
1221,7.7000000000000002,6792.5489001376154,1.9536464460610803,27.655058605187392,0,0.002466435533517788,4.0869516534248484e-05,2.2089556965035312e-05,3.032811248762228e-05,3.9899564949044339e-05,5.1572499224357695e-05,6.479710716295914e-05
1222,7.7000000000000002,7151.3904021110757,1.8556166384837005,1.9777819895077882,0,0.0031888041557057911,5.2839363687004794e-05,2.8559137301812798e-05,3.9210597569241173e-05,5.1585333081420316e-05,6.6677031534738646e-05,8.3774857194120699e-05
1223,7.7000000000000002,6971.6811900203147,1.9034489180953618,9.6851552838297366,0,0.0031080673478013823,5.1501532529153499e-05,2.7836053202048838e-05,3.8217830898983173e-05,5.0279252518201232e-05,6.4988846740754371e-05,8.1653775364620896e-05
1224,7.7000000000000002,6884.3119782347148,1.9276057012530579,27.70737329432195,0,0.002631395359079441,4.3602946306346807e-05,2.3566947885725333e-05,3.2356513423947129e-05,4.2568122543409186e-05,5.502176451437512e-05,6.9130858987908009e-05
1225,7.7000000000000002,7212.3156082645255,1.839941530462659,2.0657014389522201,0,0.0026509008977149166,4.3926158457217419e-05,2.3741640757672204e-05,3.2596360021123195e-05,4.2883663937082771e-05,5.5429620046165163e-05,6.9643299901144253e-05
1226,7.7000000000000002,7063.0147444252607,1.8788349590978792,10.063113655108801,0,0.0025954351541721573,4.300707580048483e-05,2.3244885953037864e-05,3.1914334771926759e-05,4.1986393764456385e-05,5.4269846365902965e-05,6.8186128335387836e-05
1227,7.7000000000000002,6909.6465409178018,1.9205380390828615,27.997412216156576,0,0.0025398839669376807,4.2086577318232401e-05,2.2747365909146367e-05,3.1231258878649603e-05,4.1087741367936105e-05,5.3108286081180637e-05,6.6726712030625119e-05
1228,7.7000000000000002,7279.2599810865413,1.8230203417558342,2.2399807132056946,0,0.0025676069273149623,4.2545954412066936e-05,2.2995654544373721e-05,3.1572149629446124e-05,4.1536216117476993e-05,5.3687965676744626e-05,6.7455037425726401e-05
1229,7.7000000000000002,7132.2316003909491,1.8606012482436145,10.638870023878509,0,0.0025160046985834845,4.1690891260532921e-05,2.2533501629531058e-05,3.0937631444675985e-05,4.0701446082417331e-05,5.2608977045148971e-05,6.6099366418103452e-05
1230,7.7000000000000002,6960.9223337020803,1.9063909037169704,28.398889310672814,0,0.0024554462509096047,4.0687421092810332e-05,2.1991136235655003e-05,3.0192984609933988e-05,3.9721791157996478e-05,5.1342716300342463e-05,6.4508401574213877e-05
1231,7.7000000000000002,7332.2249469504077,1.8098515954518364,2.4017960764712432,0,0.0024741593345733088,4.099750204639995e-05,2.2158731829362369e-05,3.0423086916939615e-05,4.0024512995599893e-05,5.1734001813228038e-05,6.5000023459735857e-05
1232,7.7000000000000002,7237.6609182175725,1.8334983039959865,11.056339050395101,0,0.0024411204298025418,4.0450038288903536e-05,2.186283325059217e-05,3.0016829544006568e-05,3.9490042133162088e-05,5.1043167259675449e-05,6.4132039916730052e-05
1233,7.7000000000000002,7091.6112124260435,1.8712586774635374,28.654542973923856,0,0.0023915599275423599,3.9628807107693932e-05,2.1418966170745725e-05,2.9407417107693638e-05,3.8688301138124995e-05,5.0006870575802042e-05,6.2830008246993766e-05
1234,7.7000000000000002,7500.3394243946377,1.7692851306554049,2.4557794288684707,0,0.0024708662223081072,4.0942934268591529e-05,2.2129238501851526e-05,3.0382593712127992e-05,3.9971240268652719e-05,5.166514372736491e-05,6.4913508265866766e-05
1235,7.7000000000000002,7462.7175387091747,1.7782046485904253,11.069552511889938,0,0.0024571589946847197,4.0715801729192155e-05,2.2006475680239209e-05,3.0214045077628464e-05,3.9749498239964601e-05,5.1378529308958848e-05,6.455339802371787e-05
1236,7.7000000000000002,7314.4151214724461,1.8142583922388253,28.613773083021467,0,0.002408400565324347,3.99078611169818e-05,2.156979201742097e-05,2.9614495196731282e-05,3.8960732390365097e-05,5.0359003752261146e-05,6.3272438059661773e-05
1237,7.7000000000000002,7670.1961669835518,1.7301042541221892,2.4130289175730586,0,0.0024186924504330733,4.0078400489652839e-05,2.166196680946289e-05,2.9741047642576867e-05,3.9127224371510873e-05,5.0574204283381431e-05,6.3542821928705309e-05
1238,7.7000000000000002,7805.5597498246752,1.7001008824188453,10.785682900407958,0,0.002460317400306492,4.0768137380794119e-05,2.2034762566295102e-05,3.0252881884703665e-05,3.9800591815502575e-05,5.1444570715379372e-05,6.4636374264027792e-05
1239,7.7000000000000002,7613.224884703568,1.743050969781861,28.372653982834901,0,0.0024000735939336019,3.9769880906143337e-05,2.1495215120363482e-05,2.9512103984154344e-05,3.8826026848169145e-05,5.0184889034988178e-05,6.3053675537707893e-05
1240,7.7000000000000002,8155.5459955556807,1.6271429314090677,2.3668917738222359,0,0.0024869857675210885,4.1210039575279557e-05,2.227360619660524e-05,3.0580805006858789e-05,4.0232006395492077e-05,5.2002199053440188e-05,6.5336993852410348e-05
1241,7.7000000000000002,8342.2264781691447,1.5907310899766356,10.410923258633892,0,0.0025431111909198245,4.2140053309031898e-05,2.2776269136911179e-05,3.1270941899196107e-05,4.1139948219131205e-05,5.3175766460884118e-05,6.6811496236564435e-05
1242,7.7000000000000002,8115.3082908888209,1.6352107083040395,28.044031484811651,0,0.0024738917092583333,4.0993067421173901e-05,2.2156334959644876e-05,3.0419796106964326e-05,4.0020183616829694e-05,5.1728405840350811e-05,6.4992992525426678e-05
1243,7.7000000000000002,9077.7834013797328,1.461836929974889,2.3940723634836014,0,0.0026402778254598258,4.375013122225672e-05,2.3646499832019128e-05,3.2465735187861478e-05,4.2711814336458561e-05,5.5207494481482523e-05,6.9364215229374533e-05
1244,7.7000000000000002,5757.7769451978629,2.3047504522587805,10.239793064670675,0,0.0017120783487490142,2.8369610083555844e-05,1.5333484982417114e-05,2.1052285390336246e-05,2.7696317355732426e-05,3.579909473123934e-05,4.4978967715829787e-05
1245,7.7000000000000002,8861.4835011573578,1.4975188992584354,27.666222192102225,0,0.0025799272417873147,4.2750105418323643e-05,2.3105996081651209e-05,3.1723644318085913e-05,4.1735522031133354e-05,5.3945580116665954e-05,6.7778711296905084e-05
1246,7.7000000000000002,6431.4853936333966,2.0633241321804632,2.4189725777115374,0,0.0018370258441806136,3.0440024518094667e-05,1.6452522873522367e-05,2.2588681393799391e-05,2.9717594880096948e-05,3.8411713031479667e-05,4.8261533240531467e-05
1247,7.7000000000000002,6311.2753074224402,2.1026240136986813,9.8729318572399976,0,0.0022550623327540951,3.7367004343634817e-05,2.0196484839005723e-05,2.7728997237086253e-05,3.6480177481685859e-05,4.7152742825175514e-05,5.9244003603131632e-05
1248,7.7000000000000002,6198.5492291869523,2.140862083657368,27.453959279528462,0,0.0017716255222851394,2.9356323160111059e-05,1.5866793339379118e-05,2.1784497261589903e-05,2.8659612883123719e-05,3.7044210007625445e-05,4.654336481132914e-05
1249,7.7000000000000002,7286.1192148969967,1.8213041300941097,2.5737948620687212,0,0.0024918076822360584,4.1289940031015015e-05,2.2316791578233663e-05,3.0640096875587567e-05,4.0310010582803756e-05,5.2103023984608373e-05,6.546367307036296e-05
1250,7.7000000000000002,6774.2286275955476,1.9589299015377497,9.6875027334460739,0,0.0027812560930996072,4.6086179970328407e-05,2.4909110361076561e-05,3.4199250903632596e-05,4.499242190542045e-05,5.8155311888302851e-05,7.3067934135367729e-05
1251,7.7000000000000002,6739.2913140689161,1.9690852346369205,27.113707871377351,0,0.0023053624438491393,3.8200491047072558e-05,2.0646975903654331e-05,2.8347504149875748e-05,3.7293883140036649e-05,4.8204504529538571e-05,6.0565465950167197e-05
1252,7.7000000000000002,8023.9979294785044,1.6538188487932985,2.7404271635881252,0,0.0030433632722313489,5.0429368164666303e-05,2.7256559295254662e-05,3.7422208043397426e-05,4.9232533708570603e-05,6.3635902039058082e-05,7.9953898411983966e-05
1253,7.7000000000000002,7308.3125958274395,1.8157733190047696,9.6835186409685345,0,0.002772474241548693,4.594066226987203e-05,2.4830459527735814e-05,3.4091266333159814e-05,4.4850357759989974e-05,5.7971685750038457e-05,7.2837221202351311e-05
1254,7.7000000000000002,7212.5304210819968,1.8398867309677427,26.943091477380406,0,0.0027382388298581675,4.5373372062960709e-05,2.4523844955215163e-05,3.3670296312780066e-05,4.4296530987005095e-05,5.725583256074509e-05,7.193780355695474e-05
1255,7.7000000000000002,8777.4872360279405,1.5118494236005415,2.8607925510994119,0,0.0030773348493682755,5.0992286560312306e-05,2.7560810948363119e-05,3.7839933866265847e-05,4.9782092425989441e-05,6.4346238519268271e-05,8.0846384712283329e-05
1256,7.7000000000000002,7934.9241988438571,1.6723838421019155,9.7506039468551755,0,0.0027822106762194691,4.6101997675705394e-05,2.4917659669549253e-05,3.4210988775490399e-05,4.5007864210995678e-05,5.8175271962888073e-05,7.3093012522324567e-05
1257,7.7000000000000002,7614.9211023138469,1.7426627065666771,26.889811395755764,0,0.0026709699766793915,4.4258708626649942e-05,2.3921380733437663e-05,3.2843136097808022e-05,4.3208321731186347e-05,5.5849259053657384e-05,7.0170545897502496e-05
1258,7.7000000000000002,9536.6158992175388,1.3915039840850412,2.9899161028305548,0,0.0031602789222626251,5.2366692707363983e-05,2.8303663456856856e-05,3.8859841801720204e-05,5.1123879948352226e-05,6.6080576626580513e-05,8.3025454834664329e-05
1259,7.7000000000000002,8199.1191938704778,1.6184956828497574,9.9805882008729476,0,0.0027207828328848949,4.5084121382281685e-05,2.4367507911622288e-05,3.3455651562250568e-05,4.401414505981565e-05,5.6890832390203232e-05,7.147920729885584e-05
1260,7.7000000000000002,7903.9594341478587,1.6789356181558697,26.990672098042396,0,0.0026214191719139972,4.3437638135601575e-05,2.3477600504984906e-05,3.2233842905119652e-05,4.2406737612669186e-05,5.4813165141774413e-05,6.8868768996074736e-05
1261,7.7000000000000002,10242.366054154427,1.2956224126619049,3.1584962713771407,0,0.0026692490348162018,4.4230192145689342e-05,2.3905967866243757e-05,3.2821974823693131e-05,4.318048202862338e-05,5.5813274625238968e-05,7.0125334071442205e-05
1262,7.7000000000000002,8315.6620037511566,1.5958126980706777,10.472641140209003,0,0.0021734207354559402,3.6014180576171316e-05,1.946529738661693e-05,2.6725104975204946e-05,3.5159460126752421e-05,4.5445639129937555e-05,5.7099151545499067e-05
1263,7.7000000000000002,8241.8205264332482,1.6101101663023976,27.31414486883186,0,0.0021492889498884462,3.5614310238654334e-05,1.9249171546424833e-05,2.6428372505504309e-05,3.4769079866452914e-05,4.4941050027344262e-05,5.6465171912056038e-05
1264,7.7000000000000002,5252.8119400889045,2.5263114632322723,3.2494648662790979,0,0.0010634437567797646,1.7621556132450383e-05,9.5242714132460622e-06,1.3076458493069194e-05,1.7203345745985181e-05,2.2236321029420856e-05,2.7938325625546413e-05
1265,7.7000000000000002,8165.010467741211,1.6252568286199718,11.395359903866336,0,0.0013515460912168109,2.2395491214401123e-05,1.2104534648113575e-05,1.6619060717215386e-05,2.186398156988085e-05,2.8260462839484126e-05,3.5507223164007595e-05
1266,7.7000000000000002,7926.6355577621816,1.6741326028866095,28.03663737038514,0,0.0013217010522975606,2.1900950694286289e-05,1.1837240539521898e-05,1.6252076182148493e-05,2.1381177923654191e-05,2.7636411156155235e-05,3.4723147456837125e-05
1267,7.7000000000000002,8620.9404854283239,1.5393029381052075,3.6160296050526219,0,0.0015808692964417092,2.6195439925916167e-05,1.4158368180910163e-05,1.9438895198825871e-05,2.5573746531036632e-05,3.3055548972029498e-05,4.153190132890472e-05
1268,7.7000000000000002,7640.187167283837,1.7368997287494012,12.664838256651358,0,0.00093340731862183641,1.5466816514435594e-05,8.3596566202849109e-06,1.1477487155546118e-05,1.5099744318128432e-05,1.9517294314592018e-05,2.4522065640680276e-05
1269,7.7000000000000002,6950.5483572385829,1.9092362697728427,29.048808651598733,0,0.00085011345843932231,1.4086614295618473e-05,7.6136713941009873e-06,1.0453278119139387e-05,1.3752298281511854e-05,1.777564224978832e-05,2.2333806060846431e-05
1270,7.7000000000000002,7274.5802519640674,1.8241930886482578,3.8787515879758097,0,0.00075104618466044319,1.2445042266393724e-05,6.7264184504215186e-06,9.235113937599773e-06,1.2149685494455753e-05,1.5704172377298491e-05,1.9731154311730303e-05
1271,7.7000000000000002,6685.2830845807366,1.9849928343434073,13.716494588313456,0,0.00068819254946235714,1.1403540208846727e-05,6.1634972078835334e-06,8.4622447129074336e-06,1.1132901286723899e-05,1.4389919882777341e-05,1.8079891312894436e-05
1272,7.7000000000000002,6144.470667593504,2.1597041854945127,29.837743000337646,0,0.00062753162790630764,1.0398372020655022e-05,5.6202140512576075e-06,7.7163378251929368e-06,1.0151588640760504e-05,1.3121516436839221e-05,1.6486234320341685e-05
1273,7.7000000000000002,7866.0276231240132,1.6870318354132148,4.0885656799281662,0,0.0004729782079877314,7.8373792580435168e-06,4.2360235759593845e-06,5.8158975173321604e-06,7.65137562795861e-06,9.8898462713091818e-06,1.2425874997435597e-05
1274,7.7000000000000002,7635.5830540627157,1.7379470466749971,14.402682716784637,0,0.0004275949951920594,7.0853669145120348e-06,3.8295685720953696e-06,5.2578504230487962e-06,6.9172107078017146e-06,8.9408955791475891e-06,1.1233587235214493e-05
1275,7.7000000000000002,7529.8786956595195,1.7623443291456176,30.314117036856469,0,0.00044844698923901359,7.4308902026308067e-06,4.0163203862317067e-06,5.5142534842491371e-06,7.254533731042019e-06,9.3769051290420732e-06,1.1781401631520559e-05
1276,7.7000000000000002,6405.3936867453385,2.0717288690482865,4.1507620241254957,1,0.00091860198197186462,1.5221488005829442e-05,8.227059062849615e-06,1.1295435806854654e-05,1.4860238163100134e-05,1.9207718733750461e-05,2.413310636221755e-05
1277,7.7000000000000002,6420.7671990815734,2.0667684416821914,14.738572686378751,1,0.00074691444071305134,1.2376578130486482e-05,6.6894142830510135e-06,9.1843086384124759e-06,1.2082846210095194e-05,1.5617778730018281e-05,1.9622606955964953e-05
1278,7.7000000000000002,6408.4881130121557,2.0707285063859775,30.587810662253258,1,0.00091736091530650397,1.5200923189149349e-05,8.2159439891210145e-06,1.1280175237940448e-05,1.4840161408874158e-05,1.918176836579359e-05,2.41005016058317e-05
1279,7.7000000000000002,7724.0337954189436,1.7180451781969694,9.5220414540473346,1,0.00083442539646032688,1.3826658785033364e-05,7.4731680912387543e-06,1.0260372485910385e-05,1.3498512265478102e-05,1.7447609121312642e-05,2.1921656211633767e-05
1280,7.7000000000000002,7812.6387773340857,1.6985604219856392,22.790919757493242,1,0.00084399737000694075,1.3985269024714256e-05,7.5588953085336529e-06,1.0378072659503087e-05,1.365335822638953e-05,1.7647756496583481e-05,2.217312688144541e-05
1281,7.7999999999999998,7496.321349045882,2.5005212512753463,7.8811833860319132,1,0.031532788266753778,0.00042285611068798329,0.0002370774739054804,0.00031493545736634463,0.00041125185998831961,0.0005250617629364387,0.00067894124523275561
1282,7.7999999999999998,7391.1294736578066,2.5361091165409806,21.035849838406371,1,0.031274472433297944,0.00041939208372848268,0.00023513534101360207,0.00031235551377029557,0.00040788289476791279,0.00052076046976308119,0.00067337937508837788
1283,7.7999999999999998,9863.2955983725515,1.9004510868325988,7.0002527821452931,0,0.0078527357607066882,0.00010530554018700222,5.9040346881041317e-05,7.8429630372481201e-05,0.00010241568745103178,0.00013075822053890129,0.00016907944044641438
1284,7.7999999999999998,8844.9689627415955,2.1192511718965004,20.125343362283573,0,0.0070336944936570823,9.4322159911598214e-05,5.2882431730188898e-05,7.0249410664091516e-05,9.1733719157207429e-05,0.00011712012269748155,0.00015144443484388189
1285,7.7999999999999998,11804.194170512314,1.587970391617572,6.6507862844074221,0,0.014927217380420792,0.00020017465729581084,0.00011222943429710427,0.00014908640470168096,0.00019468135390426103,0.00024855750170887318,0.0003214020742595836
1286,7.7999999999999998,9877.1100369850774,1.897793055811698,19.783477679986419,0,0.011054596381573535,0.00014824263530371484,8.3113353726201327e-05,0.00011040838945098493,0.00014417447911307992,0.00018407334662439348,0.00023801959310919239
1287,7.7999999999999998,11433.104960436123,1.6395118302983964,6.5299196350517441,0,0.018886672203134842,0.00025327112477638877,0.00014199837003063163,0.000188631677544792,0.00024632071882834831,0.00031448755241971849,0.00040665419865261194
1288,7.7999999999999998,9671.5666459231143,1.9381255928769119,19.679917019576855,0,0.011533787776294865,0.00015466861348657827,8.6716126954395538e-05,0.00011519433986507164,0.00015042411205712632,0.00019205250395002807,0.00024833719647127572
1289,7.7999999999999998,8563.9406342699003,2.1887950466013875,28.612660066696336,0,0.0089514413662490806,0.00012003923183584956,6.7300902443849381e-05,8.9403013045312685e-05,0.00011674504900436131,0.00014905309181111515,0.0001927359768002785
1290,7.7999999999999998,10232.244731640623,1.8319255775533823,6.5487797624440676,0,0.016223594430022803,0.00021755913191132833,0.00012197617136167039,0.0001620340417955469,0.00021158875417552422,0.00027014385853010094,0.00034931472952185063
1291,7.7999999999999998,8975.3597103492175,2.088463464931031,19.699324798859728,0,0.0090107498808059874,0.00012083456168692579,6.7746810135021186e-05,8.999536009688602e-05,0.00011751855297484236,0.0001500406553892851,0.00019401296494308179
1292,7.7999999999999998,8230.3789675405642,2.2775027630689615,28.725271672323224,0,0.00714390084045116,9.5800031985080801e-05,5.3711011876202768e-05,7.1350102614915954e-05,9.3171034649836026e-05,0.00011895520110047494,0.000153817318386306
1293,7.7999999999999998,9699.9875494169974,1.9324468968833803,6.6495420611728075,0,0.014872365797482322,0.00019943909509844893,0.00011181703579264091,0.00014853857149981316,0.00019396597741056439,0.00024764415181434792,0.00032022104955259644
1294,7.7999999999999998,8675.1119883491683,2.1607456900674928,19.82880392857993,0,0.0079798292472643088,0.00010700986956520038,5.9995892026241464e-05,7.9698983560619934e-05,0.00010407324568207251,0.00013287449168958925,0.00017181592569771647
1295,7.7999999999999998,8281.178038942413,2.2635319216095713,28.856973556866038,0,0.0062497625976377074,8.3809597882806357e-05,4.6988484387189143e-05,6.2419847730158694e-05,8.1509648655898493e-05,0.000104066641354063,0.00013456537888604787
1296,7.7999999999999998,9330.1109784634646,2.0090555067293838,6.8208526069389972,0,0.013779608474121194,0.00018478517018152415,0.0001036012020508682,0.00013762459762246951,0.00017971419358648881,0.0002294483271441065,0.00029669258731881894
1297,7.7999999999999998,8934.4429948638553,2.0980279185231892,11.341070557635206,0,0.0076321481763176003,0.00010234745074652061,5.7381871682480616e-05,7.6226499739337651e-05,9.9538775533096856e-05,0.00012708515157457693,0.00016432990773902875
1298,7.7999999999999998,8381.4787553885035,2.2364443538829248,28.963476813954443,0,0.0060909911650004816,8.1680465821112901e-05,4.5794770407329202e-05,6.0834109313012934e-05,7.9438945410987161e-05,0.0001014228913748599,0.00013114682695622182
1299,7.7999999999999998,9258.0788594078258,2.0246868842157681,6.9329416570119857,0,0.012720760919940502,0.00017058597679638348,9.5640316978715397e-05,0.0001270492994301203,0.0001659046623006048,0.00021181714404745592,0.00027389424576825411
1300,7.7999999999999998,8623.8974136726156,2.1735776691823596,20.247898265811529,0,0.0066724222041803158,8.9477482240370653e-05,5.0166226583449466e-05,6.6641183800116038e-05,8.7021991803676641e-05,0.00011110447119187866,0.00014366578057422268
1301,7.7999999999999998,8645.6153250313346,2.1681176104848694,28.993017309738789,0,0.0064356973359700762,8.6302991097129524e-05,4.8386424134927558e-05,6.4276881157130815e-05,8.3934616797908605e-05,0.00010716269555244327,0.00013856879151507006
1302,7.7999999999999998,9181.4313000183374,2.0415891844271452,6.8978116943769656,0,0.01175504261940463,0.00015763565089655315,8.837961889967084e-05,0.00011740413478139244,0.00015330972638943864,0.00019573668363622232,0.00025310109611199048
1303,7.7999999999999998,8846.9486732044734,2.1187769401728356,20.23114847727301,0,0.0062005167585750748,8.3149208963265528e-05,4.6618232349007222e-05,6.1928002203610958e-05,8.0867382493456216e-05,0.00010324663435510147,0.00013350505301150517
1304,7.7999999999999998,8987.2601505546463,2.0856980354042025,28.925612366096654,0,0.0075325787288510653,0.00010101221997203683,5.6633264458665305e-05,7.5232044405660451e-05,9.8240186898237847e-05,0.00012542719132129648,0.00016218605023812573
1305,7.7999999999999998,8991.6453667895112,2.0846808426088037,6.7816502257349942,0,0.011453788028938486,0.00015359581327186315,8.6114653407055495e-05,0.00011439533798773253,0.00014938075221781916,0.00019072040454841261,0.00024661469963309693
1306,7.7999999999999998,8966.575280245479,2.0905095037762425,20.098923640170149,0,0.0070874580481599123,9.5043131598640491e-05,5.3286649954783683e-05,7.0786377122108223e-05,9.2434905541418952e-05,0.00011801535550944155,0.00015260203290763373
1307,7.7999999999999998,9168.3267879505111,2.0445072774144095,6.6606374137071178,0,0.011720367813023543,0.00015717066018145596,8.8118918341399655e-05,0.0001170578182452734,0.00015285749620610304,0.00019515930320243655,0.00025235450319976771
1308,7.7999999999999998,9209.3162905407098,2.0354074339841937,19.936494625914008,0,0.008504290700360944,0.00011404292126954439,6.3939025611800155e-05,8.4937071172940388e-05,0.00011091329250107119,0.00014160745411668499,0.00018310825129321217
1309,7.7999999999999998,9656.2538246919485,1.9411990591782413,6.5282127269031456,0,0.011942991749606892,0.00016015605719656663,8.9792703738034599e-05,0.00011928128705797258,0.00015576096630913713,0.00019886628006808677,0.0002571478811733191
1310,7.7999999999999998,9535.5217932353262,1.9657771484488813,19.736569913053454,0,0.010484068131395716,0.0001405918257759645,7.8823869548664126e-05,0.00010471020716877888,0.00013673362732171171,0.00017457331236452289,0.00022573539047733709
1311,7.7999999999999998,9973.7007832464642,1.8794137950443759,6.4843519741363753,0,0.011897709583354839,0.0001595488213079136,8.9452252348287906e-05,0.00011882902893165378,0.00015517039452278192,0.0001981122733547968,0.00025617289824184076
1312,7.7999999999999998,9733.0487969492824,1.9258827558281253,19.654045421080447,0,0.011612296654785668,0.00015572142108266699,8.7306391489022048e-05,0.00011597845160760627,0.00015144802792627831,0.00019335977845419888,0.00025002759299674166
1313,7.7999999999999998,10166.112411349741,1.8438425704157242,6.5861330797145108,0,0.011398941308594729,0.00015286031628211532,8.5702291461733722e-05,0.00011384755335129689,0.00014866543914227325,0.00018980713562238686,0.00024543377962399056
1314,7.7999999999999998,9842.2255072499702,1.9045195444740213,19.783511591485563,0,0.011036066846052331,0.00014799415339792623,8.297404046798749e-05,0.00011022332469569627,0.00014393281618484946,0.0001837648058602577,0.00023762062851989172
1315,7.7999999999999998,10034.880224746017,1.8679556128087946,6.6872950926524002,0,0.010564612604790446,0.00014167193079138481,7.9429438587720613e-05,0.00010551464952739025,0.00013778409149935267,0.00017591448216015471,0.00022746961596353967
1316,7.7999999999999998,9868.9621222877977,1.8993598929056332,19.922524590544285,0,0.010386454671266311,0.00013928282487975655,7.8089968304318662e-05,0.00010373528736622598,0.00013546054875033657,0.00017294792183361607,0.00022363364788448141
1317,7.7999999999999998,9761.6838270365042,1.9202333502916682,6.6943614752916742,0,0.0098644815584701361,0.00013228314193090029,7.4165543163685923e-05,9.8522052189534734e-05,0.0001286529549630264,0.00016425639349518679,0.00021239489943693295
1318,7.7999999999999998,9739.8847531095962,1.9245310714476151,19.937235830358141,0,0.0098429311309704681,0.00013199414972763927,7.4003517501065047e-05,9.8306816109438252e-05,0.00012837189344325821,0.00016389755096723503,0.00021193089118120412
1319,7.7999999999999998,9759.4831071698518,1.9206663543387261,6.639361349247058,0,0.0094580880886918472,0.00012683338719986608,7.1110096990906397e-05,9.4463175055276881e-05,0.00012335275540821444,0.00015748941590086409,0.00020364472846912666
1320,7.7999999999999998,9707.5915303436232,1.9309332063557465,19.871311895130976,0,0.0094079379295654818,0.00012616087130754594,7.0733045873794376e-05,9.3962297582347889e-05,0.00012269869506807086,0.00015665435080165131,0.00020256493142746212
1321,7.7999999999999998,9744.3135844301942,1.9236563640182163,6.5890752851384455,0,0.009004334328993174,0.0001207485288482014,6.7698575173855539e-05,8.993128442024959e-05,0.00011743488109674674,0.0001499338281427838,0.0001938748299104358
1322,7.7999999999999998,9674.0345939979234,1.9376311566332536,19.815190038623665,0,0.0089396832678896188,0.00011988155520734123,6.7212499850541999e-05,8.9285578391159386e-05,0.00011659169942489033,0.00014885730424544949,0.00019248280991017639
1323,7.7999999999999998,9542.3249082962593,1.9643756652407982,6.5876952342049204,0,0.0081678963840671123,0.0001095318583390414,6.1409864090515091e-05,8.1577314434614273e-05,0.0001065260246484786,0.00013600605308418376,0.00017586525159202311
1324,7.7999999999999998,9554.3213629276652,1.9619091851369845,19.823434901048692,0,0.0081740168073470149,0.00010961393349084877,6.1455880144603196e-05,8.1638442498793866e-05,0.00010660584744868525,0.00013610796605838943,0.00017599703213004136
1325,7.7999999999999998,9061.266041938401,2.068663556827695,6.6084306667466306,0,0.007173060603931798,9.6191065726521435e-05,5.3930247898313748e-05,7.1641337356695883e-05,9.3551337427591821e-05,0.00011944074892740453,0.00015444516537404322
1326,7.7999999999999998,9369.5465368163277,2.0005995771538752,19.840427048476975,0,0.0074127767283022877,9.9405669749578145e-05,5.5732539936030152e-05,7.4035515335124283e-05,9.6677724513395319e-05,0.00012343233285590111,0.00015960656000256921
1327,7.7999999999999998,8585.4504251571598,2.1833112896153231,6.773144552341833,0,0.0064419408572641461,8.6386716998850424e-05,4.8433365694429093e-05,6.4339238669498263e-05,8.4016045047238851e-05,0.00010726665826800978,0.00013870322251071095
1328,7.7999999999999998,9115.1026437601504,2.056445393131169,19.995523348246017,0,0.0068387789685786307,9.1708333942574097e-05,5.1416970448438538e-05,6.8302681135478773e-05,8.9191623242599463e-05,0.00011387452676871058,0.00014724765439451431
1329,7.7999999999999998,8456.382021505091,2.2166348199512949,7.5977831740702673,0,0.006013090880197268,8.0635819493781811e-05,4.5209081549704916e-05,6.0056075933410556e-05,7.8422966844552582e-05,0.00010012575074378064,0.00012946953423092092
1330,7.7999999999999998,8990.4781869262442,2.0849514842198769,20.839546745403066,0,0.006393154161810956,8.5732485215789055e-05,4.8066565701342754e-05,6.3851978865006367e-05,8.3379767053739565e-05,0.00010645429660478498,0.00013765278258508269
1331,7.7999999999999998,8452.9084421838506,2.2175457084254795,9.1876188767745308,0,0.0066074475761623971,8.8606169552617523e-05,4.9677718540705992e-05,6.5992246128669896e-05,8.6174590159446166e-05,0.00011002255948636681,0.00014226679376462512
1332,7.7999999999999998,8838.9336137575683,2.1206982265940599,22.484509491922189,0,0.0068973870805617721,9.2494271363594572e-05,5.1857612202722675e-05,6.8888032877818952e-05,8.99559925352726e-05,0.00011485042773693195,0.00014850956197445795
1333,7.7999999999999998,8417.2518075982007,2.2269395365786213,10.674262456951059,0,0.0072760738690796287,9.7572478251198443e-05,5.4704747269362149e-05,7.2670188008902169e-05,9.4894840467574541e-05,0.0001211560532051866,0.00015666317267245587
1334,7.7999999999999998,8570.6718448881857,2.1870760167837053,24.045983568874988,0,0.0074093332088958795,9.9359491999264594e-05,5.5706650031359833e-05,7.4001122995632056e-05,9.6632813998384368e-05,0.00012337499379806268,0.00015953241662729927
1335,7.7999999999999998,8622.7048247359526,2.1738782923318158,11.187407898509154,0,0.007341731457359532,9.8452949466820851e-05,5.5198390109964903e-05,7.3325946783533091e-05,9.5751149306299297e-05,0.00012224933708356625,0.00015807686448964087
1336,7.7999999999999998,8515.4673072789974,2.2012545129091596,24.596314811093464,0,0.0072514313372959343,9.7242020790240421e-05,5.4519473796667906e-05,7.2424069367178854e-05,9.4573451602589502e-05,0.00012074572313630379,0.00015613258745831706
1337,7.7999999999999998,9086.7767965889707,2.0628558683993168,10.357815057578746,0,0.0075817657761247884,0.00010167182049104079,5.7003074474128432e-05,7.5723302745982438e-05,9.888168629586579e-05,0.00012624621936083106,0.00016324511025028943
1338,7.7999999999999998,8883.5391169239374,2.1100499016172449,23.749899692805357,0,0.0074114343336403182,9.938766817670845e-05,5.5722447218166084e-05,7.4022108094595575e-05,9.6660216949620662e-05,0.00012340998024623628,0.00015957765652928037
1339,7.7999999999999998,9198.0442051002756,2.0379017997417801,8.5609848100843298,0,0.0075335374392295328,0.00010102507632138613,5.6640472468081138e-05,7.5241619578302028e-05,9.8252690436554833e-05,0.00012544315509072928,0.00016220669249826042
1340,7.7999999999999998,9347.2373442574135,2.005374438383587,21.904700755412289,0,0.0076542642123257282,0.0001026440277853514,5.754814984048093e-05,7.6447384865525308e-05,9.9827213741192163e-05,0.00012745341221671736,0.00016480609426906047
1341,7.7999999999999998,8980.5317147434034,2.0872606918034684,7.0314903371016033,0,0.0072633386521257157,9.7401698418335479e-05,5.4608998265514769e-05,7.2542994329037548e-05,9.4728747269112506e-05,0.0001209439953494514,0.00015638896716979451
1342,7.7999999999999998,9426.3997160895487,1.9885334172370919,20.303836664354925,0,0.0076238781866777901,0.00010223654981302443,5.7319694236057406e-05,7.6143902762895369e-05,9.943091800420709e-05,0.00012694744553656305,0.00016415184428911699
1343,7.7999999999999998,9108.1837352792681,2.0580075440368315,6.3976957206077927,0,0.0072643575060080843,9.7415361294780567e-05,5.4616658460441628e-05,7.255317018823271e-05,9.474203520136371e-05,0.00012096096058611635,0.00015641090439646009
1344,7.7999999999999998,9374.755815545057,1.9994879022444669,19.566253522348617,0,0.0074781177598448436,0.00010028189592509709,5.6223802762819882e-05,7.4688112481927825e-05,9.7529904806749321e-05,0.00012452034565462946,0.00016101343594848957
1345,7.7999999999999998,9347.7018063191445,2.0052747967427331,6.2134623750248927,0,0.0072679794975155322,9.7463932364006285e-05,5.4643890197445941e-05,7.2589345027651461e-05,9.4789273356508737e-05,0.00012102127143557734,0.00015648889050423736
1346,7.7999999999999998,9302.3346283219216,2.0150544555350747,19.265224888579176,0,0.0072344524504675371,9.7014333153253469e-05,5.4391819002396272e-05,7.2254491801007501e-05,9.4352012295363018e-05,0.00012046300268115725,0.00015576701031783653
1347,7.7999999999999998,9163.3482752061973,2.0456180728606541,6.2074723351358632,0,0.0069184172215832678,9.2776286501753007e-05,5.2015726121069342e-05,6.9098072568094825e-05,9.0230268458408317e-05,0.00011520060682119614,0.00014896236779713901
1348,7.7999999999999998,8962.2990248961032,2.0915069657470622,19.205920314047866,0,0.0067669426211843867,9.0745005288977426e-05,5.0876872959096623e-05,6.7585211664312878e-05,8.8254730785429782e-05,0.00011267835854893077,0.00014570092599421473
1349,7.7999999999999998,8772.1214098129894,2.1368503653756332,6.3155157465293215,0,0.0065468208950801143,8.7793163029074389e-05,4.922190028953614e-05,6.5386733816414806e-05,8.5383894609497137e-05,0.00010901304672838431,0.00014096142381128887
1350,7.7999999999999998,8615.2729986923478,2.175753553314379,19.327084754024163,0,0.0064297615878370533,8.6223392447358361e-05,4.8341796550420543e-05,6.4217597546139263e-05,8.3857202538202891e-05,0.00010706385765860698,0.0001384409872690665
1351,7.7999999999999998,8614.8474656543549,2.1758610253297759,6.3565747283369909,0,0.0063561693231242731,8.5236516863445078e-05,4.7788497296656664e-05,6.348259075416519e-05,8.2897409338570339e-05,0.00010583845114137495,0.00013685645172400424
1352,7.7999999999999998,8521.7307520517097,2.1996365979018155,19.384644712816936,0,0.0062875784407702782,8.4316710042192696e-05,4.7272800651505304e-05,6.2797535543614977e-05,8.200284436360866e-05,0.00010469632411773569,0.00013537960233526387
1353,7.7999999999999998,8761.1794546715664,2.1395191066065196,6.3111341132215699,0,0.0063191123817566202,8.4739581610902265e-05,4.7509886792067399e-05,6.3112482513831612e-05,8.2414111257411013e-05,0.00010522140507494618,0.00013605856840002308
1354,7.7999999999999998,8622.57850864383,2.1739101384681385,19.333486825656564,0,0.0062193845896887793,8.3402227428184167e-05,4.6760089063379304e-05,6.211644570473866e-05,8.1113457486058037e-05,0.00010356080817898096,0.00013391130153741449
1355,7.7999999999999998,8985.055193833683,2.0862098713141499,6.2305512617044272,0,0.006343913677172101,8.5072168099312208e-05,4.7696353920091251e-05,6.3360186816060644e-05,8.2737570723901953e-05,0.00010563437876391391,0.00013659257199812941
1356,7.7999999999999998,8784.0961184540029,2.1339373552958532,19.217039682810903,0,0.0062022302615012247,8.3172187114670176e-05,4.6631115223234031e-05,6.1945115908342065e-05,8.0889730065751862e-05,0.00010327516639798933,0.0001335419469201741
1357,7.7999999999999998,9163.3336294528308,2.0456213423714011,6.117685323183089,0,0.0063416851387789472,8.5042283299101209e-05,4.7679598781018843e-05,6.333792916627183e-05,8.2708506038867231e-05,0.00010559727071347503,0.00013654458871739645
1358,7.7999999999999998,8897.0615991147297,2.1068428751289558,19.041641072208147,0,0.0061576261678758992,8.2574044210477536e-05,4.6295761883939106e-05,6.1499630069682058e-05,8.0308001729160439e-05,0.00010253245047211012,0.0001325815637592474
1359,7.7999999999999998,9149.7414046930335,2.0486601763481396,6.0072896653177601,0,0.0062060715062499574,8.3223698379735253e-05,4.6659995403254216e-05,6.1983480551568799e-05,8.093982773025976e-05,0.00010333912809787384,0.0001336246538305458
1360,7.7999999999999998,8886.346278867808,2.1093833451273669,18.877251263800986,0,0.0060271632795391387,8.0824531002685247e-05,4.5314884083230865e-05,6.0196624795930478e-05,7.8606499628107427e-05,0.00010036007441806791,0.00012977253097994789
1361,7.7999999999999998,8879.4001584477264,2.1110334600524641,5.9160534697372436,0,0.0058902315400432429,7.8988270209534161e-05,4.4285370593255174e-05,5.882901151538919e-05,7.6820630516795865e-05,9.807998361437984e-05,0.00012682421556493427
1362,7.7999999999999998,8721.1241207665516,2.1493457242563263,18.741680869397339,0,0.005784736644253597,7.7573578906193989e-05,4.3492213223467463e-05,5.77753754406385e-05,7.5444761952755547e-05,9.6323356972437469e-05,0.00012455277558610312
1363,7.7999999999999998,8578.1006250689297,2.1851819719738574,5.8058077356390649,0,0.0055580671451211875,7.4533930715114705e-05,4.1788011495059252e-05,5.5511501349442739e-05,7.2488529464456762e-05,9.2549016250914118e-05,0.000119672291478724
1364,7.7999999999999998,8518.8515903749794,2.2003800208066782,18.569876315644578,0,0.0055194439298862702,7.4015991659477138e-05,4.1497625049542912e-05,5.5125749862702434e-05,7.1984803978156016e-05,9.1905889696105114e-05,0.00011884068427594024
1365,7.7999999999999998,8428.0231730771011,2.2240934148778022,5.7218538288955401,0,0.0053397259139299404,7.1605964972177213e-05,4.0146425375166072e-05,5.3330806292429781e-05,6.9640914572937244e-05,8.8913351976598713e-05,0.00011497112562759201
1366,7.7999999999999998,8409.9730362294868,2.2288669367817944,18.439716918361192,0,0.0053282268769753961,7.1451762368775264e-05,4.005997052028718e-05,5.3215959028308506e-05,6.9490943682458877e-05,8.872187811883682e-05,0.00011472353666074104
1367,7.7999999999999998,8391.9267435830589,2.2336599701625808,5.7606767360242106,0,0.005198662356298075,6.9714296311752672e-05,3.908584704569614e-05,5.1921926250972894e-05,6.7801158127617144e-05,8.6564461049805382e-05,0.00011193384688568895
1368,7.7999999999999998,8379.1113650182688,2.237076227192194,18.485594808027926,0,0.0051907543342384101,6.96082493798069e-05,3.9026391031922983e-05,5.1842944445648386e-05,6.7698021394089057e-05,8.6432782240787229e-05,0.00011176357706054387
1369,7.7999999999999998,8317.2322299106308,2.2537197858042393,5.9073069174398878,0,0.0049913627707634358,6.6934399534313883e-05,3.7527276910240602e-05,4.9851510237332936e-05,6.5097548811348313e-05,8.3112654475771131e-05,0.00010747042178200048
1370,7.7999999999999998,8351.4136317005214,2.2444955628262289,18.678222188382605,0,0.0050112528112285443,6.7201125872668499e-05,3.7676819047442515e-05,5.0050163110587357e-05,6.5356955498359974e-05,8.3443849409220702e-05,0.00010789867978211362
1371,7.7999999999999998,8192.6074890012842,2.2880030399165832,6.0397207976541214,0,0.0047827348012791553,6.4136689068288672e-05,3.5958719395664211e-05,4.776782691592433e-05,6.2376614659563916e-05,7.9638728588577679e-05,0.00010297839487357191
1372,7.7999999999999998,8362.3554322139826,2.241558732061157,18.869190550249598,0,0.0048814749393735618,6.5460798766745523e-05,3.6701091504165037e-05,4.8753999476628846e-05,6.366438740910037e-05,8.1282879766768874e-05,0.00010510439628344255
1373,7.7999999999999998,8277.9840561274032,2.2644052842555764,6.087749498857737,0,0.0047409772011887388,6.3576717770586635e-05,3.5644767256004268e-05,4.7350770588023837e-05,6.1832010403176666e-05,7.894341046656481e-05,0.00010207930035761975
1374,7.7999999999999998,8470.1861890812579,2.2130222903295471,18.969420021455299,0,0.0048514962442618454,6.5058783115252793e-05,3.6475698391195013e-05,4.8454585610135824e-05,6.3273404092927375e-05,8.0783695667578762e-05,0.00010445891665070541
1375,7.7999999999999998,8655.4721650925221,2.1656485610658689,6.0940542470289998,0,0.0048229305208932127,6.4675715478465834e-05,3.6260928625856551e-05,4.8169283876651446e-05,6.2900848809586065e-05,8.030803937785882e-05,0.00010384386010604449
1376,7.7999999999999998,8659.3927443155844,2.1646680538867087,19.014382181051413,0,0.0048262078804263602,6.4719665017396214e-05,3.62855692669767e-05,4.8202016685269388e-05,6.2943592261020023e-05,8.0362611658612852e-05,0.00010391442584681207
1377,7.7999999999999998,8974.8521534338106,2.0885815742944027,6.0884596746466757,0,0.0048514263464395271,6.5057845782307767e-05,3.6475172868396124e-05,4.8453887501790488e-05,6.3272492482790199e-05,8.07825317783121e-05,0.00010445741166122835
1378,7.7999999999999998,8820.8790287100019,2.1250388740927559,19.031125750224348,0,0.0047684404575994589,6.3945001275820065e-05,3.5851248186266209e-05,4.7625061372121685e-05,6.2190187269259669e-05,7.9400709253624234e-05,0.00010267061937920148
1379,7.7999999999999998,8966.610959693895,2.0905011853350461,6.0967756244817277,0,0.0047167817340405434,6.3252255466523529e-05,3.5462855013327493e-05,4.7109117028939645e-05,6.1516452172683206e-05,7.8540524602859041e-05,0.00010155834101664375
1380,7.7999999999999998,8821.794806695314,2.1248182768263861,19.060906718424402,0,0.0046403483519385988,6.2227280370476184e-05,3.4888194980174424e-05,4.6345734420757415e-05,6.0519605008749907e-05,7.7267809801549999e-05,9.9912632581898106e-05
1381,7.7999999999999998,8772.4334879676262,2.1367743472080774,6.0736913992006665,0,0.0045031242345487466,6.0387098776600346e-05,3.385648326364361e-05,4.4975200999917139e-05,5.8729922693490385e-05,7.4982850527267276e-05,9.6958021897030063e-05
1382,7.7999999999999998,8736.8112108327332,2.1454865382047879,19.043392101172735,0,0.0044844151031224683,6.0136208481636883e-05,3.3715819723839098e-05,4.4788342520647349e-05,5.8485917468429611e-05,7.4671319258716296e-05,9.6555190378284439e-05
1383,7.7999999999999998,8756.8601972193319,2.1405744088081398,5.980157075515951,0,0.0043495315617402969,5.8327414117428302e-05,3.2701705494808932e-05,4.3441185731433935e-05,5.6726761037162961e-05,7.242533360625487e-05,9.3650975287227321e-05
1384,7.7999999999999998,8723.1466697918531,2.1488473768979492,18.922356780314331,0,0.0043334647996395729,5.8111958114115572e-05,3.2580908458389037e-05,4.3280718061154271e-05,5.6517217696370636e-05,7.2157801209122045e-05,9.3305037358261316e-05
1385,7.7999999999999998,8695.030407797658,2.155795892659345,5.9331785029703052,0,0.004186056335105934,5.6135203966405089e-05,3.1472626307496377e-05,4.1808467912995985e-05,5.4594710726652477e-05,6.9703259365088861e-05,9.0131144658964652e-05
1386,7.7999999999999998,8711.0204983254098,2.1518386787497232,18.85720724259485,0,0.0041931467842370443,5.623028720856079e-05,3.1525935445738083e-05,4.1879284163723595e-05,5.4687184642014921e-05,6.9821324526003192e-05,9.028381109371223e-05
1387,7.7999999999999998,8670.1237135456722,2.1619888549447932,5.9077450729179457,0,0.0040584025207735831,5.4423360567514286e-05,3.0512868369812785e-05,4.0533518420384685e-05,5.2929844678820813e-05,6.7577658031267923e-05,8.7382594834308137e-05
1388,7.7999999999999998,8747.8675675040704,2.1427748757091116,18.805055513629558,0,0.0040952347756459916,5.4917282764037455e-05,3.0789789581775511e-05,4.0901382591987476e-05,5.3410212389906239e-05,6.8190962776558113e-05,8.8175640370790834e-05
1389,7.7999999999999998,9004.9747909151101,2.0815950377328503,5.8246716330482702,0,0.0040408236124065263,5.4187626614672844e-05,3.0380702347752765e-05,4.035794810609005e-05,5.2700579867179068e-05,6.7284946440411355e-05,8.7004098462988328e-05
1390,7.7999999999999998,8945.426535778699,2.0954518786449992,18.670648984512169,0,0.0040150192270258199,5.3841588644656607e-05,3.0186693544915893e-05,4.0100225387655458e-05,5.23640380620619e-05,6.6855270004415035e-05,8.6448497055506261e-05
1391,7.7999999999999998,9358.6191879419221,2.0029355253422274,5.7643698175678679,0,0.0040965233707833159,5.4934562882858887e-05,3.079947781097552e-05,4.0914252506804408e-05,5.3427018298172692e-05,6.8212419554461516e-05,8.8203385471532795e-05
1392,7.7999999999999998,9190.823171842987,2.0395029356134944,18.589901053921817,0,0.0040230744690095072,5.3949609802413332e-05,3.0247256423308843e-05,4.0180677560069396e-05,5.2469094843606969e-05,6.6989400215833542e-05,8.6621936713832378e-05
1393,7.7999999999999998,9513.7425871839732,1.9702772770969679,5.8600944690772376,0,0.0040465513769384256,5.4264436194986714e-05,3.0423766219392045e-05,4.0415154469424636e-05,5.2775281596610405e-05,6.7380321137928175e-05,8.7127424556158087e-05
1394,7.7999999999999998,9317.8120030261452,2.0117073443412017,18.746753808360708,0,0.0039632434774804631,5.3147273511611801e-05,2.9797420518758615e-05,3.9583112240996483e-05,5.1688776707985347e-05,6.5993136719414574e-05,8.5333698973845754e-05
1395,7.7999999999999998,9526.0401696952831,1.9677337598585731,6.2193499889038044,0,0.0038156496337458947,5.1168033420468584e-05,2.8687744604894559e-05,3.8109010607871593e-05,4.9763852015465746e-05,6.3535508071600248e-05,8.2155814823350599e-05
1396,7.7999999999999998,9320.0192787289616,2.011230908337204,19.253135974780271,0,0.0037332216253452306,5.0062670115796589e-05,2.8068014315096722e-05,3.7285756339779163e-05,4.8688822700482946e-05,6.2162974978742616e-05,8.0381034420419723e-05
1397,7.7999999999999998,9647.039177288023,1.9430532513860712,6.6763049153778766,0,0.0037440567220833306,5.0207969250996496e-05,2.8149477373246219e-05,3.739397246446674e-05,4.8830134456646139e-05,6.2343393372027927e-05,8.0614327905580344e-05
1398,7.7999999999999998,9427.9839376809869,1.9881992760680247,19.823824121221545,0,0.0036590404567519758,4.9067897304325755e-05,2.7510287421024761e-05,3.6544867837904479e-05,4.7721348993368756e-05,6.0927762449207897e-05,7.8783819021912554e-05
1399,7.7999999999999998,9808.2980996621664,1.9111073755317387,6.8570844936812296,0,0.0038787356224430488,5.2014019369878281e-05,2.9162053020396148e-05,3.8739085390211533e-05,5.0586621951680383e-05,6.4585971486433744e-05,8.3514136813795834e-05
1400,7.7999999999999998,9674.4228483266979,1.9375533955413593,19.984520923150896,0,0.0038245019519264662,5.1286743405920634e-05,2.8754300255308456e-05,3.8197423622647391e-05,4.9879304295998983e-05,6.3682910633994824e-05,8.2346416551236823e-05
1401,7.7999999999999998,7670.1961669835518,2.4438372150591308,2.4130289175730586,0,0.003220779192524152,4.3190794014605962e-05,2.421524504942128e-05,3.2167709353601776e-05,4.2005528414807538e-05,5.3630144805137018e-05,6.9347493697461546e-05
1402,7.7999999999999998,7805.5597498246752,2.4014563260628856,10.785682900407958,0,0.0028666818315126199,3.8442332457209103e-05,2.1552984193989062e-05,2.8631142482350497e-05,3.7387376759424622e-05,4.77339651507713e-05,6.1723324810618226e-05
1403,7.7999999999999998,7613.224884703568,2.4621249370079723,28.372653982834901,0,0.0031959859512042995,4.2858315531981099e-05,2.4028838475657016e-05,3.1920085492095864e-05,4.1682173990147321e-05,5.3217305227292404e-05,6.8813663514331037e-05
1404,7.7999999999999998,8155.5459955556807,2.2984004810828274,2.3668917738222359,0,0.0028977549458029418,3.8859024319172417e-05,2.1786605635264928e-05,2.8941486920591534e-05,3.779263353340289e-05,4.8251372746673746e-05,6.2392368687457186e-05
1405,7.7999999999999998,8342.2264781691447,2.2469673879906669,10.410923258633892,0,0.0029631504640897561,3.973598116438559e-05,2.2278278117540271e-05,2.9594628256750553e-05,3.8645524445010219e-05,4.9340292820260117e-05,6.3800417802641312e-05
1406,7.7999999999999998,8115.3082908888209,2.3097965188486151,28.044031484811651,0,0.0028824981749009711,3.8654430334311689e-05,2.1671898471572481e-05,2.8789109081965328e-05,3.7593654129559103e-05,4.7997327752024415e-05,6.2063870904553029e-05
1407,7.7999999999999998,9077.7834013797328,2.064899547705588,2.3940723634836014,0,0.0026368850288927708,3.5360746985529943e-05,1.9825270012299965e-05,2.6336034275547566e-05,3.4390357856518996e-05,4.3907550775993395e-05,5.6775505860978355e-05
1408,7.7999999999999998,9063.127665162725,2.0682386403680599,10.060294555585829,0,0.0026359500093307803,3.5348208331096475e-05,1.9818240120939465e-05,2.632669571623873e-05,3.4378163294758678e-05,4.3891981489337053e-05,5.6755373694410514e-05
1409,7.7999999999999998,8861.4835011573578,2.1153016689846731,27.666222192102225,0,0.002576611996624558,3.455248290850953e-05,1.9372110649610897e-05,2.5734054050276473e-05,3.3604274608258556e-05,4.2903926728777775e-05,5.5477750418739841e-05
1410,7.7999999999999998,10225.057872235977,1.8332131782428023,2.5031729698621423,0,0.0028470307045453747,3.8178809959619942e-05,2.1405238314323153e-05,2.8434875770798108e-05,3.7131085991612411e-05,4.7406748436479397e-05,6.1300210923558783e-05
1411,7.7999999999999998,9780.1532150531257,1.916607074296891,9.8065238813186699,0,0.0027274480197445735,3.6575200771218174e-05,2.050616270465688e-05,2.7240537128358962e-05,3.5571483931347498e-05,4.5415541862324926e-05,5.8725442836445686e-05
1412,7.7999999999999998,9673.4050541036904,1.9377572566059711,27.30335091145653,0,0.0026966606286366324,3.6162340469997692e-05,2.02746894568659e-05,2.6933046366118984e-05,3.5169953570308092e-05,4.4902891927450854e-05,5.8062550945013042e-05
1413,7.7999999999999998,7286.1192148969967,2.5726604639344064,2.5737948620687212,0,0.0019908845376221517,2.6697851305948409e-05,1.496835208558392e-05,1.9884068833858438e-05,2.5965194139914996e-05,3.315080595739523e-05,4.2866289389098038e-05
1414,7.7999999999999998,10613.663315792302,1.7660924679782932,9.6894449397844014,0,0.0027720127539840851,3.7172815864274566e-05,2.0841220122649687e-05,2.7685629862988074e-05,3.6152698941287085e-05,4.6157602403455778e-05,5.9684978539475848e-05
1415,7.7999999999999998,10476.965910234176,1.7891354233927572,27.037154840734285,0,0.0027377551111144168,3.6713419330651846e-05,2.0583655984496384e-05,2.7343479770386619e-05,3.5705909420811326e-05,4.5587168282405984e-05,5.8947367690986616e-05
1416,7.7999999999999998,8023.9979294785044,2.3360812159253084,2.7404271635881252,0,0.0025328770873545405,3.3965995805663952e-05,1.9043292223422019e-05,2.5297249238177106e-05,3.3033882208082561e-05,4.2175683848100084e-05,5.4536081908212527e-05
1417,7.7999999999999998,7308.3125958274395,2.5648479856184978,9.6835186409685345,0,0.0018459410470707742,2.4754152570346375e-05,1.3878602701283722e-05,1.8436437748941006e-05,2.4074835457447937e-05,3.0737309122568641e-05,3.9745470731044577e-05
1418,7.7999999999999998,7212.5304210819968,2.5989090853451526,26.943091477380406,0,0.0018231467679550889,2.4448480260899595e-05,1.3707225211081222e-05,1.8208778632407904e-05,2.3777551576171188e-05,3.0357754854290827e-05,3.9254680759790967e-05
1419,7.7999999999999998,8777.4872360279405,2.1355440726520283,2.8607925510994119,0,0.0030733804279767319,4.1214169944147495e-05,2.3107035827322934e-05,3.0695556084589424e-05,4.0083147952689673e-05,5.1175764478436884e-05,6.6173809851269357e-05
1420,7.7999999999999998,7934.9241988438571,2.3623049659893995,9.7506039468551755,0,0.0023155295781770811,3.1051355919682098e-05,1.7409177345932152e-05,2.3126479034439403e-05,3.0199227477999589e-05,3.8556566332289321e-05,4.9856312162485129e-05
1421,7.7999999999999998,7614.9211023138469,2.4615765006393291,26.889811395755764,0,0.002222948116865112,2.9809834354224303e-05,1.6713108898301046e-05,2.2201816596875294e-05,2.8991776432348571e-05,3.7014965098663348e-05,4.7862914937448439e-05
1422,7.7999999999999998,9536.6158992175388,1.9655516210122577,2.9899161028305548,0,0.0031562179164945966,4.2325024395631462e-05,2.3729844770076522e-05,3.1522900057877039e-05,4.1163517723403901e-05,5.2555115945565947e-05,6.7957406884633218e-05
1423,7.7999999999999998,8199.1191938704778,2.2861859178351169,9.9805882008729476,0,0.0027172865861770294,3.6438935489472812e-05,2.0429764544713895e-05,2.71390492516441e-05,3.5438958116647939e-05,4.5246340833294408e-05,5.8506654180607971e-05
1424,7.7999999999999998,7903.9594341478587,2.3715595956495705,26.990672098042396,0,0.002618050608999323,3.5108176566579557e-05,1.968366449828579e-05,2.6147924470820062e-05,3.4144718614360763e-05,4.3593933292202236e-05,5.6369976721356526e-05
1425,7.7999999999999998,10242.366054154427,1.8301153015396501,3.1584962713771407,0,0.0026658190098110251,3.5748752972641239e-05,2.0042808501066002e-05,2.6625014001565864e-05,3.4767715969250318e-05,4.4389339030847014e-05,5.7398491461490321e-05
1426,7.7999999999999998,8315.6620037511566,2.2541453502105604,10.472641140209003,0,0.0021706278572448234,2.9108217316553489e-05,1.6319742004136001e-05,2.1679265125890585e-05,2.8309413556541567e-05,3.6143765015717146e-05,4.6736392857732695e-05
1427,7.7999999999999998,8241.8205264332482,2.2743410608809156,27.31414486883186,0,0.0021465270813833693,2.8785024826909869e-05,1.6138541692509262e-05,2.1438557301241492e-05,2.7995090293519673e-05,3.5742455884570855e-05,4.6217472341220575e-05
1428,7.7999999999999998,9795.6996864151788,1.9135652826998919,3.3587225334811945,0,0.0016345894630953796,2.1919918311341514e-05,1.2289567846169499e-05,1.6325552177982117e-05,2.131837981876278e-05,2.7218031526729387e-05,3.5194800920552043e-05
1429,7.7999999999999998,8165.010467741211,2.2957362900802116,11.395359903866336,0,0.0013498093342383295,1.8101003958731619e-05,1.0148464655523646e-05,1.3481294975868389e-05,1.7604266220896923e-05,2.2476073560880833e-05,2.9063120662272904e-05
1430,7.7999999999999998,7926.6355577621816,2.364775156254344,28.03663737038514,0,0.0013200026466412816,1.770129493575669e-05,9.9243647712629051e-06,1.3183599043889887e-05,1.7215526233469269e-05,2.1979753609577876e-05,2.8421344571233719e-05
1431,7.7999999999999998,8620.9404854283239,2.1743231926217139,3.6160296050526219,0,0.0010525585704722568,1.411485783039579e-05,7.9136017060763253e-06,1.051248662161749e-05,1.3727510113964461e-05,1.7526463373006237e-05,2.2662931691020169e-05
1432,7.7999999999999998,7640.187167283837,2.4534360781035991,12.664838256651358,0,0.00093220787623143832,1.2500949600817263e-05,7.0087518611462804e-06,9.3104774426495931e-06,1.2157891644493241e-05,1.5522468447022043e-05,2.0071627378783407e-05
1433,7.7999999999999998,9855.9986269217079,1.9018581017733742,29.402080395934419,0,0.00097285895002086715,1.3046082330992338e-05,7.3143846457898192e-06,9.7164822782512989e-06,1.2688064541510763e-05,1.6199361473054914e-05,2.0946896968810207e-05
1434,7.7999999999999998,9861.8654013101823,1.9007266959035967,3.9574127936198464,0,0.00080309227852354303,1.0769503621031234e-05,6.0380035883505703e-06,8.0209283081654208e-06,1.0473960960606973e-05,1.3372526526834258e-05,1.7291603489199393e-05
1435,7.7999999999999998,9200.1250256425901,2.0374408812307485,13.966030762347463,0,0.00069700904620527589,9.3469226983474116e-06,5.2404228438573996e-06,6.9614161899719781e-06,9.0904192885101255e-06,1.1606103319732334e-05,1.5007495872734091e-05
1436,7.7999999999999998,8646.245261291293,2.1679596487503332,30.008617968727616,0,0.00060281910359290649,8.0838313262157595e-06,4.5322611211154113e-06,6.0206889569409579e-06,7.8619903667210998e-06,1.0037718789301338e-05,1.2979465988898282e-05
1437,7.7999999999999998,9601.9211996073573,1.9521833651837106,4.111427559726538,1,0.0015210057009035151,2.0396754945277878e-05,1.1435594794711839e-05,1.5191128105087799e-05,1.9837015942193546e-05,2.5326714783252797e-05,3.2749197306675854e-05
1438,7.7999999999999998,9418.8412635919012,1.9901291799167613,14.579441527567928,1,0.0011400674597005197,1.528835597577557e-05,8.5715323091998297e-06,1.1386486466464099e-05,1.4868804475763055e-05,1.8983599711921292e-05,2.4547109953943208e-05
1439,7.7999999999999998,9313.9383826952817,2.0125440033514512,30.468013967841387,1,0.0013136937747573896,1.7616692679683318e-05,9.8769318770712005e-06,1.3120588838911788e-05,1.713324567918622e-05,2.1874702722054904e-05,2.8285506493844933e-05
1440,7.7999999999999998,9307.0090998143824,2.0140423887682828,9.3445682431183208,0,0.00029064974496777614,3.8976261689839023e-06,2.1852335653071074e-06,2.9028803158947984e-06,3.7906653611458133e-06,4.8396946758656421e-06,6.2580605972945832e-06
1441,7.7999999999999998,9261.9374155287805,2.0238433924472954,22.484931831295516,0,0.00028899000391796435,3.8753689667620303e-06,2.1727548966877048e-06,2.8863035608609505e-06,3.7690189533476887e-06,4.8120578378461202e-06,6.222324250556378e-06
1442,7.7999999999999998,7724.0337954189436,2.4268033175613013,9.5220414540473346,1,0.0008039406832998638,1.0780880767288304e-05,6.0443822713746637e-06,8.0294017975378822e-06,1.0485025888939135e-05,1.3386653565133892e-05,1.7309870728697016e-05
1443,7.7999999999999998,7812.6387773340857,2.3992803678649763,22.790919757493242,1,0.00081316295647879252,1.0904551865928683e-05,6.113719407387843e-06,8.1215097582102193e-06,1.0605303137055301e-05,1.3540216357381957e-05,1.7508438060675715e-05
1444,7.9000000000000004,13116.677687219097,2.0186215180039566,7.5114400672833552,1,0.041598604076759978,0.0004519082551241179,0.00024591082093338459,0.00033229350487120371,0.00044423645682484567,0.00056999736098624246,0.00073608197692589562
1445,7.9000000000000004,12155.895950680362,2.1781699951669049,20.654385969007667,1,0.037750250607736333,0.00041010149886666668,0.00022316121714708486,0.00030155250068160535,0.00040313943091181117,0.00051726599246632607,0.00066798585465791048
1446,7.9000000000000004,9863.2955983725515,2.6844585118701771,7.0002527821452931,0,0.0064786663977904725,7.0381275822483888e-05,3.8298741214834476e-05,5.1752187651311457e-05,6.9186451550005745e-05,8.8772756476073578e-05,0.00011463917301477908
1447,7.9000000000000004,8844.9689627415955,2.9935218467895921,20.125343362283573,0,0.0054160780123665509,5.8837800414366798e-05,3.2017232785087459e-05,4.3264133144087956e-05,5.7838943385238442e-05,7.4212830994231733e-05,9.5836807484482283e-05
1448,7.9000000000000004,11804.194170512314,2.2430677979091298,6.6507862844074221,0,0.012315257332222149,0.00013378733676109653,7.2801842941276699e-05,9.8375416991483477e-05,0.0001315161026090538,0.00016874758985373732,0.00021791690285390139
1449,7.9000000000000004,9877.1100369850774,2.6807039432583823,19.783477679986419,0,0.0082082397613735952,8.9170571718176316e-05,4.8523142132673357e-05,6.5568179982602125e-05,8.7656771886693386e-05,0.00011247192318501726,0.00014524375239815043
1450,7.9000000000000004,10827.731916571427,2.4453512543674902,28.624923124108314,0,0.012265536848886026,0.00013324719611534569,7.2507919499715316e-05,9.7978245162323944e-05,0.00013098513163444848,0.00016806630390875092,0.00021703710526261129
1451,7.9000000000000004,11433.104960436123,2.3158720151496661,6.5299196350517441,0,0.018698265516198378,0.00020312942539322864,0.00011053509907770144,0.00014936347796490451,0.00019968100867900885,0.00025620960692783088,0.00033086341601394929
1452,7.9000000000000004,9671.5666459231143,2.7376751661328864,19.679917019576855,0,0.012297094744938229,0.00013359002669961298,7.2694474512734693e-05,9.8230332560886571e-05,0.00013132214217213885,0.00016849872028106095,0.00021759551819567182
1453,7.9000000000000004,10232.244731640623,2.5876636572488882,6.5487797624440676,0,0.016061753654480877,0.00017448756344891323,9.4949316556749728e-05,0.00012830277685224237,0.00017152538389734947,0.00022008327921224589,0.00028421067594169765
1454,7.9000000000000004,13234.335074309754,2.0006753399753858,19.780648255517004,0,0.01471670861669982,0.00015987560784181214,8.6998061057339776e-05,0.00011755843242690654,0.00015716148743699889,0.00020165304245410519,0.00026041027608603596
1455,7.9000000000000004,9699.9875494169974,2.7296537948375241,6.6495420611728075,0,0.014233204248984705,0.00015462303699217882,8.4139817166023083e-05,0.00011369615472469995,0.00015199808659843332,0.00019502791116089179,0.00025185472815987661
1456,7.9000000000000004,12885.109701436517,2.0548996816993297,19.953703492320532,0,0.013335326862337255,0.00014486890672457358,7.8832000470045288e-05,0.00010652382694170197,0.00014240954684427716,0.00018272490839825359,0.00023596690267945993
1457,7.9000000000000004,9330.1109784634646,2.8378663324863611,6.8208526069389972,0,0.012732671493140828,0.00013832193375807225,7.5269393505986111e-05,0.00010170975999632558,0.00013597371824281072,0.00017446713202209715,0.00022530299302651701
1458,7.9000000000000004,12882.872777633154,2.0552564851926856,20.146363900151531,0,0.012490362706572923,0.0001356896016553631,7.3836981194401474e-05,9.9774174951184111e-05,0.0001333860737967657,0.00017114693962735653,0.00022101537004969068
1459,7.9000000000000004,9258.0788594078258,2.8599462400600499,6.9329416570119857,0,0.012159592015277339,0.00013209625978086748,7.1881624901985814e-05,9.7131948012115114e-05,0.00012985373411412846,0.00016661461395647159,0.00021516242498670907
1460,7.9000000000000004,13056.946386291822,2.0278560576721869,20.221933191449253,0,0.012796575201112683,0.00013901615448510036,7.5647161309421267e-05,0.00010222022873842687,0.00013665615356576059,0.00017534276104161855,0.00022643376096310501
1461,7.9000000000000004,9181.4313000183374,2.8838213736991052,6.8978116943769656,0,0.011637778518513877,0.00012642751603197971,6.8796915974579493e-05,9.2963653436444477e-05,0.00012428122551509378,0.00015946455873987495,0.0002059290019233893
1462,7.9000000000000004,13380.474980830746,1.9788242093106134,20.163380397387211,0,0.012688390875663858,0.00013784088933304996,7.5007627919450914e-05,0.000101356042319835,0.00013550084024484504,0.00017386038485678025,0.0002245194531656168
1463,7.9000000000000004,8991.6453667895112,2.9446899587407485,6.7816502257349942,0,0.010948510890023943,0.00011893962699777906,6.4722299238594808e-05,8.7457719736300411e-05,0.00011692045426134162,0.00015001999352014922,0.00019373249942360131
1464,7.9000000000000004,13642.365263159916,1.940837040600536,20.014330764850904,0,0.012458437360455678,0.00013534277926124006,7.3648253994378437e-05,9.9519152327445342e-05,0.00013304513921598359,0.00017070948833687998,0.00022045045513474155
1465,7.9000000000000004,9168.3267879505111,2.8879432896023167,6.6606374137071178,0,0.010829886307892904,0.00011765094366055107,6.4021048102357264e-05,8.6510135579691012e-05,0.00011565364819349905,0.00014839456160329882,0.00019163345261986959
1466,7.9000000000000004,9209.3162905407098,2.8750894191069478,19.936494625914008,0,0.0082899248619898239,9.0057961382045853e-05,4.9006024926372318e-05,6.6220688137189158e-05,8.8529096823515181e-05,0.0001135911985264982,0.00014668915980259206
1467,7.9000000000000004,9656.2538246919485,2.742016552675647,6.5282127269031456,0,0.011429724310900856,0.00012416731004621782,6.7567000160617205e-05,9.1301697142830387e-05,0.00012205938980524734,0.00015661373352798377,0.00020224750933856716
1468,7.9000000000000004,9535.5217932353262,2.7767340265455158,19.736569913053454,0,0.0099902522117702609,0.0001085295419274222,5.9057537560508782e-05,7.9803060599599769e-05,0.00010668709548892794,0.00013688962701220397,0.00017677623471352104
1469,7.9000000000000004,9973.7007832464642,2.6547425473821282,6.4843519741363753,0,0.011779022287857646,0.00012796192389897241,6.9631880801931863e-05,9.4091921756935581e-05,0.00012578958458228941,0.000161399925985207,0.00020842829235090415
1470,7.9000000000000004,9733.0487969492824,2.7203816991487768,19.654045421080447,0,0.011496456536583778,0.00012489225849913395,6.796148879225779e-05,9.1834760346564724e-05,0.00012277203120635577,0.00015752811980070138,0.00020342832753416601
1471,7.9000000000000004,10166.112411349741,2.6044968570859477,6.5861330797145108,0,0.011285229547018272,0.00012259758485783751,6.6712817026457836e-05,9.0147459576649512e-05,0.00012051631297943619,0.0001546338201170091,0.00019969069297862702
1472,7.9000000000000004,9842.2255072499702,2.6902053610373935,19.783511591485563,0,0.010925974990329388,0.00011869480726561145,6.4589077902990985e-05,8.7277700880833254e-05,0.00011667979069933372,0.00014971119942384627,0.00019333372956179624
1473,7.9000000000000004,10034.880224746017,2.6385574347812399,6.6872950926524002,0,0.010459223807959135,0.00011362423537784228,6.1829870737853911e-05,8.3549249175906006e-05,0.00011169529912619443,0.00014331562562773214,0.00018507462710687671
1474,7.9000000000000004,9868.9621222877977,2.682917159479874,19.922524590544285,0,0.010282843114260297,0.00011170811599604902,6.0787193413772424e-05,8.2140303847051926e-05,0.0001098117086509829,0.00014089880102102791,0.00018195359329839048
1475,7.9000000000000004,9761.6838270365042,2.7124017017237314,6.6943614752916742,0,0.0097660770185497188,0.00010609420490929845,5.7732322279341169e-05,7.8012328378802731e-05,0.00010429310185008957,0.00013381790690595942,0.00017280948335092643
1476,7.9000000000000004,9739.8847531095962,2.7184723942128262,19.937235830358141,0,0.0097447415704071134,0.00010586242633507937,5.7606197432506206e-05,7.7841898841594662e-05,0.00010406525805345275,0.00013352556178028397,0.00017243195532574485
1477,7.9000000000000004,9759.4831071698518,2.7130133361971742,6.639361349247058,0,0.0093637375846762246,0.00010172337286902395,5.535388620742069e-05,7.47984036907767e-05,9.9996471025289163e-05,0.00012830492346292336,0.00016569013854468326
1478,7.9000000000000004,9707.5915303436232,2.7275156501363016,19.871311895130976,0,0.0093140877056007189,0.0001011839992357469,5.5060380144088101e-05,7.4401795854994816e-05,9.9466254042008051e-05,0.00012762460496006919,0.0001648115902867515
1479,7.9000000000000004,9744.3135844301942,2.7172368371282398,6.5890752851384455,0,0.0089145103101958209,9.6843172721201715e-05,5.2698271907255761e-05,7.1209934586251436e-05,9.5199119355603019e-05,0.00012214946785041338,0.00015774111939782917
1480,7.9000000000000004,9674.0345939979234,2.7369767563752965,19.815190038623665,0,0.0088505041849548903,9.6147839379690767e-05,5.2319898662477683e-05,7.0698647725512379e-05,9.4515590306415442e-05,0.00012127243547675573,0.00015660853920076837
1481,7.9000000000000004,9542.3249082962593,2.7747543788959401,6.5876952342049204,0,0.0080864163710499433,8.7847137988215595e-05,4.7802981190058605e-05,6.4595043449673249e-05,8.635580536445367e-05,0.00011080266017650991,0.00014308810309271265
1482,7.9000000000000004,9554.3213629276652,2.7712703831462386,19.823434901048692,0,0.008092475739176222,8.7912964198923253e-05,4.783880124275848e-05,6.464344624386968e-05,8.6420514079728062e-05,0.00011088568757413243,0.00014319532283645894
1483,7.9000000000000004,13280.61069546894,1.9937040872056009,6.7152687356964869,0,0.0091708005527329824,9.9627392982453491e-05,5.4213335821978316e-05,7.3257204797526221e-05,9.7936073438326579e-05,0.00012566123862096958,0.00016227614244921479
1484,7.9000000000000004,9369.5465368163277,2.8259220144862693,19.840427048476975,0,0.0073388295188967414,7.9725695516567177e-05,4.3383609419968246e-05,5.8623250385674682e-05,7.8372236162069868e-05,0.00010055898632512217,0.00012985964939168652
1485,7.9000000000000004,12822.487793131711,2.0649353114085565,7.2709701930760007,0,0.0074961903947495835,8.1435192275166094e-05,4.4313850783172734e-05,5.9880263646750823e-05,8.0052711732902187e-05,0.00010271519531216158,0.00013264412995682315
1486,7.9000000000000004,9115.1026437601504,2.9048063262642905,19.995523348246017,0,0.0065448724970117748,7.1100508677568756e-05,3.869011964138613e-05,5.2281048108107121e-05,6.9893474383848789e-05,8.9679933595952424e-05,0.00011581068146995328
1487,7.9000000000000004,12672.25309571439,2.0894159565908028,8.4347275423817525,0,0.0066761211486954164,7.2526334146622986e-05,3.9465998169001327e-05,5.3329474502346212e-05,7.1295094396851895e-05,9.1478344546344709e-05,0.00011813310956926844
1488,7.9000000000000004,13332.536868531382,1.9859392166120771,21.707325155387341,0,0.0085061882516767242,9.2407348176379029e-05,5.0284469452962894e-05,6.7948220138065485e-05,9.0838599368316006e-05,0.00011655450857344133,0.00015051591281391155
1489,7.9000000000000004,12654.289175572751,2.092382073522864,9.8717154628154855,0,0.0068898353673805214,7.4848027910264349e-05,4.0729373229977281e-05,5.5036643488993989e-05,7.3577374040336414e-05,9.4406725037934384e-05,0.00012191475532585744
1490,7.9000000000000004,13067.546777040616,2.0262110613342821,23.206034715412816,0,0.0078730870263452497,8.5529625319896789e-05,4.65418813178439e-05,6.289094887205248e-05,8.4077635836132309e-05,0.00010787955335114091,0.00013931326763196546
1491,7.9000000000000004,12838.575898945252,2.062347727080704,10.827810692007676,0,0.0072689552430240736,7.8966613263965356e-05,4.2970546507802571e-05,5.8065088193808302e-05,7.7626040432049749e-05,9.9601546677033215e-05,0.00012862323301998061
1492,7.9000000000000004,12857.525988884136,2.0593081318314139,24.211837199180938,0,0.0072818886505406546,7.9107115902295289e-05,4.3047002555558395e-05,5.8168401451764792e-05,7.7764157834240357e-05,9.9778764358169998e-05,0.00012885208801125932
1493,7.9000000000000004,13288.157529977872,1.9925717891596171,10.651846250018297,0,0.007383122171036113,8.0206870680670951e-05,4.3645446149604924e-05,5.897706419616395e-05,7.8845242679631417e-05,0.00010116589839322755,0.00013064340220439821
1494,7.9000000000000004,13112.152280206985,2.0193182063719042,24.049628182668268,0,0.0072861210281905406,7.9153094522040727e-05,4.3072022324502155e-05,5.8202210076703845e-05,7.7809355900205763e-05,9.9836757748685709e-05,0.00012892697939227479
1495,7.9000000000000004,9086.7767965889707,2.9138613632594246,10.357815057578746,0,0.0050040885282789209,5.4362134631448356e-05,2.9581750285218882e-05,3.9973122960550553e-05,5.3439258522677544e-05,6.856761948062646e-05,8.8546706274347575e-05
1496,7.9000000000000004,13634.091488253362,1.9420148270939059,22.784315323539136,0,0.0076089592476591764,8.266026164183729e-05,4.4980485681390545e-05,6.0781071695609573e-05,8.1256983769634951e-05,0.00010426039015671224,0.00013463956038117558
1497,7.9000000000000004,9198.0442051002756,2.8786128043895602,8.5609848100843298,0,0.0059667084513302096,6.4819598275447227e-05,3.5272293532477083e-05,4.7662620124910093e-05,6.3719191548704637e-05,8.1757745157909779e-05,0.00010558014265313471
1498,7.9000000000000004,9347.2373442574135,2.8326666852436007,21.904700755412289,0,0.0052203366292140306,5.6711355335757651e-05,3.086010443210592e-05,4.1700532833460558e-05,5.5748597797073625e-05,7.1530720036208853e-05,9.2373188753160215e-05
1499,7.9000000000000004,13640.775235137624,1.9410632729977466,6.7788793694492213,0,0.0095588611260986923,0.0001038431059969711,5.6507362179020308e-05,7.6357068624400678e-05,0.00010208021860789276,0.00013097856855620263,0.00016914282464564
1500,7.9000000000000004,9426.3997160895487,2.8088781105843905,20.303836664354925,0,0.0064575837006240651,7.0152243019551343e-05,3.8174110509484014e-05,5.1583777112327109e-05,6.8961306911204072e-05,8.8483874625010749e-05,0.00011426611738578385
1501,7.9000000000000004,9108.1837352792681,2.9070129230689052,6.3976957206077927,0,0.0061530621919269743,6.6844060288488298e-05,3.6373926684627958e-05,4.915123107672214e-05,6.5709285381805471e-05,8.4311223638920004e-05,0.00010887764825050729
1502,7.9000000000000004,9374.755815545057,2.8243517319393145,19.566253522348617,0,0.0071567347739557334,7.7747501289142723e-05,4.2307153389533429e-05,5.7168660685899631e-05,7.6427624651795409e-05,9.8063865963046753e-05,0.00012663750617753777
1503,7.9000000000000004,9347.7018063191445,2.8325259376848866,6.2134623750248927,0,0.0061561300942136561,6.6877388579185447e-05,3.639206263862462e-05,4.9175737764532208e-05,6.5742047876412384e-05,8.435326101603837e-05,0.0001089319343889563
1504,7.9000000000000004,9302.3346283219216,2.8463400729026693,19.265224888579176,0,0.0069235413356026811,7.5214194170517665e-05,4.0928626606378355e-05,5.5305889887141182e-05,7.3937324097055461e-05,9.4868574981280213e-05,0.00012251117812113653
1505,7.9000000000000004,9163.3482752061973,2.8895123298745333,6.2074723351358632,0,0.0068494015658053112,7.4408773538070251e-05,4.0490348157874621e-05,5.4713654534463185e-05,7.3145576648419477e-05,9.3852688172899602e-05,0.0001211992843801692
1506,7.9000000000000004,13218.699156229339,2.0030418660118472,19.268879661404196,0,0.0088964125888340486,9.6646567333500975e-05,5.2591286934661854e-05,7.1065368310652659e-05,9.5005851629611018e-05,0.00012190148709132253,0.00015742088253379292
1507,7.9000000000000004,13090.737454935626,2.0226215608777594,6.3249422703467948,0,0.0083199057513294594,9.0383660084904804e-05,4.918325743869938e-05,6.6460178259969242e-05,8.8849266318340566e-05,0.00011400200624908618,0.00014721966780363924
1508,7.9000000000000004,12880.60361941082,2.0556185569006722,19.342886859188443,0,0.0074864519080037346,8.1329397798391226e-05,4.4256281561236787e-05,5.980247171202752e-05,7.9948713270866566e-05,0.00010258175545598538,0.00013247180867981769
1509,7.9000000000000004,13057.410875203281,2.0277839211160336,6.3305407883784603,0,0.0071252353321314592,7.7405305724937616e-05,4.2120943929628068e-05,5.6917040225127432e-05,7.6091238353780344e-05,9.7632250549239955e-05,0.00012608012758456166
1510,7.9000000000000004,12878.978639977067,2.0558779204707176,19.353924002476663,0,0.0063393419079651485,6.8867718132498918e-05,3.7475122239403247e-05,5.0639250713499306e-05,6.7698588697811895e-05,8.6863687811782612e-05,0.00011217384399278648
1511,7.9000000000000004,13303.671238956322,1.9902482065709874,6.2682992804635305,0,0.006266005442307012,6.8071024229708727e-05,3.7041592536313506e-05,5.0053432228738583e-05,6.691541982993566e-05,8.5858808133318839e-05,0.0001108761646157865
1512,7.9000000000000004,13049.426739172473,2.0290245965105065,19.269523478379607,0,0.0061468412534194687,6.6776478850876268e-05,3.6337151506005767e-05,4.9101537643345557e-05,6.5642851237150029e-05,8.4225982352323158e-05,0.00010876756953953687
1513,7.9000000000000004,13605.897039001758,1.9460391143813522,6.1712811849425266,0,0.006277412555012251,6.8194945897587678e-05,3.710902586760147e-05,5.0144553302279658e-05,6.7037237747705843e-05,8.6015112035403181e-05,0.00011107801201565584
1514,7.9000000000000004,13254.309487040089,1.9976602968289177,19.125254908737471,0,0.0061157595170249395,6.643882104787978e-05,3.6153411318505485e-05,4.8853253852260584e-05,6.5310925665263268e-05,8.380009047174322e-05,0.00010821758219069801
1515,7.9000000000000004,9163.3336294528308,2.8895169481812157,6.117685323183089,0,0.0041856151706576193,4.5470613506708025e-05,2.4743331791334784e-05,3.3435081920860267e-05,4.4698683869636407e-05,5.7352636087894605e-05,7.406392492843114e-05
1516,7.9000000000000004,13313.19450939645,1.9888245308408103,18.965366437142556,0,0.0061537492243989508,6.6851523895801945e-05,3.637798808820006e-05,4.9156719155784892e-05,6.5716622283556097e-05,8.4320637577311211e-05,0.00010888980520219856
1517,7.9000000000000004,9149.7414046930335,2.8938094152652338,6.0072896653177601,0,0.0049153295652418407,5.3397897753722887e-05,2.9057050239386375e-05,3.9264108137315117e-05,5.2491390964951768e-05,6.7351415816636792e-05,8.6976127779413734e-05
1518,7.9000000000000004,13191.337489352642,2.0071966050079597,18.808349033128426,0,0.006099771703539209,6.6265136736688612e-05,3.6058899100452421e-05,4.8725541716329352e-05,6.5140189897251166e-05,8.3581020344342054e-05,0.00010793467987658228
1519,7.9000000000000004,13107.000184593888,2.0201119593532102,5.8578179234983088,0,0.0071873149692036542,7.8079710577953041e-05,4.2487928708432187e-05,5.7412938119820892e-05,7.6754194205929513e-05,9.8482885566627553e-05,0.0001271786188199556
1520,7.9000000000000004,12934.984500656697,2.0469763858471262,18.65085659943351,0,0.0058475952683991559,6.3525607002054359e-05,3.4568154024706243e-05,4.6711132979824926e-05,6.2447167654614807e-05,8.0125618276822856e-05,0.00010347245012075937
1521,7.9000000000000004,12778.523771999869,2.0720396421815344,5.7713254326829242,0,0.0061269958608386179,6.6560887560434965e-05,3.6219835146728486e-05,4.8943010808068411e-05,6.5430919921662922e-05,8.395405444392634e-05,0.00010841640785687973
1522,7.9000000000000004,12714.96424671432,2.0823973477538433,18.516659469501899,0,0.0054984286320886406,5.9732419974156075e-05,3.2504049805746711e-05,4.392195752697528e-05,5.8718375480006966e-05,7.5341225491089311e-05,9.729399116435421e-05
1523,7.9000000000000004,12619.526769729218,2.0981458581834751,5.7542334343562871,0,0.0052177491370432707,5.6683246001370424e-05,3.084480843028105e-05,4.1679863706182582e-05,5.5720965659421134e-05,7.1495265391957223e-05,9.2327403410247778e-05
1524,7.9000000000000004,12592.971744908415,2.1025702558927968,18.480132558520562,0,0.0052067234572355054,5.6563468046458999e-05,3.0779629945736875e-05,4.1591789553979077e-05,5.5603221109078803e-05,7.1344188005275966e-05,9.2132305416697905e-05
1525,7.9000000000000004,12517.655376841574,2.1152210239888878,5.8389915538834734,0,0.005032138728916823,5.4666859213137807e-05,2.9747569500053217e-05,4.0197190563038116e-05,5.3738809962471394e-05,6.8951972289899483e-05,8.9043050985833944e-05
1526,7.9000000000000004,12547.526288039862,2.1101854832837414,18.588890051327251,0,0.0050434831843250445,5.4790100200729667e-05,2.9814632431716262e-05,4.0287811124283322e-05,5.3859958755489937e-05,6.9107417641685342e-05,8.9243789672849083e-05
1527,7.9000000000000004,12384.1110856534,2.1380305490651095,5.9661447468620068,0,0.004850125958027876,5.2689555514413878e-05,2.867159806055324e-05,3.8743255679588576e-05,5.1795073862880718e-05,6.6457975162470539e-05,8.5822358292048461e-05
1528,7.9000000000000004,12545.354140892912,2.1105508482886326,18.766448313112836,0,0.004911859923864473,5.3360205152839944e-05,2.9036539398256259e-05,3.9236392320414045e-05,5.2454338250656586e-05,6.7303873682169515e-05,8.6914732919154392e-05
1529,7.9000000000000004,12403.712689385917,2.1346518165323367,6.0570400624391567,0,0.0047300590944524597,5.1385203889622095e-05,2.7961820854225719e-05,3.7784150445125734e-05,5.0512865499388691e-05,6.4812780644558411e-05,8.3697790502686999e-05
1530,7.9000000000000004,12638.60111210285,2.0949793089670048,18.911440193612165,0,0.0048195673359189136,5.2357580586342342e-05,2.8490950271614422e-05,3.8499150573900792e-05,5.1468734690871843e-05,6.6039251160930889e-05,8.528162738356437e-05
1531,7.9000000000000004,12722.351020835291,2.0811882788629776,6.0906429665880824,0,0.0047389579380368143,5.1481876866181774e-05,2.8014426512029728e-05,3.785523523245392e-05,5.0607897311909555e-05,6.4934715441926892e-05,8.3855254401375497e-05
1532,7.9000000000000004,12853.333253507975,2.0599798746303017,18.990554974892039,0,0.00478972726469432,5.2033411667236251e-05,2.8314550207852424e-05,3.8260785319275189e-05,5.1150069009500571e-05,6.5630372973137028e-05,8.4753611141046278e-05
1533,7.9000000000000004,13185.957353818445,2.0080155815516383,6.0895326471008593,0,0.0047753966297017312,5.1877730187098812e-05,2.8229834427269465e-05,3.814631087874035e-05,5.0997030448364946e-05,6.5434010034804785e-05,8.4500032388343818e-05
1534,7.9000000000000004,13097.124708598869,2.0216351613998964,19.019396993595333,0,0.0047449627424445348,5.1547110321545979e-05,2.8049924010424678e-05,3.7903202166609347e-05,5.0672023334722472e-05,6.5016995190048332e-05,8.396150864710289e-05
1535,7.9000000000000004,13410.977924401781,1.9743234217070658,6.0966603836707423,0,0.0047229885368223999,5.1308392577505494e-05,2.7920023138416398e-05,3.7727670175452479e-05,5.0437358170739932e-05,6.4715897605348765e-05,8.357267789004502e-05
1536,7.9000000000000004,13204.941871122033,2.0051286921638698,19.051546106204771,0,0.004650366227048933,5.0519456938409245e-05,2.7490715179391667e-05,3.7147556434088993e-05,4.9661815858775067e-05,6.3720803518941006e-05,8.2287635410053654e-05
1537,7.9000000000000004,13302.918676693551,1.9903607973287163,6.0759574152153037,0,0.0045643192875596999,4.9584682247133623e-05,2.6982047304634202e-05,3.6460205506313708e-05,4.8742910324137809e-05,6.2541760867911126e-05,8.0765045824817008e-05
1538,7.9000000000000004,13174.543175116014,2.0097552888325998,19.038736940342883,0,0.0045193739592430037,4.9096416706826081e-05,2.6716352269217041e-05,3.6101178058027631e-05,4.8262933799795897e-05,6.1925905622338366e-05,7.9969743990652336e-05
1539,7.9000000000000004,13192.985968187306,2.0069458034738457,6.0244586509169258,0,0.0043917298289333617,4.7709749113398544e-05,2.5961781928013977e-05,3.5081544914603862e-05,4.6899806900667003e-05,6.0176884975212193e-05,7.7711097435880113e-05
1540,7.9000000000000004,13107.209512203886,2.0200796973215409,18.979033459598096,0,0.004363275229469981,4.7400631327378024e-05,2.5793572102980934e-05,3.4854246936817262e-05,4.6595936837559667e-05,5.9786990964054528e-05,7.7207596938916532e-05
1541,7.9000000000000004,13031.338124797312,2.031841056580264,5.9668926675410221,0,0.0042140319061111592,4.5779319955401268e-05,2.4911317782661133e-05,3.366207743742689e-05,4.5002149578464415e-05,5.7742011274294456e-05,7.4566755426584978e-05
1542,7.9000000000000004,13063.768866746108,2.0267970211522752,18.902937289789847,0,0.0042242136627048659,4.5889929913559242e-05,2.4971507401473392e-05,3.3743410252778701e-05,4.511088177209993e-05,5.7881524955520585e-05,7.4746920306835397e-05
1543,7.9000000000000004,13090.67619376535,2.0226310262531157,5.9138277667284456,0,0.0040982062762555966,4.4521043158658426e-05,2.4226612698078252e-05,3.273685157101081e-05,4.3765233855965759e-05,5.6154931495597654e-05,7.2517235725264026e-05
1544,7.9000000000000004,13118.265868875224,2.018377130697159,18.82014240123598,0,0.0041064098936547276,4.4610163515142176e-05,2.4275108515041751e-05,3.2802382827135405e-05,4.3852841265094485e-05,5.6267340081698691e-05,7.2662397685553694e-05
1545,7.9000000000000004,13279.45271849309,1.9938779395079953,5.8632357058959022,0,0.0040102796466158488,4.3565848371205413e-05,2.3706833004588589e-05,3.2034485504096871e-05,4.2826254885910995e-05,5.4950132729692181e-05,7.0961385263305511e-05
1546,7.9000000000000004,13286.048732732956,1.9928880554916022,18.735132092588405,0,0.0040140344137209729,4.3606638447904694e-05,2.3729029371070767e-05,3.2064478931737723e-05,4.2866352491876446e-05,5.5001581747959461e-05,7.1027825386837934e-05
1547,7.9000000000000004,9004.9747909151101,2.9403311434980841,5.8246716330482702,0,0.0026670092008536446,2.8973171122130892e-05,1.5766068034605362e-05,2.1304316684283124e-05,2.8481309505488733e-05,3.654421199825533e-05,4.7192386586372396e-05
1548,7.9000000000000004,13598.068542392801,1.9471594617718906,18.641938275453956,0,0.0040829185017600897,4.4354963751660842e-05,2.4136238771840306e-05,3.2614731411415588e-05,4.3601973887864678e-05,5.5945453526055402e-05,7.224672051151586e-05
1549,7.9000000000000004,9358.6191879419221,2.8292216290046102,5.7643698175678679,0,0.0032445263350313063,3.5247053772830545e-05,1.9180069915694103e-05,2.5917577078428916e-05,3.4648683895487873e-05,4.4457536248227231e-05,5.7411478386896607e-05
1550,7.9000000000000004,9190.823171842987,2.8808744689223991,18.589901053921817,0,0.0027438042939263488,2.9807437975137346e-05,1.622004346960595e-05,2.1917763005389262e-05,2.9301413468237126e-05,3.759648289434987e-05,4.8551265932969144e-05
1551,7.9000000000000004,9513.7425871839732,2.7830906272165707,5.8600944690772376,0,0.0038726449467592445,4.2070647788465706e-05,2.2893203249892895e-05,3.0935046765170581e-05,4.1356437502432789e-05,5.3064218107325636e-05,6.8525956858614138e-05
1552,7.9000000000000004,9317.8120030261452,2.8416121526752969,18.746753808360708,0,0.0033569498167618245,3.6468371184589566e-05,1.9844663146599809e-05,2.6815626270298993e-05,3.5849267672186765e-05,4.5997998706559597e-05,5.9400797512422841e-05
1553,7.9000000000000004,9526.0401696952831,2.7794978136219428,6.2193499889038044,0,0.0037775860776957685,4.1037971606032297e-05,2.2331261207672828e-05,3.0175707708698673e-05,4.0341292496494302e-05,5.176169111857053e-05,6.6843902332566369e-05
1554,7.9000000000000004,9320.0192787289616,2.84093916893204,19.253135974780271,0,0.0036959803416259035,4.0151444122383993e-05,2.1848847578773563e-05,2.9523833525463774e-05,3.946981510313356e-05,5.0643503255455439e-05,6.5399899273618585e-05
1555,7.9000000000000004,9647.039177288023,2.7446356687841535,6.6763049153778766,0,0.0037067073513142,4.0267977461387207e-05,2.1912260470074955e-05,2.9609521873071159e-05,3.9584370119630296e-05,5.0790488168754945e-05,6.5589712337616951e-05
1556,7.9000000000000004,9427.9839376809869,2.8084061236378788,19.823824121221545,0,0.0036225391778390765,3.9353612826892728e-05,2.1414698951002384e-05,2.8937178702347276e-05,3.8685528151447598e-05,4.9637188969788425e-05,6.4100367276626714e-05
1557,7.9000000000000004,9808.2980996621664,2.6995109197440512,6.8570844936812296,0,0.0038400427431328639,4.1716472323182971e-05,2.2700474795755185e-05,3.0674617340915283e-05,4.1008274679542381e-05,5.261749229904894e-05,6.7949065036639427e-05
1558,7.9000000000000004,10214.56989644946,2.5921412347813435,10.910919371986825,0,0.0028484905551393967,3.0944701753339128e-05,1.6838897996258913e-05,2.2754006562652771e-05,3.0419370543760871e-05,3.903092748563581e-05,5.0403675931354906e-05
1559,7.9000000000000004,9977.3493934428516,2.6537717363635696,28.483016816578541,0,0.0037768690878068286,4.1030182555008984e-05,2.2327022710345735e-05,3.0169980327012658e-05,4.0333635675913154e-05,5.175186669408274e-05,6.6831215288214757e-05
1560,7.9000000000000004,10609.134824322533,2.4957367648340374,2.4002539845420401,0,0.0038464228750327185,4.1785783165176719e-05,2.2738191048691493e-05,3.0725582425864558e-05,4.1076408869430979e-05,5.2704914904359218e-05,6.8061960654319938e-05
1561,7.9000000000000004,10811.484337282252,2.449026146468865,10.600403719571935,0,0.0028871227048219142,3.136438380138347e-05,1.7067272574052902e-05,2.3062603754881258e-05,3.083192788012775e-05,3.9560277540931596e-05,5.1087266877309057e-05
1562,7.9000000000000004,10547.338624738342,2.5103591309793281,28.200149735029893,0,0.0032192919809432381,3.4972919263314778e-05,1.903089662329059e-05,2.5716002719164062e-05,3.4379203217009779e-05,4.4111767067851611e-05,5.6964959719844257e-05
1563,7.9000000000000004,11648.092731850096,2.273128179323598,2.3941728228601993,0,0.0034277702685545012,3.7237732260688991e-05,2.0263319393022747e-05,2.7381346603109343e-05,3.6605567727762181e-05,4.6968403159343422e-05,6.0653956345977599e-05
1564,7.9000000000000004,11647.577198134008,2.2732287903088269,10.233516828329453,0,0.0027879639399615705,3.028716822161032e-05,1.6481093931506325e-05,2.2270514350791104e-05,2.9772999597741069e-05,3.8201572470329783e-05,4.9332665219684955e-05
1565,7.9000000000000004,11379.743780040999,2.3267314568700641,27.83934400546925,0,0.002723134628783863,2.9582892163664816e-05,1.609785440974645e-05,2.1752651804493271e-05,2.9080679647705302e-05,3.7313260540014463e-05,4.8185518852793026e-05
1566,7.9000000000000004,12871.355879982313,2.0570954661677203,2.4634477111535391,0,0.0029354380877551012,3.188926007744073e-05,1.7352889741852256e-05,2.3448551511792469e-05,3.1347893619861929e-05,4.0222310351362897e-05,5.19422013967407e-05
1567,7.9000000000000004,12532.00557279341,2.1127989187640401,9.9636478990583743,0,0.0026446023629192674,2.8729753458040807e-05,1.5633609649684645e-05,2.1125328786118172e-05,2.8242024209418492e-05,3.6237186347416798e-05,4.6795900455901285e-05
1568,7.9000000000000004,12336.339326074096,2.1463099485420081,27.500200187904834,0,0.0026017273342557406,2.8263978708580989e-05,1.5380153224158081e-05,2.0782839083344322e-05,2.7784156662118035e-05,3.5649699009011783e-05,4.603723230922098e-05
1569,7.9000000000000004,10225.057872235977,2.5894824415651763,2.5031729698621423,0,0.0021139723083742675,2.296523064801185e-05,1.2496781498328778e-05,1.6886606729738788e-05,2.2575362537770268e-05,2.8966323839806578e-05,3.7406469530646033e-05
1570,7.9000000000000004,9780.1532150531257,2.7072794507339446,9.8065238813186699,0,0.0020251799803441034,2.200063130822446e-05,1.1971884214799914e-05,1.6177325383846207e-05,2.1627138671301962e-05,2.7749662998023823e-05,3.5835300646428358e-05
1571,7.9000000000000004,9673.4050541036904,2.737154877321136,27.30335091145653,0,0.0020023197800149088,2.1752288521925878e-05,1.1836745770748267e-05,1.599471598485222e-05,2.1383011864118518e-05,2.7436425230833041e-05,3.5430792326385076e-05
1572,7.9000000000000004,11516.544665772921,2.2990930520014468,2.6522900990501133,0,0.002479038103655332,2.6931138884897425e-05,1.4654873852740728e-05,1.9802786138035574e-05,2.6473943728243619e-05,3.3968571980455198e-05,4.3866262070863406e-05
1573,7.9000000000000004,10613.663315792302,2.4946719182948107,9.6894449397844014,0,0.002286966788484827,2.484456375035849e-05,1.3519441166004944e-05,1.826850267060342e-05,2.4422791234001578e-05,3.133674946625914e-05,4.0467584722926928e-05
1574,7.9000000000000004,10476.965910234176,2.5272209579568097,27.037154840734285,0,0.0022587035377540704,2.4537524689665409e-05,1.3352362502100225e-05,1.8042733204227897e-05,2.412096460684324e-05,3.0949477376558806e-05,3.9967470117305577e-05
1575,7.9000000000000004,12571.059714630519,2.1062351484439716,2.7977196187873923,0,0.0027781851713494445,3.0180936141019012e-05,1.642328658266625e-05,2.2192400640786511e-05,2.9668570960848714e-05,3.8067580659154534e-05,4.9159631160209486e-05
1576,7.9000000000000004,11403.802106474543,2.3218228075976612,9.7249719410621207,0,0.0025212241227292624,2.7389428548539847e-05,1.49042571869324e-05,2.013977196834788e-05,2.6924453259918458e-05,3.4546618289371833e-05,4.4612738281009128e-05
1577,7.9000000000000004,11089.776927230585,2.3875690194568246,26.927252322274729,0,0.0024554560867109118,2.6674954612223382e-05,1.451546837809147e-05,1.9614410801018645e-05,2.6222108555293058e-05,3.3645443651431246e-05,4.3448981298164439e-05
1578,7.9000000000000004,13767.041350093463,1.9232605721753782,2.9297042595580023,0,0.0030869766157932284,3.3535505505855142e-05,1.8248712201762912e-05,2.4659055318888839e-05,3.2966191643610265e-05,4.2298739668800704e-05,5.4623656262219279e-05
1579,7.9000000000000004,12038.553882067232,2.1994010313468126,9.8848352514023166,0,0.0027044981016806713,2.9380433436222043e-05,1.598768427829597e-05,2.1603781498693598e-05,2.888165795090593e-05,3.7057896892542881e-05,4.7855747890098289e-05
1580,7.9000000000000004,11641.634030313118,2.2743892957980822,26.955130991844314,0,0.0026148544807368546,2.8406586038627269e-05,1.5457754562936827e-05,2.0887699946105919e-05,2.7924343025829427e-05,3.5829571363327038e-05,4.6269515486689725e-05
1581,7.9000000000000004,9536.6158992175388,2.7764154605739426,2.9899161028305548,0,0.0020831550769366655,2.2630446306185746e-05,1.2314604936160227e-05,1.6640435828765001e-05,2.2246261645881448e-05,2.854405629063781e-05,3.6861162563178683e-05
1582,7.9000000000000004,12411.15151439826,2.1333723783345966,10.251053607222433,0,0.002355549349692938,2.5589613404195681e-05,1.3924868086035244e-05,1.881634652600863e-05,2.5155192588980827e-05,3.2276489627399315e-05,4.1681144368908195e-05
1583,7.9000000000000004,12119.067032581836,2.1847892872412045,27.174621249909034,0,0.0022904623894215337,2.4882538364049911e-05,1.3540105467490035e-05,1.8296425854870514e-05,2.4460121173528652e-05,3.1384647306900792e-05,4.0529438934267464e-05
1584,7.9000000000000004,10242.366054154427,2.5851065744133614,3.1584962713771407,0,0.002199354794016335,2.3892787015852164e-05,1.3001521443419964e-05,1.7568649938598975e-05,2.3487172290485522e-05,3.0136261931974765e-05,3.89173016900687e-05
1585,7.9000000000000004,12268.640150964586,2.1581534300735945,10.98133922274309,0,0.0017614496344561363,1.9135585158752944e-05,1.0412838008761772e-05,1.4070622937430049e-05,1.8810730837080549e-05,2.413594555474757e-05,3.1168625918152585e-05
1586,7.9000000000000004,11953.348485761453,2.2150787167028843,27.71968164159723,0,0.0017254594370973153,1.8744604075349623e-05,1.0200081374867735e-05,1.3783129905228752e-05,1.8426387224838002e-05,2.3642796374115261e-05,3.0531783980549339e-05
1587,7.9000000000000004,9795.6996864151788,2.7029828059002652,3.3587225334811945,0,0.0016182833832348979,1.7580292325785117e-05,9.5665083986910671e-06,1.2926997653519273e-05,1.7281841356509012e-05,2.2174235848628142e-05,2.8635317419782261e-05
1588,7.9000000000000004,11852.219487811619,2.2339788637369931,12.040553644408041,0,0.0011773684142381677,1.2790393272207637e-05,6.9600324268596393e-06,9.4049280156115307e-06,1.257325778897599e-05,1.6132678101072063e-05,2.0833383454968036e-05
1589,7.9000000000000004,11165.655955672561,2.3713436925925753,28.546712285613257,0,0.0011228741541432765,1.2198392493808436e-05,6.6378887267642156e-06,8.9696228152523946e-06,1.1991307082717303e-05,1.5385980342039829e-05,1.9869114494698501e-05
1590,7.9000000000000004,11817.467998290342,2.2405482991765595,3.7418277922116361,0,0.0011639107631530303,1.2644195490937587e-05,6.8804773047676933e-06,9.2974270514406588e-06,1.2429541927159695e-05,1.594827706709873e-05,2.0595252040816547e-05
1591,7.9000000000000004,10638.261231794166,2.4889037077798228,13.143908188146058,0,0.0007172316998165653,7.7916779463493567e-06,4.2399267960021388e-06,5.7293132937104228e-06,7.659402908353288e-06,9.8277378576632551e-06,1.2691323164130993e-05
1592,7.9000000000000004,12357.773220619498,2.142587289105109,29.639152273327703,0,0.00076899783815159966,8.3540416546683197e-06,4.5459431601818036e-06,6.1428260045998304e-06,8.2122196767964377e-06,1.0537054020892466e-05,1.3607318358901465e-05
1593,7.9000000000000004,11944.080362226063,2.2167975282450385,4.0074440123016135,0,0.0008344775468816369,9.0653833348752819e-06,4.9330275175936479e-06,6.6658839868268229e-06,8.9114852999043443e-06,1.1434277906227611e-05,1.4765973427268647e-05
1594,7.9000000000000004,11322.792074133124,2.338434517810394,14.13474731896134,0,0.00052318684918722523,5.6836632230208044e-06,3.0928275224759003e-06,4.1792650421188328e-06,5.5871747934477899e-06,7.168873330199808e-06,9.2577243587486839e-06
1595,7.9000000000000004,10768.899093569897,2.4587107367319105,30.127303306659726,0,0.00062071586815954673,6.743173987045981e-06,3.6693718958413068e-06,4.9583358850048434e-06,6.6286988250215392e-06,8.5052471020509121e-06,1.098348787139733e-05
1596,7.9000000000000004,11296.728667780315,2.343829669881361,9.1688276332471297,0,0.00045647496243459882,4.9589357229636608e-06,2.6984591247507834e-06,3.6463643076447722e-06,4.8747505942029919e-06,6.2547657480020198e-06,8.0772660579192185e-06
1597,7.9000000000000004,10920.140868953098,2.4246580828843491,22.256535737916071,0,0.00040723854687023451,4.4240537686269167e-06,2.4073972576528347e-06,3.2530592567111492e-06,4.3489490370952496e-06,5.5801126542510069e-06,7.2060339839177342e-06
1598,7.9000000000000004,12826.160885826912,2.0643439654184421,9.4446673552521236,1,0.0019534997843161936,2.1221930363015952e-05,1.1548145576422457e-05,1.5604737334400674e-05,2.08616573044467e-05,2.6767478055098992e-05,3.456692874862863e-05
1599,7.9000000000000004,12829.255312093728,2.0638460440633097,22.663191674316,1,0.0018954312065939535,2.0591099828713065e-05,1.1204872239851824e-05,1.5140880153553849e-05,2.0241536033728443e-05,2.5971803854185293e-05,3.3539412695248823e-05
1600,8,13116.677687219097,2.8513786825639569,7.5114400672833552,1,0.041326599471970871,0.00036406552713496031,0.00020572474895945843,0.00028147729682836655,0.00034531216150082277,0.00045893956597987251,0.00059883340617296972
1601,8,12155.895950680362,3.0767468967440066,20.654385969007667,1,0.038675391133972579,0.00034070978111543624,0.00019252697375552849,0.00026341979957856935,0.0003231594924334316,0.00042949740476870405,0.00056041669297123432
1602,8,16047.13343071165,2.3306726590694411,6.8433749011063982,0,0.01394752404748025,0.00012287032466867692,6.9431090869694642e-05,9.4997203169258285e-05,0.00011654115600986373,0.00015488984611922518,0.0002021033290846198
1603,8,13957.312522704118,2.6796430245837017,19.975394618109902,0,0.01194512702301863,0.00010523026384686816,5.94631130917522e-05,8.1358788472087415e-05,9.9809751695588498e-05,0.00013265285509969822,0.00017308806419493914
1604,8,11804.194170512314,3.1684174796809206,6.6507862844074221,0,0.0097877843443757787,8.6225213599664725e-05,4.8723812335000137e-05,6.6665032071232063e-05,8.1783669874716853e-05,0.00010869516380023092,0.0001418275956095618
1605,8,14436.333122945667,2.5907281873367731,19.750430756454662,0,0.013288204361005824,0.00011706206625221637,6.6148982525020047e-05,9.0506547623780446e-05,0.0001110320865735811,0.00014756797849356233,0.00019254961165678843
1606,8,16416.082563979722,2.2782911207734493,6.5423928879722482,0,0.019769636686416452,0.00017416006382011689,9.8413699561493675e-05,0.00013465186985794908,0.00016518891134274257,0.00021954548877406183,0.00028646728806608671
1607,8,14087.703270311744,2.6548412062466169,19.691382242494004,0,0.015288010313935535,0.00013467930110152407,7.610406189014244e-05,0.00010412731441814757,0.0001277418407031637,0.0001697761951822837,0.00022152733123156497
1608,8,14949.254677514025,2.5018381150235611,6.6097680844734983,0,0.017373820353021725,0.00015305418655268098,8.6487271545685406e-05,0.00011833385884718164,0.00014517021812302544,0.00019293950322808417,0.00025175127286467485
1609,8,13234.335074309754,2.8260290323161166,19.780648255517004,0,0.013866846180746321,0.00012215959524849965,6.9029474620293838e-05,9.4447702650650472e-05,0.00011586703694603746,0.00015399390341849163,0.00020093428536081148
1610,8,14313.08858200706,2.6130359585991139,6.7363482025637493,0,0.014095092683552076,0.00012417032645848093,7.0165690885134004e-05,9.6002299676323151e-05,0.00011777419345651481,0.00015652862324234607,0.00020424163782795413
1611,8,12885.109701436517,2.9026229508336412,19.953703492320532,0,0.012684379728316399,0.00011174268996658109,6.3143129816044553e-05,8.6393871344110374e-05,0.00010598671647912551,0.00014086239375164829,0.00018380003230246013
1612,8,13975.08880528123,2.6762345244822372,6.8658760141854431,0,0.013320652722945789,0.00011734791919306507,6.6310511206294019e-05,9.0727554852104773e-05,0.00011130321495437734,0.00014792832358209509,0.00019301979704231529
1613,8,12882.872777633154,2.9031269491640588,20.146363900151531,0,0.012272331587401646,0.00010811276334440996,6.109194483029724e-05,8.3587393231956435e-05,0.00010254377087025267,0.0001362865225846415,0.00017782934526592873
1614,8,13794.532332608398,2.7112637269325091,6.9018612913665223,0,0.012601618486573879,0.000111013607112286,6.2731142478625204e-05,8.5830180866173909e-05,0.00010529518938423388,0.00013994331478433503,0.00018260079992125754
1615,8,13056.946386291822,2.8644228165526404,20.221933191449253,0,0.011918344745719194,0.00010499432612086418,5.9329790308257131e-05,8.1176373196853707e-05,9.9585967348888129e-05,0.0001323554329339066,0.00017269998188124266
1616,8,13636.623193607276,2.7426595728575904,6.8397410933827762,0,0.01205458533103756,0.00010619453376303293,6.0007999030262437e-05,8.2104313849210969e-05,0.00010072435114047811,0.00013386840994855941,0.00017467414415947536
1617,8,13380.474980830746,2.7951634898596684,20.163380397387211,0,0.011817585123201593,0.0001041066870323718,5.8828206623353606e-05,8.0490094951411883e-05,9.8744051403997543e-05,0.00013123647860382952,0.00017123994818072391
1618,8,13704.780261151083,2.7290196873435688,6.7203251291632755,0,0.011658039173135012,0.00010270117142848976,5.8033983267347573e-05,7.9403420428986844e-05,9.7410935261365008e-05,0.00012946469118330718,0.00016892808497542263
1619,8,13642.365263159916,2.7415051878427654,20.014330764850904,0,0.011603413344685202,0.00010221994671404763,5.7762054655070597e-05,7.9031361495381842e-05,9.6954498895034639e-05,0.00012885806120841535,0.00016813654220796588
1620,8,14111.445718280887,2.6503744471020179,6.5933417817335638,0,0.011627267412921121,0.00010243008846385487,5.7880800747471078e-05,7.919383260917285e-05,9.7153816041095005e-05,0.00012912296506846973,0.00016848219399435315
1621,8,14069.048100861597,2.6583614524076014,19.833661354574172,0,0.011596699820674222,0.00010216080411123928,5.7728634580362318e-05,7.8985635386412135e-05,9.6898402784608421e-05,0.00012878350627684192,0.0001680392614613696
1622,8,14686.835677608036,2.5465400420065212,6.5221262947641963,0,0.011690144465388885,0.00010298400210649307,5.8193804139947505e-05,7.962209099450565e-05,9.7679197058983251e-05,0.00012982122641923052,0.00016939329919004982
1623,8,14408.83877986372,2.5956717064296684,19.71774528545777,0,0.01147218575157216,0.00010106390088710379,5.7108800721897488e-05,7.8137564554653529e-05,9.585800210107149e-05,0.00012740075440366045,0.00016623501951866111
1624,8,15109.231341680115,2.4753486327412322,6.5436722257384901,0,0.011416507883684127,0.00010057340826052909,5.6831635033449496e-05,7.7758340133904382e-05,9.5392775221680792e-05,0.00012678244133532902,0.00016542823242023428
1625,8,14701.957317570859,2.543920808333457,19.731672664955209,0,0.011112068350836132,9.789145667430677e-05,5.5316128137921664e-05,7.5684789010689794e-05,9.2848973542441679e-05,0.00012340158375552412,0.0001610168227044961
1626,8,15065.462077662107,2.4825401936296103,6.6281812052636999,0,0.010786340529904952,9.5021966507077764e-05,5.3694647661754561e-05,7.3466242415785787e-05,9.0127293574967341e-05,0.00011978431578100533,0.00015629694003847097
1627,8,14742.279108916191,2.536962898821987,19.841715070451656,0,0.010548879425561056,9.293005952146563e-05,5.2512560901581693e-05,7.1848884331486316e-05,8.8143142731175389e-05,0.00011714726609491627,0.00015285606554686672
1628,8,14897.214385470155,2.5105777614288178,6.6836785598420247,0,0.010083319190618306,8.8828719597224714e-05,5.0194991498755237e-05,6.8677932980133451e-05,8.4253066773051926e-05,0.00011197713318071346,0.0001461099740505523
1629,8,14708.793273731173,2.5427385134437643,19.920466271140338,0,0.0099518944395087638,8.7670936912401386e-05,4.9540756108606393e-05,6.7782793187570918e-05,8.3154922588430006e-05,0.00011051763689977375,0.00014420559448949648
1630,8,14658.83277348222,2.551404721053673,6.6636667182853975,0,0.0095137220454033708,8.3810869409287278e-05,4.735952399829364e-05,6.4798381631491882e-05,7.9493690876850527e-05,0.00010565165104697017,0.00013785636008343166
1631,8,14607.645132009842,2.5603452716305792,19.900248606215264,0,0.0094813144324822005,8.3525375445784824e-05,4.7198198166558932e-05,6.4577651946536851e-05,7.9222902982131987e-05,0.00010529175848386264,0.0001373867651620135
1632,8,14606.647745154331,2.560520099884402,6.6181986881660535,0,0.0090602438985850301,7.9815966303901662e-05,4.5102099504026285e-05,6.1709721916730295e-05,7.5704569074621565e-05,0.00010061569196634657,0.00013128534125405973
1633,8,14513.865745441299,2.5768885973846154,19.848909903193256,0,0.0090032456638545165,7.9313841942399308e-05,4.4818360999506448e-05,6.1321504419018807e-05,7.5228309622162292e-05,9.9982715978893678e-05,0.00013045942168928476
1634,8,14439.473854741975,2.5901646777189429,6.5925558908942294,0,0.0084012702477426187,7.4010756278704529e-05,4.1821713732571768e-05,5.7221423235246844e-05,7.0198391004034971e-05,9.3297667130673686e-05,0.00012173663797447245
1635,8,14422.081741827911,2.5932882515099753,19.824381320008964,0,0.0083870064263368727,7.3885099541266846e-05,4.1750708106282823e-05,5.712427171678099e-05,7.0079206966059136e-05,9.313926474362011e-05,0.00012152995141263134
1636,8,13908.43067992288,2.689060757759496,6.5975782331657689,0,0.0075619501662824388,6.6616789395486736e-05,3.7643559341423817e-05,5.1504777038324479e-05,6.318529447000651e-05,8.3976861673046321e-05,0.00010957466700003832
1637,8,14175.820751914003,2.6383386047223438,19.828320005423922,0,0.0076950174072040866,6.7789041548567752e-05,3.8305971083089151e-05,5.2411103901642576e-05,6.4297162786652537e-05,8.545459810853843e-05,0.00011150284667485514
1638,8,13280.61069546894,2.8161818760457398,6.7152687356964869,0,0.0067211074908435061,5.9209409263016179e-05,3.3457825442935597e-05,4.5777760386470374e-05,5.6159475616101532e-05,7.4639147526373633e-05,9.7390633234322929e-05
1639,8,13863.14979159014,2.6978439752621974,19.944603526423865,0,0.0070094423642766881,6.1749487300625817e-05,3.4893162978837382e-05,4.7741621962121348e-05,5.8568711789738491e-05,7.7841159870990458e-05,0.00010156868215638708
1640,8,12822.487793131711,2.9167986545818554,7.2709701930760007,0,0.0061490430558376226,5.4169823554377474e-05,3.0610075717966341e-05,4.1881404217937457e-05,5.1379483816785751e-05,6.8286265681057832e-05,8.9101267582611558e-05
1641,8,13611.977575912581,2.747625386158588,20.505727901660169,0,0.0065273048270734898,5.7502110093786334e-05,3.2493071389585475e-05,4.4457761871878836e-05,5.4540121069971244e-05,7.2486932934977627e-05,9.4582381145991623e-05
1642,8,12672.25309571439,2.9513784850183664,8.4347275423817525,0,0.0063502347288887069,5.5942215995090778e-05,3.1611612427011074e-05,4.3251729601549163e-05,5.306057861734771e-05,7.0520536593462666e-05,9.201658837856849e-05
1643,8,13332.536868531382,2.8052137048032506,21.707325155387341,0,0.0066715010992138115,5.8772403137453466e-05,3.3210883700929336e-05,4.5439889059050707e-05,5.5744980096586938e-05,7.4088259330024441e-05,9.6671823439974677e-05
1644,8,12654.289175572751,2.955568236546644,9.8717154628154855,0,0.0066959845135860212,5.8988089094521567e-05,3.3332762692662239e-05,4.5606646677211194e-05,5.5949555862457099e-05,7.4360152195860352e-05,9.7026594619084117e-05
1645,8,13067.546777040616,2.8620991974645831,23.206034715412816,0,0.0069014175447136318,6.0797845661091535e-05,3.4355412978354685e-05,4.700586013827218e-05,5.7666090126798257e-05,7.6641524177786436e-05,0.00010000337382043169
1646,8,12838.575898945252,2.9131435945688864,10.827810692007676,0,0.0072214250592116539,6.3616942948103682e-05,3.5948417639430087e-05,4.9185445473057819e-05,6.0339972999807548e-05,8.0195267086482041e-05,0.00010464036772644536
1647,8,12857.525988884136,2.9088500521588072,24.211837199180938,0,0.0072342738978712221,6.3730134434445077e-05,3.6012379449533846e-05,4.9272959481456504e-05,6.0447333883766079e-05,8.0337955827223143e-05,0.0001048265508123558
1648,8,13288.157529977872,2.814582462544085,10.651846250018297,0,0.0073348454734686493,6.4616116928831153e-05,3.6513027032606115e-05,4.9957956931007934e-05,6.1287678567306889e-05,8.145482186131095e-05,0.00010628385966304013
1649,8,13112.152280206985,2.8523627810405845,24.049628182668268,0,0.0072384786008854911,6.3767175648551599e-05,3.6033310556450739e-05,4.9301597899655541e-05,6.0482467069290113e-05,8.0384649835467197e-05,0.00010488747807615566
1650,8,13619.368296447326,2.7461343528800053,9.4189589274298573,0,0.0073902440585561432,6.5104149221352308e-05,3.6788802444942268e-05,5.0335279144250282e-05,6.1750571846818647e-05,8.2070033442249206e-05,0.00010708659987948613
1651,8,13634.091488253362,2.7431688554841998,22.784315323539136,0,0.007394875286577958,6.5144947895634419e-05,3.6811856803015158e-05,5.0366822643140388e-05,6.1789268942128917e-05,8.2121464089954138e-05,0.00010715370760396629
1652,8,13645.984419985323,2.7407780920974454,7.8812345424132628,0,0.0072834432695464612,6.4163290644889682e-05,3.6257145696300492e-05,4.9607854246637519e-05,6.0858177800994975e-05,8.088399083577598e-05,0.0001055390280714547
1653,8,14023.084689017538,2.6670747537230439,21.187976084842575,0,0.0074826921973373869,6.5918568525337554e-05,3.7249011375402168e-05,5.096494750635704e-05,6.252303962875969e-05,8.309668720108768e-05,0.00010842619797243523
1654,8,13640.775235137624,2.7418247495976353,6.7788793694492213,0,0.0071821192876863511,6.3270679848486435e-05,3.5752752617797103e-05,4.8917732124752952e-05,6.0011546245652144e-05,7.9758769190337419e-05,0.00010407081665412164
1655,8,14125.308186874481,2.6477733900455527,19.995217876567978,0,0.0074385996444673308,6.5530136408771788e-05,3.7029517647728638e-05,5.0664631178599595e-05,6.2154616024297032e-05,8.2607031208683739e-05,0.00010778728516665392
1656,8,13795.64202120419,2.7110456393340239,6.3162195857069712,0,0.0071093167864792143,6.2629328241594685e-05,3.5390340116506815e-05,4.8421871069065866e-05,5.9403231277188475e-05,7.8950283887090696e-05,0.00010301588906915666
1657,8,13978.181973082046,2.6756423128144746,19.428325506953836,0,0.0072074214026821137,6.3493578125897547e-05,3.587870711979229e-05,4.9090065949070579e-05,6.0222962818304224e-05,8.0039753878719634e-05,0.00010443745102278218
1658,8,13823.591795600418,2.705564204760603,6.2295340348053942,0,0.0069559541229496724,6.1278284128261031e-05,3.4626897301044404e-05,4.7377311184723772e-05,5.8121780746209574e-05,7.7247163012470887e-05,0.00010079362332857854
1659,8,13661.207495681034,2.7377239643877003,19.263273643029937,0,0.0068767065401921469,6.0580154754941601e-05,3.4232401037699699e-05,4.683755239353895e-05,5.7459612688702771e-05,7.6367103881054579e-05,9.9645304799592154e-05
1660,8,13459.579695737912,2.7787357398122956,6.2614329363213228,0,0.0066388276505623591,5.8484567301488403e-05,3.3048234532903338e-05,4.5217348755179132e-05,5.5471970961509868e-05,7.3725414611737524e-05,9.6198376488196389e-05
1661,8,13218.699156229339,2.8293718391929454,19.268879661404196,0,0.006520013705306014,5.7437879159627774e-05,3.245677602015243e-05,4.4408101719043188e-05,5.4479198733039063e-05,7.2405963672995605e-05,9.4476730854445114e-05
1662,8,13090.737454935626,2.8570288933033039,6.3249422703467948,0,0.0063580797085490866,5.6011326124932367e-05,3.1650664913589808e-05,4.3305162104989831e-05,5.3126128817898154e-05,7.0607656550257015e-05,9.213026421813446e-05
1663,8,12880.60361941082,2.9036383890454358,19.342886859188443,0,0.0062558407504055506,5.5110654870441646e-05,3.1141717062406914e-05,4.2608808039170571e-05,5.2271852006420326e-05,6.9472273923180405e-05,9.0648794551359823e-05
1664,8,13057.410875203281,2.8643209209587335,6.3305407883784603,0,0.0062458631495926177,5.502275747394847e-05,3.1092048339388698e-05,4.2540850158736645e-05,5.2188482289402041e-05,6.9361470812227287e-05,9.0504216464689638e-05
1665,8,12878.978639977067,2.9040047498258326,19.353924002476663,0,0.0061609796139729901,5.4274978330847218e-05,3.0669496174941127e-05,4.1962704643336765e-05,5.1479221969531649e-05,6.8418823377067991e-05,8.9274231481347815e-05
1666,8,13303.671238956322,2.8113003148996141,6.2682992804635305,0,0.0062250333382720775,5.4839257831214069e-05,3.0988357066466579e-05,4.2398977392555457e-05,5.2014434889842142e-05,6.9130151887151562e-05,9.0202386964503465e-05
1667,8,13049.426739172473,2.8660734215341166,19.269523478379607,0,0.0061066483391872392,5.3796348478705512e-05,3.0399033857480748e-05,4.1592651927765411e-05,5.1025246801647648e-05,6.7815464475346179e-05,8.8486956874741544e-05
1668,8,13605.897039001758,2.7488533123680661,6.1712811849425266,0,0.0062363658622440624,5.4939091385543369e-05,3.1044770627683855e-05,4.2476163714552275e-05,5.2109125921720539e-05,6.9256001671542532e-05,9.0366598247729969e-05
1669,8,13254.309487040089,2.8217701706730729,19.125254908737471,0,0.0060757698397909633,5.3524325198216003e-05,3.024531998753478e-05,4.1382337102659248e-05,5.0767235702097546e-05,6.7472553002055274e-05,8.80395192145604e-05
1670,8,13692.233188977789,2.7315204632584145,6.0657363151943242,0,0.0061509123763163771,5.4186291281075953e-05,3.0619381237683179e-05,4.1894136242396002e-05,5.1395103275035494e-05,6.8307024832310506e-05,8.9128354532997609e-05
1671,8,13313.19450939645,2.8092893194793702,18.965366437142556,0,0.0059806087242884947,5.26860060013594e-05,2.9771605797459085e-05,4.073419053611259e-05,4.9972099133765231e-05,6.6415771132632799e-05,8.6660609368125729e-05
1672,8,13500.242003615804,2.7703662744254323,5.9616159902977373,0,0.0059388862445802094,5.2318452978307583e-05,2.9563910347709472e-05,4.0450016881485387e-05,4.9623479120618162e-05,6.5952435243070637e-05,8.6056039552149442e-05
1673,8,13191.337489352642,2.8352405640130627,18.808349033128426,0,0.0058020190537849273,5.1112725272640408e-05,2.8882582369436236e-05,3.9517808391510858e-05,4.8479859609312396e-05,6.4432499658167904e-05,8.4072797594077065e-05
1674,8,13107.000184593888,2.8534839869278357,5.8578179234983088,0,0.0056370936427354778,4.965981945704357e-05,2.8061579934716306e-05,3.8394494122404545e-05,4.7101794370372936e-05,6.2600972323879916e-05,8.1682984569896269e-05
1675,8,12934.984500656697,2.8914309979652502,18.65085659943351,0,0.005562152292747099,4.8999625721378739e-05,2.7688520195709743e-05,3.7884065273069764e-05,4.6475607849320599e-05,6.1768734707500685e-05,8.0597064497832789e-05
1676,8,12778.523771999869,2.9268337885281057,5.7713254326829242,0,0.0053708229807296389,4.7314115475532133e-05,2.6736078543449583e-05,3.6580912866658199e-05,4.4876919858163125e-05,5.9643987146887193e-05,7.782465193352647e-05
1677,8,12714.96424671432,2.9414644365251399,18.516659469501899,0,0.0053437260843463806,4.7075406121471114e-05,2.6601189579023485e-05,3.6396354706929358e-05,4.4650506652634012e-05,5.9343071077710765e-05,7.7432010705716085e-05
1678,8,12619.526769729218,2.9637097987788779,5.7542334343562871,0,0.0051836313625792212,4.5665056128575702e-05,2.5804234425052465e-05,3.5305942476180176e-05,4.331280514501819e-05,5.7565189445486922e-05,7.5112195652673447e-05
1679,8,12592.971744908415,2.9699594266556377,18.480132558520562,0,0.005172677777394467,4.5568560824939367e-05,2.5749707229707781e-05,3.5231337123023191e-05,4.3221280407327246e-05,5.7443547846738297e-05,7.4953475293151962e-05
1680,8,12517.655376841574,2.9878291115596824,5.8389915538834734,0,0.0049992346222386937,4.4040618179850352e-05,2.4886303271747042e-05,3.4050008122079338e-05,4.1772043558188875e-05,5.5517429381478219e-05,7.244023789384059e-05
1681,8,12547.526288039862,2.9807162212561868,18.588890051327251,0,0.0050105048986166731,4.4139903365733806e-05,2.4942406963030328e-05,3.4126770472960244e-05,4.1866214468607752e-05,5.5642587894771608e-05,7.2603547192891756e-05
1682,8,12384.1110856534,3.0200484221048591,5.9661447468620068,0,0.0048184119949353553,4.2447666280389878e-05,2.3986164134158451e-05,3.2818417209953424e-05,4.0261146143928535e-05,5.3509360506848968e-05,6.9820069982501923e-05
1683,8,12545.354140892912,2.9812323130430869,18.766448313112836,0,0.0048797422952319138,4.2987953852851671e-05,2.4291467759264965e-05,3.3236140597837197e-05,4.0773602983627213e-05,5.4190444887348459e-05,7.0708762328290217e-05
1684,8,12403.712689385917,3.0152758355490796,6.0570400624391567,0,0.0046991302235643512,4.1396856837400749e-05,2.3392376772404124e-05,3.2005983789459167e-05,3.9264464906516186e-05,5.2184714272177578e-05,6.8091645424055248e-05
1685,8,12638.60111210285,2.9592369291237177,18.911440193612165,0,0.0047880531892893277,4.2180221227520108e-05,2.3835037311481593e-05,3.2611642041965617e-05,4.0007477443087973e-05,5.3172220329218214e-05,6.9380162822836285e-05
1686,8,12722.351020835291,2.9397565813227571,6.0906429665880824,0,0.0047079708794646232,4.1474738349348868e-05,2.3436385757874944e-05,3.2066197887807277e-05,3.9338334666840371e-05,5.2282891398621283e-05,6.8219748876872696e-05
1687,8,12853.333253507975,2.909798914082566,18.990554974892039,0,0.004758408236073151,4.1919064837750887e-05,2.3687464062382084e-05,3.2409728954450344e-05,3.9759773470260215e-05,5.2843007615460985e-05,6.8950599574538505e-05
1688,8,13185.957353818445,2.836397399129174,6.0895326471008593,0,0.0047441713061169202,4.17936449997888e-05,2.36165923023384e-05,3.2312760594836515e-05,3.9640814128840013e-05,5.2684903862950935e-05,6.874430267694551e-05
1689,8,13097.124708598869,2.8556355670068259,19.019396993595333,0,0.0047139364197074521,4.1527291609982449e-05,2.3466082352430128e-05,3.2106829446249708e-05,3.9388180858447992e-05,5.2349139831467453e-05,6.8306191139941012e-05
1690,8,13410.977924401781,2.7888059583892844,6.0966603836707423,0,0.0046921058988374509,4.1334976244341051e-05,2.3357409524686793e-05,3.1958140803066988e-05,3.920577184235119e-05,5.2106707840904379e-05,6.7989861092510436e-05
1691,8,13204.941871122033,2.8323195594817778,19.051546106204771,0,0.004619958451216385,4.0699395313773074e-05,2.2998257894996668e-05,3.1466741346326849e-05,3.860293029712086e-05,5.1305497029445647e-05,6.6944425408045001e-05
1692,8,13302.918676693551,2.8114593535720838,6.0759574152153037,0,0.0045344741547361806,3.9946323784601297e-05,2.2572715129367148e-05,3.0884504022134661e-05,3.7888650207079164e-05,5.0356178033303022e-05,6.5705735240220752e-05
1693,8,13174.543175116014,2.8388548009801862,19.038736940342883,0,0.0044898227145567706,3.9552968165848351e-05,2.2350439247998838e-05,3.0580381088194301e-05,3.7515556714764744e-05,4.9860315493482556e-05,6.5058724008839385e-05
1694,8,13192.985968187306,2.8348862974298776,6.0244586509169258,0,0.004363013222619957,3.8435843478175842e-05,2.1719178722630157e-05,2.9716676029984476e-05,3.6455976194736201e-05,4.8452072523211526e-05,6.3221220779397785e-05
1695,8,13107.209512203886,2.8534384155968371,18.979033459598096,0,0.0043347446818538145,3.8186812555553187e-05,2.1578457285907321e-05,2.9524137748543414e-05,3.6219773094574252e-05,4.8138145125461398e-05,6.281160211319202e-05
1696,8,13031.338124797312,2.87005177712558,5.9668926675410221,0,0.0041864772294908717,3.6880654563094047e-05,2.0840378547130071e-05,2.8514281572811967e-05,3.49808965571908e-05,4.6491607517581481e-05,6.0663167336134978e-05
1697,8,13063.768866746108,2.8629268877071383,18.902937289789847,0,0.0041965924096996326,3.6969763961443292e-05,2.0890732143499362e-05,2.8583176512595844e-05,3.506541584468327e-05,4.6603938473288719e-05,6.0809738984803383e-05
1698,8,13090.67619376535,2.857042263501369,5.9138277667284456,0,0.0040714089592961099,3.5866963841374326e-05,2.0267566089742378e-05,2.7730546495187083e-05,3.4019422019996823e-05,4.5213752996377628e-05,5.8995797529192697e-05
1699,8,13118.265868875224,2.8510334763176761,18.82014240123598,0,0.0040795589349503321,3.5938760824929771e-05,2.0308136853292082e-05,2.7786056339831409e-05,3.4087520671840835e-05,4.5304259990354521e-05,5.9113892841742062e-05
1700,8,13279.45271849309,2.8164274489500913,5.8632357058959022,0,0.0039840572635676409,3.5097441510530562e-05,1.9832727368324943e-05,2.7135590232122187e-05,3.3289538524907474e-05,4.4243696184603913e-05,5.7730048250122645e-05
1701,8,13286.048732732956,2.815029200612114,18.735132092588405,0,0.0039877874790329891,3.5130302739788971e-05,1.9851296465467667e-05,2.7160996894639525e-05,3.3320707040625225e-05,4.4285120920453264e-05,5.7784100063274819e-05
1702,8,13754.264973909614,2.719201296059357,5.8012886431268207,0,0.0040127021471576384,3.5349787814779114e-05,1.9975322248155837e-05,2.7330691801181706e-05,3.3528886228197464e-05,4.4561802939340737e-05,5.8145120223834414e-05
1703,8,13598.068542392801,2.7504358451202213,18.641938275453956,0,0.0039680424277559485,3.4956359260448066e-05,1.9753005152631345e-05,2.7026512477092218e-05,3.3155723557286755e-05,4.4065848457218504e-05,5.7497989024322545e-05
1704,8,14123.071592131391,2.6481927036492849,5.8314686366687631,0,0.0039762864622765147,3.50289848529671e-05,1.9794044143349827e-05,2.7082662960835324e-05,3.3224608135649293e-05,4.4157399992383105e-05,5.7617447274835185e-05
1705,8,13855.99316825503,2.6992374122330007,18.696264289075845,0,0.003901240714900452,3.4367871431422856e-05,1.9420464711780904e-05,2.657152305627566e-05,3.259754930262218e-05,4.3324003023615701e-05,5.6530014456887418e-05
1706,8,14275.330352689787,2.6199474351465177,6.0644075470305099,0,0.003865055450058811,3.4049098348531649e-05,1.9240333643154583e-05,2.6325063617009392e-05,3.22951965279783e-05,4.2922158934010579e-05,5.6005680355479254e-05
1707,8,13972.661285343063,2.6766994761857612,19.030262935632688,0,0.003783267591045279,3.3328590482279639e-05,1.8833191827024701e-05,2.5768002891891602e-05,3.1611802715244148e-05,4.2013889562765767e-05,5.4820552548632093e-05
1708,8,14411.491581477492,2.5951939070254424,6.4394253685421026,0,0.0037451738939966897,3.2993005119009662e-05,1.8643560539612005e-05,2.5508545036456194e-05,3.1293503676961853e-05,4.1590851978899092e-05,5.4268564757504986e-05
1709,8,14093.153934093032,2.6538144206970067,19.518879667275662,0,0.0036625434202078671,3.2265074261360885e-05,1.8232224168030402e-05,2.4945745224836084e-05,3.0603069238260753e-05,4.0673225214009478e-05,5.3071227238694435e-05
1710,8,14569.885865167982,2.5669806537614654,6.7290675634331718,0,0.0036211612550117291,3.1900519229526334e-05,1.8026222811636481e-05,2.4663889467402809e-05,3.0257292786918454e-05,4.0213668580338129e-05,5.2471588670415351e-05
1711,8,14329.272130643616,2.610084783261001,19.855441012159478,0,0.0035603090173435439,3.1364443136475526e-05,1.7723298993130692e-05,2.4249422185225013e-05,2.9748830489273702e-05,3.9537893174154942e-05,5.158982357912586e-05
1712,8,14963.056963103812,2.499530359045079,6.7626659703792056,0,0.0036305510235308445,3.1983238133797798e-05,1.8072965292171142e-05,2.4727843596084442e-05,3.03357507608325e-05,4.0317943704444024e-05,5.2607648910970374e-05
1713,8,14777.132660181622,2.5309791827326777,19.841662797455704,0,0.0035845316253110635,3.1577831526784765e-05,1.7843879684669108e-05,2.4414403439428011e-05,2.9951227038259644e-05,3.9806889736406666e-05,5.1940815604139206e-05
1714,8,15475.755916808226,2.4167229920431881,6.5993559089905096,0,0.0036743171178572486,3.236879432291487e-05,1.8290833901814242e-05,2.5025936400262216e-05,3.0701446579636792e-05,4.0803974314061853e-05,5.3241831245719298e-05
1715,8,15418.784634528243,2.425652606862756,19.57916844162143,0,0.0036602955058409156,3.2245271322347877e-05,1.8221033999356177e-05,2.4930434580660283e-05,3.0584286367692191e-05,4.0648261707282332e-05,5.3038654362282e-05
1716,8,16497.772473724825,2.2670099980445801,6.3889075162280626,0,0.0039939737343734046,3.5184800383928006e-05,1.9882091784781788e-05,2.7203131753373579e-05,3.3372397458672892e-05,4.4353820435468925e-05,5.7873740546747676e-05
1717,8,16457.534769057966,2.2725527041702653,19.22747737172277,0,0.0039835768523232406,3.5093209341052093e-05,1.9830335870260394e-05,2.7132318129888576e-05,3.3285524358551355e-05,4.4238361128470232e-05,5.7723086963553616e-05
1718,8,12871.355879982313,2.9057245788351427,2.4634477111535391,0,0.0033648967727444848,2.9642964409757791e-05,1.6750532409927747e-05,2.2918460744417082e-05,2.8116026788306368e-05,3.7367803888578212e-05,4.8758248236941544e-05
1719,8,12532.00557279341,2.9844077969925578,9.9636478990583743,0,0.0027148868543865256,2.3916720136249524e-05,1.3514768301969992e-05,1.8491214441340115e-05,2.2684746867552323e-05,3.0149322967685079e-05,3.9339431822575978e-05
1720,8,12336.339326074096,3.0317433847129087,27.500200187904834,0,0.0032308939766242752,2.8462470509209528e-05,1.6083463453276886e-05,2.2005761773263129e-05,2.6996341264535962e-05,3.5879677938771744e-05,4.6816512118735345e-05
1721,8,14455.483323111901,2.5872960666490834,2.5796998706498311,0,0.003322774936984821,2.9271893270693106e-05,1.6540848956701803e-05,2.2631567058060912e-05,2.7764069880687653e-05,3.6900033075861652e-05,4.8147891645678195e-05
1722,8,13619.58790324988,2.7460900732888094,9.7782252491042669,0,0.0029149829842246649,2.5679461419538411e-05,1.4510851372067008e-05,1.9854078031673916e-05,2.4356687651095864e-05,3.2371427669148636e-05,4.2238877906308825e-05
1723,8,13411.07965026895,2.7887848047080088,27.198525378454434,0,0.0030917267719044795,2.7236480894927939e-05,1.5390685953550895e-05,2.105788778672194e-05,2.5833503555026047e-05,3.4334200271874578e-05,4.4799942347819429e-05
1724,8,16063.606450924937,2.3282825844656654,2.7172937065840665,0,0.0032283495106449666,2.844005510702619e-05,1.6070797043954139e-05,2.1988431302939449e-05,2.6975080501288881e-05,3.5851421171287488e-05,4.677964213067078e-05
1725,8,14709.152826439406,2.5426763583672876,9.7190533401506247,0,0.0029601653366486363,2.6077494094924325e-05,1.4735770146623417e-05,2.016181703239358e-05,2.4734217280355475e-05,3.2873186088093098e-05,4.2893582197168883e-05
1726,8,14354.212416382763,2.6055497897406577,27.001759633566557,0,0.002893091340563197,2.5486607594367807e-05,1.4401874273682226e-05,1.970497307845513e-05,2.417376791203835e-05,3.2128316898629172e-05,4.1921662173390536e-05
1727,8,12571.059714630519,2.9751362249811808,2.7977196187873923,0,0.0022581975251145321,1.9893528208467363e-05,1.1241358468657528e-05,1.5380683220860043e-05,1.886879342739011e-05,2.5077703109247877e-05,3.27218821062902e-05
1728,8,15507.431789697917,2.4117865324576351,9.8320534209207402,0,0.0026979772783810056,2.3767755697347321e-05,1.3430592049309624e-05,1.8376042571276723e-05,2.254345573024283e-05,2.996153898419666e-05,3.9094407573648986e-05
1729,8,15116.489855229856,2.4741600399023418,26.966881787711401,0,0.0026323609677716109,2.3189710636396619e-05,1.3103952567710877e-05,1.7929126977587252e-05,2.1995186326620425e-05,2.9232857662794921e-05,3.8143609799702511e-05
1730,8,13767.041350093463,2.7166777662903536,2.9297042595580023,0,0.0025556595990741267,2.2514012064929064e-05,1.272213141567443e-05,1.7406710562981287e-05,2.1354293638777491e-05,2.8381074711624204e-05,3.7032186588934943e-05
1731,8,12038.553882067232,3.1067365324593701,9.8848352514023166,0,0.0020151104640667066,1.7752059513950448e-05,1.0031265568483771e-05,1.3725006496620944e-05,1.6837633846011083e-05,2.2378176128609725e-05,2.9199486007318262e-05
1732,8,15856.741628747095,2.3586570317570357,27.101978132293812,0,0.0023674386404233944,2.0855884771501445e-05,1.1785163216933739e-05,1.6124729288829159e-05,1.9781578077809955e-05,2.6290845992707471e-05,3.4304814890752867e-05
1733,8,14789.427839306443,2.5288750551929913,3.0764323573134025,0,0.0025354434901255344,2.2335918816149211e-05,1.2621495167071227e-05,1.7269017750798739e-05,2.1185374144617097e-05,2.8156571065420229e-05,3.6739249799169307e-05
1734,8,12411.15151439826,3.0134685810587474,10.251053607222433,0,0.0019501224194044245,1.7179549144364123e-05,9.7077536090112327e-06,1.3282370050084687e-05,1.6294614036474977e-05,2.1656471817287978e-05,2.8257791973865778e-05
1735,8,12119.067032581836,3.0860968953177785,27.174621249909034,0,0.0017066141498144544,1.5034369824925514e-05,8.4955639231667597e-06,1.1623824455835505e-05,1.4259934968034614e-05,1.8952267237525079e-05,2.4729292451209716e-05
1736,8,14785.253800480701,2.5295889842745116,3.2616575811458577,0,0.0021233755209839186,1.8705817517765748e-05,1.0570211475961136e-05,1.4462404587714664e-05,1.7742262857271689e-05,2.3580479702269855e-05,3.0768275446362632e-05
1737,8,12268.640150964586,3.048472747035321,10.98133922274309,0,0.0016041042254443375,1.4131311501007925e-05,7.98526719596571e-06,1.0925624827062497e-05,1.3403394047373116e-05,1.7813875480154403e-05,2.3243896411820485e-05
1738,8,15192.368883671832,2.4618027267357609,28.181476760215297,0,0.0017186596845663413,1.514048462786357e-05,8.555526868208853e-06,1.1705867125789824e-05,1.4360583695361633e-05,1.9086035139110493e-05,2.4903835450072701e-05
1739,8,13873.752425517228,2.6957822221629062,3.4938413587947807,0,0.0013865678052158521,1.2214930465223689e-05,6.9023659649704727e-06,9.4439746475174064e-06,1.1585727642829059e-05,1.5398093113347559e-05,2.0091735886722097e-05
1740,8,14850.293552321948,2.5185101568279098,12.555927246089896,0,0.0012021651486876222,1.0590440398007533e-05,5.9844053607485601e-06,8.1879999980004587e-06,1.0044916622182551e-05,1.3350267348975145e-05,1.7419692400757586e-05
1741,8,14071.106225355687,2.6579726244980031,28.937190185361391,0,0.0011966911001543654,1.0542216919901765e-05,5.9571554230647219e-06,8.1507160113299993e-06,9.9991771818382916e-06,1.3289477022887234e-05,1.7340371983142544e-05
1742,8,14404.753147636457,2.5964079189746867,3.8350546453857071,0,0.00090732011298495742,7.993011267187793e-06,4.5166600894974648e-06,6.1797974191955542e-06,7.5812835653343113e-06,1.0075958442710623e-05,1.3147309497761447e-05
1743,8,13153.103172856019,2.8434822301540419,13.474206918713413,0,0.00067819094272860976,5.9745042228820971e-06,3.3760498860800157e-06,4.6191885064775887e-06,5.6667517612411117e-06,7.5314364328100198e-06,9.827166944748933e-06
1744,8,14480.427052898101,2.5828392358023384,29.807993682753374,0,0.00088708126013634331,7.8147176566540979e-06,4.4159106212443976e-06,6.041949697304022e-06,7.4121740302468178e-06,9.851202221270888e-06,1.28540431428418e-05
1745,8,13679.973938709405,2.7339683036652982,4.0419578496656214,1,0.0022273405877479271,1.9621694878077751e-05,1.1087751934984027e-05,1.5170515255691629e-05,1.8610962493427478e-05,2.4735031086302884e-05,3.2274756885647679e-05
1746,8,13106.050283662309,2.8536908018750364,14.329741447152632,1,0.0014806555452795956,1.3043793791045506e-05,7.370736867781008e-06,1.008481040647683e-05,1.2371895421142742e-05,1.6442954949080454e-05,2.145509223787076e-05
1747,8,15501.610677186729,2.4126921983945993,9.2456241983564009,0,0.00050764636207568448,4.4720964891528998e-06,2.5270750976991043e-06,3.4576018246730282e-06,4.2417344956067829e-06,5.6375071759845683e-06,7.3559306600892527e-06
1748,8,15165.461749722235,2.4661705499394939,22.358399876820553,0,0.00052200901216656749,4.5986238551399986e-06,2.5985726954229008e-06,3.5554264696844184e-06,4.3617443152176748e-06,5.79700707394983e-06,7.564049275835205e-06
1749,8,12826.160885826912,2.9159633561689566,9.4446673552521236,1,0.001207312264061011,1.0635783767546279e-05,6.0100278177516812e-06,8.2230572284592057e-06,1.0087924311123531e-05,1.3407427021575683e-05,1.749427547002517e-05
1750,8,12829.255312093728,2.9152600235605632,22.663191674316,1,0.0016011455539735571,1.4105247167082763e-05,7.9705388623172417e-06,1.0905473184816604e-05,1.3378672312369515e-05,1.7781018883724352e-05,2.3201024476136643e-05
1751,8.0999999999999996,19300.515519558197,2.7372208285577617,7.2659848352196672,1,0.063895705263263783,0.00045791029583271045,0.00026083025996870675,0.00033322113175852025,0.00043712963097683195,0.00058571664976212715,0.00074866580020357563
1752,8.0999999999999996,17268.239510642885,3.059360686390562,20.409663759196395,1,0.056519656008858006,0.00040504963982703222,0.00023072030443035277,0.00029475445437648342,0.00038666787184356033,0.00051810217019780365,0.00066224065168008601
1753,8.0999999999999996,16047.13343071165,3.2921626351613233,6.8433749011063982,0,0.012452459247716647,8.9240885196787607e-05,5.083249600969743e-05,6.4940555027986568e-05,8.5190998256936236e-05,0.00011414871597114062,0.00014590543024421725
1754,8.0999999999999996,18516.535608664708,2.8531132496143417,19.902630190930218,0,0.014631996785114039,0.00010486059976783792,5.9729640820113421e-05,7.6307014822574645e-05,0.00010010186645218009,0.00013412801534932843,0.00017144306548568167
1755,8.0999999999999996,17053.461298609338,3.0978915163894118,6.6105975666299086,0,0.013308325173658608,9.5374471448421723e-05,5.4326247757831701e-05,6.94039631913503e-05,9.104623304667966e-05,0.00012199423423755376,0.00015593360890931305
1756,8.0999999999999996,18852.469747334297,2.8022733249317144,19.741401239423073,0,0.013958448988769951,0.00010003360131135924,5.6980134478522346e-05,7.2794410054124358e-05,9.5493924518554895e-05,0.00012795376377633356,0.00016355110783613957
1757,8.0999999999999996,16416.082563979722,3.2181717456731405,6.5423928879722482,0,0.014841850127158813,0.00010636451940596191,6.0586288407542279e-05,7.7401416517514096e-05,0.00010153753593245778,0.00013605169075031848,0.00017390191650861066
1758,8.0999999999999996,18346.678634272284,2.8795279044867024,19.754360474078393,0,0.014333949849188142,0.00010272463835948443,5.85129759525746e-05,7.4752676594407581e-05,9.8062838217367421e-05,0.00013139589036435307,0.00016795085036944168
1759,8.0999999999999996,19562.355710104086,2.700583399306562,6.6848161846915328,0,0.017057649972364298,0.00012224410878436531,6.9631460493558078e-05,8.8956987101289047e-05,0.00011669648542151018,0.00015636339803220634,0.00019986443710943557
1760,8.0999999999999996,17444.332787397107,3.0284777139888446,19.886361846588184,0,0.013091957594179495,9.3823867351954351e-05,5.3443008238496063e-05,6.8275589235497993e-05,8.9565997719698567e-05,0.00012001084437985531,0.00015339843058455053
1761,8.0999999999999996,18958.066408824827,2.7866646282790319,6.7912418590923966,0,0.015042691935479644,0.0001078038576444999,6.1406149787287094e-05,7.844882235484464e-05,0.00010291155481517102,0.0001378927595767311,0.00017625517941605208
1762,8.0999999999999996,17299.00940202178,3.053918976184999,20.038351097195729,0,0.012371081899812399,8.8657692237270505e-05,5.0500303498135438e-05,6.4516165753990235e-05,8.4634271479875218e-05,0.00011340274928394909,0.0001449519320859896
1763,8.0999999999999996,18511.5422784818,2.8538828525080513,6.8593321506579814,0,0.013311963653401784,9.5400546711676339e-05,5.4341100487187975e-05,6.9422938149571754e-05,9.107112497487574e-05,0.00012202758731123249,0.00015597624096630697
1764,8.0999999999999996,17315.921750252361,3.0509362333695629,20.152273685794825,0,0.011788106993214031,8.4479786839034197e-05,4.8120527019939042e-05,6.1475905733960167e-05,8.0645965775444532e-05,0.0001080587577311318,0.00013812121673276216
1765,8.0999999999999996,18249.724226197337,2.8948258300911913,6.85729594137349,0,0.011824727142620974,8.4742226127860898e-05,4.8270015049698647e-05,6.1666882695248412e-05,8.0896495170661587e-05,0.00010839444588319223,0.00013855029492113746
1766,8.0999999999999996,17590.472693918091,3.0033174208162658,20.173410952990839,0,0.011380141962724981,8.1556094440132909e-05,4.6455162743542521e-05,5.9348335991716168e-05,7.785495497911074e-05,0.00010431903985974094,0.00013334109160936415
1767,8.0999999999999996,18349.758087968847,2.8790446625383725,6.7792245540420417,0,0.011497006361486041,8.2393606307143416e-05,4.6932217834872099e-05,5.995779302888309e-05,7.8654459285296436e-05,0.00010539030785555956,0.00013471039144341828
1768,8.0999999999999996,18056.264963745183,2.9258417058075352,20.083821551593509,0,0.011303882274484528,8.1009577326683459e-05,4.614386115876565e-05,5.8950635715643846e-05,7.7333239642506996e-05,0.00010361998553482088,0.00013244755705513116
1769,8.0999999999999996,18647.899191481461,2.8330147294109236,6.6549314763190699,0,0.011249563201731609,8.0620298226137264e-05,4.5922123910400873e-05,5.8667357476140519e-05,7.6961626618914021e-05,0.00010312205558507014,0.00013181110063131794
1770,8.0999999999999996,18502.097073480807,2.855339741880305,19.9177467766118,0,0.011162215822260504,7.9994320874310121e-05,4.5565560983343988e-05,5.8211834017661115e-05,7.6364057070261592e-05,0.0001023213630462129,0.00013078765162988687
1771,8.0999999999999996,19142.027571196977,2.7598838673459039,6.5724946939217466,0,0.011167450420199655,8.0031834761683395e-05,4.5586929266793947e-05,5.8239132857894556e-05,7.6399868520436924e-05,0.00010236934735368925,0.00013084898539932743
1772,8.0999999999999996,18942.36508748999,2.7889744938411694,19.795270023497228,0,0.011058410443739387,7.9250396828213696e-05,4.514181444585362e-05,5.7670480798835066e-05,7.5653893427503653e-05,0.00010136980396592467,0.00012957136429952965
1773,8.0999999999999996,19822.366236041686,2.6651597721961253,6.5571729033088282,0,0.011036879749536991,7.9096096527261068e-05,4.505392345939406e-05,5.7558196534030282e-05,7.5506595508612398e-05,0.00010117243724114528,0.00012931908921566353
1774,8.0999999999999996,19377.747300485295,2.7263113850552676,19.760040752269511,0,0.010795124217781204,7.7363548985773424e-05,4.4067047143733623e-05,5.6297422408936422e-05,7.3852673606544062e-05,9.8956322096347389e-05,0.00012648644032494616
1775,8.0999999999999996,15109.231341680115,3.4965228797775807,6.5436722257384901,0,0.0082326042310339083,5.89991803576471e-05,3.3606520077564995e-05,4.2933678998959608e-05,5.6321707924854918e-05,7.5466314193593234e-05,9.6461400793551773e-05
1776,8.0999999999999996,19602.01091923708,2.6951200721039692,19.788285005812366,0,0.010525607271296665,7.5432048516560824e-05,4.2966845261183131e-05,5.4891870321113816e-05,7.2008827562848767e-05,9.6485724701755307e-05,0.00012332851101534855
1777,8.0999999999999996,15065.462077662107,3.5066812295368557,6.6281812052636999,0,0.0084778065075712741,6.0756429088613591e-05,3.4607466436489228e-05,4.4212428169360003e-05,5.7999210038898924e-05,7.7714024823529498e-05,9.9334435183253225e-05
1778,8.0999999999999996,19582.110260359565,2.6978590345791962,19.860373710921852,0,0.010107373369340632,7.2434763973211941e-05,4.125956216718717e-05,5.2710747605974186e-05,6.9147564345379395e-05,9.265187454138357e-05,0.00011842806555363766
1779,8.0999999999999996,19794.363331915869,2.6689301492640487,6.6633282209497295,0,0.010744782761707539,7.7002775582485001e-05,4.3861547024112177e-05,5.6034887753467444e-05,7.3508272648363076e-05,9.8494854007465246e-05,0.00012589658962466017
1780,8.0999999999999996,19576.553652631421,2.6986247947138446,19.896918242837629,0,0.009582323675498966,6.8671981175161484e-05,3.9116243651851072e-05,4.9972572129382731e-05,6.5555542346907718e-05,8.7838869561338647e-05,0.00011227605975658115
1781,8.0999999999999996,19505.997411466698,2.7083861423554167,6.6417183802150603,0,0.01012557350704666,7.2565195751166748e-05,4.1333857405494197e-05,5.2805662756524229e-05,6.9272076931106149e-05,9.2818710851249193e-05,0.00011864131651633317
1782,8.0999999999999996,19413.91934710752,2.72123171717555,19.876212934490901,0,0.0090925290950529935,6.5161855098531068e-05,3.7116840918559119e-05,4.7418254843847853e-05,6.2204711124016473e-05,8.3349039774681586e-05,0.00010653713802476665
1783,8.0999999999999996,19301.808015466111,2.7370375376081717,6.6135282917259897,0,0.0088964064028723699,6.3756336533145254e-05,3.6316243561092501e-05,4.6395459568599063e-05,6.0862977126310861e-05,8.155122995736968e-05,0.00010423916898796654
1784,8.0999999999999996,19261.912893271288,2.7427064681873787,19.847373398089832,0,0.0084123297672489775,6.0287188262370097e-05,3.4340182193678194e-05,4.3870961815335762e-05,5.7551264074194042e-05,7.7113815203479026e-05,9.8567244399676461e-05
1785,8.0999999999999996,18805.579626368595,2.8092605562638857,6.5987529759425385,0,0.0076492363374646008,5.4818458607679802e-05,3.1225139377404502e-05,3.9891369520946673e-05,5.2330713679013214e-05,7.0118720223194501e-05,8.9626080813082855e-05
1786,8.0999999999999996,19043.581130814251,2.774151180869739,19.827808543550319,0,0.0077320132028940594,5.5411681247303762e-05,3.1563044894534368e-05,4.0323057388983797e-05,5.2897014974061316e-05,7.0877515952850965e-05,9.059597711424662e-05
1787,8.0999999999999996,18127.775333453421,2.9142998581046915,6.6804198932733758,0,0.0069080404091135545,4.9506657987859995e-05,2.8199484900581607e-05,3.6025974419940679e-05,4.7259970640702887e-05,6.3324354401854955e-05,8.0941490189656291e-05
1788,8.0999999999999996,18669.424006687816,2.8297484198287104,19.909479124647355,0,0.0070985732531277414,5.0872116755533163e-05,2.8977263798741295e-05,3.7019618197061324e-05,4.8563462815172602e-05,6.5070923417813567e-05,8.317396299109443e-05
1789,8.0999999999999996,17517.648063443492,3.0158028572502409,7.1031069204084485,0,0.0062348721473337977,4.4682379476077362e-05,2.545152786654843e-05,3.2515348954114048e-05,4.2654625216551452e-05,5.7153581931447244e-05,7.3053979545544985e-05
1790,8.0999999999999996,18360.024723742572,2.8774347462462471,20.339986896940019,0,0.0065279254586439869,4.6782553938882089e-05,2.6647808133880792e-05,3.4043645036894855e-05,4.4659490571769826e-05,5.9839931553774489e-05,7.648768437610253e-05
1791,8.0999999999999996,17038.358867341012,3.1006374201508757,7.980381714558181,0,0.0061702058088167634,4.4218946416237923e-05,2.5187551785258975e-05,3.2178108909285638e-05,4.221222345298838e-05,5.6560801070941467e-05,7.2296284237658218e-05
1792,8.0999999999999996,17954.036257517721,2.9425011916145674,21.240016420084103,0,0.0064949382095312903,4.6546149928038705e-05,2.6513150057469138e-05,3.387161393656279e-05,4.4433814934069892e-05,5.9537545329918757e-05,7.6101172870333603e-05
1793,8.0999999999999996,16873.633829103292,3.1309066924824065,9.136022815510664,0,0.0062835804105786982,4.5031448558890874e-05,2.5650361088788424e-05,3.276936638044316e-05,4.2987853014101208e-05,5.7600078932239214e-05,7.3624694130015428e-05
1794,8.0999999999999996,17561.150031814428,3.0083321984225786,22.442765157139025,0,0.0065262972426128243,4.6770885284761481e-05,2.6641161552409574e-05,3.4035153762146172e-05,4.4648351458899557e-05,5.9825006086797764e-05,7.64686065734106e-05
1795,8.0999999999999996,17075.613266919805,3.0938726625053601,10.187513387641841,0,0.0065956581750905635,4.7267962278892027e-05,2.6924301553373646e-05,3.4396876483960261e-05,4.5122870343905676e-05,6.0460821167449137e-05,7.7281308425629892e-05
1796,8.0999999999999996,17354.400921036566,3.04417152297076,23.540412151507823,0,0.0066900546362873084,4.7944457065107557e-05,2.7309639713624438e-05,3.4889161458425722e-05,4.576866476903077e-05,6.1326130952727397e-05,7.838735149796262e-05
1797,8.0999999999999996,17504.028604187173,3.0181493801603776,10.516038757264901,0,0.0070253045920892852,5.0347034919232102e-05,2.8678171961074278e-05,3.6637516363251489e-05,4.8062209990277013e-05,6.4399287123962767e-05,8.2315474294237701e-05
1798,8.0999999999999996,17454.210961812125,3.0267637533213452,23.897941630840172,0,0.0070077756094556951,5.0221412992213344e-05,2.8606616461710618e-05,3.6546101339226411e-05,4.7942288977143975e-05,6.4238603132142297e-05,8.2110087253652422e-05
1799,8.0999999999999996,17820.749029836228,2.9645091232465743,9.8741963542967426,0,0.0070335457498021947,5.0406095398348406e-05,2.8711813397534596e-05,3.6680494649331614e-05,4.8118590215129736e-05,6.4474831845879186e-05,8.2412035916154514e-05
1800,8.0999999999999996,17862.704651536413,2.957546133837746,23.250507783252875,0,0.0070479325321592652,5.0509198662301176e-05,2.8770542042391817e-05,3.675552285161273e-05,4.8217014496335782e-05,6.4606712039208625e-05,8.2580605804871341e-05
1801,8.0999999999999996,18067.308511332376,2.9240533004072282,8.6946526973401745,0,0.0070192829375093444,5.030388056920588e-05,2.8653590813983777e-05,3.6606112960692281e-05,4.8021014050212592e-05,6.4344088056481532e-05,8.2244918584334107e-05
1802,8.0999999999999996,18309.938833013486,2.8853058201801876,22.026868178580141,0,0.0071092199549065115,5.0948416631104962e-05,2.9020724966926609e-05,3.7075141584769462e-05,4.8636300086480567e-05,6.5168519186906097e-05,8.3298710366115798e-05
1803,8.0999999999999996,18306.227940379544,2.8858907063811921,7.4793402653460612,0,0.0069969606480163584,5.0143907279244034e-05,2.8562468436547563e-05,3.6489700464145809e-05,4.7868300591171437e-05,6.4139464966979948e-05,8.1983368380657892e-05
1804,8.0999999999999996,18721.99315980247,2.8218028193422553,20.735477138880455,0,0.0071551177759986108,5.1277344604397769e-05,2.920808561281234e-05,3.73145023340803e-05,4.8950300808656891e-05,6.5589253536588627e-05,8.3836495007727287e-05
1805,8.0999999999999996,18328.233521062546,2.8824257952260268,6.6224763560632471,0,0.0068709138450511586,4.924058946474068e-05,2.8047929622863949e-05,3.5832356466367673e-05,4.7005976711358725e-05,6.2984024067754902e-05,8.0506478342176705e-05
1806,8.0999999999999996,18728.73434441147,2.8207871450641346,19.784530776467051,0,0.0070255367501970258,5.0348698686575419e-05,2.8679119659504813e-05,3.6638727086054996e-05,4.8063798253330797e-05,6.4401415261816804e-05,8.2318194490138032e-05
1807,8.0999999999999996,18271.532010485465,2.8913707428430011,6.3025840278718279,0,0.0067061103633915637,4.8059520866623279e-05,2.7375181199665398e-05,3.4972893338915066e-05,4.5878506800435389e-05,6.1473309963433243e-05,7.8575476407623311e-05
1808,8.0999999999999996,18337.05484044116,2.881039160417652,19.386086918198242,0,0.0067355611918812662,4.827058102365063e-05,2.7495403164813336e-05,3.5126481727369822e-05,4.6079988726906389e-05,6.1743278665157947e-05,7.892055168282461e-05
1809,8.0999999999999996,18119.823216132136,2.9155788360563317,6.2644890607771071,0,0.0065321192686464587,4.6812608991424128e-05,2.6664927790807608e-05,3.4065516086124946e-05,4.4688181680369598e-05,5.9878375207135318e-05,7.6536823236194397e-05
1810,8.0999999999999996,17917.607627014269,2.9484836470236071,19.29615482130167,0,0.0064609167902532835,4.630233450880117e-05,2.6374270369104717e-05,3.3694189557425894e-05,4.4201064228947721e-05,5.922567911547502e-05,7.5702543995624644e-05
1811,8.0999999999999996,17778.195740860552,2.9716048721758423,6.282023531736427,0,0.0062766873271997451,4.4982049090863242e-05,2.5622222660355549e-05,3.2733418408112675e-05,4.2940695368977499e-05,5.753689168535593e-05,7.3543927891306417e-05
1812,8.0999999999999996,17484.029776947813,3.021601641956225,19.295282513432401,0,0.0061726326945302423,4.4236338758186922e-05,2.519745863625863e-05,3.2190765309285639e-05,4.2228826504038294e-05,5.6583047751897532e-05,7.2324720050788357e-05
1813,8.0999999999999996,17533.300864484554,3.0131105084182406,6.3133249298754457,0,0.0060834618147497087,4.3597293242189729e-05,2.4833451952883508e-05,3.1725732153176856e-05,4.1618781844358251e-05,5.5765639621786097e-05,7.1279905101322063e-05
1814,8.0999999999999996,17237.851507336178,3.0647539259491507,19.330285789840364,0,0.005980957316070042,4.2862691986578008e-05,2.4415015769599825e-05,3.1191163125107667e-05,4.0917517909690179e-05,5.4826005395904575e-05,7.007886017643567e-05
1815,8.0999999999999996,17599.902659488038,3.0017082539690474,6.293562995020709,0,0.0060050420217514491,4.3035295679708504e-05,2.4513332550332863e-05,3.1316766760784941e-05,4.1082288585016802e-05,5.5046784133131088e-05,7.0361060605671807e-05
1816,8.0999999999999996,17305.826870505713,3.052715913394159,19.300842197813921,0,0.0059056170025839237,4.2322763597112488e-05,2.4107467187551284e-05,3.0798257460737136e-05,4.0402092290766762e-05,5.4135378759492936e-05,6.9196097933632754e-05
1817,8.0999999999999996,17924.513084124395,2.9473477373746881,6.2144097182023295,0,0.0059864664772606921,4.2902173538901541e-05,2.4437504854580514e-05,3.1219893834306741e-05,4.0955207729191165e-05,5.4876506559046792e-05,7.0143411002727602e-05
1818,8.0999999999999996,17519.640107758561,3.0154599499245083,19.187563948932354,0,0.0058522822017077515,4.1940538307529088e-05,2.3889747860084852e-05,3.0520112276536605e-05,4.0037212965479341e-05,5.3646471394651898e-05,6.8571174220651772e-05
1819,8.0999999999999996,18134.796598526718,2.9131715260776048,6.1189204635110936,0,0.0059340705408814122,4.2526676647067999e-05,2.4223618089409009e-05,3.0946644902349348e-05,4.0596751456742313e-05,5.4396205540523321e-05,6.952948796243583e-05
1820,8.0999999999999996,17670.442397321811,2.989725548130254,19.047145473305946,0,0.0057824836351675311,4.1440324997081326e-05,2.3604821382145249e-05,3.0156107258643381e-05,3.9559700094954996e-05,5.3006644627208086e-05,6.7753344611344045e-05
1821,8.0999999999999996,18042.733787900557,2.9280359452770197,6.0168693964601658,0,0.0057836766626781543,4.144887486092703e-05,2.3609691469648996e-05,3.0162328991006628e-05,3.9567861952990919e-05,5.3017580825090509e-05,6.7767323311355651e-05
1822,8.0999999999999996,17618.185719881283,2.9985932673204343,18.891660970802739,0,0.00564676549941964,4.0467697315234435e-05,2.3050802978502349e-05,2.9448326499236535e-05,3.8631211734870356e-05,5.1762548933222218e-05,6.6163135593645778e-05
1823,8.0999999999999996,17727.842029761967,2.9800453429890124,5.9065487004784121,0,0.0055624949025565879,3.9863769808987071e-05,2.2706799862847792e-05,2.9008848704211446e-05,3.8054691376308443e-05,5.0990060524733518e-05,6.5175737245444379e-05
1824,8.0999999999999996,17405.197869242787,3.0352871296794626,18.723563789722782,0,0.0054596384527282006,3.9126646285971542e-05,2.2286926970958437e-05,2.8472444223201919e-05,3.7351019638563022e-05,5.00472000468393e-05,6.3970568509930917e-05
1825,8.0999999999999996,17307.423331524828,3.0524343265938132,5.8189536493163914,0,0.0053099154085856108,3.8053652050227109e-05,2.1675738779731589e-05,2.769162676428252e-05,3.6326719511267811e-05,4.8674724706813523e-05,6.2216264019666944e-05
1826,8.0999999999999996,17131.097156996038,3.083852283241665,18.590698893879264,0,0.005254596598275282,3.765720830350036e-05,2.1449920477625793e-05,2.7403134814734529e-05,3.5948266984022071e-05,4.816763040195699e-05,6.1568093673684346e-05
1827,8.0999999999999996,16970.027368651987,3.1131224443177525,5.7832422358316382,0,0.0050861567338677059,3.6450079470300984e-05,2.0762327885267611e-05,2.6524707665055436e-05,3.4795919491073987e-05,4.6623582446610064e-05,5.9594484252623886e-05
1828,8.0999999999999996,16897.962955393246,3.1263989169283626,18.527735561836252,0,0.0050641551425968838,3.6292404472801502e-05,2.0672514638082232e-05,2.6409967634977598e-05,3.4645400024491828e-05,4.6421899121017434e-05,5.9336691669121523e-05
1829,8.0999999999999996,16745.255402987736,3.1549099616964336,5.8145803731677148,0,0.0048848989160603824,3.5007759888553088e-05,1.994076830277092e-05,2.5475132305511455e-05,3.3419054563034788e-05,4.4778700160721654e-05,5.7236346963190531e-05
1830,8.0999999999999996,16761.386667930008,3.1518736563197121,18.558969553371899,0,0.0048888664750664466,3.5036193507224568e-05,1.9956964374834434e-05,2.5495823437988547e-05,3.3446197820896231e-05,4.4815069825305379e-05,5.7282834840989069e-05
1831,8.0999999999999996,16584.534232584345,3.1854842795789895,5.900198766839166,0,0.0047195525702976105,3.3822800840192456e-05,1.9265803840410172e-05,2.4612838099035516e-05,3.2287870756410408e-05,4.3263009750989813e-05,5.5298984291455624e-05
1832,8.0999999999999996,16741.46679723225,3.1556239200480936,18.677392679138762,0,0.004762501161554889,3.4130593078296536e-05,1.9441125361266228e-05,2.4836818382643287e-05,3.2581694915169054e-05,4.3656709216072321e-05,5.5802212815325345e-05
1833,8.0999999999999996,16595.216286038034,3.1834338384901937,5.9975282081488128,0,0.004601789649735382,3.2978849692449547e-05,1.8785080870715056e-05,2.3998695199958764e-05,3.1482219393834129e-05,4.2183505220697559e-05,5.391915647996545e-05
1834,8.0999999999999996,16821.599820781779,3.1405914802924961,18.823821104918952,0,0.0046634516110506579,3.3420751802007091e-05,1.9036792708526017e-05,2.4320267181225238e-05,3.190406731434767e-05,4.274874567387885e-05,5.4641649508565984e-05
1835,8.0999999999999996,16848.079654093803,3.1356554673695576,6.0668875223415615,0,0.004541893458899415,3.254960202467681e-05,1.8540577128835822e-05,2.3686331850714066e-05,3.1072451637313292e-05,4.1634451163223596e-05,5.3217352979141788e-05
1836,8.0999999999999996,17021.748176529567,3.103663180429455,18.941786365650504,0,0.0045901308885440157,3.2895296865789529e-05,1.8737488349434825e-05,2.3937893842761398e-05,3.1402458321376587e-05,4.2076632144999468e-05,5.378255080763186e-05
1837,8.0999999999999996,17252.836209561214,3.0620920780990031,6.0881045867522063,0,0.0045356228295327823,3.2504663390123812e-05,1.8514979635528137e-05,2.3653630025047092e-05,3.1029552386264494e-05,4.1576969803414024e-05,5.3143880032357529e-05
1838,8.0999999999999996,17291.065217791256,3.0553220646972643,19.000272885839824,0,0.0045486414647776773,3.2597961790881204e-05,1.856812333276683e-05,2.3721523232460352e-05,3.111861676386195e-05,4.1696308519352713e-05,5.3296419345180196e-05
1839,8.0999999999999996,17622.083124786415,2.9979300805663036,6.0954149357553638,0,0.0045107085493029941,3.232611452860838e-05,1.8413276427738285e-05,2.3523700092809657e-05,3.0859106343325798e-05,4.134858655469173e-05,5.2851959480453794e-05
1840,8.0999999999999996,17481.187551010898,3.0220929171932602,19.037644449737904,0,0.0044761178313006342,3.2078219214701682e-05,1.8272072790781998e-05,2.3343306776019504e-05,3.0622460895352495e-05,4.1031501714987217e-05,5.2446660134180798e-05
1841,8.0999999999999996,17747.285641401439,2.9767804581222288,6.0810755369236711,0,0.0044231576543336832,3.169867867747199e-05,1.8055882724965157e-05,2.3067115284989743e-05,3.0260144484278442e-05,4.0546028437932294e-05,5.1826125888498378e-05
1842,8.0999999999999996,17557.690239542731,3.0089249987481792,19.037258925698541,0,0.0043750727032284024,3.1354076577925565e-05,1.785959394083331e-05,2.2816348480525547e-05,2.9931180951509123e-05,4.0105245190461775e-05,5.1262714650627865e-05
1843,8.0999999999999996,17723.471156913227,2.9807802667047096,6.0384663499988394,0,0.0042868690167030639,3.0721962478488977e-05,1.7499535461287431e-05,2.2356359313364023e-05,2.9327753150176362e-05,3.9296703089620566e-05,5.0229232301832762e-05
1844,8.0999999999999996,17544.941476487169,3.0111113880223987,18.991631749369368,0,0.0042431317235733946,3.0408517987135289e-05,1.7320994360749675e-05,2.2128265887418198e-05,2.9028533246007152e-05,3.8895773783088554e-05,4.9716762560325916e-05
1845,8.0999999999999996,17467.463895765286,3.0244672837048081,6.0034349510854863,0,0.0041085475153307969,2.9444016627351237e-05,1.6771604790997454e-05,2.1426398649195429e-05,2.8107802423145101e-05,3.7662072531369772e-05,4.8139839768041795e-05
1846,8.0999999999999996,17447.831709158141,3.0278703945950696,18.950299671883791,0,0.0041030537972646846,2.9404645748596395e-05,1.674917874678251e-05,2.1397748477106247e-05,2.8070218254678132e-05,3.7611712931657038e-05,4.8075469888796977e-05
1847,8.0999999999999996,17426.983910765004,3.0314926181462192,5.9439510742169483,0,0.0039755643707552,2.8490989333537385e-05,1.6228750963370144e-05,2.0732881084005262e-05,2.7198024955708787e-05,3.6443047847398823e-05,4.6581676634274523e-05
1848,8.0999999999999996,17471.014237295924,3.0238526718877976,18.863706146971943,0,0.0039853830197115444,2.8561354946214364e-05,1.6268831916374307e-05,2.0784086111073861e-05,2.7265197269987093e-05,3.6533053054293486e-05,4.6696721716687066e-05
1849,8.0999999999999996,17700.005198712774,2.9847320658345944,5.8789250680092877,0,0.0038899556634050193,2.7877472222378501e-05,1.5879285513357018e-05,2.0286424937475922e-05,2.6612350183074211e-05,3.5658293300078048e-05,4.5578599649230806e-05
1850,8.0999999999999996,17656.447034104109,2.9920953507800463,18.763928113553511,0,0.0038811070618983523,2.7814058480923905e-05,1.5843164415360931e-05,2.0240278784203445e-05,2.6551814253541332e-05,3.5577180286171857e-05,4.5474920610078227e-05
1851,8.0999999999999996,18028.742901487596,2.9303081956800172,5.8360574452429068,0,0.0038559332771230938,2.7633649873081287e-05,1.5740401877561663e-05,2.0108995515337488e-05,2.6379592862388996e-05,3.5346418221340639e-05,4.5179959444139624e-05
1852,8.0999999999999996,17938.690739347057,2.9450183321438965,18.697478283775688,0,0.0038386196498551919,2.7509571296101555e-05,1.5669725485734051e-05,2.001870358649368e-05,2.6261145159725641e-05,3.5187708340656123e-05,4.4977095721772942e-05
1853,8.0999999999999996,18518.717378099085,2.8527771121187611,5.8423830510627539,0,0.0038239928554439201,2.7404747979286229e-05,1.5610017081654594e-05,1.9942423702460138e-05,2.6161078884268952e-05,3.5053628014223685e-05,4.480571361248705e-05
1854,8.0999999999999996,18263.238538804842,2.8926837356795669,18.708701396436439,0,0.003772400763051278,2.7035011857072613e-05,1.5399411708168886e-05,1.9673366880158333e-05,2.5808121948963247e-05,3.4580695641289843e-05,4.4201209209942778e-05
1855,8.0999999999999996,18884.659357637203,2.7974967449265629,5.9918599032358362,0,0.0037411512487325119,2.6811061369518301e-05,1.5271847282514978e-05,1.9510398203542285e-05,2.5594334674746849e-05,3.4294238816718185e-05,4.3835058737903413e-05
1856,8.0999999999999996,18510.842450571949,2.8539907474824138,18.921518514351042,0,0.0036674472110662516,2.6282859394866543e-05,1.4970978183003109e-05,1.9126025846352822e-05,2.5090103308118857e-05,3.3618611529438778e-05,4.2971468734314071e-05
1857,8.0999999999999996,19160.781764471994,2.7571825477389567,6.2681996922275571,0,0.003683671123136052,2.6399128498475883e-05,1.5037206221107392e-05,1.9210634824674213e-05,2.5201095943177067e-05,3.3767332251503054e-05,4.3161564266746564e-05
1858,8.0999999999999996,18745.795940707132,2.818219789073634,19.285288964791128,0,0.0036040815895233597,2.5828747958318844e-05,1.4712311791075613e-05,1.8795569142915443e-05,2.4656600138421674e-05,3.303775403037403e-05,4.2229013923582358e-05
1859,8.0999999999999996,19334.338269357449,2.7324324394264754,6.538217241292517,0,0.0035416472171677957,2.5381310344199524e-05,1.4457446874796997e-05,1.8469968977282474e-05,2.4229467922952584e-05,3.2465433069905236e-05,4.1497470556978961e-05
1860,8.0999999999999996,18994.44212705566,2.7813279657624888,19.61882844896558,0,0.0034783784723565665,2.4927893177363258e-05,1.4199175945803987e-05,1.8140017493625247e-05,2.3796627515952633e-05,3.188546361667198e-05,4.0756150850641705e-05
1861,8.0999999999999996,19724.644728609626,2.6783637327272132,6.6902579035186669,0,0.0034918365664465432,2.5024340971791606e-05,1.4254113569009002e-05,1.8210202513502522e-05,2.3888698362951882e-05,3.2008830746748827e-05,4.0913839301525435e-05
1862,8.0999999999999996,19431.98194249854,2.7187022527278168,19.780567395635938,0,0.0034390638369622677,2.4646143782004305e-05,1.4038688687259467e-05,1.7934988575847672e-05,2.3527664336172547e-05,3.1525075755940326e-05,4.029550137747426e-05
1863,8.0999999999999996,14963.056963103812,3.5306804760755557,6.7626659703792056,0,0.0026180413504570997,1.87622639792558e-05,1.0687172216583323e-05,1.3653291691444712e-05,1.7910803937324626e-05,2.3998958966183886e-05,3.067558319499322e-05
1864,8.0999999999999996,14777.132660181622,3.5751031202685106,19.841662797455704,0,0.002584856115851757,1.8524441100037234e-05,1.0551705938629729e-05,1.3480228081186355e-05,1.768377382165184e-05,2.3694757856664455e-05,3.0286751893759637e-05
1865,8.0999999999999996,15475.755916808226,3.4137119612140299,6.5993559089905096,0,0.0029568018926010324,2.1190000545124234e-05,1.2070035116530733e-05,1.5419954580338931e-05,2.0228366129756162e-05,2.7104295842874165e-05,3.4644839521637134e-05
1866,8.0999999999999996,15418.784634528243,3.4263253774056897,19.57916844162143,0,0.0029455184002901156,2.1109137093021631e-05,1.2023974489753311e-05,1.5361110279888053e-05,2.015117238395308e-05,2.7000862767259198e-05,3.4512630873728201e-05
1867,8.0999999999999996,16497.772473724825,3.2022367362731159,6.3889075162280626,0,0.0035432288150771241,2.5392644908292134e-05,1.4463903155264618e-05,1.8478217134856788e-05,2.4240288107307852e-05,3.2479931199707633e-05,4.1516002135267502e-05
1868,8.0999999999999996,16457.534769057966,3.2100660167744564,19.22747737172277,0,0.003534005286201593,2.5326544239732112e-05,1.4426251556858727e-05,1.8430115705847618e-05,2.4177187187503419e-05,3.2395381316273347e-05,4.1407930073180559e-05
1869,8.0999999999999996,17101.781330858237,3.0891386142747401,2.5326142835254108,0,0.0038365560146765921,2.7494782198912159e-05,1.5661301468847517e-05,2.0007941566622132e-05,2.6247027214233445e-05,3.5168791490483478e-05,4.4952916114145968e-05
1870,8.0999999999999996,16371.440260990164,3.2269471860652184,9.9095841897389114,0,0.0031364076370495667,2.2477149958920087e-05,1.2803208227671245e-05,1.635661267322458e-05,2.1457102747790583e-05,2.8750698750283828e-05,3.6749279527967725e-05
1871,8.0999999999999996,16074.013922239355,3.2866571683718586,27.376969906213496,0,0.0036198252486445192,2.5941575316213338e-05,1.4776579376580951e-05,1.8877673564312123e-05,2.4764307219414082e-05,3.3182072388508567e-05,4.2413482333556256e-05
1872,8.0999999999999996,19002.545108263916,2.7801419641973206,2.6462208023570502,0,0.0036576625884419218,2.6212737632816064e-05,1.4931036129741714e-05,1.9074998269283667e-05,2.5023163778155176e-05,3.3528918233792436e-05,4.2856822338338765e-05
1873,8.0999999999999996,17715.077413896983,2.9821926174928,9.7841559075332718,0,0.0032049740478436641,2.2968532991966657e-05,1.3083104891756241e-05,1.6714191901926902e-05,2.1926186072316653e-05,2.9379230640667739e-05,3.755267197183772e-05
1874,8.0999999999999996,17288.326156417537,3.0558061320717438,27.137935105176222,0,0.0033431931936127894,2.3959084229614141e-05,1.3647332731093371e-05,1.7435015625432526e-05,2.2871784590011214e-05,3.0646252495412346e-05,3.9172185316973163e-05
1875,8.0999999999999996,16063.606450924937,3.2887865650490409,2.7172937065840665,0,0.0028174868336114274,2.0191595415811745e-05,1.1501333622367771e-05,1.4693415583136383e-05,1.9275270141931534e-05,2.5827228013720408e-05,3.3012485364356584e-05
1876,8.0999999999999996,18812.782509662778,2.8081849697088761,9.8059022442198192,0,0.0030775037525324037,2.2055013681155927e-05,1.2562755204287658e-05,1.6049424279530344e-05,2.1054123655596523e-05,2.8210740927528501e-05,3.605910287751145e-05
1877,8.0999999999999996,18380.925344382034,2.8741628667886396,27.018561743657528,0,0.0030100825864131128,2.1571838074972881e-05,1.228753357219467e-05,1.5697817591941813e-05,2.0592875292434658e-05,2.7592707221198145e-05,3.5269129262299199e-05
1878,8.0999999999999996,17560.613828696041,3.0084240560946207,2.8651716332093402,0,0.0026365760844927573,1.8895093650835125e-05,1.0762833318954015e-05,1.3749951788187644e-05,1.8037605596620479e-05,2.416886244058593e-05,3.0892754621948955e-05
1879,8.0999999999999996,15507.431789697917,3.4067390267119237,9.8320534209207402,0,0.0022049558967302935,1.5801875929059496e-05,9.0009057321471437e-06,1.149901853902099e-05,1.5084762794097523e-05,2.0212303399499963e-05,2.5835462086812193e-05
1880,8.0999999999999996,19331.597453663831,2.7328198411261893,27.082009340897581,0,0.0024645227201223539,1.7662068572651017e-05,1.0060489967827028e-05,1.2852679951807598e-05,1.6860537069625163e-05,2.2591690395232914e-05,2.8876805831911202e-05
1881,8.0999999999999996,19019.853290182367,2.777612018138258,3.0096444112382761,0,0.0024423242285023781,1.750298248348647e-05,9.9698729487911582e-06,1.2736913070912189e-05,1.6708670548861344e-05,2.2388202131227473e-05,2.861670616756746e-05
1882,8.0999999999999996,16250.586202595014,3.2509456842609641,10.111622543532089,0,0.0019891566251379646,1.4255344626397117e-05,8.1199861166804946e-06,1.0373608353526043e-05,1.3608415431351387e-05,1.8234123084291249e-05,2.3306942623972679e-05
1883,8.0999999999999996,15856.741628747095,3.3316916122452662,27.101978132293812,0,0.0018210061492415701,1.3050289703771538e-05,7.4335748444171841e-06,9.4966903877086295e-06,1.2458047731764703e-05,1.669272788422029e-05,2.1336723967289903e-05
1884,8.0999999999999996,19332.315585632718,2.7327183258532552,3.1743193181558746,0,0.0021519977192502771,1.5422349721206871e-05,8.784723828486033e-06,1.122283747547296e-05,1.4722460062111641e-05,1.9726848451263606e-05,2.5214951269112607e-05
1885,8.0999999999999996,16364.129661611689,3.2283888098228304,10.687974052369642,0,0.0017307582727779302,1.2403525861984838e-05,7.0651717258875791e-06,9.0260406091341208e-06,1.1840635015644719e-05,1.5865447183074002e-05,2.0279289850694112e-05
1886,8.0999999999999996,15830.59499191004,3.3371944079824418,27.513654734213766,0,0.0017379122848699016,1.2454795282674819e-05,7.0943752979599101e-06,9.0633493452389767e-06,1.1889577752138234e-05,1.5931026301069531e-05,2.0363113390405177e-05
1887,8.0999999999999996,18863.306539582751,2.8006634452543655,3.3872629382148816,0,0.0017581785585037914,1.2600034079506078e-05,7.1771047615247107e-06,9.1690395572647817e-06,1.2028225391730862e-05,1.6116802384878239e-05,2.0600573261999773e-05
1888,8.0999999999999996,15955.849171034994,3.3109972722692871,11.56873969843018,0,0.0013204160216207957,9.4627970470224466e-06,5.3901033374180421e-06,6.8860734740106634e-06,9.0333609416914367e-06,1.2103937898321028e-05,1.5471310839364225e-05
1889,8.0999999999999996,18097.819153354958,2.9191237150937877,28.566906185093398,0,0.0016141855904583048,1.1568104588723104e-05,6.5893074575553089e-06,8.4181048961683655e-06,1.1043126428887563e-05,1.4796853282111274e-05,1.8913408057369937e-05
1890,8.0999999999999996,17070.279938379248,3.094839292193412,3.6187370607285021,0,0.0011275553721451703,8.0806559986999569e-06,4.6028220462389505e-06,5.8802900082023625e-06,7.7139435538110237e-06,1.0336030446382197e-05,1.3211563147832523e-05
1891,8.0999999999999996,17365.135493383801,3.042289713326189,12.937762418955012,0,0.00085454279804647918,6.1241040198698899e-06,3.4883505745885875e-06,4.4565079472540961e-06,5.8461828760615236e-06,7.8333894694156679e-06,1.0012675579237994e-05
1892,8.0999999999999996,16572.880819053476,3.1877241898282285,29.219825729390625,0,0.0011491138817591724,8.2351556395503995e-06,4.6908265786874084e-06,5.9927193325678446e-06,7.861431766252703e-06,1.0533652148387852e-05,1.3464164144798794e-05
1893,8.0999999999999996,16486.968108552337,3.2043352503746565,3.8995512499779488,0,0.0009486810766795653,6.7987485337765628e-06,3.8726348013250526e-06,4.9474464793302276e-06,6.4902109970459593e-06,8.6963325568761353e-06,1.1115693527193054e-05
1894,8.0999999999999996,17059.02843087574,3.0968805343227261,13.941240437262403,1,0.0020635399281810625,1.4788414574700232e-05,8.4236280624125962e-06,1.0761523133116223e-05,1.4117293855591296e-05,1.8915977034836704e-05,2.4178491578086242e-05
1895,8.0999999999999996,19061.990426952769,2.7714720183333101,8.9617217779836533,0,0.0007495533402506146,5.371694237701621e-06,3.0597704774124266e-06,3.9089796618191512e-06,5.127918592825726e-06,6.8709762175833655e-06,8.7825143953239334e-06
1896,8.0999999999999996,17846.370286933885,2.9602531065219488,21.987324365537535,0,0.00073655781114269098,5.2785614276982979e-06,3.0067211023146067e-06,3.8412069547287289e-06,5.0390122912223624e-06,6.7518493100765555e-06,8.6302458170436599e-06
1897,8.0999999999999996,19020.762463199258,2.7774792511209965,9.3454345436472313,1,0.0026256442771629583,1.8816750558639027e-05,1.071820831425282e-05,1.3692941552592105e-05,1.7962817832962565e-05,2.4068653177088901e-05,3.0764666665982048e-05
1898,8.0999999999999996,18732.779646287185,2.8201780023878,22.523727747704655,1,0.0029890604455481491,2.1421182335234971e-05,1.2201718564060473e-05,1.5588185472816624e-05,2.044905653903359e-05,2.740000228324462e-05,3.5022812896468127e-05
1899,8.1999999999999993,19300.515519558197,3.8664271882612611,7.2659848352196672,1,0.063280331888708782,0.00036930997262571121,0.00021034619231113493,0.00026658345916444511,0.00035170230064737583,0.00047775104212539882,0.00061777563109865119
1900,8.1999999999999993,21827.462596603473,3.4188141485529484,20.264598389235346,1,0.067861476472738172,0.00039604596357939014,0.00022557408841907713,0.00028588262106345099,0.00037716359393886832,0.00051233756425357515,0.00066249915580345617
1901,8.1999999999999993,21296.400558808677,3.5040681051339462,6.7650862085985182,0,0.016579469915239075,9.6759346826976359e-05,5.5110778706737824e-05,6.9844963027223251e-05,9.214613037995108e-05,0.00012517094638224389,0.00016185743949923069
1902,8.1999999999999993,22932.672233053338,3.2540489478902095,19.864966690409837,0,0.016748837453208983,9.7747791718848234e-05,5.5673762743795926e-05,7.0558464091370488e-05,9.3087448969489433e-05,0.00012644962990605415,0.00016351089381171755
1903,8.1999999999999993,22036.438902152935,3.3863927962057221,6.5997830234257453,0,0.015532809849630937,9.065094017610767e-05,5.1631641463399848e-05,6.5435658389728315e-05,8.6328955563018771e-05,0.00011726891865623966,0.00015163939760093594
1904,8.1999999999999993,23111.445111294834,3.2288780555660099,19.781780025304769,0,0.014960196221873811,8.730911315212794e-05,4.9728252327008973e-05,6.3023387197461806e-05,8.3146457553709879e-05,0.00011294582569463361,0.00014604924447270202
1905,8.1999999999999993,21133.092509853122,3.5311461357340583,6.5897308481122758,0,0.015369586296302164,8.9698352156851783e-05,5.1089080261309709e-05,6.4748040323185584e-05,8.5421784290173219e-05,0.00011603662071508197,0.00015004592407356592
1906,8.1999999999999993,22556.676347359633,3.3082904947125922,19.844188903223063,0,0.014283218670002994,8.3358208444653692e-05,4.7477953599648023e-05,6.0171458135651652e-05,7.9383920990242873e-05,0.00010783481060908388,0.00013944023624116908
1907,8.1999999999999993,19562.355710104086,3.8146754439054811,6.6848161846915328,0,0.013529563164401886,7.8959803982549007e-05,4.4972774483389261e-05,5.6996504943958277e-05,7.5195220215385424e-05,0.00010214489571044348,0.00013208265780080103
1908,8.1999999999999993,21858.232487982375,3.4140014748816681,19.96754825963481,0,0.012798686342488397,7.4694338062295212e-05,4.2543312564505151e-05,5.3917512378756833e-05,7.1133119842573024e-05,9.6626954307282576e-05,0.00012494745676065689
1909,8.1999999999999993,23494.519882025397,3.1762316628300087,6.8009335992890358,0,0.014852556362766757,8.6680916803692632e-05,4.9370453405475257e-05,6.2569928672067242e-05,8.254821185936223e-05,0.00011213317106202094,0.00014499840798201834
1910,8.1999999999999993,21732.058374640987,3.4338228190734381,20.06468148630152,0,0.012141160067328134,7.0856952836389787e-05,4.0357670609154355e-05,5.1147526449605728e-05,6.7478690467634382e-05,9.1662791607644484e-05,0.00011852834204559079
1911,8.1999999999999993,22966.734172070741,3.2492228713574183,6.8321856988052643,0,0.013522096670205756,7.8916228819700114e-05,4.4947955577147888e-05,5.6965050560088479e-05,7.5153722595063717e-05,0.00010208852550382861,0.00013200976598708202
1912,8.1999999999999993,21849.448057878632,3.4153740522232439,20.127387796158978,0,0.011690997432547872,6.8229761332081634e-05,3.88613131577853e-05,4.9251109209295456e-05,6.4976756144721119e-05,8.8264173720013588e-05,0.00011413361942802452
1913,8.1999999999999993,22962.859120558911,3.2497711874853805,6.8053717403027605,0,0.012534899991304478,7.3154856090138352e-05,4.1666476857436341e-05,5.2806249591724522e-05,6.9667036087609106e-05,9.4635431816562831e-05,0.00012237223670864364
1914,8.1999999999999993,22266.262676832528,3.3514397559821578,20.107757765235153,0,0.011386873989034549,6.6454868292704526e-05,3.7850395445658185e-05,4.7969916820365355e-05,6.3286485067247156e-05,8.5968116039267131e-05,0.00011116460762545113
1915,8.1999999999999993,23292.877018299223,3.2037278131702025,6.7151297467909243,0,0.011824220693773589,6.9007264823101665e-05,3.9304152265762568e-05,4.981234390511185e-05,6.5717190432506388e-05,8.9269976786879098e-05,0.00011543421444426879
1916,8.1999999999999993,22915.996774066072,3.2564168466252323,19.992656203653706,0,0.011253087578973753,6.5674078212081365e-05,3.7405684409869732e-05,4.7406309726048526e-05,6.2542920885306905e-05,8.4958061336311852e-05,0.00010985851485632519
1917,8.1999999999999993,23678.481044397551,3.1515551108348929,6.6259358671525161,0,0.011117826220199826,6.4884680191951372e-05,3.6956070589339153e-05,4.6836489059231341e-05,6.1791159166465983e-05,8.3936871131001445e-05,0.00010853802286796486
1918,8.1999999999999993,23375.4140601092,3.1924156620449451,19.870216627342721,0,0.010979693788733895,6.407852632137554e-05,3.6496913215692029e-05,4.6254573315367268e-05,6.1023440469509325e-05,8.2894005028462262e-05,0.00010718950196933657
1919,8.1999999999999993,19142.027571196977,3.8984395814247534,6.5724946939217466,0,0.0088479182258558928,5.1637283501169792e-05,2.9410811434463466e-05,3.727396138188827e-05,4.9175361492195569e-05,6.679962046465201e-05,8.6377996175818027e-05
1920,8.1999999999999993,23911.273608111565,3.1208725714619847,19.813601449338726,0,0.01083969173744526,6.3261461173552339e-05,3.6031541155758708e-05,4.566478135301977e-05,6.0245330714646447e-05,8.1837023753135332e-05,0.00010582272886609098
1921,8.1999999999999993,19822.366236041686,3.7646382406452727,6.5571729033088282,0,0.0091897878145137946,5.3632466596145643e-05,3.0547198746205661e-05,3.8714168391039735e-05,5.1075419808321598e-05,6.9380652317322123e-05,8.9715505550105228e-05
1922,8.1999999999999993,19377.747300485295,3.8510171897230467,19.760040752269511,0,0.008632119692765618,5.0377862951852821e-05,2.869348903132406e-05,3.6364858699952378e-05,4.7975986610634289e-05,6.5170394273892941e-05,8.4271258252817413e-05
1923,8.1999999999999993,20008.581007992485,3.7296017105095784,6.5858235333943878,0,0.0093694164002089426,5.4680795928275888e-05,3.1144290890059455e-05,3.9470896560917961e-05,5.2073767714620907e-05,7.0736804243994963e-05,9.146913356656921e-05
1924,8.1999999999999993,19602.01091923708,3.8069582891132598,19.788285005812366,0,0.0088326665108196395,5.1548273056780219e-05,2.9360114162683467e-05,3.7209709902302079e-05,4.9090594818144269e-05,6.6684473743146438e-05,8.6229100972511741e-05
1925,8.1999999999999993,19927.796238386243,3.7447210448956958,6.640247277503093,0,0.0093671980002852095,5.4667849137532949e-05,3.113691684565967e-05,3.9461551023247288e-05,5.2061438190839247e-05,7.0720055866674839e-05,9.1447476388548652e-05
1926,8.1999999999999993,19582.110260359565,3.8108271764428312,19.860373710921852,0,0.0088719389388450618,5.1777470642919964e-05,2.9490657183736027e-05,3.737515435242311e-05,4.9308864901064203e-05,6.6980970977847061e-05,8.6612498914400709e-05
1927,8.1999999999999993,19794.363331915869,3.7699640398110987,6.6633282209497295,0,0.0092894339110309327,5.4214010593761267e-05,3.0878426101616981e-05,3.9133951288962757e-05,5.162923740613766e-05,7.0132955995793906e-05,9.068830275778512e-05
1928,8.1999999999999993,19576.553652631421,3.8119088413831972,19.896918242837629,0,0.008874533533085838,5.1792612939103256e-05,2.9499281712129773e-05,3.738608469819074e-05,4.9323285254695287e-05,6.7000559530331317e-05,8.6637828697710934e-05
1929,8.1999999999999993,19505.997411466698,3.8256971114130325,6.6417183802150603,0,0.0088359086764936059,5.1567194640794763e-05,2.9370891242765161e-05,3.7223368296857752e-05,4.9108614273677773e-05,6.6708951301706096e-05,8.626075268617347e-05
1930,8.1999999999999993,19413.91934710752,3.8438419681287317,19.876212934490901,0,0.0087955421539932764,5.133161181632712e-05,2.9236711410716885e-05,3.7053314713360392e-05,4.8884263382828014e-05,6.640419392108066e-05,8.5866673622922722e-05
1931,8.1999999999999993,23667.913787092733,3.1529622181138057,6.6142914795982843,0,0.0094946212574769269,5.5411503259134495e-05,3.1560476523085168e-05,3.9998351821636113e-05,5.2769636952962138e-05,7.1682070320414106e-05,9.2691448737914676e-05
1932,8.1999999999999993,19261.912893271288,3.8741758601943652,19.847373398089832,0,0.008233296002046489,4.8050290356927042e-05,2.7367784152061071e-05,3.4684718980463851e-05,4.575938620112185e-05,6.215937286837215e-05,8.0377733205186215e-05
1933,8.1999999999999993,23024.924279899136,3.2410112209326729,6.6647913554732714,0,0.0083486723180082167,4.8723637395694453e-05,2.7751299345820134e-05,3.5170769171679979e-05,4.6400629926507532e-05,6.3030435859701695e-05,8.1504097025977284e-05
1934,8.1999999999999993,23537.184385588065,3.170474289948245,19.892838131303787,0,0.0087564321898753981,5.1103362384842337e-05,2.9106708425775387e-05,3.6888554681117237e-05,4.8666896249187107e-05,6.6108923249181151e-05,8.5484861738502465e-05
1935,8.1999999999999993,22364.812701427971,3.3366717150067418,6.9976602095275684,0,0.0072790574149406853,4.2481264152983838e-05,2.4195859363375221e-05,3.0664761818003893e-05,4.0455875672102393e-05,5.4955104720287249e-05,7.106195802238949e-05
1936,8.1999999999999993,23166.298938840246,3.2212326254309347,20.23281070141558,0,0.0077473054097580846,4.5214003520599479e-05,2.5752333228594288e-05,3.2637367941890402e-05,4.3058325629862254e-05,5.8490262656730645e-05,7.5633239364872648e-05
1937,8.1999999999999993,21733.519137652791,3.4335920234378388,7.7042087921277043,0,0.0066778657154834865,3.8972652812894466e-05,2.2197475646736622e-05,2.8132098696955246e-05,3.7114545158838601e-05,5.0416254300887578e-05,6.5192810840977323e-05
1938,8.1999999999999993,22702.083405347708,3.2871008629410539,20.960565912623196,0,0.007186535166858782,4.1941295605307909e-05,2.388831194686796e-05,3.0274989827131234e-05,3.9941651322446622e-05,5.4256584356666954e-05,7.01587075416558e-05
1939,8.1999999999999993,21239.739600729914,3.5134158589078814,8.6322870986260227,0,0.006285177562686377,3.6680887794736931e-05,2.0892165525231023e-05,2.6477806391256569e-05,3.4932045120460093e-05,4.7451554707354123e-05,6.1359184117181889e-05
1940,8.1999999999999993,22182.649420800768,3.3640723674018371,21.921830168546098,0,0.0067700180658801668,3.9510462602865959e-05,2.2503793509489834e-05,2.8520312405791128e-05,3.7626713674351057e-05,5.1111982027375284e-05,6.6092450187427894e-05
1941,8.1999999999999993,21294.957920450339,3.5043054901091866,9.535799684832714,0,0.0063785078805899884,3.7225572313945052e-05,2.1202398996078467e-05,2.6870982568578443e-05,3.5450760597246462e-05,4.8156175800662599e-05,6.2270323397313091e-05
1942,8.1999999999999993,21848.004175810376,3.415599766082996,22.862921017669787,0,0.0065282300173154688,3.809936479519808e-05,2.1700080983908109e-05,2.7501722704264939e-05,3.6282893084111441e-05,4.9286541345768141e-05,6.3731989048303872e-05
1943,8.1999999999999993,21741.065972161723,3.4324001430210611,10.066155300720791,0,0.00666596973806416,3.8903226769067544e-05,2.2157932972428668e-05,2.8081984060765232e-05,3.7048429155620026e-05,5.0326442578357764e-05,6.5076676099922479e-05
1944,8.1999999999999993,21951.085893964555,3.3995602000170795,23.423580706369833,0,0.006719530483775959,3.92158123219914e-05,2.23359708964022e-05,2.830762144984198e-05,3.7346111499074836e-05,5.0730813119995066e-05,6.5599564057312054e-05
1945,8.1999999999999993,22036.620104045527,3.3863649507021538,9.9210803392383387,0,0.0069481049140540357,4.0549794209719082e-05,2.3095760860102744e-05,2.9270545639418562e-05,3.8616492841880449e-05,5.2456494212512461e-05,6.7831026957449736e-05
1946,8.1999999999999993,22204.763333141549,3.3607220591673097,23.288982621673476,0,0.0070006731554038684,4.0856587413775468e-05,2.3270499662419346e-05,2.9492001867648781e-05,3.8908658999545967e-05,5.285337158875238e-05,6.8344225569188269e-05
1947,8.1999999999999993,22268.689244721278,3.3510745572942788,9.2037038848516186,0,0.0069116828207929845,4.0337231445527738e-05,2.2974692458518867e-05,2.9117108902888527e-05,3.8414064478880814e-05,5.2181516308754648e-05,6.7475455471354318e-05
1948,8.1999999999999993,22538.551996296537,3.3109508527673035,22.551311575342929,0,0.0069916920907877045,4.0804173075409193e-05,2.3240646267398715e-05,2.9454166995408112e-05,3.8858743631002661e-05,5.2785566745577508e-05,6.8256547728450233e-05
1949,8.1999999999999993,22727.552031726595,3.2834173186846778,8.2104536447010315,0,0.0069437156735319711,4.0524178188932373e-05,2.3081170860281349e-05,2.9252054919054856e-05,3.859209812169441e-05,5.2423356519157068e-05,6.7788176900368318e-05
1950,8.1999999999999993,23008.847303798415,3.2432758132980841,21.497090603062929,0,0.0070264415560990076,4.1006974225463926e-05,2.3356154791057147e-05,2.9600557388604755e-05,3.905187578646836e-05,5.3047916717050044e-05,6.859579014741835e-05
1951,8.1999999999999993,22993.686226304468,3.2454142940730115,7.2141256754579146,0,0.0068840535053857777,4.0175984160436876e-05,2.2882851579708522e-05,2.9000713835799553e-05,3.8260505015711171e-05,5.1972921729127298e-05,6.7205723672340847e-05
1952,8.1999999999999993,23325.419317339463,3.1992581542491205,20.418875606337217,0,0.0069853313781986781,4.0767051358091639e-05,2.321950302061802e-05,2.9427370979740628e-05,3.8823391773884531e-05,5.2737544919879564e-05,6.8194451131977984e-05
1953,8.1999999999999993,22804.123510343819,3.2723922898606128,6.5503165557238772,0,0.0066952088341597268,3.9073868885762591e-05,2.22551248225147e-05,2.8205160712140988e-05,3.7210935530961833e-05,5.0547190608804709e-05,6.5362123418292434e-05
1954,8.1999999999999993,23087.607211770584,3.2322118644773723,19.679498851559934,0,0.0067849989579844665,3.9597892499135747e-05,2.2553590555704848e-05,2.8583422979319048e-05,3.7709975156419428e-05,5.1225084101924838e-05,6.6238701475907714e-05
1955,8.1999999999999993,22567.763431017182,3.3066651988080835,6.3159380500359115,0,0.0065144049879297429,3.8018680622539639e-05,2.165412606864326e-05,2.7443481477540991e-05,3.6206055708320984e-05,4.918216575228894e-05,6.3597021895022424e-05
1956,8.1999999999999993,22593.454971774398,3.3029051132509264,19.387829205781966,0,0.0065266022908563254,3.8089865230386606e-05,2.1694670360218476e-05,2.7494865519147531e-05,3.6273846432119913e-05,4.9274252408764479e-05,6.3716098332965629e-05
1957,8.1999999999999993,22438.439261254774,3.3257231968505994,6.2803503122180331,0,0.0063553606786430463,3.709048306484912e-05,2.1125456830213105e-05,2.6773469471209642e-05,3.5322112027693977e-05,4.7981420082378957e-05,6.2044348329481759e-05
1958,8.1999999999999993,22182.938247732742,3.3640285664098335,19.311822070944739,0,0.0062843878930535545,3.6676279208438839e-05,2.0889540633807568e-05,2.6474479719982387e-05,3.4927656258734407e-05,4.7445592894595633e-05,6.1351474950032864e-05
1959,8.1999999999999993,22220.759150409478,3.3583028125707886,6.2813134070814218,0,0.006160292694096358,3.5952047947919138e-05,2.0477043546550721e-05,2.5951699159003498e-05,3.4237954329716439e-05,4.6508704467258897e-05,6.0139992842339085e-05
1960,8.1999999999999993,21841.277664873171,3.4166516765772532,19.294722527105144,0,0.0060550495911678662,3.5337839294116212e-05,2.012721153228521e-05,2.5508337539452901e-05,3.3653029435638508e-05,4.5714144758105896e-05,5.9112554736534356e-05
1961,8.1999999999999993,22075.792648769311,3.3803559917219279,6.287185866889847,0,0.0060091826779324186,3.507015567164091e-05,1.9974748195507688e-05,2.5315112250859199e-05,3.3398108223517327e-05,4.5367860771545134e-05,5.8664777987821829e-05
1962,8.1999999999999993,21664.699737864823,3.4444990632320134,19.29254798863743,0,0.0058976918311510569,3.4419484596696867e-05,1.9604148446769831e-05,2.4845430523329386e-05,3.277845933509034e-05,4.452613212304633e-05,5.7576346145314877e-05
1963,8.1999999999999993,22220.744504656112,3.3583050260373404,6.2453986023003125,0,0.0059442345357103308,3.4691112200941128e-05,1.9758858139208283e-05,2.5041502743716933e-05,3.3037136490902926e-05,4.487751816896078e-05,5.803072032168158e-05
1964,8.1999999999999993,21776.040239091799,3.426887401609179,19.229010830369255,0,0.0058267845185261463,3.4005662846669965e-05,1.9368449884949764e-05,2.4546716592548373e-05,3.2384367454744916e-05,4.3990799240146149e-05,5.6884111947121935e-05
1965,8.1999999999999993,22453.412643649357,3.3235053903213521,6.1638954344052221,0,0.005881529496122544,3.4325159688328093e-05,1.9550424240043426e-05,2.4777342840293003e-05,3.2688631575916155e-05,4.4404110443124803e-05,5.7418560994316815e-05
1966,8.1999999999999993,21935.773018040283,3.4019333574844342,19.112614592548159,0,0.0057468685084095502,3.3539265490214535e-05,1.9102806075396299e-05,2.4210051379461771e-05,3.1940206626606452e-05,4.3387452892613477e-05,5.6103930141636247e-05
1967,8.1999999999999993,22485.297197449487,3.3187926002037837,6.0691900988604131,0,0.0057696826730058038,3.3672411101987534e-05,1.9178641212639593e-05,2.430616147772599e-05,3.2067004226055862e-05,4.3559694260282809e-05,5.6326653925010619e-05
1968,8.1999999999999993,21975.433607806644,3.3957936523158514,18.97182529300142,0,0.0056384074960677362,3.2906276814217097e-05,1.8742277609767593e-05,2.3753133550626593e-05,3.1337397089541338e-05,4.2568598753741252e-05,5.5045077124447534e-05
1969,8.1999999999999993,22270.333814046717,3.3508270947070451,5.9617648833722203,0,0.0055964230538445639,3.2661251657974005e-05,1.8602719751988294e-05,2.3576264095222548e-05,3.110405405102416e-05,4.2251626474574791e-05,5.4635203084337237e-05
1970,8.1999999999999993,21832.046099771429,3.4180963896489533,18.807170388543362,0,0.005484653357830281,3.2008953192662315e-05,1.8231193097960546e-05,2.3105407648931334e-05,3.0482855361674442e-05,4.1407792582509022e-05,5.3544048970064197e-05
1971,8.1999999999999993,21928.265176692908,3.4030981179302113,5.8657111257368575,0,0.0053934890030699865,3.147690943821146e-05,1.7928159369691636e-05,2.272135610686238e-05,2.9976177973151609e-05,4.0719523981642351e-05,5.2654054952732077e-05
1972,8.1999999999999993,21601.310525582128,3.4546069722900397,18.660896187221532,0,0.0053109841268568448,3.0995403215561577e-05,1.7653910072310303e-05,2.2373784679179046e-05,2.9517628627522048e-05,4.0096632327714587e-05,5.1848599285070125e-05
1973,8.1999999999999993,21498.926928176941,3.4710587277951266,5.8189614485086691,0,0.0051682183384500835,3.016220863780373e-05,1.7179351246726494e-05,2.17723498164361e-05,2.8724158449067538e-05,3.9018785512512368e-05,5.0454845137456039e-05
1974,8.1999999999999993,21314.095865674964,3.5011589711602848,18.584751882871274,0,0.0051224391616730763,2.9895037053557333e-05,1.7027179549221538e-05,2.1579494138555358e-05,2.8469724862617129e-05,3.8673163914772916e-05,5.0007924917847671e-05
1975,8.1999999999999993,21095.7560019105,3.5373957655520871,5.8257180265857098,0,0.0049384289497285743,2.8821136138252541e-05,1.6415522715673905e-05,2.0804307325249457e-05,2.7447024555082238e-05,3.7283931780642981e-05,4.8211521178806997e-05
1976,8.1999999999999993,21066.377878414838,3.5423288418622727,18.581284557054182,0,0.0049303988405294541,2.8774271665200724e-05,1.6388830332061754e-05,2.0770478579035948e-05,2.7402394449716365e-05,3.7223306418484525e-05,4.8133127061231851e-05
1977,8.1999999999999993,20812.134258730504,3.5856023714134038,5.8684283796754215,0,0.0047533225611380266,2.7740837832873119e-05,1.580022214991574e-05,2.0024502606925734e-05,2.6418231867232266e-05,3.5886423780704967e-05,4.6404415991163023e-05
1978,8.1999999999999993,20955.327177122399,3.561101066164583,18.635755755212177,0,0.0047840548991779737,2.7920194650094271e-05,1.590237759212945e-05,2.0153969895392375e-05,2.6589037450425657e-05,3.6118445422932711e-05,4.6704441116839601e-05
1979,8.1999999999999993,20795.639432968979,3.5884464237233709,5.9384947318731784,0,0.0046323267685158022,2.7034694999429588e-05,1.5398027605353086e-05,1.9514779032809463e-05,2.5745755959414182e-05,3.4972935113804176e-05,4.5223191905945898e-05
1980,8.1999999999999993,21017.712477121117,3.5505309168878592,18.741102039378468,0,0.0046801690524578467,2.7313907071263564e-05,1.5557057148314015e-05,1.9716326040654306e-05,2.6011655976503763e-05,3.5334132666484038e-05,4.5690253254604392e-05
1981,8.1999999999999993,21039.583250745924,3.5468401185956271,6.0173085469288052,0,0.0045597181749575831,2.6610944413757299e-05,1.5156673922017502e-05,1.920889805118223e-05,2.5342208622682334e-05,3.4424757975594692e-05,4.4514348915243792e-05
1982,8.1999999999999993,21204.746885208497,3.5192138041663066,18.865621860288265,0,0.0045959861180174377,2.6822607542866386e-05,1.5277229922561468e-05,1.9361685393301091e-05,2.5543780242697412e-05,3.4698572083002714e-05,4.486841550661149e-05
1983,8.1999999999999993,21378.564842819724,3.4906009126866953,6.0696079073221645,0,0.004502243537406905,2.6275517019699953e-05,1.4965626075041768e-05,1.8966772461205414e-05,2.5022773473527335e-05,3.3990838507000445e-05,4.395325150274157e-05
1984,8.1999999999999993,21459.480140812848,3.4774392232528526,18.959314416257037,0,0.0045219597882813038,2.6390582915427421e-05,1.5031163631092748e-05,1.9049831860595022e-05,2.513235334748979e-05,3.4139691383098125e-05,4.4145731835307658e-05
1985,8.1999999999999993,21688.961980529188,3.4406458925637109,6.0930960297455403,0,0.0044568533007969344,2.6010615326874066e-05,1.4814747229213332e-05,1.8775555286348311e-05,2.4770501556389938e-05,3.3648153312477927e-05,4.3510128320063622e-05
1986,8.1999999999999993,21675.128060203289,3.4428418482699539,19.018695672304986,0,0.0044570360980676366,2.6011682148950125e-05,1.481535485418478e-05,1.8776325363357948e-05,2.4771517515357584e-05,3.3649533387202078e-05,4.3511912882437121e-05
1987,8.1999999999999993,21958.390841786069,3.3984292605936881,6.0831961479407823,0,0.0043974944764229966,2.566419164118311e-05,1.4617436274696182e-05,1.8525492110931201e-05,2.4440594388191874e-05,3.320000869380143e-05,4.2930636492280923e-05
1988,8.1999999999999993,21833.935919431598,3.4178005389245882,19.028995036626291,0,0.0043732113146879321,2.5522472823851141e-05,1.4536718135966606e-05,1.8423193512589965e-05,2.4305632329771659e-05,3.3016676756708721e-05,4.2693571592047253e-05
1989,8.1999999999999993,22167.83812162112,3.3663200508260038,6.0500590604088256,0,0.0043102080447254667,2.5154779810703085e-05,1.4327292907871054e-05,1.8157777242732153e-05,2.3955469896472847e-05,3.2541017464421625e-05,4.2078500784093961e-05
1990,8.1999999999999993,21928.088540913886,3.4031255306655268,18.999870375848598,0,0.0042629686562722794,2.4879086293684492e-05,1.4170267412086518e-05,1.795877007562672e-05,2.3692920679294585e-05,3.2184371625354786e-05,4.1617325215898351e-05
1991,8.1999999999999993,21997.949084491207,3.3923179686277658,6.0188458503173043,0,0.0041589055929405309,2.4271764462029353e-05,1.3824357893619351e-05,1.7520379653733623e-05,2.311455426284537e-05,3.1398720926794289e-05,4.0601407272596588e-05
1992,8.1999999999999993,21885.563673441426,3.4097379928503289,18.96612506124367,0,0.0041360509092472821,2.4138382376992769e-05,1.3748388069380675e-05,1.7424098859129532e-05,2.2987531464519656e-05,3.1226173649844174e-05,4.0378287920647107e-05
1993,8.1999999999999993,21863.109681732978,3.4132398839231897,5.9777732197173341,0,0.0040131216289732837,2.3420955527640399e-05,1.3339766539476883e-05,1.6906230008098973e-05,2.2304309531276199e-05,3.0298087623653356e-05,3.91781881197274e-05
1994,8.1999999999999993,21855.077079707953,3.41449438407908,18.90944228121068,0,0.0040107690922205862,2.3407225901739136e-05,1.3331946619235753e-05,1.6896319387110945e-05,2.2291234495738515e-05,3.0280326546053189e-05,3.9155221427965475e-05
1995,8.1999999999999993,22036.31291571242,3.3864121569570513,5.9100042537439217,0,0.003905674896641855,2.2793886285244051e-05,1.2982609578575695e-05,1.6453585075212023e-05,2.1707137205687476e-05,2.9486891051002821e-05,3.8129237033436086e-05
1996,8.1999999999999993,22009.195402524809,3.390584552841839,18.810021967678775,0,0.0039017870922304597,2.2771196692792614e-05,1.2969686371159121e-05,1.6437206773809191e-05,2.1685529389875774e-05,2.945753907774847e-05,3.8091282257407698e-05
1997,8.1999999999999993,22449.295381707278,3.3241149302657105,5.8540445870642142,0,0.0038607988495708186,2.2531985450961103e-05,1.2833439918025099e-05,1.6264534046167751e-05,2.145772307450686e-05,2.9148087861848222e-05,3.7691133637434949e-05
1998,8.1999999999999993,22309.089040718212,3.3450060563241988,18.728045862310317,0,0.0038379394356659879,2.2398575759964538e-05,1.2757454370386034e-05,1.6168233324421556e-05,2.133067398639653e-05,2.8975504872956575e-05,3.7467968106690915e-05
1999,8.1999999999999993,22793.195305677065,3.2739612393744428,5.8619792111684355,0,0.0037921709964644124,2.213146684121894e-05,1.2605318364983811e-05,1.5975422881132925e-05,2.1076300077730194e-05,2.8629964341287725e-05,3.7021152712898733e-05
2000,8.1999999999999993,22603.860735759099,3.3013846096752708,18.73978077889733,0,0.0037630929924120592,2.1961764872849511e-05,1.2508661990880444e-05,1.5852924868330037e-05,2.0914689027057574e-05,2.8410432516401435e-05,3.673727805914179e-05
2001,8.1999999999999993,23280.305143604899,3.2054578963617004,5.968513181437614,0,0.0037220353021008112,2.1722148327987052e-05,1.2372184691152472e-05,1.5679959575927262e-05,2.0686496732378573e-05,2.810045698770228e-05,3.6336451454943625e-05
2002,8.1999999999999993,22918.08782112176,3.2561197310494312,18.886417355184481,0,0.00366564005127526,2.1393020336445645e-05,1.218472476606155e-05,1.5442381159430298e-05,2.0373060647754129e-05,2.7674686625116085e-05,3.5785891579072646e-05
2003,8.1999999999999993,23770.110769419411,3.1394064031154256,6.1694031481524076,0,0.0036744092551179637,2.1444198235398416e-05,1.2213873927939476e-05,1.5479323517738679e-05,2.0421798526875065e-05,2.7740891971223145e-05,3.5871501124352636e-05
2004,8.1999999999999993,23283.977105936017,3.2049523847561932,19.147288221934126,0,0.0035996837699175574,2.1008093270867893e-05,1.1965483617532268e-05,1.5164524626236338e-05,2.0006485833695849e-05,2.7176732818413928e-05,3.5141991932459932e-05
2005,8.1999999999999993,19160.781764471994,3.8946238660599151,6.2681996922275571,0,0.0029185552334757363,1.7032963026761135e-05,9.7013868620511616e-06,1.2295108553962613e-05,1.6220878739781214e-05,2.2034378813717387e-05,2.8492459622805152e-05
2006,8.1999999999999993,23647.084133669763,3.1557395207988974,19.411966130639971,0,0.003544925101943831,2.0688516530879181e-05,1.1783463755111821e-05,1.4933840704518821e-05,1.9702145623524136e-05,2.6763318256431921e-05,3.4607409232655435e-05
2007,8.1999999999999993,19334.338269357449,3.8596634088350554,6.538217241292517,0,0.0029489300579722882,1.7210233361295111e-05,9.8023539158619002e-06,1.242306973153742e-05,1.6389697317976814e-05,2.226370131605706e-05,2.8788994514655432e-05
2008,8.1999999999999993,24097.151938910582,3.0967990798854528,19.60625206838553,0,0.0034975864653227656,2.041224379221196e-05,1.1626108354701566e-05,1.4734415430884566e-05,1.9439044800373909e-05,2.6405923117950592e-05,3.4145264752039234e-05
2009,8.1999999999999993,19724.644728609626,3.7832893306331514,6.6902579035186669,0,0.0030483454519028247,1.7790430956902408e-05,1.0132814407238229e-05,1.2841880739905839e-05,1.6942232706486267e-05,2.3014263246376134e-05,2.9759539483262287e-05
2010,8.1999999999999993,19431.98194249854,3.8402690046285199,19.780567395635938,0,0.0027752124439529035,1.6196401016184569e-05,9.2249100631555417e-06,1.1691242936688627e-05,1.5424201678335707e-05,2.0952175781088943e-05,2.7093072489111721e-05
2011,8.1999999999999993,20361.207328590433,3.6650104656364841,6.6694109636975565,0,0.0032593328000237016,1.9021772977926099e-05,1.0834144251416388e-05,1.3730715160068422e-05,1.8114867765861514e-05,2.4607166166311816e-05,3.1819308107239159e-05
2012,8.1999999999999993,20191.919289892314,3.6957377295794558,19.696968094282681,0,0.0030025195619751456,1.7522986750312213e-05,9.9804874334715755e-06,1.2648828271759894e-05,1.6687539495566908e-05,2.2668288975764274e-05,2.9312163225493627e-05
2013,8.1999999999999993,21420.619161604787,3.4837479434785661,6.5003288520569873,0,0.0035530194999188499,2.0735756199277781e-05,1.1810369837021926e-05,1.4967940282501902e-05,1.9747133035966543e-05,2.6824428983138352e-05,3.4686430970818494e-05
2014,8.1999999999999993,21358.822962020597,3.4938272621563327,19.400276727300913,0,0.0033110035777185278,1.932332849962573e-05,1.1005899850944164e-05,1.3948390609050409e-05,1.8402045959292451e-05,2.4997267911267073e-05,3.2323745210317549e-05
2015,8.1999999999999993,23295.669929984102,3.2033437190930001,6.313844825594825,0,0.0039434373684438147,2.3014271624751876e-05,1.3108133448611152e-05,1.6612668475363445e-05,2.191701518537694e-05,2.9771988485200008e-05,3.8497893994501475e-05
2016,8.1999999999999993,23027.320978175005,3.2406738944146363,19.03643041689935,0,0.0037793056216071557,2.2056383302707971e-05,1.2562553377299505e-05,1.5921224427513454e-05,2.1004796313433482e-05,2.8532833904990424e-05,3.6895554208046695e-05
2017,8.1999999999999993,21648.843116010252,3.4470219749105464,2.5958959911354968,0,0.0036467386091161165,2.1282709741067347e-05,1.2121895664685197e-05,1.5362754335682866e-05,2.0268009354650684e-05,2.7531985355706101e-05,3.5601365834500456e-05
2018,8.1999999999999993,24868.344898867508,3.0007641544201267,18.731924043481605,0,0.0043662783613907111,2.5482011455903278e-05,1.4513672739648109e-05,1.8393986796742628e-05,2.4267100047273495e-05,3.2964334653500737e-05,4.2625888483082204e-05
2019,8.1999999999999993,23992.099222329438,3.1103588419151613,2.7164386147100728,0,0.0035847977833558882,2.0921217252277073e-05,1.1916002040894069e-05,1.5101813864894814e-05,1.9923751821959745e-05,2.7064347257519435e-05,3.4996667161426265e-05
2020,8.1999999999999993,21818.707097120358,3.4201860641929209,9.8456795663604932,0,0.0031529407774117386,1.8400859120718136e-05,1.0480493185109327e-05,1.3282513442901708e-05,1.752355735382128e-05,2.3803932394306839e-05,3.0780653647768873e-05
2021,8.1999999999999993,21315.039084416807,3.5010040402335019,27.12924095165042,0,0.0034161472347064648,1.9936956777560076e-05,1.1355401303180177e-05,1.4391333288907711e-05,1.8986418148208452e-05,2.5791076827870201e-05,3.3350212472941582e-05
2022,8.1999999999999993,21053.16056499046,3.5445527393341312,2.7873405005622898,0,0.002966615564635614,1.7313447642680226e-05,9.861141202127501e-06,1.249757413760907e-05,1.6487990629594482e-05,2.2397222569608312e-05,2.896164966222088e-05
2023,8.1999999999999993,23024.81483019056,3.2410266272556432,9.9702492735034181,0,0.0029751141287723041,1.736304606283704e-05,9.8893907474903263e-06,1.2533376361742063e-05,1.6535224335073931e-05,2.2461384652070426e-05,2.9044617081421679e-05
2024,8.1999999999999993,22596.032942816011,3.3025282863204342,27.10588804532166,0,0.0031144780855233362,1.8176387230883569e-05,1.035264175729143e-05,1.3120480198979735e-05,1.7309787659154808e-05,2.3513548469567801e-05,3.040516077271727e-05
2025,8.1999999999999993,22813.425768784946,3.2710579598432989,2.9420302798232916,0,0.0026736169323114812,1.56034800484315e-05,8.8872027788881546e-06,1.1263247663582537e-05,1.4859549532664661e-05,2.0185154494801833e-05,2.6101244073428761e-05
2026,8.1999999999999993,19719.464110225701,3.7842832612059314,10.024039620720874,0,0.002453455170546058,1.4318595285914559e-05,8.1553768402803456e-06,1.0335763842379042e-05,1.363592450074072e-05,1.8522986993775144e-05,2.3951910034574046e-05
2027,8.1999999999999993,23043.125412992034,3.2384512350136392,27.323466981935979,0,0.0026386636358649153,1.5399489320687498e-05,8.7710167129050005e-06,1.1115998583215616e-05,1.4665284515264199e-05,1.9921265648067696e-05,2.5760011748522e-05
2028,8.1999999999999993,23562.74103650864,3.1670355259880028,3.101311569127279,0,0.0022068889883745594,1.2879611840816191e-05,7.3357816197040365e-06,9.2970451158109023e-06,1.2265547782678196e-05,1.6661472571055545e-05,2.1544802261080182e-05
2029,8.1999999999999993,20203.564349808443,3.6936075565787867,10.489045112387924,0,0.0019387064470842155,1.1314473289444229e-05,6.4443328121352325e-06,8.1672623316367227e-06,1.0775030682812866e-05,1.4636759919316733e-05,1.8926664306515434e-05
2030,8.1999999999999993,22807.289985985677,3.2719379636130479,27.750921638728787,0,0.0020920668507204599,1.2209499038809418e-05,6.9541085353870688e-06,8.8133295326132789e-06,1.1627384094642892e-05,1.5794593490525623e-05,2.042384861819933e-05
2031,8.1999999999999993,23410.368324734765,3.1876490329899032,3.2922712564090899,0,0.0018429531600315378,1.0755648094240788e-05,6.1260453011242532e-06,7.7638788200938014e-06,1.0242848718119594e-05,1.3913846001026873e-05,1.7991870736804509e-05
2032,8.1999999999999993,20051.338681682097,3.721648670791792,11.216567466994004,0,0.0013911452332705523,8.1188545110840038e-06,4.6242188376142083e-06,5.8605303957257729e-06,7.7317701167617391e-06,1.0502806560996828e-05,1.3581085920109448e-05
2033,8.1999999999999993,21975.065659503543,3.395850511145373,28.288350822921728,0,0.0016150749580428336,9.4257294603364516e-06,5.3685696263232425e-06,6.803887657892543e-06,8.9763369045000594e-06,1.2193421261958917e-05,1.5767204780646389e-05
2034,8.1999999999999993,22059.83405244477,3.3828014197599123,3.5084951838778382,0,0.0014443530164229515,8.4293801412916038e-06,4.8010835008259507e-06,6.0846808460139326e-06,8.0274907488841598e-06,1.0904512321563117e-05,1.4100528072754016e-05
2035,8.1999999999999993,21468.765176607176,3.475935264017429,12.473684992545278,0,0.0010030915689081099,5.8541368036130047e-06,3.334313929173178e-06,4.2257619755930553e-06,5.575027848548892e-06,7.5730962226283812e-06,9.7927034915332872e-06
2036,8.1999999999999993,20599.59374705275,3.6225975554957213,28.864149805162423,0,0.0013402641300414705,7.8219076038878516e-06,4.4550881455746987e-06,5.6461816383778029e-06,7.4489808119171217e-06,1.0118666665287443e-05,1.3084358031361598e-05
2037,8.1999999999999993,21739.780048641245,3.4326031719415804,3.7912035193614737,0,0.001211560744085348,7.0707825303360003e-06,4.0272732722103682e-06,5.1039879928909053e-06,6.7336672920467841e-06,9.1469875521983357e-06,1.1827888396793136e-05
2038,8.1999999999999993,21271.060751403522,3.5082424343766836,13.491346720499404,1,0.0024093342220246616,1.4061101277834541e-05,8.0087171555784191e-06,1.0149893845692933e-05,1.3390707090550615e-05,1.8189884614149044e-05,2.3521178304762428e-05
2039,8.1999999999999993,22455.729230084507,3.3231625296007992,8.442867990178847,0,0.00079603789280623431,4.6457520627156416e-06,2.6460597580564839e-06,3.3534990850470994e-06,4.4242555300566771e-06,6.0098915651759394e-06,7.7713374271123208e-06
2040,8.1999999999999993,20494.259858715875,3.6412165390077185,21.272994292040238,0,0.000699906894673022,4.084722510097356e-06,2.3265167212729166e-06,2.948524375680014e-06,3.8899743055770051e-06,5.284126020528224e-06,6.832856444674789e-06
2041,8.1999999999999993,23266.872436359186,3.2073085094008205,9.0710956656314767,0,0.00077170200207281304,4.5037255139865921e-06,2.565166346162284e-06,3.2509783532504795e-06,4.2890004120162073e-06,5.8261615370308692e-06,7.5337577588731013e-06
2042,8.1999999999999993,22091.691167703022,3.3779232828211425,22.131025312810532,0,0.00077909241527239601,4.5468566609791645e-06,2.5897323563227903e-06,3.2821122278146067e-06,4.3300751859222507e-06,5.8819573507135103e-06,7.6059068301908957e-06
2043,8.1999999999999993,25659.009064267972,2.9082977353243784,22.308762522319817,1,0.0034947465361897167,2.0395669698507306e-05,1.1616668323940967e-05,1.4722451553492115e-05,1.9423260913343648e-05,2.6384482346981462e-05,3.4117539881450213e-05
2044,8.1999999999999993,19020.762463199258,3.9232937216191179,9.3454345436472313,1,0.0022700413377614429,1.3248174895515985e-05,7.5457023933876465e-06,9.5630894182258363e-06,1.2616538776368242e-05,1.7138257376566881e-05,2.2161328460191439e-05
2045,8.3000000000000007,24549.782647655222,4.2936940359842151,7.1188318943907092,1,0.075630101222675494,0.00035903375786312553,0.00021808860497875667,0.0002593986075365967,0.00034345225684210835,0.00047243142669633705,0.00061083337374765552
2046,8.3000000000000007,26243.599220992102,4.0165700768143777,20.172884105750839,1,0.074789304617612976,0.00035504229996694535,0.00021566406559953417,0.00025651481569910375,0.00033963402194772842,0.00046717930177161163,0.00060404260368913379
2047,8.3000000000000007,26279.378162352274,4.01110158268337,6.7255368456414661,0,0.018764462414779151,8.9079286502919823e-05,5.4109611980639985e-05,6.4358970077738634e-05,8.5213385419251052e-05,0.00011721419919435488,0.00015155288301986421
2048,8.3000000000000007,27191.647597013874,3.8765306501883976,19.878021436813455,0,0.018142627592986373,8.6127291341878449e-05,5.2316475562473453e-05,6.2226180562940884e-05,8.2389502210382533e-05,0.00011332984220844959,0.00014653057766830701
2049,8.3000000000000007,26753.448848026335,3.9400249267945231,6.6261753644470689,0,0.016539362407484829,7.8516216980005772e-05,4.7693265199610609e-05,5.672724892186683e-05,7.5108736518219324e-05,0.00010331487664957806,0.00013358166094811565
2050,8.3000000000000007,27321.442824382182,3.8581145225931017,19.852067124387599,0,0.01562492774706568,7.4175182033034913e-05,4.5056381522199335e-05,5.35908908612378e-05,7.0956095667840027e-05,9.7602763823357569e-05,0.00012619614645500334
2051,8.3000000000000007,25746.193542443187,4.0941685288419976,6.6537767755589474,0,0.015360696575750723,7.2920814937816204e-05,4.4294438769084196e-05,5.268462210317995e-05,6.9756166133844543e-05,9.5952215863961978e-05,0.00012406205942861685
2052,8.3000000000000007,26970.576047944902,3.9083056717647651,19.918873071322771,0,0.014502715283899055,6.8847777319067051e-05,4.1820345253238145e-05,4.9741889661985687e-05,6.5859891948686996e-05,9.0592744975580806e-05,0.00011713249568823413
2053,8.3000000000000007,28743.787010122422,3.6672013782256672,6.7558146879200107,0,0.014950111082702281,7.0971669688635068e-05,4.3110465510344165e-05,5.1276382480996814e-05,6.7891610726217541e-05,9.3387450153936227e-05,0.00012074592844536979
2054,8.3000000000000007,26291.281460601582,4.0092855685602649,20.001290723483123,0,0.012578695771438438,5.971400723819876e-05,3.6272200736162767e-05,4.3142824285409299e-05,5.712251313945796e-05,7.8574153587118769e-05,0.00010159297754727108
2055,8.3000000000000007,27949.711775614338,3.7713897082442838,6.7880446479732619,0,0.013588041469859008,6.4505607053990971e-05,3.9182771947243627e-05,4.6604711344405448e-05,6.1706165051224568e-05,8.4879138250972057e-05,0.00010974504964920643
2056,8.3000000000000007,26265.584682267261,4.0132080292166945,20.058541944853868,0,0.011711444486386342,5.5596962796236238e-05,3.3771376066284652e-05,4.0168297316782297e-05,5.3184141958076327e-05,7.3156776705722351e-05,9.4588543865823968e-05
2057,8.3000000000000007,27679.869066432315,3.8081558509529567,6.7931005716743593,0,0.012660397451269553,6.0101864198050353e-05,3.6507797477284758e-05,4.3423047392862151e-05,5.7493537716605752e-05,7.9084511771784649e-05,0.0001022528485764682
2058,8.3000000000000007,26525.238040793069,3.9739230681676623,20.080347332501216,0,0.011355628345328085,5.3907820455194395e-05,3.2745336902277112e-05,3.8947907418614558e-05,5.1568305740860368e-05,7.0934133545867136e-05,9.1714762522644673e-05
2059,8.3000000000000007,27905.978050889287,3.7773001593680702,6.7476015365500421,0,0.011970770954917763,5.6828046121592072e-05,3.4519175511766924e-05,4.1057743763989555e-05,5.4361798201240351e-05,7.4776686920409325e-05,9.668301761522072e-05
2060,8.3000000000000007,27125.994487153417,3.8859130266677111,20.027797273011711,0,0.011128432194793193,5.2829267255081501e-05,3.2090189140662814e-05,3.8168662592365975e-05,5.0536560055140555e-05,6.951492876097477e-05,8.9879792201434793e-05
2061,8.3000000000000007,28323.458871215313,3.7216236836833425,6.6809336940734871,0,0.011428161330009703,5.4252151477343833e-05,3.295449459463012e-05,3.9196683434019964e-05,5.1897693337619612e-05,7.1387218506507199e-05,9.2300581753675608e-05
2062,8.3000000000000007,27789.313760694466,3.7931579112269436,19.940562841422487,0,0.010966712910282204,5.2061548033524941e-05,3.1623851894156663e-05,3.7613992473778488e-05,4.9802158641652334e-05,6.8504732145200159e-05,8.8573651728780149e-05
2063,8.3000000000000007,28814.011602831204,3.6582637916543592,6.6319986774508841,0,0.010810768242694118,5.1321242267464701e-05,3.1174166458617876e-05,3.7079128326155497e-05,4.9093980982760585e-05,6.7530607284816712e-05,8.7314150473581144e-05
2064,8.3000000000000007,28344.322580730775,3.7188842682240004,19.873001714903054,0,0.010642540784299758,5.0522627224159948e-05,3.0689062100336941e-05,3.6502136258824581e-05,4.8330024577648279e-05,6.647975667250895e-05,8.5955446144130753e-05
2065,8.3000000000000007,29176.907795943,3.6127630822346073,6.6107614934986314,0,0.010501108444548744,4.9851214868454193e-05,3.0281224729018808e-05,3.6017046970314463e-05,4.7687750463338594e-05,6.5596284602931188e-05,8.4813155021277745e-05
2066,8.3000000000000007,28811.327209777788,3.6586046373862611,19.837688212512912,0,0.010375533016606455,4.9255078977314172e-05,2.9919112693509156e-05,3.5586344239226813e-05,4.711748593329772e-05,6.4811864410154932e-05,8.3798933685199522e-05
2067,8.3000000000000007,24721.715902354055,4.2638324845772013,6.5881938139194771,0,0.0087225129288735388,4.1407806471693861e-05,2.5152428012311786e-05,2.9916761598771735e-05,3.9610772725739673e-05,5.4486099591910531e-05,7.04481669833323e-05
2068,8.3000000000000007,29117.632053594894,3.6201177054825804,19.819105778299054,0,0.010088194430325451,4.7891015585308339e-05,2.9090536895969378e-05,3.4600820909654971e-05,4.5812620749454186e-05,6.3016973539098642e-05,8.1478217525516732e-05
2069,8.3000000000000007,24870.915168716623,4.2382539855844499,6.6039479255597655,0,0.0086534552710968819,4.1079973638206325e-05,2.4953291848216638e-05,2.9679905373837412e-05,3.9297167322174359e-05,5.4054723628368233e-05,6.9890416545333691e-05
2070,8.3000000000000007,24441.842070680457,4.31265593788412,19.813897931116379,0,0.0082798498135680867,3.9306381256255122e-05,2.3875955024284475e-05,2.8398501093209713e-05,3.7600546063146861e-05,5.1720957621600716e-05,6.6872958173819211e-05
2071,8.3000000000000007,24824.945184831959,4.2461022392650047,6.6326532628570432,0,0.0085379833245585925,4.0531801333486704e-05,2.4620314431452759e-05,2.9283855895424285e-05,3.8772784834257812e-05,5.3333415900829034e-05,6.89577968934107e-05
2072,8.3000000000000007,24449.870639259811,4.3112397973054106,19.853553800323382,0,0.0081932451552660691,3.8895248712255529e-05,2.3626219947795038e-05,2.8101461589010417e-05,3.7207256025635315e-05,5.1179972463327467e-05,6.6173487794199732e-05
2073,8.3000000000000007,24641.527969900348,4.2777077569095345,6.6458372499605929,0,0.0083347338925388523,3.9566928800171702e-05,2.4034219948233692e-05,2.8586744311594784e-05,3.7849786252998123e-05,5.2063796825990132e-05,6.7316234416753726e-05
2074,8.3000000000000007,24382.827867729095,4.3230939376993316,19.878355778133667,0,0.0080465468096959612,3.819883739677592e-05,2.3203197407551705e-05,2.7598310780620394e-05,3.6541067867130631e-05,5.0263605731414385e-05,6.4988665297612583e-05
2075,8.3000000000000007,28567.263453405099,3.6898618417152464,6.6306224757255841,0,0.0090184142834403222,4.2812519325033907e-05,2.600569559473631e-05,3.0931653792513813e-05,4.0954523248159029e-05,5.6334478700749423e-05,7.2838041117896302e-05
2076,8.3000000000000007,28783.465883923847,3.6621460307814844,19.864284305819591,0,0.0088927466924725064,4.2215945914482221e-05,2.5643317795921531e-05,3.0500634957651317e-05,4.0383840186361581e-05,5.5549482801886116e-05,7.1823075418781307e-05
2077,8.3000000000000007,27887.258440623275,3.7798357111144587,6.6667337119312711,0,0.0083348264723080018,3.9567368297962693e-05,2.4034486913269789e-05,2.8587061844730603e-05,3.7850206677275471e-05,5.2064375135310302e-05,6.7316982145658181e-05
2078,8.3000000000000007,28377.015537031442,3.7145997683015324,19.896756714808564,0,0.0082902903733349503,3.9355945032406298e-05,2.3906061649529477e-05,2.8434310468334746e-05,3.7647958849281658e-05,5.1786175682484241e-05,6.6957282301952136e-05
2079,8.3000000000000007,27261.961647873686,3.8665323024239315,6.9317630419851151,0,0.0074987418412106868,3.5598279242922886e-05,2.1623535084667421e-05,2.5719431290451143e-05,3.405336985147364e-05,4.6841684054344806e-05,6.0564268772340414e-05
2080,8.3000000000000007,28034.059317740495,3.7600425305599954,20.16505461083457,0,0.007686334135586532,3.6488823686300305e-05,2.2164480305205168e-05,2.6362841508856351e-05,3.4905266065123769e-05,4.8013499162832957e-05,6.2079374956388529e-05
2081,8.3000000000000007,26580.68377563727,3.965633699595029,7.5161528877737611,0,0.0069526030868375345,3.3005630996691401e-05,2.0048677493040054e-05,2.3846266636220954e-05,3.1573238465874506e-05,4.3430170559962342e-05,5.615332957650506e-05
2082,8.3000000000000007,27508.357620445386,3.8318992647020598,20.767822580405632,0,0.0071796559395569254,3.4083503928599423e-05,2.0703412037956578e-05,2.4625019974910962e-05,3.260433340596078e-05,4.4848480219893542e-05,5.7987142539907949e-05
2083,8.3000000000000007,25934.899871041693,4.0643787276249919,8.2934920992559853,0,0.0064956439167975057,3.083633906983759e-05,1.8730980090614778e-05,2.2278973052143041e-05,2.949809040051809e-05,4.057572677165681e-05,5.2462657383978735e-05
2084,8.3000000000000007,26930.696568630756,3.9140931639223964,21.575319120918341,0,0.0067346927721315284,3.1971159828450038e-05,1.9420306569605853e-05,2.3098870674973028e-05,3.0583661721099331e-05,4.2068970730739584e-05,5.4393357150785562e-05
2085,8.3000000000000007,25661.063692076961,4.1077508167166057,9.0493904425418368,0,0.0062642630311311853,2.9737919954492413e-05,1.8063765135749853e-05,2.1485375283766226e-05,2.8447340949076166e-05,3.9130381596145822e-05,5.0593888669837393e-05
2086,8.3000000000000007,26469.503564796716,3.9822906040117689,22.358782550420553,0,0.0064475041647675986,3.060780842139897e-05,1.8592163254533668e-05,2.2113861748021567e-05,2.9279477623182102e-05,4.0275016718852095e-05,5.2073852309432742e-05
2087,8.3000000000000007,25960.410625692257,4.0603847473285164,9.5432868962000246,0,0.0064116634699724227,3.0437664270740617e-05,1.8488812247421625e-05,2.1990934154739102e-05,2.9116717461352495e-05,4.0051134027937532e-05,5.1784381686423269e-05
2088,8.3000000000000007,26444.689148738365,3.9860273927241416,22.878476669027805,0,0.0065170322272442112,3.0937874375884771e-05,1.8792655887853773e-05,2.23523313824605e-05,2.959521923380277e-05,4.0709331115107452e-05,5.2635402013666029e-05
2089,8.3000000000000007,26273.657472020077,4.0119749392029158,9.6453371951226714,0,0.0065996074433036988,3.1329878216272448e-05,1.9030771577044914e-05,2.2635550573187203e-05,2.9970210723386453e-05,4.1225145936217936e-05,5.3302328237459516e-05
2090,8.3000000000000007,26701.638265293979,3.9476699628559455,22.995175019475976,0,0.0066980256708054414,3.1797092532939055e-05,1.9314572518645422e-05,2.297310864540247e-05,3.0417148672740128e-05,4.1839925804020527e-05,5.4097211980456931e-05
2091,8.3000000000000007,26484.560318930577,3.9800266294623659,9.3545226172104687,0,0.0067957463913319522,3.2260995621055061e-05,1.9596362113960098e-05,2.3308274385263331e-05,3.0860919095660099e-05,4.2450348620726893e-05,5.4886462245090501e-05
2092,8.3000000000000007,26880.610677901674,3.9213861843400033,22.699906642011754,0,0.0068951173472273451,3.2732732761965788e-05,1.9882910363880119e-05,2.3649100156644385e-05,3.1312183585791413e-05,4.3071079807210667e-05,5.5689040785391511e-05
2093,8.3000000000000007,26928.932765115496,3.9143495309808976,8.7153628097337599,0,0.0068014137496937082,3.2287899895105777e-05,1.9612704631807466e-05,2.3327712477288649e-05,3.0886655766485746e-05,4.2485750374171081e-05,5.4932235179046466e-05
2094,8.3000000000000007,27237.460467081466,3.8700104022671664,22.022423029618121,0,0.0068764292967348067,3.2644016220707741e-05,1.9829021094980552e-05,2.3585003266689611e-05,3.1227317203043309e-05,4.2954342923170697e-05,5.5538105050193773e-05
2095,8.3000000000000007,27415.010317651519,3.8449467688537338,7.8675892565684142,0,0.006793259756325107,3.2249190983794123e-05,1.9589191599165497e-05,2.3299745642767957e-05,3.0849626761110279e-05,4.2434815592144819e-05,5.4866378711868221e-05
2096,8.3000000000000007,27612.273461335408,3.8174783212453414,21.106320415246486,0,0.0068413930262608514,3.2477690860217525e-05,1.9727989743338881e-05,2.3464834714389769e-05,3.1068210101888159e-05,4.2735485153862739e-05,5.525513143319265e-05
2097,8.3000000000000007,27469.576215585741,3.8373091201581291,7.0553842886093285,0,0.0066713693121185523,3.1670548571267987e-05,1.9237705662911343e-05,2.2881681790042107e-05,3.0296096520195078e-05,4.16734140400352e-05,5.3881919481236289e-05
2098,8.3000000000000007,27684.292184698577,3.8075474220434242,20.225624863936257,0,0.0067275917257925083,3.1937449502658561e-05,1.9399829837921908e-05,2.3074515272790351e-05,3.0551414370485637e-05,4.2024613293703992e-05,5.4336004905815916e-05
2099,8.3000000000000007,27100.354930875536,3.8895894761456735,6.5201561528852707,0,0.0064753190550634705,3.0739852203253425e-05,1.867237087721559e-05,2.2209262173181507e-05,2.9405790912355232e-05,4.0448765373071015e-05,5.2298501794296239e-05
2100,8.3000000000000007,27344.007343103822,3.8549307720812283,19.632048768986088,0,0.0065398178149364784,3.1046042883423694e-05,1.8858360904151407e-05,2.2430482140210708e-05,2.9698693398055729e-05,4.0851663698662752e-05,5.2819431879789198e-05
2101,8.3000000000000007,26886.37947613982,3.9205448034567425,6.3205809280268825,0,0.0063096754177541037,2.9953503162225463e-05,1.8194717281618181e-05,2.1641132180351823e-05,2.8653568184291759e-05,3.9414054872461873e-05,5.0960665930245097e-05
2102,8.3000000000000007,26858.78559249287,3.9245726496438564,19.385606183071143,0,0.0063077384171080593,2.9944307767671052e-05,1.818913170442194e-05,2.1634488591856521e-05,2.8644771855414319e-05,3.9401955193049464e-05,5.0945021568801081e-05
2103,8.3000000000000007,26881.0026708037,3.9213290006266872,6.2800374115919269,0,0.0061852476048353377,2.9362815267687508e-05,1.7835914533753083e-05,2.1214365577000049e-05,2.808851521635966e-05,3.8636803378313494e-05,4.9955713411016892e-05
2104,8.3000000000000007,26540.186135658099,3.9716848555678834,19.308598822753304,0,0.0061083497364689361,2.8997763123039905e-05,1.7614170167862424e-05,2.0950618740035662e-05,2.7739305761264161e-05,3.8156452710061921e-05,4.933464080092009e-05
2105,8.3000000000000007,26763.250934694235,3.938581885891145,6.264866108392428,0,0.0060269100630265561,2.8611149968720908e-05,1.7379328954062104e-05,2.0671294270708433e-05,2.7369471010442968e-05,3.7647731176015744e-05,4.8676885890090993e-05
2106,8.3000000000000007,26268.125895401816,4.012819786180394,19.269201569891901,0,0.0059157788322219025,2.8083584055589667e-05,1.7058868519606245e-05,2.0290132721820907e-05,2.6864800629094122e-05,3.6953538188424961e-05,4.7779324422583888e-05
2107,8.3000000000000007,26696.634493937385,3.9484098777650667,6.2481117276446598,0,0.0059006849354745006,2.8011929801762053e-05,1.7015343430625574e-05,2.0238363178540127e-05,2.6796256057308161e-05,3.6859252565908245e-05,4.7657417196173219e-05
2108,8.3000000000000007,26134.913106450909,4.0332736102699229,19.234070883962957,0,0.0057775428406673362,2.742734551144647e-05,1.666024820747381e-05,1.9816006373435906e-05,2.6237041806764423e-05,3.6090032445934613e-05,4.6662848895914732e-05
2109,8.3000000000000007,26749.644064181073,3.9405853433426996,6.1981385517863927,0,0.0058080735815656493,2.7572282070539428e-05,1.6748287316027652e-05,1.9920721712276529e-05,2.637568834689947e-05,3.6280745948197673e-05,4.6909433194552964e-05
2110,8.3000000000000007,26192.173149373521,4.024456265533936,19.159645219809608,0,0.0056885145914208415,2.7004707615077232e-05,1.6403524411419341e-05,1.9510654357338935e-05,2.5832745731100273e-05,3.5533908070483052e-05,4.594380416416209e-05
2111,8.3000000000000007,26803.913242572125,3.9326069438072402,6.1149576353806339,0,0.0056989771114108381,2.7054375641537579e-05,1.6433694361641444e-05,1.954653905235922e-05,2.5880258243244612e-05,3.5599263308223115e-05,4.6028305656029404e-05
2112,8.3000000000000007,26240.764228525117,4.0170040179073929,19.038936255754017,0,0.0055793876667539558,2.6486656611392326e-05,1.6088843637739676e-05,1.9136367243534913e-05,2.5337177327076459e-05,3.4852235193177641e-05,4.5062430657008904e-05
2113,8.3000000000000007,26712.897223595646,3.9460060979771754,6.0145495542204186,0,0.0055628922479504664,2.6408349004965809e-05,1.6041277089272399e-05,1.907979071383069e-05,2.5262268147741451e-05,3.4749194814898346e-05,4.4929203910565058e-05
2114,8.3000000000000007,26189.29398769679,4.0248987005325594,18.888055754085489,0,0.0054525394882760179,2.588447867614223e-05,1.5723061471100771e-05,1.8701299190818024e-05,2.4761132968147369e-05,3.4059864629561416e-05,4.4037929835764563e-05
2115,8.3000000000000007,26470.756960977658,3.9821020416732673,5.9185308739386242,0,0.0053981042571264086,2.5626061917684523e-05,1.5566090854491905e-05,1.8514595445445964e-05,2.4513931091013698e-05,3.371982920056156e-05,4.3598278752977439e-05
2116,8.3000000000000007,26028.15875611077,4.0498160598547326,18.741012953322226,0,0.0053056191663205703,2.5187013586907239e-05,1.5299398834924285e-05,1.8197387040524019e-05,2.4093936768012727e-05,3.3142111298678833e-05,4.2851314526763358e-05
2117,8.3000000000000007,26119.768773345022,4.0356121163873064,5.8579247123270113,0,0.0052110648079113833,2.4738141959431368e-05,1.5026739830285291e-05,1.7873081393548294e-05,2.3664545463956713e-05,3.2551467497844995e-05,4.2087637673025229e-05
2118,8.3000000000000007,25784.309234261054,4.0881163183880371,18.644240795824498,0,0.0051418085773712848,2.440936645464874e-05,1.4827031057450161e-05,1.7635544097221779e-05,2.3350038299549501e-05,3.2118851128532778e-05,4.1528283444088011e-05
2119,8.3000000000000007,25624.655561435455,4.1135872084690419,5.8484047386908911,0,0.0049832778750849164,2.365678417777232e-05,1.4369888476004419e-05,1.7091810282773922e-05,2.263011691112363e-05,3.1128572328881164e-05,4.0247895845041211e-05
2120,8.3000000000000007,25482.510788696556,4.1365333350787026,18.619873325380379,0,0.0049534470307840269,2.3515170191324725e-05,1.4283867604502941e-05,1.6989495472292463e-05,2.2494648749201161e-05,3.0942230804742095e-05,4.0006964324767245e-05
2121,8.3000000000000007,25162.634857653269,4.1891183469161026,5.8687350897724668,0,0.0047738080240978791,2.2662381862515913e-05,1.3765856657345761e-05,1.6373363701472182e-05,2.1678870094065185e-05,2.9820096749028249e-05,3.8556093590273526e-05
2122,8.3000000000000007,25260.318387607229,4.1729187147007618,18.641553891307368,0,0.0047898468826268869,2.2738522070665973e-05,1.381210665867452e-05,1.6428374305737426e-05,2.1751705936803783e-05,2.9920285175262536e-05,3.8685632886241013e-05
2123,8.3000000000000007,25023.239459115139,4.2124544070791314,5.9056367483977228,0,0.0046302206861314841,2.1980739226869394e-05,1.3351805086298604e-05,1.5880883129236715e-05,2.1026809677891589e-05,2.8923163255163576e-05,3.7396397428830852e-05
2124,8.3000000000000007,25231.572857011266,4.1776727886250349,18.695786376066362,0,0.0046667504997382758,2.2154154785506168e-05,1.3457143251405418e-05,1.6006174284874255e-05,2.1192699273732993e-05,2.9151350599623107e-05,3.7691433782439746e-05
2125,8.3000000000000007,25240.006397676869,4.1762768867066544,5.964817260235777,0,0.0045479700513604065,2.1590276249680712e-05,1.311462536677096e-05,1.5598777198083711e-05,2.0653292180464878e-05,2.8409375965402167e-05,3.6732092715259474e-05
2126,8.3000000000000007,25400.859541547834,4.149830251473559,18.789722513109645,0,0.004576880994547272,2.1727523250649095e-05,1.3197993591410505e-05,1.5697936901482257e-05,2.0784582877217056e-05,2.8589971229934384e-05,3.6965594570731871e-05
2127,8.3000000000000007,25570.068439471845,4.1223689169415163,6.0278386969814335,0,0.0044802124009009252,2.1268614854612395e-05,1.2919237932053154e-05,1.5366379780983983e-05,2.0345590384587205e-05,2.7986120635068601e-05,3.6184841904295727e-05
2128,8.3000000000000007,25642.478849491778,4.1107279821753719,18.892922653354084,0,0.0044947810644641239,2.133777570381896e-05,1.2961248447199076e-05,1.5416347862222378e-05,2.0411749761595333e-05,2.8077125332946189e-05,3.6302507037244607e-05
2129,8.3000000000000007,25814.690613787698,4.0833050031847602,6.0768502230549499,0,0.0043999337010474284,2.0887513113125829e-05,1.2687744526947038e-05,1.5091037257039271e-05,1.9981027859940375e-05,2.7484651245341755e-05,3.5536463701981692e-05
2130,8.3000000000000007,25843.542983224881,4.0787463006665705,18.98149314990847,0,0.0044077932806060611,2.0924824373305843e-05,1.2710408581522543e-05,1.5117994301395587e-05,2.0016719870047499e-05,2.7533746940363845e-05,3.559994230931428e-05
2131,8.3000000000000007,26025.269697528842,4.0502656289073853,6.0833001909016922,0,0.0043302228648104991,2.0556579488903444e-05,1.248672484323602e-05,1.485194073914846e-05,1.9664456235086521e-05,2.7049195133460566e-05,3.4973437808891827e-05
2132,8.3000000000000007,26027.876428623989,4.0498599886936164,19.014645957617464,0,0.0043329336526510033,2.056944823202836e-05,1.2494541730017491e-05,1.4861238288401815e-05,1.9676766494977619e-05,2.7066128356426773e-05,3.4995331732810485e-05
2133,8.3000000000000007,26378.943322005751,3.995962008493791,6.0569956490088934,0,0.0042668513076848276,2.025573990349184e-05,1.2303985242661141e-05,1.4634586889159212e-05,1.9376672615039151e-05,2.6653337999054493e-05,3.4461611678648461e-05
2134,8.3000000000000007,26204.334220802753,4.0225885706825197,18.999215226596714,0,0.0042394415825430303,2.0125619535271251e-05,1.2224945963030594e-05,1.454057611276465e-05,1.9252199266370014e-05,2.6482120251824887e-05,3.4240234546908748e-05
2135,8.3000000000000007,26442.3160491991,3.9863851238605355,6.0317765256058822,0,0.0041597481539940228,1.9747296213387768e-05,1.1995140258988824e-05,1.4267240971581052e-05,1.889029458228061e-05,2.5984306821205782e-05,3.3596583341381698e-05
2136,8.3000000000000007,26268.710737868143,4.01273044538845,18.977241697997311,0,0.0041306851147537771,1.9609327176924013e-05,1.1911333446861384e-05,1.4167559604138417e-05,1.8758313185239185e-05,2.5802761472588897e-05,3.3361853068335902e-05
2137,8.3000000000000007,26393.594870458899,3.9937437797427724,5.9948925909718751,0,0.0040319841442791491,1.9140770613315733e-05,1.1626717181474088e-05,1.3829031770779483e-05,1.8310091240352332e-05,2.5186215420900406e-05,3.2564685726067314e-05
2138,8.3000000000000007,26292.809043991238,4.0090526334627388,18.929439670789431,0,0.0040148826656443114,1.9059585899292886e-05,1.1577402985694225e-05,1.3770376557141295e-05,1.8232429815370515e-05,2.5079389225781537e-05,3.2426564082413352e-05
2139,8.3000000000000007,26472.438686680394,3.9818490690086152,5.943847178406414,0,0.0039107265815186811,1.8565132636856677e-05,1.1277056235924199e-05,1.3413138595643597e-05,1.7759435047699109e-05,2.4428767229683743e-05,3.1585338019850205e-05
2140,8.3000000000000007,26393.258244936838,3.9937947168446777,18.85708277609325,0,0.0038992300114132081,1.8510555732941765e-05,1.1243904476296626e-05,1.3373707281542533e-05,1.7707226695669501e-05,2.4356952688525696e-05,3.1492484928415405e-05
2141,8.3000000000000007,26785.603098706924,3.93529520132532,5.8840906553339209,0,0.0038414373986608327,1.8236200699723953e-05,1.1077252441068831e-05,1.3175488278374346e-05,1.7444778239860028e-05,2.3995945020233332e-05,3.1025717648529214e-05
2142,8.3000000000000007,26661.837409138912,3.9535630542407669,18.772437782621903,0,0.003825252768629057,1.8159368480197706e-05,1.1030582089863894e-05,1.3119977702216622e-05,1.7371280417951768e-05,2.3894846016888725e-05,3.0895001015795116e-05
2143,8.3000000000000007,27213.747785896747,3.8733825332787597,5.8726482016986052,0,0.0037704649142701534,1.7899277736991916e-05,1.0872594641298506e-05,1.2932064518168729e-05,1.7122477204378118e-05,2.3552607889714996e-05,3.0452501939667865e-05
2144,8.3000000000000007,26974.259037130254,3.9077720427408003,18.758203345155913,0,0.0037391232509768218,1.7750491539856538e-05,1.0782217139287344e-05,1.2824567851038346e-05,1.6980148094443609e-05,2.335682887494005e-05,3.0199368152738743e-05
2145,8.3000000000000007,27554.783071182879,3.8254431205878099,5.9638216264632051,0,0.0036774259641522474,1.7457600106677488e-05,1.0604305500971153e-05,1.2612956468369957e-05,1.6699967689309076e-05,2.2971430247057644e-05,2.9701064418473315e-05
2146,8.3000000000000007,27258.710018076017,3.866993532307514,18.88269751411055,0,0.0036408547980144117,1.7283988237915807e-05,1.0498848090806328e-05,1.2487523480461965e-05,1.6533890302893765e-05,2.2742984589639081e-05,2.940569407739591e-05
2147,8.3000000000000007,28165.756555387106,3.7424613513101228,6.1203570058344612,0,0.0036346802270895884,1.7254676107342233e-05,1.0481042963779295e-05,1.2466345734113068e-05,1.6505850272735424e-05,2.2704414479271737e-05,2.935582459515961e-05
2148,8.3000000000000007,27691.222476485829,3.8065945058386244,19.080408971364808,0,0.0035750428797231659,1.6971563687977447e-05,1.030907141169208e-05,1.2261799599519397e-05,1.6235024487579217e-05,2.2331883481094828e-05,2.8874158148807284e-05
2149,8.3000000000000007,28692.957457299366,3.6736978227432706,6.280268100050967,0,0.0035595171729845866,1.6897859531249944e-05,1.0264301146028191e-05,1.2208549020134989e-05,1.6164518975458667e-05,2.2234900511795602e-05,2.8748763369828731e-05
2150,8.3000000000000007,28185.265298898645,3.7398709652402995,19.275852650617662,0,0.0034958469472009656,1.6595602095949391e-05,1.0080700298014661e-05,1.1990170786563881e-05,1.5875379037979978e-05,2.1837177712027414e-05,2.8234525015073975e-05
2151,8.3000000000000007,29238.387315793596,3.605166529892962,6.4135367587048568,0,0.0035118030366913769,1.6671349380138204e-05,1.0126711624743346e-05,1.204489750685949e-05,1.5947839009039932e-05,2.1936849112707617e-05,2.8363395819392365e-05
2152,8.3000000000000007,28749.793945524685,3.6664351591067468,19.435962866544198,0,0.0034519234371360118,1.6387086933041861e-05,9.9540415089746682e-06,1.1839520487744067e-05,1.567591310554893e-05,2.1562804860609419e-05,2.7879772801258735e-05
2153,8.3000000000000007,24489.097132799092,4.3043340784404718,6.5453395777890453,0,0.0028731554520435754,1.36395401063254e-05,8.2850935578997183e-06,9.8544430252967857e-06,1.3047605494500027e-05,1.7947469425339572e-05,2.3205300663369414e-05
2154,8.3000000000000007,24097.151938910582,4.3743449684913882,19.60625206838553,0,0.0028262723471279717,1.3416975055293925e-05,8.1499004167717888e-06,9.6936418107606149e-06,1.2834699417016136e-05,1.7654609151650136e-05,2.2826645013246107e-05
2155,8.3000000000000007,25122.795094096247,4.1957614566428845,6.6301355115454559,0,0.0029476132163693478,1.399300850707843e-05,8.4998015867020929e-06,1.0109820713203445e-05,1.3385733921987006e-05,1.8412577725611128e-05,2.3806665551813899e-05
2156,8.3000000000000007,24846.768572209228,4.242372807256908,19.677030713461473,0,0.0029137674755796527,1.3832334869109768e-05,8.4022032723541527e-06,9.9937354787537093e-06,1.3232033267475275e-05,1.8201156725898438e-05,2.3533307355813499e-05
2157,8.3000000000000007,26306.070573386991,4.0070315726129442,6.5761783072093296,0,0.0030942571937393835,1.4689161724011762e-05,8.9226673496210871e-06,1.0612785047753488e-05,1.4051675183016831e-05,1.9328604840811921e-05,2.4991048938700828e-05
2158,8.3000000000000007,26131.957617384665,4.0337297680607334,19.530294792294022,0,0.0030723293467967709,1.4585065112181589e-05,8.8594357332065873e-06,1.0537576197424938e-05,1.395209620059613e-05,1.9191630225572727e-05,2.4813946693557166e-05
2159,8.3000000000000007,28218.516617864065,3.735464084324525,6.4179944323846128,0,0.0033198476205249009,1.5760092178385752e-05,9.5731848113042552e-06,1.1386522509897793e-05,1.5076128938186873e-05,2.0737779302466137e-05,2.681305048637635e-05
2160,8.3000000000000007,27928.609171137639,3.7742393361957829,19.212879292326548,0,0.0032871095843312664,1.5604677072896835e-05,9.4787806980241157e-06,1.1274236517087759e-05,1.4927458604106835e-05,2.0533277696674844e-05,2.6548638767037874e-05
2161,8.3000000000000007,23295.669929984102,4.5248432715503331,6.313844825594825,0,0.0027802069858230407,1.3198292024209032e-05,8.0170653389070157e-06,9.535645320143904e-06,1.2625506885912103e-05,1.7366856999917645e-05,2.2454593943580752e-05
2162,8.3000000000000007,29971.054710722427,3.5170352313705808,18.896728543998346,0,0.0036194463569397387,1.7182357367075103e-05,1.0437114244450646e-05,1.2414096105454902e-05,1.6436670052177463e-05,2.2609254498091617e-05,2.9232786860865575e-05
2163,8.3000000000000007,25403.361452775724,4.1494215454478107,6.2135478051059572,0,0.0032496675803674953,1.5426931133545794e-05,9.3708121209621084e-06,1.1145816700975309e-05,1.4757426559270793e-05,2.029939225866791e-05,2.6246235025256204e-05
2164,8.3000000000000007,24868.344898867508,4.2386920306765674,18.731924043481605,0,0.003062079118034204,1.4536404881769551e-05,8.829877950585624e-06,1.0502419625835633e-05,1.390554774773493e-05,1.9127601087438882e-05,2.4731159791047419e-05
2165,8.3000000000000007,28075.071226361779,3.7545498812472959,6.1789625598770481,0,0.0037730938924384746,1.7911758110492058e-05,1.0880175619929761e-05,1.294108147391891e-05,1.7134415949276001e-05,2.356903007991089e-05,3.0473735120347297e-05
2166,8.3000000000000007,26030.739417648139,4.0494145651306912,9.9808659740120529,0,0.0026110125635900234,1.2395086577677281e-05,7.5291726226677015e-06,8.9553367284499277e-06,1.1857159293860968e-05,1.6309966145715784e-05,2.1088079842963721e-05
2167,8.3000000000000007,25530.146682850784,4.1288151082089914,27.188280751934975,0,0.0033047394749631566,1.5688370282107899e-05,9.5296186341326054e-06,1.1334704095565145e-05,1.5007519659526746e-05,2.0643404673223529e-05,2.6691028178123984e-05
2168,8.3000000000000007,26305.972505079364,4.0070465107721347,2.8643612281817581,0,0.0035293633944216696,1.6754712500422346e-05,1.0177349054264319e-05,1.2105126599105062e-05,1.6027584300873752e-05,2.2046541744631965e-05,2.8505223641690642e-05
2169,8.3000000000000007,26977.792977403991,3.9072601464187402,10.260033004118824,0,0.0024296816099237764,1.1534266181311376e-05,7.0062827403957658e-06,8.3334018622540208e-06,1.1033697150280868e-05,1.5177263164233222e-05,1.9623543945190463e-05
2170,8.3000000000000007,26307.560902144214,4.0068045734469635,27.309440494151129,0,0.002930340264276902,1.3911009768495741e-05,8.449992926330012e-06,1.0050577374263111e-05,1.3307293799832344e-05,1.8304680403402534e-05,2.3667158987223359e-05
2171,8.3000000000000007,27356.313515111222,3.8531966407213267,3.0296885999666245,0,0.0030870563584558218,1.4654977676789631e-05,8.9019028643660695e-06,1.0588087386168232e-05,1.4018974669738316e-05,1.9283624061579558e-05,2.4932890739267658e-05
2172,8.3000000000000007,27359.65127750954,3.8527265669352873,10.778553516701011,0,0.0021475561719878893,1.0194950822302814e-05,6.1927396908194821e-06,7.3657587602601299e-06,9.7525059736836197e-06,1.3414936775710309e-05,1.7344932251057968e-05
2173,8.3000000000000007,26282.145810902413,4.0106791925345719,27.643952001097912,0,0.002507579019790832,1.1904063382957694e-05,7.2309094058995674e-06,8.6005769595175874e-06,1.1387445734356193e-05,1.5663857574190306e-05,2.0252689442896489e-05
2174,8.3000000000000007,27640.793775610691,3.8135393720840094,3.2117728091763915,0,0.0025037580379343605,1.1885924289495202e-05,7.2198911395049014e-06,8.5874716303302973e-06,1.1370093849052032e-05,1.5639989406877947e-05,2.0221828936290196e-05
2175,8.3000000000000007,26888.847434389179,3.9201849612986401,11.411173534080932,0,0.0018121895683883913,8.6028872126349207e-06,5.2256692578428651e-06,6.2155073579533326e-06,8.2295354234182945e-06,1.1320033814542346e-05,1.4636313452362578e-05
2176,8.3000000000000007,25712.740255668803,4.0994952031884955,28.087736245282649,0,0.0021003681045848924,9.9709380431037723e-06,6.0566671532294144e-06,7.2039115753589615e-06,9.538214997160138e-06,1.3120171521587433e-05,1.6963813543738795e-05
2177,8.3000000000000007,26606.895837596785,3.9617269140430049,3.4091300747625191,0,0.0020426293161166179,9.6968385263360572e-06,5.8901703268780294e-06,7.0058771804898721e-06,9.2760109687882664e-06,1.2759500072378708e-05,1.6497480980566127e-05
2178,8.3000000000000007,27686.921735744814,3.8071858021998457,12.411360685665491,0,0.0016809285632469774,7.9797605583672257e-06,4.8471621682501101e-06,5.7653040472730043e-06,7.633451486964886e-06,1.0500098062427274e-05,1.3576172036235543e-05
2179,8.3000000000000007,26599.494085479935,3.9628293305204823,28.820479020436746,0,0.0021484788423190545,1.0199330953902687e-05,6.1954003230561977e-06,7.3689233652950341e-06,9.756696014453589e-06,1.3420700333524934e-05,1.7352384281693007e-05
2180,8.3000000000000007,26729.334162706764,3.9435795406387193,3.6878212560920036,0,0.0019956416306073179,9.473777006796048e-06,5.7546756148752984e-06,6.8447172719953225e-06,9.0626299687491216e-06,1.2465986524949239e-05,1.6117980675790203e-05
2181,8.3000000000000007,25725.971913328849,4.0973867068684982,7.7671975016014096,0,0.0010526834370962099,4.9973341850771759e-06,3.035540857001032e-06,3.6105282598474811e-06,4.7804577326494657e-06,6.5756984323307899e-06,8.5020932799831649e-06
2182,8.3000000000000007,28921.399777677634,3.6446802765163486,20.746558715725644,0,0.0011215065093531319,5.3240533863028326e-06,3.2340005651888101e-06,3.8465798956541451e-06,5.0929978338434647e-06,7.0056090326119161e-06,9.0579490667498495e-06
2183,8.3000000000000007,27557.856320492479,3.8250165075634674,8.6546307820495603,0,0.00096852403326883865,4.5978098352855878e-06,2.7928569695034404e-06,3.321875569833827e-06,4.3982721119546892e-06,6.0499878147684085e-06,7.8223722199635923e-06
2184,8.3000000000000007,25510.876393475519,4.1319339137210003,21.556679596020558,0,0.00085847242576686446,4.0753691461745579e-06,2.4755097602869702e-06,2.9444169484427833e-06,3.8985045279557082e-06,5.3625388083297559e-06,6.9335304280048531e-06
2185,8.3000000000000007,26786.024222371718,3.9352333315262236,9.1858496484091265,1,0.004098942563370918,1.9458637870379301e-05,1.1819799935235212e-05,1.4058687957859252e-05,1.8614163557853776e-05,2.5604478267960714e-05,3.3105481472382826e-05
2186,8.3000000000000007,25659.009064267972,4.1080797420870008,22.308762522319817,1,0.0038072222608458361,1.8073773447784221e-05,1.097858892542367e-05,1.3058136073863189e-05,1.7289400075468505e-05,2.3782216542930909e-05,3.0749375983941978e-05
2187,8.4000000000000004,34942.474989263988,4.2611329266955478,14.39263568161158,1,0.13354772897597961,0.00052036371249102118,0.00033235452868013953,0.00033643816971838756,0.00047890572690394476,0.00067908136969435456,0.00089497396919098579
2188,8.4000000000000004,30996.388108225674,4.8036090591301992,6.7265714927899474,0,0.022524760512744945,8.7766883744547336e-05,5.6056409354537667e-05,5.6745174615556057e-05,8.077439346522787e-05,0.00011453691753742492,0.00015095033420443725
2189,8.4000000000000004,31401.645310101223,4.7416155824514172,19.924518748668923,0,0.021296525297800305,8.2981111338220934e-05,5.2999752838538822e-05,5.365096095225992e-05,7.6369909143911684e-05,0.00010829142269848637,0.00014271928037935228
2190,8.4000000000000004,31366.5498806164,4.7469208849456805,6.6734728845968299,0,0.018847970639113643,7.3440410030896201e-05,4.6906139448215e-05,4.7482475316894748e-05,6.7589326668463594e-05,9.5840684193666841e-05,0.00012631022049889535
2191,8.4000000000000004,31735.342524967451,4.6917574814214529,19.914956665449559,0,0.017891682904294284,6.9714270771802295e-05,4.4526267009907559e-05,4.5073361379175628e-05,6.4160053282202092e-05,9.0978024305980956e-05,0.00011990163057915305
2192,8.4000000000000004,34927.624842461519,4.2629446287449051,6.7235010380783811,0,0.018341123124771732,7.146549771863037e-05,4.5644769689002514e-05,4.6205607103866747e-05,6.5771757929956417e-05,9.3263398103482625e-05,0.00012291356721872795
2193,8.4000000000000004,31403.625020564108,4.741316667088193,19.954748781523048,0,0.016026072973146975,6.2444991711231053e-05,3.9883403262827479e-05,4.0373450752042904e-05,5.7469926186472739e-05,8.1491521187782855e-05,0.00010739919165455447
2194,8.4000000000000004,33198.978903711359,4.4849129591857215,6.7512125741306361,0,0.015222199903355691,5.9312730472678768e-05,3.7882838691061581e-05,3.8348305237699292e-05,5.4587215864261691e-05,7.7403879791855732e-05,0.00010201201302176582
2195,8.4000000000000004,35500.597751142283,4.1941415116650402,19.985091699090844,0,0.015069539178251259,5.8717893688286867e-05,3.7502918465318335e-05,3.7963716931062831e-05,5.4039770422198269e-05,7.6627610100881826e-05,0.0001009889527560921
2196,8.4000000000000004,32662.846669975912,4.5585289066018282,6.7608489748370584,0,0.013587802022971617,5.2944360488063879e-05,3.3815382498612442e-05,3.4230872199456223e-05,4.8726221364711759e-05,6.9093074660632613e-05,9.1059048344187781e-05
2197,8.4000000000000004,30941.374665181698,4.8121498261853031,20.028056669047945,0,0.012327138367815066,4.8032231881835358e-05,3.0678022708622316e-05,3.1054963660811966e-05,4.4205447789724776e-05,6.2682683347863952e-05,8.2610674388886691e-05
2198,8.4000000000000004,32622.987996762691,4.5640985041518523,6.7453362782618012,0,0.012412923362007479,4.8366489891284647e-05,3.0891512159407183e-05,3.1271076257085234e-05,4.4513075072615956e-05,6.3118894369961406e-05,8.3185565009177354e-05
2199,8.4000000000000004,31384.969851113958,4.7441348971601345,20.015725543843114,0,0.011420362561764152,4.4499013994479439e-05,2.8421368492564395e-05,2.8770581927989263e-05,4.0953725503875718e-05,5.8071788343505534e-05,7.6533890092137562e-05
2200,8.4000000000000004,32936.559903805377,4.5206460890830824,6.7136518071123641,0,0.011784577216587638,4.5918162724157001e-05,2.9327773946782424e-05,2.968812438859874e-05,4.2259808994435735e-05,5.9923795776030082e-05,7.8974685137956195e-05
2201,8.4000000000000004,31999.31147378181,4.6530542020875378,19.978125666905239,0,0.010952634821139009,4.2676530411920619e-05,2.7257354443219861e-05,2.7592265634712993e-05,3.9276441319900459e-05,5.5693423715493793e-05,7.3399399107245496e-05
2202,8.4000000000000004,33458.989429648966,4.4500606041929274,6.6782735561976638,0,0.011262611174219768,4.3884341634996851e-05,2.8028779352651858e-05,2.8373169044199118e-05,4.0388024810188606e-05,5.7269632970694261e-05,7.547671460485258e-05
2203,8.4000000000000004,32758.222281316041,4.5452567431264983,19.932900600177096,0,0.010725669278910836,4.1792167697054596e-05,2.669251499299271e-05,2.7020486000555964e-05,3.8462536816870827e-05,5.453931894357774e-05,7.1878382960021705e-05
2204,8.4000000000000004,33713.36126914357,4.4164842991572417,6.6434670744381981,0,0.010653169136710784,4.1509673614672023e-05,2.6512086985905634e-05,2.6837841074033137e-05,3.820254936843432e-05,5.4170660515270793e-05,7.1392521159680932e-05
2205,8.4000000000000004,33244.376182396998,4.4787885295266436,19.885161759686024,0,0.010382895983601119,4.0456564419800604e-05,2.5839469734339981e-05,2.6156959372386317e-05,3.7233342614825759e-05,5.2796339406161292e-05,6.9581277805270714e-05
2206,8.4000000000000004,34039.241956667138,4.3742023076346745,6.620144922173294,0,0.010323362492810314,4.0224594407858099e-05,2.5691311278751268e-05,2.6006980493432805e-05,3.7019853925044837e-05,5.2493615542723848e-05,6.9182312394466729e-05
2207,8.4000000000000004,33651.158361221162,4.4246480052398773,19.848925558201419,0,0.010087327226739516,3.930489185452229e-05,2.5103900394205554e-05,2.5412352089679606e-05,3.6173425149809483e-05,5.1293391824892158e-05,6.7600515230529712e-05
2208,8.4000000000000004,34481.199009523902,4.3181366946045854,6.6028131097273572,0,0.010020293361826036,3.9043696916379436e-05,2.493707607791235e-05,2.524347800253809e-05,3.5933039917879816e-05,5.095252905507643e-05,6.7151285845561137e-05
2209,8.4000000000000004,33985.392432495144,4.3811331886997094,19.820129832531979,0,0.0097539599184294206,3.8005938652505792e-05,2.4274263413626898e-05,2.4572521357163239e-05,3.4977961068642116e-05,4.9598241109305984e-05,6.5366444569766441e-05
2210,8.4000000000000004,34615.228753146817,4.3014169219798282,6.5996985997251025,0,0.0096349376385019662,3.7542172806938058e-05,2.3978057749546755e-05,2.4272676213246904e-05,3.45511439904073e-05,4.8993020687386134e-05,6.456881331758698e-05
2211,8.4000000000000004,34115.876664678377,4.3643765095195484,19.81426710468989,0,0.0093757796861599265,3.6532373574586225e-05,2.3333102423351425e-05,2.3619796319126029e-05,3.3621796643949425e-05,4.7675219639078748e-05,6.2832058802677324e-05
2212,8.4000000000000004,34367.270093128216,4.3324514956676783,6.6198081118135805,0,0.0090496463865656334,3.5261607415961719e-05,2.2521468411266832e-05,2.279818975762877e-05,3.2452273911459683e-05,4.6016853379392916e-05,6.0646467060598681e-05
2213,8.4000000000000004,34004.192002187476,4.3787110338457707,19.844948400530615,0,0.0086460831794409193,3.3689138529411272e-05,2.1517137895689856e-05,2.1781519030153184e-05,3.1005085460246781e-05,4.3964761160724118e-05,5.794197655320254e-05
2214,8.4000000000000004,33702.794011838749,4.4178690545563191,6.6351496547566038,0,0.0084109009911175793,3.2772759961493377e-05,2.0931850029295463e-05,2.1189039730081363e-05,3.0161715844623383e-05,4.2768875286820157e-05,5.6365896314469172e-05
2215,8.4000000000000004,33752.374404545422,4.4113794464467917,19.867518998231755,0,0.0079500224153176008,3.0976963892553952e-05,1.9784881203892776e-05,2.0027978095461947e-05,2.8508992948843986e-05,4.0425338208976429e-05,5.3277305205795321e-05
2216,8.4000000000000004,32786.608106935637,4.5413215734716843,6.6732399611356721,0,0.0078229084544901347,3.0481669116126003e-05,1.9468538119188753e-05,1.9707748102377304e-05,2.8053158886546553e-05,3.9778972124821482e-05,5.2425447319976789e-05
2217,8.4000000000000004,33277.069138697661,4.4743883572318586,19.90552318817646,0,0.0073277480295194713,2.8552295108854712e-05,1.8236253520086492e-05,1.8460322418904451e-05,2.6277500363013788e-05,3.7261114111167077e-05,4.9107115407331548e-05
2218,8.4000000000000004,32124.295808597824,4.6349508049648183,6.8952891065902806,0,0.0073477696141262209,2.863030846165231e-05,1.8286080382485648e-05,1.8510761504103482e-05,2.6349298300750259e-05,3.7362922544769485e-05,4.9241290635786533e-05
2219,8.4000000000000004,32873.890469183869,4.5292640631191139,20.129525328191409,0,0.0067866138340281039,2.6443786030633117e-05,1.688955596203526e-05,1.7097077984130922e-05,2.4336978669148169e-05,3.4509482514879686e-05,4.5480688941547262e-05
2220,8.4000000000000004,31477.832722082985,4.7301392072184445,7.385599218702203,0,0.0073278154552837158,2.8552557830813887e-05,1.8236421319705913e-05,1.8460492280278268e-05,2.6277742153607198e-05,3.7261456966719071e-05,4.9107567263041223e-05
2221,8.4000000000000004,32376.117999345632,4.598900050957246,20.633315662909045,0,0.0066402989463246213,2.5873675563447371e-05,1.6525428350772582e-05,1.6728476335874027e-05,2.3812289569679404e-05,3.3765480987409101e-05,4.4500155488797406e-05
2222,8.4000000000000004,34248.67290631379,4.3474540203144487,14.324653738196957,0,0.0074401535175194541,2.8990278873075489e-05,1.8515992256729589e-05,1.8743498306199533e-05,2.6680589448477061e-05,3.7832688583735759e-05,4.9860404036989108e-05
2223,8.4000000000000004,31736.970783728433,4.6915167717684874,21.322288663546839,0,0.0067156867236537838,2.6167421207706926e-05,1.6713042692061635e-05,1.6918395895107586e-05,2.4082632154898422e-05,3.4148822849374486e-05,4.5005368859493527e-05
2224,8.4000000000000004,33387.303229051926,4.459615372212153,14.962122091000401,0,0.0074462729091568439,2.9014122852864855e-05,1.8531221325310905e-05,1.8758914494389776e-05,2.6702533750508892e-05,3.7863805285507317e-05,4.9901413317077533e-05
2225,8.4000000000000004,31217.550712626704,4.7695776035614594,21.999351312186128,0,0.0071338723089098138,2.7796865641712976e-05,1.7753763295506676e-05,1.7971903835564268e-05,2.5582256845063034e-05,3.6275268893793395e-05,4.780785165695361e-05
2226,8.4000000000000004,32597.261150811526,4.5677006429505393,15.801829896520941,0,0.0080233876034581965,3.1262828593969499e-05,1.9967462013862095e-05,2.0212802276362144e-05,2.8772082475152862e-05,4.0798395338681427e-05,5.3768964136531927e-05
2227,8.4000000000000004,32366.427350751866,4.60027698155971,16.621653645556666,0,0.0089852672478368482,3.5010756518737471e-05,2.2361250798634219e-05,2.2636003550734496e-05,3.2221408598610338e-05,4.5689489716656654e-05,6.0215028399956525e-05
2228,8.4000000000000004,32738.583118889419,4.5479833435760284,17.106549336484722,0,0.010470852997314725,4.0799285621775282e-05,2.6058364597330547e-05,2.6378543797180416e-05,3.7548758817795342e-05,5.3243595003878001e-05,7.0170724277217913e-05
2229,8.4000000000000004,33170.667217825496,4.4887409028955076,16.982250204849699,0,0.012094394992800657,4.7125356058421157e-05,3.0098804212737209e-05,3.0468628305622123e-05,4.3370823823836141e-05,6.1499198678345547e-05,8.105093792809659e-05
2230,8.4000000000000004,33633.067954681501,4.4270279154317613,16.335562426753128,0,0.012976552316539297,5.0562648953640271e-05,3.2294191463430349e-05,3.2690990285702528e-05,4.6534263573864976e-05,6.5984910328283753e-05,8.6962740753431574e-05
2231,8.4000000000000004,34367.37431121312,4.3324383576317693,15.425575221228426,0,0.013582057891945734,5.2921978697159743e-05,3.3801087325085921e-05,3.4216401381091964e-05,4.87056227572665e-05,6.9063866134252779e-05,9.102055388394345e-05
2232,8.4000000000000004,34810.542419902362,4.277282695596849,14.50355612524228,0,0.013792893506810991,5.3743491755583557e-05,3.432578491406651e-05,3.4747545930839236e-05,4.9461684909491094e-05,7.013595129227746e-05,9.2433474856315199e-05
2233,8.4000000000000004,34491.035421976543,4.3169052159599071,13.879917958792806,0,0.013406818456746008,5.2239164816500182e-05,3.3364976427966477e-05,3.3774931988140443e-05,4.807720945709233e-05,6.8172785195682125e-05,8.9846181739377108e-05
2234,8.4000000000000004,33928.212873584147,4.3885167565932965,13.646118780363503,0,0.01296527058550276,5.0518690112179526e-05,3.2266115101293045e-05,3.2662568949223861e-05,4.6493806984717294e-05,6.5927543472077651e-05,8.6887135906516276e-05
2235,8.4000000000000004,33502.023327049821,4.4443444284981348,13.596521059183456,0,0.012558512254470161,4.8933771545268925e-05,3.1253833017324588e-05,3.1637848952413375e-05,4.5035160733739562e-05,6.3859204259646049e-05,8.416123318381836e-05
2236,8.4000000000000004,33060.169782972407,4.5037436799152895,13.589349304082921,0,0.012128255461266071,4.7257292102653831e-05,3.0183071314274634e-05,3.0553930797275577e-05,4.3492248369113534e-05,6.1671376921137842e-05,8.1277854837081304e-05
2237,8.4000000000000004,32819.329870392605,4.5367937524925237,13.590992824678789,0,0.011821903538232178,4.6063603335191875e-05,2.9420666369084606e-05,2.9782158180357695e-05,4.2393662181883374e-05,6.0113597653024826e-05,7.9224828562285946e-05
2238,8.4000000000000004,33021.024116233792,4.5090827647525602,13.544181970075364,0,0.011690095359544456,4.5550017715095263e-05,2.9092640984902863e-05,2.9450102347348455e-05,4.1920994528825177e-05,5.9443361781501505e-05,7.8341512239675902e-05
2239,8.4000000000000004,33335.907730170817,4.4664909659031347,13.456226678645946,0,0.011555807225423691,4.5026769041752852e-05,2.8758443841564919e-05,2.9111798922760728e-05,4.1439433689275099e-05,5.8760515500612445e-05,7.7441576423987649e-05
2240,8.4000000000000004,33388.241728998481,4.4594900182380668,13.351562396383036,0,0.011336694041608744,4.4173002746661594e-05,2.8213146220311323e-05,2.8559801228085376e-05,4.0653687953471471e-05,5.7646339451913718e-05,7.5973183083834266e-05
2241,8.4000000000000004,33114.571871239707,4.496344729925517,13.230637898629151,0,0.01101032902721257,4.2901333720010273e-05,2.7400935549496869e-05,2.7737610922450803e-05,3.9483334285506599e-05,5.5986794937784729e-05,7.3786038498307449e-05
2242,8.4000000000000004,32680.152591447553,4.5561149171608939,13.122936583537063,0,0.010634699254998102,4.1437706413949271e-05,2.6466121780218753e-05,2.6791311093733376e-05,3.8136315878765374e-05,5.4076742388263205e-05,7.1268744713060407e-05
2243,8.4000000000000004,32135.172577479407,4.6333820164804385,13.068317036168867,0,0.01022112761264409,3.9826240035250683e-05,2.5436883699391775e-05,2.5749426761682789e-05,3.6653236911214899e-05,5.1973757938359006e-05,6.8497182387436891e-05
2244,8.4000000000000004,31637.94203267555,4.7062015147259171,13.069778926062176,0,0.0097994418938216494,3.8183157462200285e-05,2.4387452463046409e-05,2.4687101160754587e-05,3.514106064849465e-05,4.982951394623543e-05,6.5671243343624672e-05
2245,8.4000000000000004,31332.596235009336,4.7520648975338275,13.112970726616711,0,0.0094678194505398595,3.6891003061263275e-05,2.3562157853532687e-05,2.3851666154028768e-05,3.3951853699972951e-05,4.8143235753921942e-05,6.3448865946326519e-05
2246,8.4000000000000004,31366.477603454849,4.7469318231827371,13.190931898334068,0,0.009244400099231909,3.6020457946191707e-05,2.3006143657174979e-05,2.3288820209660551e-05,3.3150665932401202e-05,4.7007163128308698e-05,6.1951614700143844e-05
2247,8.4000000000000004,31699.461371218342,4.6970681606652738,13.281302403207585,0,0.0090912297319654025,3.5423635360247558e-05,2.2624955106752082e-05,2.2902947994435493e-05,3.2601392899917782e-05,4.6228301940645709e-05,6.0925139052777333e-05
2248,8.4000000000000004,32151.031372804722,4.6310965576965097,13.346187699368533,0,0.0089620468179316837,3.4920278985321218e-05,2.2303463106577927e-05,2.2577505821141707e-05,3.2138139516103107e-05,4.5571415366266713e-05,6.0059416017193481e-05
2249,8.4000000000000004,32547.539949204205,4.5746784841300716,13.383018534244679,0,0.0088530556669875402,3.4495599057262198e-05,2.203222148472405e-05,2.2302931452709404e-05,3.1747294334614542e-05,4.5017202571820578e-05,5.9329008666090422e-05
2250,8.4000000000000004,32877.867062250771,4.528716246557976,13.383196082029814,0,0.0087135998275828432,3.3952214614279781e-05,2.1685163693981852e-05,2.1951609361906224e-05,3.1247201965742295e-05,4.4308078851327726e-05,5.8394441323943173e-05
2251,8.4000000000000004,33122.900094153512,4.4952141960319967,13.355524193892188,0,0.0085216733595332907,3.3204380336562357e-05,2.1207524490987048e-05,2.1468101404667054e-05,3.0558948519591146e-05,4.3332145454308806e-05,5.710824054598753e-05
2252,8.4000000000000004,32939.380789776107,4.5202589467985108,13.326653738471544,0,0.0082392864127530541,3.2104070199412828e-05,2.0504760158547896e-05,2.0756702204878381e-05,2.954630137798158e-05,4.1896226505527422e-05,5.5215816252848941e-05
2253,8.4000000000000004,32803.75004920928,4.5389484584424054,13.28320688930134,0,0.0078785601920342251,3.0698514022266093e-05,1.9607036221279459e-05,1.9847947931041928e-05,2.8252727505394529e-05,4.006195752971825e-05,5.2798399049101046e-05
2254,8.4000000000000004,33065.570515336236,4.5030080653811568,13.208900542854535,0,0.0075218259066046518,2.9308512271114245e-05,1.8719246842851936e-05,1.8949250281999093e-05,2.6973468819491025e-05,3.8247987280849225e-05,5.0407733915178475e-05
2255,8.4000000000000004,33611.456589993068,4.4298743887617738,13.147595755277568,0,0.0072283002716854719,2.8164800653784527e-05,1.7988762133024714e-05,1.8209790104466619e-05,2.5920878044389223e-05,3.67554288395359e-05,4.8440663381240962e-05
2256,8.4000000000000004,34064.995400430635,4.3708953712380714,13.156337773362564,0,0.0068658989016116044,2.6752717320062026e-05,1.7086869323109536e-05,1.7296815735033366e-05,2.4621297041424901e-05,3.4912641840041985e-05,4.601202011562918e-05
2257,8.4000000000000004,33088.603243267062,4.4998735553240916,6.2223906992215046,0,0.0050840940538098411,1.980998162065233e-05,1.2652567707260596e-05,1.2808029842630825e-05,1.8231697215351058e-05,2.5852282028225971e-05,3.4071203381503302e-05
2258,8.4000000000000004,32592.510669448457,4.568366402547781,19.200161231746311,0,0.0050086664878419796,1.9516080941455775e-05,1.2464854345685966e-05,1.2618010046449158e-05,1.7961211947009795e-05,2.5468737843664216e-05,3.356572336609388e-05
2259,8.4000000000000004,33847.716320741012,4.3989535159791462,6.3222053605829931,0,0.0046611566825927068,1.8162022031033807e-05,1.1600021537064242e-05,1.1742551034650555e-05,1.6715032493676784e-05,2.3701673466453126e-05,3.123687635295846e-05
2260,8.4000000000000004,33287.97511075357,4.4729224358524755,19.31586606425304,0,0.0045828090562274127,1.785674344611952e-05,1.1405041145907396e-05,1.1545174918873547e-05,1.6434075810673822e-05,2.330328096788795e-05,3.0711827468319983e-05
2261,8.4000000000000004,34636.537681280221,4.298770624451314,6.4101237851259638,0,0.0042978139085156752,1.6746270551953862e-05,1.0695785895217976e-05,1.082720504690362e-05,1.541207559078588e-05,2.1854099489862655e-05,2.88019242411852e-05
2262,8.4000000000000004,34164.580575235377,4.3581547968692611,19.411237312004115,0,0.0042365340587069474,1.6507495917657406e-05,1.054328135053618e-05,1.0672826678447993e-05,1.5192324410872577e-05,2.1542495506314123e-05,2.8391255554901445e-05
2263,8.4000000000000004,35832.110743082274,4.1553379811914626,6.474227359122037,0,0.0039979172024230836,1.5577734294970877e-05,9.9494457726985044e-06,1.0071694641178095e-05,1.4336637984106668e-05,2.0329144572981873e-05,2.679215778946767e-05
2264,8.4000000000000004,35451.976896113621,4.1998935955898924,19.451106558718664,0,0.0039527357191724974,1.5401686341625637e-05,9.8370045452365313e-06,9.9578718480348049e-06,1.4174615977108615e-05,2.00993997187197e-05,2.6489372772389721e-05
2265,8.4000000000000004,31067.658338892805,4.7925894218616145,6.5589875398306168,0,0.0032478124882455201,1.2654979435570316e-05,8.0826922108608862e-06,8.1820042730219681e-06,1.1646742422783465e-05,1.6514911709392618e-05,2.176530934731175e-05
2266,8.4000000000000004,30786.80689970158,4.8363096310072899,19.541459191941126,0,0.0032165623465679953,1.2533214431673379e-05,8.0049213181017183e-06,8.1032778090824894e-06,1.1534678579162298e-05,1.6356006805683374e-05,2.1555885618811318e-05
2267,8.4000000000000004,33103.968029646268,4.4977849961565299,6.4949247149569596,0,0.0032150122083531574,1.2527174376312405e-05,8.0010635553398054e-06,8.0993726459785599e-06,1.1529119742076329e-05,1.6348124455378962e-05,2.1545497322719981e-05
2268,8.4000000000000004,32701.743826501708,4.5531067550080708,19.352460585649865,0,0.003176329855389771,1.2376450040149893e-05,7.9047964358165863e-06,8.0019226920842249e-06,1.1390403790061769e-05,1.6151427248808705e-05,2.1286266415277777e-05
2269,8.4000000000000004,35480.967004097329,4.1964620270860751,6.3771021672904569,0,0.0032947025734041038,1.2837684892108101e-05,8.1993855629092439e-06,8.3001314366185183e-06,1.1814891521908156e-05,1.6753344691358962e-05,2.2079544609505005e-05
2270,8.4000000000000004,34872.342903685065,4.2697025298307185,19.067052919004514,0,0.0033210304184658947,1.2940270352027874e-05,8.2649065463341969e-06,8.3664574765529852e-06,1.190930387825305e-05,1.688722004231216e-05,2.225598142483591e-05
2271,8.4000000000000004,30558.12031621737,4.872502928066857,6.2856040288397965,0,0.0028255685835856192,1.1009721912358891e-05,7.0318718412644532e-06,7.1182724705584933e-06,1.0132564490725324e-05,1.4367829379201054e-05,1.8935629604961795e-05
2272,8.4000000000000004,29971.054710722427,4.9679443100719443,18.896728543998346,0,0.002854834362831351,1.1123754922534533e-05,7.1047043360006365e-06,7.1919998583644461e-06,1.0237512357608246e-05,1.4516643931179985e-05,1.9131755071219112e-05
2273,8.4000000000000004,33473.2215918484,4.4481685250531164,6.2210992366321616,0,0.0031329900229059245,1.2207578009880551e-05,7.7969384459526354e-06,7.8927394507923455e-06,1.1234985991955259e-05,1.5931047066898251e-05,2.0995823274091025e-05
2274,8.4000000000000004,32445.454183229522,4.5890721663544891,18.643277047976206,0,0.0032491304842253224,1.2660114957427237e-05,8.0859722511583016e-06,8.1853246151838377e-06,1.1651468791607583e-05,1.6521613631784552e-05,2.1774141935499255e-05
2275,8.4000000000000004,36717.622522160898,4.055124501242509,6.2151883549451608,0,0.0034727851076551738,1.3531576801489531e-05,8.6425719591962572e-06,8.7487632654159838e-06,1.2453500251299167e-05,1.7658882600577993e-05,2.3272969864613137e-05
2276,8.4000000000000004,35003.403570314513,4.2537157970335793,18.461045506354747,0,0.0036551794596360815,1.4242269546786984e-05,9.096488992090447e-06,9.2082575781831078e-06,1.3107571274358658e-05,1.8586345817792172e-05,2.4495290890976165e-05
2277,8.4000000000000004,30772.759277364345,4.8385173839939482,6.2181735233673452,0,0.0029692049122983437,1.15693954749919e-05,7.3893334371800942e-06,7.4801261981188439e-06,1.0647648206033982e-05,1.5098210611349521e-05,1.9898212617145923e-05
2278,8.4000000000000004,37193.70785404482,4.0032182674897285,18.412231993938672,0,0.0040311400594206211,1.5707185910055295e-05,1.003212607781107e-05,1.0155390839434508e-05,1.4455776037611819e-05,2.0498080603628304e-05,2.7014801726754679e-05
2279,8.4000000000000004,33068.04561839396,4.5026710206957761,6.3486125270650398,0,0.0032876551479003612,1.2810224863197457e-05,8.1818469360852269e-06,8.2823773126368785e-06,1.1789619265617836e-05,1.6717508998752305e-05,2.2032316083613739e-05
2280,8.4000000000000004,32872.56728308172,4.52944637499058,11.557447308717558,0,0.0017388587288167247,6.7753977590082149e-06,4.327423443952203e-06,4.3805945081040233e-06,6.2355938951011608e-06,8.8419816370088434e-06,1.165301207534129e-05
2281,8.4000000000000004,35270.439492777383,4.2215105016618466,6.5606334773851831,0,0.0032840491916182636,1.2796174389914079e-05,8.1728729467125326e-06,8.273293059831265e-06,1.1776688209974257e-05,1.6699172949536932e-05,2.2008150663271034e-05
2282,8.4000000000000004,32107.327831342107,4.6374002688458713,18.606800337912951,0,0.0032266755617211015,1.2572620194861141e-05,8.0300896446724829e-06,8.1287553789533429e-06,1.1570944839108249e-05,1.6407431835901751e-05,2.1623659622729314e-05
2283,8.4000000000000004,35696.44524724441,4.1711304777184326,6.9311466852627577,0,0.002721606534680981,1.0604637691601225e-05,6.7731459308407928e-06,6.8563675941383104e-06,9.7597538036184386e-06,1.3839189236027287e-05,1.8238924926665494e-05
2284,8.4000000000000004,32194.724653521727,4.6248114347734015,19.100814393291703,0,0.0026456162035598607,1.0308544219111548e-05,6.5840320396674711e-06,6.6649300600467923e-06,9.487250444390389e-06,1.3452783427879553e-05,1.7729673524301035e-05
2285,8.4000000000000004,34819.155710617742,4.2762246148198413,7.4780013183225318,0,0.0022147110246800252,8.6295383660517086e-06,5.5116567268817486e-06,5.5793784687458156e-06,7.9420129513946136e-06,1.1261659091091009e-05,1.4841950002200538e-05
2286,8.4000000000000004,31148.218054706824,4.7801941817499536,19.875108229322741,0,0.002168971312767813,8.4513152956826907e-06,5.3978262595940351e-06,5.4641493661830994e-06,7.7779891214900633e-06,1.1029075681002793e-05,1.4535423999597472e-05
2287,8.4000000000000004,31920.573490701194,4.6645318186517857,8.0873321534091982,0,0.0015783761436350371,6.1500833904627204e-06,3.9280372891414125e-06,3.9763010944742532e-06,5.6600990536599861e-06,8.0259383048390172e-06,1.057753338807796e-05
2288,8.4000000000000004,33938.016312437278,4.387249076264454,21.078794074172816,0,0.0020184660038310943,7.8648770094726323e-06,5.0232701259998883e-06,5.0849910603112141e-06,7.2382730594355287e-06,1.0263766138693751e-05,1.3526808317726627e-05
2289,8.4000000000000004,31762.738329898893,4.6877107751390268,8.8035480913546369,0,0.0015248579691380004,5.9415518326402042e-06,3.7948488942718647e-06,3.8414762134185008e-06,5.4681814489459038e-06,7.7538019269338121e-06,1.0218879793436274e-05
2290,8.4000000000000004,35281.890115911425,4.2201404241049998,8.9437676727154845,1,0.0061486641111426566,2.3958038884434938e-05,1.5301917736383708e-05,1.548993244308966e-05,2.204927390539605e-05,3.126555036466616e-05,4.1205450418114403e-05
2291,8.4000000000000004,33323.515170809609,4.468151992783028,21.968092983178121,1,0.0067965835824876095,2.6482632781235093e-05,1.6914367249173764e-05,1.7122194127624999e-05,2.4372730453694858e-05,3.4560178026449242e-05,4.5547501499267687e-05
2292,8.5,42013.402597994573,5.006000509865169,14.311022481501617,1,0.15716384558087021,0.0004985189943285148,0.00048167996509437951,0.00032855455653175021,0.00045067009959011043,0.00067089398856644581,0.00087165018616868959
2293,8.5,43854.126775087985,4.7958796649944118,14.046485746490401,0,0.038188322021424428,0.00012113220963035036,0.00011704059257590224,7.9833546704509848e-05,0.00010950568704249991,0.00016301659954248246,0.00021179717177584835
2294,8.5,44205.360693876362,4.7577739786628701,14.011351115104189,0,0.032703740059259523,0.0001037352804957558,0.00010023129882052969,6.8367904669084468e-05,9.3778551517382432e-05,0.00013960426158004036,0.00018137899976746139
2295,8.5,43126.470307806543,4.8767987114554217,14.054670009956274,0,0.029893113895919501,9.4820058784279504e-05,9.1617216445239702e-05,6.2492227414817064e-05,8.5719031414260215e-05,0.0001276063864318268,0.0001657909183644436
2296,8.5,41322.696106883239,5.0896755207533024,14.114269071734725,0,0.025443770279997335,8.0706874567937719e-05,7.7980748912333063e-05,5.319077444270541e-05,7.2960460108708423e-05,0.00010861322757931773,0.00014111430666145864
2297,8.5,40705.146835312378,5.1668924246276431,14.154038485700946,0,0.023348803951717428,7.4061704342774176e-05,7.1560039975426058e-05,4.8811200181252404e-05,6.6953107206936763e-05,9.9670329098452469e-05,0.00012949536349222515
2298,8.5,40700.077843155203,5.1675359353668204,14.165976846300257,0,0.022520067448707572,7.1432977064456093e-05,6.9020106135255288e-05,4.7078707869030575e-05,6.4576690665555875e-05,9.6132655812844304e-05,0.00012489908802910263
2299,8.5,41329.076502598153,5.0888897750596902,14.122399470916333,0,0.022012237519453977,6.9822155792644217e-05,6.7463695360928154e-05,4.6017077972009434e-05,6.3120479385247189e-05,9.3964854143884443e-05,0.00012208260023739766
2300,8.5,42142.108514433879,4.990711719008937,14.053998460220434,0,0.021685994519340359,6.8787322802128781e-05,6.6463817072596543e-05,4.533505963739976e-05,6.2184971827460139e-05,9.2572202629287312e-05,0.00012027321608333697
2301,8.5,42904.486024625396,4.9020308670290786,14.00222239660175,0,0.021102073455141829,6.6935142737333274e-05,6.4674200149051031e-05,4.4114359510164854e-05,6.0510567875441124e-05,9.0079586529698822e-05,0.00011703471741695908
2302,8.5,43525.167657347272,4.8321264718029981,13.977088758227353,0,0.020534910205698118,6.5136117957252508e-05,6.2935943025186687e-05,4.2928691971849245e-05,5.8884217252841192e-05,8.7658505439571104e-05,0.00011388915967027447
2303,8.5,44065.185909517924,4.7729088278123717,13.965336980267629,0,0.019909954595066587,6.3153777544541743e-05,6.1020562324224933e-05,4.1622208201716395e-05,5.709214601507178e-05,8.4990722905083408e-05,0.0001104230783184165
2304,8.5,44332.3172794934,4.7441489128748477,13.964280047820969,0,0.019130512045987733,6.0681409206470613e-05,5.8631705914878623e-05,3.999276600966462e-05,5.4857080756138633e-05,8.1663473443369043e-05,0.00010610019323946373
2305,8.5,44228.534941722195,4.7552810669369618,13.986001081572148,0,0.018153096791023678,5.7581077395772425e-05,5.5636097451916031e-05,3.7949457420114744e-05,5.2054325270820071e-05,7.7491126957032243e-05,0.00010067932697213158
2306,8.5,43895.922772682054,4.7913132141197465,14.004684898196791,0,0.016970218939568397,5.3829024404567576e-05,5.2010781717918456e-05,3.5476624648177127e-05,4.8662402165680846e-05,7.2441710936339401e-05,9.411893965388367e-05
2307,8.5,43094.13611551025,4.8804578484411092,13.997736347353413,0,0.015798609686361216,5.0112715068306851e-05,4.8420002285770369e-05,3.3027349134503677e-05,4.5302791964797312e-05,6.7440397803408559e-05,8.7621049379561563e-05
2308,8.5,42328.672187846569,4.968715151124405,14.028217967439927,0,0.014681851266516915,4.657039092682857e-05,4.499733115742447e-05,3.0692740522523371e-05,4.2100467496156384e-05,6.2673229452536277e-05,8.1427368632154212e-05
2309,8.5,41581.662892862681,5.057977488024699,14.265252290142083,0,0.013602924220022605,4.3148066764523605e-05,4.1690606635801931e-05,2.8437219248015968e-05,3.9006625157946005e-05,5.8067553974696673e-05,7.5443505374906016e-05
2310,8.5,40651.399226076777,5.1737238774260303,14.79287798585751,0,0.013047805754335185,4.1387247676489244e-05,3.9989264687930251e-05,2.7276731601239298e-05,3.7414813165238505e-05,5.5697889118282334e-05,7.2364749493273326e-05
2311,8.5,39701.860922885702,5.2974623843260522,15.497249431188591,0,0.012598598726694296,3.9962376486571663e-05,3.8612522953248809e-05,2.6337654199486902e-05,3.6126704089418468e-05,5.3780334267469007e-05,6.9873391586979355e-05
2312,8.5,39132.275438176526,5.3745690091292024,16.181410219094399,0,0.012502468570291142,3.9657454519832921e-05,3.8317900674125701e-05,2.6136691943889039e-05,3.5851049170186233e-05,5.3369978159087565e-05,6.9340241813152276e-05
2313,8.5,39318.505018781274,5.3491127072676923,16.631894917879034,0,0.01270967684043928,4.0314712924709814e-05,3.8952958132559196e-05,2.6569865496347082e-05,3.6445222540011966e-05,5.4254499547005032e-05,7.0489444586746794e-05
2314,8.5,39704.874367723751,5.2970603276282038,16.729116539821622,0,0.013060276036955068,4.1426803038141795e-05,4.0027483944241155e-05,2.7302801007729438e-05,3.7450571920628134e-05,5.5751121702497129e-05,7.2433911227812352e-05
2315,8.5,40035.794274444495,5.2532769397554215,16.468635226320991,0,0.013458470387290785,4.268986354892901e-05,4.1247880658648307e-05,2.8135235259414127e-05,3.8592401244406521e-05,5.7450915920015749e-05,7.4642346496869508e-05
2316,8.5,40681.932005046903,5.1698408718799227,15.883460373045279,0,0.013460588382248524,4.2696581765274652e-05,4.1254371946345822e-05,2.8139662975543777e-05,3.8598474632309494e-05,5.745995712207917e-05,7.4654093159674779e-05
2317,8.5,41345.556707267358,5.0868613601171662,15.099515409695512,0,0.013423961890829415,4.2580403635371101e-05,4.114211809404868e-05,2.8063094470866109e-05,3.8493447522069999e-05,5.7303607595096418e-05,7.445095809418833e-05
2318,8.5,41443.113090005922,5.0748869750677645,14.347115178909149,0,0.013192961008076268,4.1847675778442693e-05,4.0434140398987432e-05,2.7580181926248145e-05,3.7831048415895185e-05,5.6317521367568445e-05,7.3169798539249187e-05
2319,8.5,40894.504122418482,5.1429677248839392,13.845424409720604,0,0.012810624558607177,4.0634916052565472e-05,3.9262345404064018e-05,2.6780898973244791e-05,3.6734691902586905e-05,5.4685420647389367e-05,7.104931315581331e-05
2320,8.5,40367.150383668821,5.2101551094827689,13.647194271599123,0,0.012418749162016251,3.9391899073128727e-05,3.8061315188408366e-05,2.596167463658662e-05,3.5610982290138714e-05,5.3012600496748145e-05,6.8875923588187544e-05
2321,8.5,40109.033833337817,5.243684395407163,13.594949437486768,0,0.012095353725168933,3.8366098467705139e-05,3.7070164188274924e-05,2.5285609197076305e-05,3.46836401702491e-05,5.1632104532750853e-05,6.7082332373285503e-05
2322,8.5,39797.512266446844,5.2847301966673639,13.570696745904147,0,0.011743993666745547,3.7251594923171388e-05,3.599330646663149e-05,2.4551083086751115e-05,3.3676109004691213e-05,5.0132234444007638e-05,6.5133645897683863e-05
2323,8.5,39653.594786337351,5.3039104262798622,13.547636716270052,0,0.011485415543433828,3.6431392888076853e-05,3.5200809305782439e-05,2.4010519700054278e-05,3.2934631674749237e-05,4.9028427726480101e-05,6.3699539545228687e-05
2324,8.5,39739.37643061277,5.2924613750283847,13.492348342931555,0,0.011307538854848465,3.5867173378301415e-05,3.4655648064453466e-05,2.3638664479029999e-05,3.2424567132466986e-05,4.8269115680907759e-05,6.2713013362012323e-05
2325,8.5,39827.179239083154,5.2807936400462268,13.401730618282066,0,0.011096288185453097,3.5197092604514194e-05,3.4008201352492185e-05,2.3197040199961844e-05,3.1818802111491477e-05,4.7367338280041968e-05,6.154139094067126e-05
2326,8.5,39721.582377527688,5.2948322357298272,13.290046803691515,0,0.010838174926730459,3.4378365105923849e-05,3.3217128921091654e-05,2.2657448623151357e-05,3.1078657788958952e-05,4.6265515955662606e-05,6.0109862784900683e-05
2327,8.5,39417.495074922001,5.3356793582893003,13.1820194787826,0,0.010531173915350654,3.3404567125318028e-05,3.227622399541476e-05,2.2015656099076295e-05,3.0198326973296842e-05,4.4955003781203573e-05,5.8407197087620534e-05
2328,8.5,38969.437493424142,5.397027218117314,13.112073559178448,0,0.01018552963893085,3.2308193869501097e-05,3.1216884155608571e-05,2.1293078959676814e-05,2.9207185913461224e-05,4.3479532966809915e-05,5.6490211048140874e-05
2329,8.5,38356.294347054521,5.4833012001557551,13.097012472920566,0,0.0097722622735930964,3.0997322208175134e-05,2.9950291260946259e-05,2.0429134230876431e-05,2.8022134453274903e-05,4.1715395737595034e-05,5.4198178967844523e-05
2330,8.5,44191.089760896393,4.7593104393826842,13.152339806909557,0,0.010630264913512915,3.3718880793123005e-05,3.2579920741696049e-05,2.2222808061012334e-05,3.0482472158502882e-05,4.5377998998344026e-05,5.8956768057181287e-05
2331,8.5,44335.72522342985,4.7437842454776247,13.189701176545956,0,0.010172317565328758,3.22662855691489e-05,3.1176391438419331e-05,2.1265458822442602e-05,2.9169300059344845e-05,4.3423133858456587e-05,5.6416935248784006e-05
2332,8.5,44743.239478463605,4.7005786187646281,13.246803473396843,0,0.0097798629335395602,3.1021431273073236e-05,2.9973585967207586e-05,2.0445023581565386e-05,2.804392947974784e-05,4.1747841094530489e-05,5.4240333170885651e-05
2333,8.5,38440.316274781311,5.4713159309958863,13.298116155704674,0,0.0081967576778775655,2.599986898530961e-05,2.5121642560823955e-05,1.7135506413067057e-05,2.3504347232991848e-05,3.4989952246964291e-05,4.5460235014580606e-05
2334,8.5,38768.661718779324,5.4249774302849882,13.359263721317076,0,0.008042672968669692,2.5511116919007025e-05,2.4649399615390072e-05,1.6813388860426321e-05,2.3062506611267599e-05,3.4332202337909166e-05,4.4605662100750491e-05
2335,8.5,39063.792773496891,5.3839911563688192,13.376864954897401,0,0.007910525643301955,2.5091949574876156e-05,2.4244390951755063e-05,1.6537131902456223e-05,2.2683571824682727e-05,3.3768097750962482e-05,4.3872756639365525e-05
2336,8.5,39490.122111128236,5.3258664086901861,13.358315944713603,0,0.007772937347437241,2.4655523635867445e-05,2.3822706655951745e-05,1.6249500473200253e-05,2.2289034959218476e-05,3.3180766992723684e-05,4.3109674880568785e-05
2337,8.5,39575.28776122188,5.3144051938597423,13.337341432712531,0,0.0077682009000118908,2.4640499766997041e-05,2.3808190264970842e-05,1.6239598823252579e-05,2.2275453112674849e-05,3.3160548257981706e-05,4.3083405955519093e-05
2338,8.5,39544.60495277225,5.3185286609365194,13.299703227449468,0,0.007725992563408314,2.4506616191941177e-05,2.3678829023988475e-05,1.6151361345584122e-05,2.2154419962904542e-05,3.298037120014713e-05,4.2849313284126372e-05
2339,8.5,39683.200861310848,5.2999533873736002,13.244857757555407,0,0.0076817678320892611,2.4366336673454347e-05,2.3543287882453422e-05,1.6058908549379215e-05,2.2027604765718187e-05,3.2791586646815163e-05,4.2604037437477042e-05
2340,8.5,40127.709414285753,5.2412439657434398,13.180679305758144,0,0.007542331809619128,2.3924049801190136e-05,2.3115940624640537e-05,1.576741440606715e-05,2.1627769511618805e-05,3.2196368395956747e-05,4.1830707957687914e-05
2341,8.5,40677.2504493081,5.1704358702619455,13.169267354157562,0,0.0073283507634975273,2.3245308354493898e-05,2.246012578092907e-05,1.5320082212999204e-05,2.1014175087216683e-05,3.1282935685147489e-05,4.06439425282782e-05
2342,8.5,41122.039535773678,5.1145107879137797,13.265119618032781,0,0.0070373887613234456,2.2322385629006135e-05,2.156837764042632e-05,1.4711819598664629e-05,2.0179836413381814e-05,3.004089011519862e-05,3.903023116593722e-05
2343,8.5,41919.227789226796,5.0172468797429328,13.42256265653301,0,0.0068042639897972195,2.1582920860726981e-05,2.0853890594144372e-05,1.4224467016763391e-05,1.9511347018684577e-05,2.9045737526352142e-05,3.7737292260361713e-05
2344,8.5,42668.880647960134,4.9290984819116916,13.58049811140828,0,0.0065021583600370168,2.062465088347866e-05,1.9927989165225519e-05,1.3592908398146272e-05,1.8645053796171729e-05,2.7756122537808805e-05,3.6061776956890785e-05
2345,8.5,43462.448978183849,4.8390994932729621,13.710888722332914,0,0.0062391641688033525,1.9790441213668918e-05,1.9121957521082069e-05,1.3043113122064528e-05,1.789091331356367e-05,2.6633464707221618e-05,3.4603178543859778e-05
2346,8.5,42630.008199341559,4.9335931122335541,6.426031033443671,0,0.0047415107336136828,1.5039929532028849e-05,1.4531909143737934e-05,9.912234907559402e-06,1.359636566939128e-05,2.0240348765631707e-05,2.6297006785498655e-05
2347,8.5,42021.763105230668,5.0050045330095143,19.327629432932468,0,0.0046731330805046571,1.4823037671585568e-05,1.4322343480330674e-05,9.7692898847337956e-06,1.3400291542912069e-05,1.9948461300969726e-05,2.5917775838063024e-05
2348,8.5,37865.555795152082,5.554364921104856,6.4917974275255448,0,0.0040101503790361875,1.2720076469715532e-05,1.2290416332447369e-05,8.3833096253164959e-06,1.1499176951365808e-05,1.7118350423402356e-05,2.2240791522581548e-05
2349,8.5,44300.326841366048,4.7475747883273636,19.25624571955877,0,0.0044513255822108246,1.4119470953837702e-05,1.3642541916294312e-05,9.3055963172469393e-06,1.2764254628846625e-05,1.9001619381479258e-05,2.4687603933915094e-05
2350,8.5,40366.418415879532,5.2102495856802369,6.4488841616516339,0,0.0039168024533921732,1.2423979655319619e-05,1.2004321108703909e-05,8.1881636857413123e-06,1.1231500127914253e-05,1.6719870977138797e-05,2.1723072345722913e-05
2351,8.5,39645.477559049134,5.3049963772911042,19.207526366613362,0,0.0038084161393921578,1.2080181525065424e-05,1.1672135829377871e-05,7.961579656833328e-06,1.0920700460573093e-05,1.6257196331855518e-05,2.1121948401299968e-05
2352,8.5,43550.827143170012,4.8292794562850307,6.3591311380685323,0,0.0038445371558629843,1.2194756303626021e-05,1.1782840488509467e-05,8.0370914547546998e-06,1.1024278112481763e-05,1.6411388110006667e-05,2.1322280040011349e-05
2353,8.5,42449.452188047078,4.9545778328313297,18.955858082854526,0,0.0037134831713067779,1.1779057003686919e-05,1.1381182725089378e-05,7.7631201503593307e-06,1.0648478499960604e-05,1.5851950727372779e-05,2.0595438382412773e-05
2354,8.5,38627.980455290046,5.4447349394868123,6.2798875178226607,0,0.003260425397608166,1.0341971363015634e-05,9.9926391207106398e-06,6.8159926773030989e-06,9.34932734189248e-06,1.3917957984167131e-05,1.8082723760738777e-05
2355,8.5,37548.163995084433,5.6013155491241884,18.795388630991059,0,0.0031333174058303429,9.9387886335653549e-06,9.6030751416894331e-06,6.5502705596248641e-06,8.984842933271068e-06,1.3375365078862996e-05,1.7377767068649833e-05
2356,8.5,42115.772887647516,4.9938324861756884,6.2442646197297362,0,0.0033354869879914447,1.0580064471594581e-05,1.0222689894170125e-05,6.9729106214383871e-06,9.5645677764109769e-06,1.423837754105858e-05,1.8499024653541992e-05
2357,8.5,40418.190200025208,5.2035757609602289,18.594685252756229,0,0.0031674018861698114,1.0046903580729196e-05,9.7075381703172689e-06,6.6215249329265586e-06,9.0825807818983552e-06,1.3520863382742269e-05,1.7566803825313268e-05
2358,8.5,45810.806319449795,4.5910371749435166,6.2810590905352823,0,0.0034291523065836313,1.0877168046882258e-05,1.0509757872325593e-05,7.1687200781154055e-06,9.8331547297402616e-06,1.4638211860131184e-05,1.9018504131068637e-05
2359,8.5,43133.746181537157,4.8759760847472098,18.487460259005456,0,0.0031972174397912802,1.0141477620654137e-05,9.7989176779551677e-06,6.683855018841959e-06,9.1680774078574568e-06,1.3648138683346512e-05,1.7732164584773072e-05
2360,8.5,39865.943074653245,5.2756588357357153,6.2966213723910549,0,0.00292683420721554,9.2838301337988163e-06,8.9702399019193771e-06,6.1186127855267133e-06,8.3927487188575193e-06,1.2493938843849157e-05,1.6232585631735397e-05
2361,8.5,45620.847773006579,4.6101535831426448,18.538068659412534,0,0.0031211947567012302,9.9003359548967551e-06,9.565921321815779e-06,6.5249278887714949e-06,8.9500810230485176e-06,1.332361645693177e-05,1.7310533352579863e-05
2362,8.5,42532.889879010647,4.9448583302241307,6.4830349502720823,0,0.0029916410221661454,9.4893954029318237e-06,9.1688615648591704e-06,6.2540928908119652e-06,8.578583403927493e-06,1.277058327442926e-05,1.6592012267727375e-05
2363,8.5,39051.061563889532,5.3857464151810222,18.553024480809228,0,0.0026436849341196691,8.3856891501209214e-06,8.1024364228352599e-06,5.5266828571741279e-06,7.5808131834717918e-06,1.1285243902052055e-05,1.4662204634150631e-05
2364,8.5,43766.305386317086,4.8055030684057858,6.7951783407576016,0,0.0028039382142361073,8.8940077379375116e-06,8.5935849696747204e-06,5.8616959461375315e-06,8.0403422910905988e-06,1.1969325930465207e-05,1.5550989207545157e-05
2365,8.5,39771.833937883741,5.288142235412403,18.938389327824282,0,0.0025907529675697426,8.2177905431940387e-06,7.9402091134568685e-06,5.4160273897421106e-06,7.4290298356643536e-06,1.1059290292746454e-05,1.4368637380645261e-05
2366,8.5,43461.707006416866,4.8391821056563442,7.2544193617015464,0,0.0026462103134981632,8.3936995776044938e-06,8.1101762732212515e-06,5.5319622196045198e-06,7.5880547533875852e-06,1.1296024128494208e-05,1.4676210701495671e-05
2367,8.5,39120.954071502507,5.3761243767809201,19.570431838789457,0,0.0025483247169559974,8.0832094075078495e-06,7.8101738741236068e-06,5.3273301768857102e-06,7.3073660785905824e-06,1.0878174475829736e-05,1.4133325038868456e-05
2368,8.5,41013.757287990091,5.12801383569699,7.7919482764245371,0,0.0023658237485260762,7.5043218210568695e-06,7.2508400160208442e-06,4.945807794766001e-06,6.7840413322812744e-06,1.0099122511463117e-05,1.3121152025921579e-05
2369,8.5,42068.358923659922,4.9994608824268774,20.66891739885385,0,0.0029088546522465374,9.2267995258463699e-06,8.9151356800935915e-06,6.0810261211915041e-06,8.3411920278226408e-06,1.2417188524453359e-05,1.6132868789238709e-05
2370,8.5,41227.582590515573,5.101417585301629,8.506410849978904,0,0.0023214775944756087,7.3636571533155801e-06,7.1149267348450679e-06,4.8531011616081676e-06,6.6568779532706809e-06,9.9098196342107827e-06,1.2875202753739477e-05
2371,8.5,41750.655089771368,5.0375045463240697,21.567972840835797,1,0.0095785835263950663,3.0382979043440813e-05,2.9356699446969766e-05,2.0024244450659581e-05,2.7466757229170837e-05,4.0888628571597061e-05,5.3124012607075413e-05
2372,8.5,35281.890115911425,5.9611067926284864,8.9437676727154845,1,0.0061514024982293591,1.9512063832449741e-05,1.8852983201559239e-05,1.2859645374445139e-05,1.7639255175067533e-05,2.6258831616531913e-05,3.41164414306798e-05
2373,8.5999999999999996,48752.282273347693,6.0937382249895933,14.277704342707032,1,0.16638518925387305,0.00043787896257093864,0.00031232184872857869,0.00028209487574826496,0.00041985147877060904,0.00056321800890780395,0.0008011964722546063
2374,8.5999999999999996,50478.30670436658,5.8853726569017892,14.078794963985255,0,0.04010598032324332,0.00010554764601094729,7.5282986278995257e-05,6.7996986912008622e-05,0.00010120224775876015,0.00013575974210352899,0.00019312277790703195
2375,8.5999999999999996,51010.617928281295,5.8239570134646872,14.057235352025792,0,0.034043830196808712,8.9593774033422814e-05,6.3903716626157627e-05,5.7719019898522826e-05,8.590519694235908e-05,0.00011523921296736241,0.00016393163825477371
2376,8.5999999999999996,49851.174502640199,5.9594111675111563,14.079222142045078,0,0.030387829890483078,7.9972210789291471e-05,5.7041033837236898e-05,5.1520517755553141e-05,7.6679753608851039e-05,0.00010286356088962128,0.00014632685888032784
2377,8.5999999999999996,48063.894299594722,6.181014883912276,14.113909625233575,0,0.025612798897964903,6.7405673908069237e-05,4.8077817135033812e-05,4.3424774495176532e-05,6.4630581249373268e-05,8.6699962073288892e-05,0.00012333359846293212
2378,8.5999999999999996,55138.883786681865,5.3879154898006547,14.089393602048665,0,0.025836920083537752,6.7995497753982998e-05,4.8498515295316273e-05,4.3804756861877814e-05,6.5196122038241238e-05,8.7458617867464144e-05,0.00012441281172730811
2379,8.5999999999999996,48067.956177951266,6.1804925706588172,14.116027476491075,0,0.021599945101841437,5.6844972771898278e-05,4.0545284210060128e-05,3.6621251308469261e-05,5.4504664345663814e-05,7.3116352046303455e-05,0.00010401045846744851
2380,8.5999999999999996,48766.288443712474,6.0919880418515815,14.085234432896712,0,0.021093488437526349,5.5512121454110291e-05,3.9594613766319805e-05,3.5762588164036051e-05,5.3226686537666284e-05,7.1401983625936415e-05,0.00010157171199837456
2381,8.5999999999999996,49709.743259030329,5.9763665343536614,14.049410736166559,0,0.020631897965691884,5.4297345320213497e-05,3.872816170910654e-05,3.4979992625438888e-05,5.2061922756375503e-05,6.9839488384363285e-05,9.9349010210321602e-05
2382,8.5999999999999996,50249.871852180928,5.912127436235191,14.012723926277435,0,0.019965611369382397,5.2543866630942913e-05,3.7477474298312207e-05,3.3850348602184672e-05,5.0380634812418298e-05,6.7584091664149194e-05,9.6140632872966365e-05
2383,8.5999999999999996,50806.384102229407,5.8473684221811251,13.986253546833206,0,0.01937520358704678,5.0990079611904435e-05,3.6369219104988219e-05,3.284935199458008e-05,4.8890817229477911e-05,6.5585546618752381e-05,9.3297635641540906e-05
2384,8.5999999999999996,51398.175896066816,5.7800425961676067,13.965752418781928,0,0.018774431697681889,4.9409017181789385e-05,3.524150943327994e-05,3.1830783741940404e-05,4.7374847164565472e-05,6.3551918812977012e-05,9.0404732009027948e-05
2385,8.5999999999999996,51596.413276518258,5.7578352288255932,13.96176253529555,0,0.017989715110615721,4.7343864107783175e-05,3.3768516937376157e-05,3.0500349650308177e-05,4.5394716475211543e-05,6.0895633624936779e-05,8.6626077405836129e-05
2386,8.5999999999999996,51333.134713796375,5.7873661466603687,13.98433622770853,0,0.017232918460008129,4.5352188444034149e-05,3.2347932989434063e-05,2.9217251929428055e-05,4.3485038129974778e-05,5.8333858117064276e-05,8.2981865986538837e-05
2387,8.5999999999999996,50661.770860106706,5.8640596449919595,14.001186067994828,0,0.016051353620132054,4.2242642524620599e-05,3.0130016137353479e-05,2.7213988368602428e-05,4.0503512265143155e-05,5.4334231711044007e-05,7.7292263530370978e-05
2388,8.5999999999999996,49674.058015402094,5.980659883927073,14.035005844138725,0,0.014924440174150061,3.9276923683618946e-05,2.8014685485722197e-05,2.5303382563188534e-05,3.7659892115635108e-05,5.0519601634270894e-05,7.1865824545591951e-05
2389,8.5999999999999996,48862.879337744824,6.0799455552160815,14.233250859902975,0,0.013892523694525477,3.6561210106081578e-05,2.6077673759527734e-05,2.3553837712425876e-05,3.5055984508948549e-05,4.7026538654208924e-05,6.6896825520834313e-05
2390,8.5999999999999996,54298.94690645946,5.4712598120248259,15.112299887142788,0,0.014938192923324951,3.9313117046551096e-05,2.8040500788554518e-05,2.5326699422622264e-05,3.7694595397244076e-05,5.0566155032695506e-05,7.193204831329709e-05
2391,8.5999999999999996,53500.971207275557,5.5528645432175097,15.626183234904531,0,0.014231274411284906,3.7452706597385583e-05,2.6713543157464386e-05,2.4128166724415517e-05,3.5910778075634589e-05,4.8173218265927401e-05,6.8528015655355598e-05
2392,8.5999999999999996,53188.952878280099,5.5854388922534426,15.968238712323009,0,0.013741899094694332,3.6164808576549474e-05,2.5794936133094613e-05,2.3298463853943997e-05,3.4675902836643902e-05,4.6516670632963414e-05,6.6171521192001653e-05
2393,8.5999999999999996,53050.644355040247,5.6000007098190121,16.07668939382042,0,0.013487101473651213,3.5494252991234315e-05,2.5316655197076877e-05,2.2866471658175652e-05,3.4032954035359917e-05,4.5654174340824174e-05,6.4944591343052616e-05
2394,8.5999999999999996,53149.923324234594,5.5895404445319512,16.066735299682225,0,0.013356870437427981,3.5151521578109813e-05,2.5072198354629095e-05,2.2645673712476856e-05,3.3704332879923273e-05,4.5213339040227e-05,6.4317488370317996e-05
2395,8.5999999999999996,53618.865474708145,5.5406552043648674,15.98727620963915,0,0.013370784921232913,3.518814058104232e-05,2.509831724973958e-05,2.2669264782076594e-05,3.3739444277927073e-05,4.5260439914401778e-05,6.4384490940605333e-05
2396,8.5999999999999996,54062.840720864129,5.4951541961784063,15.737997226807861,0,0.013381343746907441,3.5215928436758708e-05,2.5118137234738604e-05,2.2687166559452697e-05,3.3766088107185022e-05,4.5296181802243359e-05,6.4435334972574285e-05
2397,8.5999999999999996,54292.685071204709,5.4718908386084966,15.291861129693265,0,0.012960964901745239,3.4109609698703662e-05,2.4329043573961419e-05,2.1974442556643235e-05,3.2705316529037342e-05,4.3873188943197729e-05,6.2411079993722064e-05
2398,8.5999999999999996,54381.596077812865,5.4629445891859074,14.729369946222022,0,0.012771676426344922,3.3611455736763832e-05,2.3973729937903123e-05,2.1653516702677011e-05,3.2227671573573209e-05,4.3232442740352161e-05,6.1499597070216255e-05
2399,8.5999999999999996,54285.519300532549,5.4726131364772064,14.176027433198966,0,0.012526299868142521,3.2965693735790575e-05,2.3513133290833191e-05,2.1237497284073427e-05,3.1608495604372435e-05,4.2401836980529768e-05,6.031803257107221e-05
2400,8.5999999999999996,53940.452138791137,5.5076224663481161,13.789026189388025,0,0.012225242687075489,3.2173396015594942e-05,2.2948018476314443e-05,2.0727075121697877e-05,3.0848816793822526e-05,4.1382750925765293e-05,5.8868348542707241e-05
2401,8.5999999999999996,53711.503373431253,5.5310990641817659,13.618461364201044,0,0.01194024739758188,3.1423368670849404e-05,2.2413053458738464e-05,2.0243884814080585e-05,3.0129668086698257e-05,4.0418034773946165e-05,5.7496007521397587e-05
2402,8.5999999999999996,53680.641232756992,5.5342790104991337,13.547248344269656,0,0.011693377459682448,3.0773676515062535e-05,2.1949653586754575e-05,1.9825333470838949e-05,2.950672376721958e-05,3.9582373886661541e-05,5.6307251934210406e-05
2403,8.5999999999999996,53350.129496770569,5.5685646660438692,13.49852710710797,0,0.011375188296153709,2.9936292241545917e-05,2.1352380306336182e-05,1.9285865186717052e-05,2.870381461746054e-05,3.8505295644647738e-05,5.4775072078106203e-05
2404,8.5999999999999996,52863.21860962866,5.6198554279944979,13.456031352661938,0,0.011057284601882975,2.9099659242725697e-05,2.0755642880622255e-05,1.8746880896484442e-05,2.7901625812406781e-05,3.7429183723180959e-05,5.3244266845329206e-05
2405,8.5999999999999996,52563.988588054315,5.6518474724746541,13.38322615178574,0,0.010791939078272543,2.8401344548236304e-05,2.0257562463383834e-05,1.8297005442732176e-05,2.7232060744911403e-05,3.6530982518190075e-05,5.1966545562572186e-05
2406,8.5999999999999996,52463.443091294663,5.6626791636151097,13.291472491184521,0,0.010546368393811208,2.775507166161721e-05,1.979660142166827e-05,1.7880656896138662e-05,2.6612394923234897e-05,3.5699719636147099e-05,5.0784046285071188e-05
2407,8.5999999999999996,52313.790483186582,5.6788782326920604,13.217120829885539,0,0.01029542351880397,2.7094655418901029e-05,1.9325552480096698e-05,1.7455196771639132e-05,2.5979168027655052e-05,3.4850264985279467e-05,4.9575668607419862e-05
2408,8.5999999999999996,51927.901746473719,5.7210793437220966,13.173795620845006,0,0.0099823605835369297,2.6270761934577854e-05,1.8737901649217705e-05,1.6924419662080463e-05,2.5189194251085427e-05,3.3790539153583595e-05,4.8068173135891367e-05
2409,8.5999999999999996,51376.484974245381,5.7824829042607133,13.157267541373139,0,0.0096493429783007321,2.5394353378307933e-05,1.8112793882156566e-05,1.6359810754326353e-05,2.4348867448909976e-05,3.2663266267135797e-05,4.6464589717737412e-05
2410,8.5999999999999996,50909.442075275372,5.8355313657790546,13.162444856947426,0,0.0093292062160121453,2.4551843573316485e-05,1.7511864761648169e-05,1.581704044775504e-05,2.3541043785887819e-05,3.157959535482128e-05,4.4923031567430734e-05
2411,8.5999999999999996,50826.996732342181,5.844997051646402,13.182144819035544,0,0.0090723423572198359,2.3875850232116338e-05,1.7029705288143811e-05,1.5381545085125884e-05,2.2892881101214457e-05,3.0710104796448086e-05,4.3686152140620131e-05
2412,8.5999999999999996,51076.58012699282,5.8164357383743344,13.213761644251477,0,0.0088751833986575393,2.3356983374892053e-05,1.665961795820952e-05,1.504727535734725e-05,2.2395376000691657e-05,3.0042716812110362e-05,4.2736770391067399e-05
2413,8.5999999999999996,51360.869824438218,5.784240941792322,13.269033518104711,0,0.0086921284405197322,2.287523427497339e-05,1.6316005265271456e-05,1.4736918011825365e-05,2.1933460518820355e-05,2.9423071220423916e-05,4.1855303793310642e-05
2414,8.5999999999999996,51574.199445048594,5.7603152204256469,13.319929727931106,0,0.0085003628458410474,2.2370561232671659e-05,1.5956041825489582e-05,1.4411792369054752e-05,2.1449564873635718e-05,2.8773939907136453e-05,4.0931892769496864e-05
2415,8.5999999999999996,51897.169591949474,5.7244672181634035,13.341949330524505,0,0.0083127886662575281,2.1876918814560729e-05,1.5603946096272461e-05,1.4093772988120195e-05,2.0976245721669846e-05,2.8138996638319721e-05,4.0028664713909156e-05
2416,8.5999999999999996,52128.435489442723,5.6990708287178125,13.342691576791401,0,0.0081392372686884592,2.1420180409772026e-05,1.5278172548871586e-05,1.3799528289101443e-05,2.0538311244215245e-05,2.7551520835813806e-05,3.919296071819454e-05
2417,8.5999999999999996,52547.733941192761,5.6535957645110582,13.32015924592937,0,0.0079776161253711491,2.0994839074508526e-05,1.4974793296782815e-05,1.352551053219146e-05,2.013048121843794e-05,2.700442924103438e-05,3.8414704609893898e-05
2418,8.5999999999999996,53059.962736319612,5.5990172386839472,13.280263920930002,0,0.0078017769697105313,2.0532079934675838e-05,1.4644725395781114e-05,1.3227387093499592e-05,1.9686773879696146e-05,2.6409209320419376e-05,3.7567984346922923e-05
2419,8.5999999999999996,53486.194663823335,5.5543986240157963,13.236363072974845,0,0.0076385528905456822,2.0102520123662569e-05,1.4338337270790002e-05,1.2950651666881317e-05,1.9274899052882271e-05,2.5856691747880112e-05,3.6782009603616013e-05
2420,8.5999999999999996,53811.13361957539,5.5208583440157888,13.22329312677077,0,0.007439544734411995,1.9578786699180824e-05,1.3964778809760743e-05,1.261324674923708e-05,1.8772727741752808e-05,2.5183044183714964e-05,3.5823723392209774e-05
2421,8.5999999999999996,54250.547408943836,5.4761409835212769,13.271341253061282,0,0.0071988733095677895,1.8945407284199045e-05,1.3513014174455418e-05,1.2205204567165254e-05,1.8165424567282806e-05,2.4368365417476146e-05,3.4664815574618805e-05
2422,8.5999999999999996,54983.870505172643,5.4031053709948091,13.376964853018109,0,0.0069950856412076831,1.8409095529490405e-05,1.3130484084994144e-05,1.1859696308630551e-05,1.7651192775980425e-05,2.3678539085406319e-05,3.3683514524259186e-05
2423,8.5999999999999996,48371.615456295171,6.1416937028494116,13.397400509430332,0,0.0060422123368648406,1.5901401330035247e-05,1.134184440287449e-05,1.0244163834869964e-05,1.524674038629715e-05,2.0453039221986938e-05,2.9095132990009713e-05
2424,8.5999999999999996,49274.104810956276,6.0292043292184525,13.521134191541254,0,0.005945520738748095,1.5646936273003729e-05,1.1160344482023573e-05,1.0080229746271332e-05,1.500275165967998e-05,2.0125735754571134e-05,2.8629532850627154e-05
2425,8.5999999999999996,50341.899790285417,5.9013197213886279,13.61692063326046,0,0.0058705546787653348,1.54496467142366e-05,1.1019625596221854e-05,9.9531298435035056e-06,1.4813584515161225e-05,1.9871973774742932e-05,2.8268547939251597e-05
2426,8.5999999999999996,51523.533615640881,5.765979644579275,13.698382709835593,0,0.0057803412124318027,1.5212230275759125e-05,1.0850285784716688e-05,9.8001789907845905e-06,1.458594251520314e-05,1.9566598944730166e-05,2.7834142020669494e-05
2427,8.5999999999999996,53340.371701522701,5.5695833487433415,13.744592852373641,0,0.0056999051417657111,1.5000545189276999e-05,1.0699299134958068e-05,9.6638050535250174e-06,1.4382972507072626e-05,1.9294320842526014e-05,2.7446817305358663e-05
2428,8.5999999999999996,53197.866320458037,5.584503037301956,6.4296141996928311,0,0.004546284973593457,1.1964541776320459e-05,8.5338372613992387e-06,7.7079198003929142e-06,1.1471961402546416e-05,1.538928784609458e-05,2.1891777140989823e-05
2429,8.5999999999999996,51877.436125728062,5.7266447270944818,19.148739424713863,0,0.0044413386354684413,1.1688352568195187e-05,8.3368423576612165e-06,7.5299903563939034e-06,1.1207142908478906e-05,1.5034041878193259e-05,2.1386427859248724e-05
2430,8.5999999999999996,48436.278554952216,6.1334944572079841,6.4241867617873023,0,0.0040258474415698917,1.0594896751860124e-05,7.5569233132393061e-06,6.8255530369250894e-06,1.0158704685360972e-05,1.3627593840386192e-05,1.9385708442471528e-05
2431,8.5999999999999996,55195.322860206827,5.382406165047807,19.010344434322722,0,0.0043491829100311017,1.1445824650713882e-05,8.1638567291411393e-06,7.3737465342525503e-06,1.0974599869188258e-05,1.4722092452748444e-05,2.0942669358569904e-05
2432,8.5999999999999996,52193.378438969128,5.6919796136969332,6.3592511877121662,0,0.0040079600190868611,1.0547822093141635e-05,7.5233468099222642e-06,6.7952261175313924e-06,1.0113568091084926e-05,1.3567044469852897e-05,1.9299574935905236e-05
2433,8.5999999999999996,50422.188204842765,5.8919229137312241,18.88034160707975,0,0.0038529697476121232,1.0139931345255451e-05,7.2324143757374249e-06,6.5324505569786775e-06,9.7224702117271813e-06,1.3042398541380931e-05,1.8553248539329928e-05
2434,8.5999999999999996,47270.531751089162,6.2847536306323919,6.2913452345933676,0,0.0034848468398050001,9.1711355185834673e-06,6.5414104009170845e-06,5.9083229744479317e-06,8.7935597245303188e-06,1.1796293331546861e-05,1.6780622163065437e-05
2435,8.5999999999999996,53651.242623102778,5.5373115611054669,18.717949010607711,0,0.0037695930303500678,9.9205073050449163e-06,7.0759078345423888e-06,6.3910909515846522e-06,9.512079862715404e-06,1.2760166277222175e-05,1.81517636954079e-05
2436,8.5999999999999996,51208.95668493642,5.8014000924172562,6.2965714981234715,0,0.0034496709893062989,9.0785625859024229e-06,6.4753817675536219e-06,5.8486846904139481e-06,8.7047980209488828e-06,1.16772222016683e-05,1.661123949472521e-05
2437,8.5999999999999996,48548.532811247853,6.119312548529833,18.598235076970912,0,0.0032524029368188106,8.5594086241888499e-06,6.1050896572746744e-06,5.5142300012369494e-06,8.2070176360331499e-06,1.1009464931677172e-05,1.5661332423968111e-05
2438,8.5999999999999996,55275.650580066482,5.3745843409704834,6.3867255980445634,0,0.0033389033487250036,8.7870533490426322e-06,6.2674596896283616e-06,5.6608856203955714e-06,8.4252902239716605e-06,1.1302270979991817e-05,1.6077858829825469e-05
2439,8.5999999999999996,51560.886100498916,5.7618025699854423,18.584573362973515,0,0.00315978720828182,8.3156701080902169e-06,5.9312405563557126e-06,5.3572062748395636e-06,7.9733138384893572e-06,1.0695958384285152e-05,1.5215358865192356e-05
2440,8.5999999999999996,49330.787335269932,6.0222765962662042,6.4173052508425874,0,0.0028281619950612938,7.4429259354955991e-06,5.3087464501044081e-06,4.7949580739152823e-06,7.1365005572554596e-06,9.5733987794834098e-06,1.3618480247964215e-05
2441,8.5999999999999996,53285.353879548209,5.5753340161001903,18.784736749134975,0,0.0030379423392834799,7.9950087254825512e-06,5.702525398989221e-06,5.1506265105301013e-06,7.6658540900648233e-06,1.028351046857453e-05,1.4628637897769937e-05
2442,8.5999999999999996,51028.75577255035,5.8218869252616603,6.6914220909346147,0,0.0027074760351220636,7.1253144751724393e-06,5.0822066823953295e-06,4.5903431618171201e-06,6.8319651657668398e-06,9.1648737997967459e-06,1.3037339788362153e-05
2443,8.5999999999999996,53641.797088411942,5.5382866005575959,19.211252758899459,0,0.00296715604613285,7.8087191359581721e-06,5.5696523587830104e-06,5.0306131207533281e-06,7.4872340458814731e-06,1.0043897103556622e-05,1.428777986460852e-05
2444,8.5999999999999996,51531.567145489542,5.7650807553712156,7.0872336285407842,0,0.0026918152454438373,7.0840996869566437e-06,5.0528097943262236e-06,4.5637913482920711e-06,6.7924471910324043e-06,9.1118616367547819e-06,1.2961928211771815e-05
2445,8.5999999999999996,52601.587690057975,5.6478075870081001,19.74945488968179,0,0.0029729171547509948,7.823880751461837e-06,5.580466543040719e-06,5.0403806921765766e-06,7.5017714574355486e-06,1.0063398599690765e-05,1.4315521395701714e-05
2446,8.5999999999999996,49656.308583789214,5.9827976448005078,7.5533054862233824,0,0.0026954808988821277,7.0937466545256987e-06,5.0596905970213381e-06,4.5700062166697659e-06,6.8016969927943785e-06,9.1242699649246025e-06,1.2979579473981127e-05
2447,8.5999999999999996,50041.094940455601,5.9367934774026052,20.337890095682777,0,0.0030866987631681954,8.1233219029056509e-06,5.7940461437944213e-06,5.2332897415506378e-06,7.7888846119481757e-06,1.0448552177544881e-05,1.4863415253803595e-05
2448,8.5999999999999996,50320.76638780447,5.9037981209400128,8.2355539811941902,0,0.0031637041341855058,8.3259783540276383e-06,5.9385930229127293e-06,5.3638471587491858e-06,7.9831976937788325e-06,1.0709217276007464e-05,1.5234220082528999e-05
2449,8.5999999999999996,53839.918173817001,5.5179067153385217,8.4117179309848815,1,0.012261104539395802,3.2267774311886271e-05,2.3015334804562996e-05,2.0787876475591015e-05,3.0939309534165914e-05,4.1504144188892659e-05,5.9041034523330855e-05
2450,8.5999999999999996,49880.997700994005,5.9558481132517773,21.199417988513698,1,0.012370260730967043,3.2555042668749931e-05,2.3220232029517813e-05,2.0972943442407749e-05,3.1214751048243389e-05,4.1873640615542198e-05,5.9566655559697169e-05
2451,8.6999999999999993,62181.719437031221,6.7486362186614004,14.283235715717668,1,0.17941620454773269,0.00037990080443171858,0,0.00025651278799305468,0.00035716239231573421,0.00049100796900432406,0.0006916446496783782
2452,8.6999999999999993,64008.268133605168,6.5560562122297616,14.123404495114455,0,0.043488180963165465,9.2083070048354181e-05,0,6.217540144563843e-05,8.6571571332797053e-05,0.00011901401807179308,0.00016764576958496695
2453,8.6999999999999993,64476.520315826434,6.5084437230150129,14.082103927220567,0,0.036323665348992187,7.6912727703586122e-05,0,5.1932235955408549e-05,7.2309227844972464e-05,9.9406902485535729e-05,0.00014002675432059144
2454,8.6999999999999993,63658.231311925105,6.5921059269640585,14.071210509454431,0,0.031982649564187872,6.7720941527665764e-05,0,4.572585083825061e-05,6.3667602710334276e-05,8.7526853248704318e-05,0.00012329225506341589
2455,8.6999999999999993,62497.631250964208,6.7145233432333686,14.065365030979853,0,0.026993793457005522,5.7157400441228166e-05,0,3.8593243211334367e-05,5.3736327067469132e-05,7.3873860694228957e-05,0.00010406034876350313
2456,8.6999999999999993,62576.095727796186,6.7061039691069499,14.06415478012981,0,0.02406006593751215,5.0945445130678229e-05,0,3.4398869424784979e-05,4.7896179339976704e-05,6.5845134445172108e-05,9.2750907971425847e-05
2457,8.6999999999999993,63072.802863662044,6.653292463290188,14.077368992451092,0,0.022082801623934393,4.6758731309617114e-05,0,3.1571958762208412e-05,4.3960055207498593e-05,6.0433959143354518e-05,8.5128607148970235e-05
2458,8.6999999999999993,63679.309015864455,6.5899239551554318,14.077139836272423,0,0.020718101779563829,4.3869078337684541e-05,0,2.9620836438917662e-05,4.1243358226660241e-05,5.6699187802192655e-05,7.9867725902735314e-05
2459,8.6999999999999993,64336.345531467996,6.5226241942221694,14.051427837329529,0,0.019839011461527448,4.2007668328304333e-05,0,2.8363993953894403e-05,3.9493360215929048e-05,5.4293383082833687e-05,7.6478856337767076e-05
2460,8.6999999999999993,64864.078283611962,6.4695562634305377,14.010950534697562,0,0.019162003372116581,4.0574152785924525e-05,0,2.7396070053450779e-05,3.8145645668959238e-05,5.244061639534816e-05,7.3869008336521286e-05
2461,8.6999999999999993,65403.470085803165,6.4162009046440529,13.979853037538133,0,0.018529302672774899,3.923445492947774e-05,0,2.649149278428827e-05,3.6886133486286835e-05,5.0709105653860347e-05,7.1429964133961412e-05
2462,8.6999999999999993,65766.871665165861,6.3807475299704475,13.964585721793707,0,0.017754715903361341,3.7594323607203066e-05,0,2.5384059861684311e-05,3.5344169847510492e-05,4.8589295587506015e-05,6.844395294212386e-05
2463,8.6999999999999993,65466.861136017083,6.4099881474311502,13.965208659819861,0,0.016804520404308253,3.558235353255114e-05,0,2.4025557728529919e-05,3.3452623326030295e-05,4.5988897461131744e-05,6.4780974814115903e-05
2464,8.6999999999999993,64678.904701112864,6.4880783907920776,14.01435216728815,0,0.015728904201915184,3.3304814212293119e-05,0,2.248774060893444e-05,3.1311402821290056e-05,4.3045260746173498e-05,6.0634503243346398e-05
2465,8.6999999999999993,63775.899909896805,6.5799432783271481,14.19226372394396,0,0.014650474270162481,3.1021317024127497e-05,0,2.0945900677884905e-05,2.916458104819199e-05,4.0093923703690851e-05,5.6477184821468088e-05
2466,8.6999999999999993,62610.991485063343,6.7023663733467851,14.538054260868067,0,0.013991954619927442,2.9626949411185222e-05,0,2.000440984735593e-05,2.7853671288074453e-05,3.8291754290808629e-05,5.393860925667305e-05
2467,8.6999999999999993,61580.163351341587,6.8145613959669387,14.99329348617896,0,0.013434970229007389,2.8447575347957035e-05,0,1.9208084792193449e-05,2.6744886950310787e-05,3.6767456219504776e-05,5.1791449389450829e-05
2468,8.6999999999999993,60833.961193824456,6.8981502387188014,15.441967881011553,0,0.012999837458557068,2.7526213256136058e-05,0,1.8585971977039906e-05,2.5878671651303817e-05,3.5576629234815138e-05,5.0114024246385635e-05
2469,8.6999999999999993,67419.340124139286,6.2243534742212505,15.653451971523323,0,0.014006553480703539,2.9657861440377938e-05,0,2.0025281955806998e-05,2.7882733122556008e-05,3.833170696396609e-05,5.3994887472861162e-05
2470,8.6999999999999993,67020.371183733427,6.2614067412572325,15.648842258876765,0,0.013607641385890976,2.881319400301435e-05,0,1.945495413139191e-05,2.7088622030605943e-05,3.7240005030024739e-05,5.2457092061545903e-05
2471,8.6999999999999993,66964.635462024657,6.2666182087912272,15.613702558874683,0,0.013423338481268192,2.8422945965487335e-05,0,1.9191454789071186e-05,2.6721731723837142e-05,3.6735623638675247e-05,5.1746609314327714e-05
2472,8.6999999999999993,67176.969770654236,6.2468105567141539,15.562604885399473,0,0.013312836000608522,2.8188964974750569e-05,0,1.9033468505359452e-05,2.6501755326227355e-05,3.6433211720334788e-05,5.1320625219317416e-05
2473,8.6999999999999993,67229.618540865951,6.2419185626690501,15.493233647638764,0,0.013211283801251684,2.7973935555726108e-05,0,1.8888278510679128e-05,2.6299596181468705e-05,3.6155294018977678e-05,5.0929144218338247e-05
2474,8.6999999999999993,67098.880091409635,6.2540805950815752,15.314184492606598,0,0.013133289848174988,2.780878901509263e-05,0,1.8776769929830846e-05,2.6144334247702723e-05,3.5941848123210673e-05,5.0628479624029481e-05
2475,8.6999999999999993,67135.091281731336,6.2507072816862701,14.966041742968294,0,0.012782144385048514,2.7065263956971107e-05,0,1.8274734442207315e-05,2.5445311804455676e-05,3.4980869034897931e-05,4.9274823294923219e-05
2476,8.6999999999999993,60820.533587897538,6.899673172464464,14.609725699728155,0,0.011384250261164066,2.4105324504942469e-05,0,1.6276153991012282e-05,2.2662535238931756e-05,3.1155254975221535e-05,4.3885978992711385e-05
2477,8.6999999999999993,60892.529806820537,6.8915153511061167,14.11059008828834,0,0.011191119532149428,2.3696384189333319e-05,0,1.6000033437288853e-05,2.2278071453297508e-05,3.0626714494472635e-05,4.314146521956487e-05
2478,8.6999999999999993,67512.05953821032,6.2158050991450287,13.712049964434085,0,0.012035147438323197,2.548355208381928e-05,0,1.7206746910591506e-05,2.3958271003333486e-05,3.2936563981245715e-05,4.639517012852711e-05
2479,8.6999999999999993,67264.120603754971,6.2387168696287727,13.551172729504723,0,0.011759007062037067,2.4898844858785607e-05,0,1.6811946797763561e-05,2.3408560581925691e-05,3.2180851164434508e-05,4.5330656394664996e-05
2480,8.6999999999999993,66890.265056048302,6.2735856044189191,13.474041727783241,0,0.011458872311853257,2.4263331286752559e-05,0,1.6382841735947555e-05,2.2811084753792142e-05,3.1359472992452465e-05,4.4173644993880617e-05
2481,8.6999999999999993,66174.741654212121,6.341419602726619,13.409993601356033,0,0.011096036662969253,2.3495053107894606e-05,0,1.5864092695897808e-05,2.2088790751979357e-05,3.0366501396102016e-05,4.2774923312660128e-05
2482,8.6999999999999993,65499.482461840162,6.4067957204985966,13.356964704107927,0,0.01076899444922806,2.2802564932723366e-05,0,1.5396517817421015e-05,2.1437750453013708e-05,2.9471485622289793e-05,4.1514184362556596e-05
2483,8.6999999999999993,65156.196693713202,6.4405509410570136,13.306249503122114,0,0.010507459241984245,2.2248783094178744e-05,0,1.5022598832022994e-05,2.0917114423902187e-05,2.8755742742455625e-05,4.050597316307943e-05
2484,8.6999999999999993,64973.849762846374,6.4586261313294049,13.263002802354059,0,0.010240843699491495,2.1684244014097781e-05,0,1.4641416450534697e-05,2.0386365012357624e-05,2.8026096519282271e-05,3.9478177407667892e-05
2485,8.6999999999999993,64720.83796400782,6.483874701448693,13.232266561499873,0,0.009976740132010449,2.1125023858971587e-05,0,1.4263825459886739e-05,1.9860616169222581e-05,2.7303324813111411e-05,3.846006524845854e-05
2486,8.6999999999999993,64481.04947469457,6.5079865689232905,13.210784898481609,0,0.0096075156440005773,2.0343217776491886e-05,0,1.3735942245249216e-05,1.9125603956855367e-05,2.6292868893472575e-05,3.7036714764002572e-05
2487,8.6999999999999993,64379.613962665891,6.5182404506920957,13.202119493372326,0,0.0092538667827247994,1.9594391954299857e-05,0,1.3230327629194374e-05,1.842159801908965e-05,2.5325038760439556e-05,3.5673407902268307e-05
2488,8.6999999999999993,64286.203950284129,6.5277116728796329,13.207252367768701,0,0.0089992486928062807,1.9055256610161092e-05,0,1.2866298101966863e-05,1.7914731839686293e-05,2.4628225941788098e-05,3.4691862004296648e-05
2489,8.6999999999999993,64185.481981879755,6.5379551726332732,13.226398730153425,0,0.0087502965110997141,1.8528118415850475e-05,0,1.2510369169195826e-05,1.7419144738093788e-05,2.3946919002835346e-05,3.3732158030304169e-05
2490,8.6999999999999993,64210.463297260103,6.5354115572827025,13.248083404323262,0,0.0085293033363247027,1.8060181391529963e-05,0,1.2194413453089406e-05,1.697921540625301e-05,2.3342127422366771e-05,3.2880235277095383e-05
2491,8.6999999999999993,64489.377697608368,6.5071461210107655,13.273228046113127,0,0.0083344554848680686,1.7647605193651062e-05,0,1.1915837915625618e-05,1.6591333358813323e-05,2.280888769605696e-05,3.2129102043054335e-05
2492,8.6999999999999993,64638.842160994442,6.492099640123481,13.303978070839568,0,0.0081301259770870243,1.7214952275979379e-05,0,1.1623706377996195e-05,1.6184576254549876e-05,2.2249699539802478e-05,3.1341417278545915e-05
2493,8.6999999999999993,64954.781422013999,6.4605221470142382,13.314697294334936,0,0.0079418269899907915,1.6816242823553606e-05,0,1.1354493804482676e-05,1.580973097860922e-05,2.173438207752111e-05,3.0615529740721427e-05
2494,8.6999999999999993,65613.110464540441,6.3957005080284857,13.295959538549603,0,0.0077915458050682035,1.6498033310723043e-05,0,1.1139635587943282e-05,1.551056743503579e-05,2.1323107858593062e-05,3.0036199809174572e-05
2495,8.6999999999999993,66489.323652243838,6.3114163429639385,13.265395918653692,0,0.0076766556389363605,1.6254761714131169e-05,0,1.0975376195087696e-05,1.5281856507320873e-05,2.1008688170175466e-05,2.9593301304515767e-05
2496,8.6999999999999993,67187.895494584154,6.2457947349343117,13.255930983627374,0,0.0075170476590350243,1.5916803389178935e-05,0,1.0747183384891786e-05,1.4964126188156327e-05,2.0571889330038435e-05,2.8978016828829714e-05
2497,8.6999999999999993,67609.032658481417,6.2068896333890571,13.297755877374016,0,0.0073070596915185814,1.5472169093288149e-05,0,1.0446961901952617e-05,1.4546104833704264e-05,1.9997215678316171e-05,2.8168518854019166e-05
2498,8.6999999999999993,60868.177754918441,6.8942724985303405,13.288374872838892,0,0.0064723347425613836,1.3704699536190822e-05,0,9.2535489412665248e-06,1.288442460561837e-05,1.7712825575995888e-05,2.4950676595263174e-05
2499,8.6999999999999993,61500.123329465328,6.8234302829492997,13.373535098033985,0,0.0063792747966043475,1.3507651848003634e-05,0,9.1205003894476093e-06,1.2699170921255956e-05,1.7458148607573785e-05,2.4591933003050916e-05
2500,8.6999999999999993,62338.747526902123,6.7316367520905862,13.458698025081731,0,0.0062576500924481655,1.3250120355437641e-05,0,8.9466125735138328e-06,1.2457053602975719e-05,1.7125298522382117e-05,2.4123073035187984e-05
2501,8.6999999999999993,63399.511620349949,6.619006885168087,13.525535859108505,0,0.0061652729495229033,1.3054518453163119e-05,0,8.8145402306709794e-06,1.2273159169105331e-05,1.6872490179654703e-05,2.3766961630324136e-05
2502,8.6999999999999993,65008.208590738599,6.4552125497452142,13.567415748890442,0,0.0060871162219267878,1.2889027249286852e-05,0,8.7027989297855305e-06,1.2117573201415489e-05,1.6658598819185178e-05,2.3465669544614887e-05
2503,8.6999999999999993,67281.961412573772,6.2370625814271676,13.589426131746382,0,0.0060423216979249251,1.2794178092571377e-05,0,8.6387558392101605e-06,1.2028401103524556e-05,1.6536009734725872e-05,2.3292987857702178e-05
2504,8.6999999999999993,60402.510600472204,6.9474232074073727,13.656465385861461,0,0.0053414864685169651,1.1310210308851272e-05,0,7.6367660854286935e-06,1.0633254061007005e-05,1.4618035360751577e-05,2.0591286871729225e-05
2505,8.6999999999999993,63402.704646934159,6.6186735450517142,13.668293540611616,0,0.0054076232153113133,1.145025007489696e-05,0,7.7313223232655929e-06,1.0764911949794664e-05,1.4799031663743855e-05,2.084624225428652e-05
2506,8.6999999999999993,67074.21699876913,6.2563802114766585,13.648066032831593,0,0.0055175020183143844,1.1682910473416066e-05,0,7.8884169300248095e-06,1.0983646797320242e-05,1.5099736764685897e-05,2.1269822088681688e-05
2507,8.6999999999999993,66172.013648040229,6.3416810339701479,6.4363998398001927,0,0.0044544807542015166,9.432040021761513e-06,0,6.3686068948005479e-06,8.8674989347004056e-06,1.2190568592188937e-05,1.717190366670099e-05
2508,8.6999999999999993,63325.665471429478,6.6267255275938544,18.971263393116352,0,0.0043477546381348259,9.2060552092424067e-06,0,6.2160197098640072e-06,8.6550401156487257e-06,1.1898491443295266e-05,1.6760477355769071e-05
2509,8.6999999999999993,61286.562236258032,6.8472074239322271,6.3871580300203572,0,0.0039854678320357913,8.4389391651873979e-06,0,5.6980553547500368e-06,7.9338386907443612e-06,1.090702186389936e-05,1.5363871448743535e-05
2510,8.6999999999999993,66979.670735027175,6.2652115086008893,18.882951886567888,0,0.0042263611122940175,8.9490132199974711e-06,0,6.0424624114236184e-06,8.4133830021776285e-06,1.156627402333802e-05,1.62925085741028e-05
2511,8.6999999999999993,65828.55980899476,6.3747681120322941,6.4078393393044131,0,0.0039393650099396526,8.3413197821163671e-06,0,5.6321417798862784e-06,7.842062174381912e-06,1.0780852362655841e-05,1.5186146307816338e-05
2512,8.6999999999999993,62078.382542064537,6.7598701310724332,18.76787156351595,0,0.0038089433309106665,8.0651613330880598e-06,0,5.4456768583548449e-06,7.58243278912516e-06,1.0423927613881995e-05,1.4683374238092445e-05
2513,8.6999999999999993,60673.800945553099,6.9163592422364433,6.3870906412455692,0,0.003517199432640354,7.4474147815972194e-06,0,5.0285682648812256e-06,7.0016605622663471e-06,9.625512669589715e-06,1.3558709346068762e-05
2514,8.6999999999999993,64640.178836751249,6.4919653918531957,18.846626979227537,0,0.0037780358709311231,7.999717027548502e-06,0,5.4014882146973695e-06,7.5209055576550521e-06,1.0339343229824308e-05,1.4564226809999836e-05
2515,8.6999999999999993,63771.516473606185,6.5803955611604783,6.5550546225699033,0,0.0035364332481988905,7.4881409914810949e-06,0,5.0560670053941086e-06,7.0399491638760132e-06,9.6781498142523559e-06,1.3632855188455164e-05
2516,8.6999999999999993,66151.621625021347,6.3436359324661531,19.089517827673852,0,0.0038428535337678604,8.1369637289550592e-06,0,5.4941585476104816e-06,7.6499375566399856e-06,1.0516729598381706e-05,1.4814097159329177e-05
2517,8.6999999999999993,65591.914987982076,6.3977672249434754,6.848087420844938,0,0.0036273436563221966,7.6806371891591117e-06,0,5.1860423457156765e-06,7.2209237805978893e-06,9.9269441467737693e-06,1.3983312370051791e-05
2518,8.6999999999999993,66115.107631722451,6.3471393901209296,19.449710536955102,0,0.003974327585356768,8.4153505005759862e-06,0,5.682128054639269e-06,7.9116618914697517e-06,1.0876534373040533e-05,1.5320926097006403e-05
2519,8.6999999999999993,64988.619109095154,6.4571583407080215,7.2179723402371199,0,0.0037011535554181737,7.8369242988561937e-06,0,5.291568950998189e-06,7.367856551827529e-06,1.0128939550360005e-05,1.4267847548642374e-05
2520,8.6999999999999993,64561.937957365051,6.4998328304288275,19.88798230979204,0,0.0042285680413053891,8.9536862321641096e-06,0,6.0456176755483759e-06,8.4177763179729296e-06,1.1572313721560049e-05,1.6301016226166795e-05
2521,8.6999999999999993,62828.295813269855,6.6791848879459605,7.6076321297173717,0,0.0039241469411879261,8.3090966249313646e-06,0,5.6103843848214591e-06,7.811767687574028e-06,1.0739205104266951e-05,1.5127481061513186e-05
2522,8.6999999999999993,65430.84300215172,6.4135166945287621,20.623575925072053,1,0.018590798862301045,3.9364668651974878e-05,0,2.657941438014448e-05,3.700855345512313e-05,5.0877402153035842e-05,7.1667030292888278e-05
2523,8.6999999999999993,62482.469469616131,6.7161526663963427,8.183759442566295,1,0.017150520188553339,3.6314982988732389e-05,0,2.452023639774728e-05,3.4141402307801836e-05,4.6935794380316745e-05,6.6114794689339722e-05
2524,8.8000000000000007,82713.480441149775,7.1664231777558092,14.238499663900939,1,0.19408318966572938,0.00033770061842923607,0,0.00024901706203472385,0.00031072834404615612,0.00045891930309679892,0.00061601159446357935
2525,8.8000000000000007,77815.324942890074,7.6175201193510862,14.108816367891311,0,0.046286606605207344,8.0537710156612083e-05,0,5.938770281051821e-05,7.4105133199444621e-05,0.0001094469710775176,0.00014691167424798861
2526,8.8000000000000007,78910.257267195921,7.5118219592058777,14.048168477015341,0,0.038738711990982069,6.7404534205348042e-05,0,4.9703430078710467e-05,6.2020908911125162e-05,9.1599600874182647e-05,0.00012295498534484355
2527,8.8000000000000007,78463.321587835497,7.5546101203827405,14.029042731591348,0,0.033905855210027626,5.8995466287002574e-05,0,4.3502667411420215e-05,5.4283476384667779e-05,8.0172071938255013e-05,0.00010761570832359644
2528,8.8000000000000007,77502.477936675001,7.6482690505797013,14.042946715949178,0,0.028503262772407074,4.959507045443279e-05,0,3.6570909444620669e-05,4.5633893674339177e-05,6.7397374857796542e-05,9.0468115131896274e-05
2529,8.8000000000000007,77489.116299948175,7.6495878602077179,14.06136459248574,0,0.025011780810988368,4.3519966167264237e-05,0,3.2091188240135307e-05,4.0044010233082913e-05,5.9141593039345484e-05,7.9386303390247307e-05
2530,8.8000000000000007,77699.405136099725,7.628884703917854,14.073936028623603,0,0.022536893080467166,3.9213714200881207e-05,0,2.8915801064246386e-05,3.6081700217828702e-05,5.3289598569913291e-05,7.153111747938881e-05
2531,8.8000000000000007,78293.515447295489,7.570994864131924,14.063976895889805,0,0.020752715852997348,3.6109283806153887e-05,0,2.6626625107796999e-05,3.3225221836927213e-05,4.9070823253813837e-05,6.5868216634693135e-05
2532,8.8000000000000007,78933.431515041753,7.5096165461063205,14.034341185997864,0,0.019441196089233004,3.3827267336473047e-05,0,2.4943888962870894e-05,3.1125470874053071e-05,4.596966989261323e-05,6.1705510002354482e-05
2533,8.8000000000000007,79232.774052711,7.4812451088985439,14.001778125177086,0,0.018251914368412493,3.1757942459344908e-05,0,2.3417989473273739e-05,2.9221423746883594e-05,4.315755443096651e-05,5.7930781596608408e-05
2534,8.8000000000000007,79273.91794530199,7.477362273873033,13.979383411741189,0,0.017297995408816949,3.0098143776411006e-05,0,2.219407050766511e-05,2.7694193803992283e-05,4.09019658614341e-05,5.4903084348322454e-05
2535,8.8000000000000007,79112.641652482358,7.4926053657785836,13.99273521888882,0,0.01646923271288676,2.8656114327962978e-05,0,2.1130732399815812e-05,2.6367339785583252e-05,3.8942315468713531e-05,5.2272627632152573e-05
2536,8.8000000000000007,78580.990185807197,7.5432977103585568,14.128086270719145,0,0.015675076277315275,2.7274299035850617e-05,0,2.0111795609243788e-05,2.5095890596378694e-05,3.7064493290553719e-05,4.9752009679755601e-05
2537,8.8000000000000007,77615.838170774106,7.6370985267477094,14.429692449494079,0,0.014961444443420468,2.6032594836470283e-05,0,1.9196175338590768e-05,2.3953361774657099e-05,3.5377075516542743e-05,4.7486973307390521e-05
2538,8.8000000000000007,83028.198210858565,7.1392589038357031,15.093047558645594,0,0.015326510622476796,2.6667802216600685e-05,0,1.9664570914289107e-05,2.4537834904353714e-05,3.6240292556438309e-05,4.8645677466326364e-05
2539,8.8000000000000007,82412.641134291523,7.192583506459945,15.314815632616224,0,0.014721327456646926,2.5614796391028162e-05,0,1.8888094939180801e-05,2.3568933046924427e-05,3.4809307022931287e-05,4.6724852445017462e-05
2540,8.8000000000000007,82033.546555570327,7.2258219744865757,15.378667253630775,0,0.014224807128858952,2.4750861590464171e-05,0,1.8251038048889433e-05,2.2774001041197736e-05,3.3635260145433548e-05,4.5148918540947576e-05
2541,8.8000000000000007,81617.457167307148,7.2626595328890575,15.366943758231535,0,0.013777351019404584,2.3972297485335174e-05,0,1.7676932656466107e-05,2.2057621141611604e-05,3.257722803935124e-05,4.3728712329826518e-05
2542,8.8000000000000007,81333.331231123695,7.2880305573845376,15.338169179451398,0,0.013399411761643925,2.3314691222297764e-05,0,1.7192020368301247e-05,2.1452538136142331e-05,3.1683571968038905e-05,4.252914957952082e-05
2543,8.8000000000000007,81047.417630153082,7.313740778901459,15.298382420442055,0,0.013059201678530218,2.2722732919977838e-05,0,1.6755516230475218e-05,2.0907859764276132e-05,3.0879128396609825e-05,4.144933758698086e-05
2544,8.8000000000000007,80575.388528182462,7.3565863494282846,15.264262699001771,0,0.012801591463325067,2.2274496629455717e-05,0,1.6424991268210304e-05,2.0495424273505732e-05,3.0269996298996534e-05,4.063169397914473e-05
2545,8.8000000000000007,80213.009141199771,7.3898212982244136,15.238659663799821,0,0.012621536314869418,2.1961204504106969e-05,0,1.6193972785105845e-05,2.0207154907091418e-05,2.9844246993296371e-05,4.0060206776762223e-05
2546,8.8000000000000007,80072.024751392571,7.4028327020167994,15.188155405710372,0,0.012508467096092898,2.1764466470422006e-05,0,1.6048900124692626e-05,2.0026130413555776e-05,2.957688923206012e-05,3.9701329998906102e-05
2547,8.8000000000000007,80144.828107782305,7.396107987768568,15.03179233190388,0,0.012452260950762326,2.1666668974047651e-05,0,1.5976785227969107e-05,1.9936144039703071e-05,2.9443987020955238e-05,3.9522934140597251e-05
2548,8.8000000000000007,80479.444271493761,7.3653565666614105,14.727078559474712,0,0.012190419609339084,2.1211070613977089e-05,0,1.5640831549174224e-05,1.9516934490625697e-05,2.8824850216089014e-05,3.8691861122349682e-05
2549,8.8000000000000007,80999.151493604717,7.3180989234573506,14.323576062982783,0,0.011957057510680666,2.0805025530059103e-05,0,1.5341417961123337e-05,1.9143320379047286e-05,2.8273053989584405e-05,3.7951179980775661e-05
2550,8.8000000000000007,81182.489520618707,7.3015721351555571,13.919731760920353,0,0.011760787144300613,2.0463519270706953e-05,0,1.5089594657494533e-05,1.882909035203854e-05,2.7808962998948795e-05,3.7328226382640951e-05
2551,8.8000000000000007,80721.683361501622,7.3432537412743182,13.623577514001333,0,0.011475852069684945,1.9967738306494565e-05,0,1.4724010727873208e-05,1.8372907598403445e-05,2.7135219919521518e-05,3.6423854860641022e-05
2552,8.8000000000000007,80088.732761196501,7.4012883324519709,13.468620537645318,0,0.01116384299786511,1.9424849163490669e-05,0,1.4323689697872762e-05,1.7873379213792017e-05,2.6397459034377114e-05,3.5433551650198806e-05
2553,8.8000000000000007,79526.528908259817,7.4536109080040864,13.388484458134684,0,0.01086123862303187,1.8898323993038867e-05,0,1.393543529773842e-05,1.7388907805139881e-05,2.5681936020499963e-05,3.4473098538552555e-05
2554,8.8000000000000007,78766.949759871,7.5254888649794829,13.341385152541298,0,0.010526660974959058,1.8316166007788386e-05,0,1.3506157815803615e-05,1.6853246995362496e-05,2.4890810620356908e-05,3.3411163649620747e-05
2555,8.8000000000000007,78009.889133391873,7.598521289175614,13.322324594595308,0,0.010204160134973264,1.7755021411521575e-05,0,1.3092375396958848e-05,1.6336921227350992e-05,2.4128241430365144e-05,3.2387560023785592e-05
2556,8.8000000000000007,77563.244174534426,7.6422770818155463,13.304016167261297,0,0.0099404504079169138,1.7296172100223082e-05,0,1.2754024499209012e-05,1.5914720381733128e-05,2.350468673524197e-05,3.1550556830879896e-05
2557,8.8000000000000007,77526.997491067203,7.6458501235599439,13.278959336799719,0,0.0097134667172814812,1.6901225310483307e-05,0,1.2462794682401159e-05,1.5551318139436369e-05,2.2967972570042194e-05,3.083012047868277e-05
2558,8.8000000000000007,77723.966952428309,7.6264738739996609,13.257143351478071,0,0.0095097096334369833,1.654669232211819e-05,0,1.2201365598949327e-05,1.5225101833120923e-05,2.2486178865600287e-05,3.0183404365254933e-05
2559,8.8000000000000007,77857.811349703305,7.6133632974074912,13.240067817243638,0,0.0092924890432524321,1.6168733119328772e-05,0,1.1922662259034274e-05,1.4877330372867079e-05,2.1972550034388986e-05,2.9493955668846102e-05
2560,8.8000000000000007,77738.099212203495,7.6250874327173523,13.235668640247761,0,0.0090469184225830095,1.5741445467003265e-05,0,1.1607584613275955e-05,1.4484170344745024e-05,2.1391886153644041e-05,2.8714525209914947e-05
2561,8.8000000000000007,77420.087120551427,7.6564083740091462,13.236938713908984,0,0.0087802276765025448,1.5277409246061921e-05,0,1.1265408940178325e-05,1.4057196869892609e-05,2.0761282691569843e-05,2.7868060392407273e-05
2562,8.8000000000000007,77313.989855049906,7.6669151916441978,13.236999968152318,0,0.0085307768581637626,1.4843370132392302e-05,0,1.0945352834279269e-05,1.3657824622162826e-05,2.0171443891485581e-05,2.7076314355000451e-05
2563,8.8000000000000007,77275.106013205936,7.6707730849959344,13.246764744014952,0,0.0083023559852068145,1.4445922676007427e-05,0,1.065227905087169e-05,1.3292121442398861e-05,1.9631331437590378e-05,2.6351316448683486e-05
2564,8.8000000000000007,77546.989527672908,7.6438789817208725,13.261971563357053,0,0.0081062474428980243,1.4104697987094411e-05,0,1.0400663374471508e-05,1.2978150496693222e-05,1.9167623087976568e-05,2.5728876473105849e-05
2565,8.8000000000000007,78123.517136092167,7.5874694979965183,13.271486956630042,0,0.0079247104827985162,1.3788827541029743e-05,0,1.0167743663431348e-05,1.2687508741000489e-05,1.8738369965340528e-05,2.5152686065077351e-05
2566,8.8000000000000007,78896.371133065069,7.5131440753665411,13.269971513537611,0,0.0077781244296141819,1.3533770928972262e-05,0,9.9796674659920081e-06,1.2452823595704401e-05,1.8391759991097385e-05,2.4687428313987592e-05
2567,8.8000000000000007,79741.043222804976,7.4335596750355215,13.273066154527481,0,0.0076352377440887555,1.3285151137890168e-05,0,9.7963377160291029e-06,1.222406116009095e-05,1.805389735468834e-05,2.4233912194792873e-05
2568,8.8000000000000007,80612.161646901921,7.3532304708899767,13.311717781373192,0,0.0074716749459533063,1.3000555351013986e-05,0,9.5864796262068074e-06,1.1962196144889388e-05,1.7667145027182994e-05,2.3714770994321694e-05
2569,8.8000000000000007,81494.515550448705,7.2736158911131037,13.379952044622769,0,0.0073032264168719887,1.2707458496298078e-05,0,9.3703529338943765e-06,1.1692509045308033e-05,1.7268840147163137e-05,2.3180122696531739e-05
2570,8.8000000000000007,82213.485600732383,7.2100069595033336,13.440100669428874,0,0.007085078572818951,1.2327885891516617e-05,0,9.0904598874700223e-06,1.1343253046081178e-05,1.6753018778309332e-05,2.248773093671292e-05
2571,8.8000000000000007,83145.649839494683,7.1291739795236166,13.477873239944158,0,0.0068894085429707088,1.1987424204950022e-05,0,8.8394068413768731e-06,1.1029984161439891e-05,1.6290347313101332e-05,2.1866682780594142e-05
2572,8.8000000000000007,76528.019493520085,7.7456571758857402,13.482712277115466,0,0.0062261925581501001,1.0833442509720176e-05,0,7.9884722688415777e-06,9.9681714147348252e-06,1.4722140308255954e-05,1.976166411830442e-05
2573,8.8000000000000007,78072.851306684432,7.5923934303082996,13.507916784087342,0,0.0061169266087009073,1.0643322083701818e-05,0,7.8482793662046455e-06,9.7932359780725648e-06,1.4463775565488703e-05,1.941485875171548e-05
2574,8.8000000000000007,80339.573242638318,7.3781796370274275,13.519655771351889,0,0.0060456348026699698,1.0519275858848189e-05,0,7.7568089193537403e-06,9.6790973714770838e-06,1.4295202563382859e-05,1.9188581663107528e-05
2575,8.8000000000000007,83949.518520981394,7.060907719180781,13.509453110575816,0,0.0060435927136195614,1.0515722667371903e-05,0,7.7541888314593587e-06,9.6758279747296323e-06,1.429037394280274e-05,1.9182100161365181e-05
2576,8.8000000000000007,77344.294357985229,7.663911194311769,13.543903354399484,0,0.005456688740545044,9.4945222480713055e-06,0,7.0011658451655107e-06,8.7361912139073913e-06,1.2902610464822042e-05,1.7319292502065451e-05
2577,8.8000000000000007,81202.149757033665,7.2998043170028666,13.550172673148644,0,0.0055841626172750047,9.7163240799528911e-06,0,7.1647202999544226e-06,8.940277650726904e-06,1.3204028752375519e-05,1.772388903714982e-05
2578,8.8000000000000007,74140.010858084162,7.9951404981710157,13.606905956801143,0,0.0049870211853604947,8.6773107002028925e-06,0,6.3985622145959558e-06,7.9842506572520042e-06,1.1792058296529179e-05,1.5828588129186253e-05
2579,8.8000000000000007,78881.751734007063,7.5145365095988383,13.590379388625196,0,0.0052917048179411796,9.2074537348725858e-06,0,6.7894843916581901e-06,8.4720509699571939e-06,1.2512497818209295e-05,1.6795640714401081e-05
2580,8.8000000000000007,75636.857908656923,7.8369173407779016,6.4895202764638347,0,0.0045964767547756165,7.9977717047867663e-06,0,5.8974769487067843e-06,7.3589866949217493e-06,1.0868596670506675e-05,1.4589017109110719e-05
2581,8.8000000000000007,79417.311496932874,7.4638613694345493,19.095385933784581,0,0.0046429781460647686,8.0786831357211644e-06,0,5.9571402294849673e-06,7.4334356996810321e-06,1.0978551510594599e-05,1.473661050059476e-05
2582,8.8000000000000007,79247.272390414422,7.4798764104593518,6.5671367915937031,0,0.0045591745965593766,7.9328667435685099e-06,0,5.8496166787753143e-06,7.2992657171706989e-06,1.0780393872097979e-05,1.4470621682905622e-05
2583,8.8000000000000007,81570.406259549593,7.2668487326175617,19.211930481160746,0,0.0045824135145677665,7.9733019661994645e-06,0,5.879433207951704e-06,7.3364713634845718e-06,1.0835343443338548e-05,1.4544380996943135e-05
2584,8.8000000000000007,82089.687461706926,7.220880255182081,6.7228565377676084,0,0.0046151533670365976,8.0302686125383293e-06,0,5.9214398438034764e-06,7.3888880625272693e-06,1.0912758444114069e-05,1.4648295863328846e-05
2585,8.8000000000000007,82572.642400780416,7.1786464149862939,19.394152245647021,0,0.0046080116716370701,8.0178422145735825e-06,0,5.9122767420974493e-06,7.3774541656040003e-06,1.089587155204822e-05,1.462562843304901e-05
2586,8.8000000000000007,76934.928598265265,7.7046903681622867,6.7377592991668536,0,0.0042849379815788902,7.455700871375493e-06,0,5.49775933202414e-06,6.8602112612104852e-06,1.013194782972189e-05,1.3600206606023495e-05
2587,8.8000000000000007,77469.932588925498,7.6514821110228253,19.37944367288172,0,0.0042661601093672286,7.4230277734653393e-06,0,5.4736665160648343e-06,6.8301477758200747e-06,1.0087546621951869e-05,1.3540606457130324e-05
2588,8.8000000000000007,77731.379810150989,7.6257465748588027,7.0035683156848494,0,0.00452990182340235,7.8819327414259643e-06,0,5.8120584544812562e-06,7.2523998327817035e-06,1.0711176951868717e-05,1.437771117531407e-05
2589,8.8000000000000007,81317.083374743583,7.2894867689070848,19.90673833996053,0,0.0050881746199604857,8.8533155230806054e-06,0,6.5283464125071424e-06,8.146197909262703e-06,1.2031240596616205e-05,1.6149644726827336e-05
2590,8.8000000000000007,81093.525665168811,7.3095823431550349,7.5019610874389739,0,0.0057950519729995627,1.0083267069559486e-05,0,7.4353003943323649e-06,9.2779127668547575e-06,1.370268706650532e-05,1.8393242671016963e-05
2591,8.8000000000000007,78944.362943816173,7.5085766892332533,20.253080821295331,1,0.016498506654530239,2.8707050363247076e-05,0,2.1168292123328139e-05,2.6414207540726024e-05,3.9011535151886811e-05,5.2365541848469255e-05
2592,8.8000000000000007,78346.22544018412,7.5659012290115841,15.382727075332703,1,0.015922671574562369,2.7705109582320519e-05,0,2.0429471001946657e-05,2.5492292143775513e-05,3.7649944619225619e-05,5.0537866373998707e-05
2593,8.9000000000000004,97518.570717060182,8.5860105517664778,14.181469387801872,1,0.20210451610076799,0.00027234178390897831,0,0.00029985499327662957,0.00025283665603655639,0.00035742229942780388,0.0004811819783954447
2594,8.9000000000000004,100188.04996339693,8.3572389868428889,14.064102850075905,0,0.05005464424377068,6.7450106357252147e-05,0,7.4264223792488073e-05,6.2619327434446938e-05,8.8521752941577239e-05,0.00011917295669478713
2595,8.9000000000000004,101260.48978046222,8.2687282965464846,14.034979639151613,0,0.041662322871152437,5.6141206299735755e-05,0,6.1812847062702096e-05,5.2120371185597154e-05,7.367991338049225e-05,9.9192038507915032e-05
2596,8.9000000000000004,100657.55860486963,8.3182573546876917,14.032737844439144,0,0.036126378450724153,4.8681358255921237e-05,0,5.3599371139483918e-05,4.519479771366423e-05,6.3889582998822569e-05,8.6011745756907169e-05
2597,8.9000000000000004,99462.070195661552,8.4182389882166984,14.03983102200775,0,0.030403532103667027,4.0969654364963033e-05,0,4.5108595742538304e-05,3.8035406318968682e-05,5.3768716132011409e-05,7.2386466221059989e-05
2598,8.9000000000000004,99367.418728404053,8.4262576998040135,14.045082521844444,0,0.026532097062292506,3.5752781700277139e-05,0,3.9364690803158015e-05,3.3192166252844496e-05,4.6922074397971517e-05,6.316913249503265e-05
2599,8.9000000000000004,99401.090891747663,8.4234033012949237,14.050181852099801,0,0.023569406938630452,3.1760469558942612e-05,0,3.4969057077346156e-05,2.9485783643532782e-05,4.1682550131411534e-05,5.6115390586734275e-05
2600,8.9000000000000004,99428.059303819173,8.4211185759079026,14.043210250445767,0,0.021240237690509652,2.8621845443572131e-05,0,3.1513354836198952e-05,2.6571947894585828e-05,3.7563408983646252e-05,5.0569971372698521e-05
2601,8.9000000000000004,99383.801274432437,8.424868705291388,14.04220829015264,0,0.019396197051242466,2.6136946407232536e-05,0,2.8777419963701597e-05,2.426501741216472e-05,3.430221889130526e-05,4.6179574066575126e-05
2602,8.9000000000000004,99112.751189925752,8.4479087414836123,14.122987393090202,0,0.017809632452358722,2.3999003913501249e-05,0,2.642349276647844e-05,2.2280194432911059e-05,3.1496375765855055e-05,4.2402190427298033e-05
2603,8.9000000000000004,98790.773314855076,8.4754420790019349,14.330663413774657,0,0.016747549507999969,2.2567815886105834e-05,0,2.4847719595822872e-05,2.095150814095686e-05,2.961807964719492e-05,3.9873522675352322e-05
2604,8.9000000000000004,98364.132815977384,8.5122031089960597,14.620744355624865,0,0.015869997461010473,2.1385288674141238e-05,0,2.3545728090503272e-05,1.9853673568332899e-05,2.8066126843002388e-05,3.7784196626325095e-05
2605,8.9000000000000004,97833.288486768957,8.5583904018835124,14.913939011868717,0,0.015123882905794406,2.0379877350889638e-05,0,2.2438745528934185e-05,1.8920269838418342e-05,2.6746621543927746e-05,3.6007804466886656e-05
2606,8.9000000000000004,97417.487820002294,8.594919617686406,15.118708299144068,0,0.014506206344412872,1.9547540004595318e-05,0,2.1522321666996111e-05,1.8147544521315584e-05,2.5654259130998921e-05,3.4537204820979321e-05
2607,8.9000000000000004,96946.567127722315,8.6366696828652891,15.188687467124581,0,0.014004478007453981,1.8871446303369261e-05,0,2.0777925895896707e-05,1.7519872674080761e-05,2.4766951418416574e-05,3.3342661332032424e-05
2608,8.9000000000000004,96244.059439744829,8.6997107358513563,15.180021462969876,0,0.013572863326364717,1.8289832817055347e-05,0,2.0137555162015694e-05,1.6979914365536663e-05,2.4003639866759781e-05,3.2315048440653491e-05
2609,8.9000000000000004,95947.537662554721,8.726596821219248,15.147679820125202,0,0.01324322113115577,1.7845630256781456e-05,0,1.9648477232758593e-05,1.6567525607812793e-05,2.3420666889840916e-05,3.1530217469463449e-05
2610,8.9000000000000004,102277.07428383038,8.1865411484716013,15.004026800170593,0,0.013690011937269623,1.844769401823896e-05,0,2.0311364221867394e-05,1.7126469542095687e-05,2.4210817453348332e-05,3.2593962546330352e-05
2611,8.9000000000000004,101347.55299772344,8.2616249963989983,14.984340907803382,0,0.013271937862925227,1.7884326898049137e-05,0,1.9691083185251827e-05,1.6603450794310199e-05,2.3471452495720072e-05,3.159858790507999e-05
2612,8.9000000000000004,100522.39451078324,8.3294422227481437,14.964735192312331,0,0.012912413522674237,1.7399857267821604e-05,0,1.9157670222945756e-05,1.6153678895559123e-05,2.2835632876881354e-05,3.0742611815772644e-05
2613,8.9000000000000004,100024.80524499706,8.3708783548143249,14.938918140610763,0,0.012683673672342811,1.7091623587089439e-05,0,1.8818297369698732e-05,1.5867520921576669e-05,2.2431105927886972e-05,3.0198014911933665e-05
2614,8.9000000000000004,99996.299641046862,8.3732646125454018,14.905400865159249,0,0.012544461984370939,1.6904031740184163e-05,0,1.8611754138670577e-05,1.5693364409158794e-05,2.2184909738993678e-05,2.9866571771886878e-05
2615,8.9000000000000004,100250.64265709974,8.352021044231849,14.843549755117628,0,0.012468970489091756,1.6802304728383805e-05,0,1.849975020008419e-05,1.5598923089420686e-05,2.2051402856760154e-05,2.9686837307010517e-05
2616,8.9000000000000004,100434.78782158047,8.3367077815437387,14.694865221286383,0,0.012408914902549788,1.6721378057925909e-05,0,1.8410647948208795e-05,1.5523792389867121e-05,2.1945194414467785e-05,2.9543853535526882e-05
2617,8.9000000000000004,100523.3330107298,8.3293644579064221,14.42788196077321,0,0.012140995963396514,1.63603494018635e-05,0,1.8013146530385792e-05,1.5188620618492152e-05,2.1471379157194287e-05,2.8905976818674577e-05
2618,8.9000000000000004,100542.11596542521,8.3278083928310842,14.081854141313496,0,0.011868572698216215,1.5993251033905608e-05,0,1.7608962210683074e-05,1.4847813848195121e-05,2.0989597989029667e-05,2.8257375945079823e-05
2619,8.9000000000000004,100310.02488174253,8.3470767568542446,13.739161844486045,0,0.011564833321044439,1.5583953283324325e-05,0,1.7158315334220999e-05,1.4467830016500594e-05,2.0452434205112163e-05,2.7534215882930379e-05
2620,8.9000000000000004,99647.232115689738,8.4025964333637475,13.497472321679011,0,0.011215259497062209,1.5112892266638601e-05,0,1.6639665584763575e-05,1.4030506405931147e-05,1.9834212097075736e-05,2.6701930551240102e-05
2621,8.9000000000000004,98902.062636430535,8.4659051070330928,13.390708128357208,0,0.010847568485846323,1.461741780691944e-05,0,1.6094136034889268e-05,1.3570517843952788e-05,1.9183949701938604e-05,2.5826510785128257e-05
2622,8.9000000000000004,98222.861291057648,8.5244460013108245,13.3536847273944,0,0.010495429922560312,1.4142900728534903e-05,0,1.5571681076614499e-05,1.3129985694941526e-05,1.8561191846571653e-05,2.4988119175577042e-05
2623,8.9000000000000004,97541.219257666948,8.5840169268137476,13.336973033682044,0,0.010139073471185102,1.366269992180672e-05,0,1.5042968193831019e-05,1.2684176886404865e-05,1.7930974646462407e-05,2.413968537709028e-05
2624,8.9000000000000004,97198.943833058482,8.6142446013398999,13.331743937141148,0,0.0098307751512926155,1.32472588617277e-05,0,1.4585557382721458e-05,1.2298489729248814e-05,1.7385748361905957e-05,2.3405671123653741e-05
2625,8.9000000000000004,97307.228066517899,8.6046586035469055,13.319562235204257,0,0.0096205713419288009,1.2964003041763434e-05,0,1.4273685767680051e-05,1.2035520700792301e-05,1.7014002443799713e-05,2.2905205885135724e-05
2626,8.9000000000000004,97521.389712050601,8.5857623608741562,13.303008046317599,0,0.0094133583287535176,1.2684777407690149e-05,0,1.3966251486293062e-05,1.17762932161755e-05,1.6647545755600097e-05,2.2411861305050979e-05
2627,8.9000000000000004,97598.705026258584,8.5789609292929931,13.282576401676515,0,0.0091982843735745803,1.2394958922898909e-05,0,1.3647154216086573e-05,1.1507231541171238e-05,1.6267186973469963e-05,2.1899800945139302e-05
2628,8.9000000000000004,97603.949568848053,8.5784999569023697,13.259031330285133,0,0.0089671562151476363,1.2083506926713892e-05,0,1.3304237918478477e-05,1.1218085747598671e-05,1.5858436296140796e-05,2.1349517820939734e-05
2629,8.9000000000000004,97318.994752441984,8.6036182278676296,13.243630908405397,0,0.0087143782201998931,1.1742881138605927e-05,0,1.2929200559403613e-05,1.0901855590077861e-05,1.5411397833358872e-05,2.0747689529071461e-05
2630,8.9000000000000004,97089.953999493417,8.6239146552096706,13.232570541612917,0,0.0084604252679339777,1.1400672060929666e-05,0,1.255241995962568e-05,1.0584155538241755e-05,1.4962281455869778e-05,2.0143063831693427e-05
2631,8.9000000000000004,97251.052497216006,8.6096289517672151,13.220566001053797,0,0.0082291972255834744,1.108908546821781e-05,0,1.2209355467935607e-05,1.0294884787950202e-05,1.4553354133593123e-05,1.9592542898142164e-05
2632,8.9000000000000004,97821.919887253185,8.559385034917609,13.214587521308029,0,0.0080495427758913926,1.0846995809558562e-05,0,1.1942808807604294e-05,1.0070133598918947e-05,1.4235634828006874e-05,1.9164811320450555e-05
2633,8.9000000000000004,98554.373098038981,8.4957719363396205,13.234264621862934,0,0.0078739021544655535,1.0610314902625514e-05,0,1.1682217315771975e-05,9.8504037866303887e-06,1.3925013986898844e-05,1.8746636094409828e-05
2634,8.9000000000000004,99308.494029699737,8.4312574201302262,13.292271385985204,0,0.0076866871884559837,1.0358037225702731e-05,0,1.1404453397096876e-05,9.6161942455518679e-06,1.3593923890895867e-05,1.8300904007528575e-05
2635,8.9000000000000004,100268.78504824465,8.3505098497702601,13.367826547347221,0,0.0075266028692100046,1.0142318893819604e-05,0,1.1166942215272203e-05,9.4159256679716365e-06,1.3310814405807943e-05,1.7919766114467041e-05
2636,8.9000000000000004,101402.54030039901,8.2571449856130439,13.425964797008,0,0.0073720696877658861,9.9340808835089513e-06,0,1.0937667051228671e-05,9.2226016710771768e-06,1.3037522120631536e-05,1.7551844687427041e-05
2637,8.9000000000000004,102889.63373147817,8.1378020972942871,13.458647893350543,0,0.0072579495738013108,9.7803006710889967e-06,0,1.0768351260242019e-05,9.0798352027270697e-06,1.2835700437815481e-05,1.7280141000287218e-05
2638,8.9000000000000004,96522.411714503454,8.6746224249601109,13.464817407245535,0,0.0067010247263704836,9.0298280474246965e-06,0,9.9420624686610583e-06,8.3831114540213635e-06,1.1850777570095116e-05,1.5954182505768805e-05
2639,8.9000000000000004,97947.589380514692,8.5484031048183446,13.481429316597977,0,0.0066091797667435035,8.906064261090558e-06,0,9.8057955000510689e-06,8.268211634294822e-06,1.1688349548722445e-05,1.5735512778681039e-05
2640,8.9000000000000004,100085.71146178305,8.3657843356549328,13.480062116587439,0,0.0065889061054774101,8.8787449058277527e-06,0,9.7757162188953422e-06,8.2428488921897371e-06,1.1652495532358285e-05,1.568724408768121e-05
2641,8.9000000000000004,103530.41406121991,8.0874348350886738,13.459316011388699,0,0.0066786167190201829,8.999632597994048e-06,0,9.9088165371846084e-06,8.3550786037110429e-06,1.1811148957794605e-05,1.5900832241674058e-05
2642,8.9000000000000004,97014.161236927219,8.6306521284560471,13.468025161636982,0,0.0061657957184232826,8.3085912060297419e-06,0,9.1479629914408387e-06,7.7135296198595706e-06,1.0904223844172591e-05,1.4679878705401196e-05
2643,8.9000000000000004,101139.21239919978,8.2786434391542567,13.458939779189658,0,0.0063523660152418051,8.5600001722432937e-06,0,9.4247704382880112e-06,7.9469326673195467e-06,1.1234173841235279e-05,1.5124075927041712e-05
2644,8.9000000000000004,94686.824732131397,8.8427875740745261,13.476649125220943,0,0.0058760201869126399,7.9181101484692431e-06,0,8.7180337561656994e-06,7.3510148289885116e-06,1.0391755153276009e-05,1.3989964564772289e-05
2645,8.9000000000000004,99889.13530437318,8.3822477251257865,13.47364375544052,0,0.0060856389984111766,8.2005776665920337e-06,0,9.0290374315175628e-06,7.6132520138083802e-06,1.0762466501318199e-05,1.4489037006951053e-05
2646,8.9000000000000004,105529.48229421933,7.934232775211191,13.48632211060778,0,0.0063726662597482593,8.5873553492048997e-06,0,9.4548891600139612e-06,7.9723286655721403e-06,1.1270074870120876e-05,1.5172407908938923e-05
2647,8.9000000000000004,98467.343395269796,8.5032808675336558,13.526935655183381,0,0.0058913007729913831,7.9387011879578647e-06,0,8.7407049963947884e-06,7.370131137525139e-06,1.0418778904740056e-05,1.4026345457105965e-05
2648,8.9000000000000004,104521.44626124293,8.010752884887486,13.541290796859762,0,0.0063771742597520022,8.5934300118921445e-06,0,9.4615775128370091e-06,7.9779682607100882e-06,1.1278047278448234e-05,1.5183140812895043e-05
2649,8.9000000000000004,97464.402125899898,8.5907824693603043,13.514516992407351,0,0.0059642201385353612,8.0369621792355484e-06,0,8.8488927612541535e-06,7.4613546732488748e-06,1.0547736969648167e-05,1.4199956048560029e-05
2650,8.9000000000000004,103894.77806442906,8.0590718106219512,13.481540701287217,0,0.0065660250906320597,8.8479120648756798e-06,0,9.7417685036983484e-06,8.2142243003605418e-06,1.1612030405219863e-05,1.5632767660318788e-05
2651,8.9000000000000004,97591.298138893631,8.5796120467442769,7.2634496078937785,0,0.007227746845967227,9.7396016063874905e-06,0,1.0723540590365104e-05,9.0420510064306118e-06,1.2782286844493954e-05,1.7208232620343359e-05
2652,8.9000000000000004,101074.27575324221,8.283962174648634,13.503690159864677,0,0.0067467658436401855,9.0914655492260379e-06,0,1.0009926872069705e-05,8.4403344758368746e-06,1.1931670840707547e-05,1.6063085571006988e-05
2653,8.9000000000000004,101780.11687378645,8.2265132217146242,14.371631539145039,0,0.0076015834172100385,1.0243357389122799e-05,0,1.1278188080284038e-05,9.5097277827876398e-06,1.3443417676608516e-05,1.80982840868702e-05
2654,8.9000000000000004,97370.346504321467,8.5990808005669717,14.739571469465552,0,0.0074689526670690554,1.0064633549638818e-05,0,1.1081408743240576e-05,9.3438041507964264e-06,1.3208859891335729e-05,1.7782509219587717e-05
2655,8.9000000000000004,102673.55797736977,8.1549280424704094,14.939595519846851,1,0.030305834714005695,4.0838004256905318e-05,0,4.4963645740008743e-05,3.7913184996149971e-05,5.3595938074724274e-05,7.2153862694190402e-05
2656,9,127045.7977206432,9.3093303254774167,14.147093125207617,1,0.20675665928805062,0.00021852900337784357,0,0.00015068677278270726,0.00019980388523573711,0.00032689012344862674,0.00046943836048805735
2657,9,122147.6422223835,9.6826371424508935,14.057803549042957,0,0.05125408974702219,5.4172403394518549e-05,0,3.7354605179289543e-05,4.9530526856737865e-05,8.1034660660235337e-05,0.00011637175770783223
2658,9,123138.79220891811,9.6047011362484174,14.026227043329508,0,0.042648857144830764,4.5077204667344584e-05,0,3.1083006797240688e-05,4.1214669398044403e-05,6.7429461401741244e-05,9.6833686729604781e-05
2659,9,122359.24436051755,9.6658924597517917,14.020445849216797,0,0.036800466555884211,3.8895817469622951e-05,0,2.6820628468747134e-05,3.5562947387873693e-05,5.8182933970994469e-05,8.3554990415674122e-05
2660,9,120596.61405218522,9.8071683582547688,14.026990115268317,0,0.030892243660531688,3.2651191223961012e-05,0,2.2514643626240888e-05,2.9853405100843736e-05,4.8841809393560315e-05,7.0140445612412315e-05
2661,9,126351.99563769298,9.3604480995821344,14.128209252036884,0,0.027104408034054117,2.8647683200260453e-05,0,1.975402286388822e-05,2.6192946098407624e-05,4.2853097543571932e-05,6.1540213085852766e-05
2662,9,125683.79434872539,9.4102131748479305,14.307711626659579,0,0.024145246646901632,2.5520032603683015e-05,0,1.7597349985207313e-05,2.3333294833831349e-05,3.8174551108929519e-05,5.4821474860985761e-05
2663,9,125259.47236720608,9.4420906865874414,14.535216661225688,0,0.021830065337821936,2.3073029126966282e-05,0,1.5910017634832927e-05,2.109596800638044e-05,3.4514161612711951e-05,4.9564885198000337e-05
2664,9,125170.30672529245,9.4488168031809234,14.746697859170538,0,0.020038916472373072,2.11798955378683e-05,0,1.4604606515126872e-05,1.9365051558104525e-05,3.1682287293608526e-05,4.549810452122939e-05
2665,9,125317.12715891693,9.4377466533001169,14.877284553944731,0,0.018558118424967952,1.9614783571861603e-05,0,1.3525382853481514e-05,1.7934049508933115e-05,2.9341089393692944e-05,4.2135971422438545e-05
2666,9,125558.71421291761,9.4195875201434234,14.911474421829633,0,0.017378696211839986,1.8368207226103049e-05,0,1.2665805572360475e-05,1.679428868416572e-05,2.7476378123086071e-05,3.9458108315342061e-05
2667,9,125682.6430768251,9.4102993738149365,14.899741498910235,0,0.016381888732864228,1.7314643361750444e-05,0,1.1939320134794671e-05,1.5831001659616144e-05,2.5900387676253912e-05,3.7194869635321189e-05
2668,9,125665.6485106171,9.4115719885480864,14.880206135574587,0,0.015515017976387208,1.6398414578007135e-05,0,1.1307534163967777e-05,1.4993281869899261e-05,2.4529832117973256e-05,3.5226650628122645e-05
2669,9,125275.95257187527,9.4408485680177918,14.860921974152086,0,0.014718146231366233,1.5556170420749847e-05,0,1.072676432568342e-05,1.42232071780464e-05,2.3269947652826626e-05,3.341736348453063e-05
2670,9,124471.31130086452,9.5018786665344539,14.844403432066779,0,0.01400021544238637,1.4797361972449939e-05,0,1.0203527618119869e-05,1.3529418830611901e-05,2.2134871834493551e-05,3.1787310775790226e-05
2671,9,123307.14525671001,9.5915876973957754,14.825018558317684,0,0.013412661397662298,1.4176353680546313e-05,0,9.775311070513783e-06,1.2961622942798257e-05,2.1205926595805937e-05,3.0453276803664928e-05
2672,9,122400.69693923913,9.6626189802854014,14.801509592953558,0,0.012948275203949634,1.3685526190665681e-05,0,9.4368607536225841e-06,1.2512853040667282e-05,2.047171440301228e-05,2.9398893867896715e-05
2673,9,121726.49100064498,9.7161372822205703,14.776278984649947,0,0.012583940719840056,1.3300447170803378e-05,0,9.1713293418994035e-06,1.216077032806631e-05,1.9895687759433912e-05,2.8571677063956283e-05
2674,9,121130.84349757055,9.7639153108759995,14.749011701602315,0,0.012293303223805056,1.299326131003613e-05,0,8.9595091931411175e-06,1.1879906335085672e-05,1.9436178850338421e-05,2.7911788332416355e-05
2675,9,120701.01241649043,9.7986858085679902,14.714800519051382,0,0.012015184965389556,1.2699307509263758e-05,0,8.756813217316746e-06,1.1611140585156451e-05,1.8996463330945644e-05,2.7280324370375489e-05
2676,9,126806.03646770753,9.3269321429066441,14.592341724319647,0,0.012323629583979092,1.3025314397408162e-05,0,8.9816114139866624e-06,1.1909212886123474e-05,1.948412597646811e-05,2.7980643946782981e-05
2677,9,126373.5290288121,9.3588531279806642,14.539829921869694,0,0.012103939988290171,1.2793116080005982e-05,0,8.8214989595569321e-06,1.1696910970839766e-05,1.9136788389846152e-05,2.7481841518983979e-05
2678,9,126096.53033260255,9.3794119023389229,14.470372266853863,0,0.011925371625692495,1.260438036311225e-05,0,8.6913561608988795e-06,1.1524347471554876e-05,1.8854465033033494e-05,2.7076404326965395e-05
2679,9,125851.60808468089,9.3976653571994948,14.343757015417236,0,0.011806473097173356,1.2478711970955744e-05,0,8.6047014644414331e-06,1.1409447240390669e-05,1.8666481947993738e-05,2.6806446732928699e-05
2680,9,125670.00353449302,9.4112458357704352,14.138835459234016,0,0.011531794835103819,1.2188394033597374e-05,0,8.4045125998730786e-06,1.1144005807257273e-05,1.8232205193350149e-05,2.6182793238760035e-05
2681,9,125541.37155190535,9.4208887701713433,13.884747205923794,0,0.011269322943573572,1.1910977475077282e-05,0,8.2132198868980446e-06,1.0890360271130412e-05,1.781722717368413e-05,2.5586854153371264e-05
2682,9,125373.57928151508,9.433497106990794,13.637008409442691,0,0.010997212927826877,1.1623374015266055e-05,0,8.0149027915458913e-06,1.0627400719815542e-05,1.738701091392574e-05,2.4969031829754867e-05
2683,9,125057.40858493149,9.4573469163326447,13.463728337044092,0,0.010705540576129774,1.1315094376057724e-05,0,7.8023284273705292e-06,1.0345536671104373e-05,1.69258658587622e-05,2.4306793471619922e-05
2684,9,124831.97223966013,9.4744261123633553,13.38689846134325,0,0.010416162285583142,1.1009239417624498e-05,0,7.5914260029165828e-06,1.006588953928677e-05,1.6468347801322741e-05,2.3649763750096952e-05
2685,9,124584.47552901575,9.4932477937012294,13.361850224363369,0,0.010128421536469331,1.070511523922291e-05,0,7.3817170386136137e-06,9.7878248819666667e-06,1.6013418759022965e-05,2.2996452045532186e-05
2686,9,124051.86430294301,9.5340066357809246,13.347279011397845,0,0.0098176096295877133,1.0376606273742966e-05,0,7.1551935333891463e-06,9.4874648994330143e-06,1.5522013340887021e-05,2.2290757571220733e-05
2687,9,123685.93695576623,9.5622131873264298,13.334894743297928,0,0.0095291597890918046,1.0071732629599539e-05,0,6.9449677746460648e-06,9.2087149959224476e-06,1.5065963198206592e-05,2.1635835883707925e-05
2688,9,123505.75395273104,9.5761635356512116,13.318132489591129,0,0.0092706882569376058,9.7985442035643262e-06,0,6.756590572331842e-06,8.9589352958389138e-06,1.4657309898502573e-05,2.1048979563311205e-05
2689,9,123707.50941528525,9.5605457019985725,13.291395332116364,0,0.009030608395984149,9.5447946366777891e-06,0,6.5816174441057935e-06,8.7269287952960386e-06,1.4277734528815119e-05,2.0503881298035139e-05
2690,9,124148.02271730214,9.5266221044728923,13.259844825329443,0,0.0087983558980200046,9.2993181084397821e-06,0,6.4123489934089701e-06,8.50248644065202e-06,1.3910534517012941e-05,1.9976554960692614e-05
2691,9,124603.15110996367,9.4918249411003863,13.231028077501698,0,0.0085749609455108046,9.0632034580117004e-06,0,6.2495360297759146e-06,8.2866037715902886e-06,1.3557338620663145e-05,1.9469339567445606e-05
2692,9,124931.60248580425,9.4668704628169866,13.220511835056818,0,0.008332233734543306,8.8066558058680643e-06,0,6.0726334805995769e-06,8.0520389456217386e-06,1.3173577690153217e-05,1.891823052769432e-05
2693,9,125154.38170520256,9.4500190990603503,13.245678817538792,0,0.00807198545840823,8.5315894713159706e-06,0,5.8829613656210587e-06,7.8005422495697512e-06,1.2762115290799176e-05,1.8327340132727707e-05
2694,9,125685.60531134509,9.4100775861760138,13.296094904412641,0,0.0078434440584998783,8.2900353442347752e-06,0,5.7163976084099655e-06,7.5796861968740778e-06,1.2400782665836026e-05,1.7808439796235271e-05
2695,9,126549.21082416222,9.3458607109657041,13.347848224682535,0,0.0076502280397939939,8.0858179606214779e-06,0,5.5755794194869656e-06,7.3929676101056964e-06,1.209530080892991e-05,1.7369745287658624e-05
2696,9,120215.87017563301,9.8382293096355369,13.368147079374125,0,0.0071596467725313509,7.5673038978585149e-06,0,5.2180378137848325e-06,6.9188835174313831e-06,1.1319673210915526e-05,1.6255886771164213e-05
2697,9,121585.966114276,9.7273668601987229,13.417954211864329,0,0.0070387084269552223,7.4394795452116832e-06,0,5.1298964737994661e-06,6.802012063794536e-06,1.1128465097710447e-05,1.59812977984903e-05
2698,9,123357.76584975644,9.5876517323257655,13.449375778390234,0,0.0069263795221307465,7.3207548390457809e-06,0,5.0480297991467561e-06,6.6934605342549863e-06,1.0950868837007834e-05,1.572625645134435e-05
2699,9,126015.62106501266,9.3854340235730103,13.456184359577096,0,0.006856336575149404,7.2467237754264218e-06,0,4.9969816458579935e-06,6.6257729783212467e-06,1.0840128280141234e-05,1.5567224832687443e-05
2700,9,119829.69535376654,9.8699349435346608,13.462712303126613,0,0.0064220343068889536,6.7876931344086198e-06,0,4.6804568604328153e-06,6.2060753450554802e-06,1.0153479914983197e-05,1.4581147066338982e-05
2701,9,123524.80628220328,9.574686518781057,13.44870781250642,0,0.006412811270807884,6.7779449556082159e-06,0,4.6737349993469356e-06,6.1971624594971016e-06,1.0138897944982842e-05,1.4560206280433811e-05
2702,9,127626.2055219075,9.2669941303099925,13.432532835000529,0,0.0064303741688350883,6.7965078527624238e-06,0,4.6865350534469792e-06,6.2141347556926285e-06,1.0166665553165318e-05,1.4600082616623899e-05
2703,9,120885.35061834453,9.7837437819845743,13.435679579801182,0,0.0059941912182958131,6.3354894468741844e-06,0,4.3686396038593909e-06,5.7926196833779958e-06,9.4770437579644024e-06,1.3609734785124404e-05
2704,9,126075.25500760783,9.380994687449844,13.417194730045823,0,0.0060918463394526255,6.4387048711058625e-06,0,4.4398118461634378e-06,5.8869908764872541e-06,9.6314402099106818e-06,1.383145949342146e-05
2705,9,119559.00218331517,9.8922814329936291,13.421934574838144,0,0.0056900442253609599,6.0140248832887206e-06,0,4.1469735691365777e-06,5.4987004883184239e-06,8.9961758216698402e-06,1.2919172913006934e-05
2706,9,125466.54493638541,9.4265072657011224,13.420023715018159,0,0.0058982375890600635,6.2340723943856242e-06,0,4.2987074296014406e-06,5.699892764739491e-06,9.3253374293062334e-06,1.3391873292554271e-05
2707,9,119014.15726931703,9.9375681396365056,13.432423435604154,0,0.0055253270275662271,5.8399289910585914e-06,0,4.0269256681743201e-06,5.3395223694715742e-06,8.7357516819751821e-06,1.254518461418644e-05
2708,9,125528.82983160904,9.4218300212931521,13.451750666651204,0,0.0058652522257782768,6.1992089051570504e-06,0,4.2746672948889095e-06,5.6680166270503468e-06,9.2731863183707498e-06,1.3316980445511642e-05
2709,9,118649.3790195075,9.9681204168021846,13.482415171868547,0,0.0055000990077261284,5.8132645341466013e-06,0,4.0085391798914621e-06,5.3151427127378412e-06,8.6958652253633784e-06,1.2487904716586642e-05
2710,9,125267.19197960864,9.441508816113469,13.545626696971476,0,0.005836088220243776,6.1683843547609184e-06,0,4.2534122122688699e-06,5.6398333432088742e-06,9.2270769190302068e-06,1.3250763942543741e-05
2711,9,118201.3981202936,10.005899390814378,13.567960142672638,0,0.005482047273513921,5.7941849673736658e-06,0,3.995382856022933e-06,5.2976980188486011e-06,8.6673247486241544e-06,1.2446918484067095e-05
2712,9,123351.74783781846,9.5881194889939412,13.639359705213497,0,0.00595390151943548,6.2929057266271095e-06,0,4.3392759803681034e-06,5.7536848389333616e-06,9.413344215325664e-06,1.3518257537220131e-05
2713,9,127106.45407437981,9.3048878285374688,13.75293261292283,0,0.006504074306217693,6.8744043404813162e-06,0,4.7402486116659409e-06,6.2853565187166509e-06,1.0283188266823678e-05,1.4767417839488154e-05
2714,9,119751.57705265033,9.8763734604117914,13.720238904862113,0,0.0061774525972226046,6.5291853918194291e-06,0,4.5022027300062208e-06,5.9697183831215341e-06,9.7667869516638299e-06,1.4025827410921371e-05
2715,9,121178.6097573805,9.7600665646621607,13.923200383927275,0,0.0072342903207463843,7.6461975124883196e-06,0,5.2724389413146772e-06,6.9910169664457947e-06,1.143768749289646e-05,1.6425363996302866e-05
2716,9,120721.42680402924,9.7970288187960577,14.167447848056849,0,0.0087995277561668979,9.3005566900352804e-06,0,6.4132030579064458e-06,8.5036188917735497e-06,1.3912387269207822e-05,1.9979215649683704e-05
2717,9,123473.19713393123,9.5786885323975852,14.637163236921943,1,0.044797784305786417,4.7348487790375571e-05,0,3.2649171098523863e-05,4.3291332840595765e-05,7.0826996781475925e-05,0.00010171279846763033
2718,9.0999999999999996,154760.26347705873,10.794916437568315,14.127613487729118,1,0.20655766278180368,0.00015703134422945705,0,0,0.00014396991819853666,0.00025010072792056812,0.00036018975531749639
2719,9.0999999999999996,156396.31512869726,10.681991520811483,14.11845131930523,0,0.051770894438229707,3.93577901497862e-05,0,0,3.6084119741471074e-05,6.2684376893718259e-05,9.0276707962037397e-05
2720,9.0999999999999996,156526.09543797004,10.67313477293605,14.238930463254711,0,0.043337291525400487,3.2946311707091012e-05,0,0,3.0205930062487522e-05,5.2472941505239306e-05,7.5570415642949051e-05
2721,9.0999999999999996,154956.50551132907,10.781245399011423,14.42530585996774,0,0.037666590310066479,2.8635274185775873e-05,0,0,2.6253472530266161e-05,4.5606836986651465e-05,6.5681997775888831e-05
2722,9.0999999999999996,152963.04140293709,10.921750095764157,14.616686372152035,0,0.032137493592674121,2.4431888660330788e-05,0,0,2.23997128033484e-05,3.8912187680787655e-05,5.6040506063872013e-05
2723,9.0999999999999996,152556.37160668412,10.950864224786715,14.744412045654832,0,0.028289509372270441,2.1506535388193747e-05,0,0,1.9717682197560674e-05,3.4253035163330918e-05,4.9330493585289269e-05
2724,9.0999999999999996,152451.7352467879,10.958380430281814,14.787093685452756,0,0.025346043047089688,1.9268823809197358e-05,0,0,1.7666097180818551e-05,3.0689076021737473e-05,4.4197755340801629e-05
2725,9.0999999999999996,152577.98262805381,10.949313153284116,14.779037541077205,0,0.023009529321315499,1.7492535840851793e-05,0,0,1.6037555855170373e-05,2.7860017173265638e-05,4.0123404886557843e-05
2726,9.0999999999999996,153002.66674914057,10.918921529845093,14.749505715420463,0,0.021161070998501154,1.6087282260449477e-05,0,0,1.4749187319503396e-05,2.5621897483873868e-05,3.6900112455560498e-05
2727,9.0999999999999996,153175.59191078992,10.906594786092834,14.710263696260261,0,0.019550075154273143,1.4862554794228944e-05,0,0,1.3626329243031584e-05,2.3671298179581538e-05,3.409090077522235e-05
2728,9.0999999999999996,153083.45838605979,10.913158937641539,14.680189855926876,0,0.018191948344824769,1.3830065969318937e-05,0,0,1.2679719937783641e-05,2.2026873571571308e-05,3.1722635388224394e-05
2729,9.0999999999999996,152745.72889379022,10.937288552615122,14.660244570387466,0,0.017018730185237037,1.2938150258261129e-05,0,0,1.1861991269720095e-05,2.0606336992241027e-05,2.9676808783949053e-05
2730,9.0999999999999996,152118.80778730151,10.982363958747539,14.645607528716081,0,0.015965095700980255,1.2137145651793785e-05,0,0,1.1127611975983387e-05,1.9330592737944362e-05,2.7839509010280437e-05
2731,9.0999999999999996,151357.93995879343,11.037571683029812,14.635187531960053,0,0.015026403219839527,1.1423523411173633e-05,0,0,1.0473346828404861e-05,1.8194020656012666e-05,2.6202642042737282e-05
2732,9.0999999999999996,150658.07050115356,11.088845798527023,14.617696156970569,0,0.014217561688449266,1.0808617765784937e-05,0,0,9.9095873070123029e-06,1.7214672550264678e-05,2.4792205705694492e-05
2733,9.0999999999999996,156643.05298688082,10.665165675944934,14.527455106215132,0,0.013999608330492698,1.0642923071536785e-05,0,0,9.7576746319098046e-06,1.6950773875465807e-05,2.4412144440400591e-05
2734,9.0999999999999996,155788.93866823762,10.723637546877473,14.486303680655618,0,0.013394568723642164,1.0182953775330306e-05,0,0,9.3359642894706501e-06,1.6218189840304934e-05,2.335709247566619e-05
2735,9.0999999999999996,154841.0628718847,10.789283418140684,14.440270052906293,0,0.012864591978647914,9.7800495230455015e-06,0,0,8.9665724809249227e-06,1.5576492176229156e-05,2.2432933131817056e-05
2736,9.0999999999999996,153810.9960890181,10.861538866337172,14.395517110718561,0,0.012398701727916316,9.4258657500955558e-06,0,0,8.6418487191239508e-06,1.5012390659636409e-05,2.1620526111153361e-05
2737,9.0999999999999996,152836.1849939698,10.930815318092504,14.356869327120403,0,0.012007599942506683,9.1285384165737254e-06,0,0,8.3692522378585423e-06,1.4538843273862059e-05,2.0938533226000801e-05
2738,9.0999999999999996,151952.70699147077,10.994368874156867,14.324962481561803,0,0.011711719584929052,8.9036012747810812e-06,0,0,8.1630247355556935e-06,1.418059032013004e-05,2.0422584932609634e-05
2739,9.0999999999999996,151372.78461529227,11.03648926282705,14.297354491668427,0,0.011494786570535825,8.7386822763806138e-06,0,0,8.0118232360996002e-06,1.3917927080824019e-05,2.0044302915267468e-05
2740,9.0999999999999996,151160.08473237511,11.052018891420312,14.258817616623647,0,0.011348258739713096,8.6272874148623285e-06,0,0,7.9096938861967529e-06,1.3740510679728806e-05,1.9788791583368861e-05
2741,9.0999999999999996,151261.78455392265,11.044588142455448,14.168701603112179,0,0.011234317104044319,8.5406655584189222e-06,0,0,7.8302769924068094e-06,1.3602549755706713e-05,1.9590103191375553e-05
2742,9.0999999999999996,151599.91313772264,11.019954283042415,14.005579241983039,0,0.011006402004183371,8.3673976485318796e-06,0,0,7.6714210204651934e-06,1.3326589369577026e-05,1.9192670905656888e-05
2743,9.0999999999999996,151902.98578986348,10.997967573869674,13.799133924545222,0,0.010780005597630773,8.1952842949487329e-06,0,0,7.5136235720778592e-06,1.3052467822524e-05,1.8797886876912909e-05
2744,9.0999999999999996,151884.2243267911,10.999326095226472,13.593341977858236,0,0.010529569314441878,8.004895104524345e-06,0,0,7.3390704196114808e-06,1.2749238710227992e-05,1.8361182751054753e-05
2745,9.0999999999999996,151544.40170763916,11.023990944343085,13.443377368233962,0,0.010249903391420912,7.7922846632765417e-06,0,0,7.1441443175342191e-06,1.2410618249577221e-05,1.7873508757134846e-05
2746,9.0999999999999996,151030.49812587327,11.061501702116864,13.374006719116926,0,0.0099623835536538502,7.5737034399554264e-06,0,0,6.9437440662614923e-06,1.2062488241962318e-05,1.7372139315693976e-05
2747,9.0999999999999996,150770.59523225043,11.080569851949168,13.342023690363085,0,0.009688345128104292,7.3653711914441307e-06,0,0,6.7527403088685652e-06,1.1730681574588521e-05,1.6894278402102236e-05
2748,9.0999999999999996,150601.18199398657,11.093034529819374,13.317248124898727,0,0.0094057072964691332,7.1505014159342682e-06,0,0,6.555742797605526e-06,1.1388462716774879e-05,1.6401422073031186e-05
2749,9.0999999999999996,150685.13849688185,11.086853877932199,13.298567984387649,0,0.0091583970992944793,6.962488770065925e-06,0,0,6.3833685153959599e-06,1.1089018680167544e-05,1.5970169132771314e-05
2750,9.0999999999999996,151118.36168609333,11.055070300200615,13.286077327923042,0,0.0089327618259871649,6.7909540528549896e-06,0,0,6.2261015740330847e-06,1.0815818715863499e-05,1.5576712347924708e-05
2751,9.0999999999999996,151771.93712099441,11.007463855185977,13.291993509532793,0,0.0087070999431056537,6.6193991062458831e-06,0,0,6.0688160858965438e-06,1.0542586532595574e-05,1.5183209162010767e-05
2752,9.0999999999999996,152582.57553143121,10.948983566913018,13.315407167360549,0,0.0084982945314254991,6.4606589557380987e-06,0,0,5.9232794951249919e-06,1.0289764222584613e-05,1.4819099841982822e-05
2753,9.0999999999999996,153330.44204687272,10.895580093483323,13.338253779212176,0,0.0082726001306315904,6.2890792880345216e-06,0,0,5.7659713421251643e-06,1.0016492666516612e-05,1.4425539952198631e-05
2754,9.0999999999999996,154266.11870572355,10.829494681704997,13.353819944836662,0,0.0080757832464814962,6.1394531765220652e-06,0,0,5.6287907101913479e-06,9.7781861068369829e-06,1.4082335907431431e-05
2755,9.0999999999999996,155492.93842723587,10.744051331132869,13.366536921385588,0,0.0078960981268957411,6.0028511474005988e-06,0,0,5.5035508540666089e-06,9.5606227465642482e-06,1.3769005777790315e-05
2756,9.0999999999999996,157653.56309768822,10.596805294249656,13.372183178378203,0,0.0077834245464659928,5.9171933046667785e-06,0,0,5.4250177900343024e-06,9.4241971881831758e-06,1.3572528586776551e-05
2757,9.0999999999999996,151162.2915887759,11.051857540210458,13.383225581192544,0,0.0073514456718997917,5.5887899792306512e-06,0,0,5.1239301305535301e-06,8.9011556823861212e-06,1.2819255321399372e-05
2758,9.0999999999999996,154891.28388565814,10.785785166092182,13.390122377467248,0,0.0073513018563075285,5.5886806462944141e-06,0,0,5.123829891623756e-06,8.9009815499727952e-06,1.2819004539596894e-05
2759,9.0999999999999996,159325.66689312586,10.485593091611181,13.398162282320317,0,0.0073895589785713499,5.6177648606224225e-06,0,0,5.1504949627165291e-06,8.9473034050783838e-06,1.2885716291278135e-05
2760,9.0999999999999996,153036.38199114925,10.916515996748565,13.414371989221982,0,0.0069968392837178482,5.3192075437081058e-06,0,0,4.8767708046215638e-06,8.4717970489895372e-06,1.2200902138694173e-05
2761,9.0999999999999996,158622.79495681205,10.532055701992659,13.409057540569357,0,0.0071157790002430521,5.409629091457477e-06,0,0,4.9596713420699342e-06,8.6158096664882297e-06,1.2408306051072871e-05
2762,9.0999999999999996,152436.86924556593,10.959449117258094,13.412249951636058,0,0.0067494483665516856,5.1311335320758297e-06,0,0,4.7043402608799011e-06,8.1722552763390932e-06,1.1769508441061277e-05
2763,9.0999999999999996,158589.44503053892,10.534270498072551,13.403898834736667,0,0.0069466133754439744,5.2810242984816955e-06,0,0,4.8417635344566448e-06,8.4109833466528836e-06,1.2113319536489403e-05
2764,9.0999999999999996,151953.53805909315,10.994308743513537,13.404589304779785,0,0.0065713456501351143,4.9957344934095387e-06,0,0,4.580203333844097e-06,7.95660789526145e-06,1.1458937663954685e-05
2765,9.0999999999999996,158332.57988081832,10.551360391831128,13.407397041032818,0,0.006858393905922926,5.2139572059345959e-06,0,0,4.7802748942415386e-06,8.3041669097953099e-06,1.1959484773290172e-05
2766,9.0999999999999996,151714.9495348437,11.011598509000063,13.406438886031319,0,0.0065028704701824737,4.9436776032922467e-06,0,0,4.5324763895920913e-06,7.8736979120634992e-06,1.1339532467457486e-05
2767,9.0999999999999996,158878.6485696017,10.515095181962328,13.435062546500948,0,0.0068192905098516682,5.1842296288197591e-06,0,0,4.7530199734710083e-06,8.2568203834555015e-06,1.1891297311865088e-05
2768,9.0999999999999996,152266.39352072426,10.971719192019373,13.446894739934377,0,0.0064856854081040546,4.9306130025289647e-06,0,0,4.5204984656150942e-06,7.8528901798434024e-06,1.1309565613544736e-05
2769,9.0999999999999996,158021.39970652378,10.572138426780018,13.530388620232021,0,0.0068875442230790333,5.2361181532753584e-06,0,0,4.8005925562440344e-06,8.3394622139814304e-06,1.2010316320580561e-05
2770,9.0999999999999996,151416.17554352764,11.033326565632679,13.553228491975331,0,0.0065696158435670149,4.9944194424596619e-06,0,0,4.5789976651375743e-06,7.9545134395244074e-06,1.1455921273295925e-05
2771,9.0999999999999996,155541.00688850888,10.740730984777544,13.7095315326942,0,0.007245630772997386,5.5083463123612144e-06,0,0,5.0501775418865175e-06,8.7730346391678486e-06,1.2634738116705474e-05
2772,9.0999999999999996,157578.91983661486,10.601824874945743,13.898810214807577,0,0.0080306162137201084,6.1051158405266005e-06,0,0,5.5973094573326888e-06,9.7234977083554014e-06,1.4003574837715381e-05
2773,9.0999999999999996,150513.12597729982,11.099524385287607,13.940222539224253,0,0.0076932835761281352,5.848665429439734e-06,0,0,5.3621898709384761e-06,9.3150541915334744e-06,1.3415343161589144e-05
2774,9.0999999999999996,151059.98352606254,11.059342607452823,14.106958532483794,0,0.0096768134701009836,7.3566044783962263e-06,0,0,6.7447027863817642e-06,1.1716719003450188e-05,1.6874169803763747e-05
2775,9.0999999999999996,155441.15492027433,10.747630593376426,14.411273047620112,1,0.052111095303900616,3.961642107407566e-05,0,0,3.6321238472105873e-05,6.3096293270954674e-05,9.0869941177956602e-05
2776,9.1999999999999993,194465.13784478247,12.134922009332181,14.685078427463228,1,0.20735790169846152,0.00011940191166829091,0,0,0.00011659689338742,0.00020652372442168671,0.00031553117265960626
2777,9.1999999999999993,189566.9823465228,12.44847204966732,14.648784446257906,0,0.05308249292172286,3.0566238754620151e-05,0,0,2.9848169359530695e-05,5.2868948084380456e-05,8.0774260841253161e-05
2778,9.1999999999999993,190159.16339265156,12.409705844192095,14.627195641680343,0,0.044823197269026588,2.5810327926588965e-05,0,0,2.5203985526724511e-05,4.4642878639603969e-05,6.8206303597803788e-05
2779,9.1999999999999993,189323.87982254216,12.464456588848606,14.610540926867866,0,0.039281892494266932,2.26195048240043e-05,0,0,2.2088122004005202e-05,3.9123865904303268e-05,5.977424299474666e-05
2780,9.1999999999999993,194406.15449294305,12.138603777413481,14.558921116457126,0,0.034101740255644337,1.9636642464007226e-05,0,0,1.9175333760345206e-05,3.3964552829523955e-05,5.1891738894253056e-05
2781,9.1999999999999993,193450.87572910261,12.198545353627768,14.551771837954638,0,0.03018303503743246,1.7380153126072934e-05,0,0,1.6971854409898217e-05,3.0061612117128522e-05,4.5928746200549089e-05
2782,9.1999999999999993,192818.88563045673,12.238527743610824,14.54282952534126,0,0.027121794345500289,1.5617413497153479e-05,0,0,1.5250525482151378e-05,2.7012686448655942e-05,4.1270535168286175e-05
2783,9.1999999999999993,192687.01646139158,12.246903422023253,14.525304376022111,0,0.024667433861399551,1.4204130804165493e-05,0,0,1.3870443964374747e-05,2.4568199577897553e-05,3.7535798100952851e-05
2784,9.1999999999999993,192800.1790155874,12.239715198032478,14.49690379338125,0,0.022671580145133874,1.3054867876732268e-05,0,0,1.2748179796642566e-05,2.2580374954346635e-05,3.4498758960452062e-05
2785,9.1999999999999993,192829.18669712724,12.237873953111601,14.461129343405215,0,0.02094212511166051,1.20590040323857e-05,0,0,1.1775711024029948e-05,2.0857877321957629e-05,3.1867091826939795e-05
2786,9.1999999999999993,192822.83481667255,12.238277087483333,14.425652388856449,0,0.019481906875421711,1.1218173529030417e-05,0,0,1.0954633512063762e-05,1.9403533377760877e-05,2.9645115385987079e-05
2787,9.1999999999999993,192572.90813287342,12.254160277063558,14.390563009222024,0,0.018193644763615003,1.0476359700767264e-05,0,0,1.0230246551764512e-05,1.8120453798046733e-05,2.768480014599964e-05
2788,9.1999999999999993,191840.39016482921,12.30095121915104,14.355130230496529,0,0.017015163856971601,9.7977606603389576e-06,0,0,9.5675893223774816e-06,1.6946713786181792e-05,2.5891536135395953e-05
2789,9.1999999999999993,190775.43503371545,12.369618136965171,14.32379437770774,0,0.015941906359883549,9.1797519140361916e-06,0,0,8.9640989854275995e-06,1.5877773882051934e-05,2.4258387874114043e-05
2790,9.1999999999999993,189627.50799457767,12.444498724035046,14.295062743157965,0,0.014989244177001678,8.6311849924071495e-06,0,0,8.4284191291893151e-06,1.4928944150882264e-05,2.280874639312385e-05
2791,9.1999999999999993,194466.92073080249,12.134810755537844,14.235364530775664,0,0.014430472421132129,8.3094301169450457e-06,0,0,8.1142229962550342e-06,1.4372420270294208e-05,2.1958477819153736e-05
2792,9.1999999999999993,193488.7569202217,12.196157124795919,14.211107344378743,0,0.013714259082121377,7.8970164054841141e-06,0,0,7.7114978063911739e-06,1.3659088176164081e-05,2.0868634447469039e-05
2793,9.1999999999999993,192843.44744678531,12.23696896381016,14.188677607325262,0,0.013095859225317939,7.54092616502102e-06,0,0,7.3637729230666952e-06,1.3043176071716742e-05,1.992763132971243e-05
2794,9.1999999999999993,192251.3123637994,12.27465889447326,14.168468637267418,0,0.012546688502934424,7.2246998068849199e-06,0,0,7.0549754302064637e-06,1.2496214600747954e-05,1.909197240085243e-05
2795,9.1999999999999993,191604.84671274916,12.316073010503068,14.150468167299023,0,0.012065445357891714,6.9475878616699261e-06,0,0,6.7843734651192186e-06,1.2016907442194837e-05,1.8359677115040081e-05
2796,9.1999999999999993,191016.49976496765,12.354007555284799,14.128804372596754,0,0.011677801232491821,6.7243725935725574e-06,0,0,6.5664020235136905e-06,1.1630822765064023e-05,1.7769809044133851e-05
2797,9.1999999999999993,190862.90672642045,12.363949191358545,14.10307065436743,0,0.011361850905789126,6.5424404236792561e-06,0,0,6.3887438476904926e-06,1.1316143470624707e-05,1.7289035578207972e-05
2798,9.1999999999999993,190735.37249359698,12.372216282848568,14.068167371676521,0,0.011096192591809325,6.3894676636351736e-06,0,0,6.2393647603305707e-06,1.1051553869855702e-05,1.688479017135236e-05
2799,9.1999999999999993,190806.38950669495,12.367611416899994,13.988908835733687,0,0.010874578475947871,6.2618566641517041e-06,0,0,6.1147516289832983e-06,1.0830831282400689e-05,1.6547565685172071e-05
2800,9.1999999999999993,191283.11399903349,12.336788292208539,13.848188590032494,0,0.010582665236192463,6.0937656554050694e-06,0,0,5.9506094544370258e-06,1.0540092376439166e-05,1.6103368834700315e-05
2801,9.1999999999999993,192030.69520414923,12.28876080863909,13.671177796520308,0,0.010342870132072669,5.9556855841559081e-06,0,0,5.8157731932631485e-06,1.0301261940775699e-05,1.573847880745178e-05
2802,9.1999999999999993,192561.47477609926,12.254887869052444,13.505602400540855,0,0.01010932437923147,5.8212040470510391e-06,0,0,5.6844509286083452e-06,1.0068655715960737e-05,1.5383098256915464e-05
2803,9.1999999999999993,192666.44124341293,12.248211292277384,13.406496454399237,0,0.0098713707078064844,5.684184319208942e-06,0,0,5.5506501010004813e-06,9.8316593051175854e-06,1.5021010290320549e-05
2804,9.1999999999999993,192949.72591510008,12.23022872973042,13.38405277513405,0,0.0096707268885890072,5.5686485456369643e-06,0,0,5.4378285214680792e-06,9.6318226531859726e-06,1.4715695763861573e-05
2805,9.1999999999999993,193439.47588021055,12.199264242950134,13.391363225751748,0,0.0094709198586693088,5.453594616455772e-06,0,0,5.3254774667227329e-06,9.4328194242438776e-06,1.4411654558101903e-05
2806,9.1999999999999993,194063.63097217045,12.160028488897415,13.398691007126489,0,0.0092893268273950298,5.3490287672540419e-06,0,0,5.2233681034722529e-06,9.2519569211002798e-06,1.4135329124465386e-05
2807,9.1999999999999993,195146.53321357322,12.092550364181067,13.404005844465139,0,0.0091418524061347445,5.2641092745488186e-06,0,0,5.1404435598102422e-06,9.1050757726794331e-06,1.3910921099999444e-05
2808,9.1999999999999993,188513.96254346968,12.518007947216713,13.398259251508767,0,0.0087208982885582081,5.0217132725080152e-06,0,0,4.9037419826528813e-06,8.685815105685541e-06,1.3270366072836957e-05
2809,9.1999999999999993,190989.47082785907,12.35575590136798,13.387190946283159,0,0.0086796062488917608,4.9979362742240217e-06,0,0,4.8805235593022287e-06,8.6446891792027223e-06,1.3207533040718375e-05
2810,9.1999999999999993,194612.8662631858,12.125710527736397,13.368677611658162,0,0.0086861011500453771,5.0016762021818493e-06,0,0,4.884175627977534e-06,8.6511579521070017e-06,1.3217416164344352e-05
2811,9.1999999999999993,188005.85575689783,12.551839259367787,13.360588214719453,0,0.0082818548108143947,4.7689009604682325e-06,0,0,4.6568687979435791e-06,8.2485378499648589e-06,1.2602284932709924e-05
2812,9.1999999999999993,192005.81948457338,12.290352905006953,13.347194560323416,0,0.0083351586609192781,4.7995946622740042e-06,0,0,4.6868414359617629e-06,8.301627264737604e-06,1.2683396027069491e-05
2813,9.1999999999999993,196979.08930386655,11.980049707916615,13.339714192202962,0,0.0084100369773408255,4.8427114861326739e-06,0,0,4.7289453490768206e-06,8.3762043542004951e-06,1.2797336430563858e-05
2814,9.1999999999999993,190260.7369894876,12.403080733419282,13.343811653164133,0,0.0080178369409218304,4.6168728095198078e-06,0,0,4.5084121286964032e-06,7.9855820939629295e-06,1.2200535747325926e-05
2815,9.1999999999999993,196289.26328252297,12.022151603289341,13.346734808716828,0,0.0081943517914527218,4.7185145141213516e-06,0,0,4.6076660420513694e-06,8.1613868453072459e-06,1.2469133844257096e-05
2816,9.1999999999999993,189955.92263399376,12.422983440360301,13.361305447456148,0,0.0078408294362256256,4.5149474222196636e-06,0,0,4.4088811969846752e-06,7.8092866703450288e-06,1.1931187991253611e-05
2817,9.1999999999999993,196772.89615559962,11.99260328726586,13.381169628554064,0,0.0081232096573217814,4.6775490782936452e-06,0,0,4.5676629760448409e-06,8.0905309078981432e-06,1.2360878693023527e-05
2818,9.1999999999999993,190483.61125362304,12.388568579469236,13.394645094852759,0,0.0077853884148979622,4.4830230833006104e-06,0,0,4.377706832274757e-06,7.7540686819464884e-06,1.1846824818547501e-05
2819,9.1999999999999993,197942.44134309859,11.921744853041059,13.420513148600058,0,0.0080934047500606527,4.660386660681752e-06,0,0,4.5509037420543204e-06,8.0608459023922396e-06,1.2315525334110826e-05
2820,9.1999999999999993,191756.51563185244,12.306331670163496,13.423787228137655,0,0.0077863593554640389,4.4835821753764672e-06,0,0,4.3782527900257813e-06,7.7550357165289939e-06,1.1848302273772924e-05
2821,9.1999999999999993,197596.68746774565,11.942605473412446,13.480028484357371,0,0.0081513580013507815,4.693757604999547e-06,0,0,4.5834907281627918e-06,8.1185660143375666e-06,1.2403711302377435e-05
2822,9.1999999999999993,190960.78049629988,12.357612254973958,13.484085238013732,0,0.0078269133203382225,4.5069341715726269e-06,0,0,4.4010561955393479e-06,7.7954265374105729e-06,1.1910012196510064e-05
2823,9.1999999999999993,195224.20774981976,12.08773905900328,13.582802321292709,0,0.0083900610423209079,4.8312088387331634e-06,0,0,4.7177129246225146e-06,8.3563087800973292e-06,1.276693956528803e-05
2824,9.1999999999999993,188606.57740384512,12.511861005926709,13.590333677970467,0,0.0080739463790534313,4.6491820396994672e-06,0,0,4.5399623427093314e-06,8.0414658102005565e-06,1.2285916032648649e-05
2825,9.1999999999999993,191190.37642660792,12.34277229526942,13.719949629205196,0,0.0090517538973899584,5.2122282799280597e-06,0,0,5.0897813659298372e-06,9.0153397199975732e-06,1.3773820522272412e-05
2826,9.1999999999999993,192182.0230618362,12.279084399695259,13.866433128354933,0,0.010365322148561916,5.9686140217397451e-06,0,0,5.8283979128975907e-06,1.0323623635353798e-05,1.5772643462058126e-05
2827,9.1999999999999993,192057.17123645285,12.287066742096057,14.017901558468635,0,0.012437245884108803,7.1616799856062199e-06,0,0,6.9934360856494025e-06,1.2387212257142074e-05,1.8925436389568886e-05
2828,9.1999999999999993,190755.15854650497,12.370932976395276,14.18813304898956,1,0.049551099439292035,2.8532773286454141e-05,0,0,2.7862474548735494e-05,4.935176099666266e-05,7.5400630429742511e-05
2829,9.3000000000000007,241439.29873473928,13.806092673403379,14.475784369359097,1,0.20636321453546155,8.5232021025528337e-05,0,0,0.00011096315650778255,0.00016685384573042738,0.00027520788130962778
2830,9.3000000000000007,236541.14323647958,14.091981156956139,14.440806970810632,0,0.053602975942743665,2.2139071553364141e-05,0,0,2.8822750324988122e-05,4.3340392321255705e-05,7.1485421829181907e-05
2831,9.3000000000000007,237005.53970946377,14.064368864202677,14.411218026626472,0,0.04555335957607775,1.881442344223865e-05,0,0,2.4494407006957145e-05,3.683191913984964e-05,6.0750379391447687e-05
2832,9.3000000000000007,235955.6570049338,14.12694815476975,14.389401225737753,0,0.040097334622382824,1.6560979025723115e-05,0,0,2.1560658605091745e-05,3.2420480076087917e-05,5.3474174321377825e-05
2833,9.3000000000000007,240636.80243246813,13.852134418503146,14.335232332424333,0,0.034971853340076069,1.4444055574017279e-05,0,0,1.8804646187924334e-05,2.8276300285627999e-05,4.6638785332254457e-05
2834,9.3000000000000007,239611.39561671499,13.911414040863775,14.309784686075892,0,0.031142064772919947,1.286227841274377e-05,0,0,1.6745338141547518e-05,2.517974573639358e-05,4.1531344067572311e-05
2835,9.3000000000000007,238843.39121166672,13.956146395439855,14.282240997464406,0,0.0281067859601008,1.1608649231908895e-05,0,0,1.5113244365969455e-05,2.2725587693144394e-05,3.7483468320238397e-05
2836,9.3000000000000007,238393.79643829016,13.982466755153963,14.253097081105718,0,0.025625034892299718,1.0583637774963399e-05,0,0,1.3778786900913608e-05,2.0718981473424706e-05,3.4173782265749864e-05
2837,9.3000000000000007,237990.73827858671,14.006147287258747,14.223606777897849,0,0.02355439560979862,9.728423480789419e-06,0,0,1.2665387541960276e-05,1.9044777433797134e-05,3.1412358670094008e-05
2838,9.3000000000000007,237371.40675542789,14.04269106753782,14.195397307774424,0,0.021737769282698795,8.9781214773270051e-06,0,0,1.1688572987564504e-05,1.7575954176638286e-05,2.8989689088512542e-05
2839,9.3000000000000007,237013.92457756898,14.063871307453136,14.170989872467073,0,0.020200241453280199,8.3430925814099875e-06,0,0,1.0861831935120152e-05,1.633279447962763e-05,2.6939227830960411e-05
2840,9.3000000000000007,236908.63335630324,14.070121827599685,14.150390642686812,0,0.018859330971674811,7.7892704740212584e-06,0,0,1.0140813608437049e-05,1.5248608661240643e-05,2.5150977277201578e-05
2841,9.3000000000000007,236583.62964329281,14.089450476176825,14.133464879076593,0,0.017651585878709141,7.2904482619867605e-06,0,0,9.4913993798695512e-06,1.4272092987761706e-05,2.3540317310766213e-05
2842,9.3000000000000007,235833.38165447136,14.134272722328722,14.122273809745847,0,0.0165526488675482,6.8365659038744078e-06,0,0,8.9004921300665969e-06,1.3383553492287837e-05,2.2074764803188041e-05
2843,9.3000000000000007,241524.67758652713,13.801212226602203,14.083259762572757,0,0.015792716354081939,6.522698996385386e-06,0,0,8.4918703191642528e-06,1.2769114224839586e-05,2.1061311812352743e-05
2844,9.3000000000000007,240409.43050899912,13.865235345701461,14.061719296877502,0,0.014949288609421704,6.1743469345694362e-06,0,0,8.03835245240483e-06,1.2087165345970391e-05,1.9936508813096237e-05
2845,9.3000000000000007,239669.26884443974,13.908054834918675,14.036419784877715,0,0.014231326397532067,5.8778145778843411e-06,0,0,7.6522984094693173e-06,1.1506660935760575e-05,1.8979027802542551e-05
2846,9.3000000000000007,239267.50321165915,13.931408522220519,14.008971724332087,0,0.013611357132123792,5.6217552138963897e-06,0,0,7.318935960244183e-06,1.1005388185183883e-05,1.8152231086886726e-05
2847,9.3000000000000007,238996.65212405976,13.947196764928103,13.983175281843431,0,0.013079942726380231,5.4022707291951657e-06,0,0,7.0331901697080502e-06,1.0575715980888839e-05,1.7443531946725928e-05
2848,9.3000000000000007,238798.34998634996,13.958778750036888,13.964591056521613,0,0.01262289477453379,5.2135010362576853e-06,0,0,6.7874318182186036e-06,1.0206172365179708e-05,1.6834008593604535e-05
2849,9.3000000000000007,238750.79434961881,13.961559132876056,13.959998882545422,0,0.012261757764894863,5.064344427760718e-06,0,0,6.5932455500335299e-06,9.9141770159626267e-06,1.635239295532834e-05
2850,9.3000000000000007,239234.52218271565,13.933329115383675,13.965857015074105,0,0.011993871254817705,4.9537020891503737e-06,0,0,6.4492008237923266e-06,9.6975788469222044e-06,1.5995137041110663e-05
2851,9.3000000000000007,240009.47730455326,13.888340455421243,13.961799808872437,0,0.011786784548826037,4.8681712520827227e-06,0,0,6.3378486401225673e-06,9.5301400261413882e-06,1.5718964304939394e-05
2852,9.3000000000000007,241148.28929698031,13.822753389837438,13.916577796363894,0,0.011648283735026421,4.8109677223722801e-06,0,0,6.2633756410820276e-06,9.4181559524716671e-06,1.5534258345540308e-05
2853,9.3000000000000007,234745.56297721734,14.199771408062107,13.824651469855423,0,0.011124234720964254,4.5945252876801291e-06,0,0,5.9815902807597944e-06,8.9944389952399999e-06,1.4835381759482549e-05
2854,9.3000000000000007,236492.08992084058,14.094904123216461,13.694664627076056,0,0.010987849066282021,4.538195359821504e-06,0,0,5.9082546197506936e-06,8.8841651218783202e-06,1.4653496595740473e-05
2855,9.3000000000000007,238836.05261830692,13.956575218819506,13.559914120964082,0,0.010889617208314939,4.4976236920343251e-06,0,0,5.8554345614171944e-06,8.8047402916732441e-06,1.4522493686287425e-05
2856,9.3000000000000007,241946.30789568898,13.777161397190831,13.458516894643697,0,0.010829020386938275,4.4725960262980539e-06,0,0,5.8228511642772085e-06,8.7557450639700115e-06,1.4441681207848813e-05
2857,9.3000000000000007,234980.01664685467,14.185603443644798,13.417827610471276,0,0.010353787456335086,4.2763155834663487e-06,0,0,5.5673146037769263e-06,8.3714980833858948e-06,1.380790619976764e-05
2858,9.3000000000000007,238852.19580138565,13.955631942798309,13.394746579666567,0,0.010385213673479193,4.289295222334686e-06,0,0,5.5842127329287664e-06,8.3969075789641515e-06,1.3849816492051442e-05
2859,9.3000000000000007,243610.86648625816,13.683024002221032,13.380215289386211,0,0.010442060430847227,4.3127740387028659e-06,0,0,5.6147796905572789e-06,8.4428707129728594e-06,1.3925627850630035e-05
2860,9.3000000000000007,236632.6840902039,14.086529703828546,13.37751828748789,0,0.01001880796477133,4.1379625386547864e-06,0,0,5.3871934429733412e-06,8.1006522520004204e-06,1.3361174468228365e-05
2861,9.3000000000000007,242519.91122204807,13.744575925897388,13.366619557596659,0,0.010211387050867269,4.2175014465563476e-06,0,0,5.4907447630024128e-06,8.2563610162522831e-06,1.3617999709046177e-05
2862,9.3000000000000007,236116.44252160611,14.11732828825893,13.357046523010316,0,0.0098459899755815438,4.0665853480960391e-06,0,0,5.294267823332292e-06,7.9609212143122083e-06,1.3130702808033624e-05
2863,9.3000000000000007,242797.40173680964,13.728867399275712,13.350264028610956,0,0.010156305490092013,4.1947516907111315e-06,0,0,5.4611269657474308e-06,8.2118251222710101e-06,1.3544542432882354e-05
2864,9.3000000000000007,236190.39123052164,14.11290830235343,13.342624438275717,0,0.0098035916341800786,4.0490740085197873e-06,0,0,5.2714698949166503e-06,7.9266402678201177e-06,1.3074159989903921e-05
2865,9.3000000000000007,243133.00060609786,13.709917308731359,13.355007954133908,0,0.01012093125718532,4.1801414445504859e-06,0,0,5.4421059568374648e-06,8.1832234801928316e-06,1.3497367030458433e-05
2866,9.3000000000000007,236298.73569015309,14.106437444947524,13.355813013464159,0,0.0097525371114606345,4.0279874977108361e-06,0,0,5.2440174683410107e-06,7.8853604133807161e-06,1.3006073208737418e-05
2867,9.3000000000000007,241787.77722864205,13.786194536133355,13.403567792952883,0,0.010144707203336571,4.189961372713686e-06,0,0,5.4548904738834932e-06,8.2024473911022742e-06,1.3529074850968726e-05
2868,9.3000000000000007,235296.50571972973,14.166522886250545,13.413027016280129,0,0.0098110562162796022,4.0521570261006365e-06,0,0,5.2754836606143752e-06,7.9326757147522636e-06,1.3084114825261067e-05
2869,9.3000000000000007,239967.44722828333,13.890772985397064,13.501699151110948,0,0.010477182445547972,4.3272801138392286e-06,0,0,5.6336650797138701e-06,8.4712684254033976e-06,1.3972466892534262e-05
2870,9.3000000000000007,242764.5758716565,13.730723773700751,13.609599311612344,0,0.011266985266268216,4.6534840391520981e-06,0,0,6.0583483945340544e-06,9.1098591660184934e-06,1.5025755199910551e-05
2871,9.3000000000000007,236475.29096967992,14.09590541009514,13.629307914263306,0,0.010940507843669735,4.5186425141743398e-06,0,0,5.8827988644416768e-06,8.845887635882469e-06,1.4590361905756781e-05
2872,9.3000000000000007,237858.07088421058,14.013959336935857,13.738935738677515,0,0.012498972125490023,5.1623185721125433e-06,0,0,6.7207976153561566e-06,1.0105975386698829e-05,1.6668744208833329e-05
2873,9.3000000000000007,237999.68101464948,14.005621012274208,13.849009143676327,0,0.01493232138968595,6.1673391428342776e-06,0,0,8.0292290421920243e-06,1.2073446593475492e-05,1.9913881172769433e-05
2874,9.3000000000000007,236935.67047072301,14.068516263131503,13.96927833204982,1,0.05901011507901207,2.4372325176534421e-05,0,0,3.1730212430517617e-05,4.7712305025352734e-05,7.8696432323414555e-05
2875,9.4000000000000004,299553.12619245914,15.718275225245838,14.213364254853722,1,0.20110941962560236,5.622231355914629e-05,0,0,3.2298331094785101e-05,0.00011825436945328053,0.00021417177840255723
2876,9.4000000000000004,294654.97069419944,15.979565764605514,14.179604913803653,0,0.053008090280297036,1.4818985000596132e-05,0,0,8.5131410242374195e-06,3.1169292336921881e-05,5.6451045337357463e-05
2877,9.4000000000000004,294749.24670068396,15.974454675561162,14.153763440351302,0,0.045428864556634793,1.2700130468746853e-05,0,0,7.2959114070435403e-06,2.6712631079759855e-05,4.837953752249178e-05
2878,9.4000000000000004,300241.86095521791,15.682218552389513,14.120731030744789,0,0.040344908235191997,1.1278855488403898e-05,0,0,6.4794240199928685e-06,2.3723213427222902e-05,4.2965370604247085e-05
2879,9.4000000000000004,298331.01290543558,15.782665155125354,14.110633377725527,0,0.035551628943632674,9.9388424158769703e-06,0,0,5.7096195927473773e-06,2.0904716803384727e-05,3.7860760625437716e-05
2880,9.4000000000000004,297488.51826544583,15.827362042506001,14.098655209446703,0,0.03201443262807304,8.9499809257295766e-06,0,0,5.1415430801708629e-06,1.8824809652801307e-05,3.4093818097968276e-05
2881,9.4000000000000004,297029.84570559277,15.851802605529265,14.083449727109901,0,0.029210450480932692,8.1660973871849518e-06,0,0,4.6912213401906832e-06,1.7176039836918825e-05,3.1107713100101638e-05
2882,9.4000000000000004,296743.35369730811,15.867106789116887,14.064555002493417,0,0.026916159113199493,7.5247034191009358e-06,0,0,4.3227563405854598e-06,1.5826973345958426e-05,2.8664404063081773e-05
2883,9.4000000000000004,296724.3979310256,15.868120434000732,14.039380011661255,0,0.025025645801054878,6.996189973927612e-06,0,0,4.0191384145409246e-06,1.4715332428855236e-05,2.6651099072646726e-05
2884,9.4000000000000004,296798.59150872228,15.864153728430006,14.01030208723558,0,0.023381378226389034,6.536517188186892e-06,0,0,3.7550677477673634e-06,1.3748486491869445e-05,2.4900033850085606e-05
2885,9.4000000000000004,297136.02621283807,15.846138019976108,13.983325682365086,0,0.022009821234269582,6.1530835955747901e-06,0,0,3.5347946152143909e-06,1.294199713113104e-05,2.3439392171890987e-05
2886,9.4000000000000004,297460.62187944161,15.828846360659366,13.964368236963512,0,0.020809768147803834,5.8175957748625414e-06,0,0,3.3420651449083907e-06,1.2236353798687132e-05,2.2161393835540924e-05
2887,9.4000000000000004,297451.80739821127,15.829315421749849,13.96060555961888,0,0.019721241830279863,5.5132864687387989e-06,0,0,3.1672469614825326e-06,1.1596289332528673e-05,2.1002166099236439e-05
2888,9.4000000000000004,297333.50498393667,15.835613555661157,13.969122709622965,0,0.018753940029691957,5.2428667875511924e-06,0,0,3.0118975308982645e-06,1.1027506106399849e-05,1.9972036594265535e-05
2889,9.4000000000000004,297251.17006455187,15.839999825916141,13.974811782277778,0,0.017900017829580749,5.0041436000488576e-06,0,0,2.8747569533971001e-06,1.0525391230208074e-05,1.9062650865065411e-05
2890,9.4000000000000004,297356.55446228071,15.834386064199345,13.9705747680171,0,0.017197187539154113,4.8076597901865681e-06,0,0,2.7618818555229993e-06,1.0112119922569697e-05,1.8314170691953245e-05
2891,9.4000000000000004,298072.25327218219,15.796366251428244,13.960293257347104,0,0.016618721537131991,4.6459433623358005e-06,0,0,2.6689797602597867e-06,9.7719760722884158e-06,1.7698132454514451e-05
2892,9.4000000000000004,299670.01381213136,15.712144242191981,13.944879662791974,0,0.016155286484868994,4.5163850807240494e-06,0,0,2.5945517260742921e-06,9.499471581996843e-06,1.7204596599744311e-05
2893,9.4000000000000004,292337.02382558247,16.106268102685092,13.94433628169719,0,0.015356695354315495,4.2931302922058491e-06,0,0,2.4662973618978461e-06,9.0298919334135198e-06,1.6354135776151054e-05
2894,9.4000000000000004,295135.26077396906,15.95356132550312,13.925441883979383,0,0.015099016987089398,4.2210935174661826e-06,0,0,2.4249140132902775e-06,8.8783744515630882e-06,1.6079720812061253e-05
2895,9.4000000000000004,298767.96721304487,15.759582682163423,13.905475795183815,0,0.014968135698726707,4.1845042376251335e-06,0,0,2.4038943753562616e-06,8.8014149324248189e-06,1.5940338587496934e-05
2896,9.4000000000000004,292002.11912562023,16.124740793577175,13.9036968120505,0,0.01440501661888363,4.0270782078697125e-06,0,0,2.3134570078753056e-06,8.4702952273512059e-06,1.5340644077876609e-05
2897,9.4000000000000004,297229.73196096637,15.841142307709001,13.876798321815345,0,0.014470726910897102,4.045448230758358e-06,0,0,2.3240101324964058e-06,8.5089335425684157e-06,1.5410622352022479e-05
2898,9.4000000000000004,303215.32261301577,15.528431879694713,13.823031753866573,0,0.01462231519950675,4.087826376495998e-06,0,0,2.3483553309695603e-06,8.5980689869419708e-06,1.5572056527592021e-05
2899,9.4000000000000004,296812.59629325278,15.863405195323597,13.742276449713069,0,0.014083734417540399,3.9372602933308539e-06,0,0,2.261858833442883e-06,8.281378048796687e-06,1.4998494115140562e-05
2900,9.4000000000000004,303617.93532470718,15.507840395002896,13.626731224709854,0,0.014288185657345806,3.9944168488681083e-06,0,0,2.2946938634890524e-06,8.4015974422599061e-06,1.5216224769961454e-05
2901,9.4000000000000004,297082.92103734217,15.848970602668997,13.515416709528557,0,0.013780982781694599,3.8526227988129188e-06,0,0,2.2132366824156485e-06,8.1033570298680606e-06,1.4676078305955243e-05
2902,9.4000000000000004,303810.79522836348,15.497995976531033,13.444872251206641,0,0.014015639433435723,3.9182236039740576e-06,0,0,2.2509227253948292e-06,8.2413375105502911e-06,1.4925976259571475e-05
2903,9.4000000000000004,296844.50397952914,15.861700044817315,13.409049679275887,0,0.013512443238127798,3.7775496647471449e-06,0,0,2.1701090203384078e-06,7.9454530666579712e-06,1.4390096715813004e-05
2904,9.4000000000000004,302186.77077577804,15.581285937793544,13.428671814101444,0,0.013877525659850832,3.8796124046588652e-06,0,0,2.2287415446410903e-06,8.1601252170709495e-06,1.4778891789009966e-05
2905,9.4000000000000004,295137.90672541258,15.953418299657722,13.423559227511847,0,0.013389433011382712,3.7431608253187433e-06,0,0,2.1503534810958709e-06,7.8731218112293287e-06,1.4259096790137007e-05
2906,9.4000000000000004,299164.00648644118,15.738719832558701,13.478420922203865,0,0.014050874309738432,3.9280738947630048e-06,0,0,2.256581474264113e-06,8.2620559736023856e-06,1.4963499693996348e-05
2907,9.4000000000000004,292531.43581633759,16.095564119242287,13.476083367473064,0,0.013625143017858794,3.8090561071896657e-06,0,0,2.1882086936746323e-06,8.0117216751320209e-06,1.4510116515459878e-05
2908,9.4000000000000004,295228.0189629512,15.948548849175271,13.540815134222544,0,0.014877069108215442,4.1590455872246778e-06,0,0,2.3892690092372517e-06,8.7478668576542881e-06,1.5843357085192541e-05
2909,9.4000000000000004,296392.9831369723,15.885863532403356,13.612639377803616,0,0.016620322557969133,4.6463909450282873e-06,0,0,2.6692368854664721e-06,9.7729174887070506e-06,1.7699837464058947e-05
2910,9.4000000000000004,296113.50847236929,15.900856757148665,13.689400819160337,0,0.019383577938332754,5.4188888753988436e-06,0,0,3.1130178746443095e-06,1.1397739554484052e-05,2.0642570430494154e-05
2911,9.4000000000000004,294679.37746194308,15.978242259874307,13.777573198032453,1,0.074416199575299449,2.0803853515123301e-05,0,0,1.1951300228369046e-05,4.3757476771944422e-05,7.9249643476036018e-05
2912,9.5,373108.24370401795,17.825589478279294,14.023992940884694,1,0.2004706497819016,3.6107463496520866e-05,0,0,0,9.7107315063454754e-05,0.00016131510485854872
2913,9.5,368210.08820575831,18.062716357497123,13.993603626456506,0,0.054528564959308613,9.8213288126113158e-06,0,0,0,2.6413455252538825e-05,4.3878149663139265e-05
2914,9.5,368994.18633061112,18.024333796063019,13.981114196532658,0,0.047904553370194364,8.62825512868461e-06,0,0,0,2.3204806100815649e-05,3.854792738249758e-05
2915,9.5,368359.61463065783,18.055384246989792,13.983307871595116,0,0.043450030765771024,7.825935624514661e-06,0,0,0,2.1047050187540454e-05,3.4963453636295361e-05
2916,9.5,367186.01325663039,18.113092936852254,13.987819405626295,0,0.039159604931013892,7.0531721582338773e-06,0,0,0,1.896878220294813e-05,3.1511025591718052e-05
2917,9.5,367500.28493467334,18.097603337673235,13.987121614921557,0,0.036039894152533336,6.4912702380463622e-06,0,0,0,1.7457604692413034e-05,2.9000650771730964e-05
2918,9.5,368490.44196339976,18.048973937538943,13.981943654808591,0,0.033590742621081054,6.0501450677754519e-06,0,0,0,1.6271243847762594e-05,2.7029862845715231e-05
2919,9.5,370630.53927287797,17.944755432937704,13.968707517921612,0,0.031641437946165384,5.6990490471375748e-06,0,0,0,1.532700715562019e-05,2.5461292641661005e-05
2920,9.5,374068.6922890108,17.779820980289493,13.947625075131299,0,0.030100072695513298,5.4214284099855799e-06,0,0,0,1.4580374961901197e-05,2.4220983911656022e-05
2921,9.5,367263.43505460588,18.109274565383117,13.940362514783674,0,0.028299069159836512,5.097043421498226e-06,0,0,0,1.3707974847671853e-05,2.2771748951204734e-05
2922,9.5,371276.0370709222,17.913556812607165,13.919405351608944,0,0.027247343418016469,4.9076134532089383e-06,0,0,0,1.3198522401229566e-05,2.1925444275140119e-05
2923,9.5,364534.83887821075,18.244825113825765,13.915706359404759,0,0.025805997746420787,4.6480076890752407e-06,0,0,0,1.2500339358478614e-05,2.0765619490794737e-05
2924,9.5,369276.51499687519,18.010553374307836,13.899442889989878,0,0.025072014118139238,4.5158073540433912e-06,0,0,0,1.2144800133557176e-05,2.0174996144736299e-05
2925,9.5,374428.43446402682,17.762738539742479,13.887691372743669,0,0.024463761312769901,4.4062528332672905e-06,0,0,0,1.1850164500493234e-05,1.9685546117086817e-05
2926,9.5,366991.22252291261,18.122706961511511,13.888190336821406,0,0.023272117250776995,4.1916216914215122e-06,0,0,0,1.1272936085773511e-05,1.8726651700255298e-05
2927,9.5,372543.4845036043,17.852612271803839,13.876693229275412,0,0.022997286155851171,4.1421209104416569e-06,0,0,0,1.1139808818748482e-05,1.8505500090557906e-05
2928,9.5,365198.09867604874,18.211689511366565,13.872712431774289,0,0.022023674748324062,3.9667603856200574e-06,0,0,0,1.0668194695668784e-05,1.7722052606012995e-05
2929,9.5,371596.83409021725,17.898092160857573,13.869114045137213,0,0.021990366184050317,3.9607610646723566e-06,0,0,0,1.0652060138072643e-05,1.7695249806978064e-05
2930,9.5,364263.84410366841,18.25839838591499,13.867090963408016,0,0.02114994637865841,3.8093901409089266e-06,0,0,0,1.0244963583457061e-05,1.7018979194898487e-05
2931,9.5,369207.14195951144,18.013937509255896,13.881767823239263,0,0.021410527103522682,3.8563242383499736e-06,0,0,0,1.0371188018686794e-05,1.7228663789632572e-05
2932,9.5,373106.82434452011,17.825657289742608,13.914004836418872,0,0.021930965870478311,3.9500622683332596e-06,0,0,0,1.0623286824018041e-05,1.7647451449348535e-05
2933,9.5,366340.97625709546,18.1548743227732,13.912625914536285,0,0.021340509588081088,3.8437131409864698e-06,0,0,0,1.0337271767408393e-05,1.7172321961750616e-05
2934,9.5,368861.10620425909,18.030836733289647,13.950321939728777,0,0.022636795972672239,4.0771917742107508e-06,0,0,0,1.096518857467124e-05,1.8215420162332739e-05
2935,9.5,369930.80073846655,17.978698637563948,13.967959867345355,0,0.024581679744478384,4.4274915306681971e-06,0,0,0,1.1907283796071724e-05,1.9780432945640046e-05
2936,9.5,369855.61026038858,17.982353650245319,13.953236230575392,0,0.027625795064008453,4.9757776907555331e-06,0,0,0,1.3381843118070703e-05,2.2229977467522674e-05
2937,9.5,368844.26403960318,18.031660057252505,13.923380518932662,1,0.10126659896043258,1.8239478094966214e-05,0,0,0,4.9053203256205689e-05,8.1487400014630849e-05
2938,9.5999999999999996,464509.79323997279,20.224783002644035,13.951358132417198,1,0.23557379200838183,3.2082191651109407e-05,0,0,0,3.4307787945715289e-05,0.00035887484747879192
2939,9.5999999999999996,459611.63774171303,20.440321783498803,13.924582229486111,0,0.068955648167993197,9.3908931935574395e-06,0,0,0,1.0042355454051053e-05,0.00010504754161366688
2940,9.5999999999999996,466458.58845651103,20.140286840827194,13.908208383388081,0,0.064069279621915776,8.7254311706528249e-06,0,0,0,9.3307291968421336e-06,9.7603611829506906e-05
2941,9.5999999999999996,458574.44083603623,20.486553401785752,13.905598557657052,0,0.060186728375711145,8.1966764559876273e-06,0,0,0,8.7652938667591433e-06,9.1688904703424284e-05
2942,9.5999999999999996,463725.91429932992,20.258970829948876,13.905477643096848,0,0.05651751404023652,7.6969755490399371e-06,0,0,0,8.2309278565352084e-06,8.6099196596320417e-05
2943,9.5999999999999996,456367.1668350476,20.585639050315702,13.905999275043097,0,0.053230582282191678,7.2493367276469334e-06,0,0,0,7.7522355674412364e-06,8.109186057950421e-05
2944,9.5999999999999996,461503.63307918492,20.356523974036769,13.918303583283778,0,0.051321547014368162,6.9893501017625826e-06,0,0,0,7.4742132263692258e-06,7.8183622210834471e-05
2945,9.5999999999999996,465769.03556091461,20.17010375017264,13.942112700064232,0,0.049986840917173155,6.8075798953102845e-06,0,0,0,7.2798333110058466e-06,7.6150321125105763e-05
2946,9.5999999999999996,459144.85563163605,20.461102102423705,13.936694051393903,0,0.047954781635299586,6.5308389439010378e-06,0,0,0,6.9838943683022358e-06,7.3054667068544617e-05
2947,9.5999999999999996,461439.65024428663,20.359346592578209,13.965144727796114,0,0.047732090454270404,6.5005112020589573e-06,0,0,0,6.9514627393379313e-06,7.2715417685387956e-05
2948,9.5999999999999996,462318.84773355874,20.320628970540589,13.999301019692817,0,0.048341803746995045,6.5835464944938855e-06,0,0,0,7.0402583314797627e-06,7.3644259400193655e-05
2949,9.5999999999999996,461905.18538253219,20.338827248932574,14.037260228102252,0,0.050377625070288763,6.8607997886930992e-06,0,0,0,7.3367451590655803e-06,7.6745644578325487e-05
2950,9.5999999999999996,460142.53823900706,20.416738271656495,14.082591790868333,1,0.1657517666651748,2.2573308768035197e-05,0,0,0,2.4139257656361731e-05,0.00025250746050387658
2951,9.6999999999999993,542856.01868015679,24.445227761707091,14.108220482325747,1,1,0,0,0,0,0,0
2952,9.8000000000000007,542856.01868015679,34.529802000265612,14.108220482325747,1,1,0,0,0,0,0,0
