event_id,Mw,area_km2,slip_m,mean_depth_km,is_edge_touching,conditional_probability,rate_mean,rate_p0.025,rate_p0.16,rate_p0.5,rate_p0.84,rate_p0.975
1,7.2000000000000002,1745.3147839670521,1.3520880605369441,1.1573737587630455,1,0.012229686738894786,9.94666300493043e-05,2.1074564085090705e-05,4.2531893291063261e-05,8.2193952875607104e-05,0.00015558252927373229,0.00026755865853588472
2,7.2000000000000002,1966.8875226632272,1.1997733749844519,3.472121276289136,1,0.013782280694452762,0.00011209420521875851,2.3750040694844651e-05,4.7931439645110701e-05,9.2628711928938133e-05,0.00017533417947525237,0.0003015260008619038
3,7.2000000000000002,2175.2852764763234,1.0848320938865845,6.7864303181840588,1,0.015242555522601805,0.00012397092939026729,2.6266430207079452e-05,5.3009922397161439e-05,0.00010244300750108822,0.00019391137250143487,0.00033347360364642011
4,7.2000000000000002,2287.0795233759422,1.0318046474383866,11.712702856688596,1,0.016025914852020522,0.00013034215657527402,2.7616338568753509e-05,5.5734256725483468e-05,0.00010770785207001199,0.00020387704279236114,0.00035061178353652773
5,7.2000000000000002,2309.8666035278638,1.02162578465627,17.665429406256287,1,0.016185587396201153,0.00013164080716380753,2.7891491100196707e-05,5.6289559224688525e-05,0.00010878098810792633,0.00020590835060993484,0.00035410506775860928
6,7.2000000000000002,2311.5357028021203,1.0208880954855322,24.20875836379782,1,0.016197283029245568,0.00013173593022215385,2.7911645366889924e-05,5.6330233808366485e-05,0.00010885959276328889,0.00020605713906293098,0.00035436094249644207
7,7.2000000000000002,2228.0390876896458,1.0591462664721338,30.842013500363421,1,0.015612209519318259,0.00012697740356435274,2.6903429094249217e-05,5.4295489613937109e-05,0.00010492739846179551,0.00019861400348399161,0.0003415608203998413
8,7.2000000000000002,2129.5619630545611,1.1081242632149733,37.057664486791268,1,0.014922165295607083,0.00012136512787954303,2.5714324129859747e-05,5.1895682659302829e-05,0.00010028971119991174,0.00018983546091558105,0.00032646416986672366
9,7.2000000000000002,1972.0199429024713,1.1966508197717427,1.123206967114353,0,0.0039959460350868546,3.2499874645594383e-05,6.8859344147528396e-06,1.3896934074414445e-05,2.6856174415067629e-05,5.0835267023065128e-05,8.7422514047669439e-05
10,7.2000000000000002,2082.1649260690974,1.1333488772839677,3.3696209013430591,0,0.0042191351617249908,3.4315119039364445e-05,7.2705406318092136e-06,1.4673131888844865e-05,2.8356196202126151e-05,5.3674614389038188e-05,9.2305401450923737e-05
11,7.2000000000000002,2215.0128083300588,1.0653750047881581,6.4554195474417888,0,0.0044883276566087139,3.6504518561389184e-05,7.7344212369117077e-06,1.5609318294236331e-05,3.0165399962723816e-05,5.7099203269333647e-05,9.8194741411689233e-05
12,7.2000000000000002,2360.5248793158171,0.99970108426243154,10.988858284377626,0,0.0047831818669860256,3.8902630245542611e-05,8.2425228821151762e-06,1.6634749941009802e-05,3.2147072395579382e-05,6.085025305473943e-05,0.00010464550328944937
13,7.2000000000000002,2438.2506039059263,0.9678329526506354,16.612304884697075,0,0.0049406791590990906,4.0183589048727226e-05,8.5139269537590421e-06,1.7182487439508447e-05,3.3205588879473137e-05,6.2853887946120877e-05,0.0001080911977786456
14,7.2000000000000002,2424.0773870497737,0.97349172674412365,23.064928234727859,0,0.0049119596677447514,3.995000734849764e-05,8.4644366623100132e-06,1.7082607993065101e-05,3.301256933863057e-05,6.2488526902967372e-05,0.0001074628784484242
15,7.2000000000000002,2370.250874112789,0.99559894990599829,29.905829817541317,0,0.004802889857509202,3.9062919502678655e-05,8.2764842842456265e-06,1.6703289566579047e-05,3.2279526944818414e-05,6.1100972396776782e-05,0.0001050766707935236
16,7.2000000000000002,2361.7131426344713,0.99919809848206576,36.673353796345992,0,0.0047855896702711318,3.8922213419151584e-05,8.2466720811682385e-06,1.6643123698619005e-05,3.2163254892643705e-05,6.0880884430104023e-05,0.00010469818073170408
17,7.2000000000000002,2180.5965202240091,1.0821897858655882,1.2269836957856632,0,0.0043921183100995307,3.5722027588331021e-05,7.568630396812421e-06,1.5274725450879388e-05,2.9518790882540343e-05,5.5875255854387477e-05,9.6089892429029406e-05
18,7.2000000000000002,2252.1924030701375,1.0477876037871434,3.7002241002206508,0,0.0045363254502374601,3.6894894773305534e-05,7.8171324787749152e-06,1.5776243014420032e-05,3.0487986180333736e-05,5.7709817285191407e-05,9.9244827611783522e-05
19,7.2000000000000002,2335.7480562079686,1.0103055742713869,6.7996792514666993,0,0.0047046217446942134,3.8263684147620401e-05,8.1071457161158302e-06,1.6361536831828382e-05,3.1619081194544032e-05,5.985083395372995e-05,0.00010292678053034851
20,7.2000000000000002,2402.8904240066313,0.98207527805019668,10.89172395528119,0,0.0048398586948850946,3.9363594879663259e-05,8.3401900969179752e-06,1.6831858243760736e-05,3.2527989145201377e-05,6.157127922850929e-05,0.00010588546767827675
21,7.2000000000000002,2463.022545957986,0.95809893626557219,15.852006679767939,0,0.0049609757339146507,4.0348665386457671e-05,8.548902622048075e-06,1.7253074018924584e-05,3.3341999218473952e-05,6.3112095086893778e-05,0.00010853524221301802
22,7.2000000000000002,2512.8111986458657,0.93911523577742562,21.819537728829822,0,0.0050612591430999306,4.1164291573332238e-05,8.7217140095078278e-06,1.7601835467144461e-05,3.401598948370008e-05,6.4387871546123715e-05,0.00011072922273008919
23,7.2000000000000002,2540.3141332872347,0.92894782198719572,28.608540775992118,0,0.0051166550596298786,4.1614838284246968e-05,8.8171739193066488e-06,1.7794489069883048e-05,3.4388297413573929e-05,6.5092602336795207e-05,0.00011194116359427997
24,7.2000000000000002,2688.2678979389016,0.87782147124910581,36.075724618680752,0,0.0054146608726025544,4.4038582619187637e-05,9.3307065009097792e-06,1.8830881228413172e-05,3.6391151310904965e-05,6.8883745896761292e-05,0.00011846087560793949
25,7.2000000000000002,2374.0353178826249,0.99401186810698472,1.4579480404531697,0,0.0054349471063087091,4.4203574850487114e-05,9.3656643490879992e-06,1.8901431843951319e-05,3.6527492148807565e-05,6.9141821480938267e-05,0.00011890469380157335
26,7.2000000000000002,2407.2151415929011,0.98031091633917233,4.3825559671125145,0,0.0055109066278472641,4.4821369712195927e-05,9.4965600816373815e-06,1.9165600692548498e-05,3.7038005088925429e-05,7.0108156493085838e-05,0.00012056652113368701
27,7.2000000000000002,2396.3582531342204,0.98475229160499544,7.5149152325428465,0,0.0054860516418798909,4.4619218852007928e-05,9.4537292221242328e-06,1.9079161061388271e-05,3.6870958328943515e-05,6.9791958567134993e-05,0.00012002274868510837
28,7.2000000000000002,2406.5727183827812,0.98057260570387761,11.033447489685935,0,0.0055094359099769081,4.4809408052552398e-05,9.4940256963606659e-06,1.9160485891420821e-05,3.7028120607179475e-05,7.0089446446704163e-05,0.00012053434506009833
29,7.2000000000000002,2514.8542529706933,0.93835230351536714,15.13084657562877,0,0.0057573279310611271,4.6825566313985235e-05,9.9212006842454451e-06,2.0022594399476754e-05,3.8694166969138588e-05,7.3243056874385941e-05,0.00012595767748382295
30,7.2000000000000002,2637.1903677870605,0.89482325967262544,20.339179518903389,0,0.0060373955055449263,4.9103415159564381e-05,1.0403821553661774e-05,2.0996601702079858e-05,4.0576460564271785e-05,7.680599536463927e-05,0.00013208494027706897
31,7.2000000000000002,2646.9571936359785,0.89152151268412272,26.918229950504173,0,0.0060597549799325037,4.9285269496023621e-05,1.0442352072549989e-05,2.1074362547390165e-05,4.0726735352446933e-05,7.7090446115727349e-05,0.00013257411641873424
32,7.2000000000000002,2831.5427037076447,0.83340409388511105,35.266756823427116,0,0.0064823318793887728,5.2722176836578876e-05,1.1170549297761573e-05,2.2543982822926891e-05,4.3566813475606418e-05,8.2466346924450721e-05,0.00014181916993160864
33,7.2000000000000002,2601.6975137817217,0.90703060935409452,1.7492520344665732,0,0.0059561406974475472,4.8442552611789947e-05,1.0263800824020033e-05,2.0714017127252404e-05,4.0030358770312336e-05,7.5772295252007893e-05,0.00013030726371688502
34,7.2000000000000002,2572.490754192303,0.91732857637476362,5.1366774108978026,0,0.0058892768254910251,4.7898734592771379e-05,1.0148578988448114e-05,2.048148074853735e-05,3.9580976373362101e-05,7.4921672456990099e-05,0.00012884442920058417
35,7.2000000000000002,2450.3707629945457,0.96304580389156413,8.3456003027512864,0,0.0056097040290026146,4.5624909881323764e-05,9.6668107353574801e-06,1.9509194164162923e-05,3.7702008109458173e-05,7.1365028388956664e-05,0.00012272799106209387
36,7.2000000000000002,2364.6396758307405,0.9979614676182833,11.489020130623292,0,0.0054134373936278761,4.4028631805798413e-05,9.3285981651355989e-06,1.8826626264381315e-05,3.6382928485959726e-05,6.8868181151935228e-05,0.00011843410857782655
37,7.2000000000000002,2403.7306994530954,0.98173197264459833,14.957228761436262,0,0.0055029295945730802,4.4756490812636644e-05,9.4828138179321129e-06,1.9137858499699207e-05,3.6984392603910567e-05,7.0006674988334683e-05,0.00012039200118338046
38,7.2000000000000002,2634.7913434932607,0.89563801213638805,19.517102787014114,0,0.006031903350459728,4.9058746300116375e-05,1.0394357306802519e-05,2.0977501314718446e-05,4.053954858558449e-05,7.6736125759835642e-05,0.00013196478399846263
39,7.2000000000000002,2825.8232065147336,0.83509091292055093,25.773704262128984,0,0.0064692380705123828,5.2615682118337065e-05,1.1147985652414401e-05,2.2498445721789783e-05,4.3478811883028796e-05,8.2299771283855067e-05,0.00014153270618050127
40,7.2000000000000002,3094.9325242233426,0.76247842652810416,34.682985032247899,0,0.0070853177457151882,5.7626388479228773e-05,1.2209632681793401e-05,2.4641021861633465e-05,4.7619394129521804e-05,9.0137358308660094e-05,0.00015501117500540124
41,7.2000000000000002,2676.4926209301702,0.88168346246377927,1.8262657955568748,0,0.006047045309650158,4.9181899058250904e-05,1.0420450386383834e-05,2.1030161387396906e-05,4.0641315499710293e-05,7.6928757374962326e-05,0.00013229605677552502
42,7.2000000000000002,2608.318329488689,0.90472825137990931,5.34641321629916,0,0.0058930179732487363,4.7929162139111756e-05,1.0155025846806385e-05,2.0494491555814286e-05,3.9606120085467178e-05,7.496926625419509e-05,0.00012892627728850405
43,7.2000000000000002,2467.5436589932428,0.95634347650945839,8.6485058718826284,0,0.0055749633654085737,4.5342356713188556e-05,9.6069445787745227e-06,1.9388374536613249e-05,3.7468521142270818e-05,7.0923067738123404e-05,0.00012196794172098474
44,7.2000000000000002,2349.209776444985,1.0045162015507776,11.705935128925844,0,0.0053076096115291958,4.3167912060829776e-05,9.1462325474842024e-06,1.8458582827820018e-05,3.5671675293587689e-05,6.7521870787829355e-05,0.00011611882937087038
45,7.2000000000000002,2340.5021876449491,1.0082533969579219,14.901784246513778,0,0.0052879364080240356,4.3007905733872191e-05,9.1123310913896684e-06,1.8390164183087791e-05,3.5539454542857197e-05,6.7271593996150376e-05,0.0001156884229302701
46,7.2000000000000002,2481.8305313861283,0.95083820246279416,19.142159873411313,0,0.0056072419392471018,4.5604885184363951e-05,9.6625679882255547e-06,1.9500631611336329e-05,3.7685460760890646e-05,7.1333706396853355e-05,0.00012267412595121701
47,7.2000000000000002,2798.11659333835,0.84335988246473925,25.212220915353008,0,0.0063218324195194551,5.1416800767773918e-05,1.0893971800328138e-05,2.1985804510908081e-05,4.2488119857142464e-05,8.042451932521059e-05,0.00013830779461225607
48,7.2000000000000002,3270.2289879888713,0.72160674067405639,34.394268610669975,0,0.0073884839840983891,6.0092103645979325e-05,1.2732057863701213e-05,2.5695360731930038e-05,4.9656930498453835e-05,9.3994151304677929e-05,0.00016164378578170229
49,7.2000000000000002,2680.4363710992634,0.88038623364623703,1.6982452139658148,0,0.0060559554914963393,4.9254367452600492e-05,1.0435804679779589e-05,2.1061148845340574e-05,4.0701199541093706e-05,7.7042110125324196e-05,0.00013249099196503342
50,7.2000000000000002,2625.9428686592146,0.89865598731985064,5.046642099517471,0,0.0059328373944167404,4.8253021917261172e-05,1.0223643871221305e-05,2.0632973874142457e-05,3.9873740646557088e-05,7.5475837386539062e-05,0.00012979743867953976
51,7.2000000000000002,2471.4019089157637,0.95485047282971114,8.2972108802435294,0,0.0055836803750931854,4.5413253997472869e-05,9.6219659920904053e-06,1.9418690188488775e-05,3.7527106901540884e-05,7.1033963008246913e-05,0.00012215865072829246
52,7.2000000000000002,2403.5844006023303,0.98179172767517742,11.364392243514423,0,0.0054304591248823825,4.4167073147889871e-05,9.357930524485526e-06,1.8885823729762284e-05,3.6497329075808412e-05,6.908472668231021e-05,0.00011880650663491904
53,7.2000000000000002,2440.8319535993646,0.96680940193386433,14.499707880623385,0,0.0055146131550057251,4.4851515681876881e-05,9.5029472807375595e-06,1.9178491097752642e-05,3.7062916120998376e-05,7.0155309857063762e-05,0.00012064761179900967
54,7.2000000000000002,2528.0180753965878,0.93346614260670024,18.56156365436707,0,0.0057115942431498279,4.6453604552953682e-05,9.8423910174639639e-06,1.9863543691508582e-05,3.8386797478058004e-05,7.2661246155095318e-05,0.00012495712493912613
55,7.2000000000000002,2695.1888353436038,0.87556732587148001,24.599905015550068,0,0.0060892859849252766,4.9525451408390882e-05,1.0493240788712932e-05,2.1177064242040765e-05,4.0925208958890649e-05,7.7466131000129059e-05,0.00013322018988322896
56,7.2000000000000002,2966.3958664694555,0.79551731714387686,34.122470992983835,0,0.0067020286439892045,5.4509017110912435e-05,1.1549137371496428e-05,2.330803504665718e-05,4.5043363603342817e-05,8.5261265473025082e-05,0.00014662565213153437
57,7.2000000000000002,2478.7207971761873,0.95203109764069649,1.6318022657345819,0,0.005545686385347662,4.5104240839343803e-05,9.5564936060158071e-06,1.9286556279251424e-05,3.7271754800593931e-05,7.0550614485262336e-05,0.00012132742576351818
58,7.2000000000000002,2481.9294034429031,0.95080032413772697,4.8385578377658973,0,0.0055528650575521069,4.5162626499389685e-05,9.5688641099091968e-06,1.9311521965347038e-05,3.7320001616516452e-05,7.0641939471931256e-05,0.00012148447932883818
59,7.2000000000000002,2411.7940294969922,0.97844975666211242,7.9239213711516028,0,0.0053959499306583461,4.3886402569119837e-05,9.2984632428840816e-06,1.8765809096711271e-05,3.6265397780724232e-05,6.8645710717698565e-05,0.00011805152133473367
60,7.2000000000000002,2428.7719065659653,0.97161008611014876,10.967356236287184,0,0.0054339348387693253,4.4195341864393483e-05,9.3639199792128373e-06,1.8897911422219654e-05,3.6520688845321058e-05,6.9128943706761261e-05,0.00011888254761331036
61,7.2000000000000002,2467.0412424654605,0.95653823724574649,14.186162349724846,0,0.0055195555086390031,4.4891712889778426e-05,9.5114640931955947e-06,1.9195679408608452e-05,3.7096132963776225e-05,7.0218185047184957e-05,0.00012075573963060197
62,7.2000000000000002,2524.3804239511219,0.93481127443815071,18.257991879832261,0,0.0056478414852097671,4.593508988254276e-05,9.7325303471545535e-06,1.9641827015063061e-05,3.7958324427709955e-05,7.1850202050674773e-05,0.00012356235475763355
63,7.2000000000000002,2606.9146360358991,0.90521540239953246,24.388968515243619,0,0.0058324967544943823,4.7436930260691922e-05,1.0050733862033789e-05,2.0284013391257644e-05,3.9199365741837995e-05,7.4199332854463365e-05,0.00012760220607976473
64,7.2000000000000002,2724.9394335877969,0.86600797514732542,34.066948547969304,0,0.0060965557455927863,4.9584577910181188e-05,1.0505768258986022e-05,2.1202346711785368e-05,4.0974067967177579e-05,7.7558614787818302e-05,0.00013337923626386027
65,7.2000000000000002,2475.3920442113149,0.95331132973416743,1.5394528776430247,0,0.0054831802391445434,4.459586512597249e-05,9.4487811345523947e-06,1.9069175016991317e-05,3.6851660047135082e-05,6.975542941396314e-05,0.00011995992870611884
66,7.2000000000000002,2486.7602659009644,0.94895326808895042,4.5760039015025589,0,0.0055083617083460249,4.4800671343387347e-05,9.4921745997959147e-06,1.915675007789483e-05,3.7020901053636301e-05,7.0075780764969952e-05,0.00012051084389007719
67,7.2000000000000002,2390.1246406381529,0.98732059456548082,7.5195160037438367,0,0.005294306503604811,4.3059715069142945e-05,9.1233082317213378e-06,1.8412317835203325e-05,3.558226703242933e-05,6.7352632505421467e-05,0.00011582778661674272
68,7.2000000000000002,2399.355026334476,0.98352234470510702,10.540212866390078,0,0.0053147525047011288,4.3226006722433397e-05,9.1585413958724532e-06,1.8483424083092071e-05,3.5719681643815951e-05,6.76127406040191e-05,0.00011627510016962023
69,7.2000000000000002,2425.8679980808888,0.97277316125499302,13.873213449727865,0,0.0053734807385180262,4.3703655874961267e-05,9.2597436550637817e-06,1.8687666679587115e-05,3.611438559542755e-05,6.8359864169167568e-05,0.00011755994480985595
70,7.2000000000000002,2465.523478116977,0.95712707756600213,18.172576167692235,0,0.005461320620291964,4.4418076220348827e-05,9.4111119817588726e-06,1.899315254836468e-05,3.6704744715597328e-05,6.9477337680081867e-05,0.00011948168830461283
71,7.2000000000000002,2551.4103032433031,0.92490779639821585,24.624647264539675,0,0.005651566421330554,4.5965385576209651e-05,9.7389492691323929e-06,1.9654781442186813e-05,3.7983359183751818e-05,7.1897589608134607e-05,0.00012364384817057928
72,7.2000000000000002,2663.3852196084931,0.88602251897581341,34.268036660069534,0,0.0058995993137886428,4.798268957433456e-05,1.0166367010806354e-05,2.0517379866817808e-05,3.965035232180689e-05,7.5052992160595772e-05,0.00012907026255025447
73,7.2000000000000002,2616.8486981984111,0.9017790302148927,1.3382524529980435,0,0.0057965174059385321,4.7144302605656564e-05,9.9887331662621982e-06,2.0158885916929737e-05,3.8957553752468765e-05,7.3741614012644017e-05,0.00012681505703497503
74,7.2000000000000002,2499.7797593812743,0.94401087632798164,4.013024689605694,0,0.0055372008692142396,4.5035226341095353e-05,9.5418711093511826e-06,1.9257045705970874e-05,3.7214724875945286e-05,7.0442664208986478e-05,0.00012114178132616539
75,7.2000000000000002,2375.4124662533723,0.9934355884738203,6.8132217144796305,0,0.0052617179267569047,4.2794665277895643e-05,9.0671506157589545e-06,1.8298982644973586e-05,3.5363243928493147e-05,6.6938050078276895e-05,0.00011511482020221562
76,7.2000000000000002,2370.6082533820108,0.99544885913302983,9.8923711178762836,0,0.005251076232588703,4.2708114127443029e-05,9.048812528242089e-06,1.8261973405860484e-05,3.5291722643635047e-05,6.6802669530124283e-05,0.00011488200332988005
77,7.2000000000000002,2427.8846376644042,0.97196516040011904,13.398558838556095,0,0.0053779477474266407,4.3739987003634167e-05,9.2674413391928335e-06,1.8703201856430785e-05,3.6144407715173416e-05,6.841669216150528e-05,0.00011765767314393139
78,7.2000000000000002,2498.3435191932736,0.94455356645368915,18.06504673871417,0,0.0055340194887796013,4.5009351500840298e-05,9.5363888588830987e-06,1.9245981634089623e-05,3.7193343278925923e-05,7.0402191609387598e-05,0.00012107217971661008
79,7.2000000000000002,2601.2316978883159,0.90719303597452405,24.906890034799964,0,0.0057619245713629846,4.6862951762209395e-05,9.9291217530909391e-06,2.0038580402960739e-05,3.8725060322698936e-05,7.3301533999728003e-05,0.00012605824186778426
80,7.2000000000000002,2614.5293998772568,0.90257898090235777,34.486480494637583,0,0.005791379985079087,4.7102518874728378e-05,9.9798802080919676e-06,2.0141019209429351e-05,3.8923025891122945e-05,7.3676257233822029e-05,0.00012670266156133498
81,7.2000000000000002,2604.7572253682388,0.90596515417933265,1.1523482356155836,0,0.0057077488712606612,4.6422329329698349e-05,9.8357645569470714e-06,1.9850170417904253e-05,3.8360953290664213e-05,7.2612326448704808e-05,0.00012487299665634967
82,7.2000000000000002,2392.4718799639918,0.98635194045247654,3.4570447068467507,0,0.0052425725282158791,4.2638951700394897e-05,9.0341586890561856e-06,1.8232399578281284e-05,3.5234570478464288e-05,6.6694487868339581e-05,0.0001146959609738365
83,7.2000000000000002,2289.1031399351559,1.030892509870619,6.1548288270423672,0,0.005016062816110247,4.0796700282381766e-05,8.6438303392315053e-06,1.7444653570525666e-05,3.3712231517526997e-05,6.3812896976695534e-05,0.00010974042646095419
84,7.2000000000000002,2306.6956127014269,1.0230302031557714,9.5253130235471186,0,0.0050546128259140091,4.1110235669298337e-05,8.7102608757967996e-06,1.757872118307771e-05,3.3971320548735569e-05,6.4303319025669337e-05,0.00011058381592217696
85,7.2000000000000002,2342.3319994889134,1.0074657571152892,13.576731391586275,0,0.0051327020791008694,4.1745352089154064e-05,8.8448266259896859e-06,1.7850296723370128e-05,3.4496147106730643e-05,6.5296747866431821e-05,0.00011229223710048047
86,7.2000000000000002,2427.5795875447898,0.97208729772981251,18.762016157872321,0,0.0053195032979495233,4.3264645929190504e-05,9.1667281057126881e-06,1.8499946193249315e-05,3.5751611036998069e-05,6.7673178818457655e-05,0.00011637903708114218
87,7.2000000000000002,2532.632158235414,0.93176550475638265,25.624748319058341,0,0.0055497027522183068,4.5136906800966038e-05,9.5634147302286985e-06,1.9300524232054069e-05,3.7298748220486451e-05,7.060170954023532e-05,0.00012141529504055208
88,7.2000000000000002,2540.3961857496042,0.92891781782617755,34.76428288503638,0,0.0055667158998732825,4.5275278330826217e-05,9.5927322980616984e-06,1.9359691845751419e-05,3.7413091121206178e-05,7.0818145872545473e-05,0.00012178750530735811
89,7.2000000000000002,2324.047987036794,1.0153918053513526,1.0390066610811297,0,0.0050591723173508719,4.1147318977942791e-05,8.7181179286006127e-06,1.7594577991791989e-05,3.4001964230155995e-05,6.4361323553920489e-05,0.00011068356757064503
90,7.2000000000000002,2315.2405766747338,1.0192544589339221,3.1170199832433894,0,0.0050399996466746104,4.099138359039539e-05,8.6850790057339981e-06,1.7527900079207845e-05,3.3873107488057089e-05,6.4117414395784963e-05,0.00011026411168790552
91,7.2000000000000002,2372.9140541383026,0.99448156462515014,5.7420452927424979,0,0.0051655478549115126,4.2012493733988613e-05,8.9014274549417836e-06,1.7964526389400536e-05,3.4716898807635352e-05,6.5714602304217665e-05,0.00011301083046285307
92,7.2000000000000002,2512.6715066264346,0.93916744590653234,9.4632546817806151,0,0.0054697829820325094,4.448690239902054e-05,9.4256945780771544e-06,1.9022582596265628e-05,3.676161902292579e-05,6.9584993392884069e-05,0.00011966682617475506
93,7.2000000000000002,2593.9450302681421,0.90974143774994631,14.157797269515036,0,0.005646705645951316,4.5925851861510176e-05,9.730573034775777e-06,1.963787684077261e-05,3.7950690616601247e-05,7.183575223291156e-05,0.00012353750509183327
94,7.2000000000000002,2537.8006035196959,0.92986788560441491,19.755965153221467,0,0.0055244859968030897,4.4931813593308305e-05,9.5199604587201803e-06,1.9212826454231529e-05,3.712927006045458e-05,7.0280909288246923e-05,0.00012086360787181493
95,7.2000000000000002,2423.2486109417714,0.97382467099128844,26.473973194982484,0,0.0052751201175354513,4.2903668131401305e-05,9.0902456740767472e-06,1.8345592223798425e-05,3.5453318111160339e-05,6.710854886403107e-05,0.00011540803067135589
96,7.2000000000000002,2303.6224197554652,1.024394996785527,35.076582600075675,0,0.0050147083195624092,4.0785683875346716e-05,8.6414962300339527e-06,1.7439942959054929e-05,3.3703128142452879e-05,6.3795665464286061e-05,0.00010971079305438635
97,7.2000000000000002,2196.9125398115393,1.0741525839180213,0.97840081566194581,0,0.0047369402450760153,3.8526537349820696e-05,8.1628379281873115e-06,1.6473932761414571e-05,3.1836289153677108e-05,6.0261980546368606e-05,0.00010363383826556796
98,7.2000000000000002,2233.4036406586292,1.0566022362999992,2.9352024469858371,0,0.0048156216495731357,3.9166469861581992e-05,8.2984240913312876e-06,1.6747567660779535e-05,3.2365095474844359e-05,6.1262942564433998e-05,0.00010535521441267862
99,7.2000000000000002,2320.533204084898,1.0169297630072318,5.3797420235356839,0,0.0050034887257769068,4.0694432545023034e-05,8.622162288512027e-06,1.7400923924811278e-05,3.362772287798636e-05,6.3652933044736776e-05,0.00010946533300895285
100,7.2000000000000002,2512.3906051852837,0.93927245087211897,9.0280776844080339,0,0.0054171679360863305,4.4058973096995856e-05,9.335026748123159e-06,1.8839600188991839e-05,3.640800092138487e-05,6.8915640031597572e-05,0.00011851572464511475
101,7.2000000000000002,2543.132350946451,0.92791839182189551,13.854074449682992,0,0.0054834526925620995,4.4598081047268617e-05,9.4492506344775434e-06,1.9070122544097257e-05,3.6853491167084558e-05,6.9758895487356324e-05,0.00011996588938789845
102,7.2000000000000002,2427.5118619239338,0.97211441818050837,19.592071842087641,0,0.005234154034704233,4.2570482311311346e-05,9.0196516877895999e-06,1.8203122093472937e-05,3.517799100314713e-05,6.658739023442792e-05,0.00011451178284409704
103,7.2000000000000002,2342.8371106144114,1.0072485494570309,26.441421633228472,0,0.0050515799768155716,4.1085568865829839e-05,8.7050345789954157e-06,1.7568173667268302e-05,3.3950937209309304e-05,6.4264735998669975e-05,0.00011051746385170741
104,7.2000000000000002,2184.6621346819425,1.0801758513675277,35.098286948627582,0,0.0047105261589322619,3.8311705997992584e-05,8.1173203803489649e-06,1.6382070956837506e-05,3.1658763907274264e-05,5.9925948199961121e-05,0.00010305595613285583
105,7.2000000000000002,2029.1765241390647,1.1629443043560184,0.94360433673328614,0,0.0043350161561636503,3.5257603687553991e-05,7.4702302473882191e-06,1.5076137967017948e-05,2.9135015578241294e-05,5.5148818806080455e-05,9.4840622841607859e-05
106,7.2000000000000002,2051.5133303483904,1.1502822069792353,2.8308130101998579,0,0.0043827352257678137,3.5645712978000405e-05,7.5524611836276154e-06,1.5242093352440725e-05,2.9455728532060327e-05,5.5755886975700309e-05,9.5884611172826912e-05
107,7.2000000000000002,2048.9993510306858,1.1516935230328078,5.0736408016768504,0,0.0043773645047739188,3.5602031767712425e-05,7.5432061956475056e-06,1.5223415283485619e-05,2.9419632694308712e-05,5.5687562220202181e-05,9.5767111605162035e-05
108,7.2000000000000002,2062.4137818732956,1.1442026338366678,8.3652877003050143,0,0.0044060223242079009,3.5835111877163964e-05,7.5925902121881451e-06,1.5323080249902479e-05,2.9612237747108883e-05,5.6052138691063752e-05,9.6394081689353469e-05
109,7.2000000000000002,2192.5661745910202,1.0762818968146515,12.933531963397382,0,0.004684072419151749,3.8096552134745987e-05,8.0717345001708825e-06,1.6290071246500197e-05,3.1480972154523322e-05,5.9589411391482466e-05,0.00010247720646575102
110,7.2000000000000002,2242.5520938017116,1.0522918454393437,18.697069794028295,0,0.0047908594654147516,3.8965073778143368e-05,8.2557531506870762e-06,1.6661450771871126e-05,3.2198672422376602e-05,6.0947925236193621e-05,0.00010481347226365326
111,7.2000000000000002,2268.0416656632533,1.0404655774215572,25.859907550616061,0,0.0048453139224415289,3.9407963399705962e-05,8.3495907091488022e-06,1.6850830206106332e-05,3.2564652939317477e-05,6.1640679051997371e-05,0.00010600481606373994
112,7.2000000000000002,2200.3572142333619,1.0724709906262493,34.917514147890408,0,0.0047007167486721639,3.8231923988675862e-05,8.100416509499525e-06,1.6347956199907236e-05,3.1592836281990799e-05,5.9801155726406094e-05,0.00010284134780262993
113,7.2000000000000002,2035.0425534555777,1.1595921064517334,0.9371766024276853,0,0.0042870811798799311,3.4867738382396902e-05,7.3876272542636519e-06,1.4909431710370769e-05,2.8812851546907045e-05,5.4539003934275215e-05,9.3791910946917057e-05
114,7.2000000000000002,2059.0056181891264,1.1460965722647727,2.8115298072830561,0,0.0043375624848811462,3.5278313517816577e-05,7.4746181576335333e-06,1.5084993482585005e-05,2.9152129084668733e-05,5.5181212461837016e-05,9.4896330915771192e-05
115,7.2000000000000002,2061.4220776910479,1.1447530842027498,4.9961269769281449,0,0.0043426530703507419,3.5319716326608753e-05,7.4833904076510607e-06,1.510269730792448e-05,2.9186342172144353e-05,5.524597341440704e-05,9.5007701734050242e-05
116,7.2000000000000002,2028.7120472437969,1.1632105623301801,8.1145565574844554,0,0.0042737451471795088,3.4759273606539671e-05,7.3646462015362692e-06,1.4863052213344361e-05,2.8723222003098704e-05,5.4369346792411547e-05,9.3500147871075745e-05
117,7.2000000000000002,2142.2616181015092,1.1015551328281556,12.532021739829,0,0.0045129520509275128,3.6704793970906131e-05,7.7768547339593165e-06,1.5694955983400795e-05,3.033089694964113e-05,5.7412467675180455e-05,9.8733469021959323e-05
118,7.2000000000000002,2203.2992318410143,1.0710389434070058,18.381077997193564,0,0.0046415357037278343,3.7750592027433753e-05,7.9984339525518223e-06,1.614213883580251e-05,3.1195089052389806e-05,5.9048271629365574e-05,0.00010154659665044402
119,7.2000000000000002,2250.9347003127264,1.0483730518493555,25.774133813161018,0,0.0047418859986310402,3.8566762210005232e-05,8.1713605994927793e-06,1.6491132896376099e-05,3.1869528846836477e-05,6.0324898989308621e-05,0.00010374204047997327
120,7.2000000000000002,2267.2824726481585,1.0408139743277012,34.932294770384772,0,0.0047763247021329336,3.8846859472816241e-05,8.2307064093613067e-06,1.6610902379740435e-05,3.2100986383989015e-05,6.0763018191388602e-05,0.00010449548359813399
121,7.2000000000000002,2023.5416619256941,1.1661827011926982,0.95697669649539097,0,0.0042628530596640277,3.4670685954010402e-05,7.3458766286709735e-06,1.4825172166715527e-05,2.865001786082765e-05,5.4230780812684536e-05,9.3261852942798544e-05
122,7.2000000000000002,2080.3311347661088,1.1343479131007581,2.8709300894861727,0,0.0043824874524761278,3.5643697785390291e-05,7.5520342132378013e-06,1.5241231656844806e-05,2.9454063283661456e-05,5.575273487571361e-05,9.5879190437941385e-05
123,7.2000000000000002,2125.6607241344923,1.1101580108656888,5.148220613839193,0,0.0044779801138668677,3.642035980672957e-05,7.716590039981479e-06,1.5573332042657111e-05,3.0095855626988974e-05,5.6967564830351848e-05,9.7968359925862126e-05
124,7.2000000000000002,2133.4066281665678,1.1061272849369916,8.4083220645047199,0,0.0044942978657196144,3.655307553538446e-05,7.7447092808490001e-06,1.5630081237903775e-05,3.0205524873262877e-05,5.7175154538863132e-05,9.832535646136267e-05
125,7.2000000000000002,2203.0362787151321,1.0711667819908872,12.989345111747047,0,0.0046409817588507372,3.774608667653358e-05,7.9974793780756939e-06,1.6140212349466036e-05,3.1191366069120004e-05,5.9041224503229225e-05,0.00010153447755439657
126,7.2000000000000002,2260.0465220971178,1.0441463298245601,19.015750193010923,0,0.0047610812334530125,3.8722881116524272e-05,8.2044384055740639e-06,1.6557889281602923e-05,3.1998537239289867e-05,6.0569095201964471e-05,0.00010416199001661302
127,7.2000000000000002,2313.0777295704074,1.0202075144784439,26.380962014555656,0,0.004872798352644943,3.9631500086256118e-05,8.3969527060691259e-06,1.6946414408509451e-05,3.2749371813086153e-05,6.1990328005236288e-05,0.00010660611497129586
128,7.2000000000000002,2379.1030372378141,0.9918945267794137,35.180502089635475,0,0.0050118892298435941,4.0762755622144167e-05,8.6366382898258977e-06,1.7430138846679977e-05,3.368418144885005e-05,6.3759801822144851e-05,0.00010964911756918691
129,7.2000000000000002,2077.9066280233305,1.1356714731331863,1.052439856159771,0,0.0043121018335894705,3.5071236653387232e-05,7.4307435974137624e-06,1.4996447493879134e-05,2.8981011735784019e-05,5.4857309437214377e-05,9.4339307841469092e-05
130,7.2000000000000002,2095.0292359234445,1.126389665984928,3.1573195684793127,0,0.0043476349167059893,3.5360234737174733e-05,7.4919752751556252e-06,1.51200229649178e-05,2.9219824439785307e-05,5.5309351019488082e-05,9.5116693579573374e-05
131,7.2000000000000002,2114.604519427282,1.1159624693886492,5.8588617530000056,0,0.0043882578276450762,3.5690629467650806e-05,7.5619778973148645e-06,1.5261299626382782e-05,2.94928451392263e-05,5.5826143915765973e-05,9.6005433560305469e-05
132,7.2000000000000002,2172.8310585891741,1.0860574143360715,9.6642220502586369,0,0.0045090903823409587,3.6673386203162562e-05,7.7702001904832448e-06,1.5681526033823557e-05,3.0304943234505079e-05,5.7363340646930232e-05,9.8648984203272789e-05
133,7.2000000000000002,2282.3351244469377,1.0339495089934727,14.481917976377371,0,0.0047363348007390801,3.8521613142916376e-05,8.1617946082927696e-06,1.6471827172409556e-05,3.1832220049998381e-05,6.0254278259034036e-05,0.00010362059247456228
134,7.2000000000000002,2317.6118242896264,1.018211616176828,20.348110381140089,0,0.0048095415175487526,3.9117018861271674e-05,8.2879466249227531e-06,1.6726422431798795e-05,3.2324231788328153e-05,6.1185592887466123e-05,0.00010522219449132681
135,7.2000000000000002,2291.0656982759751,1.0300094331892051,27.225063768931488,0,0.0047544526135939787,3.8668969148594699e-05,8.193015768429105e-06,1.6534836544559804e-05,3.195398724549559e-05,6.0484767821772253e-05,0.00010401697038730503
136,7.2000000000000002,2513.5375117298822,0.93884386855892921,35.448631354590603,0,0.0052161293327395129,4.2423883596205105e-05,8.988590979140207e-06,1.8140436538484146e-05,3.5056849592453976e-05,6.635808520144146e-05,0.00011411744199292448
137,7.2000000000000002,2263.4095061755165,1.0425949324865453,1.2232033553348913,0,0.0046970600844696373,3.8202183564966522e-05,8.0941152357450057e-06,1.633523920600677e-05,3.1568260371621114e-05,5.9754636704498164e-05,0.00010276134802915801
138,7.2000000000000002,2347.6286138415621,1.0051927580738407,3.7121304414151943,0,0.0048718327925847717,3.9623646981974224e-05,8.3952888239272077e-06,1.694305642409643e-05,3.2742882423800987e-05,6.1978044430069197e-05,0.00010658499063999032
139,7.2000000000000002,2339.737275438923,1.008583017440613,7.0202225214107408,0,0.0048554565732029297,3.9490455724533465e-05,8.3670688300547146e-06,1.6886103892921254e-05,3.2632820225734143e-05,6.1769710914602656e-05,0.0001062267149634957
140,7.2000000000000002,2343.0956947604705,1.007137389461896,11.314694973323185,0,0.0048624260134651149,3.9547139656919471e-05,8.3790787791710314e-06,1.6910341920914808e-05,3.2679660824083859e-05,6.1858374113159034e-05,0.00010637919099392137
141,7.2000000000000002,2379.7503076842227,0.99162474048668148,16.177404403847401,0,0.0049384921953937889,4.0165802010150456e-05,8.5101583121132541e-06,1.7174881708557916e-05,3.3190890613231979e-05,6.2826066027868582e-05,0.00010804335182087497
142,7.2000000000000002,2447.4119664403229,0.96421007727307306,21.836943732813687,0,0.0050789046464881082,4.1307806186177036e-05,8.7521212717629719e-06,1.7663202261175761e-05,3.4134582355694221e-05,6.4612352524750071e-05,0.00011111526755008576
143,7.2000000000000002,2497.1586592228805,0.94500174130499459,28.335411252810587,0,0.0051821397015525111,4.2147438733554818e-05,8.9300190241938118e-06,1.8022228820043532e-05,3.4828410205273387e-05,6.5925678967164274e-05,0.00011337382358971544
144,7.2000000000000002,2737.9499272491867,0.86189278255040036,35.892472385851548,0,0.0056818332173079814,4.6211551832348495e-05,9.7911059224543487e-06,1.976004203996486e-05,3.8186777934810452e-05,7.2282635012135333e-05,0.00012430601912416099
145,7.2000000000000002,2096.92620183692,1.1253706874439604,1.3475792837440648,0,0.0042911360216393041,3.4900717268430449e-05,7.3946146795622112e-06,1.4923533469533032e-05,2.8840103550952903e-05,5.4590588455628624e-05,9.38806219699282e-05
146,7.2000000000000002,2247.1789460727164,1.0501252182896281,4.153683959987303,0,0.0045986122516447148,3.740148650903872e-05,7.9244669686877058e-06,1.5992861448518566e-05,3.0906606749195739e-05,5.8502211915586258e-05,0.00010060752588728507
147,7.2000000000000002,2290.9916341618991,1.0300427317552154,7.7523490932598111,0,0.0046882702490981514,3.8130693973960948e-05,8.0789683270147393e-06,1.6304670284001837e-05,3.1509185161459718e-05,5.964281496709861e-05,0.00010256904575593081
148,7.2000000000000002,2302.3256714934473,1.0249719709504546,12.188033915245214,0,0.0047114641487315326,3.8319334867508706e-05,8.1189367525879228e-06,1.638533305854971e-05,3.1665068000829972e-05,5.9937881034261719e-05,0.00010307647728746685
149,7.2000000000000002,2378.9228925291295,0.99196963831461038,17.24156603088645,0,0.0048682121993094459,3.959419993074841e-05,8.3890497086795355e-06,1.6930464876158678e-05,3.2718548940907481e-05,6.1931984292040059e-05,0.00010650578001910261
150,7.2000000000000002,2515.6368715428957,0.93806038064354569,23.207509682189084,0,0.0051479827889914734,4.186963333609276e-05,8.8711588049514771e-06,1.7903439337433324e-05,3.4598846544211707e-05,6.5491144627741925e-05,0.00011262654543781532
151,7.2000000000000002,2692.9124854299753,0.87630745300795643,29.78052479697206,0,0.0055107584421559387,4.482016448661228e-05,9.4963047235963302e-06,1.916508533854596e-05,3.7037009154361471e-05,7.0106271317680219e-05,0.00012056327915655123
152,7.2000000000000002,3026.8799904205871,0.77962102519715981,36.572791647440781,0,0.0061941873532291147,5.0378636433936894e-05,1.0674009982244437e-05,2.1541885835434136e-05,4.1630235858355741e-05,7.8800655796506744e-05,0.00013551520119310084
153,7.2000000000000002,1770.0033833499263,1.3332286838990384,1.3285435903843354,1,0.01245262653307627,0.00010127984656944567,2.1458740644957291e-05,4.3307223987499024e-05,8.36922989353449e-05,0.00015841870470447396,0.00027243609109315188
154,7.2000000000000002,2002.4989872366468,1.1784371908906208,4.07294978265565,1,0.014088318844750791,0.00011458327825280896,2.4277414841757698e-05,4.8995766330607344e-05,9.4685550001800118e-05,0.0001792275081020758,0.00030822144275692196
155,7.2000000000000002,2166.7165354277163,1.089122292969732,7.6263364728158152,1,0.015243649855435399,0.00012397982983076378,2.6268315994338307e-05,5.3013728222142658e-05,0.00010245036235352845,0.00019392529428649387,0.00033349754524289758
156,7.2000000000000002,2216.0502397406481,1.0648762554934879,12.22100654790099,1,0.015590730658263843,0.0001268027114424699,2.6866416074747545e-05,5.4220791328863736e-05,0.0001047830421482594,0.00019834075564043589,0.00034109091014185235
157,7.2000000000000002,2314.4437207665924,1.0196053851328239,17.575410620319406,1,0.016282965082237925,0.00013243280048946422,2.8059295258116229e-05,5.6628215270413285e-05,0.00010943544942881911,0.00020714716130164628,0.00035623547744150538
158,7.2000000000000002,2473.2706905027571,0.95412899620816372,23.743667830434134,1,0.01740037138558715,0.00014152090239779179,2.9984843414155562e-05,6.051428420018095e-05,0.0001169453753166422,0.00022136248035381644,0.00038068187070952126
159,7.2000000000000002,2653.4549250558466,0.88933837126733972,30.344307094616667,1,0.0186680339229272,0.00015183107005138782,3.2169317632655119e-05,6.4922907979214723e-05,0.00012546515158572076,0.00023748931565513879,0.00040841554003468919
160,7.2000000000000002,2882.9926468960184,0.81853114811831829,36.836973617145446,1,0.020282916443614289,0.00016496525130129828,3.4952131771620423e-05,7.0539078901158837e-05,0.00013631854306163287,0.0002580333829246119,0.00044374561922256651
161,7.2999999999999998,3717.3347268695234,0.89669980732147603,1.1402903629386993,1,0.019075638011338353,0.00012716128012030847,2.8469990771495101e-05,5.9058873686131542e-05,0.00011152690289650039,0.00019792615370651972,0.00033605516215911836
162,7.2999999999999998,4049.0524487323246,0.82323787491983014,3.4208710888160976,1,0.020779832063943158,0.00013852171258258494,3.1013464752373578e-05,6.4335120867464081e-05,0.00012149057931501273,0.0002156086329924605,0.00036607791727526722
163,7.2999999999999998,2175.2852764763234,1.5323660622265123,6.7864303181840588,1,0.014929511343188135,9.9522530928823855e-05,2.2281983434098332e-05,4.6222313722294961e-05,8.7286315711918066e-05,0.00015490652292304456,0.00026301292530343426
164,7.2999999999999998,2287.0795233759422,1.4574628032229606,11.712702856688596,1,0.015696782420338375,0.00010463728369943732,2.3427119469533605e-05,4.859781306871283e-05,9.1772213738802687e-05,0.00016286762037416726,0.00027652992568362938
165,7.2999999999999998,2309.8666035278638,1.4430847773816577,17.665429406256287,1,0.015853175687596324,0.00010567982644715027,2.3660533150004543e-05,4.9082012350061039e-05,9.2686576693309182e-05,0.00016449033505535186,0.00027928510298138085
166,7.2999999999999998,2311.5357028021203,1.4420427637317288,24.20875836379782,1,0.015864631121427188,0.00010575619021697021,2.3677630145410638e-05,4.9117478792611201e-05,9.2753551598983772e-05,0.00016460919503559653,0.0002794869131473814
167,7.2999999999999998,2228.0390876896458,1.4960838666389005,30.842013500363421,1,0.015291573566209065,0.0001019360961126033,2.2822353729549835e-05,4.7343271620699366e-05,8.9403134995516608e-05,0.00015866322994182786,0.00026939136879227949
168,7.2999999999999998,2129.5619630545611,1.5652671258985718,37.057664486791268,1,0.014615701134586852,9.7430621456813467e-05,2.1813628260993813e-05,4.5250745827151126e-05,8.5451604828758968e-05,0.00015165047206144955,0.00025748453666049565
169,7.2999999999999998,4152.6164631264801,0.80270676642833683,1.1750953314500081,0,0.0041078971830924389,2.7383905277199918e-05,6.130950630504603e-06,1.2718200078428227e-05,2.4017076124806092e-05,4.2622966990045586e-05,7.2368748724240453e-05
170,7.2999999999999998,2082.1649260690974,1.6008978403196459,3.3696209013430591,0,0.0020662423096315949,1.3773904546486099e-05,3.0838234323758267e-06,6.3971618405077607e-06,1.2080414049058363e-05,2.1439041395521026e-05,3.6400952566333562e-05
171,7.2999999999999998,2215.0128083300588,1.5048821933659149,6.4554195474417888,0,0.0043961485698329221,2.9305435519731622e-05,6.5611597965358705e-06,1.3610636925323711e-05,2.5702355767860713e-05,4.5613823088499693e-05,7.7446868075010586e-05
172,7.2999999999999998,2360.5248793158171,1.4121153149207555,10.988858284377626,0,0.0046849472080853771,3.123061382912058e-05,6.992185724003179e-06,1.4504768082936399e-05,2.7390834950883505e-05,4.8610357392149888e-05,8.2534628345549101e-05
173,7.2999999999999998,2438.2506039059263,1.3671003825421144,16.612304884697075,0,0.0048392098975429815,3.2258953801527839e-05,7.2224195616674042e-06,1.4982371017409383e-05,2.8292741349897005e-05,5.0210965495879822e-05,8.5252271293583819e-05
174,7.2999999999999998,2424.0773870497737,1.375093613405705,23.064928234727859,0,0.0048110802331104395,3.2071436920757161e-05,7.1804366258241208e-06,1.4895280546434451e-05,2.8128279518957746e-05,4.9919096029554305e-05,8.4756711515360911e-05
175,7.2999999999999998,2370.250874112789,1.4063208961292069,29.905829817541317,0,0.0047042504455005801,3.1359292323581651e-05,7.0209954021247784e-06,1.4564531612709833e-05,2.7503692527836571e-05,4.8810645085458184e-05,8.2874693122198044e-05
176,7.2999999999999998,2361.7131426344713,1.4114048286215775,36.673353796345992,0,0.0046873055610796525,3.124633499061197e-05,6.9957055165229902e-06,1.4512069630151409e-05,2.7404623208200608e-05,4.8634827333179479e-05,8.2576175406646012e-05
177,7.2999999999999998,2180.5965202240091,1.5286337029423973,1.2269836957856632,0,0.002150957562005406,1.4338630084429614e-05,3.2102591747532875e-06,6.6594433634775208e-06,1.257570703583714e-05,2.2318035013069191e-05,3.789337960111531e-05
178,7.2999999999999998,2252.1924030701375,1.4800393291396461,3.7002241002206508,0,0.004443160608159814,2.9618825350842866e-05,6.6313242804980972e-06,1.3756187917202734e-05,2.5977214571028052e-05,4.6101613427067373e-05,7.8275078285016875e-05
179,7.2999999999999998,2335.7480562079686,1.4270945551999819,6.7996792514666993,0,0.0046080005153120605,3.0717674762638861e-05,6.8773443943526953e-06,1.4266538304914624e-05,2.6940961330507836e-05,4.7811969263165294e-05,8.1179059881617517e-05
180,7.2999999999999998,2402.8904240066313,1.387218201891729,10.89172395528119,0,0.0047404600349050252,3.1600671287607033e-05,7.0750374569997678e-06,1.4676637827222435e-05,2.771539414216954e-05,4.9186350723919884e-05,8.3512596789262454e-05
181,7.2999999999999998,2463.022545957986,1.3533507189382397,15.852006679767939,0,0.0048590896311931191,3.2391475312886972e-05,7.2520896483624227e-06,1.504391940063303e-05,2.8408969447908163e-05,5.0417234833541978e-05,8.5602492193744865e-05
182,7.2999999999999998,2512.8111986458657,1.3265355292628593,21.819537728829822,0,0.0049573134685768957,3.3046251257609026e-05,7.3986866713398343e-06,1.5348023997374044e-05,2.8983241216302531e-05,5.143639164098978e-05,8.7332899720888961e-05
183,7.2999999999999998,2540.3141332872347,1.3121736755524445,28.608540775992118,0,0.0050115716907610849,3.3407945319212239e-05,7.4796659331576266e-06,1.5516009439774732e-05,2.93004652836326e-05,5.1999367370424738e-05,8.8288765817935643e-05
184,7.2999999999999998,2688.2678979389016,1.2399557856153416,36.075724618680752,0,0.0053034572055302084,3.5353701245412736e-05,7.9152989592650988e-06,1.6419697680100683e-05,3.1006992082012916e-05,5.5027930673343425e-05,9.3430907534995482e-05
185,7.2999999999999998,2374.0353178826249,1.4040790835017125,1.4579480404531697,0,0.0053233268104516075,3.5486155237032205e-05,7.9449539290443144e-06,1.6481214704409318e-05,3.1123160961782152e-05,5.5234094916731931e-05,9.3780949997529603e-05
186,7.2999999999999998,2407.2151415929011,1.3847259747326122,4.3825559671125145,0,0.0053977263123429695,3.5982114318201365e-05,8.055993629577104e-06,1.6711558286202038e-05,3.155814227239698e-05,5.6006053749159216e-05,9.5091644646788426e-05
187,7.2999999999999998,2396.3582531342204,1.3909995840453462,7.5149152325428465,0,0.0053733817859684735,3.5819829778315283e-05,8.0196599331205886e-06,1.6636186741237438e-05,3.1415810486303325e-05,5.5753458346255948e-05,9.4662767575751246e-05
188,7.2999999999999998,2406.5727183827812,1.3850956207852869,11.033447489685935,0,0.0053962857993597258,3.5972511626282471e-05,8.0538436940774469e-06,1.670709840526542e-05,3.1549720223734288e-05,5.5991107187792916e-05,9.5066267156196051e-05
189,7.2999999999999998,2514.8542529706933,1.3254578587986978,15.13084657562877,0,0.0056390867348836242,3.7591061829283582e-05,8.4162190122485634e-06,1.745881899114869e-05,3.2969270979691067e-05,5.851037575726491e-05,9.9343686748210248e-05
190,7.2999999999999998,2637.1903677870605,1.2639714500892956,20.339179518903389,0,0.0059134024179667557,3.9419694423233742e-05,8.8256294320316958e-06,1.830811038930282e-05,3.4573074665419175e-05,6.1356636942434654e-05,0.00010417630106530398
191,7.2999999999999998,2646.9571936359785,1.2593076085051902,26.918229950504173,0,0.0059353026843625102,3.9565685131812115e-05,8.8583151215907975e-06,1.837591441588325e-05,3.4701115933673216e-05,6.1583871045445173e-05,0.00010456211765348722
192,7.2999999999999998,2831.5427037076447,1.1772145724550223,35.266756823427116,0,0.0063492009053299058,4.2324797439691337e-05,9.4760495598452824e-06,1.9657358461765152e-05,3.712099760009127e-05,6.5878421133539454e-05,0.00011185375495976728
193,7.2999999999999998,2601.6975137817217,1.281214789834709,1.7492520344665732,0,0.005833816381532143,3.8889161066146999e-05,8.7068489371676958e-06,1.8061709106673223e-05,3.4107769958332332e-05,6.0530863352534962e-05,0.00010277423533288977
194,7.2999999999999998,2572.490754192303,1.2957610548846912,5.1366774108978026,0,0.0057683257272029423,3.8452589799934678e-05,8.60910550529594e-06,1.7858947643106375e-05,3.3724874778540198e-05,5.9851341477177643e-05,0.0001016204876864192
195,7.2999999999999998,2450.3707629945457,1.3603383551882322,8.3456003027512864,0,0.0054944946606057775,3.6627187737654619e-05,8.2004183654825258e-06,1.7011156635335724e-05,3.2123904433208906e-05,5.7010108604928983e-05,9.6796410848998742e-05
196,7.2999999999999998,2364.6396758307405,1.4096580410976456,11.489020130623292,0,0.0053022588537706555,3.5345712839274568e-05,7.9135104443270825e-06,1.6415987539178688e-05,3.0999985843991198e-05,5.5015496742986033e-05,9.3409796194203584e-05
197,7.2999999999999998,2403.7306994530954,1.3867332701170494,14.957228761436262,0,0.0053899131074918978,3.5930030234297389e-05,8.0443325847473785e-06,1.6687368317923701e-05,3.1512461884762343e-05,5.5924985027715951e-05,9.4953999561384276e-05
198,7.2999999999999998,2634.7913434932607,1.265122318533934,19.517102787014114,0,0.0059080230580870136,3.9383834742517993e-05,8.817600849918648e-06,1.8291455694164388e-05,3.4541623903636172e-05,6.1300821456222989e-05,0.00010408153298176074
199,7.2999999999999998,2825.8232065147336,1.1795972676735653,25.773704262128984,0,0.0063363760107211431,4.2239304623414946e-05,9.4569086728699775e-06,1.9617652118507501e-05,3.7046016056887357e-05,6.5745351819679795e-05,0.00011162781902856228
200,7.2999999999999998,3094.9325242233426,1.0770294044358257,34.682985032247899,0,0.0069398029416980001,4.6261845885546107e-05,1.0357510746885609e-05,2.1485883989661146e-05,4.057398910272665e-05,7.2006425311438698e-05,0.00012225838011491094
201,7.2999999999999998,2676.4926209301702,1.245410993203071,1.8262657955568748,0,0.0059228540390964916,3.9482700454348141e-05,8.8397357788904123e-06,1.8337372954366091e-05,3.4628334155629885e-05,6.1454705642175535e-05,0.00010434281009999692
202,7.2999999999999998,2608.318329488689,1.2779626227550109,5.34641321629916,0,0.005771990041090626,3.8477016707409203e-05,8.6145744171354401e-06,1.7870292493061611e-05,3.3746298417366385e-05,5.9889361885896428e-05,0.00010168504183642957
203,7.2999999999999998,2467.5436589932428,1.3508710661246546,8.6485058718826284,0,0.0054604674838355802,3.6400357088299329e-05,8.1496335158197386e-06,1.6905807250241907e-05,3.1924962429946097e-05,5.6657047374913301e-05,9.6196954704961583e-05
204,7.2999999999999998,2349.209776444985,1.4189168488723065,11.705935128925844,0,0.0051986045111032499,3.4654736270324064e-05,7.7588085057910093e-06,1.6095069899256258e-05,3.0393964289032093e-05,5.3939993771764694e-05,9.1583719555881601e-05
205,7.2999999999999998,2340.5021876449491,1.4241957776964895,14.901784246513778,0,0.0051793353462672338,3.4526284909172177e-05,7.7300496802812297e-06,1.6035411859435464e-05,3.0281305919530339e-05,5.3740059610775548e-05,9.1244255035230235e-05
206,7.2999999999999998,2481.8305313861283,1.3430946598403042,19.142159873411313,0,0.0054920831360501755,3.6611112125958189e-05,8.196819215519498e-06,1.7003690467020117e-05,3.2109805305054697e-05,5.6985086963211132e-05,9.6753927065489019e-05
207,7.2999999999999998,2798.11659333835,1.1912774976100735,25.212220915353008,0,0.0061919977051748225,4.127685554863388e-05,9.2414270714648421e-06,1.9170651598513906e-05,3.6201899322576567e-05,6.4247302701822643e-05,0.00010908430908914172
208,7.2999999999999998,3270.2289879888713,1.0192966136549568,34.394268610669975,0,0.007236742899574637,4.8241295544845569e-05,1.0800687423619099e-05,2.2405220970902756e-05,4.2310067016792452e-05,7.5087432809555673e-05,0.00012748956586274501
209,7.2999999999999998,2680.4363710992634,1.2435786087943261,1.6982452139658148,0,0.005931581227968801,3.954087730317463e-05,8.8527609257561724e-06,1.836439265063724e-05,3.4679358207635006e-05,6.1545257734070964e-05,0.00010449655682500469
210,7.2999999999999998,2625.9428686592146,1.2693853217893147,5.046642099517471,0,0.0058109916703860164,3.8737007859738249e-05,8.6727835331531093e-06,1.7991042965299586e-05,3.3974323866404937e-05,6.0294037340008936e-05,0.00010237213281863115
211,7.2999999999999998,2471.4019089157637,1.3487621423727516,8.2972108802435294,0,0.0054690054678220639,3.645727266683582e-05,8.1623762783505587e-06,1.6932241161259314e-05,3.197488028383001e-05,5.674563630335953e-05,9.6347368210993953e-05
212,7.2999999999999998,2403.5844006023303,1.3868176763412223,11.364392243514423,0,0.0053189310010013481,3.5456852062138254e-05,7.9383932753766497e-06,1.646760511741061e-05,3.109746058869795e-05,5.5188484612300729e-05,9.3703509103717863e-05
213,7.2999999999999998,2440.8319535993646,1.3656545787258496,14.499707880623385,0,0.0054013567166524062,3.6006315178957261e-05,8.0614119320802768e-06,1.6722798150861514e-05,3.1579367656766973e-05,5.6043722316833819e-05,9.5155601412385773e-05
214,7.2999999999999998,2528.0180753965878,1.3185559730661378,18.56156365436707,0,0.0055942923031739858,3.7292454921610373e-05,8.3493642597821046e-06,1.732013379054837e-05,3.2707377551402309e-05,5.8045594994991675e-05,9.8554544072979112e-05
215,7.2999999999999998,2695.1888353436038,1.2367717206384072,24.599905015550068,0,0.0059642271959617389,3.9758500592014626e-05,8.9014843502064063e-06,1.8465465762787429e-05,3.4870224887960274e-05,6.1883987734872385e-05,0.00010507168023954984
216,7.2999999999999998,2966.3958664694555,1.123698077863289,34.122470992983835,0,0.0065643856448114367,4.3759253625039487e-05,9.7972082830064354e-06,2.0323578293608731e-05,3.837908854995626e-05,6.8111147912932281e-05,0.00011564466053669482
217,7.2999999999999998,2478.7207971761873,1.3447796690658906,1.6318022657345819,0,0.0054317917801279215,3.6209200221637825e-05,8.1068356277785679e-06,1.6817026221679459e-05,3.1757308146456764e-05,5.6359512281391861e-05,9.5691775362924571e-05
218,7.2999999999999998,2481.9294034429031,1.3430411552840194,4.8385578377658973,0,0.0054388230202599558,3.6256071602584105e-05,8.1173296066196523e-06,1.6838795198558128e-05,3.1798416728774233e-05,5.6432467446209586e-05,9.5815644590331066e-05
219,7.2999999999999998,2411.7940294969922,1.3820970168122273,7.9239213711516028,0,0.0052851305397960012,3.5231532735310288e-05,7.8879467939527233e-06,1.6362957652006147e-05,3.0899844092071992e-05,5.4837775751296747e-05,9.3108047003594949e-05
220,7.2999999999999998,2428.7719065659653,1.3724357253647279,10.967356236287184,0,0.005322335332369788,3.54795458842011e-05,7.9434741687436218e-06,1.6478145051967711e-05,3.1117364223571388e-05,5.5223807478738919e-05,9.3763483146493492e-05
221,7.2999999999999998,2467.0412424654605,1.3511461729768799,14.186162349724846,0,0.0054061975666345932,3.6038585065827589e-05,8.0686367994339726e-06,1.673778559964103e-05,3.1607669986973653e-05,5.6093950299618727e-05,9.5240882577020205e-05
222,7.2999999999999998,2524.3804239511219,1.3204560222805288,18.257991879832261,0,0.0055318488683172564,3.68761969119558e-05,8.2561687392414637e-06,1.7126806630034012e-05,3.2342298129594718e-05,5.7397690642955328e-05,9.7454479235615485e-05
223,7.2999999999999998,2606.9146360358991,1.2786507418601298,24.388968515243619,0,0.0057127117776421587,3.8081858240943466e-05,8.5261028487231541e-06,1.7686764819111448e-05,3.3399724366864861e-05,5.9274298909980069e-05,0.0001006407377652449
224,7.2999999999999998,2724.9394335877969,1.2232687788383221,34.066948547969304,0,0.0059713476538263578,3.980596671275824e-05,8.9121114846474147e-06,1.8487510961032648e-05,3.491185508729484e-05,6.1957868610412997e-05,0.00010519712121410175
225,7.2999999999999998,2475.3920442113149,1.3465880449637493,1.5394528776430247,0,0.0053705693547036071,3.5801081657823676e-05,8.0154624382788103e-06,1.6627479351071828e-05,3.13993674321631e-05,5.5724276952559543e-05,9.4613221026156725e-05
226,7.2999999999999998,2486.7602659009644,1.3404321192680999,4.5760039015025589,0,0.0053952336591586054,3.5965497889978559e-05,8.0522733968324272e-06,1.6703840940681476e-05,3.154356882067379e-05,5.5980190328129094e-05,9.5047731621725781e-05
227,7.2999999999999998,2390.1246406381529,1.3946274084029977,7.5195160037438367,0,0.0051855746159283718,3.4567876887204812e-05,7.7393616597582934e-06,1.6054728866740372e-05,3.0317784197280695e-05,5.3804797400685001e-05,9.1354172133493569e-05
228,7.2999999999999998,2399.355026334476,1.3892622378713615,10.540212866390078,0,0.0052056007070151117,3.4701374040845604e-05,7.7692501818664257e-06,1.6116730377946223e-05,3.0434867983138855e-05,5.4012585322652221e-05,9.1706971409909251e-05
229,7.2999999999999998,2425.8679980808888,1.3740786126740379,13.873213449727865,0,0.0052631228089772579,3.5084825651552924e-05,7.8551007159898915e-06,1.6294820911637621e-05,3.0771174526391651e-05,5.4609426612454142e-05,9.2720337216658805e-05
230,7.2999999999999998,2465.523478116977,1.3519779320370287,18.172576167692235,0,0.0053491586780533935,3.5658354633465968e-05,7.9835074511753264e-06,1.6561191112268598e-05,3.1274188580776983e-05,5.5502122764316303e-05,9.4236029531468725e-05
231,7.2999999999999998,2551.4103032433031,1.3064669877267738,24.624647264539675,0,0.0055354973035147189,3.6900517969519878e-05,8.2616139524679048e-06,1.7138102318982972e-05,3.2363628932671901e-05,5.7435546296603821e-05,9.7518753651033803e-05
232,7.2999999999999998,2663.3852196084931,1.2515400734345592,34.268036660069534,0,0.0057784362172648403,3.8519987957634588e-05,8.6241952002558911e-06,1.7890250090506331e-05,3.3783986386901559e-05,5.9956246508865187e-05,0.00010179860400290831
233,7.2999999999999998,2616.8486981984111,1.2737967371320289,1.3382524529980435,0,0.0056774713554184324,3.784693990168343e-05,8.4735072555955887e-06,1.7577659181673796e-05,3.3193689048673092e-05,5.8908649214720075e-05,0.00010001990789848443
234,7.2999999999999998,2499.7797593812743,1.3334508053454972,4.013024689605694,0,0.0054234805353908493,3.6153796123513763e-05,8.0944312688353213e-06,1.6791294303679679e-05,3.1708715937682953e-05,5.6273275967705029e-05,9.5545356318056936e-05
235,7.2999999999999998,2375.4124662533723,1.4032650668836666,6.8132217144796305,0,0.0051536553273951761,3.4355097760865862e-05,7.6917227892034734e-06,1.5955905580802955e-05,3.0131166093568979e-05,5.347360732438617e-05,9.0791850617555225e-05
236,7.2999999999999998,2370.6082533820108,1.4061088872772873,9.8923711178762836,0,0.0051432321871573514,3.4285615426658881e-05,7.6761664703949223e-06,1.5923635157011486e-05,3.0070226556527568e-05,5.3365458278173922e-05,9.0608226348697364e-05
237,7.2999999999999998,2427.8846376644042,1.372937281130441,13.398558838556095,0,0.005267498076633158,3.5113991891532031e-05,7.8616307114590999e-06,1.630836690048891e-05,3.0796754800598768e-05,5.4654823778098309e-05,9.2797416226059125e-05
238,7.2999999999999998,2498.3435191932736,1.3342173755231552,18.06504673871417,0,0.0054203644925976645,3.6133024079598085e-05,8.0897806401374592e-06,1.6781646921106478e-05,3.1690497799877535e-05,5.6240944343228124e-05,9.5490461049781451e-05
239,7.2999999999999998,2601.2316978883159,1.281444223534312,24.906890034799964,0,0.005643588971626365,3.7621074465677254e-05,8.422938506424366e-06,1.7472758080941471e-05,3.2995593586553613e-05,5.8557090336407017e-05,9.9423002569665929e-05
240,7.2999999999999998,2614.5293998772568,1.27492669751192,34.486480494637583,0,0.0056724394444057349,3.7813396371163205e-05,8.4659972336498305e-06,1.7562080200948634e-05,3.3164269668279971e-05,5.8856438809388166e-05,9.9931260815207989e-05
241,7.2999999999999998,2604.7572253682388,1.2797097943982454,1.1523482356155836,0,0.00559052590565928,3.7267347508210766e-05,8.3437429902643189e-06,1.7308472885946358e-05,3.2685357074307781e-05,5.8006515380827662e-05,9.8488191517598909e-05
242,7.2999999999999998,2392.4718799639918,1.3932591481006258,3.4570447068467507,0,0.0051349031277220791,3.4230092572882881e-05,7.663735523387201e-06,1.5897848084053841e-05,3.002153019301382e-05,5.3279037121668616e-05,9.0461493462620904e-05
243,7.2999999999999998,2289.1031399351559,1.4561743746626279,6.1548288270423672,0,0.0049130453617320571,3.2751152916387288e-05,7.3326174477261869e-06,1.5210968317825107e-05,2.8724424979038978e-05,5.0977071951946608e-05,8.6553029301069867e-05
244,7.2999999999999998,2306.6956127014269,1.445068571240566,9.5253130235471186,0,0.0049508036502153687,3.3002855758296738e-05,7.388970903585874e-06,1.5327869361387316e-05,2.894518115876483e-05,5.1368846675581066e-05,8.7218216371173004e-05
245,7.2999999999999998,2342.3319994889134,1.4230832068471302,13.576731391586275,0,0.005027289144364012,3.3512720400349333e-05,7.5031239039348434e-06,1.556467125158156e-05,2.9392358352724809e-05,5.216244947210013e-05,8.8565659907460751e-05
246,7.2999999999999998,2427.5795875447898,1.3731098046942332,18.762016157872321,0,0.0052102539307862742,3.4732393181126816e-05,7.7761950210243063e-06,1.6131136929106978e-05,3.0462073345044635e-05,5.4060866522097004e-05,9.1788947167053064e-05
247,7.2999999999999998,2532.632158235414,1.3161537582527576,25.624748319058341,0,0.00543572566081248,3.6235424104864781e-05,8.1127068624245058e-06,1.6829205660307284e-05,3.1780307824310384e-05,5.6400329677516293e-05,9.5761078466211495e-05
248,7.2999999999999998,2540.3961857496042,1.3121312935485114,34.76428288503638,0,0.0054523894007294307,3.6346507283218857e-05,8.1375771457341483e-06,1.6880797209188049e-05,3.1877733415134959e-05,5.6573230313718735e-05,9.6054643264235022e-05
249,7.2999999999999998,2324.047987036794,1.4342790475610607,1.0390066610811297,0,0.0049552695010384061,3.3032625840280171e-05,7.3956360925375187e-06,1.534169579904052e-05,2.8971291033086994e-05,5.1415183719506176e-05,8.7296891182554008e-05
250,7.2999999999999998,2315.2405766747338,1.4397351907683116,3.1170199832433894,0,0.004936490589331901,3.2907442585573512e-05,7.3676089595700587e-06,1.5283555600857987e-05,2.8861498958968767e-05,5.1220336356463658e-05,8.6966063442221007e-05
251,7.2999999999999998,2372.9140541383026,1.4047425474681998,5.7420452927424979,0,0.0050594603496329476,3.3727178844286017e-05,7.551138754949004e-06,1.5664274480956082e-05,2.9580449303284856e-05,5.2496253401237311e-05,8.9132419435874961e-05
252,7.2999999999999998,2512.6715066264346,1.3266092780304322,9.4632546817806151,0,0.0053574472439312289,3.5713607550655979e-05,7.9958779623954834e-06,1.6586852815689856e-05,3.1322648196191108e-05,5.5588123765329633e-05,9.438204904329249e-05
253,7.2999999999999998,2593.9450302681421,1.2850439367208792,14.157797269515036,0,0.0055307363563721337,3.686878072786765e-05,8.2545083384311727e-06,1.7123362252320289e-05,3.2335793759381717e-05,5.7386147374514199e-05,9.7434880133247319e-05
254,7.2999999999999998,2537.8006035196959,1.3134732999552081,19.755965153221467,0,0.0054110267948348154,3.6070777480024607e-05,8.0758443215211539e-06,1.6752737066958081e-05,3.163590436970995e-05,5.6144057696418399e-05,9.5325959000936632e-05
255,7.2999999999999998,2423.2486109417714,1.3755639096550916,26.473973194982484,0,0.0051667822705088289,3.4442604081200019e-05,7.7113144772550849e-06,1.5996547077290435e-05,3.0207913582124489e-05,5.3609810651313703e-05,9.102310773168635e-05
256,7.2999999999999998,2303.6224197554652,1.4469963934832577,35.076582600075675,0,0.0049117186831744326,3.2742309063112477e-05,7.3306374077259593e-06,1.5206860872437944e-05,2.8716668470418763e-05,5.0963306520669313e-05,8.6529657229448962e-05
257,7.2999999999999998,2196.9125398115393,1.5172808534377438,0.97840081566194581,0,0.0046396552740780358,3.0928690490877596e-05,6.9245884597624892e-06,1.4364542597007684e-05,2.7126032844498962e-05,4.8140414615574122e-05,8.1736721181537589e-05
258,7.2999999999999998,2233.4036406586292,1.4924903285061071,2.9352024469858371,0,0.0047167207582218132,3.1442421439797321e-05,7.039607083048905e-06,1.4603140157461633e-05,2.7576600986003122e-05,4.8940035307214545e-05,8.3094382390846256e-05
259,7.2999999999999998,2320.533204084898,1.4364514704920299,5.3797420235356839,0,0.0049007295119401035,3.2669053474974986e-05,7.3142362994934711e-06,1.51728379959576e-05,2.8652419597985998e-05,5.0849284415954378e-05,8.6336061202990939e-05
260,7.2999999999999998,2512.3906051852837,1.3267576014866953,9.0280776844080339,0,0.0053059127801655514,3.5370070502046538e-05,7.9189638530508474e-06,1.6427300229075945e-05,3.1021348751695376e-05,5.5053409372531563e-05,9.3474167347945566e-05
261,7.2999999999999998,2543.132350946451,1.3107195667943907,13.854074449682992,0,0.0053708362126056088,3.5802860575645908e-05,8.0158607181163076e-06,1.6628305552906708e-05,3.1400927633468348e-05,5.5727045832850621e-05,9.4617922256882387e-05
262,7.2999999999999998,2427.5118619239338,1.3731481133490682,19.592071842087641,0,0.0051266575291288299,3.4175126082543085e-05,7.6514291399406429e-06,1.5872319408918792e-05,2.9973321788498794e-05,5.3193481943194395e-05,9.031623090465528e-05
263,7.2999999999999998,2342.8371106144114,1.4227763928748607,26.441421633228472,0,0.0049478330882941624,3.2983053513341544e-05,7.3845374020467572e-06,1.5318672392920149e-05,2.8927813583916877e-05,5.1338024540297205e-05,8.7165884036729383e-05
264,7.2999999999999998,2184.6621346819425,1.5257889448514756,35.098286948627582,0,0.0046137836675670162,3.0756226188464499e-05,6.885975628140571e-06,1.4284443156030487e-05,2.6974772889502127e-05,4.7871974442622061e-05,8.128094156796923e-05
265,7.2999999999999998,4064.2190775946424,0.82016576116908668,0.94039046958048567,0,0.0063337656761195057,4.222190371188112e-05,9.4530128030712871e-06,1.9609570427010472e-05,3.7030754573445959e-05,6.5718267352712976e-05,0.00011158183281214732
266,7.2999999999999998,4110.5189485375167,0.81092761645565492,2.8211714087414572,0,0.0064059033634844493,4.2702785172558473e-05,9.5606767927284715e-06,1.9832911348219163e-05,3.7452512044894414e-05,6.6466757913759487e-05,0.00011285268111671257
267,7.2999999999999998,4110.4214287217337,0.81094685572664982,5.0348838893024972,0,0.0064056975768064179,4.2701413365366774e-05,9.5603696604154676e-06,1.9832274225129653e-05,3.7451308900294765e-05,6.6464622699952087e-05,0.00011284905577661045
268,7.2999999999999998,4091.1258291170925,0.81477164784557643,8.2399221288947349,0,0.0063761299767695267,4.2504310973900681e-05,9.5162406357566229e-06,1.9740731852877526e-05,3.7278440089498668e-05,6.6157833414783417e-05,0.00011232816391343149
269,7.2999999999999998,2192.5661745910202,1.5202885878484833,12.933531963397382,0,0.0045878732218063104,3.0583502977347748e-05,6.847304829750805e-06,1.4204223467314264e-05,2.6823285858418727e-05,4.760313127904401e-05,8.082447772405725e-05
270,7.2999999999999998,2242.5520938017116,1.4864017395834328,18.697069794028295,0,0.0046924671277379666,3.1280742826580939e-05,7.0034090468081276e-06,1.4528050029502389e-05,2.7434800628381963e-05,4.8688383027367668e-05,8.2667106631034094e-05
271,7.2999999999999998,2268.0416656632533,1.4696966919955379,25.859907550616061,0,0.0047458032256555999,3.163628985907322e-05,7.0830120574439984e-06,1.4693180541412728e-05,2.7746633438891497e-05,4.924179092430285e-05,8.3606727681925864e-05
272,7.2999999999999998,2200.3572142333619,1.51490553977833,34.917514147890408,0,0.0046041757181958659,3.0692178048075148e-05,6.8716359646510956e-06,1.4254696593008256e-05,2.6918599416514548e-05,4.7772283702899046e-05,8.1111678501537618e-05
273,7.2999999999999998,4058.5842153812719,0.82130446393119705,0.94707664946153813,0,0.004187169927756175,2.7912350180804157e-05,6.2492635439529595e-06,1.2963631398264857e-05,2.4480549152088145e-05,4.3445489908321045e-05,7.3765295201319521e-05
274,7.2999999999999998,4139.3367529552352,0.8052819889450975,2.8412299483846146,0,0.0042704809000006999,2.8467714560878069e-05,6.3736034276074989e-06,1.3221565218540418e-05,2.496763192783622e-05,4.4309912911531125e-05,7.5232983059027168e-05
275,7.2999999999999998,4187.0828018255397,0.79609921539646233,5.0721737953836694,0,0.0043197396585700687,2.8796081391549472e-05,6.4471210945422385e-06,1.3374072138547751e-05,2.5255626320500977e-05,4.4821014905299207e-05,7.6100773698005883e-05
276,7.2999999999999998,4162.1186754103646,0.80087416849176774,8.2614393109945876,0,0.0042939846085695826,2.8624394073637606e-05,6.4086822210745515e-06,1.3294333560794566e-05,2.5105047820385206e-05,4.4553784106408734e-05,7.5647047458328597e-05
277,7.2999999999999998,2142.2616181015092,1.5559879825916698,12.532021739829,0,0.0044202672403377786,2.9466214467957339e-05,6.5971564078306463e-06,1.3685309212246806e-05,2.5843367073578981e-05,4.5864075042468611e-05,7.7871766247368141e-05
278,7.2999999999999998,2203.2992318410143,1.5128827193154761,18.381077997193564,0,0.0045462101047206195,3.0305769918077608e-05,6.7851234988702179e-06,1.4075232931434322e-05,2.6579699855642857e-05,4.7170840599629052e-05,8.009049936066179e-05
279,7.2999999999999998,2250.9347003127264,1.4808662965079473,25.774133813161018,0,0.0046444994541560338,3.0960982576703786e-05,6.9318182972145366e-06,1.4379540355885753e-05,2.7154354644317712e-05,4.8190677150967695e-05,8.1822061012408345e-05
280,7.2999999999999998,2267.2824726481585,1.4701888157058967,34.932294770384772,0,0.0046782308723433445,3.1185841651636027e-05,6.9821617333780535e-06,1.4483974061578551e-05,2.7351567476648737e-05,4.8540669631267028e-05,8.241630678295904e-05
281,7.2999999999999998,4101.4482899490249,0.81272104332071493,1.004708276327581,0,0.0041994233236128161,2.7994033294209078e-05,6.2675514809934241e-06,1.3001568360462052e-05,2.4552189392327746e-05,4.3572629431009974e-05,7.3981163049574759e-05
282,7.2999999999999998,4175.3603706895537,0.79833428432498121,3.0141248289827427,0,0.0042754136845642686,2.8500597298498078e-05,6.380965505401127e-06,1.3236837300149828e-05,2.4996471759285288e-05,4.4361094794682281e-05,7.531988383348203e-05
283,7.2999999999999998,2125.6607241344923,1.5681398708114958,5.148220613839193,0,0.0021930067699413819,1.461893688758899e-05,3.2730167381529676e-06,6.7896292507656197e-06,1.2821550342758927e-05,2.2754331717180816e-05,3.8634159719881855e-05
284,7.2999999999999998,2133.4066281665678,1.5624463191051265,8.4083220645047199,0,0.002200998082848842,1.4672208268527889e-05,3.2849436055317827e-06,6.8143706481074815e-06,1.2868272050211968e-05,2.2837248462922096e-05,3.8774942531622389e-05
285,7.2999999999999998,2203.0362787151321,1.51306329611486,12.989345111747047,0,0.0045456675364935377,3.0302153070752903e-05,6.7843137271389269e-06,1.4073553120338604e-05,2.6576527696790793e-05,4.7165210987542379e-05,8.0080940946236759e-05
286,7.2999999999999998,2260.0465220971178,1.47489589295724,19.015750193010923,0,0.0046633004665968163,3.1086313158470259e-05,6.9598784150656766e-06,1.4437748978750769e-05,2.726427593175212e-05,4.8385753828139943e-05,8.2153278100968494e-05
287,7.2999999999999998,2313.0777295704074,1.4410814175070594,26.380962014555656,0,0.0047727231940214348,3.1815742710724268e-05,7.1231895472081e-06,1.4776525749075377e-05,2.7904022706612387e-05,4.9521108753325595e-05,8.4080976266907493e-05
288,7.2999999999999998,2379.1030372378141,1.4010882593817373,35.180502089635475,0,0.0049089574905468491,3.272390250764243e-05,7.3265163854786877e-06,1.5198312118969326e-05,2.8700524986155117e-05,5.0934656771911471e-05,8.6481013349980099e-05
289,7.2999999999999998,2077.9066280233305,1.6041785941576521,1.052439856159771,0,0.0021117709934563365,1.4077406097202553e-05,3.1517740407674444e-06,6.5381203125391027e-06,1.2346600327960769e-05,2.191144065511041e-05,3.720303054750098e-05
290,7.2999999999999998,2095.0292359234445,1.5910676930787893,3.1573195684793127,0,0.0021291726544396239,1.4193408376420641e-05,3.1777456558352289e-06,6.5919964920582353e-06,1.2448340220150343e-05,2.2091997857154174e-05,3.7509595287306837e-05
291,7.2999999999999998,2114.604519427282,1.576338886401383,5.8588617530000056,0,0.0042981339262642484,2.8652054094726595e-05,6.414874990952283e-06,1.3307180000293325e-05,2.5129307064104584e-05,4.4596836846837315e-05,7.5720145911439412e-05
292,7.2999999999999998,2172.8310585891741,1.5340968733656066,9.6642220502586369,0,0.0044164848808193177,2.9441000649265829e-05,6.591511315356096e-06,1.3673598888696762e-05,2.5821253273637698e-05,4.5824829808784722e-05,7.7805132489662895e-05
293,7.2999999999999998,2282.3351244469377,1.4604925006975376,14.481917976377371,0,0.0046390622640619305,3.0924737390450374e-05,6.9237034047160532e-06,1.436270661628636e-05,2.7122565774593173e-05,4.8134261626535049e-05,8.1726274135047924e-05
294,7.2999999999999998,2317.6118242896264,1.4382621362207784,20.348110381140089,0,0.0047107654969868115,3.1402722707747388e-05,7.0307189802079111e-06,1.4584702450642241e-05,2.7541783181163015e-05,4.8878244349037371e-05,8.2989468663775161e-05
295,7.2999999999999998,2291.0656982759751,1.4549269956953499,27.225063768931488,0,0.0046568079821031009,3.1043033209516972e-05,6.950188517746893e-06,1.441764800905342e-05,2.7226317217749616e-05,4.8318388716520791e-05,8.2038900121681295e-05
296,7.2999999999999998,2513.5375117298822,1.3261522128783534,35.448631354590603,0,0.0051090030097117375,3.4057438208216054e-05,7.625080138948852e-06,1.5817660370430869e-05,2.9870103543764641e-05,5.3010301117384786e-05,9.0005211562496136e-05
297,7.2999999999999998,2263.4095061755165,1.4727044859706659,1.2232033553348913,0,0.0046005941527812663,3.0668302755270559e-05,6.8662905531770178e-06,1.42436079353553e-05,2.6897659571777817e-05,4.7735121880770805e-05,8.104858212984765e-05
298,7.2999999999999998,2347.6286138415621,1.4198725103621925,3.7121304414151943,0,0.004771777464163374,3.1809438322932495e-05,7.1217780651745596e-06,1.4773597734809473e-05,2.7898493438234387e-05,4.9511295992507842e-05,8.4064315361483496e-05
299,7.2999999999999998,2339.737275438923,1.4246613790037672,7.0202225214107408,0,0.0047557375715969862,3.1702513811651574e-05,7.0978388609880783e-06,1.4723937640166538e-05,2.7804715209707586e-05,4.9344868309216514e-05,8.378174087070062e-05
300,7.2999999999999998,2343.0956947604705,1.4226193752082723,11.314694973323185,0,0.004762563876890457,3.1748019063905458e-05,7.1080269788687498e-06,1.4745072131281879e-05,2.7844625627757784e-05,4.9415697098794095e-05,8.3901999764845166e-05
301,7.2999999999999998,2379.7503076842227,1.4007071761142282,16.177404403847401,0,0.0048370678486328086,3.2244674557953601e-05,7.2192225984691896e-06,1.4975739155558146e-05,2.8280217727847647e-05,5.0188739895792964e-05,8.521453485753733e-05
302,7.2999999999999998,2447.4119664403229,1.3619829350518182,21.836943732813687,0,0.0049745965772130711,3.3161463247757303e-05,7.4244813495090361e-06,1.5401533134486042e-05,2.9084287984828474e-05,5.1615718760450578e-05,8.7637375926187641e-05
303,7.2999999999999998,2497.1586592228805,1.3348504393271798,28.335411252810587,0,0.0050757114410108963,3.3835511240913783e-05,7.5753931689445892e-06,1.5714588454852082e-05,2.9675462318786267e-05,5.2664872453877056e-05,8.9418714612216275e-05
304,7.2999999999999998,2737.9499272491867,1.217455914791812,35.892472385851548,0,0.0055651424947818209,3.7098137596642985e-05,8.3058587804150457e-06,1.7229884916524627e-05,3.2536951385416555e-05,5.7743140657531832e-05,9.804101243748082e-05
305,7.2999999999999998,3866.9295851868465,0.86201035211564891,1.3380614370642001,1,0.02664654695738149,0.00017763018043603611,3.976941403050017e-05,8.2498684971489124e-05,0.00015579069246735095,0.00027648084670614146,0.00046943172508415268
306,7.2999999999999998,2247.1789460727164,1.4833412973892601,4.153683959987303,0,0.0045041681935848212,3.0025511756565277e-05,6.722376825792193e-06,1.3945069635306725e-05,2.6333899209916695e-05,4.6734619606096157e-05,7.9349847789489072e-05
307,7.2999999999999998,2290.9916341618991,1.4549740311700214,7.7523490932598111,0,0.0045919848387663848,3.0610911679258352e-05,6.8534413320706577e-06,1.4216953183958418e-05,2.6847324682450788e-05,4.7645792841920089e-05,8.0896912004023807e-05
308,7.2999999999999998,2302.3256714934473,1.4478113911534953,12.188033915245214,0,0.0046147023933887634,3.0762350562994122e-05,6.8873468072146934e-06,1.4287287564811284e-05,2.6980144277103925e-05,4.7881507013333516e-05,8.129712674378477e-05
309,7.2999999999999998,2378.9228925291295,1.4011943572452368,17.24156603088645,0,0.0047682312288688453,3.1785798546407481e-05,7.1164853831657707e-06,1.4762618460501773e-05,2.7877760153239885e-05,4.9474500750767187e-05,8.4001841399865604e-05
310,7.2999999999999998,2515.6368715428957,1.3250455067821159,23.207509682189084,0,0.0050422560264793805,3.3612492050873878e-05,7.525461662464824e-06,1.5611009266582754e-05,2.947986315897831e-05,5.2317743748931814e-05,8.8829331192966741e-05
311,7.2999999999999998,2692.9124854299753,1.2378171780064744,29.78052479697206,0,0.0053975811700171785,3.5981146776044389e-05,8.0557770076914628e-06,1.6711108920247394e-05,3.1557293688770836e-05,5.6004547772674091e-05,9.5089087677118479e-05
312,7.2999999999999998,3026.8799904205871,1.1012439686682671,36.572791647440781,0,0.0060669741510694835,4.0443428369119574e-05,9.054832031787384e-06,1.8783574097603603e-05,3.5470941345171372e-05,6.295007577960488e-05,0.00010688177144800984
313,7.2999999999999998,2002.4989872366468,1.6645867761127682,4.07294978265565,1,0.013798979815902673,9.198622539919819e-05,2.0594688774303979e-05,4.2722146722456981e-05,8.0676592892159438e-05,0.00014317628581608292,0.00024309637228947525
314,7.2999999999999998,2166.7165354277163,1.5384261295053641,7.6263364728158152,1,0.014930583201147129,9.9529676106882478e-05,2.2283583159684587e-05,4.6225632233779197e-05,8.7292582396075123e-05,0.00015491764437140801,0.00026303180820528042
315,7.2999999999999998,2216.0502397406481,1.504177691261839,12.22100654790099,1,0.015270535827538852,0.00010179585515297978,2.2790955344581632e-05,4.7278138011536339e-05,8.9280136549203028e-05,0.00015844494530593766,0.00026902074733908994
316,7.2999999999999998,2314.4437207665924,1.4402308871996521,17.575410620319406,1,0.015948553478157997,0.00010631563018465358,2.3802882507624056e-05,4.937730548164049e-05,9.324420887211923e-05,0.00016547996167877996,0.00028096537175428007
317,7.2999999999999998,2473.2706905027571,1.3477430295572483,23.743667830434134,1,0.017043011035230073,0.00011361146080965852,2.5436337521349647e-05,5.2765786148946716e-05,9.9643022983572098e-05,0.00017683590031305013,0.00030024641030195615
318,7.2999999999999998,2653.4549250558466,1.2562238392887632,30.344307094616667,1,0.018284638936961504,0.00012188835269256252,2.7289441196462034e-05,5.6609911591563479e-05,0.00010690227765949323,0.00018971885787275679,0.00032212014609048542
319,7.2999999999999998,2882.9926468960184,1.1562059781602896,36.836973617145446,1,0.019866355787181562,0.00013243233236665222,2.9650120514349967e-05,6.1506964870140468e-05,0.00011614988350415216,0.00020613053082601613,0.00034998522259668499
320,7.4000000000000004,3717.3347268695234,1.2666221440975809,1.1402903629386993,1,0.017991095403947308,9.8396341157751447e-05,2.1026382516615959e-05,4.3266670878646387e-05,8.6727188877017676e-05,0.0001540299960914491,0.00024762478879641626
321,7.4000000000000004,4049.0524487323246,1.1628544064797168,3.4208710888160976,1,0.019598397753102209,0.00010718694933030339,2.2904853685512739e-05,4.7132062072564593e-05,9.4475289328257959e-05,0.00016779084661218993,0.00026974728305288834
322,7.4000000000000004,4390.2980848063817,1.0724689738882549,6.6209249328129243,1,0.021251314385838917,0.00011622702972832067,2.4836634747624915e-05,5.110715076687326e-05,0.00010244327625660633,0.00018194222187664806,0.00029249760052325809
323,7.4000000000000004,4647.6044026917589,1.0130936444050329,11.350780570533111,1,0.022496366555046915,0.00012303643044850749,2.6291740319304896e-05,5.4101368807651813e-05,0.00010844512729547922,0.00019260168292951324,0.00030963417689720179
324,7.4000000000000004,4748.1172074337901,0.99164748391302804,17.138867145476681,1,0.022982137084068422,0.00012569319156420335,2.6859465448274203e-05,5.5269595262451678e-05,0.00011078681419532712,0.00019676058659860875,0.00031632019695054895
325,7.4000000000000004,4735.6130898518941,0.99426587281080581,23.636843299262839,1,0.022921832944713803,0.0001253633780350138,2.6788987366037626e-05,5.5124570221369196e-05,0.0001104961143593001,0.00019624429528112444,0.0003154901863571995
326,7.4000000000000004,4598.2899618024348,1.0239585848627633,30.373921658952369,1,0.022256681140575073,0.00012172555041127896,2.6011617453232334e-05,5.3524950879253203e-05,0.00010728970892070896,0.00019054962647461972,0.00030633520877972129
327,7.4000000000000004,4491.275105689032,1.0483567297206391,36.86550914156863,1,0.021737389300027721,0.00011888545557793585,2.5404715614742247e-05,5.2276109235625474e-05,0.0001047864304639918,0.00018610373152637324,0.00029918781005540423
328,7.4000000000000004,4152.6164631264801,1.1338534449027591,1.1750953314500081,0,0.0038743432899436348,2.118943819484709e-05,4.5279857721818226e-06,9.3173835296379283e-06,1.8676511615164115e-05,3.3170024859965882e-05,5.3325460032111941e-05
329,7.4000000000000004,4334.3573291392349,1.0863106395085633,3.534922500781855,0,0.0040440390865371639,2.211753318404879e-05,4.7263110353480969e-06,9.7254838712708819e-06,1.9494540705242421e-05,3.4622868186020493e-05,5.566110913227139e-05
330,7.4000000000000004,4550.7608645380278,1.0346530222597956,6.627549399454244,0,0.004246109753338799,2.3222691809588937e-05,4.9624731500032515e-06,1.021144233230026e-05,2.046863486086372e-05,3.6352887582772925e-05,5.8442357581308429e-05
331,7.4000000000000004,4763.4153033224484,0.98846272731914731,10.940291119829407,0,0.0044447635468051888,2.4309162977426318e-05,5.1946419288361789e-06,1.0689183576383658e-05,2.1426257767099635e-05,3.8053653564174259e-05,6.1176577068573711e-05
332,7.4000000000000004,4901.2731498639123,0.96066028929781333,16.232155782232507,0,0.0045734520641940663,2.5012982226659081e-05,5.3450415532815613e-06,1.0998665773143278e-05,2.2046608729800875e-05,3.9155414818026215e-05,6.2947812572775036e-05
333,7.4000000000000004,4936.8885856956394,0.95372994556092838,22.44223298177884,0,0.0046065065536972987,2.5193762815774394e-05,5.3836726829922038e-06,1.1078158304658856e-05,2.2205949942218174e-05,3.9438409420337684e-05,6.3402766026038121e-05
334,7.4000000000000004,4910.5650074000241,0.9588425109901636,29.257185296766718,0,0.0045817152453136445,2.5058174960633017e-05,5.354698820008423e-06,1.1018537844847872e-05,2.2086441905802232e-05,3.922615969080769e-05,6.3061544862754061e-05
335,7.4000000000000004,5049.9810405733733,0.9323715166941049,36.374539207513372,0,0.0047113697058374726,2.5767277116109762e-05,5.5062273523601203e-06,1.1330343032107461e-05,2.271144925716844e-05,4.0336190825617997e-05,6.4846075358694974e-05
336,7.4000000000000004,4554.6318381066339,1.0337736724804485,1.3424658681194166,0,0.0045390001064724069,2.4824558647692953e-05,5.304777187758662e-06,1.0915812479199819e-05,2.18805309353463e-05,3.8860455851156102e-05,6.2473624728016168e-05
337,7.4000000000000004,4659.4075446630386,1.0105272906356981,4.0413900336665822,0,0.0046406923674318836,2.5380730808298379e-05,5.4236260032368097e-06,1.1160371550620992e-05,2.2370744773111202e-05,3.9731089806811865e-05,6.3873290733722283e-05
338,7.4000000000000004,4732.106309342189,0.99500268469885556,7.1572972420047734,0,0.0047069461356645361,2.5743083863275584e-05,5.5010574793503389e-06,1.1319704816341063e-05,2.2690125163371751e-05,4.0298318618220437e-05,6.4785190481748617e-05
339,7.4000000000000004,4809.4631423894125,0.97899876611522152,10.962585722483563,0,0.0047802113166915614,2.6143783519714397e-05,5.5866832673768625e-06,1.149589978408412e-05,2.3043304502949127e-05,4.0925575341274445e-05,6.5793593503944136e-05
340,7.4000000000000004,4977.8767989286789,0.94587686121303949,15.491426627698354,0,0.0049506520426023781,2.7075952653241196e-05,5.7858791372750477e-06,1.1905791601493021e-05,2.3864924570905646e-05,4.2384796347912363e-05,6.8139495618759987e-05
341,7.4000000000000004,5150.0015664329258,0.91426350484338126,21.079358623866604,0,0.0051263314628785719,2.8036773091562017e-05,5.991197524404168e-06,1.2328281921652947e-05,2.4711798089277161e-05,4.3888868212961401e-05,7.055750176930404e-05
342,7.4000000000000004,5187.2713269232136,0.90769465974101127,27.763385363248148,0,0.0051622457173073838,2.8233194218339452e-05,6.0331708914762803e-06,1.241465188364439e-05,2.4884924975511195e-05,4.4196346570731852e-05,7.1051816288127839e-05
343,7.4000000000000004,2688.2678979389016,1.7514841008538815,36.075724618680752,0,0.0025009649611387082,1.3678200021428091e-05,2.9229040674209555e-06,6.0145547240483102e-06,1.205605638175266e-05,2.1411904864032179e-05,3.4422635552993246e-05
344,7.4000000000000004,4975.732831664347,0.94628442510264876,1.6036000374598713,0,0.0052614027243327215,2.8775500646735472e-05,6.1490567290034434e-06,1.2653113939008492e-05,2.5362917464777828e-05,4.5045275057943449e-05,7.2416587713715794e-05
345,7.4000000000000004,4979.7058957852041,0.94552943097725606,4.7596166890051581,0,0.0052656038925016392,2.8798477545424988e-05,6.1539666784508184e-06,1.2663217301610334e-05,2.5383169455949521e-05,4.508124318006768e-05,7.2474411506940649e-05
346,7.4000000000000004,4846.7290161287656,0.9714713709817977,7.9302577676470669,0,0.0051249924608658256,2.8029449863270529e-05,5.9896326186617222e-06,1.2325061764231147e-05,2.4705343347202884e-05,4.3877404404329462e-05,7.053907209155737e-05
347,7.4000000000000004,4771.2123942135222,0.98684738658590043,11.261233810154614,0,0.0050451402313110537,2.7592724525259449e-05,5.8963084777061425e-06,1.2133025645390133e-05,2.4320410732520167e-05,4.3193752946202218e-05,6.9440006635315885e-05
348,7.4000000000000004,4918.5849524237892,0.95727908079652635,15.044037668532516,0,0.0052009738352226248,2.8445004840051214e-05,6.0784328504149119e-06,1.2507788888032713e-05,2.5071616264833666e-05,4.4527915700747408e-05,7.1584860096963416e-05
349,7.4000000000000004,2637.1903677870605,1.7854071285824045,20.339179518903389,0,0.0027885983944635662,1.5251315876708283e-05,3.259064287677977e-06,6.7062825379440251e-06,1.3442611148942481e-05,2.3874466237648012e-05,3.8381547813679108e-05
350,7.4000000000000004,2646.9571936359785,1.778819277242683,26.918229950504173,0,0.0027989259594410438,1.5307799074870289e-05,3.2711342215428158e-06,6.7311192332549912e-06,1.3492395815097099e-05,2.3962885244795628e-05,3.8523693749705215e-05
351,7.4000000000000004,2831.5427037076447,1.662859781669751,35.266756823427116,0,0.0059882180170709063,3.2750576310402209e-05,6.9984934098120108e-06,1.4401027412557775e-05,2.8866575566561857e-05,5.1267873192524264e-05,8.2420285616335487e-05
352,7.4000000000000004,2601.6975137817217,1.8097639933674869,1.7492520344665732,0,0.0027510678024732465,1.5046054726655038e-05,3.2152018898892153e-06,6.6160254560339574e-06,1.3261692607456865e-05,2.3553149674771559e-05,3.7864986442270433e-05
353,7.4000000000000004,5180.8090836809915,0.90882686584746475,5.2415453135984809,0,0.0054420964021134775,2.9763744906729957e-05,6.3602353316425432e-06,1.3087663015140725e-05,2.6233962521786213e-05,4.6592276274790585e-05,7.490360880902332e-05
354,7.4000000000000004,4917.914421987789,0.95740960050556201,8.4970530873169565,0,0.0051660596874958118,2.8254053465839399e-05,6.0376283185694222e-06,1.2423824076286284e-05,2.4903310454853965e-05,4.4228999713857728e-05,7.1104310788389235e-05
355,7.4000000000000004,4713.8494522757255,0.99885635503330472,11.597477629774568,0,0.004951919157539275,2.7082882718966358e-05,5.7873600278354894e-06,1.1908838878143452e-05,2.3871032776881645e-05,4.2395644698409956e-05,6.8156935861368059e-05
356,7.4000000000000004,4744.2328870980446,0.99245939103886283,14.92950650397502,0,0.0049841676898717269,2.7259255392112458e-05,5.8250492269196556e-06,1.1986393168386472e-05,2.4026488822875905e-05,4.2671739132772896e-05,6.8600796328366963e-05
357,7.4000000000000004,5116.621874879389,0.92022795454019368,19.329631330212713,0,0.008063966118667042,4.4103193467743055e-05,9.4244420589822997e-06,1.9392980816297175e-05,3.8872847759901521e-05,6.9039302046463661e-05,0.00011099034617749121
358,7.4000000000000004,2825.8232065147336,1.6662254281233362,25.773704262128984,0,0.0059761222799681862,3.2684422680076142e-05,6.9843569945781492e-06,1.4371938451351822e-05,2.880826731724402e-05,5.1164316055128039e-05,8.2253803016018616e-05
359,7.4000000000000004,3094.9325242233426,1.5213444704282963,34.682985032247899,0,0.0065452414610966429,3.5797031659596605e-05,7.6494925703321794e-06,1.5740609549344395e-05,3.1551741553083597e-05,5.603680565493038e-05,9.0087012382247822e-05
360,7.4000000000000004,2676.4926209301702,1.7591897863852604,1.8262657955568748,0,0.0055861110395207933,3.0551385296371325e-05,6.5285467538282982e-06,1.3434002900428799e-05,2.6928193994581311e-05,4.7825251451615752e-05,7.6885789069362266e-05
361,7.4000000000000004,5234.261198147904,0.89954595382857783,5.1965276579083159,0,0.0054622164907272841,2.9873785071540261e-05,6.383749890926648e-06,1.313604968824523e-05,2.633095265419633e-05,4.6764533555459791e-05,7.518053651029414e-05
362,7.4000000000000004,4938.9455679090061,0.95333273415063846,8.4728583760630798,0,0.0051540396832666256,2.8188314031397117e-05,6.0235804131417868e-06,1.2394917244586085e-05,2.4845367280540162e-05,4.4126090960228726e-05,7.0938870555776654e-05
363,7.4000000000000004,4752.7941770473153,0.99067165685702208,11.535163686220134,0,0.0049597812849092168,2.7125882022207714e-05,5.7965485788249128e-06,1.1927746458237027e-05,2.3908932648461365e-05,4.2462955966616388e-05,6.8265148151157003e-05
364,7.4000000000000004,4781.3341412443133,0.98475830029534872,14.70074606356858,0,0.0049895641820899622,2.7288769720030708e-05,5.8313561641617126e-06,1.1999371158189935e-05,2.405250294760683e-05,4.2717940970772151e-05,6.8675072252971796e-05
365,7.4000000000000004,5009.8486067827162,0.93984047256462,18.85186176388919,0,0.0052280305930660241,2.8592982821136104e-05,6.1100543680213349e-06,1.2572857512836777e-05,2.5202045040580661e-05,4.4759560979219542e-05,7.1957262321289205e-05
366,7.4000000000000004,2798.11659333835,1.6827241914384805,25.212220915353008,0,0.0058399525818537542,3.1939687589178012e-05,6.825214035495292e-06,1.4044464810660154e-05,2.81518528598394e-05,4.9998504991520542e-05,8.037959847321685e-05
367,7.4000000000000004,3270.2289879888713,1.439794735894468,34.394268610669975,0,0.0068252989411257394,3.7328713346008937e-05,7.9767986942516452e-06,1.6414118001356908e-05,3.2901775968529811e-05,5.8434505827472312e-05,9.3941651179163231e-05
368,7.4000000000000004,2680.4363710992634,1.7566014746117267,1.6982452139658148,0,0.0055943420453470035,3.0596402058228388e-05,6.5381664169512236e-06,1.3453797593975071e-05,2.6967872067589638e-05,4.789572085699513e-05,7.6999078506916475e-05
369,7.4000000000000004,5107.8722721021177,0.92180427216088745,4.9425999686416837,0,0.0053051040614169069,2.9014510644528155e-05,6.2001309415173767e-06,1.2758211006536876e-05,2.5573582464900433e-05,4.5419422191796748e-05,7.301808162626644e-05
370,7.4000000000000004,4883.1959384127558,0.96421657894938329,8.1105661256975665,0,0.005071355589393132,2.7736100748857868e-05,5.9269466425575674e-06,1.2196070793261134e-05,2.4446783488642856e-05,4.3418194616498315e-05,6.9800828050718585e-05
371,7.4000000000000004,4832.3563071682956,0.97436078442547058,11.165874239900804,0,0.0050181293466750095,2.7444997432497897e-05,5.8647405725998731e-06,1.2068067340770594e-05,2.4190203091408356e-05,4.2962500409238643e-05,6.9068235797963915e-05
372,7.4000000000000004,4907.8731960648256,0.95936840541258328,14.342935115174114,0,0.0050965461831049335,2.7873872362935845e-05,5.9563871545059828e-06,1.2256651491817548e-05,2.4568216304695197e-05,4.3633862810338184e-05,7.0147544874096245e-05
373,7.4000000000000004,5052.3984993477097,0.93192539794391838,18.409777767099666,0,0.0052467830217554261,2.8695543022693037e-05,6.1319705287600754e-06,1.2617955109290056e-05,2.5292442283679696e-05,4.4920109097768238e-05,7.2215365904721601e-05
374,7.4000000000000004,2695.1888353436038,1.7469864895294434,24.599905015550068,0,0.0056251319316074806,3.076479714950391e-05,6.5741508810219243e-06,1.3527843995559419e-05,2.7116296619917253e-05,4.8159327155215134e-05,7.742286254624983e-05
375,7.4000000000000004,2966.3958664694555,1.5872657238023267,34.122470992983835,0,0.006191168459681773,3.3860546578520187e-05,7.2356837277131839e-06,1.4889101640833692e-05,2.984491073592154e-05,5.3005424752350417e-05,8.5213643072303889e-05
376,7.4000000000000004,4954.1128413875022,0.95041405652705502,1.5856275716888033,0,0.0076411458550873588,4.1790717991988039e-05,8.9302875676525374e-06,1.8376143054372413e-05,3.6834616510654736e-05,6.5419344390507098e-05,0.00010517075731328051
377,7.4000000000000004,4968.6896693438675,0.94762579179102535,4.7072808696342285,0,0.005109043986244015,2.7942224960361663e-05,5.9709934685474303e-06,1.2286707379076425e-05,2.4628462738225479e-05,4.3740862218959077e-05,7.0319561407456143e-05
378,7.4000000000000004,4801.9186701351446,0.98053690733236787,7.7217186874477193,0,0.0049376973732482617,2.7005101377277544e-05,5.7707388788805444e-06,1.1874636999580162e-05,2.3802475785509996e-05,4.2273885498673979e-05,6.7961190896856477e-05
379,7.4000000000000004,4828.1269329004408,0.9752143113700863,10.753784551338631,0,0.0049646858883211718,2.7152706127117987e-05,5.8022806404429868e-06,1.1939541507779635e-05,2.3932575592758251e-05,4.2504946519576704e-05,6.8332653845321075e-05
380,7.4000000000000004,4892.9092405463489,0.96230243615761779,14.029687899726355,0,0.0050313588635624417,2.7517351896068939e-05,5.8802020481987494e-06,1.209988292176776e-05,2.4253976796348874e-05,4.3075764353912957e-05,6.925032345030387e-05
381,7.4000000000000004,4989.9039020680993,0.94359702601174711,18.215284023762248,0,0.0051311847273854388,2.8063316415324377e-05,5.9968695857036322e-06,1.2339953506589323e-05,2.4735193551204665e-05,4.3930419230075095e-05,7.0624300848042869e-05
382,7.4000000000000004,5158.3249392792022,0.91278826702487781,24.506807889891647,0,0.0079565203500279302,4.3515554401327383e-05,9.2988690585355283e-06,1.9134585170860729e-05,3.835489878227806e-05,6.8119409680160391e-05,0.00010951149037861132
383,7.4000000000000004,2724.9394335877969,1.7279130772739673,34.066948547969304,0,0.0056318475568822961,3.0801526039034637e-05,6.581999502948277e-06,1.3543994360058405e-05,2.7148669707189547e-05,4.8216822694625397e-05,7.7515294677422186e-05
384,7.4000000000000004,5092.2407424097255,0.92463391270220208,1.438852665320534,0,0.0052099529862213462,2.8494113334289052e-05,6.0889268786735883e-06,1.2529382791144698e-05,2.5114900817949345e-05,4.4604790319117457e-05,7.1708446811374465e-05
385,7.4000000000000004,4986.5400252822383,0.9442335684068579,4.2945142955541264,0,0.0051018088911753828,2.790265500274109e-05,5.9625377368067292e-06,1.2269307744975129e-05,2.4593585514661718e-05,4.3678919261061245e-05,7.0219979428256651e-05
386,7.4000000000000004,4765.5371068915247,0.98802262503986993,7.1663688591117332,0,0.0048756972690275936,2.6666012329627088e-05,5.6982787046585901e-06,1.1725533343380948e-05,2.3503600445881653e-05,4.1743074250311435e-05,6.710783748127566e-05
387,7.4000000000000004,4769.9632797164868,0.98710581318263901,10.216291992133181,0,0.0048802257572694956,2.6690779397110999e-05,5.7035711965196098e-06,1.1736423875943918e-05,2.3525430303723252e-05,4.1781844709282338e-05,6.7170166423415666e-05
388,7.4000000000000004,4853.7526357452934,0.97006560396188934,13.635886144141981,0,0.0049659519881643174,2.7159630641123875e-05,5.8037603446526791e-06,1.1942586343237562e-05,2.3938678905411998e-05,4.2515786179392429e-05,6.8350080116441023e-05
389,7.4000000000000004,4963.8669973102506,0.94854646279346788,18.1188114532032,0,0.0050786117534584712,2.7775785936381972e-05,5.9354269978564261e-06,1.2213521096058573e-05,2.448176227660922e-05,4.3480317955712998e-05,6.9900700018145167e-05
390,7.4000000000000004,5152.6420011316186,0.91379499702129585,24.76576864966982,0,0.0052717504805206332,2.8832094274039544e-05,6.161150260548386e-06,1.2677999192032976e-05,2.5412799463911989e-05,4.5133866931278165e-05,7.2559011556345529e-05
391,7.4000000000000004,2663.3852196084931,1.7678473423262424,34.268036660069534,0,0.0054499040718136507,2.9806446371772307e-05,6.3693602373802568e-06,1.3106439630330729e-05,2.6271599876798388e-05,4.6659121305979579e-05,7.5011071557515749e-05
392,7.4000000000000004,5221.6059235666498,0.90172612621439074,1.2453003443068136,0,0.0053136784629423499,2.9061405495496259e-05,6.2101519348075051e-06,1.2778831530215568e-05,2.5614915898129924e-05,4.5492831564811399e-05,7.3136097473502047e-05
393,7.4000000000000004,4892.2516393452661,0.96243178584861333,3.7350346982262224,0,0.0049790441525896815,2.7231233900868076e-05,5.8190612949837935e-06,1.1974071606172529e-05,2.4001790494308269e-05,4.2627874186819982e-05,6.8530277284980712e-05
394,7.4000000000000004,4664.5156061885282,1.0094206729266899,6.4840252707609984,0,0.0047471799473606004,2.5963129378728419e-05,5.5480791584548443e-06,1.1416462854123749e-05,2.2884074742753189e-05,4.0642778681331947e-05,6.533895827075866e-05
395,7.4000000000000004,4677.3038660834372,1.0066608064997327,9.7088420707117002,0,0.0047600704535568647,2.603362973553857e-05,5.5631444286915854e-06,1.1447463150466493e-05,2.2946214225675309e-05,4.0753140200430544e-05,6.5516379867535282e-05
396,7.4000000000000004,4770.2166371533176,0.98705338566881073,13.487645115071185,0,0.0048547393001012115,2.6551389655790263e-05,5.6737849058362693e-06,1.1675131657243277e-05,2.340257125956773e-05,4.1563643493076548e-05,6.6819377411864956e-05
397,7.4000000000000004,4925.9231067380633,0.95585302085517199,18.413531448293245,0,0.0050131080843634065,2.7417535300350757e-05,5.8588721704981947e-06,1.2055991738982399e-05,2.4165997785665611e-05,4.2919511086083773e-05,6.8999124440846145e-05
398,7.4000000000000004,5133.8638561237294,0.91713738697210867,25.265819176929153,0,0.0052247009102415797,2.8574772223071618e-05,6.106162932666575e-06,1.256484997979552e-05,2.5185994098448877e-05,4.4731054041708529e-05,7.191143342718078e-05
399,7.4000000000000004,5154.925585626861,0.91339019426471557,34.625381689836985,0,0.007869246246958268,4.3038237582808641e-05,9.1968708959036596e-06,1.8924700235621285e-05,3.793418856697154e-05,6.7372216168432605e-05,0.00010831027217289384
400,7.4000000000000004,4928.8052124050328,0.95529408835744123,1.0956774483483567,0,0.0049731078761201504,2.7198767401658996e-05,5.8121235062071658e-06,1.19597954926572e-05,2.3973174306186325e-05,4.2577051008971734e-05,6.8448571909404633e-05
401,7.4000000000000004,4707.7124566387256,1.0001584687773557,3.2870323450450698,0,0.004749393050616002,2.5975233214434168e-05,5.550665635517638e-06,1.142178513206303e-05,2.289474314396646e-05,4.0661726070477839e-05,6.5369418852168461e-05
402,7.4000000000000004,4662.0171940734581,1.0099616294983749,5.9484370598924325,0,0.0047027601793170441,2.5720190160608158e-05,5.4961653081187362e-06,1.1309638036551792e-05,2.2669946501726709e-05,4.0262480731456645e-05,6.4727576060103596e-05
403,7.4000000000000004,4819.3671193278615,0.97698688759210794,9.494283852663866,0,0.004861088399092682,2.6586113951136503e-05,5.6812051646383668e-06,1.1690400565015263e-05,2.3433177484206576e-05,4.1618001033342046e-05,6.690676476997242e-05
404,7.4000000000000004,4936.2770297570551,0.95384810327543601,13.867264330550656,0,0.0049788752530360459,2.7230310160666172e-05,5.8188639002981516e-06,1.1973665420710519e-05,2.4000976303556649e-05,4.262642816049406e-05,6.852795259516291e-05
405,7.4000000000000004,4965.3801910644852,0.94825739437818646,19.258990655546896,0,0.0050087046822018437,2.739345234977906e-05,5.8537258680555313e-06,1.2045402025138246e-05,2.4144770913015958e-05,4.2881811546255549e-05,6.893851715119754e-05
406,7.4000000000000004,4955.8807691771854,0.95007501216733403,26.049360757020413,0,0.0049998519472881989,2.7345035246474108e-05,5.8433795836057446e-06,1.2024112139265009e-05,2.4102095756462378e-05,4.2806019233807014e-05,6.8816670395119476e-05
407,7.4000000000000004,4844.018605505069,0.97201494575699232,34.920432742556031,0,0.004887429117796876,2.6730175793162508e-05,5.7119898397680113e-06,1.1753747191848854e-05,2.3560154548966836e-05,4.184351597325853e-05,6.7269311616588594e-05
408,7.4000000000000004,4520.9605268483338,1.0414730352353345,1.0087037383715378,0,0.0045247033656282479,2.4746367355947748e-05,5.2880684362912968e-06,1.0881430338098736e-05,2.1811612611271097e-05,3.8738054914086808e-05,6.2276848080873538e-05
409,7.4000000000000004,4548.6442173333635,1.0351344833991432,3.0261112151146135,0,0.0045521897145740804,2.4896694843370318e-05,5.3201920215396668e-06,1.094753208381201e-05,2.1944112257515084e-05,3.8973378118463008e-05,6.2655163086140149e-05
410,7.4000000000000004,4693.4472582232011,1.0031983365374713,5.5608936581390909,0,0.00469695236233981,2.5688426228071381e-05,5.4893776513025185e-06,1.1295670854452236e-05,2.2641949560537834e-05,4.0212757354073695e-05,6.4647638767789523e-05
411,7.4000000000000004,5025.0621118117178,0.93699508131617892,9.2456661830943254,0,0.0050285481252614495,2.7501979493301907e-05,5.8769171087693357e-06,1.2093123395109458e-05,2.4240427458410253e-05,4.3051700337809695e-05,6.9211637174537008e-05
412,7.4000000000000004,5137.0773812145926,0.91656366697801606,14.005935859599013,0,0.0051408826280136795,2.8116355872750688e-05,6.00820362421764e-06,1.2363275926112698e-05,2.478194288139339e-05,4.4013447392748025e-05,7.0757780246651902e-05
413,7.4000000000000004,4965.3124654436297,0.94827032837201108,19.674018497654554,0,0.0049692829119640184,2.7177848026291758e-05,5.8076532303482799e-06,1.1950596860692319e-05,2.3954735829741808e-05,4.2544303741460184e-05,6.8395926091012252e-05
414,7.4000000000000004,4766.0857215561828,0.98790889571715557,26.457697414105478,0,0.0047697751914324597,2.6086706587026116e-05,5.5744864579685238e-06,1.1470802012842531e-05,2.2992996515238067e-05,4.0836226899905128e-05,6.5649953372250375e-05
415,7.4000000000000004,4488.2845544374077,1.0490552515037812,35.087434774351628,0,0.0044919656543296422,2.4567319280367268e-05,5.2498075286018189e-06,1.0802699624472143e-05,2.1653798447794841e-05,3.8457772394865611e-05,6.1826254680973238e-05
416,7.4000000000000004,4226.0890639506042,1.1141408547775236,0.96100257619761598,0,0.0041902245814285166,2.2917046360133019e-05,4.8971595615191055e-06,1.0077044437911449e-05,2.0199236930895304e-05,3.5874429066621529e-05,5.7673168514138077e-05
417,7.4000000000000004,4284.91697100702,1.0988447416681943,2.8830077285928475,0,0.0042486073987898351,2.3236351854648633e-05,4.9653921745242851e-06,1.0217448903955582e-05,2.0480674915341575e-05,3.6374271067792765e-05,5.8476734527982031e-05
418,7.4000000000000004,4369.5325551155838,1.0775657173130553,5.2266914126062671,0,0.0043329002105935866,2.3697363487412712e-05,5.0639060706819328e-06,1.0420164150796439e-05,2.0887013631586442e-05,3.7095940381481164e-05,5.9636919010989131e-05
419,7.4000000000000004,4574.8043870585789,1.029215258994544,8.696682692356525,0,0.0045372102197393134,2.4814769454668909e-05,5.3026853282989444e-06,1.0911507991982558e-05,2.1871902675572003e-05,3.8845131812218372e-05,6.244898918947333e-05
420,7.4000000000000004,4735.6985255374711,0.99424793548096302,13.393803206540188,0,0.0046962542334940361,2.568460804343401e-05,5.4885617407741407e-06,1.129399192883249e-05,2.2638584187229067e-05,4.0206780353731497e-05,6.4638029902731224e-05
421,7.4000000000000004,4670.0639557256454,1.0082214133926695,19.144570818057968,0,0.0046304298807709364,2.5324603534447347e-05,5.4116321270853108e-06,1.1135691361739426e-05,2.2321273821009166e-05,3.9643227964896031e-05,6.373204051883066e-05
422,7.4000000000000004,4610.8787762776647,1.0211629302206426,26.150664591922265,0,0.0045712530199980032,2.5000955282324755e-05,5.3424715071893586e-06,1.0993377305746359e-05,2.203600810115327e-05,3.9136587794917319e-05,6.2917545496625539e-05
423,7.4000000000000004,4385.0193489153044,1.0737600241696934,35.007900548258995,0,0.004346936826972638,2.3774132114498676e-05,5.0803108119496703e-06,1.0453920720226279e-05,2.0954678009578297e-05,3.7216114274035144e-05,5.983011537220215e-05
424,7.4000000000000004,4064.2190775946424,1.1585149304654399,0.94039046958048567,0,0.0039824402370388663,2.1780638666284763e-05,4.6543198117425299e-06,9.5773451900007373e-06,1.9197599638837217e-05,3.4095492262852474e-05,5.4813278483017447e-05
425,7.4000000000000004,4110.5189485375167,1.1454657042150591,2.8211714087414572,0,0.0040277977768436992,2.2028706716645579e-05,4.7073296458040965e-06,9.6864252489153405e-06,1.9416248466678325e-05,3.448381890567175e-05,5.5437567941903459e-05
426,7.4000000000000004,4110.4214287217337,1.1454928804076705,5.0348838893024972,0,0.004027668385705987,2.2027999054647056e-05,4.7071784250198854e-06,9.6861140769914344e-06,1.9415624728690867e-05,3.4482711128963962e-05,5.5435787035714663e-05
427,7.4000000000000004,4091.1258291170925,1.1508955428760315,8.2399221288947349,0,0.004009077360063288,2.1926321593628748e-05,4.6854508977202503e-06,9.6414046376983358e-06,1.9326005538967818e-05,3.4323544855716774e-05,5.5179904962115513e-05
428,7.4000000000000004,4334.8277926925293,1.0861927410388001,12.732776851613192,0,0.0042479919772607823,2.3232986010303479e-05,4.9646729249072779e-06,1.0215968880635638e-05,2.047770823777188e-05,3.6369002162615719e-05,5.8468264025062064e-05
429,7.4000000000000004,4445.8513256427259,1.059067912352013,18.53907389561093,0,0.0043567067952495885,2.3827565722074808e-05,5.0917290766830837e-06,1.0477416454779546e-05,2.1001774746327948e-05,3.7299759440809267e-05,5.996458669130798e-05
430,7.4000000000000004,4518.9763659759792,1.0419303180088593,25.81702068188854,0,0.0044282091976167717,2.4218624444123302e-05,5.1752946867403523e-06,1.0649372127338244e-05,2.1346456502275873e-05,3.7911924209538696e-05,6.0948727283477e-05
431,7.4000000000000004,4467.6396868815209,1.0539029134111852,34.924904459137593,0,0.0043773283611629873,2.3940348550983416e-05,5.1158297177642036e-06,1.0527009127451471e-05,2.1101182281097555e-05,3.7476310097994014e-05,6.0248416596564127e-05
432,7.4000000000000004,4058.5842153812719,1.1601233908690862,0.94707664946153813,0,0.0039491089943111792,2.1598344467015176e-05,4.6153652376262283e-06,9.4971870964163566e-06,1.9036924320372973e-05,3.3810128249611658e-05,5.435451586987747e-05
433,7.4000000000000004,4139.3367529552352,1.1374910433934415,2.8412299483846146,0,0.0040276833334214066,2.2028080806228767e-05,4.7071958945721895e-06,9.6861500246571498e-06,1.9415696785078173e-05,3.4482839103192101e-05,5.543599277220767e-05
434,7.4000000000000004,4187.0828018255397,1.1245200309922256,5.0721737953836694,0,0.0040741414924813949,2.2282168329294467e-05,4.7614920339389329e-06,9.7978769558164002e-06,1.9639651216156903e-05,3.4880588650829752e-05,5.6075430870155602e-05
435,7.4000000000000004,4162.1186754103646,1.131264831513157,8.2614393109945876,0,0.0040498507420794047,2.2149318110346286e-05,4.7331031783356308e-06,9.7394602847110003e-06,1.9522556150471481e-05,3.4672624427114056e-05,5.5741099257602456e-05
436,7.4000000000000004,4345.2978968166408,1.0835755324221339,12.760683425788024,0,0.0042280889336351974,2.3124132901213137e-05,4.941412028384845e-06,1.016810417764248e-05,2.0381764384160562e-05,3.6198603103357539e-05,5.8194323674931413e-05
437,7.4000000000000004,4463.3457539381325,1.0549168138994092,18.698414095102244,0,0.0043429525978043162,2.3752341691864885e-05,5.0756544013951125e-06,1.0444339072846818e-05,2.0935471786285493e-05,3.7182003465913406e-05,5.9775277471331159e-05
438,7.4000000000000004,4564.0124298831342,1.031648917353285,26.077547913858339,0,0.0044409039163688544,2.4288054006314247e-05,5.1901311381308316e-06,1.0679901575702062e-05,2.1407652179705884e-05,3.8020609502783061e-05,6.1123454112457331e-05
439,7.4000000000000004,4646.3855098859731,1.0133594106769288,35.05639843001012,0,0.0045210550858075689,2.4726414297069761e-05,5.2838046532744818e-06,1.0872656613168131e-05,2.1794025852600759e-05,3.8706820321978733e-05,6.222663410002456e-05
440,7.4000000000000004,4101.4482899490249,1.1479989869954914,1.004708276327581,0,0.0039606657251396908,2.1661550180938576e-05,4.6288717105555273e-06,9.5249798048625924e-06,1.909263425658649e-05,3.3909070707776551e-05,5.4513579727098708e-05
441,7.4000000000000004,4175.3603706895537,1.1276771497685785,3.0141248289827427,0,0.0040323356652405343,2.205352519516539e-05,4.712633123725103e-06,9.6973383878511045e-06,1.943812363854856e-05,3.4522669843668257e-05,5.5500026265347259e-05
442,7.4000000000000004,4240.2652435617747,1.1104160262674556,5.5035411834195997,0,0.0040952057664475584,2.2397372403358807e-05,4.7861100725798804e-06,9.8485342942679368e-06,1.974119285249439e-05,3.506092953412947e-05,5.6365354094667921e-05
443,7.4000000000000004,4306.2376867557414,1.0934042253536538,9.0362720573816784,0,0.0041585537986065305,2.2743833496696062e-05,4.8601455843674061e-06,1.0000879573790539e-05,2.0046565962173591e-05,3.5603281010054986e-05,5.7237260042128592e-05
444,7.4000000000000004,4485.3714031620693,1.0497365900974289,13.735631544062208,0,0.0043312666659708187,2.3688429355810976e-05,5.0619969298917209e-06,1.0416235649725661e-05,2.0879139028631097e-05,3.7081954858853959e-05,5.9614435324858845e-05
445,7.4000000000000004,4577.6583463867446,1.0285735906421174,19.681930287075506,0,0.0044205524075652085,2.4176748165377006e-05,5.1663461156356564e-06,1.0630958361655295e-05,2.1309546471947879e-05,3.7846370928027188e-05,6.0843341203485401e-05
446,7.4000000000000004,4604.1434278463821,1.0226567777186477,26.80301289174357,0,0.0037055902338040464,2.0266499212505801e-05,4.3307622997044077e-06,8.9115503785249984e-06,1.7863027063790941e-05,3.1725252766105605e-05,5.1002786567985513e-05
447,7.4000000000000004,4892.6405489676963,0.96235528339994525,35.314566722113042,0,0.004724195411078747,2.5837423065546077e-05,5.5212168890388724e-06,1.1361187489045809e-05,2.2773276363076453e-05,4.0445997554103811e-05,6.5022605051869679e-05
448,7.4000000000000004,4341.3161341988471,1.0845693648027264,1.1378216057473312,0,0.0041612205854475275,2.2758418604601396e-05,4.8632622862107395e-06,1.0007292912498509e-05,2.0059421373190042e-05,3.562611259187214e-05,5.7273965007192704e-05
449,7.4000000000000004,4442.6578497650062,1.0598291926363235,3.4347250049472535,0,0.004258358232175549,2.3289680810270901e-05,4.9767880761089563e-06,1.0240898621130648e-05,2.0527679411163748e-05,3.6457752412011548e-05,5.8610942479388738e-05
450,7.4000000000000004,4454.3417948662045,1.0570492115137067,6.4395421372053736,0,0.0042695574794479026,2.3350931386212975e-05,4.9898767542444194e-06,1.0267831619646969e-05,2.0581666075769882e-05,3.6553634289954863e-05,5.8765086025305739e-05
451,7.4000000000000004,4515.9267533496441,1.0426339352345382,10.489458511790911,0,0.0043285876419777531,2.3673777320852967e-05,5.0588659263599943e-06,1.0409792881968533e-05,2.0866224627665735e-05,3.7059018509181206e-05,5.9577561930795361e-05
452,7.4000000000000004,4662.0854321311599,1.0099468468821071,15.329661190112386,0,0.0044686830609905158,2.4439982842768743e-05,5.2225969167665953e-06,1.0746707463873388e-05,2.1541563265626547e-05,3.8258439464851932e-05,6.1505799081756684e-05
453,7.4000000000000004,4608.677522565602,1.0216506707231539,23.78658707503579,0,0.0036812422749551688,2.013333611089369e-05,4.3023065839872314e-06,8.8529961271896361e-06,1.7745656221246627e-05,3.1516798754711469e-05,5.0667667553150305e-05
454,7.4000000000000004,4788.2243574988552,0.9833412410389536,27.780237510871039,0,0.0038246576898663745,2.0917699251438615e-05,4.4699176885362396e-06,9.1978949461090349e-06,1.8436999104912902e-05,3.2744643713689337e-05,5.2641600269873378e-05
455,7.4000000000000004,5251.4874389790693,0.8965952097928338,35.670551870221075,0,0.0050336342620050933,2.752979643468129e-05,5.8828613303024062e-06,1.2105355013006539e-05,2.4264945495367777e-05,4.3095245080647982e-05,6.9281641446575831e-05
456,7.4000000000000004,4360.335708012437,1.0798385256033687,1.2853913195394782,0,0.0041515367359317608,2.2705455995083768e-05,4.8519446693797387e-06,9.9840042844061306e-06,2.0012739777258631e-05,3.5543204727199462e-05,5.7140679004465384e-05
457,7.4000000000000004,4594.8075599142785,1.0247346424588266,3.9329072007012487,0,0.0043742815624616127,2.3923685093993815e-05,5.1122688920608301e-06,1.0519681900638091e-05,2.1086494999388939e-05,3.74502250608394e-05,6.0206481246437109e-05
458,7.4000000000000004,4630.7289096008226,1.016785602006175,7.386285807335276,0,0.0044081295103865423,2.4108805241307383e-05,5.1518273449783726e-06,1.0601082615264072e-05,2.1249661127235761e-05,3.7740012823592111e-05,6.0672355656411275e-05
459,7.4000000000000004,4645.4213662539178,1.0135697304618863,11.751364444284199,0,0.004422061584428599,2.4185002108685259e-05,5.168109906516778e-06,1.0634587771492766e-05,2.1316821552421932e-05,3.7859291681386006e-05,6.0864113123908412e-05
460,7.4000000000000004,4758.6732002133522,0.98944774813802505,16.709485217366925,0,0.0045295956020989453,2.4773123823966341e-05,5.2937860445349867e-06,1.0893195646462993e-05,2.1835195939962254e-05,3.8779939588006922e-05,6.2344183559653383e-05
461,7.4000000000000004,4963.0488379832186,0.94870283081663109,22.522226707501385,0,0.0070855094361663637,3.8751848517490885e-05,8.2809094379677707e-06,1.7039896565436012e-05,3.415613676449442e-05,6.0662286884387146e-05,9.7523121202545363e-05
462,7.4000000000000004,5190.0711446528558,0.90720499793665199,29.057968024891323,0,0.0049389175462038054,2.7011774709373752e-05,5.7721649078534139e-06,1.1877571385758279e-05,2.3808357704759608e-05,4.2284331957400001e-05,6.7977985042161557e-05
463,7.4000000000000004,2737.9499272491867,1.7197021885664836,35.892472385851548,0,0.0026243685663533004,1.4353115192859366e-05,3.0671271593957882e-06,6.311327269142297e-06,1.2650931098230608e-05,2.2468419567672959e-05,3.6121130891485823e-05
464,7.4000000000000004,3866.9295851868465,1.2176219862168405,1.3380614370642001,1,0.018848671072406405,0.0001030865674140012,2.202864022450446e-05,4.532904914787695e-05,9.0861185462821366e-05,0.00016137209360663957,0.00025942823872601516
465,7.4000000000000004,4249.6779333093637,1.1079565454056044,4.1133168713214765,1,0.020714310867065253,0.00011329006673358422,2.4209033084413987e-05,4.9815714420959745e-05,9.9854617558810279e-05,0.00017734468915056101,0.00028510642283598474
466,7.4000000000000004,4457.7081695896159,1.0562509484575209,7.6893427830378132,1,0.021728317822811764,0.00011883584213601333,2.539411368386195e-05,5.2254293297781032e-05,0.0001047427008466318,0.00018602606646103147,0.00029906295258679336
467,7.4000000000000004,4518.3759112340958,1.0420687819198864,12.204520231573103,1,0.022024032105105139,0.0001204531535199202,2.5739718077342232e-05,5.2965454693951238e-05,0.00010616820984640412,0.00018855781167849281,0.00030313308756484006
468,7.4000000000000004,4693.3666132957223,1.003215574239906,17.408488325602928,1,0.022876993637304777,0.000125118144285204,2.6736583195630331e-05,5.5016736456246304e-05,0.00011027996370279677,0.00019586040546286243,0.00031487302971511412
469,7.4000000000000004,4988.9075620456533,0.94378547277496827,23.475588756311609,1,0.024317556235794711,0.00013299682458329262,2.8420183863343644e-05,5.8481136284578964e-05,0.00011722428486630927,0.00020819372071870888,0.00033470056112383653
470,7.4000000000000004,2692.9124854299753,1.7484632373131408,29.78052479697206,0,0.0025453512412693196,1.3920956088493187e-05,2.9747787800808162e-06,6.1212990067514759e-06,1.2270023192222197e-05,2.1791916108568852e-05,3.503355684466678e-05
471,7.4000000000000004,3026.8799904205871,1.5555484515332989,36.572791647440781,0,0.005722037223619721,3.129478856796617e-05,6.6874051155187676e-06,1.3760890915813803e-05,2.7583434577602931e-05,4.8988977680363879e-05,7.8756641948171137e-05
472,7.4000000000000004,2653.4549250558466,1.7744633374455281,30.344307094616667,1,0.017245068466180444,9.4316193760763303e-05,2.0154492984100662e-05,4.1472555442191006e-05,8.3130919851349874e-05,0.00014764291827721362,0.00023735666677531767
473,7.4000000000000004,2882.9926468960184,1.6331843534686934,36.836973617145446,1,0.018736857036367495,0.0001024750375549635,2.189796198398082e-05,4.5060148283961396e-05,9.032217898184186e-05,0.00016041480250527263,0.00025788925922326988
474,7.5,3717.3347268695234,1.7891513333883995,1.1402903629386993,1,0.017747689825292182,7.9713358520361864e-05,2.016554457903676e-05,3.6321733074395377e-05,6.51172210256707e-05,0.00011640085407358598,0.00020107797198077023
475,7.5,4049.0524487323246,1.6425755080826039,3.4208710888160976,1,0.019333246619238485,8.6834851988774807e-05,2.1967109544712082e-05,3.9566672061436952e-05,7.0934713511538815e-05,0.00012679996329931239,0.00021904203083719133
476,7.5,4390.2980848063817,1.5149026910601955,6.6209249328129243,1,0.020963800570858417,9.4158449201243695e-05,2.3819801851350079e-05,4.2903700484693429e-05,7.6917302970061076e-05,0.00013749419305259216,0.00023751589898704612
477,7.5,4647.6044026917589,1.4310328089407984,11.350780570533111,1,0.022192008149067511,9.9674916526454864e-05,2.5215334166513157e-05,4.5417302438232514e-05,8.1423662114430933e-05,0.000145549574484797,0.00025143125875661725
478,7.5,4748.1172074337901,1.4007393020578363,17.138867145476681,1,0.022671206579278166,0.00010182722573660005,2.5759816147083176e-05,4.6398011344186941e-05,8.3181866725980593e-05,0.00014869246841050395,0.00025686048641788782
479,7.5,4735.6130898518941,1.4044378746823707,23.636843299262839,1,0.022611718308196454,0.00010156003547537883,2.5692223497322162e-05,4.6276264957780748e-05,8.2963601084953755e-05,0.00014830230576796079,0.00025618649554789269
480,7.5,4598.2899618024348,1.4463799452574331,30.373921658952369,1,0.021955565492509772,9.8612939534675669e-05,2.4946679768214735e-05,4.4933408075448898e-05,8.0556141390408271e-05,0.00014399883027900597,0.00024875240813783855
481,7.5,4491.275105689032,1.4808432408883272,36.86550914156863,1,0.021443299268140949,9.6312107054338371e-05,2.4364625005846569e-05,4.3885023905581512e-05,7.867660927752038e-05,0.00014063905632439208,0.0002429485286175003
482,7.5,4152.6164631264801,1.6016105610249896,1.1750953314500081,0,0.0038219264276446096,1.7166098493062039e-05,4.3426061934343759e-06,7.821806268951941e-06,1.4022852009624235e-05,2.5066670916811447e-05,4.3301704204639274e-05
483,7.5,4334.3573291392349,1.534454563428995,3.534922500781855,0,0.0039893263716156181,1.7917971659733736e-05,4.5328118520809961e-06,8.1644004962253271e-06,1.4637051336891642e-05,2.6164588259401415e-05,4.519831393665158e-05
484,7.5,4550.7608645380278,1.4614862395993589,6.627549399454244,0,0.0041886631788896509,1.8813288545534543e-05,4.7593052894183364e-06,8.572355468223516e-06,1.5368428719840752e-05,2.7471968253271535e-05,4.7456762294852154e-05
485,7.5,4763.4153033224484,1.3962407137984949,10.940291119829407,0,0.0043846293404767676,1.9693466250364122e-05,4.9819688814896875e-06,8.9734122075991092e-06,1.6087439023899324e-05,2.8757241367846445e-05,4.9677021874363065e-05
486,7.5,4901.2731498639123,1.3569687262613135,16.232155782232507,0,0.0045115768019522596,2.0263647981590042e-05,5.1262110177214906e-06,9.2332179544639128e-06,1.6553216034255168e-05,2.9589845108597117e-05,5.1115312623912978e-05
487,7.5,4936.8885856956394,1.3471793555358225,22.44223298177884,0,0.0045441840898280171,2.0410102897942746e-05,5.1632605562097625e-06,9.299950764095024e-06,1.6672853913469593e-05,2.9803704838800002e-05,5.1484747033821741e-05
488,7.5,4910.5650074000241,1.3544010461539575,29.257185296766718,0,0.0045197281886348237,2.0300259755599038e-05,5.1354729077559874e-06,9.2499002660314927e-06,1.6583123906969836e-05,2.9643307186257633e-05,5.120766629467779e-05
489,7.5,5049.9810405733733,1.31700977286728,36.374539207513372,0,0.0046476285247832073,2.0874721302461407e-05,5.2807977334467341e-06,9.5116561292135636e-06,1.7052397065348055e-05,3.0482160496774373e-05,5.2656752934209052e-05
490,7.5,4554.6318381066339,1.4602441250211753,1.3424658681194166,0,0.0044775909525201036,2.0111001286325868e-05,5.0875951094806397e-06,9.1636638342638752e-06,1.6428520139127169e-05,2.9366943878112371e-05,5.073025937207381e-05
491,7.5,4659.4075446630386,1.4274077378888288,4.0413900336665822,0,0.0045779073959949963,2.0561570385905569e-05,5.2015781536298835e-06,9.3689675734398409e-06,1.6796586523347756e-05,3.0024884140369003e-05,5.1866825720078651e-05
492,7.5,4732.106309342189,1.4054786491375653,7.1572972420047734,0,0.0046432648020866742,2.085512173794251e-05,5.2758395194237412e-06,9.5027255037319148e-06,1.703638633391641e-05,3.0453540374729367e-05,5.2607312780659893e-05
493,7.5,4809.4631423894125,1.3828725132770965,10.962585722483563,0,0.0047155387619910952,2.1179738639311673e-05,5.3579597150493776e-06,9.6506385845733945e-06,1.7301563349506898e-05,3.0927559852361082e-05,5.3426163088934379e-05
494,7.5,4977.8767989286789,1.3360865790533401,15.491426627698354,0,0.0048836735569630094,2.1934912373092154e-05,5.5490003370497407e-06,9.9947367293801094e-06,1.7918458884309932e-05,3.203029682415149e-05,5.5331098543923858e-05
495,7.5,5150.0015664329258,1.2914315262696592,21.079358623866604,0,0.0050569761708252527,2.2713297251761252e-05,5.7459128152316795e-06,1.0349411131725644e-05,1.855431542238803e-05,3.3166927702047615e-05,5.7294584410390012e-05
496,7.5,5187.2713269232136,1.2821527859377504,27.763385363248148,0,0.0050924045332233162,2.2872422962286208e-05,5.7861677570485176e-06,1.0421917442966872e-05,1.8684303974563679e-05,3.339928986761162e-05,5.7695981061544586e-05
497,7.5,5519.8106016465463,1.2049098897063006,35.671240721053934,0,0.0054207298772601005,2.4347089024075715e-05,6.1592224715931671e-06,1.1093855347283203e-05,1.988894718201396e-05,3.5552660297008132e-05,6.1415845166602469e-05
498,7.5,4975.732831664347,1.3366622783492459,1.6036000374598713,0,0.0051902200227851069,2.3311759082369394e-05,5.8973091300776756e-06,1.0622102826945215e-05,1.9043194225420564e-05,3.4040827252967116e-05,5.8804212074313441e-05
499,7.5,4979.7058957852041,1.3355958208011589,4.7596166890051581,0,0.005194364352404386,2.3330373247706978e-05,5.9020180620294099e-06,1.0630584451071261e-05,1.9058399991944456e-05,3.4068008452999083e-05,5.8851166545755515e-05
500,7.5,4846.7290161287656,1.3722397850379249,7.9302577676470669,0,0.0050556552844720814,2.2707364519756608e-05,5.7444119780578884e-06,1.034670785698883e-05,1.8549469019872776e-05,3.3158264473134057e-05,5.7279619017613411e-05
501,7.5,4771.2123942135222,1.3939589843654252,11.261233810154614,0,0.0049768833937018737,2.2353562304814586e-05,5.6549086066028663e-06,1.0185496363071266e-05,1.82604507491915e-05,3.2641627352871991e-05,5.6387148380528493e-05
502,7.5,4918.5849524237892,1.3521926423070481,15.044037668532516,0,0.0051306086897154341,2.3044016090935786e-05,5.8295766529910417e-06,1.0500104586651432e-05,1.8824477063393036e-05,3.3649857490137119e-05,5.8128826935249426e-05
503,7.5,5271.9817112803212,1.2615511106571002,19.928141152958752,0,0.005499239200206691,2.4699711921412686e-05,6.2484275043233015e-06,1.1254529480085194e-05,2.0177002077339172e-05,3.6067575327284286e-05,6.2305340959862632e-05
504,7.5,5472.780400150712,1.2152642527089987,26.345967106316579,0,0.0057086936485829911,2.5640471969704199e-05,6.4864169585896562e-06,1.1683190823621124e-05,2.0945501625392601e-05,3.7441313369841709e-05,6.4678420279844719e-05
505,7.5,5926.4752279309869,1.1222310272866054,34.974870927837507,0,0.0061819457421025637,2.7766073339380855e-05,7.0241425038823829e-06,1.2651730187725867e-05,2.2681888810312769e-05,4.0545207365063928e-05,7.0040277070070812e-05
506,7.5,5278.1901347118919,1.2600672225675034,1.7877589150117239,0,0.0054691156300901416,2.4564412568750363e-05,6.2142000526355139e-06,1.1192879750808211e-05,2.0066477091120053e-05,3.5870005428112685e-05,6.1964046602823317e-05
507,7.5,5180.8090836809915,1.2837520695713671,5.2415453135984809,0,0.0053684690551336622,2.4112360690881787e-05,6.0998419015752064e-06,1.098690037735693e-05,1.9697199436876967e-05,3.5209899949605846e-05,6.0823739927516282e-05
508,7.5,4917.914421987789,1.3523770062963743,8.4970530873169565,0,0.0050961669033507215,2.2889321564966583e-05,5.7904426932950879e-06,1.0429617363623584e-05,1.8698108311329669e-05,3.342396592970657e-05,5.7738608004121728e-05
509,7.5,4713.8494522757255,1.4109221031695738,11.597477629774568,0,0.004884923528816758,2.1940526594182281e-05,5.5504205986943517e-06,9.9972948732551309e-06,1.7923045097742646e-05,3.2038494949810467e-05,5.5345260488822549e-05
510,7.5,4744.2328870980446,1.4018861513558247,14.92950650397502,0,0.0049167357634976828,2.2083410546596226e-05,5.5865667699950664e-06,1.0062400557879725e-05,1.8039765884359403e-05,3.2247140205801577e-05,5.5705687096273211e-05
511,7.5,5116.621874879389,1.2998565353994205,19.329631330212713,0,0.0053032446041563304,2.3819406503816811e-05,6.0257316040224418e-06,1.0853414547840883e-05,1.9457887445717631e-05,3.4782115721067968e-05,6.0084759223256362e-05
512,7.5,5623.939799853084,1.1826005647150337,25.492962588740994,0,0.0058281062628915128,2.6176811100595686e-05,6.6220977385019896e-06,1.1927576044758404e-05,2.1383632879416427e-05,3.8224498698721145e-05,6.6031342634835453e-05
513,7.5,6365.1615122122139,1.0448869789822657,34.538626821458934,0,0.0065948236760257706,2.9620505499056318e-05,7.4932688219659794e-06,1.3496710140378364e-05,2.4196759981972831e-05,4.3253128486623631e-05,7.471810604083502e-05
514,7.5,5356.9289920294341,1.2415461159043613,1.7622555047613448,0,0.0055145951094486773,2.4768682650046233e-05,6.2658754243297476e-06,1.1285956287860887e-05,2.0233343727773899e-05,3.6168289333920602e-05,6.2479320509803779e-05
515,7.5,5234.261198147904,1.2706424328963486,5.1965276579083159,0,0.0053883169345405428,2.4201507004717795e-05,6.1223937548540718e-06,1.1027520276904764e-05,1.9770022365548326e-05,3.5340075208315748e-05,6.1048612650588493e-05
516,7.5,4938.9455679090061,1.3466182795056354,8.4728583760630798,0,0.0050843095204638799,2.2836064390513093e-05,5.7769699210329449e-06,1.0405350504082067e-05,1.8654602940781207e-05,3.3346197526681015e-05,5.7604266096675964e-05
517,7.5,4752.7941770473153,1.3993609097041693,11.535163686220134,0,0.0048926792876961226,2.197536141461436e-05,5.5592329626113274e-06,1.0013167508317989e-05,1.7951501390935787e-05,3.2089362243888386e-05,5.5433131771337978e-05
518,7.5,4781.3341412443133,1.3910080715460642,14.70074606356858,0,0.0049220592453582063,2.2107320848291932e-05,5.5926154958760595e-06,1.0073295389210886e-05,1.8059298023378637e-05,3.2282055050567858e-05,5.5766001139786915e-05
519,7.5,5009.8486067827162,1.3275599534535132,18.85186176388919,0,0.0051572993905927896,2.3163896786910331e-05,5.8599035588411206e-06,1.0554728738999095e-05,1.8922406669187928e-05,3.382491240762386e-05,5.8431227532510015e-05
520,7.5,5493.3054286819533,1.2107235742807403,24.90606296545154,0,0.0056549854024182163,2.5399242563275687e-05,6.4253917748638181e-06,1.1573273611843464e-05,2.0748443204221145e-05,3.7089059877363779e-05,6.4069915999920553e-05
521,7.5,6236.6248544583268,1.0664220693786242,34.258369801826902,0,0.0064201823419788575,2.8836107788120626e-05,7.2948352431884945e-06,1.3139295965268739e-05,2.3555991608100059e-05,4.2107717413986943e-05,7.2739452727651411e-05
522,7.5,5159.1571682754511,1.2891397114487975,1.6650237398501984,0,0.0052861565992425906,2.3742656105568053e-05,6.0063156164631063e-06,1.081844290029911e-05,1.9395190643834717e-05,3.4670041508257564e-05,5.9891155356664355e-05
523,7.5,5107.8722721021177,1.3020831432209008,4.9425999686416837,0,0.0052333301146447993,2.3505387111824817e-05,5.9462923210034099e-06,1.0710330267516605e-05,1.9201367452905307e-05,3.4323571179701047e-05,5.929264126866967e-05
524,7.5,4883.1959384127558,1.3619921189137094,8.1105661256975665,0,0.0050027440783046344,2.246971500094657e-05,5.6842924189939417e-06,1.0238421836330551e-05,1.8355334980983364e-05,3.2811238485606522e-05,5.6680145050244168e-05
525,7.5,4832.3563071682956,1.3763211900090504,11.165874239900804,0,0.0049502379454029292,2.2233884859800722e-05,5.624633118311706e-06,1.0130964822893984e-05,1.8162687177521581e-05,3.2466869231127564e-05,5.6085260486430022e-05
526,7.5,4907.8731960648256,1.3551438917701331,14.342935115174114,0,0.0050275938628049138,2.2581327261501271e-05,5.7125276114078703e-06,1.0289278440680776e-05,1.844651016635532e-05,3.2974219480195181e-05,5.6961688412826187e-05
527,7.5,5052.3984993477097,1.3163796133832815,18.409777767099666,0,0.0051757981134541754,2.3246983393794626e-05,5.8809224533670388e-06,1.0592587507131889e-05,1.8990279470499839e-05,3.3946239023173971e-05,5.8640814566868751e-05
528,7.5,5302.1034713795034,1.2543841173848653,24.494436765396841,0,0.0054320251540002813,2.4397821511134036e-05,6.1720565592338059e-06,1.1116971822204553e-05,1.9930390155115071e-05,3.5626742043562034e-05,6.1543818517626457e-05
529,7.5,5691.3353000572524,1.1685964773789912,34.09470977047657,0,0.0058315298860402622,2.6192188228671584e-05,6.625987778609043e-06,1.1934582698997931e-05,2.1396194335441426e-05,3.8246953038551485e-05,6.6070131638156656e-05
530,7.5,4954.1128413875022,1.3424955377816736,1.5856275716888033,0,0.0050251780487716004,2.2570476685902322e-05,5.7097826791906065e-06,1.0284334329456208e-05,1.843764641575382e-05,3.2958375005814072e-05,5.6934317696339519e-05
531,7.5,4968.6896693438675,1.3385570091576839,4.7072808696342285,0,0.0050399225803526683,2.2636701425218053e-05,5.726535930561459e-06,1.0314509915443255e-05,1.8491744888926148e-05,3.3055079201450026e-05,5.7101370452913077e-05
532,7.5,4801.9186701351446,1.3850451954952474,7.7217186874477193,0,0.0048708941542460618,2.1877513966849983e-05,5.5344799336778712e-06,9.9685828998448608e-06,1.7871570573803759e-05,3.194648121741922e-05,5.5186310326034939e-05
533,7.5,4828.1269329004408,1.3775268288636675,10.753784551338631,0,0.0048975175356247265,2.1997092298776735e-05,5.5647303487640684e-06,1.0023069278719682e-05,1.7969253180765632e-05,3.2121094609996486e-05,5.5487948206096566e-05
534,7.5,4892.9092405463489,1.3592883203545718,14.029687899726355,0,0.0049632884771790599,2.2292501036249195e-05,5.6394615879831025e-06,1.0157673534637188e-05,1.8210570275013952e-05,3.2552463077978052e-05,5.6233120545324856e-05
535,7.5,4989.9039020680993,1.3328662262359621,18.215284023762248,0,0.0050617637744243662,2.2734800668031556e-05,5.7513526575297516e-06,1.0359209255408489e-05,1.857188139547048e-05,3.3198327909814844e-05,5.7348827054465617e-05
536,7.5,5158.3249392792022,1.2893476974637756,24.506807889891647,0,0.0052325831970534724,2.350203234789054e-05,5.9454436471685031e-06,1.0708801654967714e-05,1.9198626972405523e-05,3.4318672409978967e-05,5.9284178833503219e-05
537,7.5,5388.3246531962905,1.2343121120744629,34.167492604019415,0,0.0054659120584695155,2.4550023797273373e-05,6.2105600427545767e-06,1.1186323445484278e-05,2.0054723015894183e-05,3.5848994328842997e-05,6.1927750741733122e-05
538,7.5,5092.2407424097255,1.3060801167232943,1.438852665320534,0,0.0051394663597595161,2.3083800121129551e-05,5.8396410468303896e-06,1.0518232350330496e-05,1.8856976327449985e-05,3.370795183190118e-05,5.8229182663035503e-05
539,7.5,4986.5400252822383,1.3337653662678002,4.2945142955541264,0,0.0050327853705134928,2.2604644804196063e-05,5.7184263836514876e-06,1.0299903178835483e-05,1.8465558085168631e-05,3.3008268752926272e-05,5.7020507214137213e-05
540,7.5,4765.5371068915247,1.3956190528055414,7.1663688591117332,0,0.004809732863388652,2.1602809374101412e-05,5.464986340458832e-06,9.8434125761082757e-06,1.7647166533943789e-05,3.1545345826721782e-05,5.4493364458127789e-05
541,7.5,4769.9632797164868,1.3943240216358477,10.216291992133181,0,0.0048142000846939838,2.1622873800345456e-05,5.4700621532132742e-06,9.8525550178251288e-06,1.7663557007294035e-05,3.1574644759731939e-05,5.4543977231356745e-05
542,7.5,4853.7526357452934,1.3702540863433119,13.635886144141981,0,0.0048987665061181566,2.2002702022279017e-05,5.5661494726281375e-06,1.0025625373249547e-05,1.7973835720153903e-05,3.2129286168085407e-05,5.5502098805772075e-05
543,7.5,4963.8669973102506,1.3398574915148795,18.1188114532032,0,0.0050099020720933193,2.2501864972620676e-05,5.6924255813527116e-06,1.0253071108562608e-05,1.8381598042160707e-05,3.2858185248743492e-05,5.6761243767240484e-05
544,7.5,5152.6420011316186,1.290769741381014,24.76576864966982,0,0.0052004277818507669,2.3357607007710687e-05,5.9089075421818409e-06,1.0642993630408676e-05,1.908064703814147e-05,3.4107776353673559e-05,5.8919864055590813e-05
545,7.5,5277.9146194857494,1.2601330000062854,34.377258577353558,0,0.0053268621828145707,2.3925484338932244e-05,6.0525667211543025e-06,1.0901749367546017e-05,1.9544541602101869e-05,3.4937015111018517e-05,6.0352341926495155e-05
546,7.5,5221.6059235666498,1.2737220082450591,1.2453003443068136,0,0.0052417885111623172,2.3543377813755353e-05,5.9559030463271134e-06,1.0727640893495027e-05,1.9232401761087155e-05,3.4379046826865503e-05,5.9388473302849571e-05
547,7.5,4892.2516393452661,1.3594710316494885,3.7350346982262224,0,0.0049116815437045885,2.2060709629554421e-05,5.5808239890724117e-06,1.0052056787843667e-05,1.8021221682233997e-05,3.2213991356211401e-05,5.5648423741101642e-05
548,7.5,4664.5156061885282,1.4258445988273103,6.4840252707609984,0,0.004682954281489596,2.103338616177884e-05,5.3209360910957222e-06,9.583952451629113e-06,1.7182009151765682e-05,3.071384970770251e-05,5.3056987082266111e-05
549,7.5,4677.3038660834372,1.4219461838810894,9.7088420707117002,0,0.0046956703891264931,2.1090500279561029e-05,5.3353845763886218e-06,9.6099767439104913e-06,1.7228665229245582e-05,3.0797250184271415e-05,5.3201058178858786e-05
550,7.5,4770.2166371533176,1.3942499658041938,13.487645115071185,0,0.004789058439540513,2.1509950654085922e-05,5.441495338539168e-06,9.8011011027914016e-06,1.7571310969611178e-05,3.1409749553793169e-05,5.4259127142726303e-05
551,7.5,4925.9231067380633,1.3501782790990027,18.413531448293245,0,0.0049452846168791843,2.2211637093676271e-05,5.61900497357042e-06,1.0120827533013424e-05,1.8144513150847204e-05,3.2434382091880327e-05,5.6029140210274999e-05
552,7.5,5133.8638561237294,1.2954909926753071,25.265819176929153,0,0.005154014755796626,2.314914392196326e-05,5.8561714421510093e-06,1.054800653292678e-05,1.8910355168845296e-05,3.3803369643503179e-05,5.8394013240959297e-05
553,7.5,5154.925585626861,1.2901979422891776,34.625381689836985,0,0.0051751876289947984,2.3244241416271891e-05,5.8802287996182095e-06,1.0591338113334845e-05,1.8988039570441557e-05,3.3942235070368303e-05,5.8633897893305842e-05
554,7.5,4928.8052124050328,1.349388765961048,1.0956774483483567,0,0.004905825580455386,2.2034407699412475e-05,5.5741702392538457e-06,1.0040072200772066e-05,1.7999735840585294e-05,3.2175584153339323e-05,5.5582076784075975e-05
555,7.5,4707.7124566387256,1.412761387720415,3.2870323450450698,0,0.0046851374431729912,2.1043191784464921e-05,5.3234166755933739e-06,9.5884204255853356e-06,1.7190019288480481e-05,3.0728168297165674e-05,5.3081721891591977e-05
556,7.5,4662.0171940734581,1.4266087202948257,5.9484370598924325,0,0.0046391354784846668,2.0836574971801472e-05,5.2711476378325446e-06,9.4942745903383205e-06,1.7021235625270646e-05,3.0426457593885692e-05,5.2560528324557854e-05
557,7.5,4819.3671193278615,1.3800306593279785,9.494283852663866,0,0.0047953216401428493,2.153808168184298e-05,5.4486118056510661e-06,9.8139191260219664e-06,1.7594290986839629e-05,3.1450827683201713e-05,5.4330088022008278e-05
558,7.5,4936.2770297570551,1.3473462577437514,13.867264330550656,0,0.004911514929231026,2.2059961284310812e-05,5.5806346758926559e-06,1.0051715801129642e-05,1.8020610364839573e-05,3.2212898590492897e-05,5.564653603060093e-05
559,7.5,4965.3801910644852,1.3394491715253298,19.258990655546896,0,0.0049409407893364612,2.2192126887803152e-05,5.6140693651155327e-06,1.0111937624181281e-05,1.8128575415796537e-05,3.2405892455150212e-05,5.5979925465058965e-05
560,7.5,4955.8807691771854,1.3420166248942751,26.049360757020413,0,0.0049322078250657909,2.2152902970847976e-05,5.6041466663282023e-06,1.0094065078497308e-05,1.8096533703876819e-05,3.2348616014683493e-05,5.5880982630120278e-05
561,7.5,4844.018605505069,1.3730076048161972,34.920432742556031,0,0.0048213059893356582,2.1654789814761376e-05,5.4781361300652847e-06,9.8670976864308867e-06,1.7689628950611403e-05,3.1621249888478197e-05,5.4624485788160597e-05
562,7.5,4520.9605268483338,1.4711197639821219,1.0087037383715378,0,0.0044634876355003376,2.004765654810981e-05,5.0715704284729135e-06,9.1348005331076032e-06,1.637677431639691e-05,2.9274445183210016e-05,5.0570471455310974e-05
563,7.5,4548.6442173333635,1.4621663215349641,3.0261112151146135,0,0.0044906021154454195,2.0169440638446754e-05,5.1023788468897558e-06,9.1902919752452052e-06,1.6476258790205092e-05,2.9452279518520003e-05,5.0877673389328356e-05
564,7.5,4693.4472582232011,1.4170553150622667,5.5608936581390909,0,0.0046334062367703781,2.0810842208646569e-05,5.264637873444567e-06,9.4825493466410527e-06,1.7000214731695688e-05,3.0388881512981528e-05,5.2495617098576481e-05
565,7.5,5025.0621118117178,1.3235407314859491,9.2456661830943254,0,0.0049605157659891042,2.2280047464920524e-05,5.6363111367606469e-06,1.0151999011545712e-05,1.8200397049699897e-05,3.2534277840700002e-05,5.6201706251495463e-05
566,7.5,5137.0773812145926,1.2946805916435504,14.005935859599013,0,0.0050713304699724748,2.2777769270682859e-05,5.7622226708919705e-06,1.0378788083161453e-05,1.8606982111936895e-05,3.3261072500430517e-05,5.7457215907229414e-05
567,7.5,4965.3124654436297,1.3394674412772092,19.674018497654554,0,0.004902052365100139,2.2017460385629772e-05,5.5698829802809002e-06,1.0032350084693038e-05,1.7985891712099628e-05,3.2150836961210213e-05,5.5539326967116784e-05
568,7.5,4766.0857215561828,1.395458405867283,26.457697414105478,0,0.0047052438294192967,2.1133499176084791e-05,5.3462622533651569e-06,9.6295693751961327e-06,1.7263790692540197e-05,3.0860039011294797e-05,5.3309523448305433e-05
569,7.5,4488.2845544374077,1.4818299291327521,35.087434774351628,0,0.0044311928400655844,1.9902605184683142e-05,5.0348759548021873e-06,9.0687072583760563e-06,1.6258282988623829e-05,2.9062634980995424e-05,5.0204577525707821e-05
570,7.5,4226.0890639506042,1.5737657873713344,0.96100257619761598,0,0.0041335340900472226,1.8565677455468343e-05,4.696665694654325e-06,8.4595304149754182e-06,1.5166157151065622e-05,2.7110395953511579e-05,4.6832160135883518e-05
571,7.5,4284.91697100702,1.5521594533176108,2.8830077285928475,0,0.0041911270331332793,1.8824354892681558e-05,4.7621048065991771e-06,8.5773978966777113e-06,1.5377468732537432e-05,2.7488127806491944e-05,4.7484677297843639e-05
572,7.5,4369.5325551155838,1.522102032503035,5.2266914126062671,0,0.004274279428515858,1.9197832047748374e-05,4.8565854602756605e-06,8.747574361294446e-06,1.568255930839508e-05,2.8033495115481262e-05,4.8426778224412924e-05
573,7.5,4574.8043870585789,1.4538051948284205,8.696682692356525,0,0.0044758252815674405,2.0103070814074877e-05,5.0855888925217935e-06,9.1600502806311961e-06,1.6422041798181672e-05,2.9355363463482292e-05,5.0710254653834878e-05
574,7.5,4735.6985255374711,1.4044125375305176,13.393803206540188,0,0.0046327175530668742,2.0807749000938693e-05,5.2638553669853837e-06,9.4811399133064836e-06,1.6997687914437819e-05,3.0384364678843478e-05,5.2487814442354745e-05
575,7.5,4670.0639557256454,1.4241505997097597,19.144570818057968,0,0.0045677837528256783,2.0516100265262711e-05,5.1900753169428115e-06,9.3482489183046603e-06,1.6759442336339144e-05,2.9958486726235389e-05,5.1752126756011647e-05
576,7.5,4610.8787762776647,1.4424309781136389,26.150664591922265,0,0.004509407509120023,2.025390465054392e-05,5.1237461914965529e-06,9.2287783639601169e-06,1.6545256783095345e-05,2.9575617480049755e-05,5.1090734946049976e-05
577,7.5,4385.0193489153044,1.5167263480547233,35.007900548258995,0,0.0042881261403529452,1.9260024249430018e-05,4.8723185775192319e-06,8.7759125042446356e-06,1.5733363633017062e-05,2.8124310827262004e-05,4.8583658852946097e-05
578,7.5,4064.2190775946424,1.6364458352884479,0.94039046958048567,0,0.0039285609068151379,1.7645044911014352e-05,4.4637680102422855e-06,8.0400402547318524e-06,1.4414099603956715e-05,2.5766048952563049e-05,4.4509852703171111e-05
579,7.5,4110.5189485375167,1.6180133132815084,2.8211714087414572,0,0.0039733047942561378,1.7846011097390691e-05,4.5146075767274424e-06,8.1316113579199843e-06,1.4578267314612281e-05,2.6059508369759001e-05,4.501679249272899e-05
580,7.5,4110.4214287217337,1.6180517006738919,5.0348838893024972,0,0.0039731771536802461,1.7845437802551308e-05,4.5144625470504208e-06,8.1313501336720614e-06,1.4577798994528147e-05,2.6058671220124624e-05,4.5015346349124079e-05
581,7.5,4091.1258291170925,1.6256831642513763,8.2399221288947349,0,0.0039548376502074184,1.7763066326048965e-05,4.4936245631505854e-06,8.0938172177593824e-06,1.451051037764916e-05,2.5938388868532001e-05,4.4807563240350383e-05
582,7.5,4334.8277926925293,1.5342880274140009,12.732776851613192,0,0.0041905199377805947,1.8821628137256996e-05,4.7614150036716524e-06,8.5761554388948679e-06,1.5375241267292458e-05,2.748414608164481e-05,4.7477799022219123e-05
583,7.5,4445.8513256427259,1.4959731885024539,18.53907389561093,0,0.0042977639285303243,1.9303312163062128e-05,4.8832693688079824e-06,8.7956368274130209e-06,1.5768725192133936e-05,2.8187521689423258e-05,4.8692853171765319e-05
584,7.5,4518.9763659759792,1.4717656930682348,25.81702068188854,0,0.0043682989588041104,1.9620118700240065e-05,4.9634137318981418e-06,8.9399910823734505e-06,1.6027521982116423e-05,2.8650136139348704e-05,4.9492001735926215e-05
585,7.5,4467.6396868815209,1.4886774335805979,34.924904459137593,0,0.0043181065006375526,1.9394680378281832e-05,4.9063833091979013e-06,8.8372691458386222e-06,1.5843363174720786e-05,2.8320941463525937e-05,4.8923330669651544e-05
586,7.5,4058.5842153812719,1.6387178459976377,0.94707664946153813,0,0.0038956806099715805,1.7497363780887136e-05,4.4264082694367072e-06,7.9727487155447859e-06,1.4293460040271059e-05,2.555039865258266e-05,4.4137325153247047e-05
587,7.5,4139.3367529552352,1.6067488054653414,2.8412299483846146,0,0.0039731918991646612,1.7845504031570258e-05,4.5144793013844351e-06,8.1313803112080804e-06,1.4577853096497317e-05,2.6058767930569564e-05,4.5015513412676083e-05
588,7.5,4187.0828018255397,1.5884267634568567,5.0721737953836694,0,0.0040190215153352183,1.8051346744656666e-05,4.5665525107443636e-06,8.2251734246687823e-06,1.4746004403798558e-05,2.6359348260552296e-05,4.5534754303572201e-05
589,7.5,4162.1186754103646,1.5979540474236635,8.2614393109945876,0,0.0039950593999621004,1.7943721430463855e-05,4.5393259189726269e-06,8.1761334894970552e-06,1.4658086123822181e-05,2.6202189175494034e-05,4.5263268064460152e-05
590,7.5,4345.2978968166408,1.5305911219808499,12.760683425788024,0,0.0041708861669114443,1.8733443487209255e-05,4.7391064279858064e-06,8.5359737255691803e-06,1.5303203914271342e-05,2.7355375085512273e-05,4.7255352108419801e-05
591,7.5,4463.3457539381325,1.4901096060867256,18.698414095102244,0,0.0042841958147177015,1.9242371278280079e-05,4.8678528043629595e-06,8.7678688523652029e-06,1.571894305853033e-05,2.8098533204076497e-05,4.8539129006203307e-05
592,7.5,4564.0124298831342,1.4572428286309274,26.077547913858339,0,0.004380821927849222,1.9676365340285001e-05,4.9776427663824615e-06,8.9656201047100494e-06,1.6073469423796753e-05,2.8732269887838646e-05,4.9633884608770909e-05
593,7.5,4646.3855098859731,1.4314082137779456,35.05639843001012,0,0.004459888714078407,2.0031492071695299e-05,5.0674812083499108e-06,9.1274351202268358e-06,1.63635696816533e-05,2.9250841123674366e-05,5.0529696355680337e-05
594,7.5,4101.4482899490249,1.6215916703200153,1.004708276327581,0,0.0039070809871878474,1.7548568324422292e-05,4.4393617759063119e-06,7.9960802850207489e-06,1.433528863262733e-05,2.5625169716185732e-05,4.4266489272804508e-05
595,7.5,4175.3603706895537,1.5928863122612884,3.0141248289827427,0,0.0039777812885395912,1.7866117173012021e-05,4.5196939257632555e-06,8.1407727773539063e-06,1.4594691811014082e-05,2.6088868120970504e-05,4.5067510327047772e-05
596,7.5,4240.2652435617747,1.5685043272535824,5.5035411834195997,0,0.004039800805998332,1.8144676471665252e-05,4.5901626659990848e-06,8.2676995143385101e-06,1.482224473007124e-05,2.6495632318029049e-05,4.5770179740170912e-05
597,7.5,4306.2376867557414,1.5444745197611898,9.0362720573816784,0,0.004102291788373613,1.8425353344622059e-05,4.6611671011273501e-06,8.3955911331201877e-06,1.5051527479065615e-05,2.6905488687617724e-05,4.6478190761706817e-05
598,7.5,4485.3714031620693,1.4827923454768801,13.735631544062208,0,0.0042726679844859233,1.9190594282328864e-05,4.8547544813289834e-06,8.7442764424951104e-06,1.567664683425897e-05,2.8022926220981602e-05,4.840852086806461e-05
599,7.5,4577.6583463867446,1.4528988141894217,19.681930287075506,0,0.0043607457591883329,1.9586193670285445e-05,4.9548315228858306e-06,8.9245329972365933e-06,1.5999808889670405e-05,2.8600597360221978e-05,4.940642541159007e-05
600,7.5,4604.1434278463821,1.4445410937905119,26.80301289174357,0,0.0043865477634957321,1.9702082805161384e-05,4.9841486606773563e-06,8.9773383776812188e-06,1.6094477820327276e-05,2.8769823629542479e-05,4.9698757244647986e-05
601,7.5,4892.6405489676963,1.3593629690684892,35.314566722113042,0,0.0046602807081718199,2.093154830588833e-05,5.2951735857777574e-06,9.537549596609788e-06,1.7098818601349857e-05,3.0565141716686803e-05,5.2800099781148279e-05
602,7.5,4341.3161341988471,1.5319949475314982,1.1378216057473312,0,0.0041049224956552725,1.8437169108519749e-05,4.6641562025532213e-06,8.4009750365251886e-06,1.5061179684462485e-05,2.6922742571217062e-05,4.6507996178089367e-05
603,7.5,4442.6578497650062,1.4970485254860235,3.4347250049472535,0,0.0042007459452996724,1.8867558025125471e-05,4.7730341503054666e-06,8.5970835889347335e-06,1.5412761034562728e-05,2.7551214867537568e-05,4.7593657755025349e-05
604,7.5,4454.3417948662045,1.493121697776985,6.4395421372053736,0,0.0042117936754352634,1.8917178662053639e-05,4.7855869668545223e-06,8.619693444584286e-06,1.5453295745961957e-05,2.7623673042996813e-05,4.7718826449797649e-05
605,7.5,4515.9267533496441,1.4727595788165497,10.489458511790911,0,0.0042700252056113806,1.9178724299137233e-05,4.8517516637379761e-06,8.7388678338367025e-06,1.5666950337543643e-05,2.800559316405123e-05,4.8378578682815835e-05
606,7.5,4662.0854321311599,1.4265878392943399,15.329661190112386,0,0.0044082252421715406,1.979944672387489e-05,5.0087793684991242e-06,9.0217026640722594e-06,1.6174013646347867e-05,2.8911998586219385e-05,4.9944358981702018e-05
607,7.5,4765.0237907299488,1.3957693970318601,21.092527056976888,0,0.0045055583943346194,2.0236616436139944e-05,5.1193726929421506e-06,9.2209009150535606e-06,1.653113417555027e-05,2.9550372490259042e-05,5.1047125202889649e-05
608,7.5,4788.2243574988552,1.389006422143451,27.780237510871039,0,0.0045274956422791781,2.033514710281086e-05,5.144298559673096e-06,9.2657968351464163e-06,1.6611623108879782e-05,2.9694251182184997e-05,5.1295670076670626e-05
609,7.5,5251.4874389790693,1.2664743961612885,35.670551870221075,0,0.0049655330912440976,2.2302582670955882e-05,5.6420119968214825e-06,1.016226727465225e-05,1.8218805883796233e-05,3.2567184711993973e-05,5.6258551598522225e-05
610,7.5,4360.335708012437,1.5253124595448326,1.2853913195394782,0,0.0040953696611189761,1.8394262762298154e-05,4.6533019385563753e-06,8.3814245761809501e-06,1.5026129824788062e-05,2.6860088890101684e-05,4.6399764367970117e-05
611,7.5,4594.8075599142785,1.4474761557486622,3.9329072007012487,0,0.004315100922761498,1.938118089135405e-05,4.902968266719586e-06,8.8311180468266936e-06,1.5832335549109142e-05,2.8301228935574337e-05,4.8889278040272926e-05
612,7.5,4630.7289096008226,1.4362478376655667,7.386285807335276,0,0.0043484909341813963,1.9531151393290604e-05,4.9409071630159897e-06,8.8994527480798246e-06,1.595484528277491e-05,2.8520222274147569e-05,4.926758056002734e-05
613,7.5,4645.4213662539178,1.4317052983705751,11.751364444284199,0,0.0043622345180582955,1.9592880398007187e-05,4.9565231026719996e-06,8.9275798333498685e-06,1.6005271225407822e-05,2.8610361605917006e-05,4.9423292768259435e-05
614,7.5,4758.6732002133522,1.3976320926873946,16.709485217366925,0,0.0044683136838028145,2.0069332637919746e-05,5.0770539529846774e-06,9.1446773362280236e-06,1.6394481345147496e-05,2.9306097536262081e-05,5.0625149670610877e-05
615,7.5,4963.0488379832186,1.340078367218376,22.522226707501385,0,0.0046597653229301155,2.0929233464410228e-05,5.2945879870790382e-06,9.5364948291801146e-06,1.7096927625395927e-05,3.0561761486194726e-05,5.2794260563750924e-05
616,7.5,5190.0711446528558,1.2814611202549251,29.057968024891323,0,0.0048720978192070864,2.1882920201549885e-05,5.5358475798148452e-06,9.9710462738307533e-06,1.7875986884776032e-05,3.1954375632459198e-05,5.5199947622589567e-05
617,7.5,5764.8299176697737,1.1536982839413912,36.232632016646164,0,0.0054111741405314853,2.4304169642721145e-05,6.1483649100241212e-06,1.107429894742482e-05,1.9853886674041052e-05,3.54899875814343e-05,6.1307580475192667e-05
618,7.5,3866.9295851868465,1.7199367706894115,1.3380614370642001,1,0.018593663159533431,8.3513029145376757e-05,2.1126769006117222e-05,3.8053069261631284e-05,6.8221142332042985e-05,0.00012194929556645162,0.00021066268999610438
619,7.5,4249.6779333093637,1.5650302181959364,4.1133168713214765,1,0.020434062293544046,9.1779141379369248e-05,2.3217894732645448e-05,4.1819558689490179e-05,7.4973664962567894e-05,0.0001340198260492322,0.00023151406440848811
620,7.5,4457.7081695896159,1.491994121239637,7.6893427830378132,1,0.021434350520981808,9.6271913953285408e-05,2.4354457127010471e-05,4.3866709747014161e-05,7.86437758466682e-05,0.00014058036463987053,0.00024284714100321122
621,7.5,4518.3759112340958,1.4719612785411358,12.204520231573103,1,0.02172606401819889,9.7582138710298878e-05,2.4685912183434468e-05,4.446371926681192e-05,7.9714088234446445e-05,0.00014249361084572155,0.00024615219980225766
622,7.5,4693.3666132957223,1.4170796639641388,17.408488325602928,1,0.022567485641868543,0.0001013613654273885,2.5641964798107461e-05,4.6185740099878307e-05,8.2801309071842022e-05,0.00014801219927020222,0.00025568534779694182
623,7.5,4988.9075620456533,1.3331324143641745,23.475588756311609,1,0.023988558544761767,0.00010774408311667706,2.7256637426232607e-05,4.9094052740354267e-05,8.8015301384205763e-05,0.00015733251651858405,0.00027178583524987103
624,7.5,5346.3674104858219,1.243998751411147,30.062415945794363,1,0.025707360986992743,0.00011546404648385156,2.9209600747800878e-05,5.261168709890406e-05,9.4321679263918029e-05,0.00016860553707669253,0.0002912595421222363
625,7.5,5909.8726373166055,1.1253837081418827,36.704882632293113,1,0.028416907707591178,0.00012763391598759571,3.2288282295713891e-05,5.8156940239283387e-05,0.00010426315076930505,0.00018637650082096955,0.00032195819444985607
626,7.5999999999999996,7766.387175601848,1.2096499386992605,2.2805807258773987,1,0.027799791576334863,0.00010263881495768147,2.3447579812484243e-05,4.6279326342914127e-05,9.4322326422098521e-05,0.0001620563735928267,0.00025044456003496919
627,7.5999999999999996,6301.2448518024621,1.4909133023444061,3.5139887592842824,1,0.014990206912235951,5.5344913979574164e-05,1.2643406768542588e-05,2.4954743841667218e-05,5.0860496044665946e-05,8.7384056996709207e-05,0.00013504474537729769
628,7.5999999999999996,6726.0461410143507,1.3967507171255744,6.6805097056975162,1,0.025147269819988723,9.2845515285874025e-05,2.121032506848746e-05,4.1863576690383559e-05,8.532254589292435e-05,0.00014659373763999256,0.00022654835051026185
629,7.5999999999999996,7050.4948266983902,1.3324752378097708,11.197761698782472,1,0.026361485358614403,9.7328485729934207e-05,2.2234448421114325e-05,4.3884925555838028e-05,8.9442275858041408e-05,0.0001536718974315661,0.0002374870539722546
630,7.5999999999999996,4748.1172074337901,1.97859685438536,17.138867145476681,1,0.021852943869253062,8.0682628713886844e-05,1.8431744141140943e-05,3.6379392201611694e-05,7.41451783643637e-05,0.00012738976211582254,0.00019687021385667226
631,7.5999999999999996,4735.6130898518941,1.983821227079029,23.636843299262839,1,0.021795602684332803,8.0470920965923187e-05,1.8383380037177488e-05,3.6283934240981761e-05,7.3950624604972109e-05,0.00012705549685846704,0.00019635363488197725
632,7.5999999999999996,7138.6040950896695,1.3160289666916303,29.785461364632283,1,0.026686597497250802,9.8528822953555836e-05,2.2508662448861705e-05,4.4426151583403101e-05,9.0545353669975557e-05,0.00015556710927348776,0.00024041594523027877
633,7.5999999999999996,7179.543003627934,1.3085247579315642,36.602247633939335,1,0.026834217254143075,9.9073845633677724e-05,2.2633171512972012e-05,4.467189957345979e-05,9.1046214939302368e-05,0.00015642764531049102,0.00024174583164204692
634,7.5999999999999996,6526.6517810091045,1.439422553263439,1.2693795677843953,0,0.0053964235721333928,1.9923981046137535e-05,4.5515834916288687e-06,8.9836230208270454e-06,1.8309605821504508e-05,3.1457963707010034e-05,4.8615649638027523e-05
635,7.5999999999999996,6741.572470732136,1.3935338990520769,3.8174669895587416,0,0.0041771303271234978,1.5422263347640281e-05,3.5231773757524539e-06,6.9538211124717615e-06,1.4172647630854448e-05,2.4350203884783902e-05,3.7631201806409189e-05
636,7.5999999999999996,6947.1191176722477,1.352302963538262,6.9233380104837785,0,0.0050142723300504316,1.8513051380916917e-05,4.2292601488593481e-06,8.3474419186722135e-06,1.7012999186904994e-05,2.9230247564394121e-05,4.5172900816422778e-05
637,7.5999999999999996,4763.4153033224484,1.9722424295712411,10.940291119829407,0,0.0035219805692689029,1.3003403674488981e-05,2.9705949510157777e-06,5.863169430282734e-06,1.1949780270642857e-05,2.0531067556851335e-05,3.1729046302387855e-05
638,7.5999999999999996,4901.2731498639123,1.9167692727230159,16.232155782232507,0,0.0043487422811012118,1.6055866932058484e-05,3.6679225252482594e-06,7.2395097875350901e-06,1.4754912382608898e-05,2.5350600267269081e-05,3.9177230674743475e-05
639,7.5999999999999996,4936.8885856956394,1.9029414190350289,22.44223298177884,0,0.0043801726872944487,1.6171910235349237e-05,3.694432326795911e-06,7.2918331303671057e-06,1.4861553075378024e-05,2.5533820980785563e-05,3.9460382950514004e-05
640,7.5999999999999996,4910.5650074000241,1.9131423281687947,29.257185296766718,0,0.0036304995525614676,1.3404063507314596e-05,3.0621246847886064e-06,6.0438249373000273e-06,1.2317975943513618e-05,2.1163669166474345e-05,3.2706679136487392e-05
641,7.5999999999999996,5049.9810405733733,1.860325750810113,36.374539207513372,0,0.0037332362866701217,1.3783374863393651e-05,3.1487774126003245e-06,6.2148545233371774e-06,1.2666552937104676e-05,2.1762563676841534e-05,3.3632220470227984e-05
642,7.5999999999999996,7156.3293518883556,1.3127693415064137,1.4780612569018021,0,0.0053914631835893546,1.9905666937541011e-05,4.5473996794600652e-06,8.9753652812110199e-06,1.8292775645416802e-05,3.1429047570108402e-05,4.8570962168946938e-05
643,7.5999999999999996,4659.4075446630386,2.0162670212529994,4.0413900336665822,0,0.0029417858878540643,1.0861283494139783e-05,2.4812329692218524e-06,4.8972981959646367e-06,9.9812291044045488e-06,1.7148875075668339e-05,2.6502150937990105e-05
644,7.5999999999999996,4732.106309342189,1.9852913600724755,7.1572972420047734,0,0.0029837848795932708,1.1016346769693229e-05,2.516656785553167e-06,4.9672154483812586e-06,1.0123728108303439e-05,1.7393704403871103e-05,2.6880514170648004e-05
645,7.5999999999999996,4809.4631423894125,1.9533593444307207,10.962585722483563,0,0.0037877856036882449,1.3984774835768164e-05,3.1947867310870057e-06,6.3056647597064977e-06,1.2851634126355962e-05,2.2080553992475689e-05,3.4123647884829233e-05
646,7.5999999999999996,4977.8767989286789,1.8872724557794143,15.491426627698354,0,0.004707409098094242,1.7380090423436963e-05,3.9704380601018664e-06,7.836595511232558e-06,1.5971838361938556e-05,2.7441416075379381e-05,4.2408411488970459e-05
647,7.5999999999999996,5150.0015664329258,1.8241955171653543,21.079358623866604,0,0.0048744567706512001,1.7996842355033475e-05,4.1113334917821286e-06,8.1146858606461417e-06,1.6538616895356846e-05,2.8415205391654237e-05,4.3913321363690776e-05
648,7.5999999999999996,5187.2713269232136,1.8110889480797276,27.763385363248148,0,0.0040905053595520526,1.5102437783737512e-05,3.4501140279461209e-06,6.8096133714649562e-06,1.3878736489645281e-05,2.3845231461926787e-05,3.6850809196921344e-05
649,7.5999999999999996,5519.8106016465463,1.701980457097406,35.671240721053934,0,0.0043542347177947596,1.6076145400402676e-05,3.6725550904739142e-06,7.2486532470988251e-06,1.4773547752778455e-05,2.538261793079366e-05,3.9226711293598416e-05
650,7.5999999999999996,4975.732831664347,1.888085652649294,1.6036000374598713,0,0.0033352610040221779,1.2314021710825208e-05,2.81310737069874e-06,5.5523305640656117e-06,1.1316256679854991e-05,1.9442602719277802e-05,3.0046915008714973e-05
651,7.5999999999999996,4979.7058957852041,1.8865792413228748,4.7596166890051581,0,0.0041724052133633796,1.5404817890340822e-05,3.5191920047934949e-06,6.9459550433643205e-06,1.4156615722081332e-05,2.4322659260980671e-05,3.7588633896016102e-05
652,7.5999999999999996,4846.7290161287656,1.9383402165911201,7.9302577676470669,0,0.0040609862987634375,1.4993451304119931e-05,3.4252163400648982e-06,6.760471914996787e-06,1.3778580829134944e-05,2.3673152763777788e-05,3.6584875973229717e-05
653,7.5999999999999996,4771.2123942135222,1.9690194010803594,11.261233810154614,0,0.0047972547498108288,1.7711806983108626e-05,4.0462178760636049e-06,7.9861648425301114e-06,1.6276677010298501e-05,2.7965163185507673e-05,4.3217818806051583e-05
654,7.5999999999999996,4918.5849524237892,1.9100228748213457,15.044037668532516,0,0.0049454317007517267,1.8258886863432729e-05,4.1711969023997199e-06,8.2328404138293352e-06,1.677942879160237e-05,2.882894733488114e-05,4.4552724903596117e-05
655,7.5999999999999996,5271.9817112803212,1.7819883082636832,19.928141152958752,0,0.0053007573789898904,1.957077463202469e-05,4.470894372326323e-06,8.8243640220566647e-06,1.7985018571543888e-05,3.0900286276454608e-05,4.7753805850952491e-05
656,7.5999999999999996,5472.780400150712,1.7166063835893697,26.345967106316579,0,0.0055026520724869837,2.0316184252448829e-05,4.6411813302875469e-06,9.1604654774074481e-06,1.8670030080735678e-05,3.2077213153259913e-05,4.9572647821311642e-05
657,7.5999999999999996,5926.4752279309869,1.5851934597828874,34.974870927837507,0,0.0059588232691776093,2.2000400873914815e-05,5.0259363926839566e-06,9.9198702960340214e-06,2.0217780120532385e-05,3.473642193438305e-05,5.3682232396509065e-05
658,7.5999999999999996,5278.1901347118919,1.7798922606251089,1.7877589150117239,0,0.0043931008722775762,1.6219642017171355e-05,3.705336532620263e-06,7.313355151142436e-06,1.4905417306542328e-05,2.5609184667227238e-05,3.9576851219395062e-05
659,7.5999999999999996,5180.8090836809915,1.8133479962567121,5.2415453135984809,0,0.0051747070679902555,1.9105387885849831e-05,4.3645779375632511e-06,8.61452347478638e-06,1.7557340596078933e-05,3.0165487375723353e-05,4.6618235658136803e-05
660,7.5999999999999996,4917.914421987789,1.9102832958781453,8.4970530873169565,0,0.0049122330078831787,1.8136314919509504e-05,4.1431956492763659e-06,8.1775733397146648e-06,1.6666788452665447e-05,2.8635418553935932e-05,4.425364237247824e-05
661,7.5999999999999996,4713.8494522757255,1.9929804432651157,11.597477629774568,0,0.0047086139552183033,1.7384538841946413e-05,3.9714542901517036e-06,7.8386012808041724e-06,1.5975926339599671e-05,2.7448439681138681e-05,4.2419265883742162e-05
662,7.5999999999999996,4744.2328870980446,1.9802168220767928,14.92950650397502,0,0.0047392780037508212,1.7497752698048186e-05,3.9973177115865663e-06,7.8896488401045594e-06,1.6079966846060495e-05,2.7627192981903876e-05,4.2695514147062053e-05
663,7.5999999999999996,5116.621874879389,1.8360961588749316,19.329631330212713,0,0.005111836736800505,1.8873266135167134e-05,4.3115503058861879e-06,8.5098609428235714e-06,1.734402691405143e-05,2.979899045968661e-05,4.6051845352985248e-05
664,7.5999999999999996,5623.939799853084,1.6704676979520507,25.492962588740994,0,0.0056177547754966244,2.0741151648441553e-05,4.7382640658915322e-06,9.3520811426151435e-06,1.9060563754181748e-05,3.2748193962207893e-05,5.060959249533663e-05
665,7.5999999999999996,6365.1615122122139,1.4759420876998921,34.538626821458934,0,0.0063567993664499882,2.3469757034134824e-05,5.3616071216759962e-06,1.0582395611440577e-05,2.1568079141733437e-05,3.7056387640726334e-05,5.7267545196863369e-05
666,7.5999999999999996,5356.9289920294341,1.7537305020954583,1.7622555047613448,0,0.0053155590535965344,1.9625423471273844e-05,4.4833787625687716e-06,8.849004909297186e-06,1.803523939352408e-05,3.0986571301407662e-05,4.7887152134303674e-05
667,7.5999999999999996,5234.261198147904,1.7948301422568851,5.1965276579083159,0,0.0051938385858953818,1.9176022815638133e-05,4.3807143100890179e-06,8.6463724099892024e-06,1.7622252207802442e-05,3.0277012831031812e-05,4.6790588913786e-05
668,7.5999999999999996,4938.9455679090061,1.9021488780770017,8.4728583760630798,0,0.004900803588731786,1.8094116688125921e-05,4.1335555691690481e-06,8.1585463690496216e-06,1.6628009406389056e-05,2.856879178751356e-05,4.4150676282140263e-05
669,7.5999999999999996,4752.7941770473153,1.9766498234345844,11.535163686220134,0,0.0047160897886222974,1.7412140152528186e-05,3.9777597403175318e-06,7.8510465731668402e-06,1.6001291205975469e-05,2.7492019376609015e-05,4.248661465513913e-05
670,7.5999999999999996,4781.3341412443133,1.9648511259321038,14.70074606356858,0,0.0047444093473288625,1.7516697984833688e-05,4.0016457148293617e-06,7.8981911747970228e-06,1.6097377058026398e-05,2.7657105685732348e-05,4.2741741726907822e-05
671,7.5999999999999996,5009.8486067827162,1.8752282769907171,18.85186176388919,0,0.0049711590649334355,1.8353874128511476e-05,4.1928965048359116e-06,8.2756696947481848e-06,1.6866719548285346e-05,2.8978922680197718e-05,4.4784499245704222e-05
672,7.5999999999999996,5493.3054286819533,1.7101925048313962,24.90606296545154,0,0.0054508822963768933,2.0125046543521276e-05,4.5975164001429222e-06,9.0742824441023351e-06,1.8494379637183011e-05,3.177542592024858e-05,4.9106260914582542e-05
673,7.5999999999999996,6236.6248544583268,1.5063612114115934,34.258369801826902,0,0.0061884612915957399,2.2848240845142751e-05,5.2196233073446331e-06,1.0302157082287374e-05,2.0996922383163112e-05,3.6075076040832901e-05,5.5751010262482963e-05
674,7.5999999999999996,5159.1571682754511,1.8209582426855644,1.6650237398501984,0,0.0050953654823521948,1.8812453087961408e-05,4.2976577177986837e-06,8.4824406451642382e-06,1.7288141349787795e-05,2.9702972769874497e-05,4.5903458050792572e-05
675,7.5999999999999996,5107.8722721021177,1.8392413260199232,4.9425999686416837,0,0.0050444456427446889,1.8624453405273185e-05,4.2547096618768454e-06,8.3976725321352669e-06,1.7115374668439412e-05,2.9406140164922691e-05,4.544472810698936e-05
676,7.5999999999999996,4883.1959384127558,1.9238650034459073,8.1105661256975665,0,0.0048221820551603897,1.7803840373867756e-05,4.0672426733211338e-06,8.0276622363488404e-06,1.6361253235467258e-05,2.8110474660138644e-05,4.3442385526416586e-05
677,7.5999999999999996,4832.3563071682956,1.944105354347645,11.165874239900804,0,0.0047715710049244797,1.7616980763582061e-05,4.0245550640798346e-06,7.9434081762421752e-06,1.618953425017168e-05,2.7815442114932877e-05,4.2986437424272169e-05
678,7.5999999999999996,4907.8731960648256,1.914191625491501,14.342935115174114,0,0.0048461349464169112,1.7892276158237897e-05,4.0874456064235221e-06,8.0675374875093772e-06,1.6442523356563198e-05,2.8250105875841699e-05,4.3658173882089426e-05
679,7.5999999999999996,5052.3984993477097,1.8594356268798646,18.409777767099666,0,0.0049889901208558076,1.8419707659827389e-05,4.2079360099247411e-06,8.3053537034863176e-06,1.6927218803200353e-05,2.908286720985996e-05,4.4945136815348409e-05
680,7.5999999999999996,5302.1034713795034,1.7718646611845927,24.494436765396841,0,0.0052359692622287578,1.9331572280113416e-05,4.4162491950599437e-06,8.7165088825496576e-06,1.7765198006319986e-05,3.0522609802680048e-05,4.7170138475131282e-05
681,7.5999999999999996,5691.3353000572524,1.6506863988117149,34.09470977047657,0,0.0056210548311966813,2.0753335689657047e-05,4.7410474795441229e-06,9.3575748656264594e-06,1.9071760562262025e-05,3.2767431338788112e-05,5.0639322250526422e-05
682,7.5999999999999996,4954.1128413875022,1.896325350605123,1.5856275716888033,0,0.0048438063253845934,1.78836787231605e-05,4.0854815439463498e-06,8.0636609471983568e-06,1.6434622543619312e-05,2.8236531389898767e-05,4.3637195650352489e-05
683,7.5999999999999996,4968.6896693438675,1.8907620310531663,4.7072808696342285,0,0.0048580186885375104,1.7936151782455141e-05,4.0974688827160297e-06,8.0873207861813865e-06,1.6482843882000854e-05,2.8319381076970043e-05,4.3765232906571327e-05
684,7.5999999999999996,4801.9186701351446,1.9564283396363931,7.7217186874477193,0,0.0046950909372023867,1.7334610894105732e-05,3.9600483757093884e-06,7.8160890197974227e-06,1.5930043890588973e-05,2.7369608469268895e-05,4.2297438844570246e-05
685,7.5999999999999996,4828.1269329004408,1.9458083644950475,10.753784551338631,0,0.0047207534116209043,1.7429358581546694e-05,3.9816932472351974e-06,7.8588102763622468e-06,1.6017114481829042e-05,2.7519205545573019e-05,4.2528628603583597e-05
686,7.5999999999999996,4892.9092405463489,1.9200457864680283,14.029687899726355,0,0.0047841505091237996,1.7663425191060159e-05,4.035165177033563e-06,7.9643497354072439e-06,1.6232215437117215e-05,2.7888773198244771e-05,4.3099764475160518e-05
687,7.5999999999999996,4989.9039020680993,1.8827235865179364,18.215284023762248,0,0.0048790715772056665,1.8013880550255509e-05,4.1152258247410976e-06,8.1223682973276222e-06,1.6554274541170845e-05,2.8442106989567145e-05,4.3954895531396543e-05
688,7.5999999999999996,5158.3249392792022,1.8212520307404774,24.506807889891647,0,0.0050437256833485633,1.8621795263789172e-05,4.2541024161226444e-06,8.3964739894859296e-06,1.7112931907493327e-05,2.9401943226663284e-05,4.5438242090225153e-05
689,7.5999999999999996,5388.3246531962905,1.7435122000877818,34.167492604019415,0,0.0052686331003301565,1.9452169502056298e-05,4.4437993279003853e-06,8.7708855644379346e-06,1.7876023628560313e-05,3.071302069607833e-05,4.7464402572036313e-05
690,7.5999999999999996,5092.2407424097255,1.8448872011569164,1.438852665320534,0,0.00495396967448545,1.8290409671931594e-05,4.1783982089278161e-06,8.2470538899140469e-06,1.6808397409704566e-05,2.8878718681451085e-05,4.462964235347918e-05
691,7.5999999999999996,4986.5400252822383,1.8839936555707808,4.2945142955541264,0,0.0048511390791328149,1.7910751773439578e-05,4.0916663143711424e-06,8.0758680496427892e-06,1.6459501952902416e-05,2.8279277015441427e-05,4.3703255436494247e-05
692,7.5999999999999996,4765.5371068915247,1.9713643100786671,7.1663688591117332,0,0.0046361371161340505,1.7116949178367106e-05,3.9103241027429877e-06,7.7179464449910037e-06,1.5730018594019079e-05,2.7025942495171886e-05,4.1766331849062823e-05
693,7.5999999999999996,4769.9632797164868,1.9695350299300178,10.216291992133181,0,0.0046404431038235714,1.7132847192295061e-05,3.9139559641454144e-06,7.7251147796515253e-06,1.5744628443711848e-05,2.7051043861409939e-05,4.1805123909408203e-05
694,7.5999999999999996,4853.7526357452934,1.9355353426326709,13.635886144141981,0,0.0047219573035263409,1.7433803436400079e-05,3.9827086631767451e-06,7.8608144390992347e-06,1.6021199184585527e-05,2.7526223524677541e-05,4.2539474302831338e-05
695,7.5999999999999996,4963.8669973102506,1.8925990112088245,18.1188114532032,0,0.0048290816983678911,1.7829314349113368e-05,4.0730621390657357e-06,8.0391483238892041e-06,1.6384663137553283e-05,2.815069550691089e-05,4.3504543478311876e-05
696,7.5999999999999996,5152.6420011316186,1.8232607211636791,24.76576864966982,0,0.0050127308405703459,1.8507360091718891e-05,4.2279599881183882e-06,8.3448757449472357e-06,1.700776904431498e-05,2.9221261590726362e-05,4.5159013746313691e-05
697,7.5999999999999996,5277.9146194857494,1.7799851737269778,34.377258577353558,0,0.0051346018957231856,1.8957316726975754e-05,4.3307514527479451e-06,8.5477589326749745e-06,1.7421267160441767e-05,2.993169789704792e-05,4.6256933588803906e-05
698,7.5999999999999996,5221.6059235666498,1.7991801580584335,1.2453003443068136,0,0.0050525987537701133,1.8654555273180007e-05,4.2615863580910508e-06,8.4112453132411812e-06,1.7143037480132948e-05,2.9453667989102665e-05,4.5518178380818641e-05
699,7.5999999999999996,4892.2516393452661,1.9203038730319246,3.7350346982262224,0,0.0047344062038730738,1.7479765665131411e-05,3.9932086190363481e-06,7.8815385772703749e-06,1.6063437243776598e-05,2.7598793264629385e-05,4.2651624761286964e-05
700,7.5999999999999996,7037.4296603268303,1.3349490118307195,6.236698611421498,0,0.0060289859969869736,2.2259446673476918e-05,5.0851147557898202e-06,1.0036672746458246e-05,2.0455836283540938e-05,3.5145429217727051e-05,5.4314318915892469e-05
701,7.5999999999999996,4677.3038660834372,2.008552371165083,9.7088420707117002,0,0.0045261914527251444,1.671102194070995e-05,3.8175910435494291e-06,7.5349158915813727e-06,1.5356982316956594e-05,2.6385024182695318e-05,4.0775846246874491e-05
702,7.5999999999999996,4770.2166371533176,1.9694304232874085,13.487645115071185,0,0.0046162088859226305,1.7043372729871526e-05,3.8935157476472032e-06,7.6847711937716331e-06,1.5662403805258708e-05,2.690977267744797e-05,4.1586801120069044e-05
703,7.5999999999999996,4925.9231067380633,1.9071775111614746,18.413531448293245,0,0.0047667964548882098,1.7599352784022097e-05,4.0205279963683105e-06,7.9354598087638666e-06,1.6173334608321739e-05,2.7787609306823837e-05,4.2943424149157676e-05
704,7.5999999999999996,5133.8638561237294,1.8299296658744666,25.265819176929153,0,0.0049679929811354464,1.8342184721121857e-05,4.1902260890400767e-06,8.2703989996455322e-06,1.6855977295464722e-05,2.8960466280717736e-05,4.4755976425249114e-05
705,7.5999999999999996,5154.925585626861,1.822453033478479,34.625381689836985,0,0.0049884016703656596,1.8417535058611865e-05,4.2074396846269222e-06,8.3043740885062763e-06,1.6925222240777838e-05,2.907943689088759e-05,4.4939835544520431e-05
706,7.5999999999999996,4928.8052124050328,1.906062294212141,1.0956774483483567,0,0.0047287615975422307,1.7458925375623864e-05,3.9884477071752259e-06,7.8721417953648311e-06,1.6044285574980805e-05,2.7565888541951023e-05,4.2600773266763452e-05
707,7.5999999999999996,6941.1160972973548,1.3534725019999958,3.169755712358659,0,0.0058942473813954552,2.1761982086543664e-05,4.9714702187712344e-06,9.812368461844093e-06,1.9998679630168631e-05,3.4359982630268929e-05,5.3100476962837529e-05
708,7.5999999999999996,6982.5503981583561,1.3454410258691898,5.758872047773516,0,0.0051871529615971261,1.9151339013482959e-05,4.3750753574048158e-06,8.6352426075280759e-06,1.7599568453657595e-05,3.0238039588156793e-05,4.673035902927992e-05
709,7.5999999999999996,4819.3671193278615,1.949345119031257,9.494283852663866,0,0.0046222460313531622,1.7065662301756105e-05,3.8986077444319008e-06,7.6948214498245262e-06,1.568288732580571e-05,2.6944965671346433e-05,4.1641188946217481e-05
710,7.5999999999999996,4936.2770297570551,1.903177174670009,13.867264330550656,0,0.004734245602948467,1.7479172715053441e-05,3.9930731610784228e-06,7.8812712190572579e-06,1.6062892338510209e-05,2.759785705604789e-05,4.2650177929292055e-05
711,7.5999999999999996,4965.3801910644852,1.8920222438933656,19.258990655546896,0,0.00476260940736002,1.7583893905660191e-05,4.0169964543843961e-06,7.9284894781252962e-06,1.6159128312471846e-05,2.7763201291511347e-05,4.2905703604628997e-05
712,7.5999999999999996,4955.8807691771854,1.8956488681710688,26.049360757020413,0,0.0047541916384445538,1.755281490193102e-05,4.0098965339426744e-06,7.9144761113830178e-06,1.6130567539085823e-05,2.7714130668070266e-05,4.2829869063685727e-05
713,7.5999999999999996,4844.018605505069,1.9394247908554336,34.920432742556031,0,0.0046472925379166244,1.7158135791906007e-05,3.9197330812912827e-06,7.7365172822489364e-06,1.5767867990546493e-05,2.7090972018685339e-05,4.1866829534186461e-05
714,7.5999999999999996,6550.1370509873987,1.4342615578501992,0.98700393782545393,0,0.0055167107677976442,2.0368089959100447e-05,4.6530390587691061e-06,9.1838694999322613e-06,1.8717730037209084e-05,3.2159167047526929e-05,4.9699300704736183e-05
715,7.5999999999999996,6600.1575476817543,1.4233917452745153,2.9610118134763614,0,0.0048637503958004549,1.7957313654821612e-05,4.1023032593745975e-06,8.0968625681834378e-06,1.6502291076844992e-05,2.8352793546663492e-05,4.3816869081604359e-05
716,7.5999999999999996,6742.4466092538869,1.3933532314497774,5.3984760393183437,0,0.0042591230201219285,1.5724986223149601e-05,3.5923336572965864e-06,7.0903173371498971e-06,1.445084185874961e-05,2.482817288149202e-05,3.8369862881176198e-05
717,7.5999999999999996,5025.0621118117178,1.8695509750613604,9.2456661830943254,0,0.0047814778722798865,1.7653557625049162e-05,4.0329109563306718e-06,7.9599004994352437e-06,1.6223147407808179e-05,2.787319330320614e-05,4.3075687051534192e-05
718,7.5999999999999996,5137.0773812145926,1.8287849439909096,14.005935859599013,0,0.0040735774882266892,1.5039938874426606e-05,3.4358363088895936e-06,6.7814329270466517e-06,1.3821301663186315e-05,2.3746551965280139e-05,3.66983082950794e-05
719,7.5999999999999996,4965.3124654436297,1.892048050603826,19.674018497654554,0,0.0039376038061050894,1.453791433370041e-05,3.3211500618654382e-06,6.555072582161547e-06,1.3359954534209778e-05,2.2953905669059403e-05,3.5473339794802305e-05
720,7.5999999999999996,4766.0857215561828,1.9711373902469482,26.457697414105478,0,0.003779516135584045,1.3954243369220481e-05,3.1878118941409229e-06,6.2918982747303162e-06,1.2823576524998783e-05,2.203234787521656e-05,3.4049149365824416e-05
721,7.5999999999999996,6688.64176867077,1.4045616577771189,35.030794565531217,0,0.0056318077667735474,2.0793036295393434e-05,4.7501169833375146e-06,9.3754756694270808e-06,1.9108244357354227e-05,3.2830114605325537e-05,5.0736193991893184e-05
722,7.5999999999999996,6261.1316174061822,1.5004651467099219,0.95306058494097246,0,0.0045633795039629914,1.6848322880508631e-05,3.848957098833543e-06,7.5968241959860146e-06,1.5483158209255149e-05,2.6601808567860275e-05,4.1110868367642791e-05
723,7.5999999999999996,6343.9225891961469,1.4808834185462387,2.859181754822917,0,0.0039632583624586376,1.4632632787080283e-05,3.3427882549433232e-06,6.5977806572350027e-06,1.3446998260129415e-05,2.3103456587719096e-05,3.5704458221039938e-05
724,7.5999999999999996,6430.9546328066317,1.4608421777625651,5.1498366007135594,0,0.0040181830034490933,1.483541848235274e-05,3.38911413835002e-06,6.6892157091016698e-06,1.3633352891670194e-05,2.3423634820543625e-05,3.6199266878513575e-05
725,7.5999999999999996,5055.5229561317346,1.8582864428470209,11.441076067045513,0,0.0039895679333608247,1.472976960093123e-05,3.3649789164044829e-06,6.641579158902938e-06,1.3536264394655902e-05,2.3256825854516811e-05,3.5941477584700066e-05
726,7.5999999999999996,4970.6442128703848,1.8900185506249332,16.723073145885316,0,0.0031380686717303479,1.1585973543643835e-05,2.646786593180444e-06,5.2240573008148688e-06,1.0647199881954455e-05,1.829308783231264e-05,2.8270435974061437e-05
727,7.5999999999999996,4770.3489725383452,1.9693757888497916,23.016746737658057,0,0.0030116182174501536,1.1119109439913357e-05,2.5401326597896723e-06,5.0135506204401672e-06,1.0218164254399883e-05,1.755595633247585e-05,2.7131260944584454e-05
728,7.5999999999999996,6861.8134765903906,1.3691147104088355,26.02515433233518,0,0.0050005329907492953,1.8462324759449344e-05,4.2176717794304051e-06,8.3245695397370208e-06,1.6966382778187422e-05,2.9150155327134368e-05,4.5049124968068095e-05
729,7.5999999999999996,6652.3018215634629,1.412234444989978,34.982698622300923,0,0.0045002296493876761,1.6615169109532956e-05,3.7956937047093236e-06,7.4916963312545945e-06,1.5268896128174243e-05,2.6233682195499206e-05,4.0541959874139892e-05
730,7.5999999999999996,6087.7607395203368,1.5431962872479299,0.94591921188545403,0,0.0037726574787170595,1.3928920718469818e-05,3.182026998097602e-06,6.2804804186449666e-06,1.2800305686077253e-05,2.1992365954613695e-05,3.3987360654323963e-05
731,7.5999999999999996,6190.8500833036251,1.5174991551189767,2.8377576356563625,0,0.0038364385519213395,1.4164404993682486e-05,3.2358227900688031e-06,6.3866590960360201e-06,1.3016709438235133e-05,2.2364171958948743e-05,3.4561955711029416e-05
732,7.5999999999999996,6236.0821528562265,1.50649230407887,5.0726627974813958,0,0.0038643163657076638,1.4267331872208978e-05,3.2593361772809885e-06,6.4330683087958223e-06,1.3111296487374255e-05,2.2526683155966266e-05,3.4813103162595071e-05
733,7.5999999999999996,6224.5324572836598,1.5092876188457107,8.2960554407647304,0,0.0070717333079878941,2.6109344181073765e-05,5.9646141841150629e-06,1.1772572203347991e-05,2.3993789148184732e-05,4.1224030466605893e-05,6.3708288320813561e-05
734,7.5999999999999996,6537.864071407661,1.436953975835529,12.818299604991145,0,0.0074281314887388924,2.7425191705502536e-05,6.2652162503297254e-06,1.2365881245601282e-05,2.5203017837857868e-05,4.3301621464689278e-05,6.6919031298161275e-05
735,7.5999999999999996,6705.8978477398432,1.4009473428003167,18.697965994744262,0,0.0076189450457376379,2.8129688978959911e-05,6.4261568852530737e-06,1.2683535529114489e-05,2.5850431994168253e-05,4.4413951857334675e-05,6.863804480946899e-05
736,7.5999999999999996,6832.0540955463866,1.3750783643539304,26.005001126110912,0,0.0049394620944013048,1.8236846650653119e-05,4.1661618710770473e-06,8.2229025925449096e-06,1.6759174425405062e-05,2.8794148053948776e-05,4.4498945527879998e-05
737,7.5999999999999996,6846.7427241193345,1.3721283461968967,35.010103669303554,0,0.0035352466127959079,1.3052382854172757e-05,2.9817841217525878e-06,5.8852538964910418e-06,1.1994790827087068e-05,2.0608400759152792e-05,3.1848558293166733e-05
738,7.5999999999999996,6136.4908434046029,1.5309417076664698,0.98219771836094905,0,0.0037659482646514772,1.3904149821209747e-05,3.1763681487551598e-06,6.269311345438322e-06,1.2777541893859895e-05,2.1953255197321118e-05,3.3926918252796547e-05
739,7.5999999999999996,6234.3659888786797,1.5069070034772249,2.9465931550828475,0,0.0038261613339716687,1.4126460771384287e-05,3.2271545276660615e-06,6.3695502367093565e-06,1.2981839712557581e-05,2.2304261845343268e-05,3.4469369645384958e-05
740,7.5999999999999996,6301.6873212528217,1.4908086187008369,5.3344031145891151,0,0.0038675058833026747,1.4279107798849999e-05,3.2620263581827765e-06,6.4383780149945422e-06,1.3122118249073425e-05,2.2545276160649008e-05,3.4841837094956144e-05
741,7.5999999999999996,6334.9497339995387,1.4829809493926731,8.7290335574159368,0,0.0045354014493417822,1.6745025905664159e-05,3.8253591640458841e-06,7.5502481086545885e-06,1.5388231051496043e-05,2.6438713025951433e-05,4.0858817859961722e-05
742,7.5999999999999996,6627.6330212635785,1.4174909414478092,13.334428275984473,0,0.0047448453301276649,1.7518307664449023e-05,4.0020134420996799e-06,7.8989169712538157e-06,1.6098856310550653e-05,2.7659647208071781e-05,4.2745669436938634e-05
743,7.5999999999999996,6780.9575782277589,1.3854399857987065,19.248312857114858,0,0.0048548012688464917,1.7924272839283897e-05,4.0947551679463254e-06,8.0819646303464082e-06,1.6471927450865038e-05,2.8300625419539271e-05,4.3736247608003439e-05
744,7.5999999999999996,4518.2171729608854,2.0792736186085112,30.353214291772893,0,0.0024385293867082969,9.003224567492223e-06,2.0567640682818879e-06,4.0595087547465046e-06,8.2737226346250195e-06,1.4215186765856571e-05,2.1968381227231482e-05
745,7.5999999999999996,4646.3855098859731,2.0219178436427354,35.05639843001012,0,0.0021494598752620454,7.9359592963203272e-06,1.8129499942669695e-06,3.5782842024230237e-06,7.2929343886972918e-06,1.2530082163090129e-05,1.9364193119745509e-05
746,7.5999999999999996,6364.857796124541,1.4760125161950552,1.0775399693300178,0,0.0038859883061740158,1.4347346223438623e-05,3.2776152551071968e-06,6.4691463780350281e-06,1.3184827536600094e-05,2.2653017775096517e-05,3.5008342741291045e-05
747,7.5999999999999996,6522.9889845311154,1.4402308195154494,3.2467933664602264,0,0.0039825933581637066,1.4704018971431014e-05,3.3590962496893908e-06,6.6299683293481803e-06,1.3512600254707529e-05,2.3216168198480367e-05,3.5878644580651215e-05
748,7.5999999999999996,6580.0025190006982,1.4277516982331264,6.0091016294166471,0,0.004017652520327532,1.4833459900799975e-05,3.3886667053072998e-06,6.688332594513032e-06,1.3631553007594951e-05,2.3420542417109725e-05,3.6194487827864204e-05
749,7.5999999999999996,6649.3333815162114,1.4128649041716863,9.7957463626955139,0,0.0040598501558588079,1.4989256583413714e-05,3.4242580666418207e-06,6.7585805364909027e-06,1.3774725992971214e-05,2.3666529721353103e-05,3.6574640615561458e-05
750,7.5999999999999996,6865.1217108462915,1.3684549475705341,14.549555830657274,0,0.0048902076858796505,1.8054995858418848e-05,4.1246185137552129e-06,8.140906983349722e-06,1.6592058409964799e-05,2.8507023929058797e-05,4.4055219227338625e-05
751,7.5999999999999996,4573.1242516675247,2.0543088824791687,22.69835610378329,0,0.0028207580746030547,1.0414440168178381e-05,2.3791527322912553e-06,4.6958187837671442e-06,9.5705920362715526e-06,1.6443354371835988e-05,2.5411827747673594e-05
752,7.5999999999999996,4692.180766808222,2.0021841096441868,30.780732052095566,0,0.0025324193702072791,9.3498730888047091e-06,2.1359550534243549e-06,4.2158108325785962e-06,8.5922833564577401e-06,1.4762509942750021e-05,2.2814223382001812e-05
753,7.5999999999999996,4892.6405489676963,1.9201512305790942,35.314566722113042,0,0.0033690593079326587,1.2438807461517829e-05,2.8416143624253336e-06,5.6085958325376839e-06,1.1430931448016614e-05,1.9639626878623778e-05,3.0351399354561442e-05
754,7.5999999999999996,6438.242336035767,1.459188592249552,1.2077408317462424,0,0.0045433143402785663,1.6774240863855871e-05,3.8320332479604446e-06,7.5634209866228911e-06,1.5415078816877033e-05,2.6484840508825889e-05,4.0930104023522553e-05
755,7.5999999999999996,6689.8367958377221,1.4043107563889494,3.6743779899606035,0,0.0047201860534454741,1.742726385466276e-05,3.9812147121330851e-06,7.8578657745273342e-06,1.6015189483834932e-05,2.7515898182343838e-05,4.2523517350564392e-05
756,7.5999999999999996,6745.3334290281036,1.3927569140544491,6.8771444558901864,0,0.0047590953176855303,1.7570919635732508e-05,4.0140325149647578e-06,7.9226394449551767e-06,1.6147205305335493e-05,2.7742716223212756e-05,4.2874045646329764e-05
757,7.5999999999999996,6818.2524248430909,1.3778618310831598,11.055650312942346,0,0.0048106747496900488,1.7761354580634787e-05,4.0575369004306579e-06,8.0085056054896778e-06,1.6322209927540578e-05,2.8043393862456124e-05,4.3338717768771926e-05
758,7.5999999999999996,4599.9469487365641,2.0423300258847226,17.415014178758732,0,0.0027949911002446582,1.0319306659499772e-05,2.3574197208715203e-06,4.6529235623433673e-06,9.4831668856308034e-06,1.6293148122572748e-05,2.5179696562844338e-05
759,7.5999999999999996,4765.0237907299488,1.9715766769429595,21.092527056976888,0,0.0036191175778674711,1.3362040444254491e-05,3.0525246214453854e-06,6.0248769491525674e-06,1.2279357872242569e-05,2.1097318973230283e-05,3.2604140466845215e-05
760,7.5999999999999996,4788.2243574988552,1.9620237209997407,27.780237510871039,0,0.0065461298537224707,2.4168778708295518e-05,5.5212968696752999e-06,1.0897580974722404e-05,2.2210461368705677e-05,3.8160072612381311e-05,5.8973197933717979e-05
761,7.5999999999999996,5251.4874389790693,1.7889426338812462,35.670551870221075,0,0.0047863141092392095,1.7671413357132493e-05,4.036990053534852e-06,7.9679515593828537e-06,1.6239556348137076e-05,2.7901385709660391e-05,4.3119256055790088e-05
762,7.5999999999999996,6130.3390913623634,1.5324779968727151,1.2997754098210972,1,0.023271794884838562,8.5921127946563398e-05,1.9628466150319096e-05,3.8741405204549236e-05,7.8959219083658388e-05,0.00013566082593379812,0.00020965245063631681
763,7.5999999999999996,6597.3065471509253,1.4240068585169199,3.9795880613527159,1,0.025039790882602775,9.2448695376778179e-05,2.1119672555658432e-05,4.1684652585696814e-05,8.4957879007283105e-05,0.00014596719888402562,0.00022558008730898073
764,7.5999999999999996,6797.4454450285393,1.3820794660076969,7.4663026958287899,1,0.025795201691556226,9.5237726007612423e-05,2.175681960712149e-05,4.2942212494177632e-05,8.7520923579370604e-05,0.00015037079795187012,0.00023238548105355318
765,7.5999999999999996,6861.4716059945658,1.3691829261049246,11.907911812156463,1,0.026037177030292263,9.6131116231371971e-05,2.1960912362712364e-05,4.3345037660602087e-05,8.8341925306080943e-05,0.00015178137132925614,0.0002345654041325682
766,7.5999999999999996,4758.6732002133522,1.9742078044906077,16.709485217366925,0,0.0043070406412161607,1.5901901500776717e-05,3.6327495086869196e-06,7.1700875475885913e-06,1.4613422268239732e-05,2.5107504324837692e-05,3.8801546244697637e-05
767,7.5999999999999996,4963.0488379832186,1.8929110064327082,22.522226707501385,0,0.004491582293593384,1.658324245465835e-05,3.7884001404897194e-06,7.477300762866665e-06,1.5239556386051444e-05,2.6183273216088625e-05,4.0464057016076353e-05
768,7.5999999999999996,5190.0711446528558,1.8101119443344098,29.057968024891323,0,0.0046962511587697164,1.7338894514953465e-05,3.9610269581467938e-06,7.8180204829307731e-06,1.5933980423605601e-05,2.7376371876082554e-05,4.230789112365209e-05
769,7.5999999999999996,5764.8299176697737,1.6296421412340525,36.232632016646164,0,0.0052158708159745944,1.9257367381837339e-05,4.3992972721882419e-06,8.6830502664795381e-06,1.7697005689015851e-05,3.0405447725912081e-05,4.6989074292844554e-05
770,7.5999999999999996,4693.3666132957223,2.0016782290707353,17.408488325602928,1,0.021752966489780434,8.0313505092097516e-05,1.8347418775672264e-05,3.6212956213815951e-05,7.3805963626168649e-05,0.00012680695301402913,0.00019596953117541121
771,7.5999999999999996,4988.9075620456533,1.8830995872429692,23.475588756311609,1,0.023122749181868227,8.5370840571731703e-05,1.9502754379908564e-05,3.8493283390080491e-05,7.8453519700669261e-05,0.00013479197747295112,0.00020830971806931137
772,7.5999999999999996,5346.3674104858219,1.757194941832068,30.062415945794363,1,0.024779515581180196,9.1487740384457017e-05,2.0900144798172672e-05,4.1251362804352203e-05,8.40747870649216e-05,0.00014444994752735614,0.00022323530234274249
773,7.5999999999999996,5909.8726373166055,1.5896467398571801,36.704882632293113,1,0.027391267725438654,0.00010113051573814237,2.3103012639277576e-05,4.5599241797583077e-05,9.2936239770706252e-05,0.00015967492070960532,0.00024676422394969479
774,7.7000000000000002,7766.387175601848,1.7086759542633272,2.2805807258773987,1,0.028372359187310205,8.6188548687724876e-05,2.1349120716694773e-05,4.2444991711939222e-05,7.5014680200430673e-05,0.00013085829295207948,0.00020483466754531605
775,7.7000000000000002,8439.3505335387072,1.572424200856793,5.0208980108145109,1,0.022023682838749097,6.690276434536046e-05,1.6571983332318327e-05,3.2947384790446998e-05,5.8229191096783845e-05,0.00010157708499918142,0.0001590003045787019
776,7.7000000000000002,9037.9024874981405,1.4682874745336405,8.9858527516730167,1,0.02358609154198639,7.1648994212960646e-05,1.7747636431661096e-05,3.5284745036796528e-05,6.2360098521223033e-05,0.00010878318775747965,0.00017028013736189386
777,7.7000000000000002,9395.721610125549,1.4123703925144957,14.244823858004896,1,0.024519245979556504,7.448369774059856e-05,1.8449799639291501e-05,3.6680742179901135e-05,6.4827298419892131e-05,0.00011308705956295497,0.00017701705965045703
778,7.7000000000000002,9483.7302972856851,1.3992636444172177,20.387855222369758,1,0.024748631606380508,7.5180517280181561e-05,1.8622403595325257e-05,3.7023902611682832e-05,6.5433779161418702e-05,0.00011414502627470298,0.00017867311258211398
779,7.7000000000000002,9333.9030516543298,1.4217245395641807,27.005382479107606,1,0.023139634346951966,7.0292762345276557e-05,1.7411694380148866e-05,3.4616845979905718e-05,6.1179694611643748e-05,0.0001067240489304022,0.00016705693302719783
780,7.7000000000000002,9089.5650674914668,1.4599421336352527,33.619715400260503,1,0.032020555216637721,9.7270909481912614e-05,2.4094249414456177e-05,4.7902685561296415e-05,8.4660274232346256e-05,0.00014768441240166946,0.00023117287283427453
781,7.7000000000000002,6526.6517810091045,2.0332383990613643,1.2693795677843953,0,0.0055075689145012742,1.6730697944596805e-05,4.1442360444877207e-06,8.2393119086655253e-06,1.4561655520980808e-05,2.5401873059252636e-05,3.9761975383751558e-05
782,7.7000000000000002,6741.572470732136,1.9684189521156037,3.8174669895587416,0,0.004973690131305995,1.5108899870104996e-05,3.7425125742866273e-06,7.4406303334640192e-06,1.3150114594024649e-05,2.2939530546561119e-05,3.5907629598004781e-05
783,7.7000000000000002,6947.1191176722477,1.9101787077024202,6.9233380104837785,0,0.0051175468427716265,1.5545902697341058e-05,3.8507592758989529e-06,7.6558396816029832e-06,1.3530462422488153e-05,2.360302291135932e-05,3.694620525795217e-05
784,7.7000000000000002,7169.9880217052296,1.8508035129595528,10.971343243114916,0,0.0052756421887296496,1.602615914455607e-05,3.9697200081850098e-06,7.8923499980198749e-06,1.3948456278406973e-05,2.4332186353819485e-05,3.8087576950590869e-05
785,7.7000000000000002,7416.1274028346052,1.7893758153855042,15.865052713364596,0,0.0054591983389479905,1.6583759521936762e-05,4.1078390268902229e-06,8.1669496258921167e-06,1.4433766851861492e-05,2.5178779487645686e-05,3.9412763296839026e-05
786,7.7000000000000002,9847.4535930956627,1.3475807621732896,25.849709139272775,0,0.0063160069435289146,1.9186542379874546e-05,4.7525549001645983e-06,9.4487335579248494e-06,1.6699113312523885e-05,2.9130530931433269e-05,4.5598505712922479e-05
787,7.7000000000000002,9960.5460479733974,1.3322802740468183,32.81586225214005,0,0.0071396301564559499,2.1688515829422999e-05,5.372300028927656e-06,1.0680872211452271e-05,1.8876719746852619e-05,3.2929225533027891e-05,5.1544665702253569e-05
788,7.7000000000000002,7156.3293518883556,1.854335982307509,1.4780612569018021,0,0.0055025063612409849,1.6715319099458196e-05,4.1404266657901274e-06,8.2317383392716068e-06,1.4548270458028832e-05,2.5378523676381552e-05,3.9725426205477171e-05
789,7.7000000000000002,7231.8982988553416,1.8349592970009483,4.406485826076989,0,0.0055559523828886117,1.6877675532651876e-05,4.1806427634522703e-06,8.3116934790924885e-06,1.468957827791838e-05,2.5625026094869768e-05,4.0111280550670568e-05
790,7.7000000000000002,7182.4770723367346,1.8475852947112348,7.5533982622536113,0,0.0055084928000081563,1.6733504491294809e-05,4.1449312331776923e-06,8.2406940395071472e-06,1.4564098214427025e-05,2.5406134181125355e-05,3.9768645388857682e-05
791,7.7000000000000002,7174.1028182201535,1.8497419614265032,11.13806385853014,0,0.0054953684610432058,1.6693635838836021e-05,4.1350556674892791e-06,8.2210600550748214e-06,1.4529398312180682e-05,2.5345602429721124e-05,3.9673894029237223e-05
792,7.7000000000000002,7381.6074983817743,1.7977437870218795,15.313360672277659,0,0.0056552159652457409,1.7179214930360188e-05,4.2553348321844947e-06,8.4601915966663756e-06,1.4952024761022244e-05,2.6082847133078382e-05,4.0827915454283858e-05
793,7.7000000000000002,7784.7929099261864,1.7046360991220995,20.558606678249106,0,0.0068254105883508416,2.0733990745150989e-05,5.1358617600217692e-06,1.0210800375835741e-05,1.8045943558714394e-05,3.1479989816571691e-05,4.9276152874535331e-05
794,7.7000000000000002,8013.0945334379467,1.6560691956240374,27.10015832954176,0,0.0061518103656181891,1.8687751826146257e-05,4.6290032229867588e-06,9.203095810900041e-06,1.6264988194458722e-05,2.8373227537939622e-05,4.4413086085799442e-05
795,7.7000000000000002,8614.7431258698889,1.5404102971567091,35.341822158118589,0,0.0075632132397077537,2.2975261529811326e-05,5.6910301816862309e-06,1.1314551643580063e-05,1.9996645986284206e-05,3.4882864947775644e-05,5.4602730048009821e-05
796,7.7000000000000002,7652.2254525945173,1.7341672825322501,1.6778219568255393,0,0.0052109694149865193,1.58296984811431e-05,3.9210562067502986e-06,7.7955996598688263e-06,1.3777465653059696e-05,2.4033904187129332e-05,3.7620670902297485e-05
797,7.7000000000000002,7588.0242252738935,1.7488398329370063,4.9552155314364921,0,0.0051676600433716406,1.5698134804699397e-05,3.8884675525370182e-06,7.7308089279065358e-06,1.366295847937268e-05,2.3834153775084462e-05,3.730799825221e-05
798,7.7000000000000002,7314.2726751220089,1.814293725141795,8.1696738023922535,0,0.0049816460545974578,1.5133068092332661e-05,3.7484991038395935e-06,7.4525323785473194e-06,1.3171149539954531e-05,2.2976224659091746e-05,3.5965067504090214e-05
799,7.7000000000000002,7120.4221706585067,1.8636871101735111,11.409467583078358,0,0.0048500920087714032,1.473343786740525e-05,3.6495096900031092e-06,7.2557277932149737e-06,1.2823329162679453e-05,2.2369474344319309e-05,3.5015311121016031e-05
800,7.7000000000000002,7259.0871400687383,1.8280864745652154,14.996619861192935,0,0.0049450323552848331,1.5021844292259832e-05,3.720948688262605e-06,7.3977583587483998e-06,1.3074345290200084e-05,2.2807355861150769e-05,3.570073435939846e-05
801,7.7000000000000002,7753.8122426664495,1.7114470409057088,19.666147393109608,0,0.0061625804965710473,1.8720468948817492e-05,4.6371073367239781e-06,9.2192079049283376e-06,1.6293463723187641e-05,2.8422901269406819e-05,4.4490841205794362e-05
802,7.7000000000000002,8270.8969934890629,1.6044497989633317,25.968051709328723,0,0.0065719718994268553,1.9964103664719276e-05,4.9451587899797495e-06,9.8316566120110326e-06,1.7375868078753871e-05,3.0311086167014094e-05,4.7446448504653954e-05
803,7.7000000000000002,5926.4752279309869,2.2391452774337797,34.974870927837507,0,0.0050679598820784558,1.5395269182948952e-05,3.8134469747672947e-06,7.5816576891311248e-06,1.3399357709836227e-05,2.337431915831039e-05,3.6588211460499077e-05
804,7.7000000000000002,7958.6265058111549,1.6674031641967886,1.7579210146630875,0,0.0053965429325538924,1.6393427145665345e-05,4.0606932176245828e-06,8.0732172651973768e-06,1.426811001513346e-05,2.4889801772721733e-05,3.8960421662013262e-05
805,7.7000000000000002,7806.7519523402061,1.6998412527340481,5.1765775755714776,0,0.0052937439713664908,1.6081148099257718e-05,3.9833409108441776e-06,7.9194302280747539e-06,1.3996316219365555e-05,2.441567494775728e-05,3.8218263038551199e-05
806,7.7000000000000002,7389.3163309035526,1.7958683082697706,8.4304390182924802,0,0.0050108200687817659,1.5221691880201005e-05,3.770451439438458e-06,7.4961766445063799e-06,1.3248283744049111e-05,2.311078032538353e-05,3.6175689731764452e-05
807,7.7000000000000002,7117.4338528780554,1.8644695957495838,11.519782501021188,0,0.004826491683613595,1.466174563481785e-05,3.6317513433171328e-06,7.2204217547178201e-06,1.2760931431399814e-05,2.2260625508631155e-05,3.4844928223853812e-05
808,7.7000000000000002,7185.0648406974087,1.8469198695723803,14.78624029619114,0,0.0048725028438764339,1.4801516709204433e-05,3.6663729906846129e-06,7.2892543570093624e-06,1.2882581959294983e-05,2.2472837043420712e-05,3.5177106477117581e-05
809,7.7000000000000002,7644.6399502759768,1.7358880345922489,19.073608771597499,0,0.0051848539316174409,1.5750365789948847e-05,3.9014052992124209e-06,7.7565309497966088e-06,1.3708418006359689e-05,2.391345500097831e-05,3.7432129783161963e-05
810,7.7000000000000002,8319.1286351966883,1.5951477132239589,25.195276731010683,0,0.0056419434061669143,1.7138896020084732e-05,4.2453477365001825e-06,8.4403358752447672e-06,1.4916932974394053e-05,2.6021631764532727e-05,4.0732094017355095e-05
811,7.7000000000000002,6365.1615122122139,2.0848236125649979,34.538626821458934,0,0.0054064372632478637,1.6423483793303279e-05,4.068138324991296e-06,8.0880191638173763e-06,1.4294269984697695e-05,2.4935436159907115e-05,3.9031853929062436e-05
812,7.7000000000000002,7835.6497892056213,1.6935722467753742,1.7187710917524239,0,0.0052738884687593994,1.6020831756091728e-05,3.9684004006366577e-06,7.8897264365066805e-06,1.3943819556382523e-05,2.4324097889969584e-05,3.8074915943280825e-05
813,7.7000000000000002,7716.1906015908071,1.7197915012252414,5.0772043845275094,0,0.0051932153527253413,1.5775765819093379e-05,3.9076969504430144e-06,7.7690396187896194e-06,1.3730525062254809e-05,2.3952019340503615e-05,3.7492495186741417e-05
814,7.7000000000000002,7350.7395974059982,1.8052930378778327,8.2898793744259205,0,0.0049469447639222293,1.5027653739541495e-05,3.7223877029948616e-06,7.4006193181853019e-06,1.3079401574783249e-05,2.2816176224944427e-05,3.5714541021892248e-05
815,7.7000000000000002,7181.5660836132811,1.8478196627236576,11.345894536242483,0,0.0044298987840516741,1.3456989759304097e-05,3.3333302768053865e-06,6.6271195825654052e-06,1.1712365489667866e-05,2.0431469551209043e-05,3.1981719909159545e-05
816,7.7000000000000002,7248.3753837097738,1.8307880477981182,14.529218158954002,0,0.004877471101036205,1.4816609104985874e-05,3.6701114151545448e-06,7.2966868596284458e-06,1.2895717709464126e-05,2.2495751516150401e-05,3.5212974883297089e-05
817,7.7000000000000002,7534.229030733838,1.7613267348679766,18.653905135870215,0,0.005070086219944132,1.5401728496869678e-05,3.8150469631037989e-06,7.5848386862589834e-06,1.3404979609444179e-05,2.3384126201196911e-05,3.6603562588226224e-05
818,7.7000000000000002,8100.2200647178524,1.6382566044410525,24.733698148715565,0,0.0054516684781428159,1.6560885577252288e-05,4.1021730931464588e-06,8.1556849694228487e-06,1.4413858387552094e-05,2.5144050449971137e-05,3.9358401355186307e-05
819,7.7000000000000002,6236.6248544583268,2.1277917668823005,34.258369801826902,0,0.0063159195312596185,1.9186276841976256e-05,4.7524891257580005e-06,9.4486027893475422e-06,1.6698882200144983e-05,2.9130127770727891e-05,4.5597874638749106e-05
820,7.7000000000000002,7634.549212486766,1.7381823928445803,1.6231667857811403,0,0.0051053908654049998,1.5508975699476919e-05,3.8416123654670002e-06,7.6376543641547332e-06,1.3498322805593376e-05,2.3546957413356167e-05,3.6858444999239001e-05
821,7.7000000000000002,7594.6325380030821,1.7473181160571598,4.8204012795953091,0,0.0046550808506751681,1.4141039872467121e-05,3.5027712137342393e-06,6.9639914968257599e-06,1.2307732290261189e-05,2.1470048706619961e-05,3.3607425175664856e-05
822,7.7000000000000002,7273.3205790509091,1.824509022285056,7.9135494183796569,0,0.0044578207362098608,1.3541810077457919e-05,3.3543404833707088e-06,6.6688907662766795e-06,1.178618932285319e-05,2.0560250488007001e-05,3.2183302856484432e-05
823,7.7000000000000002,7231.7113335027716,1.8350067371981706,10.957320448730561,0,0.0037872218816538952,1.1504688608486808e-05,2.8497403616862269e-06,5.6656762420366763e-06,1.0013169381677831e-05,1.7467331045408728e-05,2.7341904489771334e-05
824,7.7000000000000002,7333.741194145714,1.8094774095714139,14.18636122669203,0,0.0044944478151943464,1.3653074521824443e-05,3.3819009666416746e-06,6.7236848020375255e-06,1.1883028947593525e-05,2.0729180995339448e-05,3.2447732595915433e-05
825,7.7000000000000002,7517.9219774646863,1.7651472119859846,18.330710567297189,0,0.0050264811204117094,1.526926646862339e-05,3.7822357848850501e-06,7.5196055459327553e-06,1.3289690550295525e-05,2.3183011840168716e-05,3.628875492605624e-05
826,7.7000000000000002,7853.5137746228065,1.6897199647539045,24.537840265111118,0,0.0048137608748984005,1.4623072434625376e-05,3.6221718941677864e-06,7.2013764907397582e-06,1.2727271997647464e-05,2.2201908787706695e-05,3.4753017961702395e-05
827,7.7000000000000002,8354.7205196657451,1.5883522359860898,34.152485400340886,0,0.007450007234941553,2.2631368334708312e-05,5.6058469706020673e-06,1.1145195690403204e-05,1.9697336641289617e-05,3.4360739013945799e-05,5.3785437619229721e-05
828,7.7000000000000002,7570.9615395859128,1.7527811955013255,1.5031691987918834,0,0.0050278639925378016,1.5273467308630446e-05,3.7832763435414799e-06,7.521674319824385e-06,1.3293346774637395e-05,2.3189389888768648e-05,3.6298738591860541e-05
829,7.7000000000000002,7468.4694287251423,1.7768351527837964,4.4758621429580501,0,0.0041333695805688617,1.2556203838648565e-05,3.1102033341572283e-06,6.1835124964897009e-06,1.0928361479902598e-05,1.9063824896704746e-05,2.9840922930949654e-05
830,7.7000000000000002,9630.0456030355854,1.3780037567285148,9.2377516193931761,0,0.004965049967296107,1.5082653085637062e-05,3.7360111796284899e-06,7.4277046656558402e-06,1.3127270559949016e-05,2.2899680595920935e-05,3.5845251805914302e-05
831,7.7000000000000002,7198.7351862824517,1.8434125822182006,10.466646740184515,0,0.0031077455806060475,9.4405995467210001e-06,2.3384602993045348e-06,4.6491810758774189e-06,8.2166780469116698e-06,1.4333467263778517e-05,2.2436415266573193e-05
832,7.7000000000000002,7320.7938782107531,1.8126775919681104,13.819311546002936,0,0.0038087192510966351,1.1569992556623143e-05,2.8659163142143379e-06,5.6978362630557846e-06,1.007000703424142e-05,1.7566480680786787e-05,2.7497105066989178e-05
833,7.7000000000000002,7488.2474212613724,1.7721421678418072,18.165204928746221,0,0.0045589657190286221,1.3849064726908885e-05,3.4304482343627923e-06,6.820203455119512e-06,1.2053610106931694e-05,2.1026748874868335e-05,3.291352055860714e-05
834,7.7000000000000002,7759.5566371675177,1.710180057825315,24.640168604861088,0,0.0042946261361705958,1.3046063296649191e-05,3.2315427564157623e-06,6.4247519761122752e-06,1.1354713369388665e-05,1.980756839205754e-05,3.1005117023450689e-05
835,7.7000000000000002,8002.8540530735472,1.6581883076267563,34.273821900892138,0,0.0062012764724029929,1.8838018214812347e-05,4.6662245861508781e-06,9.2770970061704705e-06,1.6395773377203839e-05,2.8601373891582987e-05,4.4770207376670388e-05
836,7.7000000000000002,10078.780767691964,1.3166512224363853,2.86668348043733,0,0.0058374492564415683,1.7732796773416114e-05,4.3924584498102144e-06,8.7328122301280368e-06,1.54338377808941e-05,2.6923339009255912e-05,4.2143551400218209e-05
837,7.7000000000000002,9752.0771321737629,1.3607602604648372,5.7304415773329298,0,0.0048413385974891846,1.4706847064381065e-05,3.6429230810816151e-06,7.242632707717426e-06,1.2800185710150057e-05,2.2329102077412054e-05,3.4952115738564979e-05
838,7.7000000000000002,9535.5003866080115,1.3916667694846028,8.6913304256224571,0,0.0042604387658274579,1.2942210112856048e-05,3.2058180610661965e-06,6.3736077395231484e-06,1.1264324176292195e-05,1.964989024854861e-05,3.0758300796705001e-05
839,7.7000000000000002,9623.7159154617802,1.3789100940863754,11.926089068137582,0,0.0040609725168415534,1.2336278600471676e-05,3.0557272984196065e-06,6.0752066362125365e-06,1.0736948332088539e-05,1.8729916950891918e-05,2.9318251256664887e-05
840,7.7000000000000002,7196.0846352342069,1.8440915707793164,13.616167893290077,0,0.0030852853750385433,9.3723707290780544e-06,2.3215598492285717e-06,4.6155806539714548e-06,8.1572947179907601e-06,1.4229876859451797e-05,2.2274263479686298e-05
841,7.7000000000000002,10116.508998441868,1.311740939536931,21.442290051436508,0,0.0054407792880814274,1.6527806781034469e-05,4.0939793919602851e-06,8.1393947632100338e-06,1.4385068074250898e-05,2.5093827597029764e-05,3.927978668619326e-05
842,7.7000000000000002,7685.2741593670326,1.7267099056285198,25.052095206132662,0,0.0038017838496685989,1.1548924439597594e-05,2.8606976885326178e-06,5.6874609166072018e-06,1.0051670282025959e-05,1.7534493393941211e-05,2.7447034833617802e-05
843,7.7000000000000002,7818.3108052353537,1.6973281504188653,34.506266679914496,0,0.0051570498555640444,1.5665903551654713e-05,3.8804837899307527e-06,7.7149361084986607e-06,1.3634905829961372e-05,2.3785217729433949e-05,3.7231397844122172e-05
844,7.7000000000000002,7545.6539106034434,1.7586599088254105,1.1765357832315857,0,0.0057745191675933104,1.7541629976506017e-05,4.3451059524495201e-06,8.6386689450398312e-06,1.5267454701546646e-05,2.6633094410714073e-05,4.1689226691344671e-05
845,7.7000000000000002,9556.7672455337943,1.388569866515436,5.1095299844936104,0,0.0051126943616063144,1.5531162001778462e-05,3.8471079684595612e-06,7.6485803796364351e-06,1.3517632776550311e-05,2.3580642417806327e-05,3.6911172698280108e-05
846,7.7000000000000002,9341.8194722719654,1.4205197454134255,8.0964336707363511,0,0.0043825006673780774,1.3313005437815037e-05,3.2976649975126732e-06,6.5562120963006694e-06,1.1587047938846683e-05,2.0212861130382888e-05,3.1639528503537815e-05
847,7.7000000000000002,9447.5205032367558,1.4046266439859558,11.598243592891443,0,0.0039655467506030948,1.2046397584754613e-05,2.9839230402873069e-06,5.9324498837564918e-06,1.0484648786252369e-05,1.8289796593216697e-05,2.8629323523385165e-05
848,7.7000000000000002,9696.1397438913809,1.368610536663343,15.950588281682215,0,0.0043093164448632561,1.3090688996529706e-05,3.2425966547389367e-06,6.446728648076328e-06,1.1393553594177529e-05,1.9875322670289026e-05,3.1111173924723284e-05
849,7.7000000000000002,7463.7237102577592,1.7779649319296233,18.861009349935987,0,0.003670632442174397,1.1150517335145969e-05,2.7620112447204143e-06,5.4912586774014354e-06,9.7049144544240647e-06,1.6929600117719407e-05,2.6500185303946314e-05
850,7.7000000000000002,7557.1124670655008,1.7559933210313743,25.668537182946931,0,0.0034695872048551438,1.0539789227880372e-05,2.6107323534336798e-06,5.190495410751506e-06,9.1733638673277073e-06,1.600234424914469e-05,2.5048736234237761e-05
851,7.7000000000000002,7458.5480053823267,1.7791987138614274,34.775781993249886,0,0.0048926213254844751,1.4862631920673111e-05,3.6815113825839647e-06,7.3193515646286719e-06,1.2935773921725109e-05,2.2565627006449007e-05,3.5322352153181864e-05
852,7.7000000000000002,9636.5176690437584,1.3770782635597836,2.1913548966967134,0,0.0066832717695541471,2.0302206471471207e-05,5.0289077072767912e-06,9.9981609916399816e-06,1.7670137727210969e-05,3.0824420673830841e-05,4.8249979566165302e-05
853,7.7000000000000002,9369.7296507121846,1.416288357630606,4.6177347024687512,0,0.0049686260595172439,1.5093516412034364e-05,3.7387020529541467e-06,7.4330544923546075e-06,1.3136725516181765e-05,2.2916174159970641e-05,3.5871069456691669e-05
854,7.7000000000000002,9481.3843134013205,1.3996098649532991,7.7213604562781493,0,0.0046406214659009699,1.4097115665094091e-05,3.4918910768730239e-06,6.9423602865746542e-06,1.2269502613357318e-05,2.1403359489970854e-05,3.3503035433043192e-05
855,7.7000000000000002,9755.6441490849174,1.3602627172183914,11.68077409160726,0,0.0049337528066403531,1.4987579678552449e-05,3.7124612570958469e-06,7.3808841768882073e-06,1.3044522894086146e-05,2.2755332606012127e-05,3.5619301490830848e-05
856,7.7000000000000002,9901.6572208215402,1.3402038388629374,16.563127493048775,0,0.005007767536454732,1.5212419005522078e-05,3.7681545250115953e-06,7.4916100623456926e-06,1.3240213046268844e-05,2.3096701511321591e-05,3.6153651929400137e-05
857,7.7000000000000002,9921.2609602416705,1.3375556868858636,22.654175706283652,0,0.0046135848177511554,1.4014984692127437e-05,3.4715470278880752e-06,6.9019135158616027e-06,1.2198019466634821e-05,2.1278661730412912e-05,3.3307843951124275e-05
858,7.7000000000000002,9799.8993746822543,1.354119926244673,30.48489674978822,0,0.0053572743250241833,1.6274138359363528e-05,4.0311450846338219e-06,8.0144715080985663e-06,1.4164286359993959e-05,2.470868807279927e-05,3.8676921368110558e-05
859,7.7000000000000002,9069.6047441816954,1.4631551641721801,2.0174074767430756,0,0.0058724511060349715,1.7839124153452625e-05,4.4187960098045688e-06,8.7851749260211234e-06,1.5526380404379817e-05,2.7084773673808121e-05,4.2396247771979304e-05
860,7.7000000000000002,9242.0914755565645,1.4358480494969144,4.2935024366268522,0,0.0044879179036972465,1.3633238187761462e-05,3.3769874567040426e-06,6.7139160677019584e-06,1.1865764284494547e-05,2.0699063899119238e-05,3.2400589803108583e-05
861,7.7000000000000002,9718.5093700349189,1.3654603307134816,7.4032799206167077,0,0.0047190590649122703,1.4335390627592004e-05,3.5509123855687391e-06,7.0597027753666373e-06,1.2476886545256573e-05,2.1765127443143718e-05,3.4069316841313198e-05
862,7.7000000000000002,7087.4758936850139,1.8723504979076995,8.9522066888312217,0,0.0031989577507063388,9.7176806492018299e-06,2.4070939866707152e-06,4.785634297069769e-06,8.4578371174453924e-06,1.4754153777613335e-05,2.3094922880100668e-05
863,7.7000000000000002,7329.6435558056128,1.8104889981913179,13.64846789419847,0,0.0040956109977656101,1.2441502152023467e-05,3.0817914373165007e-06,6.1270257333143856e-06,1.0828530232345496e-05,1.8889675695459151e-05,2.9568324282933611e-05
864,7.7000000000000002,9731.3981869998133,1.3636518374284263,23.065857955880016,0,0.0048831588154566929,1.4833887042573502e-05,3.6743912038377286e-06,7.3051956688481408e-06,1.2910755658036099e-05,2.2521984251854552e-05,3.5254037421830518e-05
865,7.7000000000000002,9254.3702759935913,1.4339429504861907,30.772566094228551,0,0.0057673399698216533,1.7519821263575368e-05,4.3397038792957063e-06,8.6279288797564109e-06,1.5248473367587734e-05,2.6599982692405341e-05,4.1637396366658206e-05
866,7.7000000000000002,8511.0060349576233,1.5591857136447236,1.9220051523952317,0,0.0061421023942609216,1.8658261294306413e-05,4.6216983439299191e-06,9.1885727054692003e-06,1.6239320946911468e-05,2.8328452672675406e-05,4.4342999242742888e-05
867,7.7000000000000002,8654.4495261226039,1.5333429328341499,4.0548495705995578,0,0.0041639647570119792,1.2649144782934106e-05,3.1332250402804481e-06,6.2292828183011583e-06,1.1009253144970151e-05,1.920493521239907e-05,3.0061805260608698e-05
868,7.7000000000000002,8944.3369421741627,1.4836470388183143,6.9616870524813956,0,0.0040888020449003698,1.2420818155967171e-05,3.0766679593669008e-06,6.1168395536588928e-06,1.0810527801940828e-05,1.8858271611545851e-05,2.9519166946834927e-05
869,7.7000000000000002,9310.50291259605,1.4252977678033729,11.045242949448355,0,0.0044056388783683485,1.3383293876337758e-05,3.3150756208710784e-06,6.5908268129418718e-06,1.1648223870195445e-05,2.0319578614542828e-05,3.1806575160620364e-05
870,7.7000000000000002,9405.7624812631166,1.4108626541319877,16.269187012299078,0,0.0050535233108125197,1.5351414277643988e-05,3.8025840042029896e-06,7.5600606078420386e-06,1.336118835037072e-05,2.3307735161559554e-05,3.6483986420338338e-05
871,7.7000000000000002,9280.9427320033101,1.429837399242905,22.647617704990115,0,0.0048369636356919918,1.4693556960256311e-05,3.6396310887970622e-06,7.2360877737556089e-06,1.2788618594495736e-05,2.2308923986872187e-05,3.4920530637046447e-05
872,7.7000000000000002,8995.898125192969,1.4751433190741361,30.579282570090633,0,0.0064909972541169732,1.9718121752757456e-05,4.8842284504792752e-06,9.7105187071098286e-06,1.7161776360748944e-05,2.9937616911683699e-05,4.6861850853039979e-05
873,7.7000000000000002,8174.7380261321596,1.623322848515637,1.8807809391609713,0,0.0058301554289738261,1.7710639842451257e-05,4.386970122171771e-06,8.7219006790521195e-06,1.5414553373442553e-05,2.6889698598699478e-05,4.2090893504742388e-05
874,7.7000000000000002,8220.9403772592505,1.6141996425564722,3.9280276490219777,0,0.0039087161287932985,1.1873759532963768e-05,2.9411601597875838e-06,5.847431388968085e-06,1.0334392302732301e-05,1.8027683805614554e-05,2.821903400717145e-05
875,7.7000000000000002,8201.5472578388253,1.6180165280114192,6.637403009098616,0,0.0037046508831809978,1.1253857351378716e-05,2.7876088271720177e-06,5.5421501960462465e-06,9.7948570092951709e-06,1.7086499129522621e-05,2.6745781942843851e-05
876,7.7000000000000002,8425.9536218096218,1.5749242891749902,10.486349490253962,0,0.0036058851840093885,1.0953830405592102e-05,2.713291396592381e-06,5.3943969107065555e-06,9.5337268970892073e-06,1.6630974415821833e-05,2.6032741514265545e-05
877,7.7000000000000002,8780.6791183352543,1.5112998481791555,15.635925373612061,0,0.0039664568116850015,1.2049162136103652e-05,2.9846078266235056e-06,5.9338113332864337e-06,1.0487054928814269e-05,1.8293993954418641e-05,2.863589372285034e-05
878,7.7000000000000002,8964.827691618706,1.4802558927994134,22.178047288749735,0,0.0042626636545317568,1.2948968801026786e-05,3.2074922051588926e-06,6.3769361685054015e-06,1.1270206637934976e-05,1.9660151825174328e-05,3.0774363413671803e-05
879,7.7000000000000002,8986.6160528574983,1.4766669612228931,30.370962570513065,0,0.0064090046406085959,1.9469047493026482e-05,4.8225321286432483e-06,9.5878579238514571e-06,1.6944993200754292e-05,2.9559452608618457e-05,4.6269903964933764e-05
880,7.7000000000000002,8197.9209683365061,1.6187322456150373,1.8941532989230763,0,0.0058058123884368127,1.7636691415368395e-05,4.3686529104233537e-06,8.6854835398563391e-06,1.5350191950801076e-05,2.677742422951831e-05,4.1915148562895202e-05
881,7.7000000000000002,8326.4195547807758,1.5937509431446542,3.9567018718841416,0,0.0039312105259518473,1.1942092216612003e-05,2.9580863377348138e-06,5.8810829614247979e-06,1.0393866032005569e-05,1.8131431907551397e-05,2.8381432640756508e-05
882,7.7000000000000002,8349.2014772359053,1.5894021787150847,6.6668065531891285,0,0.0039419667138628446,1.1974766983604096e-05,2.9661799598635661e-06,5.8971741966907935e-06,1.0422304696234807e-05,1.8181041331265952e-05,2.8459087098754119e-05
883,7.7000000000000002,8507.4165722270045,1.5598435677608031,10.511061368391305,0,0.0040166659099220162,1.2201685557910014e-05,3.0223882625844968e-06,6.0089240422601449e-06,1.0619804532840367e-05,1.8525567114852108e-05,2.8998379051519409e-05
884,7.7000000000000002,8808.6436507547733,1.506501970631186,15.729548760445134,0,0.0041588863510154698,1.263371778091441e-05,3.1294037330020476e-06,6.2216855332460572e-06,1.0995826168410286e-05,1.9181512713930277e-05,3.0025141633270285e-05
885,7.7000000000000002,9027.3581838212667,1.4700024911200191,22.387981004480292,0,0.0042621495686461447,1.2947407129116134e-05,3.2071053750910009e-06,6.3761670970647798e-06,1.1268847428147374e-05,1.965778077097408e-05,3.0770651963003433e-05
886,7.7000000000000002,9210.3979397691073,1.4407888893867509,30.566973171934229,0,0.0065228541074841681,1.9814895374554271e-05,4.9081995204809011e-06,9.7581764950368832e-06,1.7246003817893254e-05,3.0084546302466269e-05,4.7091841877946635e-05
887,7.7000000000000002,8276.8086606385787,1.6033038291145076,2.0094165526551619,0,0.0058176099597986022,1.7672529660154443e-05,4.3775301339740599e-06,8.7031326826493756e-06,1.5381383965430662e-05,2.6831836696214931e-05,4.2000321304145959e-05
888,7.7000000000000002,8415.6256142513266,1.5768571021003652,4.2588330062011712,0,0.0039436888741668889,1.1979998501231281e-05,2.9674758199639485e-06,5.89975054500745e-06,1.0426857976545721e-05,1.8188984236404342e-05,2.8471520260586371e-05
889,7.7000000000000002,8546.5029303175161,1.5527098190507427,7.2699066204006391,0,0.0040049331080422006,1.216604406756422e-05,3.0135597756044899e-06,5.9913717944805759e-06,1.0588783764526429e-05,1.8471453376357486e-05,2.8913673914503452e-05
890,7.7000000000000002,8791.6090899178125,1.5094209584077409,11.385951800721944,0,0.004119475833034787,1.2513997904066602e-05,3.0997488177966392e-06,6.1627274784008518e-06,1.0891627311229015e-05,1.8999744498137492e-05,2.9740616814764097e-05
891,7.7000000000000002,9063.0297495488139,1.4642166455550458,16.708780915568859,0,0.0042466041913313182,1.2900183932034686e-05,3.1954080701651123e-06,6.3529112441788522e-06,1.1227746457298663e-05,1.9586082766402647e-05,3.0658421881143576e-05
892,7.7000000000000002,9181.8017742331267,1.4452761391223015,23.24247158940954,0,0.0043026193854606709,1.3070344906474534e-05,3.2375573723624252e-06,6.4367098608136797e-06,1.1375847002841518e-05,1.9844434658635312e-05,3.1062824405136159e-05
893,7.7000000000000002,9496.7839768140802,1.3973403049757236,31.058789806928306,0,0.0059332728777865273,1.8023886379296262e-05,4.4645620787717201e-06,8.876164173015251e-06,1.5687189229865404e-05,2.7365294344408168e-05,4.2835351454334323e-05
894,7.7000000000000002,8783.9739839638532,1.5107329601244592,2.2862733053472923,0,0.0061280892113523468,1.8615692543170418e-05,4.6111539569945499e-06,9.1676090123027061e-06,1.6202270998842749e-05,2.8263821417229385e-05,4.4241830861101449e-05
895,7.7000000000000002,8896.9996446312125,1.4915409181181343,4.9371335710763136,0,0.004137960611389606,1.2570150309606734e-05,3.1136579101605512e-06,6.1903806692718537e-06,1.0940499868061821e-05,1.9084999535448278e-05,2.9874067945985205e-05
896,7.7000000000000002,8970.2685482158486,1.4793580534541912,8.4645003244981432,0,0.00417203769908016,1.2673668480660582e-05,3.1392996220103159e-06,6.241359923236731e-06,1.103059748096714e-05,1.9242169036035972e-05,3.0120087985486508e-05
897,7.7000000000000002,9178.012185480804,1.4458728916750474,12.909559850951648,0,0.0042686584726673478,1.2967179647412255e-05,3.2120030777023576e-06,6.3859044042590765e-06,1.1286056548840595e-05,1.9687800977033807e-05,3.0817643092026774e-05
898,7.7000000000000002,9427.1092228611087,1.4076678974153713,18.21109412354464,0,0.0043845125549719973,1.3319117078750428e-05,3.2991788663745278e-06,6.5592218760544616e-06,1.1592367239348301e-05,2.0222140308558158e-05,3.1654053355832202e-05
899,7.7000000000000002,9553.2481482288058,1.3890813692419666,24.436382283923962,0,0.004443179288205994,1.3497332804848722e-05,3.3433233508566959e-06,6.6469871898038115e-06,1.1747478282561111e-05,2.0492721563835283e-05,3.2077598705678551e-05
900,7.7000000000000002,10039.711796477925,1.3217748962779334,31.725394690546057,0,0.0054476702888669676,1.654874001935951e-05,4.0991646078479771e-06,8.149703686387632e-06,1.4403287434043136e-05,2.5125610100330744e-05,3.9329536368468252e-05
901,7.7000000000000002,8278.3674293996555,1.6030019362661105,35.971298462627644,0,0.0051075805995462256,1.5515627596360016e-05,3.8432600570886195e-06,7.6409302019820387e-06,1.350411232084812e-05,2.3557056850975999e-05,3.6874253817316814e-05
902,7.7000000000000002,8955.1432679267145,1.4818566963610695,2.6091492601203634,0,0.0062054143400827079,1.8850588082817402e-05,4.6693381741334891e-06,9.2832872478141449e-06,1.640671363136657e-05,2.8620458462501267e-05,4.4800080773694771e-05
903,7.7000000000000002,9225.5364695151002,1.4384246447130942,5.6595965040182623,0,0.0042614482039198464,1.2945276548170739e-05,3.2065776248214755e-06,6.3751178568589072e-06,1.1266993065233814e-05,1.9654545953939153e-05,3.0765588449969817e-05
904,7.7000000000000002,9276.1502758547394,1.4305761144244917,9.5688251258097381,0,0.0042846322802635216,1.3015704314840931e-05,3.2240227601131352e-06,6.4098011879756365e-06,1.1328290261606579e-05,1.9761474977147097e-05,3.0932966232650857e-05
905,7.7000000000000002,9404.0945664672709,1.4111128854199761,14.230424830825562,0,0.0043435707032172454,1.3194745370355157e-05,3.2683716807715709e-06,6.4979729489938204e-06,1.1484119634842794e-05,2.0033309313026418e-05,3.1358473050454392e-05
906,7.7000000000000002,9721.7220381965708,1.3650090967743456,19.615855962434154,0,0.0048640801923376699,1.4775930676423868e-05,3.6600352658846196e-06,7.2766540874161559e-06,1.2860313014106151e-05,2.2433990298417363e-05,3.5116299019535255e-05
907,7.7000000000000002,10153.119982636075,1.3070109524111595,25.790097366196356,0,0.0062513780639405891,1.8990215056571702e-05,4.7039241274111997e-06,9.3520488853402266e-06,1.6528238740479173e-05,2.883245121227772e-05,4.5131916559130085e-05
908,7.7000000000000002,7843.5260697087024,1.6918716021992888,29.486747714799773,1,0.028986632882732129,8.8054567581534053e-05,2.181133829931012e-05,4.336394391252701e-05,7.6638780068665174e-05,0.00013369143088952072,0.00020926942559109247
909,7.7000000000000002,8647.8225645657913,1.5345179574826595,36.434079216812592,1,0.021305473071068021,6.472101212937039e-05,1.6031557810108301e-05,3.1872944436883045e-05,5.6330290984750927e-05,9.8264575681229107e-05,0.00015381517851923237
910,7.7000000000000002,8116.6075184962101,1.6349489596742965,2.7256891541928381,1,0.028795440727360337,8.7473770817923956e-05,2.166747347727787e-05,4.3077920836456085e-05,7.6133280392118687e-05,0.00013280961916168347,0.00020788911099249647
911,7.7000000000000002,8707.3861028989777,1.5240209704301328,5.9013298271796444,1,0.020594237994539442,6.2560447383340454e-05,1.549638047760267e-05,3.0808938207115662e-05,5.4449831504420412e-05,9.4984234861217263e-05,0.00014868040634588212
912,7.7000000000000002,8976.0840808237117,1.4783995892819419,9.9469315073054574,1,0.02122974789850374,6.4490976879944884e-05,1.5974577499105807e-05,3.1759659732546098e-05,5.6130078532711604e-05,9.7915317914194509e-05,0.00015326847951388658
913,7.7000000000000002,9211.7425245298182,1.440578585768417,14.806504278588015,1,0.021787114485646415,6.618412537407305e-05,1.6393974648063486e-05,3.2593479014742549e-05,5.7603719692154325e-05,0.00010048599029503192,0.00015729239584824975
914,7.7000000000000002,9682.2741753413757,1.3705704649684818,20.442038540957267,1,0.031805542306742311,9.6617750873188307e-05,2.3932460381027545e-05,4.7581026684844842e-05,8.4091794023552697e-05,0.00014669273517927772,0.00022962058394544377
915,7.7000000000000002,5909.8726373166055,2.2454357027354388,36.704882632293113,1,0.015530789629762147,4.7178883127993729e-05,1.168632824794071e-05,2.3234029738702906e-05,4.1062401954147193e-05,7.1630723611362999e-05,0.00011212476585138579
916,7.7999999999999998,7766.387175601848,2.4135689369910538,2.2805807258773987,1,0.027810139278503645,6.9572046529525422e-05,1.6890229217103247e-05,3.4120431754976699e-05,5.9695637364080422e-05,0.00010728497035106407,0.00016799784673869354
917,7.7999999999999998,8439.3505335387072,2.2211082197836438,5.0208980108145109,1,0.020148115668463633,5.0404121559078884e-05,1.2236770500322742e-05,2.4719847634440897e-05,4.324878039873188e-05,7.7726687035752122e-05,0.00012171244502757298
918,7.7999999999999998,9037.9024874981405,2.0740111840780866,8.9858527516730167,1,0.021577467494165246,5.3979901267655924e-05,1.3104874026386214e-05,2.6473528223174984e-05,4.6316944401733623e-05,8.3240789885289808e-05,0.00013034699469829337
919,7.7999999999999998,9395.721610125549,1.995026206340295,14.244823858004896,1,0.022431153214322055,5.6115549063215494e-05,1.362335210189739e-05,2.7520920509243957e-05,4.8149416819905444e-05,8.6534108421344191e-05,0.00013550401176108714
920,7.7999999999999998,9483.7302972856851,1.976512432564977,20.387855222369758,1,0.022641004045165,5.6640528518422684e-05,1.3750803050590647e-05,2.7778387790540043e-05,4.8599870482618109e-05,8.7343663524239114e-05,0.00013677169644849146
921,7.7999999999999998,9333.9030516543298,2.0082392902458972,27.005382479107606,1,0.022283190746207999,5.5745394436761989e-05,1.3533488474212992e-05,2.7339384442666761e-05,4.7831809139067309e-05,8.5963304052271618e-05,0.00013461018754135309
922,7.7999999999999998,9089.5650674914668,2.062223076736438,33.619715400260503,1,0.032548489581110854,8.1425878846754906e-05,1.9768022165944333e-05,3.9933943025531604e-05,6.9866706215470948e-05,0.00012556441032931368,0.00019662167490293994
923,7.7999999999999998,8486.973792265715,2.2086448360145274,2.3550089161159313,0,0.0058583209896002908,1.465563967126226e-05,3.5579967202177951e-06,7.1876102281483975e-06,1.2575133186329608e-05,2.2600023228294349e-05,3.538944202691157e-05
924,7.7999999999999998,8885.1181936772628,2.1096749003313451,5.0812359501180495,0,0.0040889119895504396,1.022914600834189e-05,2.4833626347729891e-06,5.0167113905611684e-06,8.7770221104400446e-06,1.5774059855432441e-05,2.4700646151724781e-05
925,7.7999999999999998,9314.1761678604762,2.0124926243459789,8.7839202596418247,0,0.0042865594723332191,1.0723596601735214e-05,2.6034019936180929e-06,5.2592063087022479e-06,9.2012807716415056e-06,1.6536537314389415e-05,2.5894611819724718e-05
926,7.7999999999999998,9664.6884531863616,1.9395049235651602,13.586223451030957,0,0.004448013015013315,1.1127501568596664e-05,2.7014592998570463e-06,5.4572946580430082e-06,9.5478476132691931e-06,1.7159387073106636e-05,2.6869934066296701e-05
927,7.7999999999999998,9838.1617355595517,1.9053062293056706,19.337194382005674,0,0.0045277887745178904,1.1327074925515111e-05,2.7499103647908455e-06,5.5551720304149362e-06,9.7190896470518258e-06,1.7467143172688549e-05,2.7351850236672445e-05
928,7.7999999999999998,9847.4535930956627,1.9035084209811117,25.849709139272775,0,0.0049095197507879988,1.2282043362633061e-05,2.9817511198443256e-06,6.0235201244013858e-06,1.0538491294121997e-05,1.8939771413097164e-05,2.9657843076356205e-05
929,7.7999999999999998,9960.5460479733974,1.8818959070514165,32.81586225214005,0,0.0064934128705090351,1.6244435809484419e-05,3.943713862266107e-06,7.9668083818748888e-06,1.393838470535041e-05,2.5050058193281491e-05,3.9225958896007835e-05
930,7.7999999999999998,9214.0393827696716,2.0343640895144275,2.6919279508929996,0,0.0067914862583145375,1.6990119798979834e-05,4.1247459597013391e-06,8.3325164635475936e-06,1.4578211808987901e-05,2.6199955151829738e-05,4.1026585883882679e-05
931,7.7999999999999998,9391.5138540052285,1.9959200541118498,5.5993436378356778,0,0.0046104927532116717,1.1533973747424579e-05,2.8001398563915633e-06,5.656642053007288e-06,9.8966172268754482e-06,1.7786195652549225e-05,2.785145544174302e-05
932,7.7999999999999998,9541.5694517316006,1.9645311952612283,9.0599414822441684,0,0.004679307042968853,1.1706125023652941e-05,2.841933574710312e-06,5.7410707304012915e-06,1.0044330003344235e-05,1.8051664982364316e-05,2.8267154636496603e-05
933,7.7999999999999998,9787.3399413180923,1.9151997327226677,13.22700617509096,0,0.0051994680689810332,1.3007401034612647e-05,3.1578485318835164e-06,6.3792595079514279e-06,1.1160877593012468e-05,2.0058323765861729e-05,3.1409387454977394e-05
934,7.7999999999999998,10127.878365361605,1.8508033137312507,18.285392625782482,0,0.0053844095877016275,1.3470065382202444e-05,3.2701710417302956e-06,6.6061654002583182e-06,1.1557862366247337e-05,2.0771784606669404e-05,3.2526597858222645e-05
935,7.7999999999999998,7784.7929099261864,2.4078624899292325,20.558606678249106,0,0.0039025932624928085,9.7630363273236747e-06,2.3702036902626037e-06,4.7881157928340467e-06,8.3770811014007022e-06,1.5055286069079025e-05,2.3575116191615188e-05
936,7.7999999999999998,10707.08192856976,1.7506834228718935,31.717313042151041,0,0.0078846911713389891,1.9724967773438996e-05,4.7886937874103095e-06,9.673776327639259e-06,1.6924822280765806e-05,3.041728234702732e-05,4.7630510790300854e-05
937,7.7999999999999998,8614.7431258698889,2.1758873788573379,35.341822158118589,0,0.005765932984301554,1.4424514521580536e-05,3.5018857252033689e-06,7.0742588134645228e-06,1.2376818434796983e-05,2.2243612053578284e-05,3.4831336733038838e-05
938,7.7999999999999998,9955.4387274495512,1.8828613537638077,3.1816083632325149,0,0.0082209628522142263,2.0566211637560791e-05,4.9929252625684934e-06,1.0086350131155002e-05,1.7646643632191201e-05,3.1714539327703016e-05,4.9661889264910228e-05
939,7.7999999999999998,9826.4349119139697,1.9075800132712886,6.3449372283261125,0,0.0059790570671968144,1.4957682603310089e-05,3.631324653061178e-06,7.3357420679331789e-06,1.2834298271149397e-05,2.3065794592311186e-05,3.6118794758904903e-05
940,7.7999999999999998,9617.9414103422878,1.9489316933789897,9.5957457889008388,0,0.0054341817614537609,1.35945793932069e-05,3.3003997081489795e-06,6.6672311878403033e-06,1.1664700437260739e-05,2.0963793935778847e-05,3.2827265824467807e-05
941,7.7999999999999998,9524.0065712608375,1.9681539170963402,11.398198748187374,0,0.0042767239070571547,1.0698991172823914e-05,2.5974284546031006e-06,5.247138992878591e-06,9.180168315781045e-06,1.6498594019015695e-05,2.5835196303272637e-05
942,7.7999999999999998,10190.56666370411,1.8394179105310808,17.486089410745635,0,0.0070864217854969191,1.7727953867872955e-05,4.3038723066962345e-06,8.6943746846289671e-06,1.5211303362401028e-05,2.7337746982800382e-05,4.2808257417318006e-05
943,7.7999999999999998,7753.8122426664495,2.4174832009128204,19.666147393109608,0,0.0040269761799548269,1.0074202482749391e-05,2.445746497351291e-06,4.9407219629882603e-06,8.6440742818641449e-06,1.5535126082768073e-05,2.4326499063000077e-05
944,7.7999999999999998,8270.8969934890629,2.2663455794981289,25.968051709328723,0,0.005916860485315284,1.4802086709118218e-05,3.5935501380190548e-06,7.2594326972310348e-06,1.2700790683858919e-05,2.282585482155803e-05,3.5743072374850518e-05
945,7.7999999999999998,9196.7042159198572,2.0381987285434788,34.781336822115001,0,0.0063654875951654746,1.5924407811085145e-05,3.8660196370924874e-06,7.809856070943081e-06,1.3663787704230313e-05,2.4556552596817463e-05,3.8453177048856688e-05
946,7.7999999999999998,7958.6265058111549,2.355269571450735,1.7579210146630875,0,0.0073140235587579178,1.8297340486218892e-05,4.4421041250305243e-06,8.9736207068833887e-06,1.5699860171985668e-05,2.8215781042666828e-05,4.4183173502377376e-05
947,7.7999999999999998,7806.7519523402061,2.4010895893854109,5.1765775755714776,0,0.0058294424766311649,1.4583394896510466e-05,3.5404576241847648e-06,7.1521790021095584e-06,1.2513144239760349e-05,2.2488616723758419e-05,3.5214990257819618e-05
948,7.7999999999999998,9631.7638742635136,1.9461347977772765,10.047265358545763,0,0.0055726626649981528,1.3941014186947335e-05,3.3845047958521648e-06,6.8371342642483466e-06,1.1961955539691173e-05,2.1498020660865139e-05,3.3663813005224625e-05
949,7.7999999999999998,9546.2057594440212,1.9635770809920201,11.381675934837688,0,0.004015942960296854,1.0046600906801574e-05,2.4390455740959419e-06,4.9271852376016125e-06,8.6203910103398735e-06,1.5492562518737404e-05,2.4259848654436062e-05
950,7.7999999999999998,9652.1060831628693,1.9420332389815493,14.636220809574567,0,0.0061322124477287522,1.5340828230662319e-05,3.7243421477637897e-06,7.5236493508494783e-06,1.3163052757598853e-05,2.3656631994990997e-05,3.7043988764161074e-05
951,7.7999999999999998,10740.561674732473,1.7452263119326297,22.411296959476857,0,0.0057510815093420589,1.4387360895826754e-05,3.4928658201332842e-06,7.0560374470505872e-06,1.2344939117163037e-05,2.2186318559477354e-05,3.4741620684186927e-05
952,7.7999999999999998,8319.1286351966883,2.2532060341479649,25.195276731010683,0,0.0042056403753458664,1.0521162981236129e-05,2.5542565333070097e-06,5.1599261685065651e-06,9.027584515710861e-06,1.622437048796027e-05,2.5405788879365601e-05
953,7.7999999999999998,9331.5573786816694,2.0087441012259508,34.399908211967237,0,0.0064322211375183415,1.6091353724845542e-05,3.9065496328440889e-06,7.8917318664871502e-06,1.3807034068602049e-05,2.4813994892990458e-05,3.8856306688311345e-05
954,7.7999999999999998,7835.6497892056213,2.3922343831013206,1.7187710917524239,0,0.0062543144500564777,1.564628826817673e-05,3.7984996622778098e-06,7.6734570521287549e-06,1.3425149857487099e-05,2.4127672775058619e-05,3.7781592890056145e-05
955,7.7999999999999998,10173.20676605691,1.842556754298986,6.834693016985697,0,0.0069816096176196947,1.7465747449293414e-05,4.2402156121914277e-06,8.565779988092862e-06,1.4986319621676716e-05,2.6933406313718203e-05,4.2175099188980802e-05
956,7.7999999999999998,9691.7397449563214,1.9340914358986203,10.004011031141605,0,0.0047389737367708844,1.1855391949499176e-05,2.8781715857770892e-06,5.8142761657833058e-06,1.0172407079127629e-05,1.8281845040485957e-05,2.8627594258189053e-05
957,7.7999999999999998,9534.1283182916304,1.9660644595810379,13.117954874894357,0,0.004416542920829011,1.1048773489065925e-05,2.6823462310969923e-06,5.4186838049945933e-06,9.4802957282740756e-06,1.7037982858345366e-05,2.6679826853719252e-05
958,7.7999999999999998,9791.1827480270294,1.9144480623094746,16.776303913728885,0,0.0052075631942251855,1.302765244092559e-05,3.1627650308462016e-06,6.389191467143541e-06,1.1178254120909446e-05,2.0089552853321869e-05,3.1458289173752634e-05
959,7.7999999999999998,10503.15403546467,1.7846744679155815,21.878962364670365,0,0.0048654296494742505,1.2171744073968132e-05,2.954973407228908e-06,5.9694257066107995e-06,1.0443850031343228e-05,1.8769682181797369e-05,2.9391499854949689e-05
960,7.7999999999999998,8100.2200647178524,2.3140989614991674,24.733698148715565,0,0.0033249312535649556,8.3179113043601024e-06,2.0193660463696977e-06,4.0793787039730501e-06,7.137105225745226e-06,1.2826802030213924e-05,2.0085526561345316e-05
961,7.7999999999999998,8961.5642880461237,2.091678443313961,34.194562717207702,0,0.0061318817541319752,1.5340000941375069e-05,3.7241413040860843e-06,7.5232436208318165e-06,1.3162342909840302e-05,2.3655356256945595e-05,3.7041991082249729e-05
962,7.7999999999999998,10267.02944037757,1.8257190113783262,3.3038118542459411,0,0.0061362430130054036,1.5350911411913561e-05,3.7267900740656102e-06,7.5285944762973849e-06,1.3171704536028213e-05,2.3672180966963884e-05,3.7068336944543642e-05
963,7.7999999999999998,9991.0682105148735,1.8761468188107109,6.5265830471696251,0,0.0051179334768033363,1.2803427642608195e-05,3.1083292562979813e-06,6.2792242129027848e-06,1.0985860150685948e-05,1.9743782503886398e-05,3.0916846379098697e-05
964,7.7999999999999998,9715.5522455810515,1.9293510410799353,9.6382201827991842,0,0.0043128715568652599,1.0789420995889432e-05,2.6193823932297368e-06,5.2914887678304054e-06,9.2577607712843648e-06,1.6638043142196493e-05,2.605356009036521e-05
965,7.7999999999999998,9740.2295032331203,1.9244629537174953,12.75440467753746,0,0.0038247580889400716,9.5683176938851698e-06,2.3229312221424987e-06,4.6926193373597746e-06,8.2100046172435019e-06,1.4755016293251975e-05,2.3104922877355171e-05
966,7.7999999999999998,9960.2716954125353,1.881947743284119,16.376356441136892,0,0.0045914334293699092,1.1486293433713769e-05,2.7885643534720507e-06,5.6332580507940544e-06,9.855705584072497e-06,1.771266926806055e-05,2.7736320262675917e-05
967,7.7999999999999998,10354.501970727211,1.8102957431145126,21.452107266248255,0,0.0047734238257594883,1.194157501999944e-05,2.89909452664193e-06,5.8565431928742893e-06,1.0246355648706123e-05,1.8414745373660153e-05,2.8835703275985863e-05
968,7.7999999999999998,10993.438771436755,1.7050816609249664,29.294573267936705,0,0.0060071077324491554,1.5027856368661509e-05,3.6483609634895296e-06,7.3701576024919723e-06,1.2894510207664915e-05,2.317400745524536e-05,3.6288245595335046e-05
969,7.7999999999999998,9922.8025107313697,1.8890541073861102,3.146454220661516,0,0.0067099312342057882,1.6786095292838783e-05,4.0752142749726719e-06,8.2324561004364684e-06,1.4403150508659285e-05,2.5885335068274433e-05,4.0533921381062924e-05
970,7.7999999999999998,9770.608339479013,1.9184794015269888,6.2144997785409739,0,0.0049553080402058147,1.2396590973127988e-05,3.009560211196981e-06,6.0796980596721133e-06,1.0636777789318384e-05,1.9116411854319744e-05,2.9934444856412271e-05
971,7.7999999999999998,9630.0456030355854,1.9464820430102212,9.2377516193931761,0,0.0046399016114362828,1.1607545275862209e-05,2.8180010526787364e-06,5.6927239629177594e-06,9.9597445819126453e-06,1.7899648104228416e-05,2.8029110965410142e-05
972,7.7999999999999998,9721.0361734467915,1.9282626363308741,12.391736225532492,0,0.0044372728670097165,1.1100633163905936e-05,2.6949363709428928e-06,5.4441175040803742e-06,9.5247934324167095e-06,1.7117954110524432e-05,2.6805054069825265e-05
973,7.7999999999999998,9882.8131426144482,1.896697890487433,16.122485961744303,0,0.0047618034101880634,1.1912504468258173e-05,2.8920369754145231e-06,5.8422860331923972e-06,1.0221411936377868e-05,1.8369916546031409e-05,2.8765505684572964e-05
974,7.7999999999999998,10148.228841347302,1.8470918554089002,21.361045956826949,0,0.0048897158123641727,1.2232500262122404e-05,2.9697233821897223e-06,5.9992225499554985e-06,1.0495981304700869e-05,1.8863372480845974e-05,2.9538209766402948e-05
975,7.7999999999999998,10546.649592475493,1.7773142717334343,29.337150246955531,0,0.0068647288029917534,1.7173349148361871e-05,4.1692291374248802e-06,8.4223781942708019e-06,1.4735430021485424e-05,2.6482507646638906e-05,4.1469035656327573e-05
976,7.7999999999999998,10078.780767691964,1.8598192848648334,2.86668348043733,0,0.0076290343373088629,1.9085396393568795e-05,4.6334229890714631e-06,9.3601093779393333e-06,1.6376044099503404e-05,2.9431018467357719e-05,4.6086117316000941e-05
977,7.7999999999999998,9752.0771321737629,1.9221249571372143,5.7304415773329298,0,0.0049211594812425246,1.2311162234015319e-05,2.9888204017861896e-06,6.0378009816327244e-06,1.0563476466661788e-05,1.8984674752997854e-05,2.9728157346752205e-05
978,7.7999999999999998,9535.5003866080115,1.9657815615008549,8.6913304256224571,0,0.0048118690510693196,1.2037752639870663e-05,2.9224438763623091e-06,5.9037118774088091e-06,1.032887994696629e-05,1.8563058002237797e-05,2.9067946451928099e-05
979,7.7999999999999998,9623.7159154617802,1.9477622785562934,11.926089068137582,0,0.0048563849711474429,1.2149117190474469e-05,2.9494802060404902e-06,5.9583287348730814e-06,1.042443524768951e-05,1.8734789942085482e-05,2.9336861995421875e-05
980,7.7999999999999998,9817.6196330555431,1.9092928367855675,15.877348798672593,0,0.0049542339837579516,1.2393904028470222e-05,3.008907893011342e-06,6.0783802931782713e-06,1.0634472281835014e-05,1.9112268397395261e-05,2.9927956605177358e-05
981,7.7999999999999998,10116.508998441868,1.8528833259146351,21.442290051436508,0,0.0051050615679103361,1.2771226256075773e-05,3.1005116222513772e-06,6.2634315883300852e-06,1.0958230055138245e-05,1.9694125709646084e-05,3.0839088660743353e-05
982,7.7999999999999998,10430.556620617368,1.7970959289580877,29.571513613511691,0,0.0078953076220306413,1.9751526727139347e-05,4.7951415899135022e-06,9.6868017166053821e-06,1.6947610940118992e-05,3.0458238114500511e-05,4.7694643545564821e-05
983,7.7999999999999998,10113.857562911917,1.8533690753581706,2.490167521266518,0,0.0076149483659443389,1.9050157812223618e-05,4.624868005484011e-06,9.3428272126170861e-06,1.6345807967635221e-05,2.9376678105913467e-05,4.6001025586155057e-05
984,7.7999999999999998,9556.7672455337943,1.9614070697848531,5.1095299844936104,0,0.0047972207861995608,1.2001107380568297e-05,2.9135473890486226e-06,5.8857398307098645e-06,1.0297436828364076e-05,1.8506548444823914e-05,2.8979457971811792e-05
985,7.7999999999999998,9341.8194722719654,2.0065374732744132,8.0964336707363511,0,0.0046892173955891576,1.1730917546506531e-05,2.8479525351226626e-06,5.753229803279803e-06,1.0065602993394636e-05,1.8089896789705886e-05,2.8327021934677282e-05
986,7.7999999999999998,9447.5205032367558,1.9840878708076151,11.598243592891443,0,0.0047422684005233402,1.1863634141226067e-05,2.8801725691384085e-06,5.8183184091031068e-06,1.0179479213885157e-05,1.8294555077622383e-05,2.864749694226401e-05
987,7.7999999999999998,9696.1397438913809,1.9332137670032623,15.950588281682215,0,0.0048670729875574855,1.2175855178642782e-05,2.95597147331657e-06,5.9714419282613941e-06,1.044737752587682e-05,1.8776021793252422e-05,2.9401427070943915e-05
988,7.7999999999999998,10059.786962861794,1.8633307950634606,21.839675312611199,0,0.0050495474512365912,1.2632347745990185e-05,3.0667956402487506e-06,6.195320975490816e-06,1.0839066661371831e-05,1.9479965316497246e-05,3.0503734278969417e-05
989,7.7999999999999998,10288.789441750592,1.8218577555503916,29.945600433383067,0,0.007746744944982939,1.9379870570490651e-05,4.7049134309203626e-06,9.5045292499780418e-06,1.6628714885479966e-05,2.9885118280661438e-05,4.6797193532826415e-05
990,7.7999999999999998,9636.5176690437584,1.9451747491620963,2.1913548966967134,0,0.007193076633894584,1.7994770081952739e-05,4.3686481360623392e-06,8.8252301772838639e-06,1.544024249461132e-05,2.7749196279531716e-05,4.3452547066341782e-05
991,7.7999999999999998,9369.7296507121846,2.0005604791653231,4.6177347024687512,0,0.0046620420713121254,1.1662933603451703e-05,2.8314478548874587e-06,5.7198882299734599e-06,1.0007270013216182e-05,1.7985060786184122e-05,2.8162858932210909e-05
992,7.7999999999999998,9481.3843134013205,1.9770014820709114,7.7213604562781493,0,0.0047171330544035894,1.1800753569062564e-05,2.8649068506476718e-06,5.7874796976055485e-06,1.0125525132894807e-05,1.8197588829585445e-05,2.8495657212773194e-05
993,7.7999999999999998,9755.6441490849174,1.9214221586215363,11.68077409160726,0,0.0048533200224824546,1.2141449672200081e-05,2.9476187379992164e-06,5.9545683304137957e-06,1.0417856206059681e-05,1.8722966091677622e-05,2.9318346993719578e-05
994,7.7999999999999998,9901.6572208215402,1.8930882398414368,16.563127493048775,0,0.0049261281229781443,1.2323592181616706e-05,2.9918380600931777e-06,6.0438970388857063e-06,1.0574141865790905e-05,1.9003842603110099e-05,2.9758172338926132e-05
995,7.7999999999999998,9921.2609602416705,1.8893476257499531,22.654175706283652,0,0.0049364743614215591,1.2349475150960452e-05,2.998121751702704e-06,6.0565909027744829e-06,1.0596350503152093e-05,1.9043755955342202e-05,2.9820672773135835e-05
996,7.7999999999999998,9799.8993746822543,1.9127452357423891,30.48489674978822,0,0.0073149872587244683,1.8299751354364568e-05,4.4426894192345033e-06,8.9748030763282758e-06,1.5701928794625595e-05,2.821949877026622e-05,4.4188995102825374e-05
997,7.7999999999999998,9069.6047441816954,2.0667616030018672,2.0174074767430756,0,0.0067154313499747783,1.6799854817966143e-05,4.0785547190865447e-06,8.2392042264656459e-06,1.4414956739225699e-05,2.5906553220089289e-05,4.0567146946629154e-05
998,7.7999999999999998,9242.0914755565645,2.0281892782877358,4.2935024366268522,0,0.0045619118138673261,1.1412439822741024e-05,2.770634675101715e-06,5.5970377982823686e-06,9.7923361907805252e-06,1.7598781825347945e-05,2.7557983585285912e-05
999,7.7999999999999998,9718.5093700349189,1.928763982825789,7.4032799206167077,0,0.0047968638822082276,1.2000214521282589e-05,2.9133306267317658e-06,5.8853019429971347e-06,1.0296670718887707e-05,1.8505171593246695e-05,2.8977301955927229e-05
1000,7.7999999999999998,10162.139493026312,1.8445634260916921,11.625801021346669,0,0.0050158215657068687,1.2547976400207786e-05,3.0463125376133349e-06,6.1539424780993068e-06,1.0766672625074394e-05,1.9349858789777458e-05,3.0300000090815652e-05
1001,7.7999999999999998,10102.389846658221,1.8554729251394788,16.839977178626782,0,0.004986590457086779,1.2474849544255703e-05,3.0285592958938662e-06,6.1180786502771638e-06,1.070392681706315e-05,1.9237092054227196e-05,3.0123418332026842e-05
1002,7.7999999999999998,9731.3981869998133,1.9262094181614502,23.065857955880016,0,0.0048035508427014019,1.2016943151150755e-05,2.9173918899409985e-06,5.8935062161534342e-06,1.031102456173153e-05,1.8530968312603776e-05,2.9017697113708705e-05
1003,7.7999999999999998,9254.3702759935913,2.0254982544088644,30.772566094228551,0,0.0068521887700352139,1.7141978008951271e-05,4.1616130651389815e-06,8.4069927503356295e-06,1.4708512311638288e-05,2.6434131151632152e-05,4.1393282762261375e-05
1004,7.7999999999999998,8511.0060349576233,2.2024083595625874,1.9220051523952317,0,0.006243369436699904,1.5618907356096998e-05,3.7918523102985381e-06,7.6600285475984328e-06,1.34016559245105e-05,2.4085449490173466e-05,3.7715475325594613e-05
1005,7.7999999999999998,8654.4495261226039,2.1659044614101957,4.0548495705995578,0,0.0042326175356040066,1.0588651181489931e-05,2.5706408604699707e-06,5.1930246131534217e-06,9.0854921284615617e-06,1.6328442021348367e-05,2.5568754795828859e-05
1006,7.7999999999999998,8944.3369421741627,2.0957071452992349,6.9616870524813956,0,0.0043749637778237125,1.0944755812532446e-05,2.6570935256366838e-06,5.3676700974710466e-06,9.3910443434501209e-06,1.6877580313076772e-05,2.6428652042109096e-05
1007,7.7999999999999998,9310.50291259605,2.0132866092892621,11.045242949448355,0,0.0045541792116338565,1.1393095332697527e-05,2.765938351114983e-06,5.5875506208125525e-06,9.7757378338220368e-06,1.7568951266318865e-05,2.7511271826243634e-05
1008,7.7999999999999998,9405.7624812631166,1.9928964692675335,16.269187012299078,0,0.0046001575163683367,1.150811830055474e-05,2.7938628465014365e-06,5.6439616870496422e-06,9.8744322049130255e-06,1.774632474190026e-05,2.7789021466931651e-05
1009,7.7999999999999998,9280.9427320033101,2.0196990091363509,22.647617704990115,0,0.0045385037426611888,1.1353880338273477e-05,2.7564180009512354e-06,5.5683182910513498e-06,9.7420897782717522e-06,1.7508478997297487e-05,2.7416578124509355e-05
1010,7.7999999999999998,8995.898125192969,2.0836953218916334,30.579282570090633,0,0.0065980166510938403,1.6506120909912363e-05,4.0072439946886586e-06,8.0951474067540338e-06,1.4162921133958988e-05,2.545359495324747e-05,3.9857858280724596e-05
1011,7.7999999999999998,8174.7380261321596,2.2930044705722854,1.8807809391609713,0,0.0059262792900484007,1.4825649536854625e-05,3.5992705613977487e-06,7.2709886869688559e-06,1.2721008545629422e-05,2.2862190352869659e-05,3.5799970288887174e-05
1012,7.7999999999999998,8220.9403772592505,2.2801175996276393,3.9280276490219777,0,0.0039731605318150225,9.9395729960393722e-06,2.4130620644023748e-06,4.8746952116902766e-06,8.5285567224699012e-06,1.5327517981374455e-05,2.4001404933920233e-05
1013,7.7999999999999998,8201.5472578388253,2.2855090936362763,6.637403009098616,0,0.0039639271467333693,9.9164740287852843e-06,2.4074542539229985e-06,4.8633667144687803e-06,8.5087368718047397e-06,1.5291897755427191e-05,2.3945627118631623e-05
1014,7.7999999999999998,8425.9536218096218,2.22463968839797,10.486349490253962,0,0.0040725963386248265,1.0188329484052359e-05,2.4734534760593231e-06,4.996693617605399e-06,8.7419998773163446e-06,1.571111791514645e-05,2.4602085184582776e-05
1015,7.7999999999999998,8780.6791183352543,2.1347677767357185,15.635925373612061,0,0.0042440560063471714,1.0617266565641754e-05,2.577587909199587e-06,5.2070585436010526e-06,9.1100452885390958e-06,1.6372568948662626e-05,2.5637853279500268e-05
1016,7.7999999999999998,8964.827691618706,2.0909170242282396,22.178047288749735,0,0.0043329437172037692,1.0839635101580671e-05,2.63157303296745e-06,5.3161154254011008e-06,9.3008465103625414e-06,1.6715476811450473e-05,2.6174813697997081e-05
1017,7.7999999999999998,8986.6160528574983,2.0858475236313225,30.370962570513065,0,0.0065146721959946103,1.6297619821511716e-05,3.9566255157050354e-06,7.9928915797015205e-06,1.398401874450723e-05,2.5132071666193744e-05,3.9354384031492658e-05
1018,7.7999999999999998,8197.9209683365061,2.2865200716227343,1.8941532989230763,0,0.0059015348970817283,1.4763747004055991e-05,3.5842422846653041e-06,7.2406296383110067e-06,1.2667893662077776e-05,2.2766732310060196e-05,3.5650492262343443e-05
1019,7.7999999999999998,8326.4195547807758,2.2512330439697412,3.9567018718841416,0,0.0039960258021576158,9.9967745668856831e-06,2.4269490735011013e-06,4.9027487531871577e-06,8.5776379900224936e-06,1.5415726811478024e-05,2.4139531397228636e-05
1020,7.7999999999999998,8349.2014772359053,2.2450902509402542,6.6668065531891285,0,0.0040069593311918552,1.0024126748875292e-05,2.4335894505841062e-06,4.9161631675314322e-06,8.6011072714166398e-06,1.5457905792551219e-05,2.4205579586222318e-05
1021,7.7999999999999998,8507.4165722270045,2.2033376032004344,10.511061368391305,0,0.0040828901196556973,1.0214081221779112e-05,2.4797053081476458e-06,5.0093231211705246e-06,8.7640959126281521e-06,1.5750828899030336e-05,2.4664268729608119e-05
1022,7.7999999999999998,8808.6436507547733,2.1279905945647091,15.729548760445134,0,0.0042274554001086127,1.0575737174577536e-05,2.5675056855291408e-06,5.1866911572107298e-06,9.0744113868129393e-06,1.6308527717862675e-05,2.5537570930148982e-05
1023,7.7999999999999998,9027.3581838212667,2.0764337093959968,22.387981004480292,0,0.0043324211554000014,1.0838327819593975e-05,2.631255659920255e-06,5.315474291094485e-06,9.2997248094021236e-06,1.6713460891031578e-05,2.6171656962356827e-05
1024,7.7999999999999998,9210.3979397691073,2.0351684001340997,30.566973171934229,0,0.0066303987398144745,1.6587130507190309e-05,4.0269109548409522e-06,8.1348771915354449e-06,1.4232430653706437e-05,2.5578517428230692e-05,4.0053474747204254e-05
1025,7.7999999999999998,8276.8086606385787,2.2647268540616592,2.0094165526551619,0,0.0059135269792287655,1.4793747346332753e-05,3.5915255641277108e-06,7.2553427980115165e-06,1.2693635172392439e-05,2.2812994939840945e-05,3.57229350487114e-05
1026,7.7999999999999998,8415.6256142513266,2.2273698592217941,4.2588330062011712,0,0.0040087098853697567,1.0028506073822132e-05,2.4346526333688318e-06,4.9183109332711977e-06,8.6048649098212409e-06,1.5464659018458981e-05,2.4216154482289601e-05
1027,7.7999999999999998,8546.5029303175161,2.1932609153135698,7.2699066204006391,0,0.0040709638748682875,1.018424558345444e-05,2.4724620143927549e-06,4.9946907377334335e-06,8.73849572498383e-06,1.5704820254283784e-05,2.4592223659143043e-05
1028,7.7999999999999998,8791.6090899178125,2.1321137743913878,11.385951800721944,0,0.0041873951068000844,1.0475519172713674e-05,2.5431754392937887e-06,5.1375409357670513e-06,8.9884202769484487e-06,1.6153984537160863e-05,2.5295571314535574e-05
1029,7.7999999999999998,9063.0297495488139,2.0682609853080831,16.708780915568859,0,0.004316619475880616,1.0798797086872435e-05,2.6216586569558032e-06,5.2960871128334989e-06,9.265805837588063e-06,1.6652501731433099e-05,2.6076200837253433e-05
1030,7.7999999999999998,9181.8017742331267,2.0415068088576631,23.24247158940954,0,0.0043735582125817166,1.0941239539225177e-05,2.656239868670814e-06,5.365945600788868e-06,9.3880272383526788e-06,1.6872157973267402e-05,2.6420161184449544e-05
1031,7.7999999999999998,9496.7839768140802,1.9737956433928128,31.058789806928306,0,0.0067849839823264837,1.6973853190493683e-05,4.1207968629071353e-06,8.3245387809520279e-06,1.4564254399226775e-05,2.6174870901815501e-05,4.0987306383914908e-05
1032,7.7999999999999998,8783.9739839638532,2.133967026074862,2.2862733053472923,0,0.0062291252134248189,1.5583272879241386e-05,3.7832012138863117e-06,7.6425522220290795e-06,1.3371080098239118e-05,2.4030498630113492e-05,3.7629427614192856e-05
1033,7.7999999999999998,8896.9996446312125,2.1068575461829506,4.9371335710763136,0,0.0042061846503173789,1.0522524582602584e-05,2.5545870936445151e-06,5.1605939428328795e-06,9.0287528249019933e-06,1.6226470172668668e-05,2.5409076781750131e-05
1034,7.7999999999999998,8970.2685482158486,2.0896487924440734,8.4645003244981432,0,0.0042408235791600093,1.0609180069834724e-05,2.5756247246368632e-06,5.2030926587078498e-06,9.1031067471949397e-06,1.6360099005543546e-05,2.5618326559344549e-05
1035,7.7999999999999998,9178.012185480804,2.0423497442432663,12.909559850951648,0,0.0043390373740534666,1.0854879476074322e-05,2.6352739587316486e-06,5.3235917706504414e-06,9.3139268019021765e-06,1.6738984705024912e-05,2.6211624776836407e-05
1036,7.7999999999999998,9427.1092228611087,1.9883837554593771,18.21109412354464,0,0.0044568015841150929,1.114948774897331e-05,2.706796955491663e-06,5.4680774077897126e-06,9.5667126476652784e-06,1.7193291303720877e-05,2.6923024799508316e-05
1037,7.7999999999999998,9553.2481482288058,1.9621295865902546,24.436382283923962,0,0.0045164355767959062,1.129867286710531e-05,2.7430151058368701e-06,5.5412427219640021e-06,9.6947195291122095e-06,1.7423345208615266e-05,2.7283266877495732e-05
1038,7.7999999999999998,10039.711796477925,1.8670566665324215,31.725394690546057,0,0.0071196274033974404,1.7811023670957416e-05,4.3240394296300225e-06,8.7351148624508142e-06,1.5282580622280554e-05,2.7465846439486666e-05,4.3008848728675704e-05
1039,7.7999999999999998,8955.1432679267145,2.0931782193606443,2.6091492601203634,0,0.0063077252292524817,1.5779904902677905e-05,3.8309382018424751e-06,7.7389870672173899e-06,1.35397983486107e-05,2.433371898738017e-05,3.810424125250071e-05
1040,7.7999999999999998,9225.5364695151002,2.0318288157678852,5.6595965040182623,0,0.0043317082270222127,1.0836544301511775e-05,2.630822669506376e-06,5.3145995948616857e-06,9.2981944785583674e-06,1.671071058118568e-05,2.6167350244179405e-05
1041,7.7999999999999998,9276.1502758547394,2.0207424720651255,9.5688251258097381,0,0.0043552745475377219,1.0895499674982415e-05,2.6451354549018215e-06,5.3435132591483973e-06,9.348780579886775e-06,1.6801623897817087e-05,2.6309711670798354e-05
1042,7.7999999999999998,9404.0945664672709,1.9932499303566567,14.230424830825562,0,0.0044151847093839968,1.1045375679766836e-05,2.6815213340189212e-06,5.4170174069785922e-06,9.477380270099871e-06,1.7032743198336852e-05,2.6671622054890551e-05
1043,7.7999999999999998,9721.7220381965708,1.9281265979453512,19.615855962434154,0,0.0045639470999186997,1.1417531455488671e-05,2.7718707871393358e-06,5.5995349033174176e-06,9.7967050181653238e-06,1.7606633479792779e-05,2.7570278513790364e-05
1044,7.7999999999999998,10153.119982636075,1.8462020415139007,25.790097366196356,0,0.0047658350801182796,1.1922590412998243e-05,2.8944855726174033e-06,5.84723251394659e-06,1.0230066085992714e-05,1.8385469779497696e-05,2.8789860538040421e-05
1045,7.7999999999999998,10954.90106232263,1.7110798840664379,32.645300020768744,0,0.0077122978236231123,1.9293694924045523e-05,4.6839922924172348e-06,9.4622658638891453e-06,1.655477268604186e-05,2.9752229395900437e-05,4.6589102442133082e-05
1046,7.7999999999999998,8116.6075184962101,2.3094267890818498,2.7256891541928381,1,0.029270201473926769,7.3224653730759266e-05,1.7776984400346273e-05,3.5911791086120495e-05,6.2829722471462583e-05,0.00011291754657723776,0.00017681791421405687
1047,7.7999999999999998,8707.3861028989777,2.1527368395249598,5.9013298271796444,1,0.020933782573760426,5.2369608101401509e-05,1.2713937981789199e-05,2.5683787216183449e-05,4.4935247560865419e-05,8.0757604996876191e-05,0.00012645856826780209
1048,7.7999999999999998,8976.0840808237117,2.0882949258155956,9.9469315073054574,1,0.02157977035716797,5.398566229209281e-05,1.3106272648794468e-05,2.647635362002534e-05,4.6321887594334463e-05,8.3249673788620738e-05,0.00013036090602832725
1049,7.7999999999999998,9211.7425245298182,2.0348713383774331,14.806504278588015,1,0.022146326446896434,5.5403003868179138e-05,1.3450365216042277e-05,2.7171464787983025e-05,4.7538024145832575e-05,8.5435313805739109e-05,0.0001337834060804808
1050,7.7999999999999998,9682.2741753413757,1.9359822393190396,20.442038540957267,1,0.023277550806969586,5.823296430189677e-05,1.4137403801008132e-05,2.8559370946629203e-05,4.9966244964868129e-05,8.9799311077218413e-05,0.00014061700208542938
1051,7.7999999999999998,10335.274972531475,1.8136634864091146,26.769002351052986,1,0.024847456694606588,6.216036518140557e-05,1.5090871528225342e-05,3.0485498182613926e-05,5.3336114192260064e-05,9.5855638408857689e-05,0.00015010062264785053
1052,7.7999999999999998,11256.240047802428,1.6652728406709711,33.383649289043738,1,0.040592379671833954,0.00010154911124288865,2.4653403935122187e-05,4.9803041491255592e-05,8.713325569382952e-05,0.00015659584462915946,0.00024521388802028853
1053,7.9000000000000004,12199.176098895994,2.1704422995040646,2.341588449919318,1,0.035456769402581176,7.3112550722332484e-05,1.8373636365675431e-05,3.3964295003861192e-05,6.6250129035221348e-05,0.00011137655183070486,0.00016971237384410371
1054,7.9000000000000004,13027.290992816814,2.0324722798272084,5.0972492324908991,1,0.025850861968976936,5.3304982060358053e-05,1.3395871805587385e-05,2.4762727028213451e-05,4.8301719811837763e-05,8.1202543730522683e-05,0.00012373409153153015
1055,7.9000000000000004,9037.9024874981405,2.9296186654778058,8.9858527516730167,1,0.021304873837926105,4.3931065783868983e-05,1.1040148646090404e-05,2.0408092227338957e-05,3.9807649276105943e-05,6.692271815050542e-05,0.00010197490562184056
1056,7.9000000000000004,9395.721610125549,2.8180494189619822,14.244823858004896,1,0.02214777472840818,4.5669143875799816e-05,1.1476938424600067e-05,2.1215513066454274e-05,4.1382589511757394e-05,6.9570432431832191e-05,0.00010600941619483732
1057,7.9000000000000004,9483.7302972856851,2.7918980184116937,20.387855222369758,1,0.022354974460123769,4.6096393767709229e-05,1.1584308965959387e-05,2.1413991183081473e-05,4.176973727489291e-05,7.0221286755211391e-05,0.00010700116922033305
1058,7.9000000000000004,9333.9030516543298,2.8367133960588959,27.005382479107606,1,0.022001681507933146,4.536789680303655e-05,1.1401233171309187e-05,2.1075569317435874e-05,4.1109617809294922e-05,6.9111525446889351e-05,0.00010531014698145143
1059,7.9000000000000004,9089.5650674914668,2.9129675212776842,33.619715400260503,1,0.032137296201610883,6.626773217663339e-05,1.6653491114207801e-05,3.0784547695947713e-05,6.0047772430300884e-05,0.00010094944622441717,0.00015382385138871209
1060,7.9000000000000004,13268.224251741241,1.9955652935748418,2.5434232786715683,0,0.007862812563921651,1.6213273010655772e-05,4.0744958239326658e-06,7.531844834731619e-06,1.4691477980553065e-05,2.4698610894792509e-05,3.7635030145110855e-05
1061,7.9000000000000004,13688.691588404383,1.9342687102814038,5.3704025000212603,0,0.0060768166476027749,1.2530514563626004e-05,3.1489958398693845e-06,5.8210264719867669e-06,1.135438715400161e-05,1.9088453226879432e-05,2.9086433875866816e-05
1062,7.9000000000000004,9314.1761678604762,2.8427213901650861,8.7839202596418247,0,0.0040207859584284068,8.2909391431425428e-06,2.0835643051845349e-06,3.8515398537550824e-06,7.5127427866989022e-06,1.2630064251326611e-05,1.924532723148345e-05
1063,7.9000000000000004,9664.6884531863616,2.7396235225164878,13.586223451030957,0,0.0043918201308813087,9.0560188503537317e-06,2.2758335693829999e-06,4.2069561621790091e-06,8.2060112997544627e-06,1.3795554154536885e-05,2.1021267094173829e-05
1064,7.9000000000000004,9838.1617355595517,2.6913165828978838,19.337194382005674,0,0.004470588062846878,9.2184398638346349e-06,2.3166509750179947e-06,4.2824085320141445e-06,8.353187304350545e-06,1.4042979422122657e-05,2.1398286572877225e-05
1065,7.9000000000000004,9847.4535930956627,2.6887771111414089,25.849709139272775,0,0.0044746121854395797,9.2267376831827894e-06,2.3187362683612686e-06,4.2862632680539231e-06,8.3607062815589025e-06,1.4055619967385828e-05,2.1417547870771931e-05
1066,7.9000000000000004,9960.5460479733974,2.6582486237820317,32.81586225214005,0,0.006788519923499583,1.3998060612941697e-05,3.5177992422074439e-06,6.5027721703417298e-06,1.2684187771976716e-05,2.132405049452652e-05,3.24929724426963e-05
1067,7.9000000000000004,9832.821972818525,2.6927781157165791,1.5651123915655702,0,0.0061380302887110438,1.2656738286650841e-05,3.1807166424493403e-06,5.8796634600680996e-06,1.1468763384280596e-05,1.9280737080894202e-05,2.9379430460698629e-05
1068,7.9000000000000004,9391.5138540052285,2.819312012498481,5.5993436378356778,0,0.0040970224989548771,8.4481403780562618e-06,2.1230699481692697e-06,3.9245673854829547e-06,7.6551889466897189e-06,1.2869537930130578e-05,1.9610230308791657e-05
1069,7.9000000000000004,9541.5694517316006,2.7749740708891135,9.0599414822441684,0,0.0043891825542090035,9.0505801157626458e-06,2.2744667817291875e-06,4.2044296084714134e-06,8.201083050570322e-06,1.3787269017455866e-05,2.1008642441511023e-05
1070,7.9000000000000004,9787.3399413180923,2.7052915279222458,13.22700617509096,0,0.0047388755642611075,9.771653929464872e-06,2.4556770926112638e-06,4.5394030635920378e-06,8.8544761100344578e-06,1.4885722213140075e-05,2.2682433704860366e-05
1071,7.9000000000000004,10127.878365361605,2.6143291683576111,18.285392625782482,0,0.0049074341229934666,1.0119224968300285e-05,2.5430238451962656e-06,4.7008665220704279e-06,9.1694237618979912e-06,1.5415197158812843e-05,2.3489232339259555e-05
1072,7.9000000000000004,10337.272893356139,2.5613726267360364,24.421371993557376,0,0.0050104790489767358,1.0331705617399757e-05,2.5964215469961e-06,4.7995739994778875e-06,9.3619607515290728e-06,1.5738881147316073e-05,2.3982452655037603e-05
1073,7.9000000000000004,10707.08192856976,2.4729060635552353,31.717313042151041,0,0.0077850818545694049,1.6052990770452996e-05,4.034215905255692e-06,7.4573860279146933e-06,1.4546240001702947e-05,2.4454443743501572e-05,3.7262975289944179e-05
1074,7.9000000000000004,10332.661823693781,2.5625156688499335,1.6829277711106081,0,0.006165462612131232,1.27133042730981e-05,3.1949320248341621e-06,5.9059410804205277e-06,1.152002002714302e-05,1.9366907300085767e-05,2.9510734152663311e-05
1075,7.9000000000000004,10213.967093933108,2.5922942164039298,4.978072173456737,0,0.0060951193462735328,1.2568255085604409e-05,3.1584802665544213e-06,5.8385587589800408e-06,1.1388585310490796e-05,1.9145945533750374e-05,2.9174038993070233e-05
1076,7.9000000000000004,9617.9414103422878,2.7529391888030381,9.5957457889008388,0,0.006190996564325796,1.2765955781016663e-05,3.2081636745446771e-06,5.9304002372913598e-06,1.1567729608590276e-05,1.9447114369087197e-05,2.9632951368545531e-05
1077,7.9000000000000004,9689.7973466373096,2.7325244147991885,13.152635739343564,0,0.0049897997521621299,1.0289064503650969e-05,2.5857055712777434e-06,4.7797651519907116e-06,9.3233219780195623e-06,1.5673923487261265e-05,2.3883472048203804e-05
1078,7.9000000000000004,10190.56666370411,2.5982468588767027,17.486089410745635,0,0.0052476729072758917,1.0820803983892795e-05,2.7193349926932417e-06,5.0267837061746885e-06,9.8051518257146728e-06,1.6483952807760626e-05,2.5117771338365288e-05
1079,7.9000000000000004,10744.762111431033,2.4642339727534872,23.137054129637665,0,0.0055330580612468214,1.1409273742888417e-05,2.8672210841667203e-06,5.300156202386523e-06,1.0338387187928305e-05,1.7380402623367429e-05,2.6483755683705719e-05
1080,7.9000000000000004,11399.255628081699,2.3227488432592134,30.660419017077043,0,0.008805138158163979,1.8156366782785469e-05,4.5628073113694526e-06,8.4345053142902916e-06,1.6452190906846942e-05,2.7658637348327501e-05,4.2145432988559954e-05
1081,7.9000000000000004,10437.347302987342,2.5368139102322016,1.726391327430961,0,0.0061945234919163934,1.2773228374563856e-05,3.2099913223007918e-06,5.9337787066545501e-06,1.1574319588780575e-05,1.9458193128946486e-05,2.9649832862936075e-05
1082,7.9000000000000004,10288.681355783108,2.5734695155332217,5.0920726411200823,0,0.005844439034311027,1.2051347388364665e-05,3.0285781639760104e-06,5.598430281100872e-06,1.0920195118887595e-05,1.8358510320992474e-05,2.7974167951913275e-05
1083,7.9000000000000004,9631.7638742635136,2.7489884687572284,10.047265358545763,0,0.0065698648294693057,1.3547189540299042e-05,3.4044925519785699e-06,6.293320879576342e-06,1.227563593722722e-05,2.0637212668530504e-05,3.1446388794884251e-05
1084,7.9000000000000004,9458.0823393737701,2.7994689487864997,13.263492066874795,0,0.0048388182453102174,9.9777376889457052e-06,2.5074672164704711e-06,4.6351388782142711e-06,9.0412166289026963e-06,1.51996614519235e-05,2.3160805252380816e-05
1085,7.9000000000000004,9860.8547619774326,2.6851229901730336,17.129568917093867,0,0.0050453322233402504,1.0403573543367691e-05,2.6144824014601304e-06,4.8329601064427611e-06,9.4270830776116571e-06,1.5848361690703648e-05,2.4149275945960549e-05
1086,7.9000000000000004,10740.561674732473,2.4651976894683538,22.411296959476857,0,0.0054952515756852395,1.1331316031573266e-05,2.8476298289656166e-06,5.2639410973358266e-06,1.0267746670221109e-05,1.7261645159852445e-05,2.6302796489750168e-05
1087,7.9000000000000004,11989.101312065297,2.208473106945636,30.015794705099964,0,0.0091993046670849933,1.8969145819401097e-05,4.7670637121772274e-06,8.8120802545684341e-06,1.7188681639572266e-05,2.8896790382302825e-05,4.4032094831868183e-05
1088,7.9000000000000004,10591.190190177338,2.4999652870646361,3.4793915813348297,0,0.0049339376262138258,1.0173875709362356e-05,2.5567579145655955e-06,4.7262544188579601e-06,9.2189449263418782e-06,1.5498449774599736e-05,2.3616090271397744e-05
1089,7.9000000000000004,10173.20676605691,2.6026805935455739,6.834693016985697,0,0.0051700568705268755,1.0660758200836606e-05,2.6791144971602365e-06,4.9524347450710241e-06,9.6601281098921462e-06,1.6240145865235245e-05,2.4746265358915061e-05
1090,7.9000000000000004,9691.7397449563214,2.7319767679401479,10.004011031141605,0,0.005335821572819914,1.1002568253150336e-05,2.7650134781873969e-06,5.111221948326437e-06,9.969855507549514e-06,1.6760844768934518e-05,2.5539691313950455e-05
1091,7.9000000000000004,9534.1283182916304,2.7771398643066751,13.117954874894357,0,0.0048452751182579013,9.9910518870198489e-06,2.5108131568254171e-06,4.641323963355773e-06,9.0532811422003163e-06,1.5219943735296719e-05,2.3191710810163569e-05
1092,7.9000000000000004,9791.1827480270294,2.7042297652424283,16.776303913728885,0,0.0049759110181382682,1.0260425662947263e-05,2.5785084534118545e-06,4.7664610335511377e-06,9.2973712093308123e-06,1.5630296294741046e-05,2.3816994191913057e-05
1093,7.9000000000000004,10503.15403546467,2.5209196908604086,21.878962364670365,0,0.0053377371493554503,1.1006518209363964e-05,2.7660061266234385e-06,5.1130568928984234e-06,9.9734347166764145e-06,1.6766861964321766e-05,2.5548860142543796e-05
1094,7.9000000000000004,11729.930283140282,2.2572689849827805,29.582216383639221,0,0.0089417832615216047,1.8438131653599266e-05,4.6336165667682362e-06,8.5653986438143752e-06,1.6707509027533223e-05,2.8087865974988977e-05,4.2799479176516027e-05
1095,7.9000000000000004,10267.02944037757,2.5788966495034358,3.3038118542459411,0,0.0049335310061481962,1.0173037250848679e-05,2.5565472047533157e-06,4.7258649145659378e-06,9.218185166435091e-06,1.5497172502542013e-05,2.3614144001115554e-05
1096,7.9000000000000004,9991.0682105148735,2.6501278207946859,6.5265830471696251,0,0.0043795070075695617,9.0306289496986847e-06,2.2694529302534998e-06,4.195161332598494e-06,8.1830045221496626e-06,1.3756876259177675e-05,2.0962330833993295e-05
1097,7.9000000000000004,9715.5522455810515,2.7252807822824199,9.6382201827991842,0,0.0049135222491689685,1.0131778803331233e-05,2.5461787016138634e-06,4.7066983820207146e-06,9.1807992806354756e-06,1.543432113744831e-05,2.3518372905727284e-05
1098,7.9000000000000004,9740.2295032331203,2.7183761753615774,12.75440467753746,0,0.004925789926206698,1.0157074992882018e-05,2.5525357905630441e-06,4.718449678287746e-06,9.2037211429598191e-06,1.5472856277294852e-05,2.3577091639179472e-05
1099,7.9000000000000004,9960.2716954125353,2.6583218444068959,16.376356441136892,0,0.0050371429761374787,1.0386687155758818e-05,2.6102387477729053e-06,4.825115567514343e-06,9.4117816642842082e-06,1.5822637685643346e-05,2.4110078449792796e-05
1100,7.9000000000000004,10354.501970727211,2.5571107040200105,21.452107266248255,0,0.0052367999375200281,1.0798383707985762e-05,2.7137006386368713e-06,5.0163684100668228e-06,9.7848359407240466e-06,1.644979871250683e-05,2.506572831416725e-05
1101,7.9000000000000004,10993.438771436755,2.4084918627042518,29.294573267936705,0,0.0083407758843759821,1.7198842708598636e-05,4.322175587039323e-06,7.9896893448339457e-06,1.5584541059557016e-05,2.6199985877079593e-05,3.9922781993106616e-05
1102,7.9000000000000004,9922.8025107313697,2.6683598505067181,3.146454220661516,0,0.0063767193486862607,1.3148919788190389e-05,3.304404899059946e-06,6.1083054312286882e-06,1.1914748207181654e-05,2.0030505458207695e-05,3.052190586558035e-05
1103,7.9000000000000004,9770.608339479013,2.7099241832422769,6.2144997785409739,0,0.0046480710500680315,9.5844132484434707e-06,2.4086223509566582e-06,4.45242076487445e-06,8.6848100382621682e-06,1.4600487719081773e-05,2.2247801618544411e-05
1104,7.9000000000000004,9630.0456030355854,2.7494789656859537,9.2377516193931761,0,0.0048224047891270048,9.9438928218598578e-06,2.4989617919635124e-06,4.6194163102185805e-06,9.0105484769990259e-06,1.5148103620115578e-05,2.3082242916929116e-05
1105,7.9000000000000004,9721.0361734467915,2.723743369710625,12.391736225532492,0,0.0048680174065663644,1.0037946929504271e-05,2.5225981711553645e-06,4.6631089652661637e-06,9.0957745661748713e-06,1.529138164955723e-05,2.3300565841248135e-05
1106,7.9000000000000004,9882.8131426144482,2.6791569811202893,16.122485961744303,0,0.0049491014019721691,1.0205143711014905e-05,2.5646157568453312e-06,4.7407799089662401e-06,9.2472780801395356e-06,1.5546082119146484e-05,2.3688671062703586e-05
1107,7.9000000000000004,10148.228841347302,2.6090865941319881,21.361045956826949,0,0.0050820450358032027,1.0479276079401943e-05,2.6335069171597028e-06,4.8681275741484445e-06,9.4956800931857671e-06,1.5963683716060906e-05,2.432500031844462e-05
1108,7.9000000000000004,10546.649592475493,2.5105231374173362,29.337150246955531,0,0.0079223434261351811,1.6336026810747162e-05,4.1053446134099981e-06,7.588869876779227e-06,1.4802709978551654e-05,2.4885608815713331e-05,3.7919972177717724e-05
1109,7.9000000000000004,10078.780767691964,2.6270645660850316,2.86668348043733,0,0.0075326547986005656,1.5532481252970918e-05,3.9034086429648472e-06,7.215584331360305e-06,1.4074586060532006e-05,2.3661521670896191e-05,3.6054743530176702e-05
1110,7.9000000000000004,9752.0771321737629,2.7150736674127307,5.7304415773329298,0,0.0048589892169939256,1.0019330626350671e-05,2.5179197789882456e-06,4.6544607973942549e-06,9.0789056090136185e-06,1.5263022364693027e-05,2.3257352781805062e-05
1111,7.9000000000000004,9535.5003866080115,2.7767402601471147,8.6913304256224571,0,0.0047510794807302777,9.7968186434785058e-06,2.4620011409444796e-06,4.5510932831508225e-06,8.8772788372552499e-06,1.492405706874221e-05,2.2740847250963844e-05
1112,7.9000000000000004,9623.7159154617802,2.7512873464607415,11.926089068137582,0,0.0047950330198237821,9.8874516991839671e-06,2.4847777886170049e-06,4.5931966950913041e-06,8.9594049780617311e-06,1.506212361308548e-05,2.2951229064763981e-05
1113,7.9000000000000004,9817.6196330555431,2.6969478156389117,15.877348798672593,0,0.0048916458808741462,1.0086669304820091e-05,2.5348424055320949e-06,4.6857428511334488e-06,9.1399238075798703e-06,1.5365603244975046e-05,2.3413662565305464e-05
1114,7.9000000000000004,10116.508998441868,2.6172672636599139,21.442290051436508,0,0.0050405680216450525,1.0393749666461799e-05,2.6120136004104238e-06,4.828396443295779e-06,9.418181280229245e-06,1.5833396414228163e-05,2.4126472289767739e-05
1115,7.9000000000000004,10430.556620617368,2.5384654709420174,29.571513613511691,0,0.0077955641849287646,1.6074605540298079e-05,4.0396478306547881e-06,7.4674271277286911e-06,1.4565825986286382e-05,2.4487370765061828e-05,3.7313148534677959e-05
1116,7.9000000000000004,10113.857562911917,2.6179534029861879,2.490167521266518,0,0.0075187467789088669,1.5503802644843622e-05,3.8962015312993573e-06,7.202261739040488e-06,1.4048599257032294e-05,2.3617833898373345e-05,3.5988173363827114e-05
1117,7.9000000000000004,9556.7672455337943,2.7705611263596213,5.1095299844936104,0,0.0047366162711307679,9.7669952229224609e-06,2.4545063308323495e-06,4.5372388704161796e-06,8.8502546746376255e-06,1.4878625337630213e-05,2.2671619690870369e-05
1118,7.9000000000000004,9341.8194722719654,2.834309515692599,8.0964336707363511,0,0.0046299773149305048,9.5471036133501354e-06,2.3992462088118647e-06,4.4350886455559894e-06,8.6510023251572336e-06,1.4543651806974984e-05,2.2161196696730169e-05
1119,7.9000000000000004,9447.5205032367558,2.8025986093463908,11.598243592891443,0,0.0046823581129738145,9.6551138415335001e-06,2.4263898474458344e-06,4.4852645895931004e-06,8.7488745985709677e-06,1.4708189997185276e-05,2.2411915240172302e-05
1120,7.9000000000000004,9696.1397438913809,2.7307370276737069,15.950588281682215,0,0.0048055860117935407,9.909212174649201e-06,2.4902463307399689e-06,4.6033054821712733e-06,8.9791229921810115e-06,1.5095272596393678e-05,2.300174052840046e-05
1121,7.9000000000000004,10059.786962861794,2.6320247060789179,21.839675312611199,0,0.0049857552289816944,1.0280724617892632e-05,2.5836097063853131e-06,4.7758908740808849e-06,9.3157648827989724e-06,1.5661218859817023e-05,2.3864113103731856e-05
1122,7.9000000000000004,10288.789441750592,2.5734424806770848,29.945600433383067,0,0.0076488783381127873,1.5772136460450078e-05,3.9636354794225933e-06,7.3269156976663013e-06,1.4291746975622433e-05,2.4026602226472375e-05,3.6611042739595011e-05
1123,7.9000000000000004,9636.5176690437584,2.7476323640436231,2.1913548966967134,0,0.0071022046601668127,1.4644884663943219e-05,3.6803501283174107e-06,6.8032530408182919e-06,1.3270300230351746e-05,2.2309394757993888e-05,3.3994411580989105e-05
1124,7.9000000000000004,9369.7296507121846,2.8258667871095198,4.6177347024687512,0,0.0046031453034637536,9.4917754818706141e-06,2.3853419070394132e-06,4.4093860683511591e-06,8.6008673508801515e-06,1.4459367283421321e-05,2.2032766373331812e-05
1125,7.9000000000000004,9481.3843134013205,2.792588819200005,7.7213604562781493,0,0.004657540308099414,9.6039390433702905e-06,2.4135293040336834e-06,4.4614914354026608e-06,8.7025031213325399e-06,1.4630232485051732e-05,2.2293125834092693e-05
1126,7.9000000000000004,9755.6441490849174,2.7140809381230304,11.68077409160726,0,0.0047920067914378542,9.8812115571718349e-06,2.4832096023197364e-06,4.5902978491055996e-06,8.9537505424085156e-06,1.5052617646006249e-05,2.2936744146599584e-05
1127,7.9000000000000004,9901.6572208215402,2.6740582140598477,16.563127493048775,0,0.0048638950886098521,1.0029446629398895e-05,2.5204619931449916e-06,4.6591601671795424e-06,9.0880721132682818e-06,1.5278432653715756e-05,2.328083453526827e-05
1128,7.9000000000000004,9921.2609602416705,2.6687744562156821,22.654175706283652,0,0.0048741106203813028,1.0050511255347062e-05,2.5257556639788883e-06,4.6689456987029415e-06,9.1071595910454529e-06,1.5310521609449505e-05,2.3329730759493552e-05
1129,7.9000000000000004,9799.8993746822543,2.7018244587844391,30.48489674978822,0,0.0072225751569457222,1.4893090978266365e-05,3.7427259108332987e-06,6.9185568073837413e-06,1.3495209636312909e-05,2.2687501706237401e-05,3.4570560031435793e-05
1130,7.9000000000000004,13150.29459866915,2.0134611909624036,1.9740078756509076,0,0.0086502578540882738,1.783700057208944e-05,4.48254860660756e-06,8.2861443545483699e-06,1.6162800747988226e-05,2.7172128438883898e-05,4.1404104759585127e-05
1131,7.9000000000000004,9242.0914755565645,2.8648935031827683,4.2935024366268522,0,0.0045042800171275609,9.2879133313215403e-06,2.3341100872505143e-06,4.3146822978909203e-06,8.4161399183690547e-06,1.4148812349246216e-05,2.1559551731456659e-05
1132,7.9000000000000004,9718.5093700349189,2.7244515404575576,7.4032799206167077,0,0.0047362638759986843,9.7662685772803762e-06,2.4543237202865203e-06,4.5369013085788867e-06,8.8495962327275096e-06,1.4877518396548024e-05,2.266993296601064e-05
1133,7.9000000000000004,10162.139493026312,2.6055150927925066,11.625801021346669,0,0.0049524554111751145,1.0212059743470914e-05,2.5663537985930819e-06,4.7439927385594012e-06,9.2535449664414866e-06,1.5556617708996507e-05,2.3704724890317258e-05
1134,7.9000000000000004,10102.389846658221,2.6209251697905316,16.839977178626782,0,0.004923593586613817,1.0152546097762873e-05,2.5513976511979782e-06,4.716345788759225e-06,9.1996173347481516e-06,1.546595715098904e-05,2.3566578949716894e-05
1135,7.9000000000000004,9731.3981869998133,2.7208431219590121,23.065857955880016,0,0.0047428663584125636,9.7798830249165138e-06,2.4577451152141291e-06,4.5432258740776954e-06,8.8619328138442447e-06,1.4898258067340682e-05,2.270153547753674e-05
1136,7.9000000000000004,9254.3702759935913,2.8610923309203864,30.772566094228551,0,0.0067656233197306414,1.3950847368965103e-05,3.5059342618737063e-06,6.4808393485393515e-06,1.264140601324011e-05,2.1252127845639253e-05,3.2383378786983494e-05
1137,7.9000000000000004,12605.054206602328,2.1005548560254739,1.9061211698819447,0,0.0071923762474838246,1.4830820237389689e-05,3.7270768883633478e-06,6.88962905431879e-06,1.3438783693332665e-05,2.2592641106651331e-05,3.4426014188748028e-05
1138,7.9000000000000004,12774.877222002779,2.0726310996194313,4.0045091777682389,0,0.0052459626426320715,1.0817277384808143e-05,2.7184487365231482e-06,5.0251454313437858e-06,9.8019562369668385e-06,1.647858053662718e-05,2.5109585226728639e-05
1139,7.9000000000000004,13034.471067109007,2.0313526868731979,6.8262386240563631,0,0.0057015854901572224,1.1756780591423213e-05,2.954551705332012e-06,5.4615898413840568e-06,1.0653276674461034e-05,1.7909779784264901e-05,2.7290405316487704e-05
1140,7.9000000000000004,9310.50291259605,2.843842923707339,11.045242949448355,0,0.0044966451028324757,9.2721699889904304e-06,2.3301536879139523e-06,4.3073687584507308e-06,8.4018742628752002e-06,1.4124829610772372e-05,2.1523007527036815e-05
1141,7.9000000000000004,9405.7624812631166,2.815041085386532,16.269187012299078,0,0.0045420425519035823,9.3657804152588253e-06,2.3536785672308219e-06,4.3508553021673051e-06,8.4866983150803567e-06,1.4267431754866238e-05,2.1740300556778083e-05
1142,7.9000000000000004,9280.9427320033101,2.8529006792424849,22.647617704990115,0,0.0044811676660617659,9.2402552122068514e-06,2.3221333070419984e-06,4.2925428101976527e-06,8.3729550409474594e-06,1.4076211996484761e-05,2.1448925410148073e-05
1143,7.9000000000000004,13514.115298153854,1.959255729286246,30.503926477318057,0,0.0087895616299588589,1.81242476775296e-05,4.5547355814881696e-06,8.4195844456378836e-06,1.6423086534934398e-05,2.7609708468730994e-05,4.2070876574580848e-05
1144,7.9000000000000004,12278.610822823963,2.1564009321742841,1.8918384237709081,0,0.0059754970093168066,1.2321591491440753e-05,3.0964921791598834e-06,5.7239716601014337e-06,1.1165073823335937e-05,1.8770188699818376e-05,2.8601471578955305e-05
1145,7.9000000000000004,12426.932236159852,2.1306632498645466,3.9552102165688794,0,0.0044041413127113094,9.0814253678307413e-06,2.2822183844226721e-06,4.2187587110722511e-06,8.2290331345086615e-06,1.383425736325631e-05,2.1080241926121773e-05
1146,7.9000000000000004,12460.614610139884,2.1249038392212665,6.6843591191230631,0,0.004745635395277341,9.7855928329909432e-06,2.4591800253115188e-06,4.5458783544513025e-06,8.8671066932665873e-06,1.4906956146243172e-05,2.271478935902401e-05
1147,7.9000000000000004,12762.396528691321,2.0746579817213928,10.557177522877938,0,0.0051983603798970513,1.0719120589720698e-05,2.6937813265923121e-06,4.9795468807249621e-06,9.7130125429501465e-06,1.6329052647535856e-05,2.4881738946731036e-05
1148,7.9000000000000004,13243.761919147504,1.9992512690719826,15.758132799867701,0,0.0056047187353198682,1.1557039451841607e-05,2.9043555210971615e-06,5.3688004786531399e-06,1.0472283450449749e-05,1.7605502623017678e-05,2.6826756563738517e-05
1149,7.9000000000000004,13537.951943286233,1.9558060137208326,22.351483560427585,0,0.0056574686079077074,1.1665810718941147e-05,2.9316904135195409e-06,5.4193299618569598e-06,1.0570845330858442e-05,1.7771200147561888e-05,2.7079241667364583e-05
1150,7.9000000000000004,8986.6160528574983,2.946337939487655,30.370962570513065,0,0.0055032504695956526,1.1347809906977072e-05,2.8517748419071181e-06,5.2716032954733163e-06,1.0282692412956072e-05,1.728677122850484e-05,2.6341082867684097e-05
1151,7.9000000000000004,12370.856832283282,2.1403212552784745,1.9643954367218981,0,0.005832545281914017,1.2026822238723087e-05,3.0224148421266678e-06,5.5870371699426542e-06,1.089797192584741e-05,1.8321149750567503e-05,2.7917238993431691e-05
1152,7.9000000000000004,12536.053310131501,2.1121167219944676,4.1404981348359806,0,0.0039403771196759333,8.1251345478320036e-06,2.0418965845005226e-06,3.7745156474801556e-06,7.362500786858503e-06,1.2377484579014173e-05,1.8860453619683478e-05
1153,7.9000000000000004,12636.637055252362,2.0953049223754943,7.0317183360025259,0,0.0041041784109931518,8.4628960083823793e-06,2.1267781293677083e-06,3.9314220852084164e-06,7.6685595978767346e-06,1.2892016030122645e-05,1.964448178853721e-05
1154,7.9000000000000004,12962.582755263116,2.0426182284847751,11.031730916700205,0,0.0045492591686472662,9.3806612198726208e-06,2.3574182055022443e-06,4.3577681513676735e-06,8.5001823915634206e-06,1.4290100540047122e-05,2.1774842597108597e-05
1155,7.9000000000000004,13408.590599491337,1.9746749390012168,16.291370566549666,0,0.0050570132659722138,1.0427660081321061e-05,2.6205354974784051e-06,4.8441494613837047e-06,9.4489088275226788e-06,1.5885054098727737e-05,2.4205186777867877e-05
1156,7.9000000000000004,9027.3581838212667,2.9330405734421539,22.387981004480292,0,0.0034934456677414363,7.2035531686049428e-06,1.8102974818019561e-06,3.3463967879288336e-06,6.5274200149931524e-06,1.097358668138081e-05,1.6721234538774386e-05
1157,7.9000000000000004,9210.3979397691073,2.8747517748192539,30.566973171934229,0,0.0053827889583307389,1.1099415919006931e-05,2.7893518958425479e-06,5.156212345475637e-06,1.0057612948595811e-05,1.6908378386205311e-05,2.5764498780129621e-05
1158,7.9000000000000004,12887.846780655656,2.0544632687506099,2.1621666678951224,0,0.0060449415627523524,1.2464787516374611e-05,3.1324782262222687e-06,5.790493098434295e-06,1.1294829317235032e-05,1.8988327437086165e-05,2.8933865088366013e-05
1159,7.9000000000000004,13102.991503531812,2.0207299849813687,4.627947497938437,0,0.0039998369895108887,8.2477419602528033e-06,2.0727085858504916e-06,3.8314726854165729e-06,7.4736001372887907e-06,1.2564259499180413e-05,1.9145055850179333e-05
1160,7.9000000000000004,13229.33590051691,2.001431366113267,7.90242399605608,0,0.0039399635385348368,8.1242817354448158e-06,2.0416822674710177e-06,3.7741194751237642e-06,7.3617280203480219e-06,1.2376185440875712e-05,1.8858474030498812e-05
1161,7.9000000000000004,13514.455092362505,1.9592064676811329,12.172651096676395,0,0.0042663019022454295,8.79719781244355e-06,2.2107902411532297e-06,4.0867213461599066e-06,7.9714834794394489e-06,1.3401277187601918e-05,2.0420479236130812e-05
1162,7.9000000000000004,9063.0297495488139,2.9214962938261326,16.708780915568859,0,0.0029834605639140746,6.1519539281931069e-06,1.5460240861283772e-06,2.8578783807017402e-06,5.5745249965275416e-06,9.3716251009447587e-06,1.4280211736810579e-05
1163,7.9000000000000004,9181.8017742331267,2.8837050151144523,23.24247158940954,0,0.0035266165135665172,7.2719521002829186e-06,1.827486556537218e-06,3.3781713802595331e-06,6.5893989502753685e-06,1.1077782706330463e-05,1.6880005433084383e-05
1164,7.9000000000000004,9496.7839768140802,2.7880604517051868,31.058789806928306,0,0.0064759586290223181,1.3353553121668582e-05,3.3558305218904711e-06,6.2033674532373642e-06,1.2100174438572822e-05,2.034223517967482e-05,3.0996910614410814e-05
1165,7.9000000000000004,13128.079131873488,2.0168683901255755,2.4410594108534229,0,0.0071165708046709809,1.4674507934377689e-05,3.6877946394656011e-06,6.8170144741984055e-06,1.3297143029150852e-05,2.2354521588918855e-05,3.4063174542981131e-05
1166,7.9000000000000004,13435.170224865828,1.9707683178541391,5.2757612229253938,0,0.0045477482067479494,9.3775455869380733e-06,2.3566352276684424e-06,4.3563207900724208e-06,8.4973591952462245e-06,1.4285354317277e-05,2.1767610439891747e-05
1167,7.9000000000000004,13563.585853871195,1.9521097230041013,8.9663973844162665,0,0.0042810823643226461,8.8276754138022713e-06,2.2184494509486848e-06,4.1008796573298865e-06,7.9991004207545967e-06,1.3447705469940158e-05,2.049122531220887e-05
1168,7.9000000000000004,9178.012185480804,2.8848956929943075,12.909559850951648,0,0.0028969495780791828,5.9735665864678328e-06,1.501194243417138e-06,2.7750088837487206e-06,5.4128812802190691e-06,9.0998774076237836e-06,1.3866130448046456e-05
1169,7.9000000000000004,9427.1092228611087,2.8086667077043734,18.21109412354464,0,0.0035937397652589338,7.4103615557042137e-06,1.8622697090651634e-06,3.4424692269193501e-06,6.7148171471617012e-06,1.1288629787074983e-05,1.7201288126820888e-05
1170,7.9000000000000004,9553.2481482288058,2.7715817084738719,24.436382283923962,0,0.0042364093783220074,8.7355588445287045e-06,2.1952999871375544e-06,4.0580870820108671e-06,7.9156300105396289e-06,1.3307379004089878e-05,2.0277399895268293e-05
1171,7.9000000000000004,10039.711796477925,2.6372876394152645,31.725394690546057,0,0.0070296833325523668,1.4495344270585326e-05,3.6427697022155662e-06,6.7337843383202745e-06,1.3134795857189287e-05,2.2081591279561534e-05,3.3647291218047139e-05
1172,7.9000000000000004,12727.645638513288,2.0803225180957887,2.6396817355869064,1,0.043862927132689147,9.0446212073264949e-05,2.272969271169639e-05,4.2016614090032391e-05,8.1956834516108587e-05,0.00013778191469651332,0.0002099481033626743
1173,7.9000000000000004,9225.5364695151002,2.870034486518541,5.6595965040182623,0,0.0032484716753819172,6.6984120137897002e-06,1.6833523841379288e-06,3.1117344347318542e-06,6.0696919456414644e-06,1.020407611916872e-05,1.5548676562570983e-05
1174,7.9000000000000004,9276.1502758547394,2.8543746098058009,9.5688251258097381,0,0.0029487450871846584,6.0803699374349243e-06,1.5280345863393488e-06,2.8246241752931748e-06,5.5096599551942607e-06,9.2625770923859196e-06,1.4114047529970852e-05
1175,7.9000000000000004,13658.917051023105,1.9384851467532389,9.6871072539926271,1,0.03164881745939388,6.5260479473725773e-05,1.6400362277794286e-05,3.0316630387537613e-05,5.9135061536214657e-05,9.941504027408914e-05,0.00015148576790533654
1176,7.9000000000000004,9404.0945664672709,2.8155403624454816,14.230424830825562,0,0.003456386624655122,7.1271366982659385e-06,1.7910935499942751e-06,3.3108976634131984e-06,6.4581760757466333e-06,1.0857177078852308e-05,1.6543852947598978e-05
1177,7.9000000000000004,9721.7220381965708,2.7235512103835644,19.615855962434154,0,0.0042809751113460481,8.8274542560706526e-06,2.2183938726423597e-06,4.1007769189304616e-06,7.9989000211226289e-06,1.3447368567652996e-05,2.0490711950231254e-05
1178,7.9000000000000004,10153.119982636075,2.6078296985975742,25.790097366196356,0,0.0047056270686881389,9.7030948824908126e-06,2.4384477799114155e-06,4.5075540900080917e-06,8.7923520880479596e-06,1.4781282275354706e-05,2.2523291143213932e-05
1179,7.9000000000000004,10954.90106232263,2.416964578092605,32.645300020768744,0,0.0076148663960324981,1.5702003171873337e-05,3.9460105500676885e-06,7.2943354131696245e-06,1.4228196472022589e-05,2.3919764155948878e-05,3.6448245972524806e-05
1180,7.9000000000000004,9211.7425245298182,2.8743321639348909,14.806504278588015,1,0.021137661375251724,4.3586270421384638e-05,1.0953499438146362e-05,2.024791820397795e-05,3.9495216772662233e-05,6.639747155219472e-05,0.00010117455002106432
1181,7.9000000000000004,9682.2741753413757,2.7346475987609908,20.442038540957267,1,0.022983479564156677,4.7392383562383125e-05,1.1909999220036258e-05,2.2016040752866929e-05,4.2944084090551871e-05,7.2195542517217954e-05,0.00011000948314672239
1182,7.9000000000000004,10335.274972531475,2.5618677678642872,26.769002351052986,1,0.024533552429870334,5.0588664073194435e-05,1.2713244288743782e-05,2.3500866724765728e-05,4.5840358316822734e-05,7.7064620376774955e-05,0.00011742884340159226
1183,7.9000000000000004,11256.240047802428,2.3522604094883444,33.383649289043738,1,0.040079565774967491,8.2644847091964638e-05,2.0769161422524135e-05,3.8392504972789665e-05,7.4887713940287494e-05,0.00012589764691204065,0.00019183919925359744
1184,8,12199.176098895994,3.0658312364868263,2.341588449919318,1,0.033419510356917183,5.6849656806165666e-05,1.4692730832407112e-05,3.0155931335601069e-05,5.0190160635976762e-05,8.4847976331719135e-05,0.00012922914197768538
1185,8,13027.290992816814,2.8709434036609274,5.0972492324908991,1,0.023795580784279517,4.0478468614357904e-05,1.0461615377672729e-05,2.1471825665840638e-05,3.5736730108678964e-05,6.0414017249841727e-05,9.2014588327942316e-05
1186,8,13776.540967712741,2.7148044803882514,8.9391357022399927,1,0.025166272348567054,4.2810140867620708e-05,1.1064233488867151e-05,2.2708662479231805e-05,3.7795265050072276e-05,6.3894032491318306e-05,9.7314884259186175e-05
1187,8,14261.634580090165,2.6224634303568299,13.953837677844787,1,0.026052608299794319,4.4317879733453826e-05,1.1453906928704737e-05,2.3508443379670756e-05,3.9126384007065917e-05,6.614432912967456e-05,0.00010074223652311207
1188,8,14459.564041889536,2.5865658905793287,19.870494216346131,1,0.026413293410865797,4.4931438237468931e-05,1.161248044446342e-05,2.3833905821432531e-05,3.9668068893240071e-05,6.706006372424387e-05,0.00010213696154840694
1189,8,14387.028383587431,2.599606683619605,26.408268070208724,1,0.02627904590412412,4.4703070897437927e-05,1.1553459158381981e-05,2.3712768241855764e-05,3.9466453015078363e-05,6.671922601737865e-05,0.00010161784292806845
1190,8,14318.147098717604,2.6121127884451338,33.193854499285813,1,0.03922399393114135,6.6723616526325656e-05,1.7244644785256274e-05,3.5393578633048639e-05,5.890746259186554e-05,9.9584837514417072e-05,0.00015167436705457822
1191,8,13268.224251741241,2.8188108999205839,2.5434232786715683,0,0.0070320612683463443,1.1962182134804233e-05,3.09161272290822e-06,6.3453460116928435e-06,1.056090531820978e-05,1.7853528124368626e-05,2.7192117249402461e-05
1192,8,13688.691588404383,2.732227174661507,5.3704025000212603,0,0.0048309031784520727,8.2178100404744904e-06,2.1238839025576864e-06,4.3591418001785498e-06,7.2551573602925329e-06,1.2265061760885091e-05,1.8680509261244097e-05
1193,8,14117.107139377476,2.6493115603745503,8.9473406267993472,0,0.0049754544517692277,8.4637050338843387e-06,2.1874351912404984e-06,4.4895769330117749e-06,7.4722476632455006e-06,1.2632059448348075e-05,1.9239471281424964e-05
1194,8,14586.115424539836,2.5641244467650144,13.418197978239755,0,0.0051390107435341599,8.7419293093456627e-06,2.2593419470601986e-06,4.6371611510716298e-06,7.7178801237165308e-06,1.304730851167561e-05,1.9871923373753699e-05
1195,8,14990.206356317307,2.4950033544826513,18.803133937092475,0,0.0052855695595367723,8.9912393172626986e-06,2.3237758424597753e-06,4.7694077802053507e-06,7.9379853987259587e-06,1.3419403100093796e-05,2.0438648314933544e-05
1196,8,15131.601154518703,2.4716891994096746,25.109374337749781,0,0.0053390296071313828,9.0821797686977039e-06,2.3472793014035626e-06,4.8176471920711604e-06,8.0182728819273716e-06,1.3555131505583773e-05,2.0645371753037652e-05
1197,8,15439.045945317021,2.4224693206993932,32.241405963748583,0,0.0081767688824022928,1.3909434931373584e-05,3.5948780513198864e-06,7.3782673154505456e-06,1.228005255936025e-05,2.0759798249420129e-05,3.1618561000370081e-05
1198,8,14388.227650743695,2.5993900048881762,2.9422735414893957,0,0.0068064866958651273,1.1578459067266815e-05,2.9924399211314928e-06,6.141799902065502e-06,1.0222132430536975e-05,1.728082236708746e-05,2.6319848082607288e-05
1199,8,14414.375371192076,2.5946747035703006,5.9799420441653011,0,0.0045401142345443202,7.723151336991677e-06,1.9960399085479951e-06,4.0967498221997606e-06,6.8184440856207722e-06,1.1526784833224964e-05,1.7556064129748681e-05
1200,8,14356.579890556886,2.6051201211229484,9.3457310603918753,0,0.0045152546124477659,7.6808628363695383e-06,1.9851104924027813e-06,4.0743178640721186e-06,6.7811093547090877e-06,1.1463669347547978e-05,1.7459935024351351e-05
1201,8,14555.710316601928,2.5694805907713421,13.225712265403899,0,0.0045754600651407105,7.7832778414638692e-06,2.0115795370301079e-06,4.1286439591599068e-06,6.8715272366453844e-06,1.1616523496833085e-05,1.7692742115502435e-05
1202,8,15166.40040830796,2.4660179170076022,17.935983675263383,0,0.0047711341534340864,8.1161374389425424e-06,2.0976067313087389e-06,4.3052095134637285e-06,7.1653949151019636e-06,1.2113315647134912e-05,1.8449389782310184e-05
1203,8,15797.887443364134,2.36744408247502,23.829382503895431,0,0.0049749035488856593,8.4627678974771942e-06,2.1871929893740848e-06,4.4890798284955194e-06,7.4714203050967477e-06,1.2630660774509742e-05,1.9237341007635902e-05
1204,8,16627.837659307836,2.2492771405224143,31.220990243830173,0,0.0078597084754246736,1.3370086056090914e-05,3.455483931909295e-06,7.0921694115632182e-06,1.1803884219741799e-05,1.9954821347614801e-05,3.0392527347835348e-05
1205,8,15240.249677868411,2.4540684000545792,3.3165187441310153,0,0.0074527266826386633,1.2677772643980916e-05,3.2765562973858386e-06,6.7249313860200195e-06,1.1192669951857717e-05,1.8921545241742693e-05,2.8818778740492563e-05
1206,8,14902.296900395902,2.5097215142992644,6.5624446669143728,0,0.0048587021802888042,8.2650986960261134e-06,2.1361056032060368e-06,4.3842260932048007e-06,7.2969065167823907e-06,1.2335639965792878e-05,1.8788004587083104e-05
1207,8,14434.694845780516,2.5910222240916729,9.789570692735305,0,0.004706675185811718,8.0064868142542921e-06,2.0692676488118504e-06,4.2470452800316986e-06,7.0685890102624186e-06,1.1949662352972937e-05,1.8200134871342229e-05
1208,8,14379.509310727244,2.600966022915514,13.203043722135646,0,0.0046891473805645888,7.9766704075438825e-06,2.0615616315234906e-06,4.2312291508948203e-06,7.0422653642378609e-06,1.190516143752348e-05,1.8132357001210459e-05
1209,8,15012.899382735188,2.4912319859020369,17.331383627151272,0,0.00489601291549691,8.328567683725615e-06,2.1525090927759682e-06,4.4178932522086295e-06,7.3529406050602166e-06,1.2430367277595074e-05,1.8932280617641467e-05
1210,8,16024.709236155511,2.3339340884272808,22.817099551219162,0,0.0053995959462499873,9.1852086747506572e-06,2.3739070080536619e-06,4.8722989312559432e-06,8.1092327510885489e-06,1.3708901900576125e-05,2.0879574347672816e-05
1211,8,11399.255628081699,3.2809699478327015,30.660419017077043,0,0.005599875379720622,9.5259023873915503e-06,2.461958920718563e-06,5.053020096203336e-06,8.4100168389048745e-06,1.4217386448953995e-05,2.1654030318654149e-05
1212,8,15765.378458151363,2.3723258685275108,3.4672492951172824,0,0.0076765228755467799,1.3058470524514631e-05,3.3749472429322874e-06,6.9268727835578573e-06,1.1528772029710377e-05,1.9489735914681935e-05,2.968417113189851e-05
1213,8,15196.06828324376,2.4612034143489181,6.8035082969319802,0,0.0049330276656856797,8.3915331737200534e-06,2.1687824539217223e-06,4.4512933305812893e-06,7.4085301764822401e-06,1.2524343120280966e-05,1.9075412110482834e-05
1214,8,14506.750183781607,2.5781525613650076,9.9751107596568342,0,0.0047093434367013734,8.0110257541049864e-06,2.0704407327887351e-06,4.2494529631412134e-06,7.072596248529486e-06,1.1956436709805658e-05,1.8210452669818889e-05
1215,8,14302.498693575466,2.6149707085936535,13.153011398606166,0,0.0046431278554850859,7.8983869683428957e-06,2.0413293633721293e-06,4.1897036580442882e-06,6.9731522224992795e-06,1.1788323592413208e-05,1.7954405149829912e-05
1216,8,14829.704790973385,2.5220067203336392,16.929924533894322,0,0.0048146839617747468,8.1902196631193671e-06,2.1167532000905536e-06,4.3445064695224433e-06,7.2307989815571536e-06,1.2223883188905447e-05,1.8617791542391366e-05
1217,8,15963.768585472666,2.3428437303603937,22.134442751304093,0,0.0055285680496497212,9.4046020691343245e-06,2.4306089878224785e-06,4.9886762764891117e-06,8.3029259117022151e-06,1.4036346015102108e-05,2.1378293631211188e-05
1218,8,11989.101312065297,3.1195511798503643,30.015794705099964,0,0.0070206679950380281,1.1942801130398147e-05,3.0866037237867084e-06,6.3350653473771799e-06,1.0543794648083052e-05,1.7824602021811147e-05,2.7148060860837025e-05
1219,8,15551.840390796428,2.4048996262546853,3.3979877381399661,0,0.0075162586980602117,1.2785846437832043e-05,3.3044878496994393e-06,6.7822591886779068e-06,1.1288083739357295e-05,1.9082845119664999e-05,2.9064449241147891e-05
1220,8,15066.930198996804,2.4822982949698056,6.6835418794767145,0,0.0048543237923518506,8.2576506559764011e-06,2.1341806655049611e-06,4.3802752763143889e-06,7.2903309568314699e-06,1.2324523783895592e-05,1.877107389868297e-05
1221,8,14532.305681019279,2.5736188024346323,9.8178869553342007,0,0.0046816971429439096,7.9639968690229231e-06,2.0582861695305098e-06,4.2245064655016578e-06,7.0310764324143672e-06,1.1886246211700184e-05,1.8103547847366857e-05
1222,8,14429.941467323057,2.5918757347764312,12.937556347598241,0,0.0046484385305738951,7.9074209144714739e-06,2.0436641767426697e-06,4.1944957196757558e-06,6.9811279119377587e-06,1.1801806735326685e-05,1.7974940878143091e-05
1223,8,14782.604414443613,2.5300423453702034,16.59156164741211,0,0.0047621204816816389,8.1008043553570128e-06,2.0936439128396475e-06,4.2970760709463041e-06,7.1518579832814867e-06,1.209043105668623e-05,1.8414535020699466e-05
1224,8,15634.44909545169,2.3921927095134605,21.693801642292886,0,0.0055407019158203851,9.4252428900250895e-06,2.4359435851190279e-06,4.9996252111434514e-06,8.3211488205879826e-06,1.4067152390739136e-05,2.1425213801415966e-05
1225,8,11729.930283140282,3.1884771896006634,29.582216383639221,0,0.0079614901495659619,1.3543226032777961e-05,3.5002317671067127e-06,7.1840116062527022e-06,1.1956742191638823e-05,2.0213232347246797e-05,3.0786104580950277e-05
1226,8,15229.18175048985,2.4558519135275176,3.221784032688225,0,0.0073127228892847229,1.2439613331689094e-05,3.2150042869196044e-06,6.5985996494381504e-06,1.0982409155004779e-05,1.8566093039781054e-05,2.8277401266809555e-05
1227,8,14867.95311705399,2.5155187704015027,6.3669753489874834,0,0.0047591475495845697,8.0957471247865638e-06,2.0923368772003234e-06,4.2943934602429404e-06,7.1473931680308084e-06,1.2082883152198284e-05,1.8403039057414573e-05
1228,8,14505.031912553681,2.5784579702323649,9.4354349335551095,0,0.0046425696541964497,7.8974374166783491e-06,2.041083952796192e-06,4.1891999678479995e-06,6.9723139034441928e-06,1.1786906388833002e-05,1.7952246654004842e-05
1229,8,14565.452527648486,2.5677619746042297,12.571840837711298,0,0.0046616978837219734,7.9299762920904041e-06,2.0494935891049672e-06,4.2064602319866068e-06,7.0010411020869807e-06,1.1835470582285149e-05,1.8026213168257616e-05
1230,8,14851.6631716104,2.5182779000059567,16.258535896994612,0,0.0047534832630838604,8.0861116531660034e-06,2.0898466002326557e-06,4.2892823190874804e-06,7.1388864171441977e-06,1.2068502233931815e-05,1.8381135957202008e-05
1231,8,15371.435752087491,2.4331243838637335,21.434275416204155,0,0.0052482583682964329,8.9277695538104795e-06,2.3073721523974129e-06,4.7357402097030711e-06,7.8819506255688258e-06,1.3324674630482532e-05,2.0294370520954541e-05
1232,8,16208.234294288552,2.3075070648860283,29.345162832726004,0,0.0098587527433320124,1.6770643974419082e-05,4.33435435929572e-06,8.8959972066452979e-06,1.480609316455152e-05,2.5030145878644436e-05,3.8122586009918812e-05
1233,8,15039.430968311055,2.4868371165241618,2.9895156708749671,0,0.0071721555285600477,1.2200495339534183e-05,3.1532045067046304e-06,6.4717593806021177e-06,1.0771301980195845e-05,1.8209210010424793e-05,2.7733844547321065e-05
1234,8,14645.800565113659,2.5536750263066681,5.947374253041537,0,0.0046564915649459099,7.9211198656352677e-06,2.0472046554973995e-06,4.2017623357623513e-06,6.9932221372696635e-06,1.1822252387058199e-05,1.8006080972988822e-05
1235,8,14376.066322670969,2.6015889398352527,8.9427665516547705,0,0.0045708497918719925,7.7754353431654163e-06,2.0095526520315642e-06,4.1244839016771664e-06,6.8646034261687652e-06,1.1604818586946338e-05,1.7674914755004445e-05
1236,8,14519.529064493207,2.5758834861152766,12.142979143093726,0,0.0046164856543108616,7.8530661369740432e-06,2.0296162447041682e-06,4.1656631984247806e-06,6.9331403748585025e-06,1.1720682360375002e-05,1.7851383030074969e-05
1237,8,14809.041299472126,2.5255257505921063,15.99225823737458,0,0.0047085296964993967,8.0096415072767793e-06,2.0700829757292374e-06,4.2487186886592192e-06,7.0713741554761478e-06,1.1954370724737053e-05,1.820730603640113e-05
1238,8,15247.80405842889,2.4528525550355571,21.402686766803654,0,0.0050096089619313848,8.5218049928713036e-06,2.2024510612866439e-06,4.5203960878183895e-06,7.5235416628635092e-06,1.2718773497683639e-05,1.9371542577377092e-05
1239,8,15762.410690241064,2.372772533236593,29.456995252876613,0,0.0085199136945024023,1.4493155775705755e-05,3.7457400569830029e-06,7.6879023544246231e-06,1.2795395036158143e-05,2.1631000208529507e-05,3.2945459843836014e-05
1240,8,15076.009873024195,2.4808033066043893,2.6793544773686091,0,0.0071403479975676292,1.2146387807692496e-05,3.1392204750319965e-06,6.4430580109435449e-06,1.0723532725862264e-05,1.8128454649020868e-05,2.7610848731563157e-05
1241,8,14433.652152072911,2.5912094007355928,5.422273307203473,0,0.004557758047294528,7.7531650831204847e-06,2.0037969279904578e-06,4.112670630138329e-06,6.844941954282116e-06,1.1571580277282722e-05,1.7624290586646853e-05
1242,8,14131.299139244595,2.6466508687465331,8.4075772588465529,0,0.0044622412745884271,7.5906822792259492e-06,1.9618034272969183e-06,4.0264815385459916e-06,6.7014927500792479e-06,1.1329075082464031e-05,1.7254938957928808e-05
1243,8,14272.743527652121,2.6204222804773738,11.801066781280619,0,0.0045068805721617169,7.6666178246605509e-06,1.9814288849049865e-06,4.0667615898726854e-06,6.7685330355877055e-06,1.1442408701763427e-05,1.7427553639061883e-05
1244,8,14587.531220089246,2.5638755851910373,15.974690457358163,0,0.004606218095821242,7.8356000768750721e-06,2.0251021608177554e-06,4.1563983173570916e-06,6.9177203281723127e-06,1.1694614307599613e-05,1.7811679642453535e-05
1245,8,15076.720744222072,2.4806863361007778,21.692654113779451,0,0.0047605832737286687,8.098189423431538e-06,2.0929680865799204e-06,4.2956889788859108e-06,7.1495493703405276e-06,1.2086528277063861e-05,1.840859082634467e-05
1246,8,15503.584964602385,2.4123849566917279,29.779180943023579,0,0.0073431941361278954,1.2491447721450933e-05,3.2284008275395333e-06,6.6260952296456165e-06,1.1028171548214732e-05,1.8643455742086845e-05,2.8395229835884277e-05
1247,8,14753.146126623446,2.5350941976983403,2.3527827882317651,0,0.0069488612702465731,1.1820651295850254e-05,3.0550342343462623e-06,6.2702709012850835e-06,1.0435953718831359e-05,1.7642293686934467e-05,2.6870393075345163e-05
1248,8,14244.921876346831,2.6255402078056456,4.8828642023267212,0,0.0044723370576736261,7.6078561335838806e-06,1.9662419909332194e-06,4.0355914189196092e-06,6.7166548206595918e-06,1.1354707018872274e-05,1.7293978111158743e-05
1249,8,14227.405033036703,2.6287727843941222,7.9318391095780854,0,0.0044659995860361146,7.5970755122114082e-06,1.9634557512805877e-06,4.0298728324561618e-06,6.7071370654287221e-06,1.1338616967349685e-05,1.7269471886702524e-05
1250,8,14554.137040131332,2.5697583470782925,11.669004387143568,0,0.0045681445647549968,7.770833503355633e-06,2.0083633116299229e-06,4.1220428532501822e-06,6.8605406561847429e-06,1.1597950352075648e-05,1.7664453973998065e-05
1251,8,14827.885377679218,2.5223161759598516,16.286019258244227,0,0.0046543403438937276,7.9174604410289634e-06,2.0462588812612373e-06,4.1998211919920064e-06,6.9899913858606985e-06,1.18167907046167e-05,1.7997762465392246e-05
1252,8,15020.836177323261,2.4899156546199479,22.264773266441455,0,0.0047157669302767616,8.0219527066951758e-06,2.0732647915825033e-06,4.2552491710785921e-06,7.0822431934113751e-06,1.1972745160319465e-05,1.8235291530543691e-05
1253,8,15015.660472447829,2.4907738964946011,30.222159588098407,0,0.0070725335853233677,1.2031029263494072e-05,3.1094061870600423e-06,6.3818660085065962e-06,1.0621687539992587e-05,1.7956282298690197e-05,2.7348618728356869e-05
1254,8,14066.833849513927,2.6587799033889352,2.1131704749057727,0,0.0065666567895161908,1.1170486367422341e-05,2.8869998287449514e-06,5.925390561807612e-06,9.8619505668169703e-06,1.6671924091792379e-05,2.5392455290580736e-05
1255,8,13923.666495455713,2.6861182832557313,4.4643138800660873,0,0.0043321707504671205,7.3694203703014261e-06,1.9046185320146656e-06,3.9091130387595815e-06,6.5061499569044565e-06,1.099884221447066e-05,1.6751972216367761e-05
1256,8,14314.3081226715,2.6128133349429894,7.5488769221760519,0,0.0044528188738626419,7.5746539101137078e-06,1.9576609130535764e-06,4.0179792814432185e-06,6.6873419800364476e-06,1.1305152780035565e-05,1.7218503691578142e-05
1257,8,14811.167105216651,2.5251632688841883,11.600874750086676,0,0.0046069977716548015,7.8369263770836781e-06,2.0254449416376019e-06,4.1571018540232414e-06,6.9188912626029009e-06,1.169659380747755e-05,1.7814694553142395e-05
1258,8,14872.301433691926,2.5147832909485652,16.616442710660959,0,0.0046265361382637985,7.8701629333471265e-06,2.0340348927896383e-06,4.1747322033484745e-06,6.948234414198993e-06,1.1746199287925815e-05,1.7890247017124071e-05
1259,8,14691.609932780015,2.5457125062890729,22.775032716741787,0,0.004571251523960292,7.776118726347992e-06,2.009729271658156e-06,4.1248464026576019e-06,6.8652067563142114e-06,1.1605838534706064e-05,1.7676468203649304e-05
1260,8,14327.398619978609,2.6104260888816313,30.579882596834821,0,0.0066881742613694797,1.1377198748813725e-05,2.9404244147519523e-06,6.0350412568102442e-06,1.0044448196712138e-05,1.6980441824864557e-05,2.586234842950423e-05
1261,8,13150.29459866915,2.8440895268752309,1.9740078756509076,0,0.0060875869708353781,1.0355544601749251e-05,2.6763790320715985e-06,5.4931042595007551e-06,9.1424729054555585e-06,1.5455625462561948e-05,2.3539951140928746e-05
1262,8,13342.604156935642,2.8030971093418495,4.1797439263973528,0,0.0041177980233288456,7.0047526706177215e-06,1.8103705689531781e-06,3.7156748593618002e-06,6.1842002486013409e-06,1.0454576547974154e-05,1.5923019209707037e-05
1263,8,13829.922502938902,2.7043257209468163,7.1753413640747823,0,0.0042686660176154733,7.261392986607693e-06,1.8766989743548374e-06,3.8518098543948957e-06,6.4107771429724514e-06,1.083761160359687e-05,1.6506407214059406e-05
1264,8,14417.119449490629,2.5941808469042158,11.300337291514845,0,0.0044500351501718704,7.56991854042177e-06,1.9564370620017961e-06,4.0154674020177081e-06,6.6831613221598409e-06,1.129808525213626e-05,1.7207739373961893e-05
1265,8,14537.508115050954,2.572697799884788,16.498418411988801,0,0.0044867324647197004,7.6323440432334901e-06,1.97257086405829e-06,4.0485810438959546e-06,6.7382741617075733e-06,1.1391255165248033e-05,1.7349643382167078e-05
1266,8,14241.991946464777,2.6260803463438709,22.803401528027404,0,0.0043948602710338685,7.4760610030186868e-06,1.9321796854206499e-06,3.9656806203154651e-06,6.6002984669763947e-06,1.1158003102840568e-05,1.6994384892894497e-05
1267,8,13722.769155890206,2.7254422717841482,30.644614345903449,0,0.0063511969305832944,1.0803969356699449e-05,2.7922739132937629e-06,5.7309714143644814e-06,9.538368179913187e-06,1.6124898333008631e-05,2.4559298478791355e-05
1268,8,12605.054206602328,2.9671125986756168,1.9061211698819447,0,0.0057711794228449773,9.8173062995710265e-06,2.5372719390497325e-06,5.2075954597199853e-06,8.6672850439198558e-06,1.4652306088449391e-05,2.2316442013913675e-05
1269,8,12774.877222002779,2.9276692443651813,4.0045091777682389,0,0.0038995919519327084,6.6335641002464477e-06,1.7144372940852876e-06,3.5187776805654267e-06,5.8564935390130385e-06,9.9005784976279512e-06,1.5079243131611151e-05
1270,8,13034.471067109007,2.8693619365786929,6.8262386240563631,0,0.0039798479958407683,6.7700870027087038e-06,1.7497214870079675e-06,3.5911963283406629e-06,5.977023842800682e-06,1.0104338601868347e-05,1.538958339638452e-05
1271,8,13481.476577941356,2.774222461996072,10.804591682517811,0,0.0041167472804062803,7.0029652603923358e-06,1.8099086147602402e-06,3.7147267266367591e-06,6.1826222196144573e-06,1.0451908842502936e-05,1.5918956115877354e-05
1272,8,13751.32333120564,2.7197829796152253,15.998307964369815,0,0.0041982332736792104,7.1415804196990239e-06,1.8457335491468893e-06,3.7882552131917131e-06,6.3049996885920654e-06,1.0658791635061779e-05,1.6234052443782726e-05
1273,8,13735.17666415705,2.7229802759653241,22.457613771719178,0,0.0041922682794027126,7.1314334165308746e-06,1.843111067417342e-06,3.7828727298489526e-06,6.2960413281094396e-06,1.0643647257188322e-05,1.6210986543534008e-05
1274,8,13514.115298153854,2.7675222771340491,30.503926477318057,0,0.0061856214878731721,1.0522310320014875e-05,2.7194794472404041e-06,5.5815652253478692e-06,9.2897033138441994e-06,1.5704522896799567e-05,2.3919038577748976e-05
1275,8,12278.610822823963,3.0459972779556721,1.8918384237709081,0,0.0055765058494267293,9.4861486697954418e-06,2.4516846164387913e-06,5.0319327151088364e-06,8.3749199608563593e-06,1.4158054120859331e-05,2.156366321524516e-05
1276,8,12426.932236159852,3.0096418353815952,3.9552102165688794,0,0.0037624534872689607,6.4002789752462588e-06,1.6541450119257146e-06,3.3950314592802379e-06,5.6505359562317549e-06,9.5524010084999702e-06,1.4548945532054458e-05
1277,8,12460.614610139884,3.0015064516130621,6.6843591191230631,0,0.0037726504589971209,6.4176249607803673e-06,1.6586280626738389e-06,3.4042326467297667e-06,5.6658499941566383e-06,9.5782898502755073e-06,1.4588375969338771e-05
1278,8,12762.396528691321,2.9305322914327259,10.557177522877938,0,0.0038642067589184227,6.5733706366858513e-06,1.6988803601009431e-06,3.4868480251204623e-06,5.8033512726376587e-06,9.810739897741104e-06,1.4942412936221875e-05
1279,8,13243.761919147504,2.8240174786988548,15.758132799867701,0,0.0040100384149521643,6.8214436787038656e-06,1.7629945630340346e-06,3.6184385050210833e-06,6.0223644827049049e-06,1.0180988317523987e-05,1.5506326039111626e-05
1280,8,13537.951943286233,2.7626494243796333,22.351483560427585,0,0.0040990173685872293,6.9728050518389507e-06,1.8021137422663734e-06,3.69872822762551e-06,6.1559950454651004e-06,1.0406894803628039e-05,1.5850396724454617e-05
1281,8,13678.796819665718,2.73420357334563,30.507552397707229,0,0.0062119252861873118,1.0567055497035338e-05,2.7310437886796434e-06,5.605300328805557e-06,9.3292069405767114e-06,1.5771304966104496e-05,2.4020752135206493e-05
1282,8,12370.856832283282,3.0232841306349378,1.9643954367218981,0,0.0055640569412893455,9.4649719335816734e-06,2.4462115124206143e-06,5.0206995038802812e-06,8.3562239149692461e-06,1.4126447892889032e-05,2.151552481644842e-05
1283,8,12536.053310131501,2.9834441684427162,4.1404981348359806,0,0.0037589905614647582,6.3943882203724855e-06,1.6526225528534436e-06,3.3919067051573759e-06,5.6453352575821584e-06,9.5436090709899508e-06,1.4535554823284938e-05
1284,8,12636.637055252362,2.9596968702882425,7.0317183360025259,0,0.0037889531826758873,6.4453573912153271e-06,1.6657954786021109e-06,3.4189433295192413e-06,5.6903337855558108e-06,9.6196804361358473e-06,1.465141659950977e-05
1285,8,12962.582755263116,2.8852749370655553,11.031730916700205,0,0.003886427525421498,6.6111702015561459e-06,1.7086496157732328e-06,3.506898824839988e-06,5.8367229117889504e-06,9.8671556575828795e-06,1.5028337911142538e-05
1286,8,13408.590599491337,2.7893024897648568,16.291370566549666,0,0.0040201873574212173,6.8387079620565921e-06,1.7674564979438775e-06,3.6275963535041142e-06,6.037606389224987e-06,1.0206755218989913e-05,1.554557075314991e-05
1287,8,13636.035706386869,2.7427777360454608,22.85418302799879,0,0.0040886917787499449,6.9552402750872364e-06,1.7975741451704017e-06,3.6894109822557472e-06,6.1404878460160446e-06,1.0380679416485373e-05,1.5810468936739154e-05
1288,8,14015.001149774966,2.6686130627966,30.823597968543169,0,0.0063030264390478621,1.0722026925983768e-05,2.771095982838287e-06,5.6875050074772847e-06,9.466024669123932e-06,1.6002599451845052e-05,2.4373029104306674e-05
1289,8,12887.846780655656,2.9020065011586151,2.1621666678951224,0,0.0057666760284256491,9.8096456120125496e-06,2.5352920428355542e-06,5.2035318438430314e-06,8.6605217464657862e-06,1.4640872530655673e-05,2.2299027940799452e-05
1290,8,13102.991503531812,2.854356971331149,4.627947497938437,0,0.003908779506231347,6.6491929740147163e-06,1.7184765591994779e-06,3.5270680251459692e-06,5.8702916114915295e-06,9.9239045542144122e-06,1.5114770275671798e-05
1291,8,13229.33590051691,2.8270969476205901,7.90242399605608,0,0.0039465258195489844,6.713402920087775e-06,1.7350715486403379e-06,3.5611282259215666e-06,5.9269798606189138e-06,1.0019737744610682e-05,1.526073063328217e-05
1292,8,13514.455092362505,2.7674526932673182,12.172651096676395,0,0.0040315167191622755,6.8579802470162896e-06,1.7724373986448922e-06,3.6378193475303812e-06,6.0546210755448632e-06,1.0235519058034606e-05,1.5589380003534356e-05
1293,8,13890.192023673359,2.692591656015709,17.474911966489419,0,0.0041436306527286937,7.0486963460366003e-06,1.8217277631912658e-06,3.7389848058595237e-06,6.2229962634256477e-06,1.0520162378062496e-05,1.6022910814841788e-05
1294,8,14126.372399896329,2.6475739195204371,23.857040223877075,0,0.0042142399193630204,7.1688091942688508e-06,1.852770795774689e-06,3.8026987314539235e-06,6.3290388235025893e-06,1.0699430515752293e-05,1.6295948176711424e-05
1295,8,14731.892563286148,2.5387515543390666,31.410507144395893,0,0.0065918030761720637,1.1213262510790939e-05,2.8980552756178533e-06,5.9480811902950186e-06,9.8997158169112279e-06,1.6735767383098006e-05,2.548969289262091e-05
1296,8,13128.079131873488,2.8489023236152189,2.4410594108534229,0,0.0067889751849320333,1.1548670378681264e-05,2.9847410675618009e-06,6.1259984760230133e-06,1.0195833255674027e-05,1.7236362820872825e-05,2.625213322058663e-05
1297,8,13435.170224865828,2.7837842407219928,5.2757612229253938,0,0.0046314102491391337,7.878454243648763e-06,2.0361777727532816e-06,4.1791303334021155e-06,6.9555544618351785e-06,1.1758574048650071e-05,1.7909094605242406e-05
1298,8,13563.585853871195,2.7574282749664096,8.9663973844162665,0,0.0046756214354949574,7.9536615325790685e-06,2.0556150132744628e-06,4.21902408067049e-06,7.0219518004379147e-06,1.1870820746864777e-05,1.8080053832878012e-05
1299,8,13859.260749503381,2.6986010162727485,13.511306558323042,0,0.0047776047758755144,8.1271445620628043e-06,2.1004515100872034e-06,4.311048247902335e-06,7.1751126391584086e-06,1.2129743751972424e-05,1.8474410884571612e-05
1300,8,14321.668986933135,2.611470435290927,18.882242034542347,0,0.0049367327200093014,8.3978358114456391e-06,2.1704113636608249e-06,4.4546365681866447e-06,7.4140945091035618e-06,1.2533749791958708e-05,1.908973910049881e-05
1301,8,14761.797505201677,2.5336084667344765,25.122260602476164,0,0.005087659858188708,8.654576736629783e-06,2.2367657713972791e-06,4.5908249314214439e-06,7.6407602270824252e-06,1.2916935006562244e-05,1.9673355807020521e-05
1302,8,15759.504272328486,2.373210127495518,32.209149201099514,0,0.0081461311338089631,1.3857317306841007e-05,3.5814083089871841e-06,7.3506214932050789e-06,1.2234040110135194e-05,2.0682012819898842e-05,3.1500088589477185e-05
1303,8,12727.645638513288,2.9385336617344411,2.6396817355869064,1,0.035406287362181495,6.0229346983950689e-05,1.5566208015364173e-05,3.1948689826375932e-05,5.3173946334124826e-05,8.9892155810075209e-05,0.00013691176464178913
1304,8,13394.751992179463,2.7921842200016265,5.7229453785907518,1,0.024837083783575985,4.2250160881547007e-05,1.0919507281724531e-05,2.2411620791417816e-05,3.7300882374204958e-05,6.3058263706176489e-05,9.6041952509189535e-05
1305,8,13658.917051023105,2.7381830494824908,9.6871072539926271,1,0.025324389123074244,4.3079112024589534e-05,1.1133748786461621e-05,2.285133837556069e-05,3.8032728323082675e-05,6.4295471297505275e-05,9.7926302406358822e-05
1306,8,13934.58852697451,2.6840128842698809,14.453019415253772,1,0.02583408308450541,4.3946148270006559e-05,1.1357833343722687e-05,2.3311258222947305e-05,3.8798198000112898e-05,6.5589520812715503e-05,9.9897226354779981e-05
1307,8,14509.43644946592,2.5776752442218753,19.963750383415025,1,0.026897472334415952,4.5755071059812411e-05,1.1825347435106644e-05,2.427080229947149e-05,4.0395219521421151e-05,6.8289333734694444e-05,0.00010400922197909021
1308,8,15279.845598194679,2.4477089708169397,26.208060731639375,1,0.02832204084290468,4.8178392943931312e-05,1.2451652291880713e-05,2.5556254709337634e-05,4.2534668050570656e-05,7.1906135830244769e-05,0.00010951785343641271
1309,8,16491.348634274495,2.2678930615576189,32.960413465806184,1,0.045847486636618758,7.7990786007358921e-05,2.0156632257623557e-05,4.1370254804992893e-05,6.8854770595746097e-05,0.00011640106092121336,0.00017728659985161374
1310,8.0999999999999996,16980.426558371521,3.1112158991077541,2.4862543383851992,1,0.039181950515210458,5.5121663468353028e-05,1.5318230313858024e-05,2.7347545578741606e-05,4.8503493538026087e-05,8.3551263536049456e-05,0.00012763975496360186
1311,8.0999999999999996,17830.864387543937,2.9628273724599801,5.3101208243250948,1,0.027390422156364502,3.8533192260889031e-05,1.0708318229898043e-05,1.9117496921225661e-05,3.3906713336011581e-05,5.8407107095438236e-05,8.9227481695450188e-05
1312,8.0999999999999996,18579.471939229741,2.8434485788850266,9.0228971169585925,1,0.028503038784424794,4.0098435403070661e-05,1.1143297028440485e-05,1.989406198619691e-05,3.5284025917948333e-05,6.0779641486485684e-05,9.2851959596796998e-05
1313,8.0999999999999996,19183.061551443643,2.7539802726672309,13.735915016547928,1,0.029421928804440532,4.1391141503244849e-05,1.1502538178373601e-05,2.0535413077038492e-05,3.642152355555798e-05,6.2739074878990646e-05,9.5845350570219231e-05
1314,8.0999999999999996,19611.60866264729,2.6938011047843213,19.336623924076118,1,0.030101771336871763,4.234755257496012e-05,1.1768323427755082e-05,2.1009917903816139e-05,3.7263103350465148e-05,6.4188765408514607e-05,9.8060016586390918e-05
1315,8.0999999999999996,19671.175945010466,2.6856438694727425,25.713377236332491,1,0.030214253042768348,4.2505793261226387e-05,1.1812298284911587e-05,2.1088425955057418e-05,3.7402344904889126e-05,6.4428620457300447e-05,9.8426438808606594e-05
1316,8.0999999999999996,19796.64699606123,2.6686222718699848,32.668514221205768,1,0.045652227997942461,6.4224131652308372e-05,1.7847793017393736e-05,3.18635588460604e-05,5.6513075959174266e-05,9.7348429118739041e-05,0.00014871743541551867
1317,8.0999999999999996,18442.412519715268,2.8645803809865473,2.7683086396742231,0,0.0081694491697959747,1.1492884400548097e-05,3.193855902393398e-06,5.7019719688910996e-06,1.0112993860849485e-05,1.7420465075239444e-05,2.661292958898419e-05
1318,8.0999999999999996,18711.553105591232,2.8233772356529228,5.7130865892220815,0,0.0055157921713450443,7.7596861777524166e-06,2.1564055319614197e-06,3.8498179857117435e-06,6.8280212297259652e-06,1.1761829088606129e-05,1.7968333682299156e-05
1319,8.0999999999999996,18932.117578202764,2.7904841000386496,9.1898330242713318,0,0.0055690170879137552,7.8345636634481003e-06,2.1772138766128398e-06,3.8869669998023634e-06,6.893908567209337e-06,1.1875325455490422e-05,1.8141720030335893e-05
1320,8.0999999999999996,19354.485799823669,2.7295880463286886,13.369429595187261,0,0.0057642849062953926,8.1092688996474486e-06,2.2535540632427357e-06,4.0232566814806725e-06,7.1356313819880827e-06,1.2291712918064043e-05,1.8777827629952042e-05
1321,8.0999999999999996,14990.206356317307,3.5242859121664485,18.803133937092475,0,0.0046790177040178646,6.5825012755098992e-06,1.8292675553490076e-06,3.265780499485176e-06,5.7921747638121922e-06,9.9774982137878854e-06,1.5242443659851764e-05
1322,8.0999999999999996,15131.601154518703,3.4913537928047118,25.109374337749781,0,0.0047263428799209015,6.6490789314307073e-06,1.8477693893464023e-06,3.298811713807389e-06,5.850758788686294e-06,1.0078414023025854e-05,1.5396610917388573e-05
1323,8.0999999999999996,15439.045945317021,3.4218288661846614,32.241405963748583,0,0.0072384339911658879,1.0183120473904015e-05,2.8298744072297761e-06,5.0521579678703333e-06,8.9604864408077365e-06,1.5435176095927723e-05,2.3580039502983835e-05
1324,8.0999999999999996,19673.03860116256,2.6853895909559751,3.1032900325990509,0,0.0072568174471562942,1.0208982552263158e-05,2.8370614412881345e-06,5.0649889370789051e-06,8.9832433946375646e-06,1.5474376823710827e-05,2.3639925746193928e-05
1325,8.0999999999999996,19490.237359674007,2.7105761775556263,6.2343214191466991,0,0.0047874702930546,6.7350737492266894e-06,1.8716672244607835e-06,3.3414763768678826e-06,5.9264286583313907e-06,1.0208761607483855e-05,1.559574056589638e-05
1326,8.0999999999999996,19173.333325995118,2.7553775957366096,9.553603420394964,0,0.0047033460471353197,6.6167266962566891e-06,1.8387787501243435e-06,3.2827607790146904e-06,5.8222909172367213e-06,1.0029375769153917e-05,1.5321696063403674e-05
1327,8.0999999999999996,19245.422280691862,2.7450565808077361,13.245249120982876,0,0.0048737196819927091,6.8564104802695191e-06,1.9053865259965912e-06,3.4016752455844335e-06,6.0331971224841459e-06,1.0392679083011106e-05,1.5876707968617872e-05
1328,8.0999999999999996,15166.40040830796,3.4833428934856263,17.935983675263383,0,0.0040611701424295692,5.7133055127468464e-06,1.5877193138036811e-06,2.8345458588132933e-06,5.0273387917145417e-06,8.6600052415243032e-06,1.3229733462196475e-05
1329,8.0999999999999996,15797.887443364134,3.3441036512909235,23.829382503895431,0,0.0043475409718637973,6.1161756169571723e-06,1.6996763313273782e-06,3.0344220570983782e-06,5.381838388909177e-06,9.2706600028233334e-06,1.4162619702342143e-05
1330,8.0999999999999996,16627.837659307836,3.1771884092496108,31.220990243830173,0,0.0068685562017514528,9.6627717223887955e-06,2.6852702440441918e-06,4.7939970143810807e-06,8.5026132432557679e-06,1.4646451791671864e-05,2.2375119640992539e-05
1331,8.0999999999999996,15240.249677868411,3.4664637521493753,3.3165187441310153,0,0.0053287339429778421,7.4965302966014636e-06,2.0832748943450327e-06,3.7192582928203739e-06,6.596461099320485e-06,1.1362947687109093e-05,1.7358969775735944e-05
1332,8.0999999999999996,14902.296900395902,3.5450758654951726,6.5624446669143728,0,0.0034739944626224631,4.8872593411412711e-06,1.358162281044688e-06,2.4247190519518084e-06,4.3004716649707094e-06,7.4079167334119344e-06,1.1316940482120845e-05
1333,8.0999999999999996,19309.681155298611,2.7359215647918895,9.799878410021222,0,0.0045720860884914099,6.4320685265611612e-06,1.7874625126462131e-06,3.1911462050979433e-06,5.6598036884956467e-06,9.7494781312828531e-06,1.4894101501684821e-05
1334,8.0999999999999996,19223.925664928938,2.748126163347413,13.135295307118962,0,0.0047118633312058979,6.6287089191942768e-06,1.8421085924963056e-06,3.2887055268198511e-06,5.8328344973149628e-06,1.0047537954462073e-05,1.5349442105584548e-05
1335,8.0999999999999996,15012.899382735188,3.5189587124517199,17.331383627151272,0,0.004056334002455031,5.7065019698742457e-06,1.5858286191091615e-06,2.8311704128071656e-06,5.0213521146624903e-06,8.6496926970951265e-06,1.3213979174489944e-05
1336,8.0999999999999996,16024.709236155511,3.2967695265784069,22.817099551219162,0,0.0045664619347417935,6.4241563959447871e-06,1.7852637430259073e-06,3.1872207547569818e-06,5.6528415260339927e-06,9.7374852328711464e-06,1.4875780167574616e-05
1337,8.0999999999999996,17467.60120940892,3.0244435082236869,30.374694265721857,0,0.0074646894352990729,1.0501419493871147e-05,2.9183292431280281e-06,5.2100758609182739e-06,9.2405689616663393e-06,1.5917641312453866e-05,2.4317092892838171e-05
1338,8.0999999999999996,15765.378458151363,3.3509993573748824,3.4672492951172824,0,0.0060986102809360617,8.5796020644734328e-06,2.3842589674440864e-06,4.2566033704763173e-06,7.549494102839277e-06,1.3004625550439179e-05,1.9866931371244443e-05
1339,8.0999999999999996,15196.06828324376,3.476542227721549,6.8035082969319802,0,0.0038070690771933452,5.3558329208843299e-06,1.4883781991040919e-06,2.6571927568931422e-06,4.7127860649199365e-06,8.1181622554764031e-06,1.2401969727204488e-05
1340,8.0999999999999996,19347.316119844567,2.7305995702344199,9.8427427706724728,0,0.0046347545176188649,6.5202312651443997e-06,1.8119628098024096e-06,3.2348864400626602e-06,5.7373811880139975e-06,9.8831117653559102e-06,1.5098251188788248e-05
1341,8.0999999999999996,19198.31184260689,2.7517926323496686,13.008948372206126,0,0.0046781036029875248,6.5812153066209616e-06,1.8289101864603034e-06,3.265142490931184e-06,5.7910431944840911e-06,9.9755489923969072e-06,1.5239465869568474e-05
1342,8.0999999999999996,19821.126457389968,2.6653264735284687,16.752962679115377,0,0.0054853578904505637,7.7168708465269927e-06,2.1445072135252987e-06,3.8285759884917498e-06,6.7903465114618285e-06,1.1696931282598289e-05,1.7869190477206369e-05
1343,8.0999999999999996,15963.768585472666,3.3093547303180739,22.134442751304093,0,0.0049411895600002019,6.9513279578549217e-06,1.9317639553225117e-06,3.4487667134603313e-06,6.1167183548096632e-06,1.0536551286513603e-05,1.6096498933157968e-05
1344,8.0999999999999996,17650.686013878356,2.9930719429544048,29.797592471488958,0,0.0081942820151434687,1.1527819561411894e-05,3.2035643329176432e-06,5.7193043722314278e-06,1.0143734539606031e-05,1.7473418426940835e-05,2.6693825467150661e-05
1345,8.0999999999999996,15551.840390796428,3.3970110131339615,3.3979877381399661,0,0.0065684173218320723,9.2405325506491936e-06,2.5679305907524636e-06,4.5845112284358065e-06,8.1310701211993834e-06,1.4006438154682966e-05,2.1397382377170317e-05
1346,8.0999999999999996,15066.930198996804,3.5063395385978873,6.6835418794767145,0,0.0040217946720520039,5.6579116030889371e-06,1.5723254266686877e-06,2.8070632435612313e-06,4.9785957391635061e-06,8.5760413178524908e-06,1.3101463293803048e-05
1347,8.0999999999999996,19321.785347991907,2.734207638194655,9.6208813252673906,0,0.0046700407377938263,6.569872365905817e-06,1.8257579996905633e-06,3.2595149106172761e-06,5.7810621413543166e-06,9.9583558061007624e-06,1.5213200149661837e-05
1348,8.0999999999999996,19255.164491738422,2.7436677107954108,12.754845550213425,0,0.0045746457063594575,6.4356694293461138e-06,1.7884631983063871e-06,3.1929327232623064e-06,5.6629722497104458e-06,9.7549362390144176e-06,1.4902439754201148e-05
1349,8.0999999999999996,19673.995890641476,2.6852589263357065,16.449394937736592,0,0.005211641542687529,7.3318032271565992e-06,2.0374974807128766e-06,3.6375321482115059e-06,6.451511947832266e-06,1.1113260832164832e-05,1.6977527680979746e-05
1350,8.0999999999999996,15634.44909545169,3.379062016160586,21.693801642292886,0,0.0046876399465726921,6.5946311553704032e-06,1.8326384313656449e-06,3.2717985044124083e-06,5.8028482724186371e-06,9.995884211689915e-06,1.5270531616486483e-05
1351,8.0999999999999996,17061.784352763978,3.0963803075777774,29.464130432961635,0,0.0078617532939424962,1.1060013951364834e-05,3.0735618325226771e-06,5.4872116805785707e-06,9.7320959032467132e-06,1.6764336963332163e-05,2.5610574533127478e-05
1352,8.0999999999999996,15229.18175048985,3.4689830318912414,3.221784032688225,0,0.0069715074468871471,9.8076048359372053e-06,2.7255191561925243e-06,4.8658531581338947e-06,8.6300570021169399e-06,1.4865984165649969e-05,2.2710495280273606e-05
1353,8.0999999999999996,19743.145342688636,2.6758539313291929,6.1285123122512779,0,0.005392756080784886,7.5865974496737544e-06,2.1083044255250372e-06,3.763943366143789e-06,6.6757143602373732e-06,1.149946795824723e-05,1.7567529326102501e-05
1354,8.0999999999999996,19251.052632189065,2.7442537346608296,9.1647753042108207,0,0.0046301917475770589,6.5138123025501235e-06,1.8101789894093331e-06,3.2317017961119931e-06,5.731732916697021e-06,9.8733821526846532e-06,1.5083387435390742e-05
1355,8.0999999999999996,19363.945418694901,2.7282545958342035,12.340246872837518,0,0.0044992579406452878,6.3296129672076515e-06,1.7589902613322944e-06,3.140314863971524e-06,5.5696494324672367e-06,9.5941799979964171e-06,1.4656855350758175e-05
1356,8.0999999999999996,19777.891328468078,2.6711529659380036,16.126852619904742,0,0.0050255040826874984,7.0699426945883516e-06,1.9647268185884851e-06,3.507615117427499e-06,6.2210916402778655e-06,1.0716342869432065e-05,1.6371163284323992e-05
1357,8.0999999999999996,15371.435752087491,3.4368795429446193,21.434275416204155,0,0.0044672963491794761,6.2846489961565539e-06,1.7464948390056115e-06,3.1180068607229083e-06,5.5300840503271819e-06,9.5260253677016611e-06,1.4552736754075265e-05
1358,8.0999999999999996,16208.234294288552,3.2594403636337583,29.345162832726004,0,0.0074200564954512698,1.0438629309678076e-05,2.9008799420293551e-06,5.1789237273273959e-06,9.1853176665923321e-06,1.5822466404860512e-05,2.4171695906966648e-05
1359,8.0999999999999996,15039.430968311055,3.5127507944517582,2.9895156708749671,0,0.0067289673014437777,9.4663962922353068e-06,2.6306977968828117e-06,4.6965691486609038e-06,8.3298155842565003e-06,1.4348793588265517e-05,2.1920392584359827e-05
1360,8.0999999999999996,19327.375585012807,2.7334167978296691,5.6620148815172922,0,0.0050563743169647936,7.113371330545659e-06,1.9767955735198862e-06,3.5291613939100095e-06,6.2593060269813783e-06,1.078217029878683e-05,1.6471726658199249e-05
1361,8.0999999999999996,18971.865075307556,2.7846378240796446,8.6670926450647627,0,0.0044517653614038546,6.2627998061534543e-06,1.7404229807999735e-06,3.1071668083393036e-06,5.5108581783297785e-06,9.4929072192799192e-06,1.4502142757401887e-05
1362,8.0999999999999996,19168.556676683547,2.7560642135512827,11.994989909211968,0,0.0043428164924401783,6.1095291595596314e-06,1.6978292904584971e-06,3.0311245460078291e-06,5.3759899369005135e-06,9.2605855624189381e-06,1.4147229161850107e-05
1363,8.0999999999999996,19578.952886505831,2.6982941012360402,16.036537121713259,0,0.0047525600237721616,6.6859615409350395e-06,1.8580190130227236e-06,3.3171103060670684e-06,5.8832130961072953e-06,1.0134319241277529e-05,1.5482016308723579e-05
1364,8.0999999999999996,15247.80405842889,3.4647463254115642,21.402686766803654,0,0.0042916696401255321,6.0375751209351625e-06,1.6778333675071757e-06,2.9954259435520642e-06,5.3126750434836899e-06,9.1515204423677696e-06,1.3980612349497526e-05
1365,8.0999999999999996,15762.410690241064,3.3516302880463189,29.456995252876613,0,0.0071667971497794006,1.0082340859542834e-05,2.8018678985979629e-06,5.002158114387452e-06,8.8718069078190657e-06,1.5282418294570971e-05,2.3346674171225071e-05
1366,8.0999999999999996,15076.009873024195,3.5042278114029628,2.6793544773686091,0,0.0065910748425030245,9.2724074372495089e-06,2.5767885754983711e-06,4.6003253359802889e-06,8.1591179568226908e-06,1.4054752862239887e-05,2.1471191882529178e-05
1367,8.0999999999999996,19121.806782885949,2.7628023691422179,5.1740881399008405,0,0.0047893047529072559,6.7376544905454517e-06,1.8723844087294331e-06,3.3427567616821459e-06,5.928699543533354e-06,1.0212673394329078e-05,1.5601716531947195e-05
1368,8.0999999999999996,19016.88470000933,2.778045611330394,8.2063454409503045,0,0.0043547555109714935,6.126325121806843e-06,1.7024968640013994e-06,3.0394575373254473e-06,5.3907692957779949e-06,9.2860442256696222e-06,1.4186121901486727e-05
1369,8.0999999999999996,19379.360064546698,2.726084499492103,11.80343157987242,0,0.0043594887468919319,6.1329838979548415e-06,1.7043473282331622e-06,3.0427611601254117e-06,5.396628587489157e-06,9.2961373383545904e-06,1.4201540967284259e-05
1370,8.0999999999999996,19719.276853877083,2.6790928223947503,16.220238145860684,0,0.0047529758827959045,6.6865465766684731e-06,1.8581815936043441e-06,3.3174005602135973e-06,5.883727889659061e-06,1.0135206015581251e-05,1.5483371017797323e-05
1371,8.0999999999999996,15076.720744222072,3.5040625861749981,21.692654113779451,0,0.0042142768472391316,5.9286979612158157e-06,1.6475765627672897e-06,2.9414086497957128e-06,5.2168701950701813e-06,8.9864886981790176e-06,1.3728496337148059e-05
1372,8.0999999999999996,15503.584964602385,3.4075843234101915,29.779180943023579,0,0.0070005568895502085,9.8484719592264062e-06,2.7368760704693988e-06,4.8861285897246908e-06,8.6660174235855978e-06,1.4927928954196792e-05,2.2805127213972334e-05
1373,8.0999999999999996,19183.46230709361,2.7539227401354855,2.2537874990047966,0,0.0077362289098449957,1.0883424660471602e-05,3.0244879247583289e-06,5.3996003245788927e-06,9.5767087652180869e-06,1.6496669816647896e-05,2.5201664271706409e-05
1374,8.0999999999999996,18798.858721090357,2.8102649137294455,4.7015162105602313,0,0.0044271996849843545,6.2282405019160994e-06,1.7308190002869683e-06,3.0900208789835384e-06,5.4804482290596951e-06,9.440523576365812e-06,1.4422117213051231e-05
1375,8.0999999999999996,19060.328842306888,2.7717136214761653,7.7498567956765285,0,0.004259085585997799,5.9917354615397924e-06,1.6650945926599647e-06,2.9726834844942274e-06,5.2723391123203427e-06,9.0820384778994035e-06,1.387446600839156e-05
1376,8.0999999999999996,19609.659996263068,2.6940687952827629,11.612022307119055,0,0.0043812127584564563,6.1635455121393482e-06,1.7128403564798575e-06,3.0579237129999377e-06,5.4235208284492099e-06,9.3424614389014252e-06,1.4272309458297637e-05
1377,8.0999999999999996,19798.529590549602,2.6683685190062891,16.395282730154499,0,0.0047401324165692081,6.6684782259660164e-06,1.8531604251555602e-06,3.3084362980111005e-06,5.8678289113555026e-06,1.0107818715630308e-05,1.544153193473732e-05
1378,8.0999999999999996,15020.836177323261,3.5170993450946075,22.264773266441455,0,0.0041746034568733844,5.8728849339511219e-06,1.6320662034573776e-06,2.9137180974616915e-06,5.1677583461720622e-06,8.901889492416397e-06,1.359925565978838e-05
1379,8.0999999999999996,19543.159717744184,2.7032360091735992,30.359083263805807,0,0.0082713660647892994,1.1636262377236132e-05,3.2337004341191726e-06,5.7731061746778123e-06,1.0239157193524957e-05,1.7637791809625917e-05,2.6944935712532053e-05
1380,8.0999999999999996,18147.523704001382,2.9111284792199221,2.0566800245459724,0,0.0068466705610202424,9.6319827262486792e-06,2.6767140266818916e-06,4.7787216503538515e-06,8.4755209209026551e-06,1.4599783034441954e-05,2.2303824624194724e-05
1381,8.0999999999999996,18024.17917683479,2.9310501501192037,4.3362921365341549,0,0.0041361742349076362,5.8188222185249394e-06,1.6170422532682418e-06,2.8868959284413947e-06,5.120186658321467e-06,8.819943340942924e-06,1.3474068005507467e-05
1382,8.0999999999999996,18425.721255575481,2.8671753115797922,7.3415237543797733,0,0.0040821934190328852,5.7428813241266358e-06,1.5959383888810313e-06,2.8492193247220536e-06,5.0533635900583919e-06,8.7048351007012475e-06,1.3298219227680192e-05
1383,8.0999999999999996,19066.147061680967,2.7708678062288734,11.363008520527808,0,0.0042238036144692966,5.9421003378279409e-06,1.6513010637852145e-06,2.9480579793369733e-06,5.2286634183964983e-06,9.0068034969327221e-06,1.3759530887977312e-05
1384,8.0999999999999996,19307.419702084655,2.7362420197626363,16.416157252673926,0,0.0045062689657035439,6.3394761659189908e-06,1.7617312299458121e-06,3.1452082989540401e-06,5.5783284084788076e-06,9.6091302491859999e-06,1.4679694579247631e-05
1385,8.0999999999999996,19202.203692244981,2.7512349066150632,22.650896705636885,0,0.0049124731433320247,6.9109293397466739e-06,1.920537237955772e-06,3.4287237216397418e-06,6.0811701875544498e-06,1.0475316639812632e-05,1.6002951870320043e-05
1386,8.0999999999999996,18795.797499875225,2.8107226140517709,30.532089659939427,0,0.0073621784767463521,1.03572057810554e-05,2.8782524615447492e-06,5.1385270208406796e-06,9.1136702353303812e-06,1.5699047801902458e-05,2.3983151538242414e-05
1387,8.0999999999999996,17244.342770313855,3.0636002650668437,1.9490942079520235,0,0.0060588068881890647,8.5236061482148252e-06,2.368697783548079e-06,4.2288220813106722e-06,7.5002213234725116e-06,1.2919749128686204e-05,1.9737267196027478e-05
1388,8.0999999999999996,17463.031852815817,3.0252348805925435,4.1107650428244149,0,0.0039005294492015451,5.4873141540981587e-06,1.524916643076775e-06,2.7224246238546453e-06,4.8284810339083087e-06,8.3174563709850988e-06,1.2706427744865012e-05
1389,8.0999999999999996,17920.056627873746,2.9480806996928224,7.0203414648576619,0,0.0039334428728369309,5.5336171746820052e-06,1.5377841853260741e-06,2.7453969705904648e-06,4.8692246929049057e-06,8.387640680236529e-06,1.281364704539991e-05
1390,8.0999999999999996,18588.093114835934,2.8421297846776645,11.056075255800316,0,0.004080541644362899,5.7405575866330367e-06,1.595292625602564e-06,2.8480664473772742e-06,5.0513188515760427e-06,8.701312870211457e-06,1.3292838379831633e-05
1391,8.0999999999999996,18883.068964993476,2.7977323590765844,16.237951276119421,0,0.0042924140732614312,6.0386223988846304e-06,1.6781244045300657e-06,2.9959455302200742e-06,5.313596580245433e-06,9.1531078653598515e-06,1.3983037426906983e-05
1392,8.0999999999999996,18696.225878618519,2.8256918495221282,22.621952622314875,0,0.0044928060104605164,6.3205363102344821e-06,1.7564678715267921e-06,3.1358116564364524e-06,5.5616625622397484e-06,9.5804219560384301e-06,1.4635837438760486e-05
1393,8.0999999999999996,18240.98632885109,2.896212525442122,30.571764332370808,0,0.006573058506783829,9.2470618283304004e-06,2.5697450675481661e-06,4.5877506030799625e-06,8.1368154626475822e-06,1.4016334978652289e-05,2.1412501576245233e-05
1394,8.0999999999999996,16708.927003294131,3.1617693387266428,1.9080792256591539,0,0.005452850916679272,7.6711396247518001e-06,2.1317985733354266e-06,3.8058873286586397e-06,6.7501059983805676e-06,1.1627613683637248e-05,1.7763295234314744e-05
1395,8.0999999999999996,16980.86908090338,3.1111348206228855,4.0057757212418501,0,0.0036945178104477463,5.1974943755360239e-06,1.4443761470506533e-06,2.5786361547639172e-06,4.5734584008422491e-06,7.8781588757179826e-06,1.2035320902443343e-05
1396,8.0999999999999996,17293.53841941007,3.0548851137799251,6.8142468028352621,0,0.0037633377630978135,5.2943111552012518e-06,1.4712813896692741e-06,2.6266699245757071e-06,4.6586508959773238e-06,8.0249099670954287e-06,1.2259509891948888e-05
1397,8.0999999999999996,17817.919484823055,2.9649798971780275,10.778152158919831,0,0.0038778939813912811,5.4554702917411339e-06,1.5160672799230713e-06,2.7066259083875062e-06,4.800460497609609e-06,8.2691886887638442e-06,1.2632690079261382e-05
1398,8.0999999999999996,18214.406132017888,2.9004389547003187,15.999367886372106,0,0.0040342205376019602,5.6753924678784983e-06,1.5771833336345335e-06,2.8157360360081216e-06,4.9939777679160741e-06,8.6025381296134288e-06,1.3141941994152368e-05
1399,8.0999999999999996,18308.300915824577,2.8855639485570288,22.517799354735203,0,0.0041251371749663531,5.8032951430280908e-06,1.6127273015125145e-06,2.8791924707056097e-06,5.1065238375965773e-06,8.796408006645073e-06,1.3438113500744436e-05
1400,8.0999999999999996,18206.296064962076,2.9017309667784463,30.573127871012431,0,0.0060100348375860761,8.454993010669368e-06,2.3496302921600305e-06,4.1947810022093098e-06,7.4398462066099658e-06,1.2815748015940631e-05,1.9578386576094552e-05
1401,8.0999999999999996,16451.546686770736,3.211234426032374,1.9450987459080666,0,0.0053158671895960777,7.4784291852347752e-06,2.0782446217551839e-06,3.7102777770489187e-06,6.5805332937543611e-06,1.1335510729823471e-05,1.7317054832063396e-05
1402,8.0999999999999996,16636.565991510579,3.1755215053993342,4.093430327611574,0,0.0035837210590533219,5.0416241045708413e-06,1.4010600248676034e-06,2.5013041391574134e-06,4.4363026583478175e-06,7.6418968098185305e-06,1.1674387615233524e-05
1403,8.0999999999999996,16748.05018815634,3.1543834947065346,6.953654814749628,0,0.0036075263887168319,5.0751137433767453e-06,1.4103667469089527e-06,2.5179193747296467e-06,4.4657713713220844e-06,7.6926590956701839e-06,1.1751936241708834e-05
1404,8.0999999999999996,17217.562711727434,3.068365364283121,10.936150645487952,0,0.0037085925658274527,5.2172949193894597e-06,1.4498786894632332e-06,2.5884598110442942e-06,4.5908815969218794e-06,7.9081717663595242e-06,1.2081171052939067e-05
1405,8.0999999999999996,17843.708867884066,2.9606946332285493,16.17235314459046,0,0.0038435944712068805,5.4072173070720849e-06,1.5026578454832722e-06,2.6826861247431907e-06,4.7580009965201797e-06,8.196048700149398e-06,1.2520955440792862e-05
1406,8.0999999999999996,18146.629465851831,2.9112719351795686,22.710259439079636,0,0.0039090680110872465,5.4993263109351345e-06,1.5282548040359525e-06,2.7283842227841439e-06,4.8390509538791484e-06,8.335663928928244e-06,1.2734243102000165e-05
1407,8.0999999999999996,18483.400029671582,2.8582280855918762,30.714876188720687,0,0.0059713144204649347,8.4005206382162085e-06,2.3344924988773804e-06,4.1677555897904663e-06,7.3919140471097417e-06,1.2733180922353538e-05,1.9452250319771316e-05
1408,8.0999999999999996,16981.894952300361,3.1109468778618683,2.0902133021351843,0,0.0059003268003906236,8.3006543566068619e-06,2.3067398040923459e-06,4.1182088686604149e-06,7.3040381877847299e-06,1.2581807515092373e-05,1.9220999901846948e-05
1409,8.0999999999999996,17223.419199411986,3.0673220265021861,4.4469177214802276,0,0.0039895373965070586,5.6125316599361796e-06,1.5597144062983968e-06,2.7845488638120925e-06,4.9386643285171365e-06,8.5072561733006781e-06,1.299638147188732e-05
1410,8.0999999999999996,17319.470025451752,3.0503111818318498,7.5656534388436363,0,0.0040117037412995956,5.6437155540994723e-06,1.5683803652484662e-06,2.8000201488440278e-06,4.9661041355524985e-06,8.5545235015229738e-06,1.306859091476995e-05
1411,8.0999999999999996,17685.42875770781,2.9871921006728392,11.710310609671478,0,0.0040964072894136829,5.7628775767228142e-06,1.6014953184693083e-06,2.859140078104106e-06,5.0709589971552828e-06,8.7351446390074703e-06,1.3344522561450804e-05
1412,8.0999999999999996,18235.752873615882,2.8970437057453755,16.970321441994884,0,0.004131168537313934,5.8117801398495224e-06,1.6150852698201594e-06,2.8834021375173307e-06,5.1139900852132651e-06,8.8092692332649292e-06,1.3457761364161626e-05
1413,8.0999999999999996,18580.606332050069,2.8432749791867598,23.412181644202128,0,0.0040439289648383303,5.6890504060845722e-06,1.5809788548486782e-06,2.8225121574837859e-06,5.0059958688919526e-06,8.6232402986448455e-06,1.3173568323552462e-05
1414,8.0999999999999996,19250.109736247032,2.7443881518535509,31.146183931240145,0,0.0061735227053889077,8.6849898105144369e-06,2.41354606918479e-06,4.3088894592289161e-06,7.6422284932304846e-06,1.3164368177727588e-05,2.0110967295315622e-05
1415,8.0999999999999996,17231.951928565293,3.065803183588359,2.3092829063877627,0,0.0073161730468990563,1.0292484760574934e-05,2.860266583842838e-06,5.1064169402276655e-06,9.0567199293866737e-06,1.5600946208114559e-05,2.3833283506776642e-05
1416,8.0999999999999996,17641.162083766427,2.9946878120150324,4.9592147551097163,0,0.0049929369881921339,7.024126894218264e-06,1.9519946741297884e-06,3.4848844955628878e-06,6.1807767035113826e-06,1.0646897069541901e-05,1.6265072191190404e-05
1417,8.0999999999999996,17822.653206172254,2.9641923944152877,8.419365873105189,0,0.0050443127578997209,7.0964029767259447e-06,1.9720800926090708e-06,3.5207428738530583e-06,6.2443749746861593e-06,1.0756450331126967e-05,1.643243472854028e-05
1418,8.0999999999999996,18195.703656385082,2.9034201743277159,12.808188315773753,0,0.005149878384907762,7.244914035753086e-06,2.0133511004704139e-06,3.5944237590103742e-06,6.3750550873424829e-06,1.0981557591141325e-05,1.6776327020442762e-05
1419,8.0999999999999996,18784.751787745387,2.8123753605571515,18.162318439001506,0,0.0050219985378866221,7.0650110498323791e-06,1.9633563216650479e-06,3.5051683774117599e-06,6.2167521123227537e-06,1.0708867675021269e-05,1.6359743564950298e-05
1420,8.0999999999999996,19334.921756869204,2.7323499803286224,24.516284477802948,0,0.0047922185263465167,6.7417536238665354e-06,1.873523551932824e-06,3.3447904672758828e-06,5.9323065153487971e-06,1.0218886700438315e-05,1.5611208487373514e-05
1421,8.0999999999999996,14731.892563286148,3.5860818869732944,31.410507144395893,0,0.0047131695945929102,6.6305465870457533e-06,1.8426192777263592e-06,3.2896172501272526e-06,5.8344515259957152e-06,1.0050323419582125e-05,1.5353697410296126e-05
1422,8.0999999999999996,16900.581502460063,3.1259145180505823,2.5059812297700654,1,0.038283998157340994,5.3858412736057813e-05,1.4967174767928103e-05,2.6720808198098938e-05,4.7391914716280877e-05,8.1636477439169365e-05,0.00012471457085662502
1423,8.0999999999999996,17604.385747530188,3.00094384658941,5.4192316991279785,1,0.026580188813217841,3.7393345747775007e-05,1.0391556537458316e-05,1.8551984153490482e-05,3.2903722234066532e-05,5.6679372291815801e-05,8.6588052467892137e-05
1424,8.0999999999999996,17946.35262903956,2.9437610067101607,9.2057159159018003,1,0.027094409470684599,3.8116757871384179e-05,1.0592591717168459e-05,1.8910891065542845e-05,3.3540278046337183e-05,5.7775892120531503e-05,8.8263185988639127e-05
1425,8.0999999999999996,18389.754710010624,2.8727829117415409,13.858032064769832,1,0.027763540196411262,3.9058099437969073e-05,1.0854189172935266e-05,1.9377919449258521e-05,3.4368597652804423e-05,5.920274088303896e-05,9.0442957050246005e-05
1426,8.0999999999999996,19109.383398202484,2.7645985211122222,19.326566332250952,1,0.025517816246330493,3.5898786586223267e-05,9.97622071459295e-06,1.7810487576303036e-05,3.1588606976774957e-05,5.4413977916540466e-05,8.3127250431890549e-05
1427,8.0999999999999996,19888.523120760281,2.6562944247424594,25.602692317488476,1,0.022831139652872309,3.2119135979615184e-05,8.9258612940871359e-06,1.5935287142715298e-05,2.8262759256688196e-05,4.8684931221710437e-05,7.437508935909447e-05
1428,8.0999999999999996,15759.504272328486,3.3522484063663618,32.209149201099514,0,0.0064347092709987645,9.0524303739037586e-06,2.5156572687113225e-06,4.491187977134443e-06,7.965552389327975e-06,1.3721320225504619e-05,2.0961812870787548e-05
1429,8.0999999999999996,15279.845598194679,3.457480819588838,26.208060731639375,1,0.019654274426359579,2.7649881805243021e-05,7.6838620424950708e-06,1.3717953257158747e-05,2.4330105063642789e-05,4.1910610386002271e-05,6.4026081876502214e-05
1430,8.0999999999999996,16491.348634274495,3.2034840966395701,32.960413465806184,1,0.03827780402913411,5.3849698758167219e-05,1.4964753166113519e-05,2.6716484926765304e-05,4.7384246980154785e-05,8.1623269131992612e-05,0.00012469439276451515
1431,8.1999999999999993,22154.614826345543,3.3683292865709298,2.6775964152445968,1,0.044963559540511053,5.2352465868283718e-05,1.420311715490403e-05,2.5412397914226024e-05,4.8437899787079227e-05,7.8260274331434508e-05,0.00012426816757007896
1432,8.1999999999999993,22853.725904730785,3.2652897940300778,5.5963244308249847,1,0.030850293299833138,3.5919952590739646e-05,9.7450098363742814e-06,1.7435895581167106e-05,3.3234099580416247e-05,5.3695758109962041e-05,8.5262587227233892e-05
1433,8.1999999999999993,23394.482378055029,3.1898135956313611,9.2017797369043315,1,0.031661733758295355,3.6864737864412506e-05,1.0001328153107729e-05,1.7894503574503692e-05,3.4108240151399336e-05,5.5108091864936727e-05,8.7505208138384698e-05
1434,8.1999999999999993,19183.061551443643,3.8901005322928923,13.735915016547928,1,0.028904794056821861,3.3654747527854138e-05,9.1304643253950995e-06,1.6336342934302392e-05,3.1138271351249588e-05,5.0309564800856192e-05,7.9885708074235243e-05
1435,8.1999999999999993,19611.60866264729,3.8050951982541266,19.336623924076118,1,0.02957268733199107,3.4432396367253714e-05,9.3414388685838801e-06,1.6713821271121867e-05,3.1857772828928697e-05,5.1472050855630597e-05,8.1731600042883268e-05
1436,8.1999999999999993,19671.175945010466,3.793572797116199,25.713377236332491,1,0.029683192002358232,3.4561060379685169e-05,9.3763451525931499e-06,1.6776276038570175e-05,3.1976816209923176e-05,5.1664387181006418e-05,8.2037007644834582e-05
1437,8.1999999999999993,19796.64699606123,3.7695291514328431,32.668514221205768,1,0.044849821277401995,5.2220036883608477e-05,1.4167189441608161e-05,2.5348115592502894e-05,4.831537295320013e-05,7.8062309851667828e-05,0.00012395382311684606
1438,8.1999999999999993,23727.223470134126,3.145080925554093,2.9319148129249819,0,0.0092786967597624642,1.0803474199589538e-05,2.9309605038052738e-06,5.2441118228657789e-06,9.995662896731656e-06,1.614981912637403e-05,2.5644024973940153e-05
1439,8.1999999999999993,23787.415094073163,3.1371226195515227,5.9699611801958437,0,0.0061902660524442241,7.2075186114701946e-06,1.9553850909796388e-06,3.4985998823759895e-06,6.6685887364744848e-06,1.0774323127428823e-05,1.7108365684781517e-05
1440,8.1999999999999993,23748.871013640994,3.1422141250173659,9.3873105194979125,0,0.006259386294687243,7.2879974516646605e-06,1.9772188360920213e-06,3.5376650969132129e-06,6.7430499090604648e-06,1.0894628752140767e-05,1.729939695395408e-05
1441,8.1999999999999993,19354.485799823669,3.8556455967927654,13.369429595187261,0,0.0055299182457643281,6.4386551948793038e-06,1.7467940150705298e-06,3.1253860755372173e-06,5.9572157666418825e-06,9.62497016175963e-06,1.528332752646807e-05
1442,8.1999999999999993,20028.728399263662,3.7258500122764522,18.411641896375656,0,0.0057886469560154766,6.7399010506564588e-06,1.8285214009934219e-06,3.2716137542158336e-06,6.2359364788642797e-06,1.0075294380940498e-05,1.5998389746835925e-05
1443,8.1999999999999993,20592.215704526694,3.6238955061001019,24.493381634455222,0,0.0059610325436193811,6.9406149328188865e-06,1.8829746676292465e-06,3.3690422316681394e-06,6.4216423238290572e-06,1.0375336092818582e-05,1.6474820912560868e-05
1444,8.1999999999999993,21359.801676055096,3.4936671736954263,31.738140634608548,0,0.0092883059700780615,1.0814662500965349e-05,2.9339958671366748e-06,5.2495427335560553e-06,1.0006014612010792e-05,1.6166544213157463e-05,2.5670582456708813e-05
1445,8.1999999999999993,19673.03860116256,3.7932136191644741,3.1032900325990509,0,0.0064711816704523702,7.5345973715578827e-06,2.0441208911250252e-06,3.6573671049467893e-06,6.9712107417773443e-06,1.1263264251173584e-05,1.788474703555595e-05
1446,8.1999999999999993,19490.237359674007,3.8287906183573739,6.2343214191466991,0,0.0042691703675680065,4.970727367628066e-06,1.3485481911231248e-06,2.4128395806055811e-06,4.5990497316369031e-06,7.4306048619767673e-06,1.1798931936075244e-05
1447,8.1999999999999993,19173.333325995118,3.8920743035903573,9.553603420394964,0,0.0042889366912650514,4.9937419108996827e-06,1.3547919897471625e-06,2.4240110645411028e-06,4.6203434018040484e-06,7.4650086754395541e-06,1.1853561170293583e-05
1448,8.1999999999999993,19245.422280691862,3.8774954825047119,13.245249120982876,0,0.0045163939200410915,5.2585774116403055e-06,1.4266413206508961e-06,2.5525648015048329e-06,4.8653762810042384e-06,7.8609040472604308e-06,1.2482196743398066e-05
1449,8.1999999999999993,19988.733127339037,3.7333050312334835,17.707480771438171,0,0.0048167675027769889,5.6083116830951052e-06,1.521523514797301e-06,2.722329230420408e-06,5.1889597705662392e-06,8.383712277459547e-06,1.331235510039867e-05
1450,8.1999999999999993,21077.834568088612,3.5404034371375803,23.416334476517115,0,0.0050843815784384003,5.9199030451916367e-06,1.6060576154726671e-06,2.8735787188428782e-06,5.4772524215699974e-06,8.8495017120648234e-06,1.4051974275087037e-05
1451,8.1999999999999993,22696.183240635059,3.2879553870834091,30.866553873625506,0,0.0082198092676258345,9.5705786758156785e-06,2.5964784641631752e-06,4.6456523020547389e-06,8.8549550267576498e-06,1.4306797211125649e-05,2.2717521608650765e-05
1452,8.1999999999999993,20546.628917626891,3.631935839764862,3.3304999722836728,0,0.0063379357605079069,7.3794550290978523e-06,2.002031090213069e-06,3.582059497663139e-06,6.827668902588366e-06,1.10313461919194e-05,1.7516488267028347e-05
1453,8.1999999999999993,19999.641677970882,3.731268747403349,6.5898151226559047,0,0.0041131750811790524,4.7890972211328177e-06,1.2992723030298143e-06,2.3246745347112922e-06,4.4310006686494184e-06,7.159090906409906e-06,1.1367799512681154e-05
1454,8.1999999999999993,19309.681155298611,3.8645919294115982,9.799878410021222,0,0.0040696952816902093,4.7384723430768748e-06,1.2855378769229271e-06,2.3001007247831496e-06,4.3841611792512234e-06,7.0834131560127907e-06,1.1247632091240134e-05
1455,8.1999999999999993,19223.925664928938,3.8818313830883242,13.135295307118962,0,0.0042716236592838996,4.9735838112044585e-06,1.3493231384362838e-06,2.414226126197635e-06,4.601692589531102e-06,7.4348748816251861e-06,1.1805712228142072e-05
1456,8.1999999999999993,19981.74941173114,3.7346098389396776,17.131196662237258,0,0.0045672305583806892,5.3177680851708155e-06,1.4426996295898994e-06,2.5812965321620445e-06,4.9201410731730352e-06,7.9493865718470424e-06,1.2622696649465175e-05
1457,8.1999999999999993,21247.916146895703,3.5120638389370118,22.508008247154017,0,0.0048563623521826593,5.6544131933681649e-06,1.5340307604554842e-06,2.7447073534767953e-06,5.2316141192698462e-06,8.4526281686448909e-06,1.3421785479824542e-05
1458,8.1999999999999993,23129.185911221979,3.2264014063751216,30.121317700358134,0,0.0079281671101345489,9.2310106733745261e-06,2.5043543580539678e-06,4.4808226793453872e-06,8.5407776408342163e-06,1.3799186259387818e-05,2.1911494753393156e-05
1459,8.1999999999999993,20726.028658770454,3.6004986377696735,3.4092319842755217,0,0.0063586503501744203,7.4035736678260562e-06,2.008574427681362e-06,3.5937669203097172e-06,6.8499841113629969e-06,1.1067400487587513e-05,1.7573738274059138e-05
1460,8.1999999999999993,20089.791716183652,3.7145252179077421,6.6979411238136723,0,0.0041088210829864922,4.7840277260995961e-06,1.29789695937257e-06,2.3222137523417942e-06,4.4263102364354306e-06,7.1515126564566001e-06,1.1355766137598708e-05
1461,8.1999999999999993,19347.316119844567,3.8570744122868943,9.8427427706724728,0,0.004054348643362635,4.7206037764543115e-06,1.2806901712624334e-06,2.2914271481399421e-06,4.3676287041319028e-06,7.0567019227862673e-06,1.1205217775229184e-05
1462,8.1999999999999993,19198.31184260689,3.8870104082102053,13.008948372206126,0,0.0042410181761338428,4.9379488986581758e-06,1.3396554593822922e-06,2.3969285918361561e-06,4.5687222166134078e-06,7.381605222108761e-06,1.1721126235673487e-05
1463,8.1999999999999993,19821.126457389968,3.7648737125359464,16.752962679115377,0,0.0045041923821547425,5.2443707829333374e-06,1.422787091274023e-06,2.5456687652678879e-06,4.8522319286569838e-06,7.8396669452158133e-06,1.2448474707817067e-05
1464,8.1999999999999993,21095.063645459682,3.5375118656415934,21.931702112862553,0,0.0047943807164708314,5.5822460539952177e-06,1.5144519628143742e-06,2.7096767196439814e-06,5.1648431542944462e-06,8.3447474789510888e-06,1.3250483555074448e-05
1465,8.1999999999999993,22982.540083502052,3.2469882650546045,29.655183986518338,0,0.0078357640995103516,9.1234229843822551e-06,2.4751660375835019e-06,4.4285985650081112e-06,8.4412346372469075e-06,1.3638356355474523e-05,2.1656115665848231e-05
1466,8.1999999999999993,20513.992700908708,3.6377139760302546,3.3129229009981729,0,0.0065896388186604321,7.6725207003999731e-06,2.0815392087811056e-06,3.7243164349555829e-06,7.0988210896368301e-06,1.1469442076283935e-05,1.8212133321113045e-05
1467,8.1999999999999993,19943.815105535919,3.7417132859181192,6.5245963977633359,0,0.0042706170455661593,4.9724117796562655e-06,1.3490051686690123e-06,2.4136572106446284e-06,4.6006081946370487e-06,7.4331228436081519e-06,1.1802930196571779e-05
1468,8.1999999999999993,19321.785347991907,3.8621709437442768,9.6208813252673906,0,0.0041853234004045085,4.8731017452030616e-06,1.3220625589828669e-06,2.3654511506139541e-06,4.508723898130398e-06,7.28466697985331e-06,1.1567199638361385e-05
1469,8.1999999999999993,19255.164491738422,3.8755336514677015,12.754845550213425,0,0.004278998061344714,4.9821700560688131e-06,1.3516525691461177e-06,2.4183939732601002e-06,4.6096368126233493e-06,7.4477102250501139e-06,1.18260932531407e-05
1470,8.1999999999999993,19673.995890641476,3.7930290504825908,16.449394937736592,0,0.0044338482813990254,5.1624669663431321e-06,1.400566752973412e-06,2.5059118532798124e-06,4.776452329847692e-06,7.7172311621283905e-06,1.2254060996144572e-05
1471,8.1999999999999993,20651.382876811971,3.6135128769545251,21.620004160748657,0,0.0046548791456025003,5.4198200516482235e-06,1.4703861198387774e-06,2.6308335527596598e-06,5.0145622784271265e-06,8.1019412750520114e-06,1.2864935685597253e-05
1472,8.1999999999999993,22276.579875615775,3.349887566626089,29.459683315297376,0,0.0075337919960537913,8.7718275057115803e-06,2.3797789017175772e-06,4.2579306879437967e-06,8.1159291090548184e-06,1.3112765857336614e-05,2.0821539392588116e-05
1473,8.1999999999999993,20345.810208069535,3.6677840395208703,3.0852476673416356,0,0.0068450671934331036,7.9699238732966684e-06,2.162224082680254e-06,3.8686788378578463e-06,7.3739864490178626e-06,1.1914021973561225e-05,1.8918074229768305e-05
1474,8.1999999999999993,19743.145342688636,3.7797441419289006,6.1285123122512779,0,0.0044281542504594493,5.1558372296527237e-06,1.3987681189385426e-06,2.5026937143813106e-06,4.7703183203774847e-06,7.7073205494469943e-06,1.2238324101686497e-05
1475,8.1999999999999993,19251.052632189065,3.8763614321796505,9.1647753042108207,0,0.0043175137679115376,5.0270150868901768e-06,1.3638189344931411e-06,2.4401621889268743e-06,4.6511286329769279e-06,7.5147478393491519e-06,1.1932541148428297e-05
1476,8.1999999999999993,19363.945418694901,3.8537620479054095,12.340246872837518,0,0.0043426297407657913,5.0562583924700296e-06,1.3717525836204296e-06,2.4543571748821154e-06,4.6781853204056285e-06,7.5584628598182014e-06,1.2001955490958851e-05
1477,8.1999999999999993,19777.891328468078,3.7731038518178734,16.126852619904742,0,0.0044355353471230161,5.1644312692505395e-06,1.4010996643436579e-06,2.5068653450834777e-06,4.7782697553653331e-06,7.7201675450065235e-06,1.225872362891282e-05
1478,8.1999999999999993,20471.010969169081,3.6453518619411507,21.447198658842382,0,0.0045912577570902885,5.3457436972711309e-06,1.4502893560631588e-06,2.5948761673291045e-06,4.9460248567336145e-06,7.99120655188521e-06,1.2689101889308205e-05
1479,8.1999999999999993,21423.995392054123,3.4831989358976103,29.433043440724198,0,0.0072086643981812745,8.393271367265238e-06,2.2770773938728673e-06,4.0741758434771621e-06,7.7656788583029009e-06,1.2546872603727575e-05,1.992296705474469e-05
1480,8.1999999999999993,20036.660073643285,3.7243751043339066,2.8183108709640168,0,0.0066885378075206949,7.7876718581736318e-06,2.112779482897266e-06,3.7802119308619336e-06,7.2053620165654639e-06,1.1641578403532053e-05,1.8485465687273367e-05
1481,8.1999999999999993,19327.375585012807,3.8610538520369313,5.6620148815172922,0,0.0043017533711313984,5.0086647684782315e-06,1.3588405305552943e-06,2.4312547652630042e-06,4.6341504282341925e-06,7.48731644850309e-06,1.1888983306298814e-05
1482,8.1999999999999993,23857.450636072292,3.1279133336839955,8.4542041135041224,0,0.005173833647051638,6.0240548609459611e-06,1.6343137905452311e-06,2.9241350267749084e-06,5.5736164634633257e-06,9.0051954227213158e-06,1.4299197688124539e-05
1483,8.1999999999999993,19168.556676683547,3.8930441770323903,11.994989909211968,0,0.0042664849464800333,4.9676006486296863e-06,1.3476999186395291e-06,2.4113218406856945e-06,4.5961568077030643e-06,7.4259308149665244e-06,1.1791510095785758e-05
1484,8.1999999999999993,19578.952886505831,3.8114417244300367,16.036537121713259,0,0.004357758176450577,5.0738728989931321e-06,1.3765313632943975e-06,2.4629074282733126e-06,4.6944827323348306e-06,7.5847943055265883e-06,1.2043766748785454e-05
1485,8.1999999999999993,20208.015804209092,3.6927939227331232,21.600360634719074,0,0.0044976365783720058,5.2367376574138678e-06,1.4207162398974349e-06,2.5419635716382686e-06,4.8451695570410127e-06,7.8282563939217647e-06,1.243035608617423e-05
1486,8.1999999999999993,20835.439034226085,3.5815918171771841,29.641375340169297,0,0.0069562063941402833,8.0993266890681534e-06,2.1973308025280067e-06,3.9314922276584303e-06,7.4937133905964133e-06,1.2107462715913568e-05,1.9225235516779869e-05
1487,8.1999999999999993,19715.298436735724,3.7850828478066791,2.5290191885670215,0,0.0065379007816949372,7.6122805005134916e-06,2.0651961654834857e-06,3.6950752539613713e-06,7.0430852476500113e-06,1.1379390643353198e-05,1.8069142171989668e-05
1488,8.1999999999999993,23675.743627629479,3.1519194972694478,4.9707649589728247,0,0.0049936214958609636,5.8142282682412737e-06,1.5773882641355099e-06,2.8222831506815584e-06,5.379479295298889e-06,8.6915313682255132e-06,1.3801135834677413e-05
1489,8.1999999999999993,23849.808509279512,3.1289156021208067,8.0058583235546159,0,0.0049702827266487832,5.7870542159403748e-06,1.5700159992000968e-06,2.8090926004646914e-06,5.3543371362748721e-06,8.6509096180845428e-06,1.3736633243846596e-05
1490,8.1999999999999993,19379.360064546698,3.8506967053467438,11.80343157987242,0,0.0042233799364716773,4.9174121495812226e-06,1.3340838812668564e-06,2.3869598533870218e-06,4.5497210678185329e-06,7.3509053956539403e-06,1.167237849985412e-05
1491,8.1999999999999993,19719.276853877083,3.7843191971619441,16.220238145860684,0,0.0043581394894801669,5.0743168735710073e-06,1.3766518126913604e-06,2.4631229378667886e-06,4.6948935094731075e-06,7.5854579910222831e-06,1.2044820603772513e-05
1492,8.1999999999999993,20037.769958683541,3.7241688125049697,22.04823287886008,0,0.0044292318232769549,5.157091881079914e-06,1.3991085033103843e-06,2.5033027344299863e-06,4.7714791573904132e-06,7.7091960936692906e-06,1.2241302246673751e-05
1493,8.1999999999999993,20230.455995299628,3.6886977717959732,30.028205181649955,0,0.0067091252375521306,7.8116424409978257e-06,2.1192826531009378e-06,3.7918474857276191e-06,7.2275402400630439e-06,1.1677411374464609e-05,1.8542364256495378e-05
1494,8.1999999999999993,23264.152161581063,3.2076835396354579,2.1804717338971518,0,0.0072730768714010441,8.4682688060843666e-06,2.2974240459779623e-06,4.1105803322860484e-06,7.8350684919249023e-06,1.2658984230922117e-05,2.0100987213679522e-05
1495,8.1999999999999993,22899.371402469431,3.2587810661139329,4.551658349635856,0,0.0045966957684796146,5.3520753424647133e-06,1.4520071184832518e-06,2.5979496097055501e-06,4.9518830639887552e-06,8.0006715557126467e-06,1.2704131208994694e-05
1496,8.1999999999999993,23171.741975210869,3.2204759586962015,7.5437782867394088,0,0.0046389755847170621,5.4013030428315857e-06,1.4653624931343009e-06,2.6218452159463847e-06,4.9974298472695693e-06,8.0742607032632115e-06,1.2820982173258178e-05
1497,8.1999999999999993,19609.659996263068,3.8054733211335141,11.612022307119055,0,0.0041846450530157861,4.8723119243152618e-06,1.3218482821877866e-06,2.3650677638460369e-06,4.507993134748416e-06,7.283486298135138e-06,1.1565324853806205e-05
1498,8.1999999999999993,19798.529590549602,3.7691707159858172,16.395282730154499,0,0.0043463629480617735,5.0606050814230256e-06,1.3729318314631322e-06,2.4564671001253852e-06,4.6822069931276082e-06,7.5649606066626534e-06,1.201227315340755e-05
1499,8.1999999999999993,19791.185149861605,3.7705694422650606,22.452766634245606,0,0.0043461136651322708,5.0603148335825143e-06,1.3728530878163075e-06,2.4563262109906619e-06,4.6819384480728734e-06,7.5645267230767367e-06,1.2011584196991012e-05
1500,8.1999999999999993,19543.159717744184,3.818422354933908,30.359083263805807,0,0.006439459287058638,7.4976620174432981e-06,2.0341004049273515e-06,3.6394383235552081e-06,6.9370371655850836e-06,1.1208050597000951e-05,1.7797074206812423e-05
1501,8.1999999999999993,22241.571875646085,3.3551602543878443,2.0202146606078517,0,0.0065950271531455889,7.6787945052344604e-06,2.0832412792298108e-06,3.7273618010571784e-06,7.1046257814467861e-06,1.1478820616135033e-05,1.8227025346112128e-05
1502,8.1999999999999993,22144.606872714965,3.3698515571402963,4.2497993876484443,0,0.0042094746852047457,4.9012218345843409e-06,1.3296914818476185e-06,2.3791009164633517e-06,4.5347413559303998e-06,7.3267029350409827e-06,1.1633947821495877e-05
1503,8.1999999999999993,22515.855380510326,3.314288384392122,7.1842873569450791,0,0.0042694532156321409,4.9710566963950682e-06,1.3486375373455545e-06,2.4129994400034691e-06,4.5993544354087031e-06,7.4310971665745229e-06,1.1799713658229582e-05
1504,8.1999999999999993,23237.120727026275,3.2114149953821793,11.155064646153592,0,0.0046634621174201944,5.4298134717360932e-06,1.4730973143151426e-06,2.6356844564102333e-06,5.0238084576226647e-06,8.1168801663652436e-06,1.2888656898752752e-05
1505,8.1999999999999993,23652.98055202718,3.1549528309184942,16.224235775841397,0,0.0049169922072937371,5.7250064126937363e-06,1.5531825567996246e-06,2.7789739911565014e-06,5.2969288513770658e-06,8.5581560481579228e-06,1.3589351417034312e-05
1506,8.1999999999999993,23656.437624398721,3.1544917767040577,22.536238545544968,0,0.0049173508620884033,5.7254240055864729e-06,1.5532958488992464e-06,2.7791766948225151e-06,5.2973152194755822e-06,8.5587802963915535e-06,1.3590342650259146e-05
1507,8.1999999999999993,23314.014672836111,3.2008231529177618,30.49631458630612,0,0.0071341175093387757,8.3064741142542225e-06,2.2535294762572772e-06,4.0320436096884572e-06,7.6853717214104547e-06,1.2417121755907963e-05,1.9716937875356406e-05
1508,8.1999999999999993,21348.215567005656,3.4955632576435125,1.9420660449597751,0,0.0060027936406004236,6.9892386722795561e-06,1.8961661889189402e-06,3.3926446693901947e-06,6.4666303063472942e-06,1.044802239567175e-05,1.6590238264980993e-05
1509,8.1999999999999993,21669.023711716418,3.4438117261337013,4.0905271045920681,0,0.0038999446388263454,4.5408264087365831e-06,1.231916938270517e-06,2.2041614591481504e-06,4.2012938815582109e-06,6.7879576357154233e-06,1.0778483261652264e-05
1510,8.1999999999999993,22179.123980174809,3.3646070971505551,6.9719274397205213,0,0.0039821778364240515,4.6365730692427413e-06,1.2578928118765708e-06,2.2506378226849226e-06,4.2898812493092003e-06,6.9310867088785308e-06,1.1005755499066833e-05
1511,8.1999999999999993,22924.536021717635,3.2552038515232282,10.984626922265429,0,0.0043684268213395605,5.0862947328763715e-06,1.3799013814778061e-06,2.4689371076824831e-06,4.7059757448382319e-06,7.6033633664347721e-06,1.2073252246916788e-05
1512,8.1999999999999993,23346.151765805724,3.1964170669693579,16.190870551371333,0,0.0046150338898794325,5.373426985539311e-06,1.4577997756773023e-06,2.6083139056548437e-06,4.9716381744765574e-06,8.0325895449941644e-06,1.2754813244988304e-05
1513,8.1999999999999993,23269.350130286042,3.2069669988398988,22.637233318608558,0,0.0045982576890412066,5.3538939349810834e-06,1.452500498921759e-06,2.5988323722632122e-06,4.9535656743605964e-06,8.0033901200986362e-06,1.2708447971458843e-05
1514,8.1999999999999993,22933.167095659312,3.2539787305000161,30.61355787631576,0,0.0065324425167262784,7.6059252734497999e-06,2.0634720053501556e-06,3.6919903647150057e-06,7.0372052218187593e-06,1.1369890387630871e-05,1.8054056876414789e-05
1515,8.1999999999999993,20881.862867240907,3.5736293465152049,1.9474393229912317,0,0.0058134699552615157,6.7688032379845294e-06,1.8363625054351184e-06,3.2856431580422038e-06,6.2626775545749574e-06,1.0118499473032323e-05,1.6066994382710439e-05
1516,8.1999999999999993,21190.502836254105,3.5215793852992734,4.1062387091414116,0,0.003826303067117448,4.4550832445214976e-06,1.2086549927941948e-06,2.1625408903493341e-06,4.1219620157751034e-06,6.6597825165070829e-06,1.0574956155107236e-05
1517,8.1999999999999993,21580.973997426525,3.4578623727166793,7.0037058225940738,0,0.0039382804559086786,4.5854619886560814e-06,1.2440264800152887e-06,2.2258280053028314e-06,4.2425919123428249e-06,6.854682147569962e-06,1.088443398685744e-05
1518,8.1999999999999993,22273.085667859166,3.3504130979015319,11.037135729799466,0,0.0042543709675253102,4.953495967500408e-06,1.3438733474324395e-06,2.40447529079801e-06,4.5831067799777686e-06,7.4048461115771563e-06,1.1758030051454978e-05
1519,8.1999999999999993,22814.353080754452,3.27092500445384,16.28249714484943,0,0.0044108541937037376,5.1356942374146031e-06,1.3933033662499463e-06,2.4929161093449755e-06,4.7516814859273802e-06,7.6772093393584881e-06,1.2190511019851779e-05
1520,8.1999999999999993,22916.978438390179,3.256277355799627,22.771556898795318,0,0.00433239395125998,5.0443405455243237e-06,1.3685192960646926e-06,2.4485721356515453e-06,4.6671586100786262e-06,7.5406471952464972e-06,1.1973666298143186e-05
1521,8.1999999999999993,23010.899274967935,3.2429865978100603,30.72587180916215,0,0.0060659206742060337,7.0627394339180138e-06,1.9161067955591734e-06,3.4283226564873932e-06,6.5346351742645944e-06,1.055789668094166e-05,1.6764705786468837e-05
1522,8.1999999999999993,21062.584806787818,3.5429667648497354,2.0496123764014618,0,0.0063093036409647193,7.3461177649568579e-06,1.9929867584826434e-06,3.5658772642635879e-06,6.7968243753468108e-06,1.0981511224380376e-05,1.7437356163928864e-05
1523,8.1999999999999993,21323.931880791064,3.4995440038664141,4.3479795583718523,0,0.00425829435068735,4.9580640841081201e-06,1.3451126681460014e-06,2.4066926991861046e-06,4.5873333234803566e-06,7.4116748645875122e-06,1.176887331300287e-05
1524,8.1999999999999993,21430.883158355733,3.4820794551895506,7.3964156012730955,0,0.0043197225840181661,5.029586879937998e-06,1.3645166566987824e-06,2.4414105623740527e-06,4.6535081245989063e-06,7.5185923426807153e-06,1.1938645770323784e-05
1525,8.1999999999999993,21940.408714172128,3.4012145773782141,11.498130454107422,0,0.0045151381245243025,5.2571152500009225e-06,1.4262446391819503e-06,2.5518550539737728e-06,4.8640234500002673e-06,7.8587183016777323e-06,1.2478726034910819e-05
1526,8.1999999999999993,22670.871142008611,3.2916263995696919,16.739317329338476,0,0.0046657466740568695,5.4324734518303723e-06,1.4738189614865252e-06,2.636975636710504e-06,5.0262695422555544e-06,8.1208564981089699e-06,1.2894970848756953e-05
1527,8.1999999999999993,23091.200091515035,3.2317089478471575,23.185443049826137,0,0.0045621630164537699,5.3118677890537763e-06,1.4410988912940227e-06,2.5784324708374983e-06,4.9146819616051049e-06,7.9405663799974761e-06,1.260869121582562e-05
1528,8.1999999999999993,23718.508616143648,3.1462365176487737,30.994689314842766,0,0.0062746832434229065,7.3058081631553997e-06,1.9820508457733152e-06,3.5463105901107423e-06,6.7595288550664756e-06,1.0921253499307599e-05,1.7341673940211847e-05
1529,8.1999999999999993,21326.000100209996,3.4992046141621942,2.2222969660812844,0,0.0079396099646819717,9.244333943557128e-06,2.5079689340658413e-06,4.4872899247326594e-06,8.5531046862796909e-06,1.381910285285078e-05,2.1943119975704525e-05
1530,8.1999999999999993,21761.589779646602,3.4291629751275505,4.7481374825088931,0,0.0054006779431118434,6.2881767051297365e-06,1.7059695078814437e-06,3.0523423478803607e-06,5.8179890485549253e-06,9.4000239688064604e-06,1.4926139266665004e-05
1531,8.1999999999999993,21912.787331107098,3.4055018571892477,8.046561051925412,0,0.0054379888281840157,6.3316189249454617e-06,1.7177552934653402e-06,3.0734296253929812e-06,5.8581829506961648e-06,9.4649645591675515e-06,1.5029257333066292e-05
1532,8.1999999999999993,22366.677321730385,3.3363935500503294,12.311208482350349,0,0.0055505981004556493,6.4627333905993963e-06,1.7533263804332542e-06,3.1370738667529181e-06,5.9794935564651524e-06,9.6609640002772146e-06,1.5340481534610833e-05
1533,8.1999999999999993,23130.312637687904,3.2262442415364436,17.621164724903458,0,0.0056862162627586673,6.6206378200005262e-06,1.796165529895767e-06,3.2137222179968911e-06,6.1255909522690334e-06,9.8970110280174599e-06,1.5715296622447315e-05
1534,8.1999999999999993,20795.958728002723,3.588391327772424,26.965169598067064,0,0.0043257202370849731,5.0365701332808949e-06,1.366411199080054e-06,2.4448003017061413e-06,4.659969217118637e-06,7.5290314177706265e-06,1.1955221801313093e-05
1535,8.1999999999999993,19250.109736247032,3.8765513015110118,31.146183931240145,0,0.0048231299727889403,5.6157197041135157e-06,1.5235332957821204e-06,2.7259251561280996e-06,5.1958138694851539e-06,8.3947863261703089e-06,1.3329939395273999e-05
1536,8.1999999999999993,21004.454299151865,3.5527720401330054,2.3875756624142084,1,0.041160937342366755,4.7924954993417059e-05,1.3001942489730528e-05,2.3263240921224899e-05,4.4341448464183298e-05,7.164170899882444e-05,0.00011375865948500516
1537,8.1999999999999993,21810.377606430789,3.4214922501055338,5.1373004296349194,1,0.028487320773479784,3.3168670445869671e-05,8.9985926049854258e-06,1.6100396374393386e-05,3.0688539851587351e-05,4.9582941419294077e-05,7.8731915081408626e-05
1538,8.1999999999999993,22205.419981340619,3.360622677480785,8.7202270005558304,1,0.029000823248565923,3.3766557291905631e-05,9.1607980862131851e-06,1.6390616485082619e-05,3.1241720731455848e-05,5.0476706169700565e-05,8.0151109030325457e-05
1539,8.1999999999999993,22726.197616892321,3.2836130007428248,13.226192369441042,1,0.029680068012843557,3.455742302187562e-05,9.3753583448421394e-06,1.6774510429587298e-05,3.1973450829321771e-05,5.1658949793955093e-05,8.2028373709788871e-05
1540,8.1999999999999993,23572.466199014736,3.1657289195899798,18.66176259627656,1,0.030595032045169241,3.5622744000964927e-05,9.6643777524790411e-06,1.7291627630811459e-05,3.29591142545371e-05,5.3251469089690318e-05,8.4557108197262033e-05
1541,8.1999999999999993,19334.921756869204,3.8595469322634424,24.516284477802948,0,0.0049207513691624663,5.7293833213601572e-06,1.5543700031889102e-06,2.7810985853436241e-06,5.3009784841850928e-06,8.5646989696283192e-06,1.3599740811508417e-05
1542,8.1999999999999993,20451.685039136712,3.6487965568351135,31.852044913848523,0,0.0071457358136271382,8.3200016660076774e-06,2.2571994734424479e-06,4.0386100153440955e-06,7.6978877736217663e-06,1.2437343724323389e-05,1.9749047997396134e-05
1543,8.1999999999999993,19888.523120760281,3.7521156045208435,25.602692317488476,1,0.028603252143260614,3.3303652932610874e-05,9.0352130781808836e-06,1.6165918190942571e-05,3.0813429253783443e-05,4.9784723059702075e-05,7.9052320739541034e-05
1544,8.1999999999999993,21295.951844280353,3.5041419373006657,32.5545219897949,1,0.04409505712448869,5.1341241588978899e-05,1.3928774071524057e-05,2.4921539779083458e-05,4.7502288073459788e-05,7.6748622717772005e-05,0.00012186784150888165
1545,8.3000000000000007,27439.425776764401,3.8415255551085958,2.8290535970251671,1,0.048752670840234262,4.7004237437335654e-05,1.3764513072486156e-05,2.459562356078779e-05,4.1696862767039047e-05,6.8069426345611432e-05,0.00010830152206258625
1546,8.3000000000000007,27929.587893212716,3.7741070774825833,5.8298469497026373,1,0.033001454533491452,3.1817912289422693e-05,9.3174167590921253e-06,1.6649166879988499e-05,2.8225266371664074e-05,4.6077272074531266e-05,7.3311014446140807e-05
1547,8.3000000000000007,28211.235813493258,3.7364281393348029,9.3643531974876488,1,0.033251596023609484,3.2059082871296413e-05,9.3880400860065413e-06,1.677536275442663e-05,2.8439205735519119e-05,4.6426524483560694e-05,7.3866690753589975e-05
1548,8.3000000000000007,28641.143890817417,3.6803437649269677,13.578440699990216,1,0.033826373103198096,3.2613246527500143e-05,9.5503189209792843e-06,1.7065336625340457e-05,2.8930797285196169e-05,4.7229039410638582e-05,7.5143528134871714e-05
1549,8.3000000000000007,24650.130705593645,4.2762148646549107,18.916732294105934,1,0.03218005895282891,3.1025974694250429e-05,9.0855092550958247e-06,1.6234774475464115e-05,2.7522748576965675e-05,4.4930423604182905e-05,7.1486326894298617e-05
1550,8.3000000000000007,25131.79049501846,4.1942596712255682,25.099782493980303,1,0.032864858764056336,3.1686215299928427e-05,9.2788511949572395e-06,1.6580254591346262e-05,2.8108439642901683e-05,4.5886554407038623e-05,7.3007574050318959e-05
1551,8.3000000000000007,25717.402726799308,4.098751979689701,32.180480306402309,1,0.050539716113258047,4.872719330573818e-05,1.4269055851327324e-05,2.5497184276618453e-05,4.3225275061658692e-05,7.0564533680079279e-05,0.00011227135017102915
1552,8.3000000000000007,29033.602709892602,3.6305950863972507,3.0053362868944258,0,0.010053622860373593,9.6930664082598863e-06,2.8384747112819521e-06,5.0720323427246991e-06,8.5985962511536122e-06,1.4037063590698394e-05,2.2333600175256374e-05
1553,8.3000000000000007,28884.759871648141,3.6493035014776263,6.0869553984766194,0,0.0066567830571793128,6.4180486114057996e-06,1.8794329794057441e-06,3.3583335513403793e-06,5.6933695082011376e-06,9.2943298531130068e-06,1.4787697262689937e-05
1554,8.3000000000000007,28623.857323159085,3.6825664042721846,9.4612256932280889,0,0.0065835794857501181,6.3474703642366384e-06,1.8587651575505714e-06,3.3214024980227463e-06,5.630760440444766e-06,9.1921216042569674e-06,1.4625079336952497e-05
1555,8.3000000000000007,28888.6141181153,3.6488166205538595,13.285604688422962,0,0.0067000603070315624,6.4597737947163976e-06,1.8916515976079068e-06,3.3801668361177467e-06,5.7303833890188194e-06,9.3547543902816907e-06,1.4883835421869791e-05
1556,8.3000000000000007,24851.06111829474,4.241640018395282,18.133707929093035,0,0.0062130001888222102,5.9901812770552846e-06,1.7541382009337182e-06,3.1344459943159138e-06,5.313813823531285e-06,8.6747115891193941e-06,1.3801856707084726e-05
1557,8.3000000000000007,25872.16282925117,4.0742343821278775,24.03014338644061,0,0.0065194533045721944,6.2856439618244613e-06,1.8406601872197213e-06,3.2890509696764993e-06,5.5759150231523976e-06,9.1025873840535146e-06,1.4482626361434717e-05
1558,8.3000000000000007,27428.147257382316,3.8431051995528045,31.351161460289138,0,0.010386975658151502,1.0014464062728936e-05,2.9325913794292312e-06,5.2402081531115717e-06,8.8837040334021872e-06,1.4502497244370563e-05,2.3074126073857493e-05
1559,8.3000000000000007,24979.417840921036,4.2198443538690311,3.1571207574275695,0,0.0072611794476206562,7.0007693311725658e-06,2.050074338613652e-06,3.6632503045067742e-06,6.2102936667095648e-06,1.0138199837539542e-05,1.613033240217671e-05
1560,8.3000000000000007,24587.582137248985,4.287093165588499,6.3218424332934591,0,0.0047601317906302478,4.5894175860236573e-06,1.3439447548136043e-06,2.4014768340744659e-06,4.0712141223476726e-06,6.6461885007191159e-06,1.057438514154813e-05
1561,8.3000000000000007,28888.885571576167,3.6487823345687782,9.581809007863038,0,0.0053875857766593092,5.1943689790860645e-06,1.521096046101486e-06,2.7180260974504214e-06,4.6078588291335398e-06,7.5222519481398821e-06,1.1968241530131939e-05
1562,8.3000000000000007,28985.651783924983,3.6366011751167315,13.081634306501071,0,0.0054667911198124346,5.2707337544247451e-06,1.5434583692819878e-06,2.7579850324302377e-06,4.6756010526251507e-06,7.6328399872979569e-06,1.2144192079530223e-05
1563,8.3000000000000007,24957.583156334989,4.2235361765063351,17.472111770649583,0,0.0050350499541966139,4.8544762671871378e-06,1.4215633671081782e-06,2.5401724900162755e-06,4.3063443160545752e-06,7.0300345826553637e-06,1.1185101540131914e-05
1564,8.3000000000000007,26301.041478828804,4.007797768152864,23.049214448205404,0,0.0053932063645211721,5.1997879939183427e-06,1.5226829264460151e-06,2.7208616726272922e-06,4.6126659684493367e-06,7.5300995221268719e-06,1.1980727373673127e-05
1565,8.3000000000000007,28357.767942448118,3.7171210214031407,30.565480699753795,0,0.0087291039248001256,8.4160491399759395e-06,2.4645186204822951e-06,4.4038152260613151e-06,7.4657704318269478e-06,1.2187744515978494e-05,1.9391250263937467e-05
1566,8.3000000000000007,25507.279118245984,4.1325166377131985,3.3114359881769859,0,0.0066435242511960245,6.4052653104330922e-06,1.8756895740673863e-06,3.3516445106127615e-06,5.682029604068465e-06,9.275817650565832e-06,1.4758243514947002e-05
1567,8.3000000000000007,24893.365110910778,4.23443173991551,6.5481000190164735,0,0.0042826213784208679,4.1290322900499553e-06,1.2091275602306975e-06,2.1605737995813082e-06,3.6628121664225214e-06,5.9794791846353619e-06,9.5136206018476779e-06
1568,8.3000000000000007,28939.7267583342,3.6423721695502782,9.6125028131452073,0,0.0047746455043905746,4.6034107895944637e-06,1.348042462679477e-06,2.4087989732304486e-06,4.0836273157271213e-06,6.666452829888842e-06,1.0606626601635008e-05
1569,8.3000000000000007,28944.96183837573,3.6417133982603,12.887442279923475,0,0.0048076091813394938,4.6351922791295136e-06,1.3573492135602136e-06,2.4254290813956394e-06,4.1118202719354154e-06,6.7124773561657331e-06,1.0679853695142285e-05
1570,8.3000000000000007,24973.171078147723,4.2208999013017721,16.949372752745518,0,0.0045108179812767607,4.3490450015213389e-06,1.2735551099212608e-06,2.2756985229033823e-06,3.8579826518379401e-06,6.2980917156558945e-06,1.002054748385983e-05
1571,8.3000000000000007,26379.211206882726,3.9959214288956129,22.271102637230804,0,0.0048920531309725014,4.7166077870450438e-06,1.3811905709378418e-06,2.4680308827198352e-06,4.184042936225808e-06,6.8303796394829547e-06,1.0867441536313104e-05
1572,8.3000000000000007,28461.039980845671,3.7036332969521348,29.942645866607801,0,0.0079170350615854895,7.6331037750523259e-06,2.235244361434888e-06,3.9941281315733431e-06,6.7712295305128452e-06,1.105391818975937e-05,1.7587281529711774e-05
1573,8.3000000000000007,25688.180968882734,4.1034145417549421,3.3389312653349754,0,0.0063107007000119753,6.0843779220096129e-06,1.7817223299728656e-06,3.183735704059095e-06,5.3973744723560299e-06,8.8111229412718572e-06,1.4018893310121701e-05
1574,8.3000000000000007,24966.676622722771,4.2219978626634864,6.5679048895755772,0,0.0040090157128042482,3.865239036281583e-06,1.1318795100997042e-06,2.0225402961931927e-06,3.4288045173054717e-06,5.5974656378398407e-06,8.9058198491805525e-06
1575,8.3000000000000007,28882.816506452582,3.6495490429542063,9.4589386556557997,0,0.0043383089426675655,4.1827227124831501e-06,1.224850026155908e-06,2.1886680628005985e-06,3.7104402590830149e-06,6.0572312439077493e-06,9.6373276288460443e-06
1576,8.3000000000000007,28822.027758068671,3.6572463333859937,12.647995270849941,0,0.0043335856657843669,4.1781688280646389e-06,1.2235164867767668e-06,2.1862851791925758e-06,3.7064005659828183e-06,6.0506365129449182e-06,9.626835114964092e-06
1577,8.3000000000000007,24712.517933587835,4.2654194777813306,16.60694910503431,0,0.0041058707384958176,3.9586205176680069e-06,1.1592249302436887e-06,2.0714034602173118e-06,3.511642044869736e-06,5.7326965067110012e-06,9.1209782501670926e-06
1578,8.3000000000000007,26111.997426819966,4.0368131788600286,21.825084033513232,0,0.00454076554239122,4.3779185431967514e-06,1.2820103102076185e-06,2.2908070067472469e-06,3.8835960043881883e-06,6.3399050823982364e-06,1.008707443294508e-05
1579,8.3000000000000007,28197.335606353845,3.738270055387559,29.613415581675593,0,0.007424244023289818,7.1579858672160878e-06,2.0961129339310857e-06,3.7455160522111727e-06,6.3497584614922792e-06,1.0365873766614419e-05,1.6492571874088585e-05
1580,8.3000000000000007,25630.621158488393,4.1126297598151016,3.1854660350589121,0,0.006254894666626808,6.0305732791364372e-06,1.7659664162390112e-06,3.155581673399721e-06,5.3496450561921515e-06,8.7332054730863528e-06,1.3894923110095219e-05
1581,8.3000000000000007,24819.007331170567,4.2471181031709078,6.3023017586192012,0,0.0038870050152673358,3.7476040493551432e-06,1.0974318006248007e-06,1.9609861467427703e-06,3.3244520126400491e-06,5.4271119311356026e-06,8.6347794318366817e-06
1582,8.3000000000000007,28663.604820263874,3.6774598310267801,9.1127321070903751,0,0.0040405423516794549,3.8956350247218385e-06,1.1407805369655225e-06,2.0384454215647352e-06,3.4557684130680935e-06,5.6414837436349707e-06,8.9758546373646007e-06
1583,8.3000000000000007,28702.684994975178,3.6724527812432668,12.36931156443943,0,0.0040275860365056081,3.8831433662291132e-06,1.1371225349215713e-06,2.0319089868369814e-06,3.4446872212798363e-06,5.6233938846336692e-06,8.9470728572186772e-06
1584,8.3000000000000007,24600.224047499152,4.2848900536603791,16.305876507916299,0,0.0038895306779766618,3.7500391333747414e-06,1.0981448798629235e-06,1.9622603384571824e-06,3.3266121447840235e-06,5.4306383104867919e-06,8.6403900601555519e-06
1585,8.3000000000000007,25750.958093893561,4.093411008421552,21.593197005950337,0,0.0043729249964837413,4.2160973191390856e-06,1.2346232984107157e-06,2.206131791744039e-06,3.740046449280052e-06,6.1055628508742195e-06,9.7142253916040662e-06
1586,8.3000000000000007,27492.34097338135,3.8341316747455365,29.507083705181657,0,0.0071903973383077432,6.9325257044108112e-06,2.0300901766765856e-06,3.6275408739156976e-06,6.1497556111012069e-06,1.0039372481141949e-05,1.5973093628561411e-05
1587,8.3000000000000007,25343.039313401765,4.1592981029392186,2.9291374281195419,0,0.0063664872402033248,6.1381637707799255e-06,1.7974727401247317e-06,3.2118799004417235e-06,5.4450872165096673e-06,8.8890131926813808e-06,1.4142820207032192e-05
1588,8.3000000000000007,24424.720362587785,4.3156791060095445,5.8639972031899337,0,0.0038457651488318818,3.707843182095819e-06,1.0857884040503113e-06,1.9401807177670408e-06,3.2891806516734818e-06,5.3695320282820693e-06,8.5431672139285821e-06
1589,8.3000000000000007,28732.436945590383,3.668650018742087,8.6836370215665966,0,0.0038895945267408251,3.7501006923092385e-06,1.0981629065091327e-06,1.9622925500292075e-06,3.3266667529339215e-06,5.4307274573719689e-06,8.6405318968636036e-06
1590,8.3000000000000007,29119.589567779818,3.619874349313597,12.120422612427433,0,0.0038715745316808769,3.7327269543822816e-06,1.0930752579086769e-06,1.9532014990688572e-06,3.3112547304102797e-06,5.405567590120775e-06,8.600501415273206e-06
1591,8.3000000000000007,24547.802915501783,4.2940403139859296,16.135356850869652,0,0.0036772373876509568,3.545359388596789e-06,1.0382073683476011e-06,1.8551588040521602e-06,3.1450433396188136e-06,5.1342302934399121e-06,8.1687915596078859e-06
1592,8.3000000000000007,25431.222714949286,4.1448756326208036,21.596435374766973,0,0.0041908113881748768,4.0405149123090709e-06,1.1832065226927325e-06,2.1142558457073547e-06,3.5842895234995211e-06,5.8512922922839532e-06,9.3096694846509091e-06
1593,8.3000000000000007,26497.02373603914,3.9781545425261,29.585337872988834,0,0.0068872997700184495,6.6402982259771283e-06,1.9445155739101312e-06,3.4746287654434512e-06,5.8905243219806941e-06,9.6161817667744554e-06,1.5299778148333221e-05
1594,8.3000000000000007,24675.94863735481,4.2717407499939402,2.6702513612036651,0,0.0063652186294812845,6.1369406566701417e-06,1.7971145687965464e-06,3.211239888905397e-06,5.4440022074984678e-06,8.8872419337407546e-06,1.4140002054308784e-05
1595,8.3000000000000007,28569.467060569372,3.6895772369666755,5.2058440665538122,0,0.0044253956861446406,4.2666862348398077e-06,1.2494375328170033e-06,2.2326031482591235e-06,3.7849232346617633e-06,6.1788234473424741e-06,9.8307862990581712e-06
1596,8.3000000000000007,28690.374445342473,3.6740285680049003,8.2458217369154116,0,0.0037783425731701004,3.642838604901913e-06,1.0667527510679646e-06,1.9061661650892959e-06,3.2315159158483934e-06,5.275395318047652e-06,8.3933914695497805e-06
1597,8.3000000000000007,24275.173213578124,4.3422658372623335,11.95809712249914,0,0.0031305685558072399,3.0182959246118174e-06,8.8386443384679616e-07,1.5793654871176689e-06,2.6774920266845194e-06,4.370960648037885e-06,6.9543951884455857e-06
1598,8.3000000000000007,24710.69852029367,4.2657335345003942,16.220605939644258,0,0.0034491527970787477,3.3254546722749521e-06,9.7381144347915468e-07,1.7400905907000258e-06,2.9499686553306042e-06,4.8157741561463812e-06,7.6621135070568391e-06
1599,8.3000000000000007,25169.065018670561,4.1880481162392318,21.903282342595652,0,0.0039929645939346713,3.849763564077138e-06,1.1273477412406739e-06,2.0144425392776934e-06,3.4150764222241689e-06,5.575054753783092e-06,8.8701631236222875e-06
1600,8.3000000000000007,25562.31006492332,4.123620090329351,29.868155851641252,0,0.0065950005144280021,6.3584817967284727e-06,1.8619896967569085e-06,3.3271643838270902e-06,5.6405285425247683e-06,9.2080678664202851e-06,1.4650450558016237e-05
1601,8.3000000000000007,28226.304471693347,3.7344334411419426,2.3266811765097581,0,0.0072477051517486762,6.9877782684973945e-06,2.0462700932569166e-06,3.656452549567359e-06,6.1987694598061603e-06,1.0119386763822567e-05,1.610039995485625e-05
1602,8.3000000000000007,28711.137181930295,3.6713716587055485,6.7344880674000684,0,0.0041003457454028636,3.9532936692573444e-06,1.1576650395065724e-06,2.0686161124074745e-06,3.5069166652173944e-06,5.7249824039978743e-06,9.1087047654320079e-06
1603,8.3000000000000007,28806.914365511679,3.6591650879881965,10.054755373082308,0,0.0036954218417935667,3.5628916875551096e-06,1.0433414492594393e-06,1.8643328242861641e-06,3.1605960196219813e-06,5.1596197816579398e-06,8.2091873784949331e-06
1604,8.3000000000000007,29308.607252921436,3.5965289796716271,14.098588071373298,0,0.0037596786124406141,3.6248439960624339e-06,1.061483289374527e-06,1.8967502347547281e-06,3.2155531266141973e-06,5.2493363334156817e-06,8.3519304517248536e-06
1605,8.3000000000000007,24689.921066747465,4.2693233021676926,16.320805145865613,0,0.0032413929457606617,3.1251457822594007e-06,9.1515387374770246e-07,1.6352761670798175e-06,2.772277179979445e-06,4.5256958147316882e-06,7.2005858054262636e-06
1606,8.3000000000000007,24808.118931221885,4.2489821832595602,22.241935650619677,0,0.0037861105287287293,3.650327975662276e-06,1.0689459052888611e-06,1.9100850829139846e-06,3.2381596416448743e-06,5.2862410885386031e-06,8.4106475787190801e-06
1607,8.3000000000000007,24757.95524059598,4.257591320227645,30.17653500350557,0,0.0063417923171279669,6.1143544900220611e-06,1.7905005356149783e-06,3.1994213618354067e-06,5.4239663055776249e-06,8.8545336612338155e-06,1.4087961720098333e-05
1608,8.3000000000000007,28541.425171505343,3.6932022386948815,3.5100114874865462,0,0.0060871260185117737,5.8688213743765462e-06,1.718599703598789e-06,3.0709427306869809e-06,5.2061569933537332e-06,8.4989636266572004e-06,1.3522233785959857e-05
1609,8.3000000000000007,28501.224698985508,3.6984114350250357,6.2934288493411588,0,0.0039643847877596592,3.8222087250865606e-06,1.1192787040181958e-06,2.0000240850267569e-06,3.3906328740974768e-06,5.5351510730642024e-06,8.8066745709817406e-06
1610,8.3000000000000007,28967.622860674797,3.6388645297521141,9.7488346928960521,0,0.0035844892860424377,3.4559375432961385e-06,1.012021470528334e-06,1.8083675748984496e-06,3.0657183549970023e-06,5.0047335917755968e-06,7.9627564768216451e-06
1611,8.3000000000000007,29500.895568444754,3.5730866235700183,14.08927319573734,0,0.0036504998883923482,3.519580785251123e-06,1.0306584761181525e-06,1.8416697899040604e-06,3.1221754676006116e-06,5.0968988774357717e-06,8.1093955959417313e-06
1612,8.3000000000000007,29698.479168229514,3.5493149242372466,19.550774585275438,0,0.0041917041307844155,4.0413756381906679e-06,1.1834585738543934e-06,2.1147062325432442e-06,3.5850530625105059e-06,5.85253875686237e-06,9.3116526659157882e-06
1613,8.3000000000000007,29434.395289925873,3.5811591949036248,26.587313833528501,0,0.0062775217871402222,6.0523889156298948e-06,1.7723548107768255e-06,3.1669970098073672e-06,5.3689974305872471e-06,8.7647978984172333e-06,1.3945188081208842e-05
1614,8.3000000000000007,27179.073453190424,3.8783240907931864,3.2336414284470987,0,0.0058170037368311927,5.608386578776579e-06,1.642335129509164e-06,2.9346665874297448e-06,4.9751285898747719e-06,8.1218136481991911e-06,1.2922171189494218e-05
1615,8.3000000000000007,27418.350683221226,3.8444783406848613,5.9226891818595009,0,0.0038987441115988604,3.7589221425335657e-06,1.1007461409907666e-06,1.9669084970332841e-06,3.3344921495250353e-06,5.443502285537341e-06,8.6608572236464842e-06
1616,8.3000000000000007,28097.696810870009,3.7515265414269416,9.4378604257683225,0,0.0035495084051994975,3.4222111935275892e-06,1.0021451953755814e-06,1.7907197914599331e-06,3.0358001379467378e-06,4.955892606225364e-06,7.8850482698026802e-06
1617,8.3000000000000007,28701.591208471098,3.6725927344347054,13.975932592619346,0,0.0035951411777979908,3.4662074226813232e-06,1.0150288566015299e-06,1.8137414326854085e-06,3.0748286347229308e-06,5.0196059700227729e-06,7.9864191002244287e-06
1618,8.3000000000000007,28874.179247539505,3.6506407484440744,19.644109059939733,0,0.0041671861339227304,4.0177369384822739e-06,1.1765363215449808e-06,2.102336952852891e-06,3.5640834718635727e-06,5.8183062532322077e-06,9.2571872113615572e-06
1619,8.3000000000000007,28431.241646665356,3.7075150163661328,26.755320018893759,0,0.0063089765413633855,6.0827155974415184e-06,1.781235542195939e-06,3.1828658695177474e-06,5.3958998453187864e-06,8.8087156374643806e-06,1.4015063181377955e-05
1620,8.3000000000000007,26048.211457258789,4.0466983889433932,3.0653590632082799,0,0.0058765219281092127,5.6657702491777507e-06,1.6591391098404515e-06,2.9646933942172209e-06,5.0260329159576393e-06,8.2049141033660428e-06,1.3054387755165983e-05
1621,8.3000000000000007,26579.219793744625,3.9658521264703892,5.6547747472144536,0,0.0039835689131872461,3.840704843782928e-06,1.1246950256408116e-06,2.0097024373965404e-06,3.4070405463639079e-06,5.5619363217550375e-06,8.8492911076235155e-06
1622,8.3000000000000007,27391.961801780868,3.8481820360925325,9.1366797617738094,0,0.0036256300816980111,3.4956028927842241e-06,1.0236368961010041e-06,1.82912302286666e-06,3.1009049833603767e-06,5.0621751700812058e-06,8.0541486141460963e-06
1623,8.3000000000000007,27999.256905922284,3.764716174187118,13.739565569411125,0,0.0036113758977686702,3.4818599114389384e-06,1.0196124622053513e-06,1.8219318159840422e-06,3.0887137589430398e-06,5.0422732015044535e-06,8.0224836860775054e-06
1624,8.3000000000000007,28168.131052525638,3.7421458719567653,19.537753866745287,0,0.0041968115986452496,4.046299935216793e-06,1.1849005832238521e-06,2.1172829397202843e-06,3.5894213439361157e-06,5.8596699027334326e-06,9.3229986400681951e-06
1625,8.3000000000000007,27652.150119937443,3.8119732057633007,26.750024953791456,0,0.0063892235580711044,6.1600846884463661e-06,1.8038919647357653e-06,3.2233503266931774e-06,5.4645329844977913e-06,8.9207580814802525e-06,1.4193327754387879e-05
1626,8.3000000000000007,25265.542360235253,4.1720559106162991,2.9885303517710917,0,0.0064044640847019402,6.1747786389536816e-06,1.8081948762363304e-06,3.2310391414682412e-06,5.4775678015954204e-06,8.942037200902564e-06,1.422718379145637e-05
1627,8.3000000000000007,25717.792143372324,4.098689916743524,5.4968708147197516,0,0.0041886282606054424,4.0384100789766371e-06,1.1825901526057096e-06,2.1131544622763023e-06,3.5824223525507959e-06,5.8482441671509184e-06,9.3048197803259633e-06
1628,8.3000000000000007,26374.534841764187,3.9966299300198456,8.9019123072782094,0,0.0037421815053845266,3.6079743936312972e-06,1.0565432695837456e-06,1.8879229797318263e-06,3.2005883162937793e-06,5.2249065325557723e-06,8.3130615386333792e-06
1629,8.3000000000000007,26951.329194486832,3.9110967247028587,13.492598924806588,0,0.0036303140455301313,3.5001188740488067e-06,1.0249593360881291e-06,1.8314860731201469e-06,3.104911053053537e-06,5.0687150113982247e-06,8.0645537961302198e-06
1630,8.3000000000000007,27389.297338178683,3.848556391843363,19.370947341878171,0,0.0041960946933407729,4.0456087405279495e-06,1.184698176827133e-06,2.1169212624481726e-06,3.5888081938956656e-06,5.8586689456170574e-06,9.3214060722291116e-06
1631,8.3000000000000007,27339.705774625851,3.8555372983120018,26.68924939953499,0,0.0063502009582471599,6.122461569221622e-06,1.7928745768441504e-06,3.2036635042259885e-06,5.4311579926946905e-06,8.8662739693536575e-06,1.4106641078910714e-05
1632,8.3000000000000007,25406.689954697453,4.1488779343905371,2.1664489173121653,0,0.011304173778028729,1.0898768398486634e-05,3.1915471513598004e-06,5.7029327443670976e-06,9.668159191972597e-06,1.5783107081520074e-05,2.511163398273022e-05
1633,8.3000000000000007,25033.929507383411,4.2106555947541908,5.6083192494537846,0,0.0044696183814272195,4.3093229567538375e-06,1.261923081953632e-06,2.2549134083385795e-06,3.8227457298113932e-06,6.2405680337920364e-06,9.9290247160775878e-06
1634,8.3000000000000007,25568.249384010938,4.1226622032583693,9.0471712757789842,0,0.0038228337321288622,3.6857341624891706e-06,1.0793140964987576e-06,1.9286118645488997e-06,3.2695680208403317e-06,5.3375147386984482e-06,8.4922262646598312e-06
1635,8.3000000000000007,26241.072383756902,4.0169568452619266,13.66093446077304,0,0.0036145124872263381,3.4848840123357858e-06,1.0204980265416022e-06,1.8235142190039372e-06,3.0913964004869565e-06,5.0466525686526628e-06,8.0294514563862149e-06
1636,8.3000000000000007,26966.828661706433,3.9088487808961294,19.551574358665658,0,0.0042779246724922353,4.1245040236629455e-06,1.2078015227226368e-06,2.1582043209659737e-06,3.6587951987530963e-06,5.9729215525555988e-06,9.5031871139590201e-06
1637,8.3000000000000007,27506.90970170105,3.8321009696130055,26.846751489594862,0,0.0066818538730574958,6.4422203041966962e-06,1.8865113110529274e-06,3.3709817271033515e-06,5.714811910250372e-06,9.3293342133958906e-06,1.4843390775930596e-05
1638,8.3000000000000007,25098.502470796568,4.1998224978400689,2.3020385861544024,1,0.051959112908649685,5.0095685797298691e-05,1.4669799142074166e-05,2.6213267081132832e-05,4.4439247391161856e-05,7.2546323066259379e-05,0.00011542446631220285
1639,8.3000000000000007,25901.464628171998,4.0696252838264799,6.0897614514510678,0,0.0052666476139104565,5.0777680622724798e-06,1.4869511491465228e-06,2.6570130396253052e-06,4.5044236349477253e-06,7.3533957353472734e-06,1.1699583693024393e-05
1640,8.3000000000000007,26326.853354399555,4.0038683666436246,9.725493061879158,0,0.0043763671500218855,4.2194160255691992e-06,1.2355951337287961e-06,2.207868351222802e-06,3.7429904316553648e-06,6.1103688525290382e-06,9.7218719566215159e-06
1641,8.3000000000000007,26913.798302375893,3.9165506910126719,14.438697265127507,0,0.0040349200433389167,3.8902143511129896e-06,1.1391931708721962e-06,2.0356089784098625e-06,3.4509598022726427e-06,5.6336337674822234e-06,8.9633649718695366e-06
1642,8.3000000000000007,27587.989660997871,3.8208385835364735,20.289845198784818,0,0.0047601388684678425,4.5894244100263858e-06,1.3439467531243923e-06,2.4014804048291774e-06,4.0712201758339286e-06,6.6461983829334958e-06,1.0574400864596145e-05
1643,8.3000000000000007,28478.479280915111,3.7013653116508269,27.395946146173277,0,0.0075111848971979017,7.2418087513730815e-06,2.1206592567235918e-06,3.789377546767988e-06,6.4241166787081464e-06,1.0487262304122511e-05,1.6685706502641618e-05
1644,8.3000000000000007,26592.821136776085,3.9638237250869208,6.7707492536841238,0,0.006652008014112018,6.4134448173112326e-06,1.8780848246977312e-06,3.3559245517974702e-06,5.6892855408604317e-06,9.2876628451980658e-06,1.4777089752922992e-05
1645,8.3000000000000007,27066.697809547677,3.8944261350478913,10.687096708974982,0,0.0056216237379377301,5.4200135583816502e-06,1.5871728070656522e-06,2.8360977742494648e-06,4.808025273053785e-06,7.8490202972940212e-06,1.2488144686000883e-05
1646,8.3000000000000007,27736.410840755041,3.8003927741097927,15.572818376278649,0,0.0051867993587794165,5.0007834319240039e-06,1.4644073103655021e-06,2.6167297568565585e-06,4.4361315459399814e-06,7.2419100499931415e-06,1.1522204948112705e-05
1647,8.3000000000000007,28578.966360244624,3.6883508665162132,21.418375778773491,0,0.0061458704111167564,5.9254589971062921e-06,1.7351852146284583e-06,3.100579157613296e-06,5.2563995100111295e-06,8.5809836890809909e-06,1.3652731398133985e-05
1648,8.3000000000000007,29992.392223506671,3.5145331040426648,28.268722774995165,0,0.0098369615011248829,9.4841752480812793e-06,2.777303947500528e-06,4.9627271264071538e-06,8.4132915528096172e-06,1.3734556790944789e-05,2.1852298236831715e-05
1649,8.3000000000000007,25988.132611088578,4.056053465494867,32.19976400225503,1,0.049466770658614524,4.7692727254172584e-05,1.396612738644582e-05,2.4955885470853505e-05,4.2307613349843964e-05,6.9066466387785575e-05,0.00010988785766025312
1650,8.3000000000000007,26638.68841211393,3.9569986970909263,7.3951509233126549,1,0.034953737428129454,3.3700179807137481e-05,9.868611656957269e-06,1.763408964079556e-05,2.989500200946995e-05,4.8803087387047177e-05,7.7647909335016422e-05
1651,8.3000000000000007,27301.804674466446,3.8608896589729178,11.59350219655375,1,0.030519982699245055,2.9425434312714211e-05,8.6168140861960482e-06,1.5397269372427689e-05,2.6102929507865956e-05,4.2612592881805978e-05,6.7798553857365587e-05
1652,8.3000000000000007,28143.686062786226,3.7453962179576155,16.666707345394638,1,0.029831668563600831,2.8761805418015892e-05,8.4224799347584813e-06,1.5050016287004872e-05,2.5514232733721543e-05,4.1651555310912303e-05,6.6269499812475342e-05
1653,8.3000000000000007,29243.975166187163,3.6044776655679693,22.524819797611539,1,0.03566319673613725,3.4384195537783469e-05,1.0068915799297942e-05,1.7992010422790055e-05,3.0501783687170081e-05,4.9793648258469022e-05,7.9223936280299246e-05
1654,8.4000000000000004,32745.805016522878,4.5469803121914154,2.9066807484132346,1,0.052474424656086607,4.2132266246428159e-05,1.297943761260546e-05,2.2430797414225485e-05,3.6927582012831105e-05,6.1265140806920679e-05,9.41377438992881e-05
1655,8.4000000000000004,33026.932670787697,4.5082760848901229,5.9501440268709027,1,0.035199202927908659,2.8261809426979258e-05,8.7064481680455581e-06,1.5046304846461061e-05,2.4770570833802615e-05,4.1095907917106885e-05,6.3146448434707887e-05
1656,8.4000000000000004,33086.22212301135,4.5001973982829799,9.4309886781149821,1,0.035112605503849141,2.8192279446409816e-05,8.6850284789234879e-06,1.5009287779796614e-05,2.4709630032640601e-05,4.09948033616345e-05,6.2991094923318657e-05
1657,8.4000000000000004,33485.560245019107,4.4465294780049591,13.486099180287171,1,0.035603403885700512,2.8586346617855773e-05,8.8064264174308269e-06,1.5219085202954465e-05,2.5055017287791363e-05,4.1567822164013028e-05,6.3871574369824609e-05
1658,8.4000000000000004,37261.51520083403,3.9959333353587216,22.081042749839291,1,0.044373178238863172,3.5627690479940188e-05,1.0975611498344318e-05,1.8967826292990312e-05,3.1226529672784679e-05,5.1806742630749611e-05,7.9604319941086664e-05
1659,8.4000000000000004,35634.944530483124,4.1783292405470114,24.179548171320317,1,0.03409827492343636,2.7377862778558113e-05,8.4341359617913632e-06,1.4575700486378738e-05,2.3995819906244657e-05,3.9810548246098964e-05,6.1171412420195882e-05
1660,8.4000000000000004,31785.748308126527,4.6843173007483108,31.784274382503838,1,0.051729381431390345,4.1534063222503071e-05,1.2795152751608554e-05,2.2112320103658828e-05,3.6403276220754464e-05,6.0395285094020271e-05,9.2801155861591125e-05
1661,8.4000000000000004,33994.252910511692,4.3799912623156168,3.0381711104452562,0,0.010722904646066287,8.6095326712786272e-06,2.6522877152382687e-06,4.5836291371337861e-06,7.545979652536335e-06,1.2519246610248164e-05,1.9236610178074415e-05
1662,8.4000000000000004,33778.483304588037,4.407969694031955,6.1289959993312095,0,0.0070734005410461676,5.6793075258314137e-06,1.7495906173947801e-06,3.0236065589234815e-06,4.9777311576257329e-06,8.2583636308755017e-06,1.2689495368347103e-05
1663,8.4000000000000004,33464.423259222043,4.449338019771683,9.458998994726846,0,0.0069404245551135347,5.5725397112166966e-06,1.7166992893869158e-06,2.9667644416261401e-06,4.884152587523301e-06,8.1031109996080733e-06,1.2450939931283735e-05
1664,8.4000000000000004,33784.427267146726,4.4071941649216351,13.184341060506254,0,0.0070147737726742156,5.6322354782500731e-06,1.7350894106164386e-06,2.9985458713024037e-06,4.9364740154771256e-06,8.1899154822220846e-06,1.2584320480907883e-05
1665,8.4000000000000004,34811.332813707275,4.2771855795868827,17.631607503962705,0,0.007231382626476786,5.8061530001582429e-06,1.7886671510622756e-06,3.0911378215642055e-06,5.088907153447167e-06,8.4428114789903096e-06,1.2972911093177122e-05
1666,8.4000000000000004,31095.369739991362,4.7883183883000129,23.621908544526935,0,0.0065452981431808289,5.2552885684428309e-06,1.6189656096679837e-06,2.7978631043144922e-06,4.6060921213493616e-06,7.6417915011620296e-06,1.174209349384021e-05
1667,8.4000000000000004,33089.731959195378,4.4997200612140889,31.019499217618772,0,0.010711197661695773,8.6001330106692163e-06,2.649392017490943e-06,4.5786248517801581e-06,7.5377411510511182e-06,1.2505578427117342e-05,1.9215608154636762e-05
1668,8.4000000000000004,34902.22035165241,4.2660475241065621,3.1540731754944109,0,0.0088319826931826436,7.0912915911285727e-06,2.1845721818405616e-06,3.7753327617236963e-06,6.215289969845853e-06,1.0311550185607587e-05,1.5844345704461842e-05
1669,8.4000000000000004,34358.190476727999,4.3335964045557018,6.2911731033641773,0,0.0057345950528044703,4.6043665492992254e-06,1.4184399201944953e-06,2.4513187276491e-06,4.0355798183725228e-06,6.6952763309618309e-06,1.0287713376280238e-05
1670,8.4000000000000004,33678.365238548795,4.4210735783149406,9.5029597831778823,0,0.0055083478323779073,4.4227102816793276e-06,1.3624781502122997e-06,2.3546067465234295e-06,3.8763639176316673e-06,6.4311273115594803e-06,9.881831786648152e-06
1671,8.4000000000000004,33810.874808340348,4.4037467696712671,12.956645571009343,0,0.0055269196666040167,4.4376218022805964e-06,1.3670718540074204e-06,2.362545491042625e-06,3.8894333878737539e-06,6.4528103704279189e-06,9.9151491709849185e-06
1672,8.4000000000000004,34840.396298949439,4.2736175972108024,17.086504396676645,0,0.0056967036426701602,4.5739431384530016e-06,1.4090675602855452e-06,2.4351216078134378e-06,4.0089146731234407e-06,6.6510372069987628e-06,1.0219737178607096e-05
1673,8.4000000000000004,31432.336538815827,4.7369857641069224,22.76159207309416,0,0.0053841695040766522,4.3230061987033937e-06,1.3317629041550602e-06,2.3015252893446599e-06,3.788976482083501e-06,6.2861461551503268e-06,9.6590591170270985e-06
1674,8.4000000000000004,33689.622012071814,4.4195963571106818,30.342560338395902,0,0.0088128420262741404,7.0759233487970248e-06,2.1798377784882466e-06,3.7671508631204878e-06,6.2018201976344098e-06,1.0289203001031989e-05,1.5810007849186564e-05
1675,8.4000000000000004,35586.059885937946,4.1840690201228217,3.1843638431085126,0,0.0078471833428244517,6.3005858578016211e-06,1.9409841518110429e-06,3.3543689328428545e-06,5.522261718180844e-06,9.1617734846397861e-06,1.4077641454843139e-05
1676,8.4000000000000004,34645.442243084544,4.2976657556365518,6.3144833213926033,0,0.0049807890882047927,3.999127829545576e-06,1.2319876140728971e-06,2.1290956829490003e-06,3.5051074642313879e-06,5.8151899104823419e-06,8.9354052126306667e-06
1677,8.4000000000000004,33685.747477969584,4.4201046990085393,9.4325447564356004,0,0.004666904923692634,3.747106939818108e-06,1.1543490318955546e-06,1.9949222803466911e-06,3.284219225751059e-06,5.4487226712142026e-06,8.372305239900232e-06
1678,8.4000000000000004,33743.454729422148,4.4125455413775949,12.710016951108146,0,0.0046599819077113389,3.7415483776335033e-06,1.1526366385799689e-06,1.9919629574005199e-06,3.279347324017959e-06,5.4406398851392257e-06,8.3598855304945715e-06
1679,8.4000000000000004,34790.79071120327,4.2797110290753375,16.643080194438966,0,0.0048053477556005576,3.8582641424379098e-06,1.1885925726573282e-06,2.0541012639435718e-06,3.3816449538628859e-06,5.6103579753864031e-06,8.620668055505274e-06
1680,8.4000000000000004,31396.14498824301,4.7424462707999764,22.125687483711658,0,0.0047296948572233431,3.7975216363955294e-06,1.169879988743634e-06,2.0217625608816516e-06,3.3284060926911338e-06,5.5220314143634208e-06,8.4849487366304361e-06
1681,8.4000000000000004,33675.835503697468,4.4214056901614338,29.859928549223937,0,0.0077504007056303338,6.2228780627182293e-06,1.9170451718283674e-06,3.3129980794729754e-06,5.4541533245047392e-06,9.0487774502054189e-06,1.3904015937769065e-05
1682,8.4000000000000004,30804.80942646242,4.8334832608664922,3.2283824829961243,0,0.0062413661225569914,5.0112583594855396e-06,1.5437886691676435e-06,2.6679438602829384e-06,4.3922074586499604e-06,7.2869436269587728e-06,1.1196847406669223e-05
1683,8.4000000000000004,34523.443868256567,4.3128527757884889,6.1512263452664433,0,0.0044345987293386985,3.5605858584463427e-06,1.0968885875667197e-06,1.895620321006039e-06,3.1207394715600122e-06,5.1774996554176314e-06,7.9555540096840782e-06
1684,8.4000000000000004,33478.615259089165,4.4474518902499947,9.2276718370327906,0,0.0040381489663414627,3.2422721832149281e-06,9.9882757976950536e-07,1.7261533020345938e-06,2.841747729716307e-06,4.7146351130795054e-06,7.2443335150799819e-06
1685,8.4000000000000004,33471.055370259011,4.4484564071824853,12.49128483323805,0,0.0040221309497661612,3.2294111496063964e-06,9.9486555735231075e-07,1.7193062162945766e-06,2.8304754456532797e-06,4.6959336971542218e-06,7.2155976127423585e-06
1686,8.4000000000000004,34408.657677479212,4.3272403158708892,16.419417441219426,0,0.0041491124507545864,3.3313659293506055e-06,1.0262741622267061e-06,1.7735859219358133e-06,2.9198355448367315e-06,4.8441876244515009e-06,7.4433991007689461e-06
1687,8.4000000000000004,31211.572643901556,4.7704911385194491,21.76856475905387,0,0.0042733381552372014,3.43110805115974e-06,1.0570011266818953e-06,1.8266876306091599e-06,3.0072563202039443e-06,4.989224093680965e-06,7.6662567620189128e-06
1688,8.4000000000000004,33413.096704119416,4.4561727407514313,29.627293862182793,0,0.0070367419864578937,5.6498739876412383e-06,1.740523201689602e-06,3.0079364373955741e-06,4.9519336040574478e-06,8.2155638951309324e-06,1.2623730881243789e-05
1689,8.4000000000000004,35267.138827532151,4.2219055944722763,2.9014342812411411,0,0.0067650361476232265,5.4317185182384225e-06,1.6733173388859945e-06,2.8917926460704471e-06,4.7607273218982695e-06,7.8983408558434008e-06,1.2136297720426993e-05
1690,8.4000000000000004,34188.73698188275,4.3550754974040258,5.8209968854333587,0,0.0040920986495927578,3.2855889500694718e-06,1.0121719194658299e-06,1.7492147157328394e-06,2.8797134885766545e-06,4.7776226534392456e-06,7.3411178342724947e-06
1691,8.4000000000000004,33549.190381028609,4.4380960919159849,8.8970060899719723,0,0.0036949829806658908,2.9667406119788422e-06,9.1394620124966088e-07,1.5794630475993999e-06,2.6002531318602668e-06,4.3139806500653787e-06,6.6287027218660037e-06
1692,8.4000000000000004,36551.753410828926,4.0735263516216573,14.50193551147712,0,0.0041637785587994676,3.3431415014125308e-06,1.0299017929370162e-06,1.7798551187982076e-06,2.9301564566177732e-06,4.8613106549629929e-06,7.4697097145999104e-06
1693,8.4000000000000004,34501.881268320692,4.3155481742875859,16.379376789382722,0,0.003782672842006193,3.0371477219055527e-06,9.3563610241549409e-07,1.6169470891662605e-06,2.6619627088124786e-06,4.416360652086608e-06,6.7860160371337672e-06
1694,8.4000000000000004,35672.219054135239,4.1739632314723663,21.896333777474144,0,0.0046938472642290199,3.7687392277797308e-06,1.16101316266824e-06,2.0064390942307408e-06,3.3031792333413398e-06,5.4801784955981332e-06,8.4206390933933262e-06
1695,8.4000000000000004,32565.369317366367,4.5721738717572711,29.621655687992611,0,0.0066953680083251558,5.3757812380674223e-06,1.6560850724336794e-06,2.8620121972315517e-06,4.7117000873078576e-06,7.8170016436114214e-06,1.2011314902641663e-05
1696,8.4000000000000004,34412.644057583457,4.3267390459111432,2.6686431562976947,0,0.0065906664655946074,5.2917152706242982e-06,1.630187367966765e-06,2.8172563164508105e-06,4.6380189591889275e-06,7.6947600983228478e-06,1.1823483076375312e-05
1697,8.4000000000000004,36333.735562173999,4.0979692402450967,7.395307834634294,0,0.0040473573313312928,3.249665676101959e-06,1.0011052493139152e-06,1.7300895237455861e-06,2.848227889443539e-06,4.7253860985624501e-06,7.2608530807698414e-06
1698,8.4000000000000004,35950.809216124675,4.1416183380430338,10.568847879632965,0,0.0037635349229250344,3.0217816858334177e-06,9.3090237873244305e-07,1.6087663651535099e-06,2.6484948703167505e-06,4.3940166756648931e-06,6.7516831113887978e-06
1699,8.4000000000000004,36456.81811508799,4.084134008814309,14.242880933087438,0,0.0037639686729604364,3.0221299482888086e-06,9.3100966588348594e-07,1.6089517766036837e-06,2.6488001112052471e-06,4.394523089163813e-06,6.7524612475954657e-06
1700,8.4000000000000004,34650.192762160012,4.2970765484338012,16.336676944514547,0,0.0035845022738808436,2.8780344930672319e-06,8.8661903281453739e-07,1.5322367965577242e-06,2.5225050595873651e-06,4.1849917930746633e-06,6.43050322660128e-06
1701,8.4000000000000004,31440.260888712084,4.7357918321360248,25.710127163866606,0,0.0052389511358524625,4.2064088468697565e-06,1.2958434488599631e-06,2.2394500246836423e-06,3.6867826374150915e-06,6.1166002509252622e-06,9.398541166674009e-06
1702,8.4000000000000004,31223.894766736379,4.768608523354672,29.783661210412205,0,0.0066020254868119086,5.3008355479663126e-06,1.6329969977663576e-06,2.8221118609454678e-06,4.6460125901879611e-06,7.7080220261832808e-06,1.1843860863026792e-05
1703,8.4000000000000004,36515.296967816786,4.0775933124196824,4.0570697880797724,0,0.0058223205716734323,4.6748022890299035e-06,1.4401386411743938e-06,2.4888180114374218e-06,4.0973144884309964e-06,6.797697963997187e-06,1.04450906602208e-05
1704,8.4000000000000004,36033.632521436164,4.1320988281825892,6.9695794836003673,0,0.0039376716802820757,3.1615979157843166e-06,9.7397473622831451e-07,1.6832031284385909e-06,2.7710393180338105e-06,4.5973254880827587e-06,7.0640798946783158e-06
1705,8.4000000000000004,36114.521544040101,4.1228437855785511,10.248966962276757,0,0.0036318492421720076,2.9160498707884458e-06,8.9833020497333289e-07,1.5524758036717102e-06,2.5558243206576828e-06,4.2402705064316948e-06,6.5154424480336841e-06
1706,8.4000000000000004,36728.800825903978,4.0538903358907534,14.172971154821591,0,0.0036609225909728332,2.9393931676493398e-06,9.0552143611922909e-07,1.564903541591249e-06,2.5762839727504209e-06,4.2742143337282314e-06,6.5675992745571615e-06
1707,8.4000000000000004,34116.461001556789,4.364301757740761,16.234486246117065,0,0.0034486578806972429,2.7689636041683658e-06,8.530182103585588e-07,1.4741685455320065e-06,2.4269079186344562e-06,4.0263902280118888e-06,6.1868019420329575e-06
1708,8.4000000000000004,30751.266043032247,4.8418992085929284,25.86571947212212,0,0.0052551089649790963,4.2193821374430081e-06,1.2998400536151132e-06,2.2463568749096061e-06,3.69815331111249e-06,6.135464901334775e-06,9.4275278890680225e-06
1709,8.4000000000000004,35893.702122255767,4.1482076774874352,3.7170073755151987,0,0.0058569370781745584,4.7025962453807425e-06,1.4487009606174829e-06,2.5036152359825967e-06,4.1216750010272932e-06,6.8381135599553062e-06,1.0507191766522554e-05
1710,8.4000000000000004,35777.464631859104,4.1616847993303834,6.5437919309153587,0,0.0039759723910444229,3.1923499584001753e-06,9.8344833577926595e-07,1.6995752085435494e-06,2.7979924985040276e-06,4.6420424802792258e-06,7.132790366961471e-06
1711,8.4000000000000004,36182.970525728313,4.1150444132583113,9.9279305756409624,0,0.003628493433567173,2.9133554568422694e-06,8.9750015283437637e-07,1.5510413246189279e-06,2.5534627531267082e-06,4.2363525199450643e-06,6.509422215261483e-06
1712,8.4000000000000004,36791.642070977105,4.0469661677439266,14.110485388843882,0,0.0036742920174351987,2.9501276204607073e-06,9.0882833539105294e-07,1.5706184569712106e-06,2.5856923768518322e-06,4.2898234576032008e-06,6.591583675580004e-06
1713,8.4000000000000004,29827.799624185893,4.9918040416315916,19.282680331688827,0,0.003543480968350176,2.8450980563607516e-06,8.7647249991946599e-07,1.5147017668731497e-06,2.4936373276553783e-06,4.137098441677459e-06,6.3569120785368775e-06
1714,8.4000000000000004,30159.703183674359,4.9368698959075301,26.248437139224986,0,0.0053851723016116607,4.3238113553680568e-06,1.3320109439978793e-06,2.3019539467049395e-06,3.7896821761136689e-06,6.2873169451606185e-06,9.6608581095487339e-06
1715,8.4000000000000004,34671.114377023485,4.2944835605186293,3.397879733229904,0,0.005967259544562363,4.7911753114167613e-06,1.4759889886260601e-06,2.5507738453432712e-06,4.1993117155238077e-06,6.9669176675127133e-06,1.0705107382657819e-05
1716,8.4000000000000004,34664.151162237875,4.2953462215220721,6.1193925136183758,0,0.0039832749171744416,3.1982132332659389e-06,9.852546001249962e-07,1.7026967574753973e-06,2.8031314711432602e-06,4.6505683534933483e-06,7.1458909076372574e-06
1717,8.4000000000000004,35271.602168169797,4.221371345908282,9.5572317853421236,0,0.0035750918106476539,2.8704787333796983e-06,8.8429137469838999e-07,1.5282141856240908e-06,2.5158826782063423e-06,4.1740048530783072e-06,6.4136211019543563e-06
1718,8.4000000000000004,35998.427618710783,4.1361398418301469,13.937811187105249,0,0.0036319025933277587,2.9160927069912889e-06,8.9834340126852176e-07,1.5524986092379323e-06,2.5558618652175782e-06,4.2403327951769405e-06,6.5155381586102121e-06
1719,8.4000000000000004,36401.639102285502,4.0903248971456341,19.473320288756465,0,0.0045217248504726406,3.6305403354452252e-06,1.1184390487885014e-06,1.9328633853264412e-06,3.1820523302472647e-06,5.2792214773187818e-06,8.1118559897819966e-06
1720,8.4000000000000004,36145.346263624204,4.1193278280150896,26.568150499658454,0,0.0071718943982937806,5.7583892774540636e-06,1.7739528640272829e-06,3.0657088930214046e-06,5.0470437802053768e-06,8.3733575554861999e-06,1.2866190769392408e-05
1721,8.4000000000000004,33334.543702526178,4.4666737317812704,3.1699020352002716,0,0.0060251180314388085,4.8376304977226699e-06,1.4903001626064206e-06,2.57550612218718e-06,4.2400281985204527e-06,7.0344688292184875e-06,1.0808903993209955e-05
1722,8.4000000000000004,33567.490426345197,4.435676567591412,5.7996322349339779,0,0.0039961133967833518,3.208521383276674e-06,9.8843017081903755e-07,1.7081847135054349e-06,2.8121662344929351e-06,4.6655575842689433e-06,7.1689228039067411e-06
1723,8.4000000000000004,34330.092553906361,4.3371432944198682,9.2598020255640971,0,0.0035605253668411852,2.8587831827807152e-06,8.8068839572601071e-07,1.5219875913887083e-06,2.5056319026747563e-06,4.1569981829393169e-06,6.3874892831576036e-06
1724,8.4000000000000004,35075.864105657412,4.2449283720703299,13.782589827062612,0,0.0036343012676839717,2.9180186278046527e-06,8.9893670828167101e-07,1.5535239502283204e-06,2.5575498731298451e-06,4.2431333046279061e-06,6.519841317600956e-06
1725,8.4000000000000004,35470.67479779476,4.1976796766845075,19.494436151297357,0,0.0044859025177860085,3.6017782085955647e-06,1.1095784707966243e-06,1.9175507164850945e-06,3.1568432472159352e-06,5.2373980505644631e-06,8.0475916628754952e-06
1726,8.4000000000000004,35152.758051467252,4.2356429188000417,26.676756453830968,0,0.00720541477074697,5.7853031362744936e-06,1.7822440570390962e-06,3.0800375624384529e-06,5.0706329155027796e-06,8.4124933888317657e-06,1.2926325439912155e-05
1727,8.4000000000000004,32277.744978085084,4.6129161382890933,3.0506957438880073,0,0.0060256349767626562,4.8380455585482425e-06,1.4904280279355592e-06,2.5757270964219518e-06,4.24039198604109e-06,7.0350723751985073e-06,1.0809831379585799e-05
1728,8.4000000000000004,32918.618280811796,4.5231099752378974,5.6189846489602342,0,0.0040514323182701062,3.2529375258798659e-06,1.0021131886880227e-06,1.7318314238633903e-06,2.8510955609877337e-06,4.7301437428859273e-06,7.2681635006430101e-06
1729,8.4000000000000004,33854.065432797062,4.3981285205629321,9.0790696620917775,0,0.0036077486092557349,2.896699219697161e-06,8.9236896455171384e-07,1.5421737104512021e-06,2.5388640947112404e-06,4.2121324433880621e-06,6.4722065436068654e-06
1730,8.4000000000000004,34595.746334901101,4.3038392429990644,13.685880280146412,0,0.0036709316723397049,2.9474295641185728e-06,9.0799716116075616e-07,1.569182038743228e-06,2.5833276168774534e-06,4.2859001746556593e-06,6.5855553044623391e-06
1731,8.4000000000000004,34944.291582908292,4.2609114099143648,19.522606914683806,0,0.0044571538308063093,3.5786955861179989e-06,1.1024675440634038e-06,1.905261759001655e-06,3.136612067871677e-06,5.203833273678032e-06,7.9960172711585237e-06
1732,8.4000000000000004,34604.377408842782,4.3027657731804769,26.771834249513304,0,0.0071912682669205115,5.7739447598924993e-06,1.778744949329857e-06,3.0739904763859517e-06,5.0606776623738483e-06,8.3959770086230488e-06,1.2900946982444284e-05
1733,8.4000000000000004,31553.08274360931,4.7188584369666762,3.0620656932594796,0,0.0064476260667416241,5.1768666332553863e-06,1.5948066287750081e-06,2.7561120498914413e-06,4.5373578067435149e-06,7.5277570252212234e-06,1.1566872346048568e-05
1734,8.4000000000000004,32100.256957312224,4.6384217707351167,5.6428568765583309,0,0.0042370831957884766,3.4019985637426168e-06,1.0480335393782451e-06,1.811190030473758e-06,2.981742786760003e-06,4.9468955648760722e-06,7.6012163140286507e-06
1735,8.4000000000000004,32944.30554422758,4.5195832256077821,9.121863297798301,0,0.0037256070084958647,2.9913289653057581e-06,9.215209895636045e-07,1.5925536411364185e-06,2.6218040360705797e-06,4.3497349320679889e-06,6.6836414259664659e-06
1736,8.4000000000000004,33724.107201812571,4.4150770197108669,13.760362500363676,0,0.0037748821918268541,3.0308925271179982e-06,9.3370910162173439e-07,1.6136168859855081e-06,2.6564802309136482e-06,4.4072648824170439e-06,6.7720398146940134e-06
1737,8.4000000000000004,34280.309985191219,4.3434417827992071,19.633764015265797,0,0.0045290056760857057,3.6363861867381919e-06,1.1202399455574015e-06,1.9359756581222901e-06,3.1871760316829582e-06,5.2877220146624219e-06,8.1249176002985505e-06
1738,8.4000000000000004,34461.920808921335,4.3205522855952747,26.886186553272136,0,0.007199926435755598,5.780896494512882e-06,1.7808865290226489e-06,3.0776915104113998e-06,5.0667706351283677e-06,8.406085626988817e-06,1.2916479510638276e-05
1739,8.4000000000000004,31753.008754510251,4.6891471566718606,3.2395464287246369,0,0.0074154701881875233,5.9539588353529103e-06,1.8342008189041015e-06,3.1698281708205327e-06,5.2184542342807032e-06,8.6577380925344725e-06,1.3303159358936044e-05
1740,8.4000000000000004,32064.391091424368,4.6436101123033744,5.9564585953063025,0,0.0047650551496505765,3.8259127862720616e-06,1.1786262820575814e-06,2.036877725290625e-06,3.3532900262866378e-06,5.5633153981083871e-06,8.5483841754091381e-06
1741,8.4000000000000004,32630.832661894554,4.5630012650845906,9.5385584805286108,0,0.004141941383605496,3.3256082042802185e-06,1.0245004139810143e-06,1.7705205666599953e-06,2.9147890832127479e-06,4.8358152327291663e-06,7.4305343940629645e-06
1742,8.4000000000000004,33411.330352641919,4.4564083245256034,14.217350442617382,0,0.0041631131196957164,3.3426072133727138e-06,1.0297371979864525e-06,1.7795706691863143e-06,2.929688170262289e-06,4.8605337389575882e-06,7.4685159342709202e-06
1743,8.4000000000000004,34291.149595053859,4.3420687983719537,20.064576779563968,0,0.004861880204690811,3.9036546390892517e-06,1.2025757540045033e-06,2.0782667106575532e-06,3.4214282704756651e-06,5.6763609563885533e-06,8.7220857889885235e-06
1744,8.4000000000000004,35189.430254613442,4.2312287990928157,27.215056349774272,0,0.0074872899257256466,6.0116236563306821e-06,1.851965278616413e-06,3.2005283451172246e-06,5.2689956030610356e-06,8.7415893469660703e-06,1.3432002087628901e-05
1745,8.4000000000000004,32258.41633106364,4.6156801124055367,3.5332500412833827,0,0.0093627891710183989,7.5174816827032261e-06,2.3158660380112532e-06,4.0022321064716591e-06,6.588831935702324e-06,1.0931279393101834e-05,1.679659862763495e-05
1746,8.4000000000000004,32741.96087990006,4.5475141596786042,6.4780802923936758,0,0.0060469495058452852,4.8551592176328762e-06,1.4957001314847301e-06,2.5848382374580948e-06,4.2553915601368939e-06,7.0599575956471135e-06,1.0848069086683397e-05
1747,8.4000000000000004,33299.093552584032,4.4714289439099195,10.259191052129426,0,0.0052712452043404412,4.2323380933671372e-06,1.3038313181876225e-06,2.2532544963416454e-06,3.7095087915451013e-06,6.1543043451790116e-06,9.4564758799883886e-06
1748,8.4000000000000004,34110.683737941363,4.3650409314830831,15.060098453990056,0,0.0052490711069861293,4.2145342778964757e-06,1.2983466022500511e-06,2.2437759229440772e-06,3.6939043174802891e-06,6.1284155582969871e-06,9.4166961299174e-06
1749,8.4000000000000004,35175.461910499871,4.2329090402802478,20.913849526364363,0,0.0060113356068739587,4.8265644444006312e-06,1.4868911091301353e-06,2.5696146660098683e-06,4.2303291571914665e-06,7.0183775202206226e-06,1.0784178684404752e-05
1750,8.4000000000000004,36713.908628308571,4.0555347082326731,27.887478658712084,0,0.0089709710010554746,7.2028867621250671e-06,2.2189506449250112e-06,3.8347449153065915e-06,6.3130995632132244e-06,1.0473822345962887e-05,1.6093687089665775e-05
1751,8.4000000000000004,32042.164987742173,4.646831160564477,3.8187831385645103,1,0.048948630887809472,3.9301369428623437e-05,1.2107340004100132e-05,2.0923656244810307e-05,3.444639161595306e-05,5.7148692592664612e-05,8.7812562194579686e-05
1752,8.4000000000000004,32978.086899181093,4.5149535560440821,7.0112855898387965,1,0.03205405611323333,2.5736538042900613e-05,7.9285027759596214e-06,1.37018756030659e-05,2.255725134144976e-05,3.7423874088772727e-05,5.7504137398311889e-05
1753,8.4000000000000004,33763.908305482633,4.4098724996481149,11.044527609915734,1,0.028127743790884851,2.2584060674811359e-05,6.9573377528169616e-06,1.2023528163055226e-05,1.9794205891370773e-05,3.2839810921674701e-05,5.0460435894345271e-05
1754,8.4000000000000004,34740.17549176504,4.2859464182120508,16.027593700933224,1,0.028414978529842372,2.2814684461090032e-05,7.0283846561209255e-06,1.2146309961657314e-05,1.9996340253954159e-05,3.3175164321777783e-05,5.09757274953905e-05
1755,8.4000000000000004,36020.135696569821,4.1336471347932084,21.912259659376804,1,0.03330548111774783,2.6741320312038399e-05,8.2380400958903206e-06,1.4236811639798701e-05,2.3437910820614846e-05,3.8884942592398315e-05,5.9749161090448489e-05
1756,8.4000000000000004,29992.392223506671,4.9644099612798369,28.268722774995165,0,0.0076725113686668704,6.1603398966647642e-06,1.8977794095750365e-06,3.2797033849697715e-06,5.3993406248421101e-06,8.9578397938576088e-06,1.3764284506626992e-05
1757,8.4000000000000004,31049.883197055955,4.7953330378745553,29.131033962078021,1,0.047791839174954727,3.8372569222483308e-05,1.1821210028094086e-05,2.0429172298934591e-05,3.3632327981560218e-05,5.5798110711361326e-05,8.5737308149904664e-05
1758,8.5,41479.744592900766,5.0704052517895066,4.3610663160317396,1,0.057495028381318987,3.8030373311562374e-05,1.1996022372834149e-05,2.0019341589178448e-05,3.5110074352758807e-05,5.7222245814043445e-05,8.7482424995330161e-05
1759,8.5,42100.504890569609,4.9956435290599641,7.6544361801118947,1,0.03708687390109449,2.4531297733487725e-05,7.737972857502955e-06,1.2913373869070609e-05,2.2647573830955743e-05,3.6910916901684573e-05,5.6430090665333727e-05
1760,8.5,42681.462706953767,4.9276454340555143,11.527324384675106,1,0.032188665571026537,2.1291353400999769e-05,6.7159885508843769e-06,1.120785413118575e-05,1.9656420273757635e-05,3.2035947899971495e-05,4.8977148125594075e-05
1761,8.5,43643.380421981616,4.8190381403361959,16.168497494809273,1,0.032847216264682878,2.1726955042210133e-05,6.8533915416673807e-06,1.1437156588481003e-05,2.0058572676674748e-05,3.269137412958366e-05,4.9979175836256658e-05
1762,8.5,44881.964513203464,4.6860496662274969,21.692878126825967,1,0.043951212018309892,2.9071748420860706e-05,9.1701793620843028e-06,1.5303485386900607e-05,2.6839369686407763e-05,4.3742687476505826e-05,6.6874627547708701e-05
1763,8.5,38237.808726577379,5.5002920363621177,28.716953979819731,1,0.062524225404489875,4.1356960768482928e-05,1.3045336751935336e-05,2.177047061651623e-05,3.8181217830541229e-05,6.2227582038916845e-05,9.5134675350758052e-05
1764,8.5,43370.038158468407,4.8494104168931811,4.5625203627256603,0,0.01174434080338984,7.7683528058967028e-06,2.4503923034400887e-06,4.0892921858123604e-06,7.1718319033847705e-06,1.1688620308496608e-05,1.7869778350887342e-05
1765,8.5,43172.181746231436,4.8716350742475623,7.8064912230070984,0,0.0074428822617391395,4.923131597581996e-06,1.5529165676384501e-06,2.5915562893122388e-06,4.5450912359823748e-06,7.4075698427622938e-06,1.1324829425133859e-05
1766,8.5,43225.049566691101,4.8656766605260708,11.416032630411351,0,0.0063847957130931761,4.2232549721793207e-06,1.3321526117400312e-06,2.2231384165915978e-06,3.8989571537756393e-06,6.3545033379925613e-06,9.7148819264286713e-06
1767,8.5,44107.333021873979,4.7683480368769677,15.65954044768495,0,0.0064947926908690314,4.2960130218008524e-06,1.3551028779368217e-06,2.2614385467744646e-06,3.9661282149441886e-06,6.4639784400717691e-06,9.8822494820052818e-06
1768,8.5,39702.724289905142,5.2973471868329041,17.430518417056124,0,0.0052697701354219775,3.485715742012523e-06,1.0995086396853614e-06,1.8348947971254751e-06,3.2180525253333026e-06,5.2447679488510178e-06,8.0182979919090518e-06
1769,8.5,40118.848085744408,5.2424016356906558,27.826301516385183,0,0.013149492631125628,8.6977974913363079e-06,2.7435695265375933e-06,4.5785556093824082e-06,8.0299058366911183e-06,1.3087105456803356e-05,2.0007808243866535e-05
1770,8.5,44473.28471128286,4.7291113348633216,4.7539666993230423,0,0.0097166265440593296,6.4271110946990576e-06,2.0273208430814913e-06,3.3832571503383211e-06,5.9335822596229592e-06,9.6705264479541969e-06,1.4784479228546541e-05
1771,8.5,43836.97447202231,4.7977561718124857,7.9684877070094409,0,0.0061113065987052836,4.0423542332869205e-06,1.2750906078191891e-06,2.1279115394859585e-06,3.7319475285756117e-06,6.0823117803647046e-06,9.2987504519331853e-06
1772,8.5,43518.868453667717,4.8328259051736904,11.361635810447302,0,0.0051934555416886709,3.4352370733257387e-06,1.0835860182070851e-06,1.8083226227445187e-06,3.1714500427254751e-06,5.16881542626343e-06,7.9021803742596585e-06
1773,8.5,44304.673724585009,4.7471089875112602,15.256508173353934,0,0.0052541155905344097,3.4753609652108087e-06,1.0962424047430578e-06,1.8294440009375185e-06,3.2084928773005054e-06,5.2291876762451436e-06,7.9944785837355331e-06
1774,8.5,39766.624455807119,5.2888349892624227,16.917166695671458,0,0.0044064837792397588,2.9146906755903366e-06,9.1938867567314792e-07,1.5343049036990664e-06,2.6908756718450779e-06,4.3855774158236547e-06,6.704751655288038e-06
1775,8.5,41152.409459157017,5.1107363479037389,27.002290037337577,0,0.010945970091154439,7.2402665159663652e-06,2.2838166325442863e-06,3.8113054371662941e-06,6.6842966180424718e-06,1.0894037430073146e-05,1.6655005388460297e-05
1776,8.5,45057.02468253117,4.6678429458808273,4.8599714624017318,0,0.00870278899701841,5.7565031921247802e-06,1.8157891987093704e-06,3.0302464511255606e-06,5.3144693961220355e-06,8.6614990073984488e-06,1.3241859463612666e-05
1777,8.5,44122.383521611169,4.7667215150268802,8.0376046772687708,0,0.0054498802854709687,3.6048504991629383e-06,1.1370876347809482e-06,1.8976078128247679e-06,3.3280390917885214e-06,5.424023574421876e-06,8.2923472990605916e-06
1778,8.5,43532.555092548646,4.8313064643139034,11.272165390077634,0,0.0045847547875177306,3.0326089232425583e-06,9.5658394392394329e-07,1.5963775439018767e-06,2.7997391428580697e-06,4.5630026253486225e-06,6.9760025886224196e-06
1779,8.5,44216.696058506866,4.7565542786923825,14.924437846683446,0,0.0045983424577886612,3.0415965555194007e-06,9.5941893681208898e-07,1.601108669708978e-06,2.8080366274741161e-06,4.5765258295311952e-06,6.996677112643077e-06
1780,8.5,39560.702298236974,5.3163645387585632,16.583866891975259,0,0.0039816328228535576,2.6336708913059744e-06,8.3074585347767633e-07,1.3863749581048836e-06,2.4314350021469859e-06,3.9627421456255517e-06,6.0583132940483336e-06
1781,8.5,41267.250722859833,5.0965138491822524,26.349630425307076,0,0.0096589606477750604,6.3889676999607886e-06,2.0152891700577349e-06,3.3631783138151966e-06,5.8983678426001306e-06,9.6131341449122559e-06,1.469673681692411e-05
1782,8.5,40441.327095506174,5.200598742223324,2.969125586421272,0,0.0083659757609450495,5.5337163970789123e-06,1.7455149640641449e-06,2.91297058546306e-06,5.1087900861980617e-06,8.3262837665225016e-06,1.2729376219551934e-05
1783,8.5,44158.037887517923,4.7628727381970473,7.9146990568587894,0,0.0050389645577937573,3.3330482414179156e-06,1.0513523216357359e-06,1.7545300103028237e-06,3.0771081477114066e-06,5.0150574178690809e-06,7.6671122946092646e-06
1784,8.5,43388.675225360741,4.8473274128406576,11.073551077469546,0,0.0042096115717198141,2.7844685719155857e-06,8.7831236920825978e-07,1.465755464161126e-06,2.5706531406346594e-06,4.189639259607004e-06,6.4051977875378894e-06
1785,8.5,43954.915129606023,4.7848827419318596,14.638465797290584,0,0.0041931188408480934,2.7735593728137297e-06,8.7487125135691913e-07,1.4600128178427419e-06,2.5605816436115482e-06,4.1732247777525503e-06,6.3801030248762497e-06
1786,8.5,38189.971508063732,5.5071817684473263,19.377929134877231,0,0.0050315061480634806,3.3281148390988175e-06,1.0497961653469388e-06,1.7519330474643642e-06,3.0725535744281895e-06,5.0076343942271549e-06,7.655763839130888e-06
1787,8.5,40831.87945869792,5.1508555965314429,25.985703345271528,0,0.0086709922185157322,5.7354710543798966e-06,1.8091549752462143e-06,3.0191750491591362e-06,5.2950522866981892e-06,8.6298530872763182e-06,1.3193478597148785e-05
1788,8.5,45033.2301080533,4.6703093320663234,4.5456254423108353,0,0.0075678821820462806,5.0058134183764475e-06,1.5789971155192501e-06,2.6350803325852017e-06,4.6214240358718802e-06,7.531976706589064e-06,1.151502493352054e-05
1789,8.5,43758.807327100913,4.8063264899926921,7.5905817631456705,0,0.0047553916345220463,3.1454775168406543e-06,9.9218638629022521e-07,1.655792025884978e-06,2.9039407156602921e-06,4.73282989353355e-06,7.2356376490747933e-06
1790,8.5,43108.064839207858,4.8788809150031947,10.766052413434265,0,0.0040008100344985217,2.6463557536056477e-06,8.347470735208394e-07,1.39305232067791e-06,2.4431458116845989e-06,3.9818283718553765e-06,6.0874926687974593e-06
1791,8.5,43628.360610564057,4.8206971768681424,14.410727402509028,0,0.0040107614421930615,2.6529381618634348e-06,8.3682338016344441e-07,1.3965173268799923e-06,2.4492227660562472e-06,3.991732565545239e-06,6.1026343828159606e-06
1792,8.5,37853.086113348632,5.5561946573376968,19.119426454976622,0,0.004667464601979426,3.08731774257989e-06,9.7384089313623096e-07,1.6251764866122737e-06,2.8502469487885833e-06,4.6453200268284844e-06,7.1018509505370281e-06
1793,8.5,39990.437001425431,5.2592352221416032,25.818011691055574,0,0.008195390263797982,5.4208817691000298e-06,1.7099232355639787e-06,2.8535739831186293e-06,5.0046198708428526e-06,8.1565076045677431e-06,1.2469819291247013e-05
1794,8.5,44293.07811649103,4.7483517463742544,4.2165636119401899,0,0.0072621414105176014,4.8035796599950241e-06,1.5152059802019348e-06,2.5286236681519282e-06,4.4347195237904561e-06,7.2276865083521362e-06,1.1049820465129278e-05
1795,8.5,43534.56169961347,4.8310837783994227,7.1806631931822738,0,0.0046631006350982811,3.0844311749186215e-06,9.7293037537818539e-07,1.6236569857765129e-06,2.8475820366042844e-06,4.6409767645912511e-06,7.09521089110737e-06
1796,8.5,43430.339807157565,4.8426771644109881,10.438656413251817,0,0.0039924264625329081,2.6408103981112197e-06,8.3299788720516765e-07,1.3901332232247534e-06,2.4380262762509918e-06,3.9734845753685845e-06,6.0747365188080976e-06
1797,8.5,44101.235255502266,4.7690073443122234,14.27890172782382,0,0.0040288274222281045,2.6648879944718342e-06,8.4059274782511798e-07,1.4028077668649271e-06,2.4602549878003435e-06,4.0097128323533642e-06,6.1301229463992473e-06
1798,8.5,45090.17479097793,4.664411167215393,19.21591462642262,0,0.0053351735316441813,3.5289771446798643e-06,1.1131546996392307e-06,1.8576677736232152e-06,3.2579919456437835e-06,5.3098610416116469e-06,8.1178135129120456e-06
1799,8.5,38940.868820241893,5.4009867062186672,25.844838221891091,0,0.0078238956253619905,5.17515478746843e-06,1.6324129165063043e-06,2.7242223108996993e-06,4.7777619190451128e-06,7.786775505677424e-06,1.1904566037911748e-05
1800,8.5,43266.146352371856,4.8610549484539822,3.8971884504100038,0,0.0070261422875046217,4.647476862899943e-06,1.4659660573888381e-06,2.446450527423843e-06,4.2906036412620144e-06,6.9928070725271218e-06,1.0690732450753155e-05
1801,8.5,43099.959971364966,4.8797983795452389,6.7714841338297251,0,0.0045675959806744824,3.0212591448669075e-06,9.5300385297385995e-07,1.5904029748803692e-06,2.7892608980248731e-06,4.545925227690027e-06,6.9498943480504133e-06
1802,8.5,43490.577704256728,4.8359696727170869,10.110911032876558,0,0.003953572011200693,2.6151099274691324e-06,8.2489111900993888e-07,1.376604392030499e-06,2.4142993086571649e-06,3.934814467227126e-06,6.0156169441231036e-06
1803,8.5,44211.835643959646,4.7570771890233852,14.170488405472362,0,0.0040073103642037635,2.6506554291132245e-06,8.3610333166646049e-07,1.3953156871719388e-06,2.4471153211481793e-06,3.9882978610397065e-06,6.0973833432069451e-06
1804,8.5,44739.61725012317,4.700959189054136,19.339603036114767,0,0.0051137113256703118,3.3824898638713394e-06,1.0669478248468542e-06,1.7805562793722721e-06,3.1227532174097619e-06,5.0894495530789346e-06,7.7808443632506745e-06
1805,8.5,38015.937677249181,5.5323931928844123,26.113010307583,0,0.0074388398380800793,4.9204577162888527e-06,1.5520731381103708e-06,2.5901487474367538e-06,4.5426226782786779e-06,7.4035465981998398e-06,1.1318678614628859e-05
1806,8.5,42023.391327773912,5.0048106109829424,3.5890649322965538,0,0.0067627363246999597,4.473245674917651e-06,1.4110078477505014e-06,2.35473452876323e-06,4.1297514215240624e-06,6.7306508274248838e-06,1.0289943147171062e-05
1807,8.5,41940.391095111481,5.0147151548914852,6.3570344708840052,0,0.004400181340007042,2.9105218957229014e-06,9.1807370628940094e-07,1.5321104411968826e-06,2.6870270067292549e-06,4.3793048782294348e-06,6.6951620841027332e-06
1808,8.5,42486.949833223305,4.9502050783195841,9.7384121722218673,0,0.0038330807880176732,2.5354104068770897e-06,7.9975128605869023e-07,1.3346502435882912e-06,2.3407198023257057e-06,3.8148949092144592e-06,5.8322817116436115e-06
1809,8.5,43289.17412124313,4.8584690998649087,13.980731682799384,0,0.0039065931149075547,2.5840355021824111e-06,8.1508922992753171e-07,1.3602466894803337e-06,2.3856110448489751e-06,3.8880584601871881e-06,5.9441354980392678e-06
1810,8.5,43844.440881726674,4.7969391466088336,19.376124511850378,0,0.0048759150761912848,3.2251983485111145e-06,1.0173329414519392e-06,1.697757392564645e-06,2.9775398966223852e-06,4.8527815171732819e-06,7.4190219040764653e-06
1811,8.5,43825.665264592972,4.7989942321913714,26.421528754843237,0,0.0082111390555335145,5.4312988859494393e-06,1.7132091345942667e-06,2.8590575953586209e-06,5.0142370719186298e-06,8.1721816768716641e-06,1.2493782102129257e-05
1812,8.5,40826.584626359225,5.1515236151039989,3.3173905213937465,0,0.0066680203396690275,4.4105953141697805e-06,1.3912458768899869e-06,2.3217551266884269e-06,4.0719118939952559e-06,6.6363842181101861e-06,1.0145826615888166e-05
1813,8.5,40813.29090536185,5.1532015713807766,5.9840611692206274,0,0.0042758842158269516,2.8283049429322779e-06,8.9213979296642259e-07,1.4888311063122987e-06,2.6111233782823993e-06,4.2555974761452087e-06,6.5060359257312196e-06
1814,8.5,41503.997911206148,5.0674423046350654,9.3889545585763052,0,0.0037358217540513971,2.4710779337260511e-06,7.7945872198372806e-07,1.3007853707737051e-06,2.2813273294429034e-06,3.7180973163453176e-06,5.684295766012919e-06
1815,8.5,42372.700515897115,4.9635522934825751,13.783045783393653,0,0.0038262897837566851,2.5309184632347119e-06,7.9833438026105273e-07,1.3322856663741948e-06,2.3365727887273846e-06,3.808136124566694e-06,5.8219487569929119e-06
1816,8.5,42998.13465254075,4.8913543930749031,19.377057660085036,0,0.0047123808839518175,3.1170278413357063e-06,9.8321242905185477e-07,1.640816002184951e-06,2.8776756507841898e-06,4.6900232055282303e-06,7.1701939947852779e-06
1817,8.5,42866.862668426096,4.9063332778408242,26.533875781978679,0,0.0077853356841797927,5.1496491220341065e-06,1.6243675962388024e-06,2.7107960259509319e-06,4.7542147978407195e-06,7.7483985103958686e-06,1.1845894579574108e-05
1818,8.5,39564.077223352462,5.3159110381725734,3.1402587737680459,0,0.0068416413168516455,4.5254377755593393e-06,1.4274709416531992e-06,2.3822086606220689e-06,4.1779357640532275e-06,6.8091814584024654e-06,1.0410002224486166e-05
1819,8.5,39906.888913412367,5.2702458285603146,5.7456642384355421,0,0.0043282799917350517,2.8629623902600447e-06,9.0307188427468247e-07,1.5070749260870727e-06,2.6431195289009037e-06,4.3077446626592515e-06,6.5857595064476662e-06
1820,8.5,40792.196184922548,5.1558664278161315,9.1912732318640238,0,0.003778119606640342,2.4990560593052998e-06,7.8828393696778903e-07,1.3155131686947846e-06,2.3071570540498817e-06,3.7601944886816514e-06,5.7486546996590524e-06
1821,8.5,41672.353534636233,5.0469699210034635,13.730681376400106,0,0.0038507027893135482,2.5470665675338727e-06,8.0342801999118652e-07,1.3407860934758214e-06,2.3514809027749337e-06,3.8324333037205067e-06,5.85909473270014e-06
1822,8.5,42246.835328177418,4.9783401098082871,19.489033310487446,0,0.0046356245814383199,3.0662570021729941e-06,9.671976474588933e-07,1.6140900280894361e-06,2.8308034330609725e-06,4.6136310698278241e-06,7.0534042884993399e-06
1823,8.5,42104.985340372594,4.9951119357133651,26.707142283592585,0,0.0074477505064183148,4.9263517223081404e-06,1.5539323001936285e-06,2.5932513759295675e-06,4.5480640918529664e-06,7.4124149902743031e-06,1.1332236776030014e-05
1824,8.5,38565.285361459137,5.4535863758165615,3.1016142964421785,0,0.0075981939166259596,5.0258632664109736e-06,1.5853214927117551e-06,2.6456346532942295e-06,4.6399342842327525e-06,7.5621446285120667e-06,1.1561146209072545e-05
1825,8.5,39301.083094751688,5.3514839354342811,5.720287394785637,0,0.0046708663334636769,3.0895678348381938e-06,9.7455064575554975e-07,1.6263609442340045e-06,2.8523242596222789e-06,4.6487056189512357e-06,7.1070269062292587e-06
1826,8.5,40423.836135260455,5.2028489855092364,9.2328359283895942,0,0.0040343323822550417,2.6685292777407309e-06,8.4174132754590227e-07,1.4047245530343871e-06,2.4636166620406424e-06,4.0151916743459047e-06,6.1384991011071791e-06
1827,8.5,41368.524342226847,5.0840371555639123,13.876803033887349,0,0.0040567857452479643,2.6833811666911557e-06,8.4642609860161984e-07,1.4125426471589773e-06,2.4773280952957504e-06,4.0375385083714775e-06,6.1726633532037916e-06
1828,8.5,41835.304229920832,5.0273117095276216,19.716344213705888,0,0.0047587459297860199,3.1476962321744408e-06,9.9288624160232006e-07,1.6569599665673461e-06,2.9059890589594407e-06,4.736168274495031e-06,7.2407414274727541e-06
1829,8.5,41726.592443138266,5.0404095449044366,26.922184402631203,0,0.0074186672144736301,4.9071144337820792e-06,1.547864230820217e-06,2.5831247898164698e-06,4.5303040076970186e-06,7.3834696826956559e-06,1.1287984655841569e-05
1830,8.5,38503.858139065305,5.4622867679160061,3.2159189842807234,0,0.0093692208920384389,6.1973178932890732e-06,1.9548365589369211e-06,3.262293084163911e-06,5.7214345554401531e-06,9.3247690463701219e-06,1.425587893472103e-05
1831,8.5,39130.718541353177,5.3747828475080794,5.9272167269180054,0,0.0054583454013923723,3.6104497923136694e-06,1.138853834795814e-06,1.9005553032773097e-06,3.3332084230815514e-06,5.4324485279828405e-06,8.3052275234820758e-06
1832,8.5,40006.888822111199,5.2570724947372378,9.5189039647531022,0,0.0045892679251493774,3.0355941606408196e-06,9.5752558534103844e-07,1.5979489848843507e-06,2.8024951480688236e-06,4.567494350602464e-06,6.982869621050608e-06
1833,8.5,40894.365170697594,5.1429851997661844,14.20747114530219,0,0.0045197838519439358,2.9896335738282481e-06,9.4302811451277906e-07,1.5737551469879392e-06,2.7600638101730372e-06,4.4983399414463734e-06,6.8771450846219918e-06
1834,8.5,41604.630918538656,5.0551852085536728,20.047567756581039,0,0.0052324975602380218,3.4610616112391974e-06,1.091731921273563e-06,1.8219167634498122e-06,3.1952915506391378e-06,5.2076722117178268e-06,7.9615853446643613e-06
1835,8.5,42144.441361833728,4.9904354650480141,27.186534759475435,0,0.0079561602854799247,5.2626419066477003e-06,1.6600092125092743e-06,2.7702758825844789e-06,4.8585310252047663e-06,7.9184126420848297e-06,1.2105815320398572e-05
1836,8.5,44327.324442596066,4.7446832731602129,3.5654589816055497,1,0.065925068004315385,4.3606465069749634e-05,1.375490391039333e-05,2.2954618735296143e-05,4.0257985855595365e-05,6.5612289494515133e-05,0.00010030927854752464
1837,8.5,38904.887343152433,5.4059818493151157,6.3022747721159371,0,0.0070789316962273632,4.6823946806164194e-06,1.4769802780252166e-06,2.4648314072192636e-06,4.3228401687927292e-06,7.0453460242826822e-06,1.0771054969397838e-05
1838,8.5,39603.072860079032,5.3106766631419351,10.014462569295592,0,0.0057572199769796639,3.8081418711406549e-06,1.2012123759837228e-06,2.0046212093121833e-06,3.5157200048034334e-06,5.729905106635138e-06,8.7599846281906575e-06
1839,8.5,40608.215788207395,5.1792256996380521,14.772075903754528,0,0.0055225323183670056,3.6529065487148317e-06,1.1522460830257692e-06,1.9229047107417114e-06,3.3724049847826317e-06,5.4963309130267874e-06,8.4028920921935379e-06
1840,8.5,41878.621844555862,5.0221116541845445,20.622125122417067,0,0.0063208133207527497,4.1809334996176358e-06,1.3188030364534036e-06,2.2008602230848352e-06,3.8598854876579884e-06,6.2908245072249246e-06,9.6175285552498554e-06
1841,8.5,43424.859602006902,4.8432883089162919,27.654815076289783,0,0.0093489691517474535,6.1839222786566741e-06,1.9506111443844096e-06,3.2552415787020527e-06,5.7090675712433021e-06,9.3046133895469402e-06,1.4225064594752695e-05
1842,8.5,39127.226642305068,5.3752625185893086,6.7273053994043117,1,0.035548984700650023,2.3514053250767784e-05,7.4171007095127459e-06,1.2377892278804803e-05,2.1708442123500946e-05,3.5380324147143226e-05,5.4090092226917013e-05
1843,8.5,39996.304048518985,5.2584637463400652,10.628367745720979,1,0.029698874441625681,1.9644468639226235e-05,6.1965072855845569e-06,1.0340927363629318e-05,1.8135997480045154e-05,2.9557969472214223e-05,4.5188768993275573e-05
1844,8.5,41114.448388951365,5.1154551032052824,15.524531211583634,1,0.028198382813601191,1.8651960967324878e-05,5.8834379359939656e-06,9.8184673301478004e-06,1.7219703078445221e-05,2.8064596858998343e-05,4.2905673393527615e-05
1845,8.5,42616.631246825069,4.9351417198749186,21.409507135601981,1,0.031049059797832033,2.0537555477896553e-05,6.4782160558299343e-06,1.0811051870314212e-05,1.8960505434576643e-05,3.0901748934934951e-05,4.7243163824959723e-05
1846,8.5,44723.626890763197,4.702639956737694,28.290951579048755,1,0.043143029548016361,2.8537172094621168e-05,9.0015565216767027e-06,1.5022082257018005e-05,2.634584272553019e-05,4.2938339391467514e-05,6.5644925357267371e-05
1847,8.5,38002.110485961297,5.5344061721105549,28.676641456142548,1,0.039765549566592805,2.6303121113830609e-05,8.2968638454292231e-06,1.3846068828338676e-05,2.4283341382174646e-05,3.9576883711382576e-05,6.0505869903837628e-05
1848,8.5999999999999996,49257.525741575009,6.0312336353068741,4.4543472324903872,1,0.062489341120874523,3.4420015055171112e-05,1.0935151579416205e-05,1.7193587408894115e-05,3.0467373589698766e-05,5.0296626336865735e-05,7.9029301427011327e-05
1849,8.5999999999999996,49601.434068746923,5.989416467935734,7.7375284031090263,1,0.03995346916351606,2.2006937270381193e-05,6.9915482159026008e-06,1.099297019347186e-05,1.9479758457602341e-05,3.215787962129072e-05,5.052853336172485e-05
1850,8.5999999999999996,49997.280970071231,5.9419960501935698,11.507292853739679,1,0.03446245979587724,1.8982411459865354e-05,6.030664028582104e-06,9.4821501426901627e-06,1.6802555741305781e-05,2.7738257947857814e-05,4.3584138899087281e-05
1851,8.5999999999999996,51015.814851579904,5.8233637335576338,15.974219937384371,1,0.035158611572685329,1.9365861728481071e-05,6.1524852074444528e-06,9.6736923514846885e-06,1.7141972286250908e-05,2.8298578878816792e-05,4.4464551264164017e-05
1852,8.5999999999999996,52546.00337754302,5.6537819614944915,21.339665849209901,1,0.042298817906362245,2.32987886099919e-05,7.4019661135726568e-06,1.1638279583699937e-05,2.0623259334147109e-05,3.4045611628584473e-05,5.3494659575014959e-05
1853,8.5999999999999996,54977.587616500387,5.4037228427865367,27.942233274268162,1,0.069687743171601771,3.8384996962724612e-05,1.2194816286106289e-05,1.9174186862233487e-05,3.3977034606993415e-05,5.6090499846711595e-05,8.8133008959458085e-05
1854,8.5999999999999996,50742.482388584496,5.8547322097788435,4.5961737144625703,0,0.012677324930269813,6.9828503090652585e-06,2.2184338520366259e-06,3.4880939755457632e-06,6.1809708318321094e-06,1.0203766971001307e-05,1.6032816400872261e-05
1855,8.5999999999999996,50494.67708573729,5.8834646182636057,7.8212703552063072,0,0.008016163780477566,4.4154166624199765e-06,1.4027666871281213e-06,2.2056019502118139e-06,3.908369847964946e-06,6.4520762595640994e-06,1.0137918120631745e-05
1856,8.5999999999999996,50532.656745219516,5.8790426860484839,11.360287014503236,0,0.0068678836838651659,3.7829277050392238e-06,1.201826547788282e-06,1.8896592013066965e-06,3.3485131098144673e-06,5.5278448000315381e-06,8.6857060753441552e-06
1857,8.5999999999999996,51527.526594856521,5.7655328263754901,15.489678024960638,0,0.0070114439561818126,3.8620027384101994e-06,1.2269484855524873e-06,1.929158995131477e-06,3.4185075179944099e-06,5.6433940640182092e-06,8.8672645272393397e-06
1858,8.5999999999999996,53294.898285975869,5.5743355480379364,20.583328776561487,0,0.0084884603503732857,4.675564309278201e-06,1.4854149354471102e-06,2.3355516698242406e-06,4.1386432959168451e-06,6.8322198755814091e-06,1.0735224274220934e-05
1859,8.5999999999999996,48308.450862954051,6.1497241318579263,27.482136800482156,0,0.012877779115241851,7.0932633161613562e-06,2.2535117846580875e-06,3.5432478064067522e-06,6.2787045001924166e-06,1.0365109194464624e-05,1.6286327702516777e-05
1860,8.5999999999999996,51825.561662033295,5.7323767754208603,4.7241130176525798,0,0.010391444137941032,5.7237547597284433e-06,1.8184223859493126e-06,2.8591468542568164e-06,5.0664642162689502e-06,8.3638997232416251e-06,1.3141898383130188e-05
1861,8.5999999999999996,51113.214404895902,5.8122669353411878,7.9080243570384008,0,0.0065172845802968227,3.5898127480450511e-06,1.1404744152108019e-06,1.7931938485832292e-06,3.1775746157124396e-06,5.2456534408346579e-06,8.2423088216853737e-06
1862,8.5999999999999996,50734.216118721233,5.8556861379189762,11.259161281329201,0,0.0055417016781479931,3.0524478538533116e-06,9.6975494974790655e-07,1.5247677521986855e-06,2.7019183163445813e-06,4.4604230669841736e-06,7.0085042422480128e-06
1863,8.5999999999999996,51595.420227117349,5.7579460490262884,15.10491188591338,0,0.005654955117820464,3.1148294541175234e-06,9.8957342610714985e-07,1.555928793096844e-06,2.7571362910411801e-06,4.5515788678679219e-06,7.1517341125103464e-06
1864,8.5999999999999996,53505.121200348542,5.5524338489424094,19.968441821561175,0,0.0068874652971473724,3.7937135352606425e-06,1.2052531787235681e-06,1.8950469710212712e-06,3.3580603432571113e-06,5.5436057133115011e-06,8.7104706382399817e-06
1865,8.5999999999999996,49008.643952731836,6.0618621958019174,26.763792194617153,0,0.010423898024840483,5.7416308207596706e-06,1.8241015652496715e-06,2.8680763569712828e-06,5.0822874699449777e-06,8.3900213144327247e-06,1.3182942311010524e-05
1866,8.5999999999999996,52549.065606364224,5.6534524946643669,4.7449516752530734,0,0.0091855860786965119,5.0595510441970145e-06,1.6074065482948072e-06,2.5273618558482763e-06,4.4785347017604492e-06,7.3933247238380968e-06,1.1616868380687231e-05
1867,8.5999999999999996,51368.184000627822,5.783417339436224,7.8759762720380699,0,0.005714055310209301,3.147382678000176e-06,9.9991550286059973e-07,1.572189875474947e-06,2.7859512474551188e-06,4.5991476250303373e-06,7.2264772100516888e-06
1868,8.5999999999999996,50706.460449848433,5.8588914195344781,11.095387080586161,0,0.0048346544666480976,2.6629962253352835e-06,8.4602715404912702e-07,1.3302277264105537e-06,2.3571895809806867e-06,3.891332582727914e-06,6.1143125897441387e-06
1869,8.5999999999999996,51513.532468746555,5.7670990865327099,14.761707520735646,0,0.0049414433311001198,2.721817045914161e-06,8.6471437972362704e-07,1.359610076141219e-06,2.4092556800964704e-06,3.977285155053682e-06,6.2493668118954415e-06
1870,8.5999999999999996,53516.433177203457,5.5512602093805263,19.496556603822143,0,0.0060555637629593336,3.335490375637552e-06,1.0596768418263903e-06,1.6661539872404401e-06,2.952457493597943e-06,4.8740220713078909e-06,7.6583776584825473e-06
1871,8.5999999999999996,48947.569723828608,6.0694258718212799,26.239428692883756,0,0.0090999244237545719,5.0123673901551334e-06,1.5924164209461793e-06,2.5037925378587355e-06,4.4367694087262406e-06,7.3243770893658707e-06,1.1508533413031736e-05
1872,8.5999999999999996,52657.789139021865,5.6417797044279743,4.6215613195100325,0,0.0083243541534822434,4.5851722893541872e-06,1.4566976197267559e-06,2.2903987815079837e-06,4.0586314935937474e-06,6.7001335402714077e-06,1.0527681709880946e-05
1873,8.5999999999999996,51146.308520118495,5.8085061198057524,7.6953223609949726,0,0.0051451440737841402,2.8340183030272943e-06,9.0036043484494314e-07,1.415657178923431e-06,2.5085722437940826e-06,4.1412404785624095e-06,6.5069839847720469e-06
1874,8.5999999999999996,50326.805977486234,5.9030896214133302,10.884799649363217,0,0.0043389840425373345,2.3899739281839331e-06,7.5928866195012674e-07,1.1938468235223788e-06,2.1155199503226303e-06,3.4923757420803048e-06,5.4874458849131212e-06
1875,8.5999999999999996,51031.522329341147,5.8215713050317879,14.540783091630297,0,0.0044384908274912819,2.4447836761308898e-06,7.7670158001157674e-07,1.221225550425169e-06,2.1640355905505762e-06,3.572467090317287e-06,5.6132905739609205e-06
1876,8.5999999999999996,53019.975108078834,5.603240013579593,19.285853738273605,0,0.0054671249757882439,3.0113699488547248e-06,9.5670460340132861e-07,1.504248395974251e-06,2.6655576152853849e-06,4.4003975255919486e-06,6.9141882423589964e-06
1877,8.5999999999999996,48545.984075656772,6.1196338214421537,25.957998191512477,0,0.0082300588402403948,4.5332330939138263e-06,1.4401966689240646e-06,2.2644539614572058e-06,4.0126567643876912e-06,6.6242368185205902e-06,1.0408427888354331e-05
1878,8.5999999999999996,52045.432725903127,5.7081597843401566,4.367587138031527,0,0.0077378030497235852,4.2620916253582583e-06,1.3540557113048377e-06,2.1290125756148805e-06,3.7726519763333945e-06,6.228028359386881e-06,9.7858796177189529e-06
1879,8.5999999999999996,50959.633464540384,5.829783808223489,7.3787043663994556,0,0.0048205025194237904,2.6552011321596584e-06,8.435506726962135e-07,1.3263338984833793e-06,2.3502896416411016e-06,3.8799419169165531e-06,6.0964148413776527e-06
1880,8.5999999999999996,50587.595430240741,5.8726579810312121,10.626287651707377,0,0.0041007078702812692,2.2587280342565505e-06,7.1759217396278953e-07,1.1282864876049813e-06,1.999345751212314e-06,3.3005912331388499e-06,5.1861017020120048e-06
1881,8.5999999999999996,51272.777750978334,5.7941788815783974,14.417624302365695,0,0.0041945914899738411,2.3104404630530326e-06,7.3402108157723697e-07,1.1541180325131799e-06,2.045119754647458e-06,3.3761565896321402e-06,5.3048348610861472e-06
1882,8.5999999999999996,52710.624103347356,5.6361246162083516,19.292506110042154,0,0.0051171091675683853,2.8185762792083833e-06,8.9545454300026841e-07,1.4079435336540985e-06,2.4949035133209069e-06,4.1186756510729439e-06,6.4715286732891295e-06
1883,8.5999999999999996,54755.716567172167,5.425618815162994,26.08227350838477,0,0.0086924541081267372,4.7879269632459064e-06,1.5211122659402227e-06,2.3916793940391324e-06,4.2381027223719716e-06,6.9964110420226095e-06,1.0993212018715506e-05
1884,8.5999999999999996,51043.927501046099,5.8201564924347347,4.0567376333860423,0,0.0073645560116387,4.0565018649328891e-06,1.2887403652823633e-06,2.0263157722990979e-06,3.5906712297516074e-06,5.9276080561933457e-06,9.3138398722127233e-06
1885,8.5999999999999996,50600.889149542279,5.8711151333052944,6.9807123634385952,0,0.0046444068835168857,2.5582051592409933e-06,8.1273529784066982e-07,1.2778821840952635e-06,2.2644322549179281e-06,3.7382054825120033e-06,5.8737094192937711e-06
1886,8.5999999999999996,50806.395967374192,5.8473670566075269,10.293224266483781,0,0.0039958501051691377,2.2009708905729617e-06,6.9924287574308168e-07,1.0994354688933363e-06,1.9482211810672624e-06,3.2161929703989355e-06,5.0534897112729763e-06
1887,8.5999999999999996,51584.270073557935,5.7591906529053762,14.261640717952735,0,0.0040954953605032004,2.255856909968501e-06,7.1668002505051156e-07,1.1268522951350114e-06,1.9968043340698098e-06,3.2963957711307348e-06,5.1795095216648728e-06
1888,8.5999999999999996,52403.656114462727,5.6691396759736792,19.322572914314584,0,0.0049393517039460861,2.7206649480229003e-06,8.643483611424303e-07,1.3590345768055782e-06,2.4082358840037412e-06,3.9756016393129899e-06,6.2467215634440403e-06
1889,8.5999999999999996,53160.551561679116,5.5884229436538559,26.195755938123316,0,0.0082012820578675691,4.517382434189376e-06,1.4351609544874851e-06,2.2565361931754623e-06,3.9986263239391927e-06,6.6010748673106449e-06,1.037203433759113e-05
1890,8.5999999999999996,49395.835557890001,6.0143460008164222,3.761783345523336,0,0.0072404506431558288,3.9881428684226661e-06,1.2670228852795831e-06,1.9921688848035843e-06,3.5301622764128151e-06,5.8277177191691835e-06,9.1568857357373286e-06
1891,8.5999999999999996,49262.886434617336,6.0305773280028285,6.5788788533865121,0,0.0045940714436707884,2.530479685324409e-06,8.0392698502026483e-07,1.2640326736149888e-06,2.2398906511326297e-06,3.6976913281933684e-06,5.8100509684811161e-06
1892,8.5999999999999996,49794.557011751727,5.9661871472110573,9.9223266217693933,0,0.0039679462467098513,2.1856010497162915e-06,6.9435991624263433e-07,1.0917578806701362e-06,1.9346163443859367e-06,3.1937336210585616e-06,5.0182001338570458e-06
1893,8.5999999999999996,50709.367694225672,5.8585555204706408,14.050699083630153,0,0.0040563235761704166,2.2342805357855135e-06,7.0982526563663602e-07,1.1160744010844837e-06,1.9777056947493296e-06,3.2648670565660651e-06,5.129969572996166e-06
1894,8.5999999999999996,51442.777184179155,5.775031254260262,19.314445902767027,0,0.0048411637762178278,2.6665816453344398e-06,8.4716623289914498e-07,1.3320187259802598e-06,2.3603632672912588e-06,3.8965718172160229e-06,6.1225448126935351e-06
1895,8.5999999999999996,51681.899758167805,5.748311254708284,26.300067930010641,0,0.0079199275758246659,4.3624083964727015e-06,1.385926095333889e-06,2.1791231049092327e-06,3.8614488155549054e-06,6.374617346752997e-06,1.0016209683812189e-05
1896,8.5999999999999996,54408.395097935965,5.4602537992496583,3.4301720653249004,0,0.0086467308283759373,4.7627419325004205e-06,1.5131110454790258e-06,2.3790988932222643e-06,4.2158098285611805e-06,6.9596091382855621e-06,1.0935386495308756e-05
1897,8.5999999999999996,54428.929325302619,5.4581938268345613,6.1156794410599105,0,0.0055471243572891623,3.0554347424063112e-06,9.7070387667386866e-07,1.5262597715756177e-06,2.7045622038986441e-06,4.4647876908002666e-06,7.0153622205320285e-06
1898,8.5999999999999996,48719.345576259664,6.0978578946542035,9.5682916368683433,0,0.004050638148498235,2.2311489216164181e-06,7.0883035974910472e-07,1.1145100879410707e-06,1.974933701225338e-06,3.2602909508484542e-06,5.1227793007163351e-06
1899,8.5999999999999996,49663.447018429448,5.9819377002634857,13.841944123090283,0,0.0041048254826370418,2.2609960735210854e-06,7.1831272429102153e-07,1.1294194252657894e-06,2.0013533389335255e-06,3.3039054305098506e-06,5.191309182554878e-06
1900,8.5999999999999996,50440.936431981921,5.8897329641211105,19.307498798261449,0,0.0048254469594180534,2.657924599810129e-06,8.4441591146882292e-07,1.3276943330743755e-06,2.3527003583776676e-06,3.8839216140357059e-06,6.1026679980230158e-06
1901,8.5999999999999996,50547.181669394864,5.8773533208570266,26.413096388948457,0,0.0077406015270914778,4.2636330663689434e-06,1.3545454232086691e-06,2.1297825607735272e-06,3.7740164051130957e-06,6.2302808070517205e-06,9.7894188086829926e-06
1902,8.5999999999999996,53343.658530559587,5.5692401726512193,3.2815740817728032,0,0.0091111221816131769,5.0185352739440147e-06,1.5943759419994832e-06,2.506873537355164e-06,4.4422290001689659e-06,7.3333899775276383e-06,1.1522695043883349e-05
1903,8.5999999999999996,53535.154206368927,5.5493189559027769,5.9508740493974726,0,0.005887269619040107,3.2427915751142437e-06,1.0302266677539025e-06,1.6198488090776056e-06,2.8704038111014771e-06,4.7385649274245085e-06,7.4455386624293389e-06
1904,8.5999999999999996,54535.872244685735,5.4474905015117052,9.3980029843375181,0,0.0051906831335167885,2.859101862774934e-06,9.0832941822720265e-07,1.4281869926482646e-06,2.5307753190851856e-06,4.1778941066855595e-06,6.5645765279763781e-06
1905,8.5999999999999996,48969.189944875929,6.0667461801799272,13.738487689064213,0,0.0043204170502543476,2.3797469655940495e-06,7.5603958184547997e-07,1.188738221014948e-06,2.1064674066379626e-06,3.4774314802861135e-06,5.4639644974731915e-06
1906,8.5999999999999996,49774.295182923408,5.9686158277637444,19.389195009564016,0,0.0050104917548652291,2.7598498966836017e-06,8.7679732005629448e-07,1.3786083578986689e-06,2.4429210074130463e-06,4.0328610773945099e-06,6.3366912835079289e-06
1907,8.5999999999999996,49819.089957331438,5.9632491540697474,26.580332303467539,0,0.0078719137623772337,4.3359617072922202e-06,1.3775240491843244e-06,2.1659123767508751e-06,3.8380391465532852e-06,6.335971830723276e-06,9.9554873579317231e-06
1908,8.5999999999999996,52802.393002182529,5.6263292088353225,3.2728681426510313,0,0.010162803958116763,5.5978165070503483e-06,1.7784121221398874e-06,2.7962378069460161e-06,4.9549881524895726e-06,8.1798710635703598e-06,1.2852740690545361e-05
1909,8.5999999999999996,53319.81531139322,5.5717305903927503,6.0062253166552848,0,0.0066482982752092915,3.6619769486980543e-06,1.1634007989292031e-06,1.8292415228719127e-06,3.2414518004717392e-06,5.3511041743490068e-06,8.4079998115499684e-06
1910,8.5999999999999996,54424.550165269568,5.4586330092290236,9.5816767438237402,0,0.0059245838338686145,3.263344773677896e-06,1.0367563668657455e-06,1.6301156034258962e-06,2.8885967717407536e-06,4.7685985153391691e-06,7.4927293717295099e-06
1911,8.5999999999999996,48445.131541961971,6.1323736067731556,13.887929294427522,0,0.0047045805115486922,2.5913496466948249e-06,8.2326521753270839e-07,1.294438616195802e-06,2.2937705768238411e-06,3.7866382300840259e-06,5.9498100742596132e-06
1912,8.5999999999999996,49137.847975189958,6.0459230162985769,19.659890081677286,0,0.0053946820606301472,2.9714673640993667e-06,9.4402765331833364e-07,1.4843161391831843e-06,2.6302372659192546e-06,4.3420894338581583e-06,6.8225708100803228e-06
1913,8.5999999999999996,49227.200374668078,6.0349490481579,26.845255552825176,0,0.0083486801117060548,4.5985713720341509e-06,1.4609544743474083e-06,2.2970919307959109e-06,4.0704918852035525e-06,6.7197130975066585e-06,1.0558446372309564e-05
1914,8.5999999999999996,52151.157538986678,5.6965877664841917,3.3765927496296335,0,0.012193686242819737,6.7164552630510202e-06,2.1338008208336484e-06,3.3550235366862643e-06,5.9451674082615136e-06,9.8144942741156818e-06,1.5421166046961131e-05
1915,8.5999999999999996,53172.040930520714,5.5872154020338831,6.2127620004492883,0,0.0081457682527216434,4.4868046432474539e-06,1.425446467774517e-06,2.2412618848845407e-06,3.971559950531686e-06,6.5563927333038022e-06,1.0301826888423896e-05
1916,8.5999999999999996,54458.659611328549,5.4552140681549508,9.9118882353743949,0,0.0073957295329644844,4.0736726824532832e-06,1.2941954905060753e-06,2.0348929896955996e-06,3.6058702269454157e-06,5.9526991025318631e-06,9.3532645415916389e-06
1917,8.5999999999999996,48538.782311111871,6.120541799759379,14.243404653331263,0,0.0055186624983308208,3.0397575469635026e-06,9.6572327140009236e-07,1.518428652683305e-06,2.6906853078650668e-06,4.4418792161835916e-06,6.9793669485313052e-06
1918,8.5999999999999996,49159.625163268262,6.0432447370766411,20.059235963627504,0,0.006252503179860547,3.4439673986483127e-06,1.0941397172087843e-06,1.7203407496228095e-06,3.048477497676084e-06,5.0325353166903372e-06,7.9074438874101346e-06
1919,8.5999999999999996,49409.112996050659,6.0127297988192518,27.174483172325591,0,0.0095456523561459599,5.2578806547892657e-06,1.6704153631089958e-06,2.6264320477126315e-06,4.6540890218305615e-06,7.6831360530750348e-06,1.2072238622457132e-05
1920,8.5999999999999996,51078.173827151142,5.8162542586176675,3.5069993291625003,1,0.058750217565046392,3.2360452787810977e-05,1.0280833865007024e-05,1.616478879241598e-05,2.8644322294389089e-05,4.7287068275578431e-05,7.4300489804645414e-05
1921,8.5999999999999996,52356.480555486254,5.6742478274439891,6.4460108690162032,1,0.041060931817924966,2.2616943401891846e-05,7.1853456184240778e-06,1.1297682254907003e-05,2.0019714197626047e-05,3.3049257803740962e-05,5.1929124220334543e-05
1922,8.5999999999999996,53676.339516230626,5.5347225373807269,10.247707251915982,1,0.039196095245609741,2.1589764978448973e-05,6.8590136356678392e-06,1.0784583060159794e-05,1.9110492376538838e-05,3.1548282012115466e-05,4.9570694303454154e-05
1923,8.5999999999999996,48091.250606263071,6.1774988651655329,14.684361440179057,0,0.0070613077109353386,3.8894684014903048e-06,1.2356742571283776e-06,1.9428787241366531e-06,3.44281914646433e-06,5.6835285668887056e-06,8.9303264452243028e-06
1924,8.5999999999999996,49192.10316804066,6.0392548175820213,20.527896196595538,0,0.0079761904522197627,4.3933987864789029e-06,1.3957716637242528e-06,2.1946035159013043e-06,3.8888804069849498e-06,6.4199023956897055e-06,1.0087364471781196e-05
1925,8.5999999999999996,50379.870709227187,5.8968719423523606,27.567545323674274,0,0.012232325933274437,6.7377385523820008e-06,2.1405624679325759e-06,3.3656550281273473e-06,5.9640066192910638e-06,9.8455947152103155e-06,1.5470033064747161e-05
1926,8.5999999999999996,49319.79118088106,6.023619300313392,21.088649416613208,1,0.044059904865693215,2.4268820275654457e-05,7.7101427161642351e-06,1.2122832661501645e-05,2.1481896876989749e-05,3.5463081090598174e-05,5.5721878963981342e-05
1927,8.5999999999999996,51434.577864461527,5.7759518669997654,28.033886662638679,1,0.065414505530695582,3.6031237084703087e-05,1.1447032736143934e-05,1.7998429787826543e-05,3.189357004635396e-05,5.2651042284540386e-05,8.2728711529930324e-05
1928,8.6999999999999993,63982.246922441518,6.5587225225158949,4.5026128199940603,1,0.06716987577785917,3.1207509637701731e-05,1.9145241504424522e-05,1.7098244433215179e-05,2.6886186494084325e-05,4.6379471968962147e-05,7.0349610234180123e-05
1929,8.6999999999999993,64200.16934112637,6.5364594554514612,7.7353209141529877,1,0.042813382932363295,1.9891343329307648e-05,1.2202978587786614e-05,1.0898243861747422e-05,1.713697672702252e-05,2.9561794935796331e-05,4.4840112732369451e-05
1930,8.6999999999999993,64520.235813653169,6.5040339459297174,11.357908600205874,1,0.036831566884688596,1.7112157276081381e-05,1.0497998318855941e-05,9.375559001112549e-06,1.4742626283931464e-05,2.5431469153683368e-05,3.857512530201915e-05
1931,8.6999999999999993,65726.754927094778,6.3846420593389128,15.609486356841712,1,0.037533212302056244,1.7438145762306449e-05,1.0697986346381879e-05,9.5541644356569416e-06,1.5023474943030584e-05,2.5915941450082645e-05,3.9309985699820919e-05
1932,8.6999999999999993,67587.141459436665,6.2089000195879587,20.801353424450685,1,0.045109419598090117,2.0958095136489122e-05,1.2857411485857321e-05,1.1482705209689382e-05,1.8056014752284661e-05,3.1147162884517294e-05,4.7244840784144581e-05
1933,8.6999999999999993,62833.822110075198,6.6785974470284906,27.645866987611523,1,0.071125435361945863,3.3045285313380126e-05,2.0272683570462158e-05,1.8105141109078243e-05,2.8469484236333135e-05,4.9110707701158928e-05,7.4492420858378113e-05
1934,8.6999999999999993,65586.80026316797,6.3982661487917047,4.5303377645809908,0,0.013838417208380771,6.4294080255457743e-06,3.944325286079578e-06,3.5226005297407291e-06,5.5391239233184942e-06,9.5551536396090587e-06,1.4493509859794272e-05
1935,8.6999999999999993,65016.717497627535,6.4543677392926408,7.6889269538122411,0,0.0087145116531942828,4.0488121089330453e-06,2.4838728412316247e-06,2.2182987334261668e-06,3.4881705943229328e-06,6.0171981005173153e-06,9.1270452875471728e-06
1936,8.6999999999999993,64921.909767572826,6.4637932777047329,11.133448936864509,0,0.0074508943213997762,3.4617282472513692e-06,2.1237075334024158e-06,1.8966420717327208e-06,2.9823805977455841e-06,5.1446953015948253e-06,7.803609956642479e-06
1937,8.6999999999999993,66115.109507628556,6.3471392100314219,15.156489544560372,0,0.0075978627777740461,3.5300106352359247e-06,2.1655975407640996e-06,1.9340532260926029e-06,3.0412078812721198e-06,5.2461741166707184e-06,7.9575357083714553e-06
1938,8.6999999999999993,60737.700065417033,6.9090828839323644,20.37168088290629,0,0.0086476019938263558,4.0177254973322505e-06,2.4648017684814799e-06,2.2012667276710946e-06,3.4613885650398782e-06,5.9709983028376166e-06,9.056968212028939e-06
1939,8.6999999999999993,63845.004357497644,6.5728212904743861,27.019067976834393,0,0.014348105018445344,6.6662119061635235e-06,4.0896001745998278e-06,3.6523427193784656e-06,5.7431374242586664e-06,9.907083001187595e-06,1.5027325627114398e-05
1940,8.6999999999999993,66603.934831133723,6.3005557403679209,4.5235219998997129,0,0.011314033292481505,5.256564775913722e-06,3.2248072110482847e-06,2.8800128706527844e-06,4.5286850031990903e-06,7.8121164267139702e-06,1.1849624896358259e-05
1941,8.6999999999999993,65347.285516513133,6.4217174533645753,7.6268265028594175,0,0.0070501363460220897,3.275533792755929e-06,2.0094806104763639e-06,1.7946282189123053e-06,2.8219686044194358e-06,4.8679798384482623e-06,7.3838806205439808e-06
1942,8.6999999999999993,64846.252228146521,6.471334726561806,10.955681919296334,0,0.0059874154099835014,2.781787549078289e-06,1.7065762394819274e-06,1.5241101910276609e-06,2.3965917082049049e-06,4.1341920311455488e-06,6.2708518591797814e-06
1943,8.6999999999999993,65968.863837092169,6.3612101152398415,14.830488402679011,0,0.0061076287047813153,2.8376393355009647e-06,1.7408402980988909e-06,1.5547107582428335e-06,2.4447096632490875e-06,4.2171969358264886e-06,6.3967558948216099e-06
1944,8.6999999999999993,61032.581055094532,6.8757014151601581,19.821157244368958,0,0.0069350518700006542,3.2220648849606185e-06,1.976678404705919e-06,1.7653332041650605e-06,2.7759035693266329e-06,4.7885162817885632e-06,7.2633481952810845e-06
1945,8.6999999999999993,64403.067570659456,6.515866708848657,26.511330702648419,0,0.011602708631682949,5.3906849946273824e-06,3.307087534204771e-06,2.9534958338762261e-06,4.6442335123504412e-06,8.0114410442985286e-06,1.2151965750228578e-05
1946,8.6999999999999993,66847.600469481447,6.2775896364892478,4.4557881069217142,0,0.0098748351010053605,4.5879050395224964e-06,2.8145965827055088e-06,2.5136617023540381e-06,3.9526149936914776e-06,6.8183785136039532e-06,1.0342296936501331e-05
1947,8.6999999999999993,65557.280770667872,6.4011471952196919,7.5131484528889709,0,0.006118318669563705,2.8426059544668298e-06,1.7438872288109485e-06,1.5574319130568791e-06,2.4489885514177218e-06,4.2245781452783824e-06,6.4079519086172184e-06
1948,8.6999999999999993,65124.121793006816,6.4437230380656381,10.800855525130489,0,0.0051811546186907882,2.4071941599527699e-06,1.4767699850249924e-06,1.3188746754517279e-06,2.0738684971444307e-06,3.5774848862179472e-06,5.4264237318727421e-06
1949,8.6999999999999993,66234.556808895955,6.3356927886173828,14.638405022702644,0,0.005286640694829127,2.4562035960966979e-06,1.5068363857684089e-06,1.3457263957091678e-06,2.1160915663810632e-06,3.6503209374197354e-06,5.5369033815003108e-06
1950,8.6999999999999993,60818.976922472561,6.8998497700202721,19.474632689532584,0,0.0059220914410732317,2.7514376583611749e-06,1.6879571316403304e-06,1.5074818263799522e-06,2.3704443856095251e-06,4.0890871213941174e-06,6.2024355386407161e-06
1951,8.6999999999999993,64162.282272317258,6.5403191574506137,26.204965879251095,0,0.0099760300109323942,4.6349207752263763e-06,2.8434398843661939e-06,2.5394210965064381e-06,3.9931204314199641e-06,6.8882515993289317e-06,1.044828228169675e-05
1952,8.6999999999999993,66420.841141426776,6.317923662512297,4.3053409234430076,0,0.0089282562731168077,4.1481190855947144e-06,2.5447958714039845e-06,2.2727079118770322e-06,3.5737264725614101e-06,6.1647845370472585e-06,9.3509082994564341e-06
1953,8.6999999999999993,65413.462107486783,6.4152208186418722,7.3061893219848342,0,0.0054933024528566457,2.5522198344878076e-06,1.5657406076587518e-06,1.3983326155783019e-06,2.1988123769107544e-06,3.7930167977663037e-06,5.7533482380551693e-06
1954,8.6999999999999993,65182.392728735744,6.4379625595792351,10.600214223640464,0,0.0046181190012600792,2.1456045819781446e-06,1.3162895204346906e-06,1.1755526802871966e-06,1.8485013896762377e-06,3.1887199177890131e-06,4.836734741450826e-06
1955,8.6999999999999993,66158.974287811085,6.3429309243191208,14.489173555738224,0,0.0046914252910914391,2.179663104789503e-06,1.3371838068445122e-06,1.1942129628545476e-06,1.877843807788093e-06,3.2393364624083029e-06,4.9135112555894734e-06
1956,8.6999999999999993,60574.969352808446,6.9276436854182997,19.391277671727693,0,0.0052072977352957657,2.4193404019096196e-06,1.4842214843062464e-06,1.3255294651588914e-06,2.0843328414719766e-06,3.5955361916539109e-06,5.4538044295764161e-06
1957,8.6999999999999993,63311.263641403508,6.6282329524845931,26.1542306565613,0,0.0087753523622779214,4.0770790514143963e-06,2.5012140980854991e-06,2.2337858741027776e-06,3.512523395811874e-06,6.0592074079462644e-06,9.1907661165771399e-06
1958,8.6999999999999993,64925.971315976349,6.4633889247357184,4.0689160493872416,0,0.0083655057437776407,3.8866619611829599e-06,2.3843966646736891e-06,2.1294584865336855e-06,3.3484734777293903e-06,5.7762164163122834e-06,8.7615178928250956e-06
1959,8.6999999999999993,64188.887377721563,6.5376083162494281,6.9839094578333265,0,0.0050756163477226612,2.3581604737914826e-06,1.4466887073354749e-06,1.2920096688818223e-06,2.0316245358053271e-06,3.5046127955175441e-06,5.3158894165801074e-06
1960,8.6999999999999993,64267.630897952367,6.5295981517930928,10.288385011439292,0,0.0042051101812139316,1.953718314767055e-06,1.198570773575741e-06,1.0704203471327184e-06,1.6831857324583235e-06,2.9035454884717203e-06,4.4041746216492891e-06
1961,8.6999999999999993,65253.34461930002,6.4309623725750411,14.268156436429225,0,0.0042406688892490047,1.970239094519257e-06,1.208705972502835e-06,1.0794718970227871e-06,1.6974188696295375e-06,2.9280980737410353e-06,4.441416632621162e-06
1962,8.6999999999999993,66727.265360888137,6.2889105624484571,19.352618723849119,0,0.005139076998944515,2.3876446564207683e-06,1.4647767189567637e-06,1.3081637217800403e-06,2.0570260254467479e-06,3.5484311212236966e-06,5.3823542123976437e-06
1963,8.6999999999999993,61710.727674392459,6.8001435041500153,26.202480170834335,0,0.0078930825232726015,3.667171422660261e-06,2.2497431977121156e-06,2.0092020828024099e-06,3.1593759297059181e-06,5.4500175174880183e-06,8.2667307722114137e-06
1964,8.6999999999999993,63329.086955899984,6.6263675050867761,3.8068289569020646,0,0.0082418774324935131,3.8292235385089086e-06,2.3491592334754173e-06,2.0979886191158512e-06,3.2989885889359919e-06,5.6908535102271964e-06,8.6320371782632397e-06
1965,8.6999999999999993,62912.955355918617,6.6701969659085831,6.6217375735588098,0,0.0049111690006407903,2.2817572929083704e-06,1.3998167407256731e-06,1.2501492231948521e-06,1.9658009505909865e-06,3.391065151785443e-06,5.1436573462169832e-06
1966,8.6999999999999993,63342.77101790555,6.6249359980283673,9.9323287161400096,0,0.0039898579584402407,1.8537108971716673e-06,1.1372180355865351e-06,1.0156274049520718e-06,1.5970264037750437e-06,2.7549180819628053e-06,4.1787326389329606e-06
1967,8.6999999999999993,64456.075021010285,6.5105081839780476,14.01918521589797,0,0.0039837386759139547,1.8508678434038378e-06,1.1354738736323431e-06,1.0140697276870972e-06,1.5945770294192563e-06,2.7506928382935056e-06,4.1723236775398989e-06
1968,8.6999999999999993,65703.311598773958,6.3869201372069213,19.257473113290057,0,0.0047964632062510769,2.2284643227716418e-06,1.3671224695197734e-06,1.2209506027170111e-06,1.919887490960464e-06,3.3118630673098179e-06,5.0235215288811671e-06
1969,8.6999999999999993,66593.018940179332,6.301588523991617,26.247143436069035,0,0.0080201407980941709,3.726203426071393e-06,2.2859582618078021e-06,2.0415450552287179e-06,3.2102337351270108e-06,5.5377487456207062e-06,8.3998038203183619e-06
1970,8.6999999999999993,61780.839328052039,6.7924263978208703,3.5821633719425807,0,0.0085618787184010333,3.9778979717781099e-06,2.4403683034562389e-06,2.1794456732197608e-06,3.4270759815598792e-06,5.9118080750214313e-06,8.9671869083666719e-06
1971,8.6999999999999993,61751.424664808474,6.7956619010693071,6.3150422974312033,0,0.0049887532705928262,2.3178033898264221e-06,1.4219303678237572e-06,1.2698984753179255e-06,1.9968557221947981e-06,3.4446355571465161e-06,5.2249143544847908e-06
1972,8.6999999999999993,62489.056385804273,6.7154447226814113,9.6502760044996236,0,0.0039473193522503941,1.833947216693318e-06,1.1250933758438314e-06,1.0047991061341957e-06,1.5799994123451205e-06,2.7255460149382146e-06,4.1341803105163073e-06
1973,8.6999999999999993,63680.13002039081,6.5898389936863868,13.870583497037147,0,0.0038844928649231949,1.8047576702476657e-06,1.1071861181807113e-06,9.888064810956536e-07,1.5548517604329207e-06,2.6821655668704417e-06,4.0683796990864431e-06
1974,8.6999999999999993,64815.43326481706,6.4744117688275846,19.284320549170545,0,0.004646334820469113,2.1587138134558632e-06,1.3243317963321281e-06,1.1827350811496752e-06,1.8597953777706374e-06,3.2082023834171247e-06,4.8662862608009315e-06
1975,8.6999999999999993,65355.643451875032,6.4208962190142911,26.369116570672777,0,0.0077816861623042112,3.615416034277187e-06,2.2179922050423201e-06,1.9808458861182403e-06,3.1147871419335024e-06,5.3731005313964518e-06,8.1500610525658179e-06
1976,8.6999999999999993,60695.935481310022,6.9138369909565016,3.4219537313124699,0,0.010351573984047284,4.8094006596186424e-06,2.9504801308688628e-06,2.6350166677856656e-06,4.1434399784039195e-06,7.1475572921338003e-06,1.0841604017496898e-05
1977,8.6999999999999993,60811.394139242519,6.900710136171492,6.1280262947102164,0,0.0056868951439076965,2.6421641093848549e-06,1.6209197900041437e-06,1.4476120747665509e-06,2.27630201248346e-06,3.9266887256062796e-06,5.956105355020342e-06
1978,8.6999999999999993,61751.219909739251,6.7956844341662244,9.5364819979245272,0,0.0042530894578418086,1.976009761943856e-06,1.2122461723703755e-06,1.0826335809672626e-06,1.7023904691699786e-06,2.9366742309278319e-06,4.4544251747581226e-06
1979,8.6999999999999993,63032.714454734007,6.6575239153431971,13.910684976367952,0,0.0040552403176211749,1.8840879163435154e-06,1.1558537862433887e-06,1.0322706329757922e-06,1.623197098331267e-06,2.8000633090423575e-06,4.2472101138620715e-06
1980,8.6999999999999993,64108.109609377119,6.5458458608177281,19.477726822564925,0,0.0047500470420471187,2.2068991065945167e-06,1.3538926002799864e-06,1.2091352627000634e-06,1.9013084235931993e-06,3.279813623095812e-06,4.9749080839030466e-06
1981,8.6999999999999993,64621.623992595698,6.4938294336191973,26.602742369251178,0,0.0079268063031997394,3.6828396842865958e-06,2.2593553922214871e-06,2.0177865475751769e-06,3.1728745974629507e-06,5.4733031211564076e-06,8.3020509919680124e-06
1982,8.6999999999999993,62983.01658236434,6.6627771533079114,4.6959407005290865,0,0.0078010694283182054,3.6244216108684309e-06,2.2235169630485682e-06,1.9857799405047238e-06,3.1225457107693327e-06,5.3864842935718664e-06,8.1703618971536457e-06
1983,8.6999999999999993,63597.847482204597,6.5983648903968177,7.7708083777898267,0,0.0048400692525282897,2.2487239420384494e-06,1.3795513787199529e-06,1.2320506208334601e-06,1.9373417482283519e-06,3.3419721806224543e-06,5.0691918286089914e-06
1984,8.6999999999999993,64563.23496214387,6.4997022558960076,11.707716704306888,0,0.0040489872837414058,1.8811827209295307e-06,1.1540715015156418e-06,1.0306789090000167e-06,1.6206941871214666e-06,2.7957457127063624e-06,4.2406610695006126e-06
1985,8.6999999999999993,65701.193618102217,6.3871260295607373,16.784652786812519,0,0.0044935635132140441,2.0877353876613291e-06,1.2807878186416253e-06,1.1438467979188461e-06,1.7986453784556356e-06,3.1027168144705507e-06,4.7062829587864468e-06
1986,8.6999999999999993,63989.628763283377,6.5579659085657456,19.836220248769067,0,0.0053407354572820491,2.4813363330721501e-06,1.522254864354118e-06,1.3594963403497629e-06,2.1377441577372298e-06,3.6876723019979612e-06,5.5935589195700725e-06
1987,8.6999999999999993,64623.825544539315,6.4936082071181263,26.936059675887265,0,0.0087712892187851426,4.075191291637534e-06,2.5000559916793828e-06,2.2327515916986161e-06,3.510897035297819e-06,6.0564018876509396e-06,9.1865106291620988e-06
1988,8.6999999999999993,65376.708690268359,6.4188273215084051,3.4943425868823916,1,0.10423726231244623,4.8429230076015307e-05,2.9710454837399683e-05,2.6533831861795036e-05,4.1723204661471222e-05,7.197376993117819e-05,0.00010917171858125928
1989,8.6999999999999993,62588.962303910368,6.7047253778350706,7.7367064130611718,0,0.0056451867674216947,2.6227861583899118e-06,1.6090317683078884e-06,1.4369951128053784e-06,2.2596073383370214e-06,3.8978899157871159e-06,5.9124225583006571e-06
1990,8.6999999999999993,63778.368612403836,6.5796885850381734,11.78571362399081,0,0.0044679585334624315,2.075839167173826e-06,1.2734897029999985e-06,1.1373289921699049e-06,1.7883964349700794e-06,3.0850370818984206e-06,4.6794658726340589e-06
1991,8.6999999999999993,64866.969215575933,6.4692679341433692,16.979525909911125,0,0.0047708087236923574,2.216545102995961e-06,1.3598102442317281e-06,1.2144201959160916e-06,1.9096187329123761e-06,3.2941491540275406e-06,4.9966525965232423e-06
1992,8.6999999999999993,65526.808951226179,6.4041239097076135,23.509849518266567,0,0.0070586746138782365,3.2795007209856488e-06,2.011914249041902e-06,1.796801654386914e-06,2.825386229645899e-06,4.87387534368944e-06,7.3928230788826183e-06
1993,8.6999999999999993,62668.571563546066,6.6962082182752924,7.9335112127388143,0,0.0082583603716930905,3.8368816066230978e-06,2.3538573194555414e-06,2.1021843887246003e-06,3.305586239626252e-06,5.7022346540468027e-06,8.6493003983418196e-06
1994,8.6999999999999993,63922.653517057493,6.5648370466881643,12.08322706082463,0,0.0057696296575613726,2.6806030390734631e-06,1.6445013766351682e-06,1.4686723331209372e-06,2.3094182798254838e-06,3.9838152724761378e-06,6.042756412820408e-06
1995,8.6999999999999993,64925.146485713289,6.4634710377393176,17.342941819580084,0,0.0057393317837238942,2.6665264730706917e-06,1.6358656585402374e-06,1.4609599405240957e-06,2.2972909046154614e-06,3.9628951892678301e-06,6.0110242770868247e-06
1996,8.6999999999999993,65746.139880804069,6.3827595763369445,23.849651411901199,0,0.0081035202472914559,3.7649419965135349e-06,2.3097236726099179e-06,2.0627694833904855e-06,3.2436081517822694e-06,5.5953206077397024e-06,8.4871303440708911e-06
1997,8.6999999999999993,63393.199392232287,6.6196659571469771,12.485741215264666,0,0.0083245027312108723,3.8676117263115417e-06,2.3727096908791287e-06,2.1190210765601528e-06,3.3320611406523461e-06,5.7479046463415802e-06,8.7185738510341151e-06
1998,8.6999999999999993,64747.278655352689,6.4812268970426983,17.791750538358411,0,0.0080168242917829438,3.7246625582125121e-06,2.2850129673057046e-06,2.0407008310148573e-06,3.2089062321926992e-06,5.5354587635459273e-06,8.3963303149168378e-06
1999,8.6999999999999993,66501.875456241585,6.3102251034636749,24.254582624033123,0,0.011110225941297618,5.1618747113177991e-06,3.1667165727434456e-06,2.8281332465285293e-06,4.4471067303596822e-06,7.6713914778907469e-06,1.1636169570550239e-05
2000,8.6999999999999993,62760.112556529435,6.6864412257611825,12.961186053541667,1,0.045769934135154629,2.126497397975888e-05,1.3045676093806045e-05,1.1650840685237538e-05,1.8320399892496931e-05,3.160323512080053e-05,4.7936623219326856e-05
2001,8.6999999999999993,64578.626302748453,6.4981531499924552,18.326348627067841,1,0.045237228410161284,2.1017475843812225e-05,1.2893840473482494e-05,1.151523923307717e-05,1.8107172976371556e-05,3.1235412343790448e-05,4.7378699898957231e-05
2002,8.6999999999999993,67327.89398129606,6.232807520282285,24.737243491493441,1,0.062248328394763901,2.8920930488764582e-05,1.7742466642424761e-05,1.5845453369195506e-05,2.4916231372848435e-05,4.2981240749165463e-05,6.5195083206397137e-05
2003,8.8000000000000007,78760.620091541961,7.5260936576852018,4.3787656595887183,1,0.070984345281623562,2.6906351519683051e-05,1.8903923953449925e-05,1.3710759141171199e-05,2.3608498184534883e-05,4.1690313583991878e-05,6.0686043813870414e-05
2004,8.8000000000000007,78434.240452743601,7.557411150088762,7.5366505685311678,1,0.044700856022796172,1.6943692874933931e-05,1.1904337210641458e-05,8.6340540002331103e-06,1.4866941070942583e-05,2.6253573202226766e-05,3.8215723429644571e-05
2005,8.8000000000000007,78632.271923078442,7.5383781855644632,11.09165324601959,1,0.038121843059663964,1.4449942531301289e-05,1.0152272579342968e-05,7.3633053335196827e-06,1.2678844315525334e-05,2.2389606965474912e-05,3.2591183718125653e-05
2006,8.8000000000000007,80100.19853706962,7.4002288904687781,15.293217239481168,1,0.038840685212746466,1.472241697029581e-05,1.0343708273262425e-05,7.5021510407292498e-06,1.2917922151612789e-05,2.2811795191068925e-05,3.3205737338704231e-05
2007,8.8000000000000007,82417.145059451781,7.1921904467658893,20.483955573962291,1,0.046988938897929773,1.7810982161047123e-05,1.251367923526832e-05,9.076001489803275e-06,1.5627928584306901e-05,2.7597403200123168e-05,4.0171854701395147e-05
2008,8.8000000000000007,78228.245728002817,7.5773117220001964,27.267482835437658,1,0.07516026987925277,2.8489220174704512e-05,2.0016019313570965e-05,1.4517346792612263e-05,2.499735805061871e-05,4.4142905141856634e-05,6.4256131585895706e-05
2009,8.8000000000000007,79885.335126285194,7.4201328993519864,4.3327701015229838,0,0.014704687677540507,5.5737570596637241e-06,3.916022561208583e-06,2.8402379453248187e-06,4.890593707134455e-06,8.6363132321519013e-06,1.2571353826369944e-05
2010,8.8000000000000007,79205.814267667578,7.4837915477156685,7.4260767960040388,0,0.0091874266804234453,3.4824598415896527e-06,2.4467143368804667e-06,1.7745686579582522e-06,3.0556222677660693e-06,5.3959319877807615e-06,7.8545287112655453e-06
2011,8.8000000000000007,79339.571110731194,7.4711747876606927,10.885548235804716,0,0.0077886369035232812,2.952253789958179e-06,2.0742009965872604e-06,1.5043897946592809e-06,2.590402425595565e-06,4.5743989553116051e-06,6.6586732398855351e-06
2012,8.8000000000000007,80836.133847777965,7.3328569184484991,14.983827132747058,0,0.0079418314537789154,3.0103216132750606e-06,2.1149984163088336e-06,1.5339796087508509e-06,2.6413530013491613e-06,4.6643727208535321e-06,6.7896425564577391e-06
2013,8.8000000000000007,83122.697910161733,7.1311424947606614,20.110365705698701,0,0.009662389190776664,3.6624926109493378e-06,2.5732021581153457e-06,1.8663085557442062e-06,3.213588809810079e-06,5.6748855502698681e-06,8.2605843788762903e-06
2014,8.8000000000000007,79059.716905986308,7.4976211216539843,26.835569869138133,0,0.015377163567916314,5.8286565395867632e-06,4.0951104015169983e-06,2.9701279221162824e-06,5.1142507088873575e-06,9.0312697628659968e-06,1.3146267931518176e-05
2015,8.8000000000000007,80366.986833538627,7.3756629021574573,4.282621552137658,0,0.012043620781128578,4.5650895703999035e-06,3.2073507259576498e-06,2.3262478939903135e-06,4.0055564113248005e-06,7.0734233732788397e-06,1.0296350491104965e-05
2016,8.8000000000000007,79614.439103881406,7.4453806372091753,7.3208987178757683,0,0.0074842677109413277,2.8368837818968065e-06,1.9931440811854961e-06,1.4456003154730263e-06,2.4891730699962309e-06,4.3956377505177216e-06,6.3984614694826518e-06
2017,8.8000000000000007,79701.838979396038,7.4372161412680029,10.709951612808055,0,0.0062975861944911905,2.3870765758594524e-06,1.6771175396299246e-06,1.2163905596490238e-06,2.0944977607349522e-06,3.698679507839658e-06,5.383941912886186e-06
2018,8.8000000000000007,81096.315795562114,7.309330855924598,14.735588725849366,0,0.0064148715227375181,2.4315331424077118e-06,1.7083519324700312e-06,1.239044440303959e-06,2.1335053820349802e-06,3.7675631764005436e-06,5.4842116630746605e-06
2019,8.8000000000000007,83203.600368578045,7.124208576557753,19.816562826548186,0,0.0078423904510915923,2.9726288718239745e-06,2.0885161666635359e-06,1.5147723929740027e-06,2.6082801777273062e-06,4.6059693282647395e-06,6.704628304061157e-06
2020,8.8000000000000007,79168.347136406184,7.4873333192745459,26.557650172460288,0,0.012416472501531363,4.706417625396742e-06,3.3066453033809327e-06,2.3982649015929366e-06,4.1295621921671385e-06,7.2924055317005654e-06,1.0615109447754778e-05
2021,8.8000000000000007,79728.13905955464,7.4347628119544211,4.1953843127781738,0,0.010452959683482865,3.9621554097460296e-06,2.7837399099910171e-06,2.0190087259945313e-06,3.4765225872190677e-06,6.1392010499819572e-06,8.9364601000367684e-06
2022,8.8000000000000007,78786.534683849051,7.523618162988214,7.1656900574276818,0,0.0064522083938886076,2.4456855442626656e-06,1.7182951582629819e-06,1.2462561268442313e-06,2.1459231545915852e-06,3.7894917560100111e-06,5.5161317574216372e-06
2023,8.8000000000000007,78804.157260718435,7.5219356941436519,10.492650115197858,0,0.0053894201356862173,2.0428396160127918e-06,1.4352627751090779e-06,1.0409765857219418e-06,1.7924531808280651e-06,3.1652981315981138e-06,4.607531212523267e-06
2024,8.8000000000000007,80215.123677217649,7.3896264965139062,14.475971183238812,0,0.0055054535599173508,2.0868216530099494e-06,1.4661637719277609e-06,1.063388658773354e-06,1.8310444346381533e-06,3.2334465356332306e-06,4.7067306830378859e-06
2025,8.8000000000000007,82390.612424742969,7.1945065815325115,19.550212042410362,0,0.0068090415007026894,2.5809418034802286e-06,1.8133237999800304e-06,1.3151791092527238e-06,2.2646013465362967e-06,3.9990659101591852e-06,5.8211960567181318e-06
2026,8.8000000000000007,78381.965013754496,7.5624514292578642,26.378582749141653,0,0.01059647804655451,4.0165555103740603e-06,2.8219604529947766e-06,2.0467295664221444e-06,3.5242549851242927e-06,6.2234918261774657e-06,9.059157036028872e-06
2027,8.8000000000000007,78706.000596280661,7.5313165305761851,4.0556695899457607,0,0.009520274686470008,3.6086246377539817e-06,2.5353554783800217e-06,1.8388588732644283e-06,3.1663233176285466e-06,5.5914192842097673e-06,8.1390876319425294e-06
2028,8.8000000000000007,77725.528313863135,7.6263206723109906,6.9533050468929654,0,0.0058449222588093123,2.215495998121943e-06,1.5565680778767733e-06,1.1289576732935088e-06,1.94394744345934e-06,3.4328222776029098e-06,4.9969497764543659e-06
2029,8.8000000000000007,77718.767779267102,7.6269840642588917,10.249119690239798,0,0.0048458453536326914,1.8367996207836808e-06,1.290502739608502e-06,9.3598409924647795e-07,1.6116670623627051e-06,2.8460474146935203e-06,4.1428174378319456e-06
2030,8.8000000000000007,79030.779235263428,7.5003664278919198,14.249431265368781,0,0.0049673421537135875,1.8828525300346383e-06,1.322858694434944e-06,9.5945143356819689e-07,1.6520753660916005e-06,2.9174045523092617e-06,4.2466876658900054e-06
2031,8.8000000000000007,81188.106160604482,7.3010670081861928,19.377453784990578,0,0.0062319202443693253,2.3621861422033675e-06,1.6596299637072356e-06,1.2037070584865482e-06,2.07265809371982e-06,3.6601127782106104e-06,5.3278026795050113e-06
2032,8.8000000000000007,76977.225722322139,7.700456827121231,26.276926922464991,0,0.0094101553800765552,3.5668843250812248e-06,2.5060294771946955e-06,1.8175891231418708e-06,3.129699024838949e-06,5.526744342192894e-06,8.0449442679932931e-06
2033,8.8000000000000007,77310.97508613838,7.6672141657231219,3.8661119430277324,0,0.009071248469749011,3.438422923830782e-06,2.4157747818148522e-06,1.7521286191343429e-06,3.0169828598105807e-06,5.3276985482043578e-06,7.7552054597058667e-06
2034,8.8000000000000007,76677.425607912723,7.7305647476659392,6.6944012566977449,0,0.005574295690827848,2.1129160061563097e-06,1.4844972002683669e-06,1.0766856451995026e-06,1.8539404593344709e-06,3.2738786902732741e-06,4.7655853017020409e-06
2035,8.8000000000000007,77854.639671489873,7.6136734541123881,12.553853947208754,0,0.0045430965826237383,1.7220438274802279e-06,1.2098773605696778e-06,8.7750760751973182e-07,1.5109766385463237e-06,2.6682379110564007e-06,3.8839910006907265e-06
2036,8.8000000000000007,79307.39251467507,7.474206181178169,17.109909663081687,0,0.0052499681868923608,1.9899808745611931e-06,1.398125163644175e-06,1.0140411808225395e-06,1.7460732210373828e-06,3.0833956296866152e-06,4.4883107415749429e-06
2037,8.8000000000000007,81292.265074551033,7.2917122287428331,23.165861061748572,0,0.0080464948401734113,3.0499938798064778e-06,2.1428714450627426e-06,1.5541955377146384e-06,2.676162723941917e-06,4.7258433082377991e-06,6.8791215370307799e-06
2038,8.8000000000000007,76170.107799835459,7.7820528350044951,5.4120566876195504,0,0.0069389790107582047,2.6301941323884609e-06,1.8479276101447204e-06,1.3402767825031648e-06,2.3078169239721112e-06,4.075380420338092e-06,5.9322824293121126e-06
2039,8.8000000000000007,76197.416999899287,7.7792637425897393,8.5420149605376903,0,0.0046469536197796691,1.7614104503380383e-06,1.2375356495154603e-06,8.9756778861897582e-07,1.5455181795497556e-06,2.7292349158150814e-06,3.9727806159533356e-06
2040,8.8000000000000007,76762.084918317283,7.7220388682389851,12.262327232792316,0,0.0041585718888531914,1.5762911754336192e-06,1.1074741399662775e-06,8.032359432646918e-07,1.3830885739487776e-06,2.4424000167927951e-06,3.555252567996954e-06
2041,8.8000000000000007,78103.307141789934,7.5894328299082447,16.950337689461151,0,0.0048252240900217734,1.828983207667604e-06,1.2850110667955987e-06,9.3200106358651407e-07,1.6048086901034459e-06,2.8339361957617047e-06,4.125187875961302e-06
2042,8.8000000000000007,79305.103922482085,7.4744218723388745,23.127035743310575,0,0.0074094864684103052,2.8085382306258102e-06,1.9732290010880127e-06,1.4311561785220895e-06,2.4643017716624001e-06,4.351717454585571e-06,6.3345293765304873e-06
2043,8.8000000000000007,82535.864696131306,7.1818451957660532,5.0284211937509209,0,0.0078743302595080805,2.9847355371642808e-06,2.0970220943719282e-06,1.5209416267462692e-06,2.6189029552710508e-06,4.6247281211142484e-06,6.7319343333733889e-06
2044,8.8000000000000007,83089.491995130418,7.1339923871606672,8.1113216276224769,0,0.0053078805006935093,2.0119323212677852e-06,1.4135478596163903e-06,1.0252270526184302e-06,1.7653341263794311e-06,3.1174085167980706e-06,4.5378212244674139e-06
2045,8.8000000000000007,84076.093707793931,7.0502776378555536,11.923806056809521,0,0.0048535005949224171,1.8397013114633958e-06,1.2925414158632753e-06,9.3746272342867703e-07,1.6142130990891641e-06,2.8505434681354954e-06,4.1493620682919567e-06
2046,8.8000000000000007,76660.891474347096,7.7322320670463611,16.818344605511559,0,0.0047423855281351372,1.7975835595245668e-06,1.2629502325636948e-06,9.160006403224468e-07,1.5772576289483262e-06,2.7852836990992491e-06,4.0543674073609967e-06
2047,8.8000000000000007,77538.447214576474,7.6447210982434335,23.121907017593198,0,0.0073327317646580377,2.7794446462340093e-06,1.952788366226257e-06,1.4163308638428581e-06,2.4387741250101596e-06,4.3066381113052599e-06,6.2689101291267001e-06
2048,8.8000000000000007,81195.020001412486,7.3004453147002835,4.8720657914442134,0,0.0085748075505485653,3.2502488436477855e-06,2.2835670204174177e-06,1.6562401264818506e-06,2.8518728698096351e-06,5.0361303508042232e-06,7.3307874383228387e-06
2049,8.8000000000000007,81964.755351545915,7.2318864468510577,7.9792750596554107,0,0.0057544700883490627,2.1812104400250677e-06,1.5324796546473812e-06,1.1114866672842768e-06,1.9138641920941847e-06,3.3796981791009162e-06,4.9196202700986678e-06
2050,8.8000000000000007,83131.488632067398,7.1303884135866973,11.896519399136746,0,0.005281775578117218,2.0020373476585318e-06,1.4065958271755042e-06,1.0201848379664186e-06,1.7566519582928666e-06,3.1020766516667717e-06,4.5155035645814585e-06
2051,8.8000000000000007,75543.35042387787,7.8466178693465398,16.786903993096885,0,0.0050176358111544877,1.9019161534426816e-06,1.3362524571277129e-06,9.6916574762948706e-07,1.6688024023934272e-06,2.9469428729302143e-06,4.2896847955657001e-06
2052,8.8000000000000007,76370.435046156665,7.7616397364772922,23.205234771223793,0,0.0077846453994467645,2.9507408252143482e-06,2.0731380144716548e-06,1.5036188281766432e-06,2.5890749016694074e-06,4.5720546770631891e-06,6.6552608171843085e-06
2053,8.8000000000000007,80737.259114544053,7.3418370879465176,4.8469287259498941,0,0.010026316241429975,3.8004378031399664e-06,2.6701199963071212e-06,1.9366017466818437e-06,3.3346263580267289e-06,5.8886260983194342e-06,8.5717134433675989e-06
2054,8.8000000000000007,81672.859312316607,7.2577329646265607,8.0269280073951954,0,0.0066772544324625455,2.5309884064354335e-06,1.7782274318135589e-06,1.2897241903773998e-06,2.2207706293697316e-06,3.9216651229933862e-06,5.7085284570439634e-06
2055,8.8000000000000007,82960.612733220856,7.1450750400369465,12.069956819798996,0,0.0061034157155221242,2.3134769794814124e-06,1.6254077724428993e-06,1.1788861682383742e-06,2.0299191077651374e-06,3.5846398822735137e-06,5.2179413933726608e-06
2056,8.8000000000000007,84432.45395181184,7.0205208495374727,17.204279071395909,0,0.0072584321544149248,2.7512816558866972e-06,1.9330015501862649e-06,1.401979755069725e-06,2.4140630115022876e-06,4.2630006862094245e-06,6.2053897939784607e-06
2057,8.8000000000000007,75668.798205849424,7.8336093264460684,23.410398831817865,0,0.0087837547547594472,3.3294495026557429e-06,2.3392119945735858e-06,1.6965986700281859e-06,2.9213660752721258e-06,5.1588485984895359e-06,7.509420898126123e-06
2058,8.8000000000000007,79812.032390893961,7.4269478622365925,4.9409502892075814,0,0.012597321725021442,4.774967849533916e-06,3.3548074714524043e-06,2.4331962675765605e-06,4.1897103635350778e-06,7.398621357299998e-06,1.0769721339389207e-05
2059,8.8000000000000007,81218.59333989273,7.2983263926482875,8.2274406918080043,0,0.0083675076286854871,3.1716725808743262e-06,2.2283607359485203e-06,1.6161997586039479e-06,2.7829275296851038e-06,4.9143795800656772e-06,7.153562275635434e-06
2060,8.8000000000000007,82776.240926455153,7.1609896355762457,12.409408495131066,0,0.0076250020202222402,2.8902285973116545e-06,2.0306231995704395e-06,1.4727834107004923e-06,2.5359795267153621e-06,4.4782934045590453e-06,6.5187782579978128e-06
2061,8.8000000000000007,84424.18376467927,7.0212085792685128,17.653022618488865,0,0.0090489689337888042,3.4299779487611038e-06,2.4098414925545376e-06,1.7478252850665913e-06,3.0095729670774436e-06,5.3146133977109394e-06,7.7361582051306553e-06
2062,8.8000000000000007,75589.079811822798,7.8418708737025096,23.766188071462096,0,0.010424449040473202,3.9513485567726492e-06,2.7761472073298831e-06,2.0135018419384122e-06,3.4670403068505845e-06,6.1224562643135335e-06,8.9120857379998758e-06
2063,8.8000000000000007,78374.273678680082,7.5631935777358814,5.0787086670049417,1,0.063418111317979239,2.4038398735188164e-05,1.6888951343710713e-05,1.2249326890585487e-05,2.1092064172418888e-05,3.7246535658835154e-05,5.4217507631673885e-05
2064,8.8000000000000007,80587.700190974851,7.3554624581865369,8.4713791772154856,1,0.042231059566923412,1.6007525733289769e-05,1.1246602829953924e-05,8.1570081924589844e-06,1.4045517911888137e-05,2.480301972701393e-05,3.6104241308653064e-05
2065,8.8000000000000007,82581.011773222577,7.1779188776966967,12.774617719337236,1,0.038397190348366222,1.4554311894861969e-05,1.0225600637603776e-05,7.4164891776559271e-06,1.2770421351837406e-05,2.2551323112393728e-05,3.2826584038575484e-05
2066,8.8000000000000007,84472.163982774582,7.0172205303889479,18.108455485189062,1,0.045417766470502378,1.7215435108205047e-05,1.2095258469844511e-05,8.7725265949339826e-06,1.5105376446179151e-05,2.6674626904390717e-05,3.882862559374164e-05
2067,8.8000000000000007,76360.49212072666,7.7626503822048285,24.206019740335066,0,0.013434976026906995,5.0924775907182452e-06,3.5778841675788673e-06,2.5949907636890988e-06,4.4683036221877362e-06,7.8905899791424418e-06,1.148585002189554e-05
2068,8.8000000000000007,76826.037439462787,7.7156107890295544,24.613396019857596,1,0.069215687311721494,2.6235948307996408e-05,1.8432910582402499e-05,1.3369139544170876e-05,2.3020264845115666e-05,4.0651550669499909e-05,5.9173980067597978e-05
2069,8.9000000000000004,95247.524430516263,8.7907321704794228,6.1080266326643367,1,0.075986895299216095,2.4200773195974615e-05,0,1.2260012120737373e-05,2.2769387310055448e-05,3.5515519514022541e-05,4.9654887600530451e-05
2070,8.9000000000000004,95677.822545413655,8.7511970370400132,9.5162381319256149,1,0.048789786300869352,1.5538870852637526e-05,0,7.8719280352412986e-06,1.4619804331850263e-05,2.2803861121450386e-05,3.188248901713663e-05
2071,8.9000000000000004,96712.643198775113,8.6575596475939207,13.447913220594018,1,0.043124900464266244,1.3734683212480908e-05,0,6.9579340005348433e-06,1.2922327692319837e-05,2.0156149793301635e-05,2.8180676114020606e-05
2072,8.9000000000000004,98887.837898424332,8.4671229037277342,18.214826459547229,1,0.050407696616260315,1.6054152868569666e-05,0,8.1329677842513358e-06,1.5104609329593748e-05,2.3560056320003248e-05,3.293973914615073e-05
2073,8.9000000000000004,102460.09845327344,8.1719175543415048,24.227543203401545,1,0.081690736142019618,2.6017367465803254e-05,0,1.3180291302985386e-05,2.4478536773174078e-05,3.8181438024836562e-05,5.338215629371057e-05
2074,8.9000000000000004,96665.985182002536,8.6617384139147386,6.0370492972425112,0,0.015716475119315131,5.0054795409787894e-06,0,2.5357553391190948e-06,4.7094240096453564e-06,7.345724240919797e-06,1.0270189385329145e-05
2075,8.9000000000000004,96269.306251459784,8.6974292198887415,9.3431689842157262,0,0.010006330384940134,3.1868775690381938e-06,0,1.6144590632423732e-06,2.9983855925408312e-06,4.6768593538491924e-06,6.5388013104293888e-06
2076,8.9000000000000004,96994.586432263153,8.6323939094744766,13.139052431972051,0,0.008812318959851911,2.8066014756647535e-06,0,1.4218127590837725e-06,2.6406014182643298e-06,4.1187902828507865e-06,5.7585548893452976e-06
2077,8.9000000000000004,99360.556338999304,8.4268396637511902,17.791324078671177,0,0.010308486850278091,3.283110216240674e-06,0,1.6632101263410221e-06,3.0889264359379201e-06,4.8180842821574423e-06,6.7362504266888417e-06
2078,8.9000000000000004,103324.03502721798,8.1035886466232263,23.80139102831016,0,0.016727843873233828,5.3275864744796556e-06,0,2.6989333862383088e-06,5.0124795138949237e-06,7.8184279429756798e-06,1.0931084946343592e-05
2079,8.9000000000000004,97561.136749861354,8.5822644657843643,5.9726548202067811,0,0.013023136839389512,4.1476886206384934e-06,0,2.1012019884773995e-06,3.9023682375791223e-06,6.0868847020506652e-06,8.5101831496053347e-06
2080,8.9000000000000004,96968.12420154651,8.6347496568002118,9.2195168244512757,0,0.0082743460498943891,2.6352645585793311e-06,0,1.3350141818983771e-06,2.47939844371318e-06,3.8673470924641278e-06,5.4070076354289154e-06
2081,8.9000000000000004,97574.051948214154,8.5811284911509578,12.93899121812243,0,0.0072716208099803115,2.3159104645150329e-06,0,1.1732307119104579e-06,2.1789329586677943e-06,3.3986832829330295e-06,4.7517603209270149e-06
2082,8.9000000000000004,99835.118345971045,8.3867830382919966,17.52330080562507,0,0.0084812523313557812,2.7011613421069678e-06,0,1.368397221284111e-06,2.5413976771458217e-06,3.9640530316643011e-06,5.5422139510620684e-06
2083,8.9000000000000004,103588.35968400008,8.0829108572050306,23.531588565422222,0,0.013681948100130393,4.3575108779811832e-06,0,2.2074970806792358e-06,4.0997802873933192e-06,6.3948065363980929e-06,8.9406942130358954e-06
2084,8.9000000000000004,97652.949336092948,8.5741954837240755,5.8652251194027141,0,0.011613379295139807,3.6987003779243156e-06,0,1.8737463921966992e-06,3.4799359824922991e-06,5.4279780395835981e-06,7.5889538754249337e-06
2085,8.9000000000000004,97123.730573179055,8.620915529382323,9.0683533898981779,0,0.0073796788347831131,2.3503254480455494e-06,0,1.1906652009576629e-06,2.2113124236927321e-06,3.4491885295735016e-06,4.8223726160443519e-06
2086,8.9000000000000004,97663.147745536276,8.5733001290461992,12.75126667773165,0,0.0064717500850803187,2.061162722510574e-06,0,1.0441765540365007e-06,1.9392525998176726e-06,3.0248316572412754e-06,4.2290716285746414e-06
2087,8.9000000000000004,99741.951972743409,8.3946169150436596,17.31689671736347,0,0.0075155741556642581,2.3936062246332558e-06,0,1.2125910642870404e-06,2.2520333030309747e-06,3.5127046516839472e-06,4.911175650531022e-06
2088,8.9000000000000004,102882.08736633684,8.1383990022331947,23.347339692181123,0,0.011992709963270386,3.8195119393068002e-06,0,1.934949032082636e-06,3.5936019885481665e-06,5.6052734231258413e-06,7.8368337449114867e-06
2089,8.9000000000000004,96260.870892491861,8.6981913773145738,5.6858370973807268,0,0.010733640101260789,3.4185156352941576e-06,0,1.7318059544728835e-06,3.2163231271652046e-06,5.0167966854247181e-06,7.0140738172539749e-06
2090,8.9000000000000004,95754.222844941833,8.7442146392407771,8.8468910951634037,0,0.0068139583797680791,2.1701513223593849e-06,0,1.0993897302581128e-06,2.0417949286202495e-06,3.1847764124518349e-06,4.4526932720406465e-06
2091,8.9000000000000004,96254.703554558233,8.6987486974626211,12.527545213797817,0,0.0059602260430289319,1.8982494033490596e-06,0,9.6164533689828348e-07,1.7859749986469706e-06,2.7857504047985909e-06,3.8948078227826891e-06
2092,8.9000000000000004,98301.951155896182,8.5175875689588789,17.127749054204084,0,0.0068972288574281268,2.1966718156080684e-06,0,1.1128249030124641e-06,2.0667468331541685e-06,3.2236962059587543e-06,4.5071077364344141e-06
2093,8.9000000000000004,101155.05999652483,8.2773464540343245,23.216164956867843,0,0.010903698693366624,3.4726769403635927e-06,0,1.7592438487603553e-06,3.2672809921209065e-06,5.096280380905093e-06,7.1252014037051457e-06
2094,8.9000000000000004,102818.79463126496,8.1434088015972588,5.3399266687486113,0,0.011797302594602573,3.7572774001625128e-06,0,1.9034212706322548e-06,3.5350483913401734e-06,5.5139419614602785e-06,7.7091415831340093e-06
2095,8.9000000000000004,102796.82707947896,8.1451490377470126,8.4504129582256677,0,0.0075334134201522343,2.3992877831724812e-06,0,1.2154693184647694e-06,2.2573788184761547e-06,3.5210425465741607e-06,4.9228330115738505e-06
2096,8.9000000000000004,103559.01620077729,8.0852011528048831,12.190415405105108,0,0.0066112794936551656,2.1056009056708641e-06,0,1.0666887547731005e-06,1.981062429426758e-06,3.0900463158150558e-06,4.3202494174877255e-06
2097,8.9000000000000004,96698.173828103376,8.6588551161089367,16.954367408365719,0,0.0066733134172070642,2.1253578507128263e-06,0,1.0766975418362956e-06,1.9996508245198017e-06,3.1190403550340995e-06,4.3607865060114779e-06
2098,8.9000000000000004,99059.560245743778,8.452444923970269,23.133377643811372,0,0.010406460746046963,3.3143135444105113e-06,0,1.679017603997694e-06,3.1182842030930608e-06,4.8638763071288861e-06,6.8002730816878755e-06
2099,8.9000000000000004,101177.60168737111,8.2755023167778301,5.1627840145493673,0,0.012138936739405692,3.8660831412291087e-06,0,1.9585418113472167e-06,3.6374186767786161e-06,5.6736183647221018e-06,7.9323880389064604e-06
2100,8.9000000000000004,101696.05306529392,8.2333134072792262,8.2813148419641625,0,0.0078135764421147572,2.4885158234248881e-06,0,1.260671876504779e-06,2.341329351418722e-06,3.6519879580748744e-06,5.1059101502119593e-06
2101,8.9000000000000004,102807.312573061,8.1443183000706494,12.098477383287889,0,0.0069129914729991653,2.2016919902435491e-06,0,1.115368102825991e-06,2.0714700830980335e-06,3.2310634957881499e-06,4.5174080770574683e-06
2102,8.9000000000000004,95638.081897838201,8.7548334361648283,16.850174388856079,0,0.0067930253715370254,2.1634844493082572e-06,0,1.0960123198029858e-06,2.035522376358434e-06,3.174992532489511e-06,4.4390142532208758e-06
2103,8.9000000000000004,97324.145513005962,8.6031628919667398,23.131280787886396,0,0.010476704158784317,3.336685097998456e-06,0,1.6903509409918007e-06,3.1393325623436772e-06,4.8967073799866653e-06,6.8461747960613407e-06
2104,8.9000000000000004,100290.10722831101,8.3487344894721875,5.0915058521457937,0,0.013314548634925472,4.2404992393988346e-06,0,2.1482194660480824e-06,3.9896894528116841e-06,6.2230876785010075e-06,8.7006109845080209e-06
2105,8.9000000000000004,101164.50382524241,8.2765737537373596,8.2589625518754737,0,0.0086364217904841695,2.7505806646430595e-06,0,1.3934328467323049e-06,2.5878940302297793e-06,4.036577694396659e-06,5.6436119884699046e-06
2106,8.9000000000000004,102473.47147887088,8.170851100155291,12.180895359938949,0,0.0077115704990424411,2.4560283440613237e-06,0,1.2442138531373373e-06,2.3107633858453796e-06,3.6043113942744255e-06,5.0392526875284666e-06
2107,8.9000000000000004,94634.302338498033,8.8476953544280033,16.917518023422396,0,0.0072929019557686822,2.3226882145539947e-06,0,1.1766642921913896e-06,2.1853098299552592e-06,3.4086298789289766e-06,4.7656668359645224e-06
2108,8.9000000000000004,96098.260940939363,8.7129097755936922,23.274282686324273,0,0.011167501620232214,3.5566945170308456e-06,0,1.8018068073879266e-06,3.3463292410548358e-06,5.2195792465852619e-06,7.2975877688885248e-06
2109,8.9000000000000004,99426.313545193945,8.4212664365683629,5.0933242280843647,0,0.015712894457141385,5.0043391496939903e-06,0,2.5351776215866503e-06,4.7083510682711967e-06,7.3440506750134124e-06,1.0267849542688217e-05
2110,8.9000000000000004,100594.38638752828,8.3234811328763385,8.3366815337947759,0,0.010213672855112011,3.252913272625816e-06,0,1.6479124789588731e-06,3.0605155294276695e-06,4.7737691633167056e-06,6.6742926607557794e-06
2111,8.9000000000000004,102129.3609461187,8.198381634950243,12.386668698224964,0,0.009129090671569676,2.9074888763144991e-06,0,1.4729219011256186e-06,2.7355217037236757e-06,4.266846232033891e-06,5.9655545789422423e-06
2112,8.9000000000000004,104164.40867858293,8.038210822599515,17.476871153270352,0,0.010746563797428603,3.4226316534388571e-06,0,1.7338911123285666e-06,3.2201956981179158e-06,5.0228370925453663e-06,7.0225190192597847e-06
2113,8.9000000000000004,95837.256065495705,8.7366386679273429,23.557836698388105,0,0.012794600534232941,4.0749029742930079e-06,0,2.0643290795341517e-06,3.8338875919884784e-06,5.9800691047889285e-06,8.3608423389233757e-06
2114,8.9000000000000004,97829.950713863975,8.5586823979786271,5.1177253813679391,1,0.073648643814054143,2.3456072499298842e-05,0,1.1882749812065138e-05,2.2068732894786637e-05,3.4422644013280526e-05,4.8126918676148195e-05
2115,8.9000000000000004,99591.987939745406,8.407257395810193,8.4500169247567651,1,0.048107526947431138,1.5321580702692937e-05,0,7.7618497393759167e-06,1.4415366087556013e-05,2.2484979881662329e-05,3.1436655411539448e-05
2116,8.9000000000000004,101618.97098938591,8.2395587065855995,12.638052856950338,1,0.043135617901158989,1.3738096567618818e-05,0,6.9596631922025755e-06,1.292553916017388e-05,2.0161159016768468e-05,2.8187679599584524e-05
2117,8.9000000000000004,103979.47144887313,8.0525075334852385,17.855819842927655,1,0.050795897738780675,1.617778954675666e-05,0,8.195601616685762e-06,1.5220933357283763e-05,2.3741497665750395e-05,3.3193415560080317e-05
2118,8.9000000000000004,96345.421306368633,8.6905580547242582,23.954434663774581,0,0.015637831436862284,4.980432617889708e-06,0,2.5230666709442118e-06,4.6858585190669261e-06,7.3089669654999986e-06,1.0218798376428058e-05
2119,8.9000000000000004,96527.594034966605,8.6741567065947827,24.395519240169779,1,0.076212092939478587,2.4272495523815496e-05,0,1.2296346356901488e-05,2.2836867528483325e-05,3.5620774652500831e-05,4.9802046705677549e-05
2120,9,123628.6664027017,9.5666428495859535,5.8133336478666235,1,0.084616316677205122,2.2969147769254068e-05,0,1.1907081237867958e-05,1.9412516629052963e-05,3.0347492160213495e-05,5.4230457459216748e-05
2121,9,124412.65614608602,9.5063583889448289,9.1738587895757924,1,0.054092157854413327,1.468334732242655e-05,0,7.6117673658747909e-06,1.2409721376267783e-05,1.940005664248041e-05,3.4667574536380668e-05
2122,9,125899.25275513856,9.3941089526997317,13.132854742707362,1,0.047393812056170999,1.2865077507677718e-05,0,6.6691861863693861e-06,1.0872999449555088e-05,1.6997706781589818e-05,3.0374615788903522e-05
2123,9,128390.61493642101,9.2118204903912293,17.977855830439616,1,0.054944210107993961,1.4914637396116224e-05,0,7.7316668817210788e-06,1.2605197605805815e-05,1.9705643674639615e-05,3.5213653416971812e-05
2124,9,122161.65504877725,9.6815264738596998,24.110288023071039,1,0.084924479505146921,2.3052798745920763e-05,0,1.1950445449061312e-05,1.948321476691563e-05,3.0458014212842057e-05,5.4427958506147946e-05
2125,9,123646.20228361059,9.5652860791667251,5.6995782178472032,0,0.018681620418800969,5.0711365942042891e-06,0,2.6288496204609703e-06,4.2859023091385142e-06,6.7001300867587328e-06,1.1973019639413641e-05
2126,9,124029.02985788605,9.535761900261722,8.9732162822327339,0,0.011863682620269114,3.2204034622781129e-06,0,1.6694396339504247e-06,2.7217438100779758e-06,4.2548887667060043e-06,7.6034145766767008e-06
2127,9,125362.01705025301,9.4343671653842964,12.838551075678144,0,0.010325785366159836,2.8029403692162743e-06,0,1.4530290377526549e-06,2.3689223071867513e-06,3.7033246394190978e-06,6.6177787691789856e-06
2128,9,128019.66773495471,9.2385124752383945,17.620680693540393,0,0.011959380215866768,3.2463806295758823e-06,0,1.6829060561464744e-06,2.7436985729281088e-06,4.2892105399312557e-06,7.6647470074749555e-06
2129,9,122680.79514986979,9.640557806952792,23.802204462996414,0,0.018233043739604646,4.9493701969548411e-06,0,2.5657265826078875e-06,4.1829906889421011e-06,6.5392488549852361e-06,1.1685527587364696e-05
2130,9,123200.6620235727,9.599877776784659,5.6019298379211753,0,0.01648159791100344,4.473939220675746e-06,0,2.3192657511297717e-06,3.7811772727151847e-06,5.9110959095518127e-06,1.0563028851542656e-05
2131,9,123224.47800149064,9.5980223785646395,8.8006784257647563,0,0.010398376096572286,2.82264516468595e-06,0,1.4632438965184238e-06,2.3855759363753453e-06,3.7293591763571662e-06,6.6643020482834559e-06
2132,9,124359.84634652881,9.5103952939088341,12.586671697220275,0,0.0089854385110740165,2.4391024454507413e-06,0,1.2644174375655359e-06,2.0614224462283539e-06,3.2226116129722554e-06,5.7587526857982151e-06
2133,9,127051.77158806944,9.3088926085963646,17.317408941354319,0,0.010392750454356349,2.8211180808748249e-06,0,1.4624522645789731e-06,2.3842853120920571e-06,3.7273415497368112e-06,6.6606965834883387e-06
2134,9,121990.02029045619,9.6951479689013702,23.513696269717666,0,0.015574628336968053,4.2277418088017745e-06,0,2.1916383522734575e-06,3.5731020145451479e-06,5.5858128776444938e-06,9.9817535510688388e-06
2135,9,122392.17476905682,9.6632917886860401,5.5012728852590849,0,0.015787516400002571,4.2855303958044917e-06,0,2.2215956413716635e-06,3.6219423945814227e-06,5.6621648045262688e-06,1.011819315869216e-05
2136,9,122313.05933803023,9.6695422700257687,8.6501627313963088,0,0.0099074045157133538,2.6893706470267446e-06,0,1.3941551116558864e-06,2.2729381573737449e-06,3.55327308816399e-06,6.3496391738519642e-06
2137,9,123367.52427482368,9.5868933448850608,12.398184973523282,0,0.0084984787275461209,2.3069169324815936e-06,0,1.1958931868094964e-06,1.9497050462441746e-06,3.0479643487888318e-06,5.4466609656433364e-06
2138,9,126042.30044472098,9.3834474083084594,17.117842984507156,0,0.0098146791607219928,2.6642002961489351e-06,0,1.3811069387023866e-06,2.2516652803874848e-06,3.5200173037697327e-06,6.29021164714417e-06
2139,9,120649.3825375296,9.8028789917541044,23.29002373882803,0,0.014364402650721317,3.8992253510647684e-06,0,2.0213372079059153e-06,3.2954543080301619e-06,5.1517675780178346e-06,9.2061219096630214e-06
2140,9,121268.36478002749,9.7528427928471757,5.411733971761068,0,0.016040014659339588,4.354071193347311e-06,0,2.2571268179154899e-06,3.6798700715433675e-06,5.7527228581807353e-06,1.0280018875636786e-05
2141,9,121252.85891033646,9.7540899907344834,8.5559426560721761,0,0.010007394808191886,2.7165130693587375e-06,0,1.4082255957220027e-06,2.2958777426890472e-06,3.5891344295252027e-06,6.4137227869839037e-06
2142,9,122299.93120930193,9.6705802345970451,12.327698883985114,0,0.0085060303287566724,2.3089668189681599e-06,0,1.1969558368115408e-06,1.9514375204268438e-06,3.0506727171926292e-06,5.4515007743738446e-06
2143,9,124900.56961754615,9.4692226069648378,17.085104727622255,0,0.0098044286215323139,2.6614177813975491e-06,0,1.3796644981937898e-06,2.249313620916942e-06,3.5163409660382828e-06,6.2836420935250905e-06
2144,9,119174.1015870487,9.9242308663964369,23.204847625088149,0,0.013974707213429728,3.7934423007542613e-06,0,1.9664998501471434e-06,3.2060511118883592e-06,5.0120039994022299e-06,8.9563667482003449e-06
2145,9,120573.03716344465,9.8090860549694092,5.3453820758523216,0,0.017744124364349488,4.8166527516856547e-06,0,2.4969265810415338e-06,4.0708237231001123e-06,6.3638987866983539e-06,1.1372179968111679e-05
2146,9,120871.83890959095,9.7848374618499108,8.5231719971161741,0,0.010957525040151149,2.9744264666194698e-06,0,1.5419264976609424e-06,2.513854838029146e-06,3.9298969549795064e-06,7.0226596817620614e-06
2147,9,121956.39397185422,9.6978211549794278,12.36693568493838,0,0.0091289241370052492,2.478051701034047e-06,0,1.284608519752995e-06,2.0943406493456788e-06,3.2740724786663117e-06,5.8507123862275888e-06
2148,9,124339.00132036224,9.5119896805184325,17.199093158806718,0,0.010377953087324032,2.8171013270936627e-06,0,1.4603700012723289e-06,2.3808905279078571e-06,3.7220345002499123e-06,6.6512129754223468e-06
2149,9,127681.6448327033,9.2629704057691136,23.435531161880132,0,0.01691213916554183,4.5908098915414791e-06,0,2.3798508710611766e-06,3.8799512396216332e-06,6.0655087682040742e-06,1.0838962029746947e-05
2150,9,127564.16437690749,9.2715011556909914,5.3772005460294521,1,0.10828824249107531,2.9394905629594479e-05,0,1.5238159152755116e-05,2.4843285439948945e-05,3.8837386441408402e-05,6.9401755575678598e-05
2151,9,120325.68410127629,9.8292505567621244,8.5372680458807402,0,0.013586242067885924,3.6879932138454227e-06,0,1.9118356171988388e-06,3.1169301669712653e-06,4.8726816627436946e-06,8.7074000786847384e-06
2152,9,121805.18488711229,9.7098600403700175,12.482148638800822,0,0.010822707093575157,2.9378300575762299e-06,0,1.52295511831898e-06,2.4829251576486452e-06,3.8815447371397858e-06,6.9362550827008752e-06
2153,9,124259.14015254326,9.5181030223879795,17.419391894596892,0,0.012006309030037436,3.2591194831404257e-06,0,1.6895098085274558e-06,2.7544648934351234e-06,4.3060414760445048e-06,7.6948236068878386e-06
2154,9,127405.31877226756,9.2830606197792065,23.688453440948201,0,0.019222947323136071,5.2180800933473493e-06,0,2.7050243309574156e-06,4.4100925119837517e-06,6.8942760225608246e-06,1.2319955157406739e-05
2155,9,121131.82973503595,9.7638358145197586,12.644524539045475,1,0.051815835809373351,1.4065438395683831e-05,0,7.2914467400404313e-06,1.1887491843150768e-05,1.8583657771332412e-05,3.3208683501239769e-05
2156,9,123848.73646366723,9.5496436315457967,17.705138496504894,1,0.055977451771390241,1.5195111439183291e-05,0,7.8770630997028015e-06,1.2842241969826378e-05,2.0076213967827193e-05,3.587585629074683e-05
2157,9,127099.04602467979,9.3054301699132917,24.009928664390351,1,0.087587261661593502,2.3775612491903999e-05,0,1.2325148162445857e-05,2.0094105253779496e-05,3.1413016318705263e-05,5.613453118774091e-05
2158,9.0999999999999996,155339.9285086758,10.754634227848248,7.614756859581246,1,0.092059073965534366,1.9708846462582513e-05,0,1.0476271384978876e-05,1.924600039287886e-05,2.9545485811303477e-05,4.0215337270774101e-05
2159,9.0999999999999996,156824.05022689662,10.652856559142602,11.327685463975579,1,0.06370714973007513,1.3639007851294299e-05,0,7.2498381852680931e-06,1.3318706955419256e-05,2.0446204891580946e-05,2.783000526285823e-05
2160,9.0999999999999996,151603.62928442593,11.01968415912142,12.774428095855114,1,0.047829902317666817,1.0239861867958158e-05,0,5.4430162656698534e-06,9.999387123335699e-06,1.5350553067823849e-05,2.0894145144815173e-05
2161,9.0999999999999996,154690.96340839856,10.799752456646749,17.69219483879208,1,0.053880006358554874,1.1535123339620959e-05,0,6.1315147385464129e-06,1.1264230443305257e-05,1.7292276522090734e-05,2.3537089115973056e-05
2162,9.0999999999999996,149427.09367813676,11.18019544493985,23.938453862625618,1,0.084948723684516225,1.8186597802594558e-05,0,9.667117480018949e-06,1.7759500492247504e-05,2.7263486391888615e-05,3.7109232436702643e-05
2163,9.0999999999999996,155240.16396064789,10.761545655893498,7.4509540933678808,0,0.019932545619841771,4.2673412224085558e-06,0,2.268312598767974e-06,4.1671262191293951e-06,6.3971612837934536e-06,8.7073876613959141e-06
2164,9.0999999999999996,149527.6659232807,11.172675650190811,8.7131347028956156,0,0.013117322225121407,2.8082760188520693e-06,0,1.4927439692260558e-06,2.7423259633561077e-06,4.2098800367003083e-06,5.7302068622825121e-06
2165,9.0999999999999996,151407.2447049967,11.033977372390366,12.61786233360276,0,0.011042503781860991,2.3640799567532534e-06,0,1.2566307850515845e-06,2.3085614808989822e-06,3.5439867549654544e-06,4.8238375075073525e-06
2166,9.0999999999999996,154618.28619660469,10.804828802504153,17.493607495817102,0,0.012180740351807022,2.6077640264361788e-06,0,1.3861614732651815e-06,2.5465228303752095e-06,3.9092929760538577e-06,5.3210678790777422e-06
2167,9.0999999999999996,149603.35388868299,11.167023122583098,23.668332090154628,0,0.018590831176603959,3.9800947531653003e-06,0,2.1156262418123566e-06,3.886625497262979e-06,5.9665507710226539e-06,8.1212694599888652e-06
2168,9.0999999999999996,154498.63471480555,10.81319660315943,7.3100618025829345,0,0.017128257247643004,3.6669735825476228e-06,0,1.9491861426416192e-06,3.58085772012962e-06,5.4971515537083842e-06,7.4823546707891982e-06
2169,9.0999999999999996,149841.92459738496,11.149243555031465,8.725607339179005,0,0.012224089209316105,2.6170445453483586e-06,0,1.3910945491254053e-06,2.5555854039240484e-06,3.9232053803319018e-06,5.340004512371307e-06
2170,9.0999999999999996,157443.4971915838,10.610943874411147,15.22637260770173,0,0.011297361041248526,2.4186421240527421e-06,0,1.285633399337878e-06,2.3618423005185329e-06,3.6257807728366443e-06,4.9351700486755591e-06
2171,9.0999999999999996,154692.59908032828,10.799638263388337,17.448178326152274,0,0.011086527713464871,2.3735050016867375e-06,0,1.2616406839681068e-06,2.3177651863942335e-06,3.5581158178652962e-06,4.8430690420120156e-06
2172,9.0999999999999996,149413.61203972247,11.181204237581511,23.522453869283414,0,0.016084167224377551,3.4434452645313338e-06,0,1.8303692790462621e-06,3.3625787810487105e-06,5.1620607729814127e-06,7.0262515337709993e-06
2173,9.0999999999999996,153430.16119304684,10.888498709122221,7.1854952932529406,0,0.015822467808886256,3.387418266028215e-06,0,1.8005880312031264e-06,3.307867530583088e-06,5.0780708300658534e-06,6.9119300464455128e-06
2174,9.0999999999999996,154181.92697808289,10.835408175488595,10.70873898138395,0,0.01081452232204182,2.3152716058287844e-06,0,1.2306866217993723e-06,2.2608993540032503e-06,3.470818269815915e-06,4.7242454640164098e-06
2175,9.0999999999999996,156223.93871616185,10.693777956310567,15.041312786260495,0,0.010246465576487772,2.1936568350311705e-06,0,1.1660420802876891e-06,2.1421406061995977e-06,3.288505850270332e-06,4.4760940040099027e-06
2176,9.0999999999999996,154663.358699426,10.801680023887293,17.530144346236987,0,0.011484533197537816,2.4587136469507153e-06,0,1.3069334865593984e-06,2.4009727766172637e-06,3.6858518994480925e-06,5.0169348445683565e-06
2177,9.0999999999999996,149271.46712448911,11.191851626256485,23.520560902150962,0,0.015341402861939489,3.2844274931528123e-06,0,1.7458431079606699e-06,3.2072954114087846e-06,4.9236776024123533e-06,6.7017803213043034e-06
2178,9.0999999999999996,152073.83207549376,10.985611983931328,7.1038806455429686,0,0.01533298396469711,3.2826250988207075e-06,0,1.7448850421397337e-06,3.2055353448270255e-06,4.9209756372685946e-06,6.6981025872421841e-06
2179,9.0999999999999996,152802.14800689169,10.933250179281226,10.633500319005211,0,0.010336326674615219,2.2128951187729335e-06,0,1.1762682232455012e-06,2.1609270946506206e-06,3.317345916603246e-06,4.515349171513221e-06
2180,9.0999999999999996,154800.45415528008,10.792113764828521,14.989644434913457,0,0.0097589457407753939,2.0892841406771517e-06,0,1.1105625942959517e-06,2.0402190188374493e-06,3.1320409873480551e-06,4.2631245076329809e-06
2181,9.0999999999999996,158623.9420253376,10.531979540793721,20.613303553402712,0,0.013458473477599276,2.8813127915022191e-06,0,1.5315667919020873e-06,2.8136475273952846e-06,4.3193692924076487e-06,5.8792363070483902e-06
2182,9.0999999999999996,149255.27484631032,11.193065798251776,23.673017223634702,0,0.016140365199189707,3.4554766397056651e-06,0,1.836764577304843e-06,3.3743276092600248e-06,5.1800969794726722e-06,7.0508012105562714e-06
2183,9.0999999999999996,151354.52406714208,11.037820787899292,7.0695710617761405,0,0.015976202742872678,3.4203312433085208e-06,0,1.8180829811349118e-06,3.3400075736277268e-06,5.1274105976209561e-06,6.9790880348354331e-06
2184,9.0999999999999996,152233.74862909326,10.974071959308196,10.642973652545017,0,0.010673089748447806,2.2849924301028158e-06,0,1.2145916736337888e-06,2.2313312598469331e-06,3.4254268280342766e-06,4.6624616723362294e-06
2185,9.0999999999999996,154128.25237054055,10.839181567273911,15.060444752455787,0,0.010033096907045732,2.1479769235915541e-06,0,1.1417608444481506e-06,2.0975334499572162e-06,3.2200272014634075e-06,4.3828854517726684e-06
2186,9.0999999999999996,157705.39113117949,10.593322778048075,20.723101796098032,0,0.013675763888380366,2.9278323051080076e-06,0,1.5562943197235e-06,2.859074568436642e-06,4.3891065868656457e-06,5.9741580434818693e-06
2187,9.0999999999999996,150228.80283973415,11.120531352920025,7.0734834929137502,0,0.018237166018306383,3.9043788893856865e-06,0,2.0753793436182246e-06,3.8126877583488224e-06,5.853045296045299e-06,7.9667734064310864e-06
2188,9.0999999999999996,160698.51570625568,10.396014578906723,7.1800096293352853,1,0.088695758356195517,1.8988797171466643e-05,0,1.0093527940373286e-05,1.8542860867893575e-05,2.8466061596675167e-05,3.8746097295274679e-05
2189,9.0999999999999996,151721.40016093536,11.011130337044243,10.716794334768636,0,0.0122141100524752,2.6149081164062526e-06,0,1.3899589266304654e-06,2.5534991472607178e-06,3.9200026646825773e-06,5.3356451902453296e-06
2190,9.0999999999999996,153871.83917789024,10.857244061140433,15.222896713724497,0,0.011391386166614425,2.4387718807365357e-06,0,1.2963334062780803e-06,2.3814993264018268e-06,3.6559572441798629e-06,4.9762442412090636e-06
2191,9.0999999999999996,157382.18096579227,10.615077906780455,20.932856523757412,0,0.01530169495537338,3.2759264622370006e-06,0,1.7413243702915111e-06,3.1989940202210151e-06,4.9109337267734914e-06,6.6844342109635645e-06
2192,9.0999999999999996,150424.60112743644,11.106056453329655,10.831715173166485,1,0.057897978360282563,1.2395327444027373e-05,0,6.5887577162794419e-06,1.2104233360918556e-05,1.8581806490768286e-05,2.5292310977693074e-05
2193,9.0999999999999996,153156.75011552614,10.907936547561587,15.441172850521243,1,0.055650465135101114,1.1914159307420779e-05,0,6.3329919620296746e-06,1.1634365062753435e-05,1.7860488458282145e-05,2.4310501162779708e-05
2194,9.0999999999999996,156888.37405734279,10.648488915311791,21.203215384117073,1,0.076407599197502327,1.635803594680853e-05,0,8.6951422666646869e-06,1.5973880909606044e-05,2.4522293574349272e-05,3.3378104291251963e-05
2195,9.1999999999999993,186617.01801304732,12.645252326963455,7.3108909993139779,1,0.10410032377641186,1.8716837209475596e-05,0,1.7894381199450584e-05,1.9032365779791228e-05,2.6514535657027015e-05,4.2481868089459212e-05
2196,9.1999999999999993,188719.2768394876,12.504389168932523,10.99334724474158,1,0.075433393634097776,1.3562633597952536e-05,0,1.2966663809383984e-05,1.3791272568360969e-05,1.921301810297577e-05,3.0783299817460463e-05
2197,9.1999999999999993,191598.64782085377,12.316471478895387,15.498743683904319,1,0.076715465492796231,1.3793145179469309e-05,0,1.3187046241756752e-05,1.4025670115703227e-05,1.9539564061519983e-05,3.1306495189065799e-05
2198,9.1999999999999993,195911.88401179569,12.0453095185302,21.167057789852084,1,0.10999119908693414,1.9775993898029026e-05,0,1.8906996382390133e-05,2.0109377739079738e-05,2.8014951965120526e-05,4.488585088984475e-05
2199,9.1999999999999993,186875.29086944708,12.627775830080502,7.2286497941651531,0,0.025233946400364023,4.536966358939075e-06,0,4.3376028015479982e-06,4.6134505690000268e-06,6.4271305537626431e-06,1.0297616217401719e-05
2200,9.1999999999999993,188651.03397331861,12.508912522653985,10.864159613592074,0,0.018269250309942281,3.2847408306316157e-06,0,3.1404026175407938e-06,3.3401150141299836e-06,4.6532102033661211e-06,7.4554223618672295e-06
2201,9.1999999999999993,191465.28985201087,12.325050055309978,15.328279202459537,0,0.01858095942353238,3.340784928518445e-06,0,3.1939840234344415e-06,3.3971039038041726e-06,4.732603063129519e-06,7.582626437372875e-06
2202,9.1999999999999993,196223.18234867716,12.026200232993908,20.988075001319594,0,0.026704072298959752,4.8012893324252071e-06,0,4.5903108843505005e-06,4.8822295009898439e-06,6.801574207197924e-06,1.0897553779874439e-05
2203,9.1999999999999993,187480.9391068244,12.586982402173005,7.2398778580446219,0,0.02420383443422305,4.3517561955278235e-06,0,4.1605311505526254e-06,4.425118131381064e-06,6.1647592232407698e-06,9.8772421102378932e-06
2204,9.1999999999999993,188988.62722681343,12.48656766234058,10.858787916344857,0,0.017503759900387134,3.1471086037441043e-06,0,3.0088182314775568e-06,3.2001625822156752e-06,4.4582384489760433e-06,7.1430365649477732e-06
2205,9.1999999999999993,191664.32720284333,12.31225088006601,15.29899590390229,0,0.0177918262984024,3.1989018324448345e-06,0,3.0583355600490731e-06,3.2528289415218103e-06,4.5316094674771189e-06,7.2605923830043457e-06
2206,9.1999999999999993,196673.73201701546,11.998650033631868,20.941970647956548,0,0.025601720585500542,4.6030907407213289e-06,0,4.4008215430985542e-06,4.6806896760648304e-06,6.5208032859097628e-06,1.0447699654733141e-05
2207,9.1999999999999993,187162.83450345183,12.608375415670174,7.2925352905521308,0,0.025328369550104625,4.5539432775344159e-06,0,4.3538337197067174e-06,4.6307136846057282e-06,6.4511802961632841e-06,1.0336148967794379e-05
2208,9.1999999999999993,197632.54736997336,11.940438519283077,7.3673772971558442,1,0.10956881206704104,1.9700050338931988e-05,0,1.8834389938207493e-05,2.0032153922941491e-05,2.7907369247855639e-05,4.4713480727958048e-05
2209,9.1999999999999993,188757.01861472492,12.501888928946974,10.927287553419877,0,0.01832157528029623,3.2941486587399028e-06,0,3.1493970464896854e-06,3.3496814394691792e-06,4.6665374653944556e-06,7.4767754413555856e-06
2210,9.1999999999999993,191590.33039989497,12.317006168082484,15.376477092992474,0,0.018636006082113261,3.3506821056857013e-06,0,3.2034462984463611e-06,3.4071679276521366e-06,4.7466235439387598e-06,7.6050901992879785e-06
2211,9.1999999999999993,196983.10372859487,11.979805560033453,21.013756801883819,0,0.026864124925053641,4.830066178057143e-06,0,4.6178232166795394e-06,4.9114914668832229e-06,6.8423398927176156e-06,1.0962868990264139e-05
2212,9.1999999999999993,187567.80805453163,12.581152948134877,11.012767884298034,1,0.074976216547957095,1.3480434918959219e-05,0,1.2888077108033982e-05,1.3707688183472244e-05,1.9096574294615594e-05,3.0596732322159812e-05
2213,9.1999999999999993,190812.3337254778,12.36722613893264,15.508653465477749,1,0.076251885232587871,1.3709795234444332e-05,0,1.3107358863353145e-05,1.3940915056732166e-05,1.9421489353456742e-05,3.1117314649096031e-05
2214,9.1999999999999993,196486.19871507259,12.010101964985715,21.16416811878716,1,0.10992325867329467,1.9763778473370351e-05,0,1.8895317728410881e-05,2.009695638670821e-05,2.7997647422208e-05,4.4858125369063712e-05
2215,9.3000000000000007,230819.40418997384,14.441304642610824,7.4404115614192383,1,0.27155738162556736,3.8032149060666619e-05,0,0,4.4318186903697006e-05,5.4632761671512972e-05,8.1402265498191009e-05
2216,9.3000000000000007,234467.34864980404,14.216620576504818,11.228221213170857,1,0.1845252296928403,2.5843123833062866e-05,0,0,3.0114532586158094e-05,3.7123361684530934e-05,5.5313435593816487e-05
2217,9.3000000000000007,238788.97561608048,13.959326743344265,15.838430596108985,1,0.16910790521514929,2.3683897009095718e-05,0,0,2.7598423969750213e-05,3.4021656222650118e-05,5.0691925646665776e-05
2218,9.3000000000000007,232811.30969590048,14.317746580642295,21.40084127937731,1,0.18690219219446488,2.6176022138504806e-05,0,0,3.0502453060937627e-05,3.7601566420031126e-05,5.6025955840838459e-05
2219,9.3000000000000007,234085.43903841215,14.239814945458235,21.39278651197225,1,0.18790729127197808,2.6316788254704246e-05,0,0,3.0666485312638235e-05,3.7803775389749909e-05,5.6327245172286381e-05
2220,9.4000000000000004,279690.62747129996,16.834523647235986,9.5710848654433747,1,0.34745973115079143,4.0635217227327915e-05,0,0,4.9105674563215126e-05,5.9737344533025266e-05,9.4046365518469943e-05
2221,9.4000000000000004,284596.95895421656,16.544303563107736,13.840362706733625,1,0.29103215299815732,3.4036044171359567e-05,0,0,4.1130896363806714e-05,5.0035979525621771e-05,7.8773203869813758e-05
2222,9.4000000000000004,291171.25629577332,16.170753054322759,19.080484017678337,1,0.36150811585105125,4.2278167799175295e-05,0,0,5.1091100053947524e-05,6.2152626425382741e-05,9.784881916709531e-05
2223,9.5,329820.23777571239,20.165149440442775,12.046797052458244,1,0.49470900471121015,4.3402791097193439e-05,0,0,4.8889273823100518e-05,6.7542227904620873e-05,9.0625769944303959e-05
2224,9.5,336979.23963390931,19.73674814642899,16.904703909418121,1,0.50529099528878985,4.4331191271957331e-05,0,0,4.9935031692906765e-05,6.8986978682287982e-05,9.2564285383691115e-05
2225,9.5999999999999996,382202.5184554052,24.580188034469074,14.952291311591599,1,1,0.00010842200247180427,0,0,1.2380183760038768e-05,0.00029528520545122418,0.00060774115650845709
2226,9.6999999999999993,382202.5184554052,34.720438452574726,14.952291311591599,1,1,0,0,0,0,0,0
2227,9.8000000000000007,382202.5184554052,49.0439228800252,14.952291311591599,1,1,0,0,0,0,0,0
